pipeline_id,arrival_seconds,priority,operator_id,parents,baseline_cpu_seconds,cpu_scaling,memory_gb,storage_read_gb
p1,0.0,BATCH_PIPELINE,op1,,1,const,,55
p2,0.0,BATCH_PIPELINE,op1,,1,const,,55
p3,0.0,BATCH_PIPELINE,op1,,1,const,,55
p4,0.0,BATCH_PIPELINE,op1,,1,const,,55
p4,,,op2,op1,15,linear3,,37.5
p5,0.0,BATCH_PIPELINE,op1,,1,const,,55
p5,,,op2,op1,15,linear3,,37.5
p6,0.0,QUERY,op1,,15,linear3,,35
p7,0.0,BATCH_PIPELINE,op1,,1,const,,55
p8,0.0,INTERACTIVE,op1,,1,const,,55
p8,,,op2,op1,5,linear3,,45
p8,,,op3,op1,5,linear3,,45
p9,0.0,BATCH_PIPELINE,op1,,1,const,,55
p9,,,op2,op1,20,linear7,,30
p10,0.0,BATCH_PIPELINE,op1,,1,const,,55
p11,7.17,BATCH_PIPELINE,op1,,1,const,,55
p11,,,op2,op1,2,sqrt,,55
p11,,,op3,op2,2,sqrt,,55
p12,7.17,BATCH_PIPELINE,op1,,1,const,,55
p12,,,op2,op1,1,const,,55
p13,7.17,INTERACTIVE,op1,,1,const,,55
p14,7.17,INTERACTIVE,op1,,1,const,,55
p14,,,op2,op1,20,linear7,,30
p15,7.17,INTERACTIVE,op1,,1,const,,55
p15,,,op2,op1,20,linear7,,30
p16,7.17,BATCH_PIPELINE,op1,,1,const,,55
p17,7.17,BATCH_PIPELINE,op1,,1,const,,55
p18,7.17,BATCH_PIPELINE,op1,,1,const,,55
p18,,,op2,op1,5,linear3,,45
p19,7.17,BATCH_PIPELINE,op1,,1,const,,55
p19,,,op2,op1,20,linear7,,30
p20,7.17,QUERY,op1,,15,linear3,,35
p21,15.13,INTERACTIVE,op1,,1,const,,55
p22,15.13,INTERACTIVE,op1,,1,const,,55
p23,15.13,INTERACTIVE,op1,,1,const,,55
p23,,,op2,op1,15,linear3,,37.5
p24,15.13,BATCH_PIPELINE,op1,,1,const,,55
p25,15.13,INTERACTIVE,op1,,1,const,,55
p26,15.13,BATCH_PIPELINE,op1,,1,const,,55
p26,,,op2,op1,15,linear3,,37.5
p27,15.13,INTERACTIVE,op1,,1,const,,55
p27,,,op2,op1,15,linear3,,37.5
p28,15.13,INTERACTIVE,op1,,1,const,,55
p29,15.13,QUERY,op1,,15,linear3,,35
p30,15.13,INTERACTIVE,op1,,1,const,,55
p31,22.093,INTERACTIVE,op1,,1,const,,55
p31,,,op2,,40,linear7,,20
p31,,,op3,op1;op2,2,sqrt,,55
p32,22.093,INTERACTIVE,op1,,1,const,,55
p33,22.093,BATCH_PIPELINE,op1,,1,const,,55
p34,22.093,BATCH_PIPELINE,op1,,1,const,,55
p35,22.093,BATCH_PIPELINE,op1,,1,const,,55
p36,22.093,BATCH_PIPELINE,op1,,1,const,,55
p36,,,op2,op1,2,sqrt,,55
p36,,,op3,op2,15,linear3,,37.5
p37,22.093,QUERY,op1,,15,linear3,,35
p38,22.093,BATCH_PIPELINE,op1,,1,const,,55
p38,,,op2,op1,80,squared,,10
p39,22.093,BATCH_PIPELINE,op1,,1,const,,55
p40,22.093,BATCH_PIPELINE,op1,,1,const,,55
p41,30.593,BATCH_PIPELINE,op1,,1,const,,55
p42,30.593,QUERY,op1,,15,linear3,,35
p43,30.593,BATCH_PIPELINE,op1,,1,const,,55
p43,,,op2,op1,2,sqrt,,55
p43,,,op3,op1,1,const,,55
p44,30.593,INTERACTIVE,op1,,1,const,,55
p45,30.593,BATCH_PIPELINE,op1,,1,const,,55
p46,30.593,BATCH_PIPELINE,op1,,1,const,,55
p47,30.593,INTERACTIVE,op1,,1,const,,55
p48,30.593,BATCH_PIPELINE,op1,,1,const,,55
p48,,,op2,,40,linear7,,20
p48,,,op3,op1;op2,5,linear3,,45
p49,30.593,INTERACTIVE,op1,,1,const,,55
p50,30.593,INTERACTIVE,op1,,1,const,,55
p51,37.562,BATCH_PIPELINE,op1,,1,const,,55
p51,,,op2,op1,15,linear3,,37.5
p52,37.562,BATCH_PIPELINE,op1,,1,const,,55
p52,,,op2,op1,1,const,,55
p53,37.562,BATCH_PIPELINE,op1,,1,const,,55
p53,,,op2,op1,15,linear3,,37.5
p54,37.562,BATCH_PIPELINE,op1,,1,const,,55
p54,,,op2,op1,15,linear3,,37.5
p55,37.562,BATCH_PIPELINE,op1,,1,const,,55
p55,,,op2,op1,80,squared,,10
p55,,,op3,op2,15,linear3,,37.5
p56,37.562,BATCH_PIPELINE,op1,,1,const,,55
p57,37.562,BATCH_PIPELINE,op1,,1,const,,55
p58,37.562,BATCH_PIPELINE,op1,,1,const,,55
p59,37.562,BATCH_PIPELINE,op1,,1,const,,55
p60,37.562,INTERACTIVE,op1,,1,const,,55
p60,,,op2,op1,15,linear3,,37.5
p61,48.011,INTERACTIVE,op1,,1,const,,55
p62,48.011,BATCH_PIPELINE,op1,,1,const,,55
p63,48.011,BATCH_PIPELINE,op1,,1,const,,55
p64,48.011,INTERACTIVE,op1,,1,const,,55
p64,,,op2,op1,5,linear3,,45
p65,48.011,BATCH_PIPELINE,op1,,1,const,,55
p65,,,op2,op1,5,linear3,,45
p66,48.011,BATCH_PIPELINE,op1,,1,const,,55
p67,48.011,BATCH_PIPELINE,op1,,1,const,,55
p68,48.011,BATCH_PIPELINE,op1,,1,const,,55
p68,,,op2,op1,2,sqrt,,55
p68,,,op3,op2,5,linear3,,45
p69,48.011,BATCH_PIPELINE,op1,,1,const,,55
p70,48.011,INTERACTIVE,op1,,1,const,,55
p71,52.18,BATCH_PIPELINE,op1,,1,const,,55
p72,52.18,BATCH_PIPELINE,op1,,1,const,,55
p73,52.18,BATCH_PIPELINE,op1,,1,const,,55
p74,52.18,BATCH_PIPELINE,op1,,1,const,,55
p74,,,op2,op1,2,sqrt,,55
p74,,,op3,op2,80,squared,,10
p75,52.18,INTERACTIVE,op1,,1,const,,55
p76,52.18,INTERACTIVE,op1,,1,const,,55
p76,,,op2,op1,15,linear3,,37.5
p76,,,op3,op2,40,linear7,,20
p77,52.18,INTERACTIVE,op1,,1,const,,55
p78,52.18,INTERACTIVE,op1,,1,const,,55
p79,52.18,INTERACTIVE,op1,,1,const,,55
p80,52.18,BATCH_PIPELINE,op1,,1,const,,55
p80,,,op2,op1,15,linear3,,37.5
p81,61.181000000000004,BATCH_PIPELINE,op1,,1,const,,55
p81,,,op2,op1,80,squared,,10
p82,61.181000000000004,INTERACTIVE,op1,,1,const,,55
p82,,,op2,op1,5,linear3,,45
p82,,,op3,op2,2,sqrt,,55
p83,61.181000000000004,BATCH_PIPELINE,op1,,1,const,,55
p83,,,op2,op1,1,const,,55
p84,61.181000000000004,BATCH_PIPELINE,op1,,1,const,,55
p84,,,op2,op1,5,linear3,,45
p85,61.181000000000004,BATCH_PIPELINE,op1,,1,const,,55
p85,,,op2,op1,5,linear3,,45
p86,61.181000000000004,BATCH_PIPELINE,op1,,1,const,,55
p86,,,op2,op1,1,const,,55
p87,61.181000000000004,INTERACTIVE,op1,,1,const,,55
p87,,,op2,op1,5,linear3,,45
p88,61.181000000000004,BATCH_PIPELINE,op1,,1,const,,55
p88,,,op2,op1,1,const,,55
p89,61.181000000000004,INTERACTIVE,op1,,1,const,,55
p90,61.181000000000004,BATCH_PIPELINE,op1,,1,const,,55
p91,71.492,BATCH_PIPELINE,op1,,1,const,,55
p91,,,op2,op1,80,squared,,10
p91,,,op3,op2,20,linear7,,30
p92,71.492,BATCH_PIPELINE,op1,,1,const,,55
p93,71.492,INTERACTIVE,op1,,1,const,,55
p93,,,op2,op1,40,linear7,,20
p94,71.492,BATCH_PIPELINE,op1,,1,const,,55
p94,,,op2,op1,20,linear7,,30
p95,71.492,BATCH_PIPELINE,op1,,1,const,,55
p95,,,op2,op1,15,linear3,,37.5
p96,71.492,BATCH_PIPELINE,op1,,1,const,,55
p97,71.492,BATCH_PIPELINE,op1,,1,const,,55
p98,71.492,INTERACTIVE,op1,,1,const,,55
p99,71.492,BATCH_PIPELINE,op1,,1,const,,55
p100,71.492,BATCH_PIPELINE,op1,,1,const,,55
p101,80.655,BATCH_PIPELINE,op1,,1,const,,55
p101,,,op2,op1,5,linear3,,45
p101,,,op3,op2,20,linear7,,30
p102,80.655,INTERACTIVE,op1,,1,const,,55
p102,,,op2,op1,40,linear7,,20
p102,,,op3,op2,5,linear3,,45
p103,80.655,BATCH_PIPELINE,op1,,1,const,,55
p103,,,op2,op1,15,linear3,,37.5
p103,,,op3,op1,15,linear3,,37.5
p104,80.655,INTERACTIVE,op1,,1,const,,55
p105,80.655,INTERACTIVE,op1,,1,const,,55
p105,,,op2,op1,15,linear3,,37.5
p106,80.655,BATCH_PIPELINE,op1,,1,const,,55
p107,80.655,BATCH_PIPELINE,op1,,1,const,,55
p107,,,op2,op1,40,linear7,,20
p108,80.655,BATCH_PIPELINE,op1,,1,const,,55
p108,,,op2,op1,80,squared,,10
p109,80.655,BATCH_PIPELINE,op1,,1,const,,55
p110,80.655,BATCH_PIPELINE,op1,,1,const,,55
p110,,,op2,op1,1,const,,55
p111,86.839,BATCH_PIPELINE,op1,,1,const,,55
p112,86.839,BATCH_PIPELINE,op1,,1,const,,55
p112,,,op2,op1,1,const,,55
p113,86.839,BATCH_PIPELINE,op1,,1,const,,55
p114,86.839,INTERACTIVE,op1,,1,const,,55
p114,,,op2,op1,20,linear7,,30
p115,86.839,QUERY,op1,,15,linear3,,35
p116,86.839,INTERACTIVE,op1,,1,const,,55
p117,86.839,INTERACTIVE,op1,,1,const,,55
p118,86.839,QUERY,op1,,15,linear3,,35
p119,86.839,QUERY,op1,,15,linear3,,35
p120,86.839,QUERY,op1,,15,linear3,,35
p121,91.355,BATCH_PIPELINE,op1,,1,const,,55
p122,91.355,QUERY,op1,,15,linear3,,35
p123,91.355,BATCH_PIPELINE,op1,,1,const,,55
p124,91.355,BATCH_PIPELINE,op1,,1,const,,55
p124,,,op2,op1,2,sqrt,,55
p124,,,op3,op2,40,linear7,,20
p125,91.355,BATCH_PIPELINE,op1,,1,const,,55
p126,91.355,BATCH_PIPELINE,op1,,1,const,,55
p127,91.355,BATCH_PIPELINE,op1,,1,const,,55
p127,,,op2,op1,15,linear3,,37.5
p127,,,op3,op2,2,sqrt,,55
p128,91.355,QUERY,op1,,15,linear3,,35
p129,91.355,BATCH_PIPELINE,op1,,1,const,,55
p130,91.355,QUERY,op1,,15,linear3,,35
p131,99.154,BATCH_PIPELINE,op1,,1,const,,55
p132,99.154,BATCH_PIPELINE,op1,,1,const,,55
p132,,,op2,op1,40,linear7,,20
p133,99.154,INTERACTIVE,op1,,1,const,,55
p134,99.154,BATCH_PIPELINE,op1,,1,const,,55
p134,,,op2,op1,5,linear3,,45
p134,,,op3,op2,15,linear3,,37.5
p135,99.154,BATCH_PIPELINE,op1,,1,const,,55
p135,,,op2,op1,15,linear3,,37.5
p135,,,op3,op2,40,linear7,,20
p136,99.154,BATCH_PIPELINE,op1,,1,const,,55
p136,,,op2,op1,15,linear3,,37.5
p137,99.154,BATCH_PIPELINE,op1,,1,const,,55
p138,99.154,INTERACTIVE,op1,,1,const,,55
p139,99.154,BATCH_PIPELINE,op1,,1,const,,55
p139,,,op2,op1,15,linear3,,37.5
p139,,,op3,op2,5,linear3,,45
p140,99.154,BATCH_PIPELINE,op1,,1,const,,55
p140,,,op2,op1,5,linear3,,45
p141,110.548,BATCH_PIPELINE,op1,,1,const,,55
p141,,,op2,op1,15,linear3,,37.5
p142,110.548,BATCH_PIPELINE,op1,,1,const,,55
p142,,,op2,op1,15,linear3,,37.5
p143,110.548,BATCH_PIPELINE,op1,,1,const,,55
p144,110.548,BATCH_PIPELINE,op1,,1,const,,55
p144,,,op2,op1,15,linear3,,37.5
p145,110.548,INTERACTIVE,op1,,1,const,,55
p145,,,op2,op1,40,linear7,,20
p146,110.548,BATCH_PIPELINE,op1,,1,const,,55
p147,110.548,BATCH_PIPELINE,op1,,1,const,,55
p147,,,op2,op1,2,sqrt,,55
p147,,,op3,op2,1,const,,55
p148,110.548,INTERACTIVE,op1,,1,const,,55
p149,110.548,BATCH_PIPELINE,op1,,1,const,,55
p150,110.548,BATCH_PIPELINE,op1,,1,const,,55
p151,119.355,INTERACTIVE,op1,,1,const,,55
p151,,,op2,op1,5,linear3,,45
p152,119.355,BATCH_PIPELINE,op1,,1,const,,55
p152,,,op2,op1,2,sqrt,,55
p152,,,op3,op2,40,linear7,,20
p153,119.355,INTERACTIVE,op1,,1,const,,55
p153,,,op2,op1,80,squared,,10
p153,,,op3,op2,15,linear3,,37.5
p154,119.355,BATCH_PIPELINE,op1,,1,const,,55
p154,,,op2,op1,2,sqrt,,55
p154,,,op3,op2,5,linear3,,45
p155,119.355,QUERY,op1,,15,linear3,,35
p156,119.355,INTERACTIVE,op1,,1,const,,55
p156,,,op2,op1,40,linear7,,20
p157,119.355,BATCH_PIPELINE,op1,,1,const,,55
p158,119.355,BATCH_PIPELINE,op1,,1,const,,55
p158,,,op2,op1,5,linear3,,45
p159,119.355,BATCH_PIPELINE,op1,,1,const,,55
p159,,,op2,op1,20,linear7,,30
p160,119.355,INTERACTIVE,op1,,1,const,,55
p160,,,op2,op1,20,linear7,,30
p161,132.934,BATCH_PIPELINE,op1,,1,const,,55
p162,132.934,BATCH_PIPELINE,op1,,1,const,,55
p163,132.934,BATCH_PIPELINE,op1,,1,const,,55
p164,132.934,BATCH_PIPELINE,op1,,1,const,,55
p164,,,op2,op1,40,linear7,,20
p165,132.934,INTERACTIVE,op1,,1,const,,55
p166,132.934,BATCH_PIPELINE,op1,,1,const,,55
p166,,,op2,op1,15,linear3,,37.5
p167,132.934,INTERACTIVE,op1,,1,const,,55
p168,132.934,BATCH_PIPELINE,op1,,1,const,,55
p168,,,op2,op1,5,linear3,,45
p168,,,op3,op2,15,linear3,,37.5
p169,132.934,BATCH_PIPELINE,op1,,1,const,,55
p170,132.934,BATCH_PIPELINE,op1,,1,const,,55
p170,,,op2,op1,1,const,,55
p171,140.05,BATCH_PIPELINE,op1,,1,const,,55
p171,,,op2,op1,15,linear3,,37.5
p171,,,op3,op1,80,squared,,10
p172,140.05,BATCH_PIPELINE,op1,,1,const,,55
p173,140.05,QUERY,op1,,15,linear3,,35
p174,140.05,BATCH_PIPELINE,op1,,1,const,,55
p175,140.05,BATCH_PIPELINE,op1,,1,const,,55
p176,140.05,BATCH_PIPELINE,op1,,1,const,,55
p176,,,op2,op1,2,sqrt,,55
p176,,,op3,op2,20,linear7,,30
p177,140.05,BATCH_PIPELINE,op1,,1,const,,55
p177,,,op2,op1,20,linear7,,30
p178,140.05,INTERACTIVE,op1,,1,const,,55
p178,,,op2,op1,20,linear7,,30
p179,140.05,BATCH_PIPELINE,op1,,1,const,,55
p180,140.05,QUERY,op1,,15,linear3,,35
p181,147.669,BATCH_PIPELINE,op1,,1,const,,55
p182,147.669,BATCH_PIPELINE,op1,,1,const,,55
p183,147.669,BATCH_PIPELINE,op1,,1,const,,55
p184,147.669,INTERACTIVE,op1,,1,const,,55
p185,147.669,BATCH_PIPELINE,op1,,1,const,,55
p186,147.669,INTERACTIVE,op1,,1,const,,55
p187,147.669,INTERACTIVE,op1,,1,const,,55
p187,,,op2,op1,1,const,,55
p188,147.669,BATCH_PIPELINE,op1,,1,const,,55
p188,,,op2,op1,5,linear3,,45
p188,,,op3,op2,5,linear3,,45
p189,147.669,BATCH_PIPELINE,op1,,1,const,,55
p190,147.669,BATCH_PIPELINE,op1,,1,const,,55
p190,,,op2,op1,80,squared,,10
p190,,,op3,op2,1,const,,55
p191,157.991,QUERY,op1,,15,linear3,,35
p192,157.991,BATCH_PIPELINE,op1,,1,const,,55
p192,,,op2,op1,5,linear3,,45
p193,157.991,BATCH_PIPELINE,op1,,1,const,,55
p194,157.991,INTERACTIVE,op1,,1,const,,55
p195,157.991,INTERACTIVE,op1,,1,const,,55
p195,,,op2,op1,1,const,,55
p196,157.991,BATCH_PIPELINE,op1,,1,const,,55
p196,,,op2,op1,1,const,,55
p197,157.991,INTERACTIVE,op1,,1,const,,55
p197,,,op2,op1,20,linear7,,30
p198,157.991,BATCH_PIPELINE,op1,,1,const,,55
p198,,,op2,op1,20,linear7,,30
p199,157.991,BATCH_PIPELINE,op1,,1,const,,55
p199,,,op2,op1,5,linear3,,45
p199,,,op3,op2,5,linear3,,45
p200,157.991,BATCH_PIPELINE,op1,,1,const,,55
p200,,,op2,op1,5,linear3,,45
p200,,,op3,op2,15,linear3,,37.5
p201,166.439,QUERY,op1,,15,linear3,,35
p202,166.439,BATCH_PIPELINE,op1,,1,const,,55
p203,166.439,INTERACTIVE,op1,,1,const,,55
p204,166.439,BATCH_PIPELINE,op1,,1,const,,55
p204,,,op2,op1,2,sqrt,,55
p204,,,op3,op2,15,linear3,,37.5
p205,166.439,QUERY,op1,,15,linear3,,35
p206,166.439,BATCH_PIPELINE,op1,,1,const,,55
p207,166.439,INTERACTIVE,op1,,1,const,,55
p207,,,op2,op1,40,linear7,,20
p208,166.439,BATCH_PIPELINE,op1,,1,const,,55
p209,166.439,BATCH_PIPELINE,op1,,1,const,,55
p210,166.439,BATCH_PIPELINE,op1,,1,const,,55
p211,177.978,INTERACTIVE,op1,,1,const,,55
p212,177.978,INTERACTIVE,op1,,1,const,,55
p212,,,op2,op1,2,sqrt,,55
p213,177.978,BATCH_PIPELINE,op1,,1,const,,55
p213,,,op2,op1,20,linear7,,30
p214,177.978,INTERACTIVE,op1,,1,const,,55
p214,,,op2,op1,40,linear7,,20
p215,177.978,QUERY,op1,,15,linear3,,35
p216,177.978,INTERACTIVE,op1,,1,const,,55
p217,177.978,BATCH_PIPELINE,op1,,1,const,,55
p218,177.978,QUERY,op1,,15,linear3,,35
p219,177.978,BATCH_PIPELINE,op1,,1,const,,55
p219,,,op2,op1,5,linear3,,45
p219,,,op3,op2,2,sqrt,,55
p220,177.978,INTERACTIVE,op1,,1,const,,55
p221,191.588,BATCH_PIPELINE,op1,,1,const,,55
p221,,,op2,,20,linear7,,30
p221,,,op3,op1;op2,20,linear7,,30
p222,191.588,BATCH_PIPELINE,op1,,1,const,,55
p222,,,op2,op1,20,linear7,,30
p222,,,op3,op2,20,linear7,,30
p223,191.588,QUERY,op1,,15,linear3,,35
p224,191.588,INTERACTIVE,op1,,1,const,,55
p224,,,op2,op1,2,sqrt,,55
p225,191.588,BATCH_PIPELINE,op1,,1,const,,55
p225,,,op2,op1,15,linear3,,37.5
p225,,,op3,op2,40,linear7,,20
p226,191.588,INTERACTIVE,op1,,1,const,,55
p226,,,op2,op1,20,linear7,,30
p227,191.588,BATCH_PIPELINE,op1,,1,const,,55
p228,191.588,QUERY,op1,,15,linear3,,35
p229,191.588,BATCH_PIPELINE,op1,,1,const,,55
p229,,,op2,op1,15,linear3,,37.5
p230,191.588,BATCH_PIPELINE,op1,,1,const,,55
p231,200.249,QUERY,op1,,15,linear3,,35
p232,200.249,BATCH_PIPELINE,op1,,1,const,,55
p232,,,op2,op1,1,const,,55
p233,200.249,QUERY,op1,,15,linear3,,35
p234,200.249,BATCH_PIPELINE,op1,,1,const,,55
p234,,,op2,op1,15,linear3,,37.5
p234,,,op3,op1,2,sqrt,,55
p235,200.249,BATCH_PIPELINE,op1,,1,const,,55
p235,,,op2,op1,40,linear7,,20
p236,200.249,BATCH_PIPELINE,op1,,1,const,,55
p237,200.249,BATCH_PIPELINE,op1,,1,const,,55
p237,,,op2,op1,5,linear3,,45
p238,200.249,BATCH_PIPELINE,op1,,1,const,,55
p239,200.249,BATCH_PIPELINE,op1,,1,const,,55
p240,200.249,INTERACTIVE,op1,,1,const,,55
p241,212.484,BATCH_PIPELINE,op1,,1,const,,55
p241,,,op2,op1,1,const,,55
p242,212.484,BATCH_PIPELINE,op1,,1,const,,55
p242,,,op2,op1,5,linear3,,45
p243,212.484,BATCH_PIPELINE,op1,,1,const,,55
p244,212.484,BATCH_PIPELINE,op1,,1,const,,55
p245,212.484,BATCH_PIPELINE,op1,,1,const,,55
p246,212.484,INTERACTIVE,op1,,1,const,,55
p246,,,op2,op1,80,squared,,10
p246,,,op3,op2,15,linear3,,37.5
p247,212.484,BATCH_PIPELINE,op1,,1,const,,55
p248,212.484,INTERACTIVE,op1,,1,const,,55
p248,,,op2,op1,5,linear3,,45
p248,,,op3,op2,40,linear7,,20
p249,212.484,BATCH_PIPELINE,op1,,1,const,,55
p250,212.484,INTERACTIVE,op1,,1,const,,55
p250,,,op2,op1,20,linear7,,30
p251,222.441,INTERACTIVE,op1,,1,const,,55
p251,,,op2,op1,1,const,,55
p252,222.441,BATCH_PIPELINE,op1,,1,const,,55
p252,,,op2,op1,20,linear7,,30
p253,222.441,INTERACTIVE,op1,,1,const,,55
p254,222.441,INTERACTIVE,op1,,1,const,,55
p254,,,op2,op1,40,linear7,,20
p255,222.441,BATCH_PIPELINE,op1,,1,const,,55
p256,222.441,INTERACTIVE,op1,,1,const,,55
p257,222.441,BATCH_PIPELINE,op1,,1,const,,55
p257,,,op2,op1,1,const,,55
p258,222.441,BATCH_PIPELINE,op1,,1,const,,55
p259,222.441,INTERACTIVE,op1,,1,const,,55
p260,222.441,BATCH_PIPELINE,op1,,1,const,,55
p261,230.523,INTERACTIVE,op1,,1,const,,55
p262,230.523,BATCH_PIPELINE,op1,,1,const,,55
p263,230.523,INTERACTIVE,op1,,1,const,,55
p263,,,op2,op1,15,linear3,,37.5
p264,230.523,INTERACTIVE,op1,,1,const,,55
p265,230.523,BATCH_PIPELINE,op1,,1,const,,55
p266,230.523,BATCH_PIPELINE,op1,,1,const,,55
p267,230.523,BATCH_PIPELINE,op1,,1,const,,55
p268,230.523,BATCH_PIPELINE,op1,,1,const,,55
p268,,,op2,op1,40,linear7,,20
p268,,,op3,op2,1,const,,55
p269,230.523,INTERACTIVE,op1,,1,const,,55
p270,230.523,BATCH_PIPELINE,op1,,1,const,,55
p271,239.142,BATCH_PIPELINE,op1,,1,const,,55
p272,239.142,INTERACTIVE,op1,,1,const,,55
p272,,,op2,op1,80,squared,,10
p273,239.142,INTERACTIVE,op1,,1,const,,55
p273,,,op2,op1,15,linear3,,37.5
p274,239.142,QUERY,op1,,15,linear3,,35
p275,239.142,INTERACTIVE,op1,,1,const,,55
p275,,,op2,op1,20,linear7,,30
p276,239.142,BATCH_PIPELINE,op1,,1,const,,55
p276,,,op2,op1,15,linear3,,37.5
p277,239.142,BATCH_PIPELINE,op1,,1,const,,55
p277,,,op2,op1,1,const,,55
p278,239.142,INTERACTIVE,op1,,1,const,,55
p278,,,op2,op1,5,linear3,,45
p279,239.142,INTERACTIVE,op1,,1,const,,55
p280,239.142,BATCH_PIPELINE,op1,,1,const,,55
p280,,,op2,op1,15,linear3,,37.5
p281,245.887,BATCH_PIPELINE,op1,,1,const,,55
p282,245.887,INTERACTIVE,op1,,1,const,,55
p283,245.887,INTERACTIVE,op1,,1,const,,55
p284,245.887,INTERACTIVE,op1,,1,const,,55
p284,,,op2,op1,2,sqrt,,55
p285,245.887,BATCH_PIPELINE,op1,,1,const,,55
p286,245.887,BATCH_PIPELINE,op1,,1,const,,55
p286,,,op2,op1,15,linear3,,37.5
p287,245.887,BATCH_PIPELINE,op1,,1,const,,55
p287,,,op2,op1,1,const,,55
p288,245.887,BATCH_PIPELINE,op1,,1,const,,55
p289,245.887,INTERACTIVE,op1,,1,const,,55
p289,,,op2,op1,80,squared,,10
p289,,,op3,op2,15,linear3,,37.5
p290,245.887,BATCH_PIPELINE,op1,,1,const,,55
p290,,,op2,op1,15,linear3,,37.5
p291,256.741,BATCH_PIPELINE,op1,,1,const,,55
p292,256.741,BATCH_PIPELINE,op1,,1,const,,55
p292,,,op2,op1,20,linear7,,30
p293,256.741,BATCH_PIPELINE,op1,,1,const,,55
p293,,,op2,op1,1,const,,55
p294,256.741,INTERACTIVE,op1,,1,const,,55
p295,256.741,INTERACTIVE,op1,,1,const,,55
p296,256.741,INTERACTIVE,op1,,1,const,,55
p297,256.741,BATCH_PIPELINE,op1,,1,const,,55
p297,,,op2,op1,20,linear7,,30
p298,256.741,BATCH_PIPELINE,op1,,1,const,,55
p299,256.741,INTERACTIVE,op1,,1,const,,55
p300,256.741,BATCH_PIPELINE,op1,,1,const,,55
p300,,,op2,op1,20,linear7,,30
p301,264.55400000000003,BATCH_PIPELINE,op1,,1,const,,55
p301,,,op2,op1,20,linear7,,30
p302,264.55400000000003,BATCH_PIPELINE,op1,,1,const,,55
p303,264.55400000000003,BATCH_PIPELINE,op1,,1,const,,55
p303,,,op2,op1,2,sqrt,,55
p304,264.55400000000003,BATCH_PIPELINE,op1,,1,const,,55
p304,,,op2,op1,20,linear7,,30
p305,264.55400000000003,BATCH_PIPELINE,op1,,1,const,,55
p306,264.55400000000003,BATCH_PIPELINE,op1,,1,const,,55
p307,264.55400000000003,BATCH_PIPELINE,op1,,1,const,,55
p307,,,op2,op1,20,linear7,,30
p308,264.55400000000003,BATCH_PIPELINE,op1,,1,const,,55
p308,,,op2,,40,linear7,,20
p308,,,op3,op1;op2,2,sqrt,,55
p309,264.55400000000003,QUERY,op1,,15,linear3,,35
p310,264.55400000000003,INTERACTIVE,op1,,1,const,,55
p310,,,op2,op1,15,linear3,,37.5
p311,273.112,INTERACTIVE,op1,,1,const,,55
p312,273.112,INTERACTIVE,op1,,1,const,,55
p312,,,op2,op1,80,squared,,10
p313,273.112,BATCH_PIPELINE,op1,,1,const,,55
p313,,,op2,op1,5,linear3,,45
p313,,,op3,op2,20,linear7,,30
p314,273.112,INTERACTIVE,op1,,1,const,,55
p314,,,op2,op1,1,const,,55
p315,273.112,BATCH_PIPELINE,op1,,1,const,,55
p315,,,op2,op1,5,linear3,,45
p316,273.112,BATCH_PIPELINE,op1,,1,const,,55
p316,,,op2,op1,2,sqrt,,55
p317,273.112,BATCH_PIPELINE,op1,,1,const,,55
p318,273.112,BATCH_PIPELINE,op1,,1,const,,55
p318,,,op2,op1,40,linear7,,20
p319,273.112,BATCH_PIPELINE,op1,,1,const,,55
p319,,,op2,op1,2,sqrt,,55
p320,273.112,BATCH_PIPELINE,op1,,1,const,,55
p321,285.046,INTERACTIVE,op1,,1,const,,55
p321,,,op2,,2,sqrt,,55
p321,,,op3,op1;op2,15,linear3,,37.5
p322,285.046,INTERACTIVE,op1,,1,const,,55
p322,,,op2,op1,5,linear3,,45
p323,285.046,BATCH_PIPELINE,op1,,1,const,,55
p324,285.046,QUERY,op1,,15,linear3,,35
p325,285.046,BATCH_PIPELINE,op1,,1,const,,55
p326,285.046,BATCH_PIPELINE,op1,,1,const,,55
p326,,,op2,op1,5,linear3,,45
p326,,,op3,op2,1,const,,55
p327,285.046,BATCH_PIPELINE,op1,,1,const,,55
p328,285.046,QUERY,op1,,15,linear3,,35
p329,285.046,INTERACTIVE,op1,,1,const,,55
p329,,,op2,op1,15,linear3,,37.5
p329,,,op3,op2,15,linear3,,37.5
p330,285.046,BATCH_PIPELINE,op1,,1,const,,55
p330,,,op2,op1,1,const,,55
p330,,,op3,op2,5,linear3,,45
p331,294.079,INTERACTIVE,op1,,1,const,,55
p331,,,op2,op1,40,linear7,,20
p332,294.079,BATCH_PIPELINE,op1,,1,const,,55
p332,,,op2,op1,15,linear3,,37.5
p333,294.079,BATCH_PIPELINE,op1,,1,const,,55
p333,,,op2,op1,15,linear3,,37.5
p334,294.079,BATCH_PIPELINE,op1,,1,const,,55
p335,294.079,INTERACTIVE,op1,,1,const,,55
p336,294.079,BATCH_PIPELINE,op1,,1,const,,55
p337,294.079,BATCH_PIPELINE,op1,,1,const,,55
p337,,,op2,op1,5,linear3,,45
p337,,,op3,op2,1,const,,55
p338,294.079,BATCH_PIPELINE,op1,,1,const,,55
p339,294.079,BATCH_PIPELINE,op1,,1,const,,55
p340,294.079,INTERACTIVE,op1,,1,const,,55
p340,,,op2,op1,1,const,,55
p341,305.003,BATCH_PIPELINE,op1,,1,const,,55
p341,,,op2,op1,1,const,,55
p342,305.003,BATCH_PIPELINE,op1,,1,const,,55
p342,,,op2,op1,5,linear3,,45
p343,305.003,BATCH_PIPELINE,op1,,1,const,,55
p343,,,op2,op1,20,linear7,,30
p343,,,op3,op1,80,squared,,10
p344,305.003,BATCH_PIPELINE,op1,,1,const,,55
p345,305.003,INTERACTIVE,op1,,1,const,,55
p346,305.003,BATCH_PIPELINE,op1,,1,const,,55
p346,,,op2,op1,2,sqrt,,55
p347,305.003,INTERACTIVE,op1,,1,const,,55
p348,305.003,INTERACTIVE,op1,,1,const,,55
p348,,,op2,op1,5,linear3,,45
p349,305.003,BATCH_PIPELINE,op1,,1,const,,55
p350,305.003,INTERACTIVE,op1,,1,const,,55
p351,311.314,BATCH_PIPELINE,op1,,1,const,,55
p352,311.314,BATCH_PIPELINE,op1,,1,const,,55
p352,,,op2,op1,20,linear7,,30
p353,311.314,INTERACTIVE,op1,,1,const,,55
p354,311.314,BATCH_PIPELINE,op1,,1,const,,55
p355,311.314,BATCH_PIPELINE,op1,,1,const,,55
p355,,,op2,op1,2,sqrt,,55
p356,311.314,INTERACTIVE,op1,,1,const,,55
p356,,,op2,op1,80,squared,,10
p357,311.314,BATCH_PIPELINE,op1,,1,const,,55
p358,311.314,BATCH_PIPELINE,op1,,1,const,,55
p358,,,op2,op1,5,linear3,,45
p358,,,op3,op2,1,const,,55
p359,311.314,INTERACTIVE,op1,,1,const,,55
p360,311.314,BATCH_PIPELINE,op1,,1,const,,55
p361,318.682,INTERACTIVE,op1,,1,const,,55
p361,,,op2,op1,80,squared,,10
p362,318.682,INTERACTIVE,op1,,1,const,,55
p362,,,op2,op1,40,linear7,,20
p363,318.682,BATCH_PIPELINE,op1,,1,const,,55
p364,318.682,BATCH_PIPELINE,op1,,1,const,,55
p364,,,op2,op1,20,linear7,,30
p365,318.682,QUERY,op1,,15,linear3,,35
p366,318.682,BATCH_PIPELINE,op1,,1,const,,55
p367,318.682,BATCH_PIPELINE,op1,,1,const,,55
p367,,,op2,op1,80,squared,,10
p368,318.682,BATCH_PIPELINE,op1,,1,const,,55
p369,318.682,BATCH_PIPELINE,op1,,1,const,,55
p370,318.682,QUERY,op1,,15,linear3,,35
p371,328.246,INTERACTIVE,op1,,1,const,,55
p372,328.246,BATCH_PIPELINE,op1,,1,const,,55
p372,,,op2,op1,5,linear3,,45
p373,328.246,BATCH_PIPELINE,op1,,1,const,,55
p373,,,op2,op1,1,const,,55
p374,328.246,BATCH_PIPELINE,op1,,1,const,,55
p375,328.246,BATCH_PIPELINE,op1,,1,const,,55
p376,328.246,BATCH_PIPELINE,op1,,1,const,,55
p377,328.246,BATCH_PIPELINE,op1,,1,const,,55
p377,,,op2,op1,5,linear3,,45
p377,,,op3,op2,1,const,,55
p378,328.246,BATCH_PIPELINE,op1,,1,const,,55
p379,328.246,INTERACTIVE,op1,,1,const,,55
p379,,,op2,op1,20,linear7,,30
p379,,,op3,op2,1,const,,55
p380,328.246,BATCH_PIPELINE,op1,,1,const,,55
p381,337.196,BATCH_PIPELINE,op1,,1,const,,55
p381,,,op2,op1,15,linear3,,37.5
p382,337.196,INTERACTIVE,op1,,1,const,,55
p383,337.196,INTERACTIVE,op1,,1,const,,55
p384,337.196,BATCH_PIPELINE,op1,,1,const,,55
p384,,,op2,op1,20,linear7,,30
p385,337.196,BATCH_PIPELINE,op1,,1,const,,55
p385,,,op2,op1,2,sqrt,,55
p385,,,op3,op2,20,linear7,,30
p386,337.196,QUERY,op1,,15,linear3,,35
p387,337.196,BATCH_PIPELINE,op1,,1,const,,55
p388,337.196,QUERY,op1,,15,linear3,,35
p389,337.196,BATCH_PIPELINE,op1,,1,const,,55
p389,,,op2,op1,5,linear3,,45
p390,337.196,BATCH_PIPELINE,op1,,1,const,,55
p391,347.821,BATCH_PIPELINE,op1,,1,const,,55
p391,,,op2,op1,5,linear3,,45
p392,347.821,BATCH_PIPELINE,op1,,1,const,,55
p393,347.821,QUERY,op1,,15,linear3,,35
p394,347.821,BATCH_PIPELINE,op1,,1,const,,55
p394,,,op2,op1,15,linear3,,37.5
p395,347.821,BATCH_PIPELINE,op1,,1,const,,55
p395,,,op2,op1,40,linear7,,20
p395,,,op3,op1,1,const,,55
p396,347.821,BATCH_PIPELINE,op1,,1,const,,55
p396,,,op2,op1,15,linear3,,37.5
p397,347.821,BATCH_PIPELINE,op1,,1,const,,55
p397,,,op2,op1,15,linear3,,37.5
p398,347.821,BATCH_PIPELINE,op1,,1,const,,55
p398,,,op2,op1,5,linear3,,45
p398,,,op3,op2,5,linear3,,45
p399,347.821,INTERACTIVE,op1,,1,const,,55
p399,,,op2,op1,2,sqrt,,55
p400,347.821,BATCH_PIPELINE,op1,,1,const,,55
p401,360.146,QUERY,op1,,15,linear3,,35
p402,360.146,INTERACTIVE,op1,,1,const,,55
p403,360.146,INTERACTIVE,op1,,1,const,,55
p404,360.146,BATCH_PIPELINE,op1,,1,const,,55
p404,,,op2,op1,5,linear3,,45
p404,,,op3,op2,5,linear3,,45
p405,360.146,INTERACTIVE,op1,,1,const,,55
p405,,,op2,op1,20,linear7,,30
p406,360.146,BATCH_PIPELINE,op1,,1,const,,55
p406,,,op2,op1,80,squared,,10
p407,360.146,BATCH_PIPELINE,op1,,1,const,,55
p407,,,op2,op1,2,sqrt,,55
p407,,,op3,op2,80,squared,,10
p408,360.146,BATCH_PIPELINE,op1,,1,const,,55
p408,,,op2,op1,5,linear3,,45
p409,360.146,BATCH_PIPELINE,op1,,1,const,,55
p409,,,op2,op1,15,linear3,,37.5
p410,360.146,BATCH_PIPELINE,op1,,1,const,,55
p410,,,op2,op1,20,linear7,,30
p411,370.824,BATCH_PIPELINE,op1,,1,const,,55
p412,370.824,BATCH_PIPELINE,op1,,1,const,,55
p412,,,op2,op1,5,linear3,,45
p413,370.824,BATCH_PIPELINE,op1,,1,const,,55
p414,370.824,BATCH_PIPELINE,op1,,1,const,,55
p414,,,op2,op1,80,squared,,10
p415,370.824,BATCH_PIPELINE,op1,,1,const,,55
p415,,,op2,op1,80,squared,,10
p416,370.824,BATCH_PIPELINE,op1,,1,const,,55
p417,370.824,BATCH_PIPELINE,op1,,1,const,,55
p418,370.824,BATCH_PIPELINE,op1,,1,const,,55
p419,370.824,BATCH_PIPELINE,op1,,1,const,,55
p419,,,op2,op1,40,linear7,,20
p419,,,op3,op2,2,sqrt,,55
p420,370.824,INTERACTIVE,op1,,1,const,,55
p420,,,op2,op1,15,linear3,,37.5
p421,376.93,BATCH_PIPELINE,op1,,1,const,,55
p422,376.93,INTERACTIVE,op1,,1,const,,55
p422,,,op2,op1,1,const,,55
p422,,,op3,op2,15,linear3,,37.5
p423,376.93,INTERACTIVE,op1,,1,const,,55
p423,,,op2,op1,5,linear3,,45
p423,,,op3,op1,80,squared,,10
p424,376.93,INTERACTIVE,op1,,1,const,,55
p424,,,op2,op1,20,linear7,,30
p425,376.93,BATCH_PIPELINE,op1,,1,const,,55
p426,376.93,BATCH_PIPELINE,op1,,1,const,,55
p426,,,op2,op1,2,sqrt,,55
p427,376.93,INTERACTIVE,op1,,1,const,,55
p428,376.93,QUERY,op1,,15,linear3,,35
p429,376.93,BATCH_PIPELINE,op1,,1,const,,55
p429,,,op2,op1,20,linear7,,30
p430,376.93,BATCH_PIPELINE,op1,,1,const,,55
p431,388.91200000000003,INTERACTIVE,op1,,1,const,,55
p432,388.91200000000003,INTERACTIVE,op1,,1,const,,55
p433,388.91200000000003,INTERACTIVE,op1,,1,const,,55
p433,,,op2,op1,40,linear7,,20
p434,388.91200000000003,INTERACTIVE,op1,,1,const,,55
p435,388.91200000000003,BATCH_PIPELINE,op1,,1,const,,55
p435,,,op2,op1,1,const,,55
p435,,,op3,op2,1,const,,55
p436,388.91200000000003,BATCH_PIPELINE,op1,,1,const,,55
p437,388.91200000000003,BATCH_PIPELINE,op1,,1,const,,55
p437,,,op2,op1,5,linear3,,45
p437,,,op3,op2,1,const,,55
p438,388.91200000000003,BATCH_PIPELINE,op1,,1,const,,55
p438,,,op2,op1,40,linear7,,20
p439,388.91200000000003,BATCH_PIPELINE,op1,,1,const,,55
p439,,,op2,op1,20,linear7,,30
p439,,,op3,op2,1,const,,55
p440,388.91200000000003,BATCH_PIPELINE,op1,,1,const,,55
p440,,,op2,op1,20,linear7,,30
p440,,,op3,op1,15,linear3,,37.5
p441,397.676,BATCH_PIPELINE,op1,,1,const,,55
p442,397.676,BATCH_PIPELINE,op1,,1,const,,55
p442,,,op2,op1,1,const,,55
p443,397.676,QUERY,op1,,15,linear3,,35
p444,397.676,BATCH_PIPELINE,op1,,1,const,,55
p445,397.676,BATCH_PIPELINE,op1,,1,const,,55
p446,397.676,BATCH_PIPELINE,op1,,1,const,,55
p447,397.676,INTERACTIVE,op1,,1,const,,55
p448,397.676,INTERACTIVE,op1,,1,const,,55
p449,397.676,INTERACTIVE,op1,,1,const,,55
p449,,,op2,op1,15,linear3,,37.5
p450,397.676,BATCH_PIPELINE,op1,,1,const,,55
p450,,,op2,op1,1,const,,55
p451,403.836,QUERY,op1,,15,linear3,,35
p452,403.836,BATCH_PIPELINE,op1,,1,const,,55
p453,403.836,INTERACTIVE,op1,,1,const,,55
p454,403.836,QUERY,op1,,15,linear3,,35
p455,403.836,INTERACTIVE,op1,,1,const,,55
p456,403.836,INTERACTIVE,op1,,1,const,,55
p457,403.836,BATCH_PIPELINE,op1,,1,const,,55
p458,403.836,BATCH_PIPELINE,op1,,1,const,,55
p458,,,op2,op1,15,linear3,,37.5
p459,403.836,BATCH_PIPELINE,op1,,1,const,,55
p459,,,op2,,15,linear3,,37.5
p459,,,op3,op1;op2,40,linear7,,20
p460,403.836,BATCH_PIPELINE,op1,,1,const,,55
p461,415.892,INTERACTIVE,op1,,1,const,,55
p461,,,op2,op1,5,linear3,,45
p462,415.892,INTERACTIVE,op1,,1,const,,55
p463,415.892,INTERACTIVE,op1,,1,const,,55
p464,415.892,INTERACTIVE,op1,,1,const,,55
p465,415.892,QUERY,op1,,15,linear3,,35
p466,415.892,INTERACTIVE,op1,,1,const,,55
p466,,,op2,op1,40,linear7,,20
p467,415.892,BATCH_PIPELINE,op1,,1,const,,55
p467,,,op2,,80,squared,,10
p467,,,op3,op1;op2,15,linear3,,37.5
p468,415.892,BATCH_PIPELINE,op1,,1,const,,55
p469,415.892,BATCH_PIPELINE,op1,,1,const,,55
p470,415.892,BATCH_PIPELINE,op1,,1,const,,55
p471,424.911,BATCH_PIPELINE,op1,,1,const,,55
p472,424.911,BATCH_PIPELINE,op1,,1,const,,55
p473,424.911,INTERACTIVE,op1,,1,const,,55
p473,,,op2,op1,40,linear7,,20
p474,424.911,INTERACTIVE,op1,,1,const,,55
p475,424.911,INTERACTIVE,op1,,1,const,,55
p475,,,op2,op1,15,linear3,,37.5
p476,424.911,INTERACTIVE,op1,,1,const,,55
p476,,,op2,op1,40,linear7,,20
p477,424.911,BATCH_PIPELINE,op1,,1,const,,55
p477,,,op2,op1,5,linear3,,45
p477,,,op3,op2,80,squared,,10
p478,424.911,BATCH_PIPELINE,op1,,1,const,,55
p479,424.911,BATCH_PIPELINE,op1,,1,const,,55
p479,,,op2,op1,15,linear3,,37.5
p480,424.911,BATCH_PIPELINE,op1,,1,const,,55
p480,,,op2,op1,5,linear3,,45
p481,430.278,BATCH_PIPELINE,op1,,1,const,,55
p481,,,op2,op1,5,linear3,,45
p482,430.278,INTERACTIVE,op1,,1,const,,55
p483,430.278,BATCH_PIPELINE,op1,,1,const,,55
p484,430.278,BATCH_PIPELINE,op1,,1,const,,55
p484,,,op2,op1,20,linear7,,30
p485,430.278,QUERY,op1,,15,linear3,,35
p486,430.278,BATCH_PIPELINE,op1,,1,const,,55
p487,430.278,BATCH_PIPELINE,op1,,1,const,,55
p487,,,op2,op1,20,linear7,,30
p488,430.278,BATCH_PIPELINE,op1,,1,const,,55
p488,,,op2,op1,15,linear3,,37.5
p488,,,op3,op2,1,const,,55
p489,430.278,BATCH_PIPELINE,op1,,1,const,,55
p489,,,op2,op1,15,linear3,,37.5
p490,430.278,BATCH_PIPELINE,op1,,1,const,,55
p491,441.58500000000004,BATCH_PIPELINE,op1,,1,const,,55
p492,441.58500000000004,BATCH_PIPELINE,op1,,1,const,,55
p493,441.58500000000004,BATCH_PIPELINE,op1,,1,const,,55
p494,441.58500000000004,INTERACTIVE,op1,,1,const,,55
p495,441.58500000000004,INTERACTIVE,op1,,1,const,,55
p496,441.58500000000004,QUERY,op1,,15,linear3,,35
p497,441.58500000000004,INTERACTIVE,op1,,1,const,,55
p498,441.58500000000004,BATCH_PIPELINE,op1,,1,const,,55
p498,,,op2,op1,15,linear3,,37.5
p499,441.58500000000004,BATCH_PIPELINE,op1,,1,const,,55
p500,441.58500000000004,INTERACTIVE,op1,,1,const,,55
p501,448.741,INTERACTIVE,op1,,1,const,,55
p502,448.741,BATCH_PIPELINE,op1,,1,const,,55
p503,448.741,BATCH_PIPELINE,op1,,1,const,,55
p504,448.741,INTERACTIVE,op1,,1,const,,55
p504,,,op2,op1,5,linear3,,45
p505,448.741,INTERACTIVE,op1,,1,const,,55
p506,448.741,BATCH_PIPELINE,op1,,1,const,,55
p506,,,op2,op1,2,sqrt,,55
p506,,,op3,op2,15,linear3,,37.5
p507,448.741,BATCH_PIPELINE,op1,,1,const,,55
p508,448.741,QUERY,op1,,15,linear3,,35
p509,448.741,BATCH_PIPELINE,op1,,1,const,,55
p510,448.741,INTERACTIVE,op1,,1,const,,55
p511,456.726,BATCH_PIPELINE,op1,,1,const,,55
p512,456.726,BATCH_PIPELINE,op1,,1,const,,55
p512,,,op2,op1,15,linear3,,37.5
p513,456.726,BATCH_PIPELINE,op1,,1,const,,55
p513,,,op2,op1,15,linear3,,37.5
p513,,,op3,op2,1,const,,55
p514,456.726,BATCH_PIPELINE,op1,,1,const,,55
p514,,,op2,op1,40,linear7,,20
p515,456.726,BATCH_PIPELINE,op1,,1,const,,55
p515,,,op2,op1,1,const,,55
p516,456.726,QUERY,op1,,15,linear3,,35
p517,456.726,BATCH_PIPELINE,op1,,1,const,,55
p518,456.726,QUERY,op1,,15,linear3,,35
p519,456.726,BATCH_PIPELINE,op1,,1,const,,55
p520,456.726,INTERACTIVE,op1,,1,const,,55
p521,465.04200000000003,BATCH_PIPELINE,op1,,1,const,,55
p521,,,op2,op1,20,linear7,,30
p522,465.04200000000003,BATCH_PIPELINE,op1,,1,const,,55
p522,,,op2,op1,1,const,,55
p523,465.04200000000003,INTERACTIVE,op1,,1,const,,55
p523,,,op2,op1,15,linear3,,37.5
p524,465.04200000000003,BATCH_PIPELINE,op1,,1,const,,55
p524,,,op2,op1,20,linear7,,30
p525,465.04200000000003,BATCH_PIPELINE,op1,,1,const,,55
p526,465.04200000000003,INTERACTIVE,op1,,1,const,,55
p526,,,op2,op1,20,linear7,,30
p527,465.04200000000003,BATCH_PIPELINE,op1,,1,const,,55
p527,,,op2,op1,5,linear3,,45
p527,,,op3,op1,20,linear7,,30
p528,465.04200000000003,INTERACTIVE,op1,,1,const,,55
p529,465.04200000000003,BATCH_PIPELINE,op1,,1,const,,55
p529,,,op2,op1,5,linear3,,45
p530,465.04200000000003,BATCH_PIPELINE,op1,,1,const,,55
p531,474.067,INTERACTIVE,op1,,1,const,,55
p532,474.067,INTERACTIVE,op1,,1,const,,55
p532,,,op2,op1,5,linear3,,45
p533,474.067,INTERACTIVE,op1,,1,const,,55
p534,474.067,INTERACTIVE,op1,,1,const,,55
p534,,,op2,op1,5,linear3,,45
p535,474.067,QUERY,op1,,15,linear3,,35
p536,474.067,BATCH_PIPELINE,op1,,1,const,,55
p536,,,op2,op1,20,linear7,,30
p537,474.067,BATCH_PIPELINE,op1,,1,const,,55
p537,,,op2,,15,linear3,,37.5
p537,,,op3,op1;op2,15,linear3,,37.5
p538,474.067,INTERACTIVE,op1,,1,const,,55
p538,,,op2,op1,20,linear7,,30
p539,474.067,INTERACTIVE,op1,,1,const,,55
p540,474.067,BATCH_PIPELINE,op1,,1,const,,55
p541,484.71000000000004,BATCH_PIPELINE,op1,,1,const,,55
p541,,,op2,op1,20,linear7,,30
p541,,,op3,op2,80,squared,,10
p542,484.71000000000004,BATCH_PIPELINE,op1,,1,const,,55
p542,,,op2,op1,15,linear3,,37.5
p543,484.71000000000004,BATCH_PIPELINE,op1,,1,const,,55
p543,,,op2,op1,20,linear7,,30
p544,484.71000000000004,INTERACTIVE,op1,,1,const,,55
p545,484.71000000000004,INTERACTIVE,op1,,1,const,,55
p546,484.71000000000004,BATCH_PIPELINE,op1,,1,const,,55
p546,,,op2,op1,2,sqrt,,55
p547,484.71000000000004,BATCH_PIPELINE,op1,,1,const,,55
p547,,,op2,op1,5,linear3,,45
p547,,,op3,op1,20,linear7,,30
p548,484.71000000000004,BATCH_PIPELINE,op1,,1,const,,55
p548,,,op2,op1,5,linear3,,45
p549,484.71000000000004,BATCH_PIPELINE,op1,,1,const,,55
p550,484.71000000000004,QUERY,op1,,15,linear3,,35
p551,487.147,BATCH_PIPELINE,op1,,1,const,,55
p552,487.147,BATCH_PIPELINE,op1,,1,const,,55
p553,487.147,QUERY,op1,,15,linear3,,35
p554,487.147,BATCH_PIPELINE,op1,,1,const,,55
p555,487.147,BATCH_PIPELINE,op1,,1,const,,55
p556,487.147,BATCH_PIPELINE,op1,,1,const,,55
p556,,,op2,op1,1,const,,55
p557,487.147,BATCH_PIPELINE,op1,,1,const,,55
p558,487.147,INTERACTIVE,op1,,1,const,,55
p558,,,op2,op1,2,sqrt,,55
p558,,,op3,op2,5,linear3,,45
p559,487.147,BATCH_PIPELINE,op1,,1,const,,55
p560,487.147,BATCH_PIPELINE,op1,,1,const,,55
p561,492.091,BATCH_PIPELINE,op1,,1,const,,55
p562,492.091,BATCH_PIPELINE,op1,,1,const,,55
p562,,,op2,op1,1,const,,55
p563,492.091,BATCH_PIPELINE,op1,,1,const,,55
p563,,,op2,op1,40,linear7,,20
p564,492.091,BATCH_PIPELINE,op1,,1,const,,55
p565,492.091,BATCH_PIPELINE,op1,,1,const,,55
p566,492.091,INTERACTIVE,op1,,1,const,,55
p567,492.091,INTERACTIVE,op1,,1,const,,55
p568,492.091,BATCH_PIPELINE,op1,,1,const,,55
p569,492.091,QUERY,op1,,15,linear3,,35
p570,492.091,BATCH_PIPELINE,op1,,1,const,,55
p571,496.832,QUERY,op1,,15,linear3,,35
p572,496.832,INTERACTIVE,op1,,1,const,,55
p572,,,op2,op1,5,linear3,,45
p573,496.832,INTERACTIVE,op1,,1,const,,55
p574,496.832,QUERY,op1,,15,linear3,,35
p575,496.832,BATCH_PIPELINE,op1,,1,const,,55
p576,496.832,INTERACTIVE,op1,,1,const,,55
p576,,,op2,op1,20,linear7,,30
p577,496.832,BATCH_PIPELINE,op1,,1,const,,55
p577,,,op2,op1,15,linear3,,37.5
p578,496.832,BATCH_PIPELINE,op1,,1,const,,55
p579,496.832,QUERY,op1,,15,linear3,,35
p580,496.832,BATCH_PIPELINE,op1,,1,const,,55
p580,,,op2,op1,1,const,,55
p581,508.35900000000004,QUERY,op1,,15,linear3,,35
p582,508.35900000000004,BATCH_PIPELINE,op1,,1,const,,55
p582,,,op2,op1,1,const,,55
p582,,,op3,op2,80,squared,,10
p583,508.35900000000004,BATCH_PIPELINE,op1,,1,const,,55
p584,508.35900000000004,INTERACTIVE,op1,,1,const,,55
p585,508.35900000000004,BATCH_PIPELINE,op1,,1,const,,55
p585,,,op2,op1,2,sqrt,,55
p586,508.35900000000004,INTERACTIVE,op1,,1,const,,55
p587,508.35900000000004,BATCH_PIPELINE,op1,,1,const,,55
p587,,,op2,op1,15,linear3,,37.5
p588,508.35900000000004,BATCH_PIPELINE,op1,,1,const,,55
p588,,,op2,op1,20,linear7,,30
p588,,,op3,op2,5,linear3,,45
p589,508.35900000000004,INTERACTIVE,op1,,1,const,,55
p589,,,op2,op1,40,linear7,,20
p590,508.35900000000004,BATCH_PIPELINE,op1,,1,const,,55
p590,,,op2,op1,20,linear7,,30
p591,521.672,BATCH_PIPELINE,op1,,1,const,,55
p592,521.672,BATCH_PIPELINE,op1,,1,const,,55
p592,,,op2,op1,1,const,,55
p593,521.672,QUERY,op1,,15,linear3,,35
p594,521.672,BATCH_PIPELINE,op1,,1,const,,55
p594,,,op2,op1,15,linear3,,37.5
p594,,,op3,op2,20,linear7,,30
p595,521.672,BATCH_PIPELINE,op1,,1,const,,55
p596,521.672,BATCH_PIPELINE,op1,,1,const,,55
p597,521.672,INTERACTIVE,op1,,1,const,,55
p597,,,op2,op1,15,linear3,,37.5
p598,521.672,BATCH_PIPELINE,op1,,1,const,,55
p599,521.672,INTERACTIVE,op1,,1,const,,55
p600,521.672,INTERACTIVE,op1,,1,const,,55
p601,529.3820000000001,INTERACTIVE,op1,,1,const,,55
p602,529.3820000000001,INTERACTIVE,op1,,1,const,,55
p603,529.3820000000001,QUERY,op1,,15,linear3,,35
p604,529.3820000000001,INTERACTIVE,op1,,1,const,,55
p604,,,op2,op1,40,linear7,,20
p605,529.3820000000001,BATCH_PIPELINE,op1,,1,const,,55
p606,529.3820000000001,BATCH_PIPELINE,op1,,1,const,,55
p606,,,op2,op1,15,linear3,,37.5
p607,529.3820000000001,BATCH_PIPELINE,op1,,1,const,,55
p607,,,op2,op1,20,linear7,,30
p608,529.3820000000001,BATCH_PIPELINE,op1,,1,const,,55
p609,529.3820000000001,BATCH_PIPELINE,op1,,1,const,,55
p610,529.3820000000001,QUERY,op1,,15,linear3,,35
p611,537.753,BATCH_PIPELINE,op1,,1,const,,55
p611,,,op2,op1,2,sqrt,,55
p611,,,op3,op1,15,linear3,,37.5
p612,537.753,BATCH_PIPELINE,op1,,1,const,,55
p612,,,op2,op1,15,linear3,,37.5
p613,537.753,INTERACTIVE,op1,,1,const,,55
p614,537.753,INTERACTIVE,op1,,1,const,,55
p614,,,op2,op1,20,linear7,,30
p615,537.753,BATCH_PIPELINE,op1,,1,const,,55
p616,537.753,BATCH_PIPELINE,op1,,1,const,,55
p616,,,op2,op1,5,linear3,,45
p617,537.753,BATCH_PIPELINE,op1,,1,const,,55
p617,,,op2,op1,80,squared,,10
p617,,,op3,op2,5,linear3,,45
p618,537.753,BATCH_PIPELINE,op1,,1,const,,55
p619,537.753,BATCH_PIPELINE,op1,,1,const,,55
p619,,,op2,op1,40,linear7,,20
p620,537.753,INTERACTIVE,op1,,1,const,,55
p621,547.641,BATCH_PIPELINE,op1,,1,const,,55
p622,547.641,BATCH_PIPELINE,op1,,1,const,,55
p623,547.641,INTERACTIVE,op1,,1,const,,55
p623,,,op2,op1,2,sqrt,,55
p624,547.641,BATCH_PIPELINE,op1,,1,const,,55
p624,,,op2,op1,2,sqrt,,55
p625,547.641,BATCH_PIPELINE,op1,,1,const,,55
p626,547.641,INTERACTIVE,op1,,1,const,,55
p626,,,op2,op1,20,linear7,,30
p626,,,op3,op2,80,squared,,10
p627,547.641,INTERACTIVE,op1,,1,const,,55
p628,547.641,INTERACTIVE,op1,,1,const,,55
p629,547.641,BATCH_PIPELINE,op1,,1,const,,55
p630,547.641,INTERACTIVE,op1,,1,const,,55
p630,,,op2,op1,20,linear7,,30
p631,555.801,INTERACTIVE,op1,,1,const,,55
p631,,,op2,op1,2,sqrt,,55
p632,555.801,BATCH_PIPELINE,op1,,1,const,,55
p632,,,op2,op1,5,linear3,,45
p633,555.801,INTERACTIVE,op1,,1,const,,55
p633,,,op2,op1,2,sqrt,,55
p634,555.801,INTERACTIVE,op1,,1,const,,55
p634,,,op2,op1,1,const,,55
p635,555.801,INTERACTIVE,op1,,1,const,,55
p635,,,op2,op1,2,sqrt,,55
p636,555.801,BATCH_PIPELINE,op1,,1,const,,55
p637,555.801,BATCH_PIPELINE,op1,,1,const,,55
p637,,,op2,op1,5,linear3,,45
p637,,,op3,op2,20,linear7,,30
p638,555.801,QUERY,op1,,15,linear3,,35
p639,555.801,BATCH_PIPELINE,op1,,1,const,,55
p639,,,op2,op1,40,linear7,,20
p640,555.801,QUERY,op1,,15,linear3,,35
p641,562.852,INTERACTIVE,op1,,1,const,,55
p641,,,op2,op1,5,linear3,,45
p642,562.852,BATCH_PIPELINE,op1,,1,const,,55
p642,,,op2,op1,15,linear3,,37.5
p643,562.852,BATCH_PIPELINE,op1,,1,const,,55
p644,562.852,BATCH_PIPELINE,op1,,1,const,,55
p644,,,op2,op1,15,linear3,,37.5
p645,562.852,BATCH_PIPELINE,op1,,1,const,,55
p646,562.852,BATCH_PIPELINE,op1,,1,const,,55
p647,562.852,BATCH_PIPELINE,op1,,1,const,,55
p648,562.852,INTERACTIVE,op1,,1,const,,55
p648,,,op2,,1,const,,55
p648,,,op3,op1;op2,40,linear7,,20
p649,562.852,INTERACTIVE,op1,,1,const,,55
p650,562.852,QUERY,op1,,15,linear3,,35
p651,571.729,BATCH_PIPELINE,op1,,1,const,,55
p652,571.729,BATCH_PIPELINE,op1,,1,const,,55
p653,571.729,INTERACTIVE,op1,,1,const,,55
p653,,,op2,op1,40,linear7,,20
p654,571.729,BATCH_PIPELINE,op1,,1,const,,55
p655,571.729,INTERACTIVE,op1,,1,const,,55
p656,571.729,INTERACTIVE,op1,,1,const,,55
p656,,,op2,op1,1,const,,55
p657,571.729,BATCH_PIPELINE,op1,,1,const,,55
p657,,,op2,op1,20,linear7,,30
p658,571.729,QUERY,op1,,15,linear3,,35
p659,571.729,INTERACTIVE,op1,,1,const,,55
p660,571.729,INTERACTIVE,op1,,1,const,,55
p661,583.509,INTERACTIVE,op1,,1,const,,55
p661,,,op2,op1,20,linear7,,30
p661,,,op3,op2,20,linear7,,30
p662,583.509,BATCH_PIPELINE,op1,,1,const,,55
p662,,,op2,op1,1,const,,55
p662,,,op3,op2,20,linear7,,30
p663,583.509,QUERY,op1,,15,linear3,,35
p664,583.509,BATCH_PIPELINE,op1,,1,const,,55
p665,583.509,QUERY,op1,,15,linear3,,35
p666,583.509,BATCH_PIPELINE,op1,,1,const,,55
p667,583.509,QUERY,op1,,15,linear3,,35
p668,583.509,QUERY,op1,,15,linear3,,35
p669,583.509,BATCH_PIPELINE,op1,,1,const,,55
p670,583.509,BATCH_PIPELINE,op1,,1,const,,55
p671,592.54,BATCH_PIPELINE,op1,,1,const,,55
p671,,,op2,op1,15,linear3,,37.5
p672,592.54,BATCH_PIPELINE,op1,,1,const,,55
p672,,,op2,op1,15,linear3,,37.5
p673,592.54,INTERACTIVE,op1,,1,const,,55
p673,,,op2,op1,15,linear3,,37.5
p674,592.54,BATCH_PIPELINE,op1,,1,const,,55
p674,,,op2,op1,15,linear3,,37.5
p674,,,op3,op2,1,const,,55
p675,592.54,INTERACTIVE,op1,,1,const,,55
p676,592.54,INTERACTIVE,op1,,1,const,,55
p676,,,op2,op1,1,const,,55
p677,592.54,INTERACTIVE,op1,,1,const,,55
p678,592.54,BATCH_PIPELINE,op1,,1,const,,55
p678,,,op2,op1,40,linear7,,20
p678,,,op3,op2,20,linear7,,30
p679,592.54,BATCH_PIPELINE,op1,,1,const,,55
p680,592.54,QUERY,op1,,15,linear3,,35
p681,603.367,BATCH_PIPELINE,op1,,1,const,,55
p682,603.367,INTERACTIVE,op1,,1,const,,55
p682,,,op2,op1,20,linear7,,30
p683,603.367,BATCH_PIPELINE,op1,,1,const,,55
p683,,,op2,op1,1,const,,55
p684,603.367,BATCH_PIPELINE,op1,,1,const,,55
p684,,,op2,op1,80,squared,,10
p685,603.367,BATCH_PIPELINE,op1,,1,const,,55
p686,603.367,BATCH_PIPELINE,op1,,1,const,,55
p686,,,op2,op1,40,linear7,,20
p686,,,op3,op2,5,linear3,,45
p687,603.367,QUERY,op1,,15,linear3,,35
p688,603.367,BATCH_PIPELINE,op1,,1,const,,55
p689,603.367,BATCH_PIPELINE,op1,,1,const,,55
p689,,,op2,op1,1,const,,55
p689,,,op3,op1,20,linear7,,30
p690,603.367,BATCH_PIPELINE,op1,,1,const,,55
p690,,,op2,op1,5,linear3,,45
p691,614.146,BATCH_PIPELINE,op1,,1,const,,55
p692,614.146,BATCH_PIPELINE,op1,,1,const,,55
p693,614.146,BATCH_PIPELINE,op1,,1,const,,55
p694,614.146,INTERACTIVE,op1,,1,const,,55
p695,614.146,BATCH_PIPELINE,op1,,1,const,,55
p696,614.146,BATCH_PIPELINE,op1,,1,const,,55
p697,614.146,BATCH_PIPELINE,op1,,1,const,,55
p697,,,op2,op1,2,sqrt,,55
p698,614.146,BATCH_PIPELINE,op1,,1,const,,55
p698,,,op2,op1,1,const,,55
p699,614.146,INTERACTIVE,op1,,1,const,,55
p700,614.146,BATCH_PIPELINE,op1,,1,const,,55
p701,619.315,BATCH_PIPELINE,op1,,1,const,,55
p701,,,op2,op1,2,sqrt,,55
p701,,,op3,op2,2,sqrt,,55
p702,619.315,BATCH_PIPELINE,op1,,1,const,,55
p703,619.315,BATCH_PIPELINE,op1,,1,const,,55
p703,,,op2,op1,15,linear3,,37.5
p703,,,op3,op2,40,linear7,,20
p704,619.315,INTERACTIVE,op1,,1,const,,55
p705,619.315,INTERACTIVE,op1,,1,const,,55
p706,619.315,BATCH_PIPELINE,op1,,1,const,,55
p706,,,op2,op1,2,sqrt,,55
p707,619.315,INTERACTIVE,op1,,1,const,,55
p708,619.315,BATCH_PIPELINE,op1,,1,const,,55
p708,,,op2,op1,15,linear3,,37.5
p709,619.315,BATCH_PIPELINE,op1,,1,const,,55
p710,619.315,BATCH_PIPELINE,op1,,1,const,,55
p710,,,op2,op1,5,linear3,,45
p710,,,op3,op2,20,linear7,,30
p711,630.158,INTERACTIVE,op1,,1,const,,55
p712,630.158,BATCH_PIPELINE,op1,,1,const,,55
p713,630.158,BATCH_PIPELINE,op1,,1,const,,55
p714,630.158,QUERY,op1,,15,linear3,,35
p715,630.158,INTERACTIVE,op1,,1,const,,55
p716,630.158,INTERACTIVE,op1,,1,const,,55
p717,630.158,INTERACTIVE,op1,,1,const,,55
p717,,,op2,op1,15,linear3,,37.5
p717,,,op3,op2,5,linear3,,45
p718,630.158,INTERACTIVE,op1,,1,const,,55
p718,,,op2,op1,2,sqrt,,55
p719,630.158,BATCH_PIPELINE,op1,,1,const,,55
p720,630.158,BATCH_PIPELINE,op1,,1,const,,55
p721,637.176,BATCH_PIPELINE,op1,,1,const,,55
p722,637.176,BATCH_PIPELINE,op1,,1,const,,55
p722,,,op2,op1,40,linear7,,20
p723,637.176,INTERACTIVE,op1,,1,const,,55
p723,,,op2,op1,40,linear7,,20
p724,637.176,INTERACTIVE,op1,,1,const,,55
p724,,,op2,op1,40,linear7,,20
p725,637.176,BATCH_PIPELINE,op1,,1,const,,55
p726,637.176,INTERACTIVE,op1,,1,const,,55
p726,,,op2,op1,20,linear7,,30
p726,,,op3,op2,40,linear7,,20
p727,637.176,QUERY,op1,,15,linear3,,35
p728,637.176,BATCH_PIPELINE,op1,,1,const,,55
p728,,,op2,op1,15,linear3,,37.5
p729,637.176,BATCH_PIPELINE,op1,,1,const,,55
p730,637.176,QUERY,op1,,15,linear3,,35
p731,646.663,BATCH_PIPELINE,op1,,1,const,,55
p731,,,op2,op1,15,linear3,,37.5
p732,646.663,BATCH_PIPELINE,op1,,1,const,,55
p732,,,op2,op1,5,linear3,,45
p733,646.663,BATCH_PIPELINE,op1,,1,const,,55
p734,646.663,QUERY,op1,,15,linear3,,35
p735,646.663,INTERACTIVE,op1,,1,const,,55
p736,646.663,INTERACTIVE,op1,,1,const,,55
p737,646.663,BATCH_PIPELINE,op1,,1,const,,55
p737,,,op2,op1,5,linear3,,45
p738,646.663,INTERACTIVE,op1,,1,const,,55
p739,646.663,QUERY,op1,,15,linear3,,35
p740,646.663,BATCH_PIPELINE,op1,,1,const,,55
p740,,,op2,op1,20,linear7,,30
p741,654.942,BATCH_PIPELINE,op1,,1,const,,55
p742,654.942,INTERACTIVE,op1,,1,const,,55
p742,,,op2,op1,20,linear7,,30
p742,,,op3,op2,1,const,,55
p743,654.942,BATCH_PIPELINE,op1,,1,const,,55
p744,654.942,BATCH_PIPELINE,op1,,1,const,,55
p745,654.942,INTERACTIVE,op1,,1,const,,55
p745,,,op2,,20,linear7,,30
p745,,,op3,op1;op2,15,linear3,,37.5
p746,654.942,BATCH_PIPELINE,op1,,1,const,,55
p746,,,op2,op1,2,sqrt,,55
p746,,,op3,op1,15,linear3,,37.5
p747,654.942,BATCH_PIPELINE,op1,,1,const,,55
p748,654.942,INTERACTIVE,op1,,1,const,,55
p748,,,op2,op1,15,linear3,,37.5
p749,654.942,BATCH_PIPELINE,op1,,1,const,,55
p749,,,op2,op1,2,sqrt,,55
p750,654.942,INTERACTIVE,op1,,1,const,,55
p750,,,op2,op1,40,linear7,,20
p750,,,op3,op2,15,linear3,,37.5
p751,664.707,BATCH_PIPELINE,op1,,1,const,,55
p751,,,op2,op1,80,squared,,10
p752,664.707,BATCH_PIPELINE,op1,,1,const,,55
p752,,,op2,op1,80,squared,,10
p753,664.707,BATCH_PIPELINE,op1,,1,const,,55
p753,,,op2,op1,2,sqrt,,55
p754,664.707,BATCH_PIPELINE,op1,,1,const,,55
p754,,,op2,op1,40,linear7,,20
p755,664.707,INTERACTIVE,op1,,1,const,,55
p755,,,op2,op1,20,linear7,,30
p755,,,op3,op2,40,linear7,,20
p756,664.707,BATCH_PIPELINE,op1,,1,const,,55
p757,664.707,QUERY,op1,,15,linear3,,35
p758,664.707,BATCH_PIPELINE,op1,,1,const,,55
p759,664.707,BATCH_PIPELINE,op1,,1,const,,55
p760,664.707,BATCH_PIPELINE,op1,,1,const,,55
p761,671.972,BATCH_PIPELINE,op1,,1,const,,55
p762,671.972,BATCH_PIPELINE,op1,,1,const,,55
p762,,,op2,op1,5,linear3,,45
p763,671.972,BATCH_PIPELINE,op1,,1,const,,55
p763,,,op2,op1,15,linear3,,37.5
p763,,,op3,op2,15,linear3,,37.5
p764,671.972,BATCH_PIPELINE,op1,,1,const,,55
p765,671.972,BATCH_PIPELINE,op1,,1,const,,55
p765,,,op2,op1,5,linear3,,45
p765,,,op3,op2,20,linear7,,30
p766,671.972,BATCH_PIPELINE,op1,,1,const,,55
p766,,,op2,op1,2,sqrt,,55
p767,671.972,BATCH_PIPELINE,op1,,1,const,,55
p767,,,op2,op1,80,squared,,10
p767,,,op3,op1,5,linear3,,45
p768,671.972,BATCH_PIPELINE,op1,,1,const,,55
p768,,,op2,op1,1,const,,55
p768,,,op3,op2,40,linear7,,20
p769,671.972,INTERACTIVE,op1,,1,const,,55
p770,671.972,QUERY,op1,,15,linear3,,35
p771,678.8340000000001,BATCH_PIPELINE,op1,,1,const,,55
p771,,,op2,op1,2,sqrt,,55
p772,678.8340000000001,INTERACTIVE,op1,,1,const,,55
p773,678.8340000000001,INTERACTIVE,op1,,1,const,,55
p774,678.8340000000001,QUERY,op1,,15,linear3,,35
p775,678.8340000000001,INTERACTIVE,op1,,1,const,,55
p775,,,op2,op1,5,linear3,,45
p776,678.8340000000001,BATCH_PIPELINE,op1,,1,const,,55
p777,678.8340000000001,BATCH_PIPELINE,op1,,1,const,,55
p777,,,op2,op1,20,linear7,,30
p778,678.8340000000001,INTERACTIVE,op1,,1,const,,55
p779,678.8340000000001,BATCH_PIPELINE,op1,,1,const,,55
p780,678.8340000000001,BATCH_PIPELINE,op1,,1,const,,55
p781,683.538,BATCH_PIPELINE,op1,,1,const,,55
p782,683.538,BATCH_PIPELINE,op1,,1,const,,55
p782,,,op2,op1,20,linear7,,30
p782,,,op3,op2,15,linear3,,37.5
p783,683.538,BATCH_PIPELINE,op1,,1,const,,55
p784,683.538,INTERACTIVE,op1,,1,const,,55
p784,,,op2,op1,20,linear7,,30
p785,683.538,BATCH_PIPELINE,op1,,1,const,,55
p785,,,op2,op1,15,linear3,,37.5
p786,683.538,BATCH_PIPELINE,op1,,1,const,,55
p787,683.538,BATCH_PIPELINE,op1,,1,const,,55
p788,683.538,BATCH_PIPELINE,op1,,1,const,,55
p788,,,op2,op1,40,linear7,,20
p789,683.538,INTERACTIVE,op1,,1,const,,55
p789,,,op2,op1,1,const,,55
p790,683.538,BATCH_PIPELINE,op1,,1,const,,55
p791,690.503,INTERACTIVE,op1,,1,const,,55
p791,,,op2,op1,2,sqrt,,55
p791,,,op3,op2,1,const,,55
p792,690.503,BATCH_PIPELINE,op1,,1,const,,55
p793,690.503,INTERACTIVE,op1,,1,const,,55
p794,690.503,BATCH_PIPELINE,op1,,1,const,,55
p794,,,op2,op1,20,linear7,,30
p794,,,op3,op2,2,sqrt,,55
p795,690.503,INTERACTIVE,op1,,1,const,,55
p795,,,op2,,40,linear7,,20
p795,,,op3,op1;op2,5,linear3,,45
p796,690.503,QUERY,op1,,15,linear3,,35
p797,690.503,BATCH_PIPELINE,op1,,1,const,,55
p798,690.503,QUERY,op1,,15,linear3,,35
p799,690.503,BATCH_PIPELINE,op1,,1,const,,55
p799,,,op2,op1,1,const,,55
p800,690.503,BATCH_PIPELINE,op1,,1,const,,55
p800,,,op2,op1,20,linear7,,30
p801,697.941,BATCH_PIPELINE,op1,,1,const,,55
p802,697.941,INTERACTIVE,op1,,1,const,,55
p803,697.941,INTERACTIVE,op1,,1,const,,55
p803,,,op2,op1,40,linear7,,20
p804,697.941,BATCH_PIPELINE,op1,,1,const,,55
p805,697.941,INTERACTIVE,op1,,1,const,,55
p805,,,op2,op1,5,linear3,,45
p805,,,op3,op2,20,linear7,,30
p806,697.941,BATCH_PIPELINE,op1,,1,const,,55
p806,,,op2,op1,20,linear7,,30
p806,,,op3,op2,40,linear7,,20
p807,697.941,QUERY,op1,,15,linear3,,35
p808,697.941,BATCH_PIPELINE,op1,,1,const,,55
p808,,,op2,op1,5,linear3,,45
p809,697.941,BATCH_PIPELINE,op1,,1,const,,55
p809,,,op2,,2,sqrt,,55
p809,,,op3,op1;op2,5,linear3,,45
p810,697.941,BATCH_PIPELINE,op1,,1,const,,55
p810,,,op2,op1,5,linear3,,45
p811,708.232,INTERACTIVE,op1,,1,const,,55
p812,708.232,BATCH_PIPELINE,op1,,1,const,,55
p813,708.232,QUERY,op1,,15,linear3,,35
p814,708.232,BATCH_PIPELINE,op1,,1,const,,55
p815,708.232,INTERACTIVE,op1,,1,const,,55
p816,708.232,INTERACTIVE,op1,,1,const,,55
p817,708.232,QUERY,op1,,15,linear3,,35
p818,708.232,INTERACTIVE,op1,,1,const,,55
p819,708.232,INTERACTIVE,op1,,1,const,,55
p819,,,op2,op1,20,linear7,,30
p820,708.232,BATCH_PIPELINE,op1,,1,const,,55
p821,716.971,BATCH_PIPELINE,op1,,1,const,,55
p821,,,op2,op1,80,squared,,10
p821,,,op3,op2,2,sqrt,,55
p822,716.971,BATCH_PIPELINE,op1,,1,const,,55
p822,,,op2,op1,20,linear7,,30
p823,716.971,INTERACTIVE,op1,,1,const,,55
p823,,,op2,op1,40,linear7,,20
p824,716.971,INTERACTIVE,op1,,1,const,,55
p825,716.971,QUERY,op1,,15,linear3,,35
p826,716.971,BATCH_PIPELINE,op1,,1,const,,55
p827,716.971,INTERACTIVE,op1,,1,const,,55
p828,716.971,BATCH_PIPELINE,op1,,1,const,,55
p829,716.971,BATCH_PIPELINE,op1,,1,const,,55
p829,,,op2,op1,80,squared,,10
p830,716.971,QUERY,op1,,15,linear3,,35
p831,726.255,BATCH_PIPELINE,op1,,1,const,,55
p832,726.255,BATCH_PIPELINE,op1,,1,const,,55
p833,726.255,BATCH_PIPELINE,op1,,1,const,,55
p834,726.255,BATCH_PIPELINE,op1,,1,const,,55
p834,,,op2,op1,1,const,,55
p835,726.255,INTERACTIVE,op1,,1,const,,55
p836,726.255,QUERY,op1,,15,linear3,,35
p837,726.255,BATCH_PIPELINE,op1,,1,const,,55
p838,726.255,INTERACTIVE,op1,,1,const,,55
p838,,,op2,op1,40,linear7,,20
p839,726.255,BATCH_PIPELINE,op1,,1,const,,55
p839,,,op2,op1,15,linear3,,37.5
p839,,,op3,op1,20,linear7,,30
p840,726.255,INTERACTIVE,op1,,1,const,,55
p841,733.416,INTERACTIVE,op1,,1,const,,55
p842,733.416,BATCH_PIPELINE,op1,,1,const,,55
p843,733.416,INTERACTIVE,op1,,1,const,,55
p843,,,op2,op1,2,sqrt,,55
p844,733.416,INTERACTIVE,op1,,1,const,,55
p845,733.416,INTERACTIVE,op1,,1,const,,55
p846,733.416,INTERACTIVE,op1,,1,const,,55
p846,,,op2,op1,2,sqrt,,55
p846,,,op3,op2,20,linear7,,30
p847,733.416,BATCH_PIPELINE,op1,,1,const,,55
p847,,,op2,op1,1,const,,55
p847,,,op3,op1,15,linear3,,37.5
p848,733.416,QUERY,op1,,15,linear3,,35
p849,733.416,BATCH_PIPELINE,op1,,1,const,,55
p849,,,op2,op1,40,linear7,,20
p849,,,op3,op2,2,sqrt,,55
p850,733.416,INTERACTIVE,op1,,1,const,,55
p851,740.895,INTERACTIVE,op1,,1,const,,55
p851,,,op2,op1,1,const,,55
p852,740.895,BATCH_PIPELINE,op1,,1,const,,55
p853,740.895,QUERY,op1,,15,linear3,,35
p854,740.895,BATCH_PIPELINE,op1,,1,const,,55
p855,740.895,BATCH_PIPELINE,op1,,1,const,,55
p855,,,op2,,2,sqrt,,55
p855,,,op3,op1;op2,80,squared,,10
p856,740.895,QUERY,op1,,15,linear3,,35
p857,740.895,BATCH_PIPELINE,op1,,1,const,,55
p858,740.895,BATCH_PIPELINE,op1,,1,const,,55
p858,,,op2,op1,20,linear7,,30
p858,,,op3,op2,40,linear7,,20
p859,740.895,QUERY,op1,,15,linear3,,35
p860,740.895,INTERACTIVE,op1,,1,const,,55
p861,745.107,BATCH_PIPELINE,op1,,1,const,,55
p861,,,op2,op1,15,linear3,,37.5
p862,745.107,BATCH_PIPELINE,op1,,1,const,,55
p863,745.107,BATCH_PIPELINE,op1,,1,const,,55
p864,745.107,INTERACTIVE,op1,,1,const,,55
p864,,,op2,,80,squared,,10
p864,,,op3,op1;op2,15,linear3,,37.5
p865,745.107,INTERACTIVE,op1,,1,const,,55
p866,745.107,BATCH_PIPELINE,op1,,1,const,,55
p866,,,op2,op1,2,sqrt,,55
p867,745.107,BATCH_PIPELINE,op1,,1,const,,55
p868,745.107,BATCH_PIPELINE,op1,,1,const,,55
p868,,,op2,op1,15,linear3,,37.5
p868,,,op3,op2,1,const,,55
p869,745.107,BATCH_PIPELINE,op1,,1,const,,55
p869,,,op2,op1,80,squared,,10
p869,,,op3,op2,15,linear3,,37.5
p870,745.107,BATCH_PIPELINE,op1,,1,const,,55
p870,,,op2,op1,15,linear3,,37.5
p871,759.486,BATCH_PIPELINE,op1,,1,const,,55
p872,759.486,BATCH_PIPELINE,op1,,1,const,,55
p872,,,op2,op1,40,linear7,,20
p873,759.486,BATCH_PIPELINE,op1,,1,const,,55
p873,,,op2,op1,5,linear3,,45
p873,,,op3,op1,5,linear3,,45
p874,759.486,BATCH_PIPELINE,op1,,1,const,,55
p874,,,op2,op1,20,linear7,,30
p874,,,op3,op2,80,squared,,10
p875,759.486,BATCH_PIPELINE,op1,,1,const,,55
p876,759.486,INTERACTIVE,op1,,1,const,,55
p877,759.486,BATCH_PIPELINE,op1,,1,const,,55
p877,,,op2,op1,5,linear3,,45
p878,759.486,BATCH_PIPELINE,op1,,1,const,,55
p879,759.486,QUERY,op1,,15,linear3,,35
p880,759.486,QUERY,op1,,15,linear3,,35
p881,768.1030000000001,INTERACTIVE,op1,,1,const,,55
p882,768.1030000000001,INTERACTIVE,op1,,1,const,,55
p883,768.1030000000001,BATCH_PIPELINE,op1,,1,const,,55
p883,,,op2,op1,15,linear3,,37.5
p884,768.1030000000001,INTERACTIVE,op1,,1,const,,55
p884,,,op2,op1,15,linear3,,37.5
p885,768.1030000000001,BATCH_PIPELINE,op1,,1,const,,55
p886,768.1030000000001,BATCH_PIPELINE,op1,,1,const,,55
p887,768.1030000000001,INTERACTIVE,op1,,1,const,,55
p888,768.1030000000001,INTERACTIVE,op1,,1,const,,55
p888,,,op2,op1,40,linear7,,20
p889,768.1030000000001,INTERACTIVE,op1,,1,const,,55
p890,768.1030000000001,BATCH_PIPELINE,op1,,1,const,,55
p891,776.0360000000001,QUERY,op1,,15,linear3,,35
p892,776.0360000000001,QUERY,op1,,15,linear3,,35
p893,776.0360000000001,BATCH_PIPELINE,op1,,1,const,,55
p893,,,op2,op1,15,linear3,,37.5
p894,776.0360000000001,BATCH_PIPELINE,op1,,1,const,,55
p894,,,op2,op1,20,linear7,,30
p895,776.0360000000001,BATCH_PIPELINE,op1,,1,const,,55
p896,776.0360000000001,BATCH_PIPELINE,op1,,1,const,,55
p897,776.0360000000001,BATCH_PIPELINE,op1,,1,const,,55
p898,776.0360000000001,BATCH_PIPELINE,op1,,1,const,,55
p899,776.0360000000001,INTERACTIVE,op1,,1,const,,55
p900,776.0360000000001,QUERY,op1,,15,linear3,,35
p901,783.977,INTERACTIVE,op1,,1,const,,55
p902,783.977,INTERACTIVE,op1,,1,const,,55
p902,,,op2,op1,5,linear3,,45
p903,783.977,QUERY,op1,,15,linear3,,35
p904,783.977,INTERACTIVE,op1,,1,const,,55
p904,,,op2,op1,80,squared,,10
p904,,,op3,op2,5,linear3,,45
p905,783.977,BATCH_PIPELINE,op1,,1,const,,55
p905,,,op2,op1,5,linear3,,45
p906,783.977,BATCH_PIPELINE,op1,,1,const,,55
p906,,,op2,op1,15,linear3,,37.5
p906,,,op3,op2,20,linear7,,30
p907,783.977,INTERACTIVE,op1,,1,const,,55
p908,783.977,QUERY,op1,,15,linear3,,35
p909,783.977,QUERY,op1,,15,linear3,,35
p910,783.977,BATCH_PIPELINE,op1,,1,const,,55
p910,,,op2,op1,20,linear7,,30
p911,791.477,QUERY,op1,,15,linear3,,35
p912,791.477,BATCH_PIPELINE,op1,,1,const,,55
p913,791.477,INTERACTIVE,op1,,1,const,,55
p913,,,op2,op1,20,linear7,,30
p914,791.477,BATCH_PIPELINE,op1,,1,const,,55
p915,791.477,BATCH_PIPELINE,op1,,1,const,,55
p915,,,op2,op1,2,sqrt,,55
p916,791.477,QUERY,op1,,15,linear3,,35
p917,791.477,QUERY,op1,,15,linear3,,35
p918,791.477,INTERACTIVE,op1,,1,const,,55
p919,791.477,BATCH_PIPELINE,op1,,1,const,,55
p919,,,op2,op1,5,linear3,,45
p920,791.477,BATCH_PIPELINE,op1,,1,const,,55
p921,801.052,INTERACTIVE,op1,,1,const,,55
p921,,,op2,op1,15,linear3,,37.5
p922,801.052,BATCH_PIPELINE,op1,,1,const,,55
p922,,,op2,op1,2,sqrt,,55
p923,801.052,INTERACTIVE,op1,,1,const,,55
p924,801.052,BATCH_PIPELINE,op1,,1,const,,55
p924,,,op2,op1,1,const,,55
p924,,,op3,op2,2,sqrt,,55
p925,801.052,INTERACTIVE,op1,,1,const,,55
p925,,,op2,op1,20,linear7,,30
p926,801.052,INTERACTIVE,op1,,1,const,,55
p926,,,op2,op1,5,linear3,,45
p927,801.052,INTERACTIVE,op1,,1,const,,55
p928,801.052,INTERACTIVE,op1,,1,const,,55
p928,,,op2,op1,40,linear7,,20
p929,801.052,BATCH_PIPELINE,op1,,1,const,,55
p929,,,op2,op1,20,linear7,,30
p930,801.052,QUERY,op1,,15,linear3,,35
p931,807.832,INTERACTIVE,op1,,1,const,,55
p932,807.832,QUERY,op1,,15,linear3,,35
p933,807.832,QUERY,op1,,15,linear3,,35
p934,807.832,BATCH_PIPELINE,op1,,1,const,,55
p935,807.832,INTERACTIVE,op1,,1,const,,55
p936,807.832,BATCH_PIPELINE,op1,,1,const,,55
p937,807.832,BATCH_PIPELINE,op1,,1,const,,55
p938,807.832,BATCH_PIPELINE,op1,,1,const,,55
p939,807.832,BATCH_PIPELINE,op1,,1,const,,55
p940,807.832,INTERACTIVE,op1,,1,const,,55
p941,817.554,QUERY,op1,,15,linear3,,35
p942,817.554,INTERACTIVE,op1,,1,const,,55
p942,,,op2,op1,40,linear7,,20
p943,817.554,QUERY,op1,,15,linear3,,35
p944,817.554,BATCH_PIPELINE,op1,,1,const,,55
p944,,,op2,op1,40,linear7,,20
p945,817.554,BATCH_PIPELINE,op1,,1,const,,55
p945,,,op2,op1,15,linear3,,37.5
p945,,,op3,op1,1,const,,55
p946,817.554,BATCH_PIPELINE,op1,,1,const,,55
p946,,,op2,op1,2,sqrt,,55
p947,817.554,INTERACTIVE,op1,,1,const,,55
p947,,,op2,op1,5,linear3,,45
p948,817.554,BATCH_PIPELINE,op1,,1,const,,55
p949,817.554,BATCH_PIPELINE,op1,,1,const,,55
p949,,,op2,op1,20,linear7,,30
p950,817.554,QUERY,op1,,15,linear3,,35
p951,823.963,INTERACTIVE,op1,,1,const,,55
p952,823.963,QUERY,op1,,15,linear3,,35
p953,823.963,BATCH_PIPELINE,op1,,1,const,,55
p953,,,op2,op1,1,const,,55
p954,823.963,BATCH_PIPELINE,op1,,1,const,,55
p954,,,op2,op1,15,linear3,,37.5
p955,823.963,INTERACTIVE,op1,,1,const,,55
p955,,,op2,op1,20,linear7,,30
p956,823.963,INTERACTIVE,op1,,1,const,,55
p956,,,op2,op1,5,linear3,,45
p956,,,op3,op2,15,linear3,,37.5
p957,823.963,INTERACTIVE,op1,,1,const,,55
p957,,,op2,op1,5,linear3,,45
p958,823.963,INTERACTIVE,op1,,1,const,,55
p959,823.963,BATCH_PIPELINE,op1,,1,const,,55
p960,823.963,BATCH_PIPELINE,op1,,1,const,,55
p961,828.6510000000001,QUERY,op1,,15,linear3,,35
p962,828.6510000000001,INTERACTIVE,op1,,1,const,,55
p963,828.6510000000001,BATCH_PIPELINE,op1,,1,const,,55
p963,,,op2,op1,5,linear3,,45
p963,,,op3,op2,40,linear7,,20
p964,828.6510000000001,INTERACTIVE,op1,,1,const,,55
p964,,,op2,op1,40,linear7,,20
p964,,,op3,op2,5,linear3,,45
p965,828.6510000000001,BATCH_PIPELINE,op1,,1,const,,55
p966,828.6510000000001,BATCH_PIPELINE,op1,,1,const,,55
p966,,,op2,op1,20,linear7,,30
p967,828.6510000000001,INTERACTIVE,op1,,1,const,,55
p968,828.6510000000001,QUERY,op1,,15,linear3,,35
p969,828.6510000000001,BATCH_PIPELINE,op1,,1,const,,55
p969,,,op2,op1,40,linear7,,20
p969,,,op3,op1,80,squared,,10
p970,828.6510000000001,BATCH_PIPELINE,op1,,1,const,,55
p970,,,op2,op1,2,sqrt,,55
p971,836.653,BATCH_PIPELINE,op1,,1,const,,55
p971,,,op2,op1,15,linear3,,37.5
p972,836.653,BATCH_PIPELINE,op1,,1,const,,55
p972,,,op2,op1,2,sqrt,,55
p973,836.653,BATCH_PIPELINE,op1,,1,const,,55
p973,,,op2,op1,5,linear3,,45
p974,836.653,BATCH_PIPELINE,op1,,1,const,,55
p974,,,op2,op1,15,linear3,,37.5
p975,836.653,BATCH_PIPELINE,op1,,1,const,,55
p975,,,op2,op1,5,linear3,,45
p976,836.653,INTERACTIVE,op1,,1,const,,55
p977,836.653,BATCH_PIPELINE,op1,,1,const,,55
p977,,,op2,op1,5,linear3,,45
p978,836.653,INTERACTIVE,op1,,1,const,,55
p979,836.653,BATCH_PIPELINE,op1,,1,const,,55
p979,,,op2,op1,20,linear7,,30
p980,836.653,INTERACTIVE,op1,,1,const,,55
p981,846.053,BATCH_PIPELINE,op1,,1,const,,55
p982,846.053,BATCH_PIPELINE,op1,,1,const,,55
p982,,,op2,op1,5,linear3,,45
p983,846.053,BATCH_PIPELINE,op1,,1,const,,55
p984,846.053,INTERACTIVE,op1,,1,const,,55
p984,,,op2,op1,1,const,,55
p985,846.053,INTERACTIVE,op1,,1,const,,55
p986,846.053,INTERACTIVE,op1,,1,const,,55
p986,,,op2,op1,20,linear7,,30
p987,846.053,BATCH_PIPELINE,op1,,1,const,,55
p988,846.053,BATCH_PIPELINE,op1,,1,const,,55
p989,846.053,QUERY,op1,,15,linear3,,35
p990,846.053,BATCH_PIPELINE,op1,,1,const,,55
p991,854.428,QUERY,op1,,15,linear3,,35
p992,854.428,BATCH_PIPELINE,op1,,1,const,,55
p992,,,op2,,15,linear3,,37.5
p992,,,op3,op1;op2,20,linear7,,30
p993,854.428,BATCH_PIPELINE,op1,,1,const,,55
p994,854.428,INTERACTIVE,op1,,1,const,,55
p995,854.428,BATCH_PIPELINE,op1,,1,const,,55
p996,854.428,BATCH_PIPELINE,op1,,1,const,,55
p997,854.428,BATCH_PIPELINE,op1,,1,const,,55
p998,854.428,BATCH_PIPELINE,op1,,1,const,,55
p999,854.428,BATCH_PIPELINE,op1,,1,const,,55
p1000,854.428,BATCH_PIPELINE,op1,,1,const,,55
p1001,864.539,BATCH_PIPELINE,op1,,1,const,,55
p1002,864.539,BATCH_PIPELINE,op1,,1,const,,55
p1003,864.539,BATCH_PIPELINE,op1,,1,const,,55
p1004,864.539,INTERACTIVE,op1,,1,const,,55
p1004,,,op2,op1,80,squared,,10
p1005,864.539,QUERY,op1,,15,linear3,,35
p1006,864.539,BATCH_PIPELINE,op1,,1,const,,55
p1006,,,op2,op1,80,squared,,10
p1006,,,op3,op2,15,linear3,,37.5
p1007,864.539,BATCH_PIPELINE,op1,,1,const,,55
p1007,,,op2,op1,20,linear7,,30
p1008,864.539,BATCH_PIPELINE,op1,,1,const,,55
p1008,,,op2,op1,15,linear3,,37.5
p1008,,,op3,op1,1,const,,55
p1009,864.539,INTERACTIVE,op1,,1,const,,55
p1010,864.539,BATCH_PIPELINE,op1,,1,const,,55
p1010,,,op2,op1,15,linear3,,37.5
p1010,,,op3,op2,15,linear3,,37.5
p1011,872.6990000000001,INTERACTIVE,op1,,1,const,,55
p1012,872.6990000000001,BATCH_PIPELINE,op1,,1,const,,55
p1013,872.6990000000001,BATCH_PIPELINE,op1,,1,const,,55
p1013,,,op2,op1,20,linear7,,30
p1014,872.6990000000001,INTERACTIVE,op1,,1,const,,55
p1015,872.6990000000001,INTERACTIVE,op1,,1,const,,55
p1016,872.6990000000001,BATCH_PIPELINE,op1,,1,const,,55
p1017,872.6990000000001,BATCH_PIPELINE,op1,,1,const,,55
p1017,,,op2,op1,40,linear7,,20
p1018,872.6990000000001,BATCH_PIPELINE,op1,,1,const,,55
p1018,,,op2,op1,1,const,,55
p1018,,,op3,op2,5,linear3,,45
p1019,872.6990000000001,INTERACTIVE,op1,,1,const,,55
p1019,,,op2,op1,20,linear7,,30
p1020,872.6990000000001,BATCH_PIPELINE,op1,,1,const,,55
p1021,881.741,BATCH_PIPELINE,op1,,1,const,,55
p1021,,,op2,op1,40,linear7,,20
p1022,881.741,BATCH_PIPELINE,op1,,1,const,,55
p1022,,,op2,,15,linear3,,37.5
p1022,,,op3,op1;op2,15,linear3,,37.5
p1023,881.741,INTERACTIVE,op1,,1,const,,55
p1024,881.741,INTERACTIVE,op1,,1,const,,55
p1024,,,op2,op1,15,linear3,,37.5
p1025,881.741,BATCH_PIPELINE,op1,,1,const,,55
p1025,,,op2,,20,linear7,,30
p1025,,,op3,op1;op2,5,linear3,,45
p1026,881.741,BATCH_PIPELINE,op1,,1,const,,55
p1026,,,op2,op1,15,linear3,,37.5
p1027,881.741,BATCH_PIPELINE,op1,,1,const,,55
p1028,881.741,BATCH_PIPELINE,op1,,1,const,,55
p1029,881.741,QUERY,op1,,15,linear3,,35
p1030,881.741,QUERY,op1,,15,linear3,,35
p1031,893.162,BATCH_PIPELINE,op1,,1,const,,55
p1032,893.162,BATCH_PIPELINE,op1,,1,const,,55
p1032,,,op2,op1,15,linear3,,37.5
p1033,893.162,INTERACTIVE,op1,,1,const,,55
p1034,893.162,INTERACTIVE,op1,,1,const,,55
p1035,893.162,INTERACTIVE,op1,,1,const,,55
p1035,,,op2,op1,1,const,,55
p1036,893.162,BATCH_PIPELINE,op1,,1,const,,55
p1036,,,op2,op1,40,linear7,,20
p1036,,,op3,op2,15,linear3,,37.5
p1037,893.162,INTERACTIVE,op1,,1,const,,55
p1038,893.162,INTERACTIVE,op1,,1,const,,55
p1038,,,op2,op1,15,linear3,,37.5
p1039,893.162,BATCH_PIPELINE,op1,,1,const,,55
p1040,893.162,BATCH_PIPELINE,op1,,1,const,,55
p1041,904.523,BATCH_PIPELINE,op1,,1,const,,55
p1041,,,op2,op1,1,const,,55
p1042,904.523,BATCH_PIPELINE,op1,,1,const,,55
p1043,904.523,BATCH_PIPELINE,op1,,1,const,,55
p1044,904.523,BATCH_PIPELINE,op1,,1,const,,55
p1045,904.523,BATCH_PIPELINE,op1,,1,const,,55
p1046,904.523,INTERACTIVE,op1,,1,const,,55
p1046,,,op2,op1,2,sqrt,,55
p1046,,,op3,op2,20,linear7,,30
p1047,904.523,INTERACTIVE,op1,,1,const,,55
p1047,,,op2,op1,20,linear7,,30
p1048,904.523,BATCH_PIPELINE,op1,,1,const,,55
p1049,904.523,INTERACTIVE,op1,,1,const,,55
p1049,,,op2,op1,20,linear7,,30
p1050,904.523,INTERACTIVE,op1,,1,const,,55
p1050,,,op2,op1,15,linear3,,37.5
p1051,913.385,BATCH_PIPELINE,op1,,1,const,,55
p1051,,,op2,op1,15,linear3,,37.5
p1051,,,op3,op2,2,sqrt,,55
p1052,913.385,BATCH_PIPELINE,op1,,1,const,,55
p1053,913.385,BATCH_PIPELINE,op1,,1,const,,55
p1053,,,op2,op1,80,squared,,10
p1054,913.385,INTERACTIVE,op1,,1,const,,55
p1055,913.385,INTERACTIVE,op1,,1,const,,55
p1055,,,op2,op1,1,const,,55
p1056,913.385,BATCH_PIPELINE,op1,,1,const,,55
p1056,,,op2,op1,1,const,,55
p1057,913.385,QUERY,op1,,15,linear3,,35
p1058,913.385,BATCH_PIPELINE,op1,,1,const,,55
p1059,913.385,INTERACTIVE,op1,,1,const,,55
p1060,913.385,BATCH_PIPELINE,op1,,1,const,,55
p1060,,,op2,op1,20,linear7,,30
p1061,925.067,QUERY,op1,,15,linear3,,35
p1062,925.067,INTERACTIVE,op1,,1,const,,55
p1063,925.067,BATCH_PIPELINE,op1,,1,const,,55
p1064,925.067,BATCH_PIPELINE,op1,,1,const,,55
p1064,,,op2,,2,sqrt,,55
p1064,,,op3,op1;op2,40,linear7,,20
p1065,925.067,BATCH_PIPELINE,op1,,1,const,,55
p1065,,,op2,op1,2,sqrt,,55
p1066,925.067,BATCH_PIPELINE,op1,,1,const,,55
p1067,925.067,BATCH_PIPELINE,op1,,1,const,,55
p1067,,,op2,,1,const,,55
p1067,,,op3,op1;op2,1,const,,55
p1068,925.067,BATCH_PIPELINE,op1,,1,const,,55
p1069,925.067,BATCH_PIPELINE,op1,,1,const,,55
p1070,925.067,INTERACTIVE,op1,,1,const,,55
p1070,,,op2,op1,80,squared,,10
p1070,,,op3,op2,20,linear7,,30
p1071,935.987,INTERACTIVE,op1,,1,const,,55
p1071,,,op2,op1,15,linear3,,37.5
p1072,935.987,QUERY,op1,,15,linear3,,35
p1073,935.987,BATCH_PIPELINE,op1,,1,const,,55
p1073,,,op2,op1,20,linear7,,30
p1074,935.987,INTERACTIVE,op1,,1,const,,55
p1074,,,op2,op1,1,const,,55
p1075,935.987,BATCH_PIPELINE,op1,,1,const,,55
p1076,935.987,INTERACTIVE,op1,,1,const,,55
p1076,,,op2,op1,20,linear7,,30
p1077,935.987,BATCH_PIPELINE,op1,,1,const,,55
p1078,935.987,INTERACTIVE,op1,,1,const,,55
p1078,,,op2,op1,15,linear3,,37.5
p1079,935.987,INTERACTIVE,op1,,1,const,,55
p1079,,,op2,op1,5,linear3,,45
p1080,935.987,BATCH_PIPELINE,op1,,1,const,,55
p1080,,,op2,op1,20,linear7,,30
p1081,950.897,BATCH_PIPELINE,op1,,1,const,,55
p1081,,,op2,op1,1,const,,55
p1082,950.897,QUERY,op1,,15,linear3,,35
p1083,950.897,BATCH_PIPELINE,op1,,1,const,,55
p1084,950.897,BATCH_PIPELINE,op1,,1,const,,55
p1085,950.897,INTERACTIVE,op1,,1,const,,55
p1086,950.897,INTERACTIVE,op1,,1,const,,55
p1086,,,op2,op1,15,linear3,,37.5
p1087,950.897,BATCH_PIPELINE,op1,,1,const,,55
p1088,950.897,BATCH_PIPELINE,op1,,1,const,,55
p1088,,,op2,op1,15,linear3,,37.5
p1089,950.897,INTERACTIVE,op1,,1,const,,55
p1090,950.897,QUERY,op1,,15,linear3,,35
p1091,960.922,BATCH_PIPELINE,op1,,1,const,,55
p1091,,,op2,op1,40,linear7,,20
p1092,960.922,BATCH_PIPELINE,op1,,1,const,,55
p1093,960.922,QUERY,op1,,15,linear3,,35
p1094,960.922,BATCH_PIPELINE,op1,,1,const,,55
p1094,,,op2,op1,2,sqrt,,55
p1095,960.922,BATCH_PIPELINE,op1,,1,const,,55
p1095,,,op2,,15,linear3,,37.5
p1095,,,op3,op1;op2,5,linear3,,45
p1096,960.922,QUERY,op1,,15,linear3,,35
p1097,960.922,BATCH_PIPELINE,op1,,1,const,,55
p1098,960.922,INTERACTIVE,op1,,1,const,,55
p1099,960.922,BATCH_PIPELINE,op1,,1,const,,55
p1099,,,op2,op1,1,const,,55
p1099,,,op3,op2,20,linear7,,30
p1100,960.922,BATCH_PIPELINE,op1,,1,const,,55
p1100,,,op2,op1,2,sqrt,,55
p1100,,,op3,op2,5,linear3,,45
p1101,971.6270000000001,BATCH_PIPELINE,op1,,1,const,,55
p1102,971.6270000000001,BATCH_PIPELINE,op1,,1,const,,55
p1103,971.6270000000001,BATCH_PIPELINE,op1,,1,const,,55
p1104,971.6270000000001,BATCH_PIPELINE,op1,,1,const,,55
p1104,,,op2,op1,15,linear3,,37.5
p1105,971.6270000000001,BATCH_PIPELINE,op1,,1,const,,55
p1105,,,op2,op1,40,linear7,,20
p1106,971.6270000000001,BATCH_PIPELINE,op1,,1,const,,55
p1107,971.6270000000001,QUERY,op1,,15,linear3,,35
p1108,971.6270000000001,BATCH_PIPELINE,op1,,1,const,,55
p1108,,,op2,op1,2,sqrt,,55
p1108,,,op3,op1,20,linear7,,30
p1109,971.6270000000001,INTERACTIVE,op1,,1,const,,55
p1110,971.6270000000001,INTERACTIVE,op1,,1,const,,55
p1111,984.7330000000001,BATCH_PIPELINE,op1,,1,const,,55
p1112,984.7330000000001,BATCH_PIPELINE,op1,,1,const,,55
p1113,984.7330000000001,BATCH_PIPELINE,op1,,1,const,,55
p1114,984.7330000000001,BATCH_PIPELINE,op1,,1,const,,55
p1115,984.7330000000001,BATCH_PIPELINE,op1,,1,const,,55
p1115,,,op2,op1,5,linear3,,45
p1116,984.7330000000001,BATCH_PIPELINE,op1,,1,const,,55
p1117,984.7330000000001,BATCH_PIPELINE,op1,,1,const,,55
p1118,984.7330000000001,BATCH_PIPELINE,op1,,1,const,,55
p1119,984.7330000000001,INTERACTIVE,op1,,1,const,,55
p1120,984.7330000000001,BATCH_PIPELINE,op1,,1,const,,55
p1120,,,op2,,15,linear3,,37.5
p1120,,,op3,op1;op2,15,linear3,,37.5
p1121,997.244,BATCH_PIPELINE,op1,,1,const,,55
p1121,,,op2,op1,15,linear3,,37.5
p1122,997.244,INTERACTIVE,op1,,1,const,,55
p1123,997.244,BATCH_PIPELINE,op1,,1,const,,55
p1123,,,op2,op1,1,const,,55
p1124,997.244,BATCH_PIPELINE,op1,,1,const,,55
p1124,,,op2,op1,2,sqrt,,55
p1124,,,op3,op1,80,squared,,10
p1125,997.244,BATCH_PIPELINE,op1,,1,const,,55
p1125,,,op2,op1,5,linear3,,45
p1126,997.244,BATCH_PIPELINE,op1,,1,const,,55
p1127,997.244,QUERY,op1,,15,linear3,,35
p1128,997.244,BATCH_PIPELINE,op1,,1,const,,55
p1128,,,op2,op1,15,linear3,,37.5
p1129,997.244,BATCH_PIPELINE,op1,,1,const,,55
p1129,,,op2,op1,20,linear7,,30
p1130,997.244,INTERACTIVE,op1,,1,const,,55
p1131,1006.45,INTERACTIVE,op1,,1,const,,55
p1132,1006.45,INTERACTIVE,op1,,1,const,,55
p1132,,,op2,op1,40,linear7,,20
p1133,1006.45,BATCH_PIPELINE,op1,,1,const,,55
p1133,,,op2,op1,2,sqrt,,55
p1133,,,op3,op2,20,linear7,,30
p1134,1006.45,INTERACTIVE,op1,,1,const,,55
p1134,,,op2,op1,15,linear3,,37.5
p1135,1006.45,BATCH_PIPELINE,op1,,1,const,,55
p1136,1006.45,QUERY,op1,,15,linear3,,35
p1137,1006.45,BATCH_PIPELINE,op1,,1,const,,55
p1138,1006.45,INTERACTIVE,op1,,1,const,,55
p1139,1006.45,BATCH_PIPELINE,op1,,1,const,,55
p1139,,,op2,op1,40,linear7,,20
p1139,,,op3,op2,2,sqrt,,55
p1140,1006.45,INTERACTIVE,op1,,1,const,,55
p1141,1014.861,BATCH_PIPELINE,op1,,1,const,,55
p1142,1014.861,INTERACTIVE,op1,,1,const,,55
p1143,1014.861,BATCH_PIPELINE,op1,,1,const,,55
p1144,1014.861,BATCH_PIPELINE,op1,,1,const,,55
p1144,,,op2,op1,20,linear7,,30
p1145,1014.861,INTERACTIVE,op1,,1,const,,55
p1146,1014.861,BATCH_PIPELINE,op1,,1,const,,55
p1147,1014.861,BATCH_PIPELINE,op1,,1,const,,55
p1148,1014.861,INTERACTIVE,op1,,1,const,,55
p1149,1014.861,BATCH_PIPELINE,op1,,1,const,,55
p1150,1014.861,BATCH_PIPELINE,op1,,1,const,,55
p1150,,,op2,op1,15,linear3,,37.5
p1151,1023.15,BATCH_PIPELINE,op1,,1,const,,55
p1151,,,op2,op1,20,linear7,,30
p1152,1023.15,QUERY,op1,,15,linear3,,35
p1153,1023.15,BATCH_PIPELINE,op1,,1,const,,55
p1154,1023.15,INTERACTIVE,op1,,1,const,,55
p1154,,,op2,op1,40,linear7,,20
p1155,1023.15,BATCH_PIPELINE,op1,,1,const,,55
p1155,,,op2,op1,20,linear7,,30
p1156,1023.15,BATCH_PIPELINE,op1,,1,const,,55
p1156,,,op2,op1,5,linear3,,45
p1156,,,op3,op2,2,sqrt,,55
p1157,1023.15,INTERACTIVE,op1,,1,const,,55
p1157,,,op2,op1,80,squared,,10
p1157,,,op3,op2,1,const,,55
p1158,1023.15,BATCH_PIPELINE,op1,,1,const,,55
p1159,1023.15,BATCH_PIPELINE,op1,,1,const,,55
p1160,1023.15,INTERACTIVE,op1,,1,const,,55
p1160,,,op2,op1,5,linear3,,45
p1161,1034.363,BATCH_PIPELINE,op1,,1,const,,55
p1162,1034.363,BATCH_PIPELINE,op1,,1,const,,55
p1162,,,op2,op1,5,linear3,,45
p1163,1034.363,BATCH_PIPELINE,op1,,1,const,,55
p1164,1034.363,INTERACTIVE,op1,,1,const,,55
p1165,1034.363,BATCH_PIPELINE,op1,,1,const,,55
p1165,,,op2,op1,2,sqrt,,55
p1166,1034.363,INTERACTIVE,op1,,1,const,,55
p1166,,,op2,op1,40,linear7,,20
p1167,1034.363,INTERACTIVE,op1,,1,const,,55
p1167,,,op2,op1,5,linear3,,45
p1168,1034.363,BATCH_PIPELINE,op1,,1,const,,55
p1169,1034.363,INTERACTIVE,op1,,1,const,,55
p1169,,,op2,op1,2,sqrt,,55
p1170,1034.363,BATCH_PIPELINE,op1,,1,const,,55
p1171,1041.81,QUERY,op1,,15,linear3,,35
p1172,1041.81,INTERACTIVE,op1,,1,const,,55
p1172,,,op2,,5,linear3,,45
p1172,,,op3,op1;op2,2,sqrt,,55
p1173,1041.81,INTERACTIVE,op1,,1,const,,55
p1173,,,op2,op1,80,squared,,10
p1174,1041.81,BATCH_PIPELINE,op1,,1,const,,55
p1175,1041.81,BATCH_PIPELINE,op1,,1,const,,55
p1176,1041.81,BATCH_PIPELINE,op1,,1,const,,55
p1176,,,op2,op1,80,squared,,10
p1177,1041.81,BATCH_PIPELINE,op1,,1,const,,55
p1178,1041.81,BATCH_PIPELINE,op1,,1,const,,55
p1179,1041.81,BATCH_PIPELINE,op1,,1,const,,55
p1179,,,op2,op1,1,const,,55
p1180,1041.81,INTERACTIVE,op1,,1,const,,55
p1181,1052.239,BATCH_PIPELINE,op1,,1,const,,55
p1181,,,op2,op1,5,linear3,,45
p1182,1052.239,BATCH_PIPELINE,op1,,1,const,,55
p1182,,,op2,op1,15,linear3,,37.5
p1183,1052.239,BATCH_PIPELINE,op1,,1,const,,55
p1184,1052.239,BATCH_PIPELINE,op1,,1,const,,55
p1184,,,op2,op1,15,linear3,,37.5
p1185,1052.239,BATCH_PIPELINE,op1,,1,const,,55
p1186,1052.239,INTERACTIVE,op1,,1,const,,55
p1187,1052.239,INTERACTIVE,op1,,1,const,,55
p1187,,,op2,op1,20,linear7,,30
p1188,1052.239,BATCH_PIPELINE,op1,,1,const,,55
p1188,,,op2,op1,20,linear7,,30
p1189,1052.239,BATCH_PIPELINE,op1,,1,const,,55
p1189,,,op2,op1,15,linear3,,37.5
p1190,1052.239,QUERY,op1,,15,linear3,,35
p1191,1059.772,INTERACTIVE,op1,,1,const,,55
p1191,,,op2,op1,2,sqrt,,55
p1192,1059.772,INTERACTIVE,op1,,1,const,,55
p1193,1059.772,QUERY,op1,,15,linear3,,35
p1194,1059.772,BATCH_PIPELINE,op1,,1,const,,55
p1195,1059.772,BATCH_PIPELINE,op1,,1,const,,55
p1196,1059.772,INTERACTIVE,op1,,1,const,,55
p1197,1059.772,BATCH_PIPELINE,op1,,1,const,,55
p1197,,,op2,op1,5,linear3,,45
p1198,1059.772,BATCH_PIPELINE,op1,,1,const,,55
p1199,1059.772,BATCH_PIPELINE,op1,,1,const,,55
p1200,1059.772,INTERACTIVE,op1,,1,const,,55
p1200,,,op2,op1,2,sqrt,,55
p1201,1070.0140000000001,BATCH_PIPELINE,op1,,1,const,,55
p1201,,,op2,op1,20,linear7,,30
p1202,1070.0140000000001,BATCH_PIPELINE,op1,,1,const,,55
p1202,,,op2,op1,2,sqrt,,55
p1203,1070.0140000000001,INTERACTIVE,op1,,1,const,,55
p1204,1070.0140000000001,INTERACTIVE,op1,,1,const,,55
p1204,,,op2,,15,linear3,,37.5
p1204,,,op3,op1;op2,20,linear7,,30
p1205,1070.0140000000001,QUERY,op1,,15,linear3,,35
p1206,1070.0140000000001,BATCH_PIPELINE,op1,,1,const,,55
p1206,,,op2,op1,2,sqrt,,55
p1207,1070.0140000000001,BATCH_PIPELINE,op1,,1,const,,55
p1207,,,op2,op1,2,sqrt,,55
p1208,1070.0140000000001,BATCH_PIPELINE,op1,,1,const,,55
p1208,,,op2,op1,15,linear3,,37.5
p1209,1070.0140000000001,INTERACTIVE,op1,,1,const,,55
p1210,1070.0140000000001,INTERACTIVE,op1,,1,const,,55
p1211,1081.303,INTERACTIVE,op1,,1,const,,55
p1211,,,op2,op1,2,sqrt,,55
p1212,1081.303,QUERY,op1,,15,linear3,,35
p1213,1081.303,BATCH_PIPELINE,op1,,1,const,,55
p1213,,,op2,op1,15,linear3,,37.5
p1214,1081.303,INTERACTIVE,op1,,1,const,,55
p1214,,,op2,op1,5,linear3,,45
p1214,,,op3,op2,80,squared,,10
p1215,1081.303,BATCH_PIPELINE,op1,,1,const,,55
p1215,,,op2,op1,5,linear3,,45
p1216,1081.303,BATCH_PIPELINE,op1,,1,const,,55
p1217,1081.303,BATCH_PIPELINE,op1,,1,const,,55
p1218,1081.303,INTERACTIVE,op1,,1,const,,55
p1218,,,op2,op1,40,linear7,,20
p1219,1081.303,QUERY,op1,,15,linear3,,35
p1220,1081.303,BATCH_PIPELINE,op1,,1,const,,55
p1221,1087.276,BATCH_PIPELINE,op1,,1,const,,55
p1221,,,op2,op1,2,sqrt,,55
p1222,1087.276,BATCH_PIPELINE,op1,,1,const,,55
p1222,,,op2,op1,20,linear7,,30
p1223,1087.276,BATCH_PIPELINE,op1,,1,const,,55
p1224,1087.276,INTERACTIVE,op1,,1,const,,55
p1224,,,op2,op1,1,const,,55
p1225,1087.276,INTERACTIVE,op1,,1,const,,55
p1225,,,op2,op1,1,const,,55
p1225,,,op3,op2,80,squared,,10
p1226,1087.276,INTERACTIVE,op1,,1,const,,55
p1226,,,op2,op1,5,linear3,,45
p1227,1087.276,INTERACTIVE,op1,,1,const,,55
p1227,,,op2,op1,40,linear7,,20
p1227,,,op3,op2,20,linear7,,30
p1228,1087.276,QUERY,op1,,15,linear3,,35
p1229,1087.276,BATCH_PIPELINE,op1,,1,const,,55
p1230,1087.276,BATCH_PIPELINE,op1,,1,const,,55
p1231,1094.4560000000001,BATCH_PIPELINE,op1,,1,const,,55
p1231,,,op2,op1,40,linear7,,20
p1232,1094.4560000000001,QUERY,op1,,15,linear3,,35
p1233,1094.4560000000001,INTERACTIVE,op1,,1,const,,55
p1233,,,op2,op1,5,linear3,,45
p1234,1094.4560000000001,BATCH_PIPELINE,op1,,1,const,,55
p1234,,,op2,op1,5,linear3,,45
p1235,1094.4560000000001,BATCH_PIPELINE,op1,,1,const,,55
p1235,,,op2,op1,40,linear7,,20
p1236,1094.4560000000001,BATCH_PIPELINE,op1,,1,const,,55
p1236,,,op2,op1,80,squared,,10
p1236,,,op3,op2,20,linear7,,30
p1237,1094.4560000000001,BATCH_PIPELINE,op1,,1,const,,55
p1238,1094.4560000000001,BATCH_PIPELINE,op1,,1,const,,55
p1238,,,op2,op1,2,sqrt,,55
p1239,1094.4560000000001,BATCH_PIPELINE,op1,,1,const,,55
p1239,,,op2,op1,2,sqrt,,55
p1239,,,op3,op1,80,squared,,10
p1240,1094.4560000000001,BATCH_PIPELINE,op1,,1,const,,55
p1240,,,op2,op1,15,linear3,,37.5
p1241,1103.279,BATCH_PIPELINE,op1,,1,const,,55
p1241,,,op2,op1,1,const,,55
p1242,1103.279,INTERACTIVE,op1,,1,const,,55
p1243,1103.279,BATCH_PIPELINE,op1,,1,const,,55
p1244,1103.279,BATCH_PIPELINE,op1,,1,const,,55
p1245,1103.279,BATCH_PIPELINE,op1,,1,const,,55
p1246,1103.279,BATCH_PIPELINE,op1,,1,const,,55
p1247,1103.279,BATCH_PIPELINE,op1,,1,const,,55
p1247,,,op2,op1,5,linear3,,45
p1247,,,op3,op2,15,linear3,,37.5
p1248,1103.279,BATCH_PIPELINE,op1,,1,const,,55
p1249,1103.279,BATCH_PIPELINE,op1,,1,const,,55
p1250,1103.279,INTERACTIVE,op1,,1,const,,55
p1250,,,op2,op1,2,sqrt,,55
p1250,,,op3,op2,2,sqrt,,55
p1251,1113.167,BATCH_PIPELINE,op1,,1,const,,55
p1251,,,op2,op1,20,linear7,,30
p1252,1113.167,BATCH_PIPELINE,op1,,1,const,,55
p1253,1113.167,BATCH_PIPELINE,op1,,1,const,,55
p1254,1113.167,INTERACTIVE,op1,,1,const,,55
p1255,1113.167,BATCH_PIPELINE,op1,,1,const,,55
p1256,1113.167,BATCH_PIPELINE,op1,,1,const,,55
p1257,1113.167,BATCH_PIPELINE,op1,,1,const,,55
p1257,,,op2,,20,linear7,,30
p1257,,,op3,op1;op2,5,linear3,,45
p1258,1113.167,BATCH_PIPELINE,op1,,1,const,,55
p1258,,,op2,op1,5,linear3,,45
p1258,,,op3,op2,40,linear7,,20
p1259,1113.167,BATCH_PIPELINE,op1,,1,const,,55
p1260,1113.167,BATCH_PIPELINE,op1,,1,const,,55
p1260,,,op2,op1,15,linear3,,37.5
p1261,1116.817,INTERACTIVE,op1,,1,const,,55
p1261,,,op2,op1,20,linear7,,30
p1262,1116.817,QUERY,op1,,15,linear3,,35
p1263,1116.817,QUERY,op1,,15,linear3,,35
p1264,1116.817,BATCH_PIPELINE,op1,,1,const,,55
p1264,,,op2,op1,2,sqrt,,55
p1265,1116.817,INTERACTIVE,op1,,1,const,,55
p1266,1116.817,INTERACTIVE,op1,,1,const,,55
p1266,,,op2,op1,5,linear3,,45
p1267,1116.817,INTERACTIVE,op1,,1,const,,55
p1267,,,op2,op1,1,const,,55
p1268,1116.817,BATCH_PIPELINE,op1,,1,const,,55
p1269,1116.817,INTERACTIVE,op1,,1,const,,55
p1269,,,op2,op1,15,linear3,,37.5
p1270,1116.817,INTERACTIVE,op1,,1,const,,55
p1270,,,op2,op1,1,const,,55
p1271,1128.342,INTERACTIVE,op1,,1,const,,55
p1272,1128.342,QUERY,op1,,15,linear3,,35
p1273,1128.342,BATCH_PIPELINE,op1,,1,const,,55
p1274,1128.342,BATCH_PIPELINE,op1,,1,const,,55
p1275,1128.342,INTERACTIVE,op1,,1,const,,55
p1276,1128.342,BATCH_PIPELINE,op1,,1,const,,55
p1276,,,op2,op1,5,linear3,,45
p1277,1128.342,BATCH_PIPELINE,op1,,1,const,,55
p1277,,,op2,op1,5,linear3,,45
p1278,1128.342,BATCH_PIPELINE,op1,,1,const,,55
p1279,1128.342,BATCH_PIPELINE,op1,,1,const,,55
p1280,1128.342,QUERY,op1,,15,linear3,,35
p1281,1133.844,BATCH_PIPELINE,op1,,1,const,,55
p1282,1133.844,BATCH_PIPELINE,op1,,1,const,,55
p1283,1133.844,BATCH_PIPELINE,op1,,1,const,,55
p1284,1133.844,BATCH_PIPELINE,op1,,1,const,,55
p1284,,,op2,op1,2,sqrt,,55
p1285,1133.844,INTERACTIVE,op1,,1,const,,55
p1286,1133.844,BATCH_PIPELINE,op1,,1,const,,55
p1287,1133.844,INTERACTIVE,op1,,1,const,,55
p1287,,,op2,op1,2,sqrt,,55
p1287,,,op3,op2,2,sqrt,,55
p1288,1133.844,BATCH_PIPELINE,op1,,1,const,,55
p1288,,,op2,op1,2,sqrt,,55
p1289,1133.844,BATCH_PIPELINE,op1,,1,const,,55
p1290,1133.844,BATCH_PIPELINE,op1,,1,const,,55
p1290,,,op2,,40,linear7,,20
p1290,,,op3,op1;op2,5,linear3,,45
p1291,1143.395,BATCH_PIPELINE,op1,,1,const,,55
p1292,1143.395,INTERACTIVE,op1,,1,const,,55
p1292,,,op2,op1,15,linear3,,37.5
p1293,1143.395,INTERACTIVE,op1,,1,const,,55
p1293,,,op2,op1,20,linear7,,30
p1293,,,op3,op2,80,squared,,10
p1294,1143.395,BATCH_PIPELINE,op1,,1,const,,55
p1294,,,op2,op1,2,sqrt,,55
p1295,1143.395,INTERACTIVE,op1,,1,const,,55
p1295,,,op2,op1,1,const,,55
p1296,1143.395,BATCH_PIPELINE,op1,,1,const,,55
p1297,1143.395,QUERY,op1,,15,linear3,,35
p1298,1143.395,BATCH_PIPELINE,op1,,1,const,,55
p1298,,,op2,op1,20,linear7,,30
p1299,1143.395,QUERY,op1,,15,linear3,,35
p1300,1143.395,BATCH_PIPELINE,op1,,1,const,,55
p1301,1153.145,BATCH_PIPELINE,op1,,1,const,,55
p1302,1153.145,INTERACTIVE,op1,,1,const,,55
p1303,1153.145,QUERY,op1,,15,linear3,,35
p1304,1153.145,BATCH_PIPELINE,op1,,1,const,,55
p1304,,,op2,op1,5,linear3,,45
p1305,1153.145,BATCH_PIPELINE,op1,,1,const,,55
p1305,,,op2,op1,80,squared,,10
p1306,1153.145,INTERACTIVE,op1,,1,const,,55
p1307,1153.145,INTERACTIVE,op1,,1,const,,55
p1307,,,op2,op1,40,linear7,,20
p1308,1153.145,BATCH_PIPELINE,op1,,1,const,,55
p1308,,,op2,op1,15,linear3,,37.5
p1309,1153.145,INTERACTIVE,op1,,1,const,,55
p1309,,,op2,,20,linear7,,30
p1309,,,op3,op1;op2,5,linear3,,45
p1310,1153.145,QUERY,op1,,15,linear3,,35
p1311,1164.141,QUERY,op1,,15,linear3,,35
p1312,1164.141,BATCH_PIPELINE,op1,,1,const,,55
p1312,,,op2,op1,20,linear7,,30
p1313,1164.141,BATCH_PIPELINE,op1,,1,const,,55
p1313,,,op2,op1,20,linear7,,30
p1314,1164.141,BATCH_PIPELINE,op1,,1,const,,55
p1314,,,op2,op1,80,squared,,10
p1315,1164.141,BATCH_PIPELINE,op1,,1,const,,55
p1315,,,op2,op1,80,squared,,10
p1316,1164.141,BATCH_PIPELINE,op1,,1,const,,55
p1317,1164.141,INTERACTIVE,op1,,1,const,,55
p1318,1164.141,BATCH_PIPELINE,op1,,1,const,,55
p1318,,,op2,op1,1,const,,55
p1319,1164.141,BATCH_PIPELINE,op1,,1,const,,55
p1320,1164.141,BATCH_PIPELINE,op1,,1,const,,55
p1320,,,op2,op1,2,sqrt,,55
p1320,,,op3,op2,2,sqrt,,55
p1321,1174.5040000000001,INTERACTIVE,op1,,1,const,,55
p1322,1174.5040000000001,BATCH_PIPELINE,op1,,1,const,,55
p1322,,,op2,op1,20,linear7,,30
p1323,1174.5040000000001,BATCH_PIPELINE,op1,,1,const,,55
p1324,1174.5040000000001,BATCH_PIPELINE,op1,,1,const,,55
p1324,,,op2,op1,15,linear3,,37.5
p1325,1174.5040000000001,INTERACTIVE,op1,,1,const,,55
p1325,,,op2,op1,2,sqrt,,55
p1326,1174.5040000000001,INTERACTIVE,op1,,1,const,,55
p1326,,,op2,op1,80,squared,,10
p1327,1174.5040000000001,BATCH_PIPELINE,op1,,1,const,,55
p1327,,,op2,op1,1,const,,55
p1328,1174.5040000000001,QUERY,op1,,15,linear3,,35
p1329,1174.5040000000001,BATCH_PIPELINE,op1,,1,const,,55
p1330,1174.5040000000001,BATCH_PIPELINE,op1,,1,const,,55
p1330,,,op2,op1,15,linear3,,37.5
p1331,1179.336,BATCH_PIPELINE,op1,,1,const,,55
p1331,,,op2,op1,1,const,,55
p1332,1179.336,BATCH_PIPELINE,op1,,1,const,,55
p1332,,,op2,op1,40,linear7,,20
p1333,1179.336,INTERACTIVE,op1,,1,const,,55
p1334,1179.336,BATCH_PIPELINE,op1,,1,const,,55
p1334,,,op2,op1,20,linear7,,30
p1334,,,op3,op2,20,linear7,,30
p1335,1179.336,INTERACTIVE,op1,,1,const,,55
p1335,,,op2,op1,20,linear7,,30
p1336,1179.336,INTERACTIVE,op1,,1,const,,55
p1336,,,op2,op1,1,const,,55
p1337,1179.336,INTERACTIVE,op1,,1,const,,55
p1337,,,op2,op1,2,sqrt,,55
p1338,1179.336,QUERY,op1,,15,linear3,,35
p1339,1179.336,BATCH_PIPELINE,op1,,1,const,,55
p1339,,,op2,op1,1,const,,55
p1339,,,op3,op1,15,linear3,,37.5
p1340,1179.336,BATCH_PIPELINE,op1,,1,const,,55
p1340,,,op2,,2,sqrt,,55
p1340,,,op3,op1;op2,1,const,,55
p1341,1187.263,BATCH_PIPELINE,op1,,1,const,,55
p1342,1187.263,BATCH_PIPELINE,op1,,1,const,,55
p1342,,,op2,op1,20,linear7,,30
p1342,,,op3,op2,20,linear7,,30
p1343,1187.263,BATCH_PIPELINE,op1,,1,const,,55
p1344,1187.263,INTERACTIVE,op1,,1,const,,55
p1344,,,op2,op1,20,linear7,,30
p1345,1187.263,INTERACTIVE,op1,,1,const,,55
p1345,,,op2,op1,5,linear3,,45
p1346,1187.263,BATCH_PIPELINE,op1,,1,const,,55
p1346,,,op2,op1,20,linear7,,30
p1346,,,op3,op2,15,linear3,,37.5
p1347,1187.263,INTERACTIVE,op1,,1,const,,55
p1347,,,op2,op1,15,linear3,,37.5
p1348,1187.263,BATCH_PIPELINE,op1,,1,const,,55
p1348,,,op2,op1,5,linear3,,45
p1348,,,op3,op2,15,linear3,,37.5
p1349,1187.263,BATCH_PIPELINE,op1,,1,const,,55
p1350,1187.263,BATCH_PIPELINE,op1,,1,const,,55
p1350,,,op2,op1,2,sqrt,,55
p1350,,,op3,op2,80,squared,,10
p1351,1197.593,QUERY,op1,,15,linear3,,35
p1352,1197.593,INTERACTIVE,op1,,1,const,,55
p1352,,,op2,op1,80,squared,,10
p1353,1197.593,BATCH_PIPELINE,op1,,1,const,,55
p1354,1197.593,QUERY,op1,,15,linear3,,35
p1355,1197.593,BATCH_PIPELINE,op1,,1,const,,55
p1356,1197.593,INTERACTIVE,op1,,1,const,,55
p1357,1197.593,INTERACTIVE,op1,,1,const,,55
p1358,1197.593,BATCH_PIPELINE,op1,,1,const,,55
p1359,1197.593,QUERY,op1,,15,linear3,,35
p1360,1197.593,BATCH_PIPELINE,op1,,1,const,,55
p1361,1204.714,BATCH_PIPELINE,op1,,1,const,,55
p1362,1204.714,BATCH_PIPELINE,op1,,1,const,,55
p1363,1204.714,BATCH_PIPELINE,op1,,1,const,,55
p1364,1204.714,QUERY,op1,,15,linear3,,35
p1365,1204.714,BATCH_PIPELINE,op1,,1,const,,55
p1365,,,op2,op1,2,sqrt,,55
p1366,1204.714,QUERY,op1,,15,linear3,,35
p1367,1204.714,INTERACTIVE,op1,,1,const,,55
p1367,,,op2,op1,80,squared,,10
p1368,1204.714,BATCH_PIPELINE,op1,,1,const,,55
p1368,,,op2,op1,80,squared,,10
p1368,,,op3,op1,2,sqrt,,55
p1369,1204.714,BATCH_PIPELINE,op1,,1,const,,55
p1370,1204.714,BATCH_PIPELINE,op1,,1,const,,55
p1370,,,op2,op1,40,linear7,,20
p1371,1214.574,INTERACTIVE,op1,,1,const,,55
p1372,1214.574,BATCH_PIPELINE,op1,,1,const,,55
p1372,,,op2,op1,2,sqrt,,55
p1373,1214.574,QUERY,op1,,15,linear3,,35
p1374,1214.574,BATCH_PIPELINE,op1,,1,const,,55
p1375,1214.574,BATCH_PIPELINE,op1,,1,const,,55
p1376,1214.574,BATCH_PIPELINE,op1,,1,const,,55
p1376,,,op2,op1,5,linear3,,45
p1377,1214.574,BATCH_PIPELINE,op1,,1,const,,55
p1377,,,op2,op1,40,linear7,,20
p1378,1214.574,BATCH_PIPELINE,op1,,1,const,,55
p1378,,,op2,op1,1,const,,55
p1379,1214.574,INTERACTIVE,op1,,1,const,,55
p1379,,,op2,op1,20,linear7,,30
p1380,1214.574,BATCH_PIPELINE,op1,,1,const,,55
p1381,1224.534,BATCH_PIPELINE,op1,,1,const,,55
p1381,,,op2,op1,5,linear3,,45
p1381,,,op3,op2,80,squared,,10
p1382,1224.534,INTERACTIVE,op1,,1,const,,55
p1383,1224.534,QUERY,op1,,15,linear3,,35
p1384,1224.534,INTERACTIVE,op1,,1,const,,55
p1385,1224.534,BATCH_PIPELINE,op1,,1,const,,55
p1385,,,op2,op1,5,linear3,,45
p1386,1224.534,INTERACTIVE,op1,,1,const,,55
p1386,,,op2,op1,15,linear3,,37.5
p1387,1224.534,BATCH_PIPELINE,op1,,1,const,,55
p1387,,,op2,,5,linear3,,45
p1387,,,op3,op1;op2,15,linear3,,37.5
p1388,1224.534,QUERY,op1,,15,linear3,,35
p1389,1224.534,BATCH_PIPELINE,op1,,1,const,,55
p1389,,,op2,op1,5,linear3,,45
p1390,1224.534,INTERACTIVE,op1,,1,const,,55
p1391,1233.112,BATCH_PIPELINE,op1,,1,const,,55
p1391,,,op2,op1,2,sqrt,,55
p1392,1233.112,INTERACTIVE,op1,,1,const,,55
p1392,,,op2,op1,20,linear7,,30
p1393,1233.112,INTERACTIVE,op1,,1,const,,55
p1393,,,op2,op1,15,linear3,,37.5
p1393,,,op3,op2,40,linear7,,20
p1394,1233.112,INTERACTIVE,op1,,1,const,,55
p1395,1233.112,INTERACTIVE,op1,,1,const,,55
p1395,,,op2,op1,80,squared,,10
p1396,1233.112,INTERACTIVE,op1,,1,const,,55
p1397,1233.112,INTERACTIVE,op1,,1,const,,55
p1397,,,op2,op1,1,const,,55
p1397,,,op3,op2,5,linear3,,45
p1398,1233.112,BATCH_PIPELINE,op1,,1,const,,55
p1399,1233.112,BATCH_PIPELINE,op1,,1,const,,55
p1400,1233.112,BATCH_PIPELINE,op1,,1,const,,55
p1401,1240.2,INTERACTIVE,op1,,1,const,,55
p1401,,,op2,op1,1,const,,55
p1402,1240.2,BATCH_PIPELINE,op1,,1,const,,55
p1402,,,op2,op1,1,const,,55
p1402,,,op3,op2,1,const,,55
p1403,1240.2,BATCH_PIPELINE,op1,,1,const,,55
p1404,1240.2,INTERACTIVE,op1,,1,const,,55
p1404,,,op2,op1,20,linear7,,30
p1405,1240.2,BATCH_PIPELINE,op1,,1,const,,55
p1406,1240.2,INTERACTIVE,op1,,1,const,,55
p1406,,,op2,op1,40,linear7,,20
p1407,1240.2,INTERACTIVE,op1,,1,const,,55
p1408,1240.2,BATCH_PIPELINE,op1,,1,const,,55
p1409,1240.2,BATCH_PIPELINE,op1,,1,const,,55
p1410,1240.2,BATCH_PIPELINE,op1,,1,const,,55
p1410,,,op2,op1,80,squared,,10
p1411,1248.869,INTERACTIVE,op1,,1,const,,55
p1412,1248.869,BATCH_PIPELINE,op1,,1,const,,55
p1412,,,op2,op1,20,linear7,,30
p1412,,,op3,op2,2,sqrt,,55
p1413,1248.869,BATCH_PIPELINE,op1,,1,const,,55
p1414,1248.869,INTERACTIVE,op1,,1,const,,55
p1415,1248.869,BATCH_PIPELINE,op1,,1,const,,55
p1416,1248.869,BATCH_PIPELINE,op1,,1,const,,55
p1417,1248.869,BATCH_PIPELINE,op1,,1,const,,55
p1417,,,op2,op1,2,sqrt,,55
p1418,1248.869,INTERACTIVE,op1,,1,const,,55
p1419,1248.869,INTERACTIVE,op1,,1,const,,55
p1419,,,op2,op1,5,linear3,,45
p1420,1248.869,BATCH_PIPELINE,op1,,1,const,,55
p1421,1262.453,BATCH_PIPELINE,op1,,1,const,,55
p1422,1262.453,INTERACTIVE,op1,,1,const,,55
p1423,1262.453,BATCH_PIPELINE,op1,,1,const,,55
p1424,1262.453,INTERACTIVE,op1,,1,const,,55
p1424,,,op2,op1,15,linear3,,37.5
p1425,1262.453,INTERACTIVE,op1,,1,const,,55
p1426,1262.453,QUERY,op1,,15,linear3,,35
p1427,1262.453,BATCH_PIPELINE,op1,,1,const,,55
p1427,,,op2,op1,1,const,,55
p1428,1262.453,INTERACTIVE,op1,,1,const,,55
p1429,1262.453,INTERACTIVE,op1,,1,const,,55
p1429,,,op2,op1,5,linear3,,45
p1430,1262.453,BATCH_PIPELINE,op1,,1,const,,55
p1431,1272.4470000000001,BATCH_PIPELINE,op1,,1,const,,55
p1431,,,op2,op1,5,linear3,,45
p1432,1272.4470000000001,INTERACTIVE,op1,,1,const,,55
p1432,,,op2,op1,2,sqrt,,55
p1433,1272.4470000000001,INTERACTIVE,op1,,1,const,,55
p1434,1272.4470000000001,BATCH_PIPELINE,op1,,1,const,,55
p1434,,,op2,op1,5,linear3,,45
p1434,,,op3,op2,1,const,,55
p1435,1272.4470000000001,BATCH_PIPELINE,op1,,1,const,,55
p1435,,,op2,op1,80,squared,,10
p1436,1272.4470000000001,BATCH_PIPELINE,op1,,1,const,,55
p1436,,,op2,op1,5,linear3,,45
p1437,1272.4470000000001,QUERY,op1,,15,linear3,,35
p1438,1272.4470000000001,BATCH_PIPELINE,op1,,1,const,,55
p1438,,,op2,op1,2,sqrt,,55
p1439,1272.4470000000001,INTERACTIVE,op1,,1,const,,55
p1439,,,op2,op1,15,linear3,,37.5
p1440,1272.4470000000001,BATCH_PIPELINE,op1,,1,const,,55
p1440,,,op2,op1,20,linear7,,30
p1441,1281.869,INTERACTIVE,op1,,1,const,,55
p1442,1281.869,BATCH_PIPELINE,op1,,1,const,,55
p1442,,,op2,op1,40,linear7,,20
p1443,1281.869,BATCH_PIPELINE,op1,,1,const,,55
p1444,1281.869,BATCH_PIPELINE,op1,,1,const,,55
p1445,1281.869,BATCH_PIPELINE,op1,,1,const,,55
p1446,1281.869,INTERACTIVE,op1,,1,const,,55
p1446,,,op2,op1,15,linear3,,37.5
p1447,1281.869,BATCH_PIPELINE,op1,,1,const,,55
p1448,1281.869,INTERACTIVE,op1,,1,const,,55
p1448,,,op2,op1,40,linear7,,20
p1449,1281.869,INTERACTIVE,op1,,1,const,,55
p1450,1281.869,BATCH_PIPELINE,op1,,1,const,,55
p1450,,,op2,op1,15,linear3,,37.5
p1450,,,op3,op2,1,const,,55
p1451,1292.24,INTERACTIVE,op1,,1,const,,55
p1452,1292.24,QUERY,op1,,15,linear3,,35
p1453,1292.24,BATCH_PIPELINE,op1,,1,const,,55
p1454,1292.24,BATCH_PIPELINE,op1,,1,const,,55
p1455,1292.24,BATCH_PIPELINE,op1,,1,const,,55
p1456,1292.24,INTERACTIVE,op1,,1,const,,55
p1457,1292.24,BATCH_PIPELINE,op1,,1,const,,55
p1457,,,op2,op1,40,linear7,,20
p1458,1292.24,BATCH_PIPELINE,op1,,1,const,,55
p1458,,,op2,op1,1,const,,55
p1459,1292.24,BATCH_PIPELINE,op1,,1,const,,55
p1460,1292.24,INTERACTIVE,op1,,1,const,,55
p1460,,,op2,op1,40,linear7,,20
p1461,1297.73,BATCH_PIPELINE,op1,,1,const,,55
p1462,1297.73,BATCH_PIPELINE,op1,,1,const,,55
p1462,,,op2,,20,linear7,,30
p1462,,,op3,op1;op2,15,linear3,,37.5
p1463,1297.73,BATCH_PIPELINE,op1,,1,const,,55
p1464,1297.73,BATCH_PIPELINE,op1,,1,const,,55
p1464,,,op2,op1,1,const,,55
p1465,1297.73,INTERACTIVE,op1,,1,const,,55
p1465,,,op2,op1,20,linear7,,30
p1466,1297.73,INTERACTIVE,op1,,1,const,,55
p1467,1297.73,BATCH_PIPELINE,op1,,1,const,,55
p1468,1297.73,QUERY,op1,,15,linear3,,35
p1469,1297.73,INTERACTIVE,op1,,1,const,,55
p1470,1297.73,BATCH_PIPELINE,op1,,1,const,,55
p1471,1305.829,BATCH_PIPELINE,op1,,1,const,,55
p1472,1305.829,BATCH_PIPELINE,op1,,1,const,,55
p1473,1305.829,QUERY,op1,,15,linear3,,35
p1474,1305.829,BATCH_PIPELINE,op1,,1,const,,55
p1474,,,op2,op1,15,linear3,,37.5
p1475,1305.829,INTERACTIVE,op1,,1,const,,55
p1476,1305.829,INTERACTIVE,op1,,1,const,,55
p1477,1305.829,INTERACTIVE,op1,,1,const,,55
p1478,1305.829,BATCH_PIPELINE,op1,,1,const,,55
p1479,1305.829,INTERACTIVE,op1,,1,const,,55
p1480,1305.829,BATCH_PIPELINE,op1,,1,const,,55
p1480,,,op2,op1,15,linear3,,37.5
p1480,,,op3,op2,40,linear7,,20
p1481,1313.185,QUERY,op1,,15,linear3,,35
p1482,1313.185,BATCH_PIPELINE,op1,,1,const,,55
p1483,1313.185,INTERACTIVE,op1,,1,const,,55
p1483,,,op2,op1,40,linear7,,20
p1484,1313.185,BATCH_PIPELINE,op1,,1,const,,55
p1485,1313.185,BATCH_PIPELINE,op1,,1,const,,55
p1486,1313.185,BATCH_PIPELINE,op1,,1,const,,55
p1486,,,op2,op1,15,linear3,,37.5
p1486,,,op3,op2,80,squared,,10
p1487,1313.185,BATCH_PIPELINE,op1,,1,const,,55
p1487,,,op2,,20,linear7,,30
p1487,,,op3,op1;op2,15,linear3,,37.5
p1488,1313.185,INTERACTIVE,op1,,1,const,,55
p1489,1313.185,INTERACTIVE,op1,,1,const,,55
p1489,,,op2,op1,40,linear7,,20
p1490,1313.185,QUERY,op1,,15,linear3,,35
p1491,1319.99,BATCH_PIPELINE,op1,,1,const,,55
p1492,1319.99,BATCH_PIPELINE,op1,,1,const,,55
p1492,,,op2,op1,15,linear3,,37.5
p1493,1319.99,QUERY,op1,,15,linear3,,35
p1494,1319.99,INTERACTIVE,op1,,1,const,,55
p1494,,,op2,op1,2,sqrt,,55
p1494,,,op3,op2,2,sqrt,,55
p1495,1319.99,INTERACTIVE,op1,,1,const,,55
p1495,,,op2,op1,15,linear3,,37.5
p1495,,,op3,op2,15,linear3,,37.5
p1496,1319.99,INTERACTIVE,op1,,1,const,,55
p1496,,,op2,op1,15,linear3,,37.5
p1497,1319.99,BATCH_PIPELINE,op1,,1,const,,55
p1498,1319.99,BATCH_PIPELINE,op1,,1,const,,55
p1498,,,op2,op1,20,linear7,,30
p1499,1319.99,BATCH_PIPELINE,op1,,1,const,,55
p1500,1319.99,INTERACTIVE,op1,,1,const,,55
p1500,,,op2,op1,5,linear3,,45
p1501,1328.804,INTERACTIVE,op1,,1,const,,55
p1501,,,op2,,80,squared,,10
p1501,,,op3,op1;op2,20,linear7,,30
p1502,1328.804,INTERACTIVE,op1,,1,const,,55
p1503,1328.804,BATCH_PIPELINE,op1,,1,const,,55
p1504,1328.804,BATCH_PIPELINE,op1,,1,const,,55
p1504,,,op2,op1,5,linear3,,45
p1505,1328.804,INTERACTIVE,op1,,1,const,,55
p1506,1328.804,QUERY,op1,,15,linear3,,35
p1507,1328.804,INTERACTIVE,op1,,1,const,,55
p1508,1328.804,BATCH_PIPELINE,op1,,1,const,,55
p1509,1328.804,BATCH_PIPELINE,op1,,1,const,,55
p1509,,,op2,op1,15,linear3,,37.5
p1509,,,op3,op2,40,linear7,,20
p1510,1328.804,BATCH_PIPELINE,op1,,1,const,,55
p1511,1338.9180000000001,INTERACTIVE,op1,,1,const,,55
p1512,1338.9180000000001,INTERACTIVE,op1,,1,const,,55
p1512,,,op2,,2,sqrt,,55
p1512,,,op3,op1;op2,5,linear3,,45
p1513,1338.9180000000001,BATCH_PIPELINE,op1,,1,const,,55
p1514,1338.9180000000001,BATCH_PIPELINE,op1,,1,const,,55
p1514,,,op2,op1,5,linear3,,45
p1515,1338.9180000000001,BATCH_PIPELINE,op1,,1,const,,55
p1515,,,op2,op1,80,squared,,10
p1515,,,op3,op2,40,linear7,,20
p1516,1338.9180000000001,BATCH_PIPELINE,op1,,1,const,,55
p1517,1338.9180000000001,QUERY,op1,,15,linear3,,35
p1518,1338.9180000000001,BATCH_PIPELINE,op1,,1,const,,55
p1518,,,op2,op1,15,linear3,,37.5
p1518,,,op3,op2,20,linear7,,30
p1519,1338.9180000000001,INTERACTIVE,op1,,1,const,,55
p1519,,,op2,op1,2,sqrt,,55
p1520,1338.9180000000001,INTERACTIVE,op1,,1,const,,55
p1520,,,op2,op1,20,linear7,,30
p1521,1351.097,QUERY,op1,,15,linear3,,35
p1522,1351.097,BATCH_PIPELINE,op1,,1,const,,55
p1523,1351.097,INTERACTIVE,op1,,1,const,,55
p1523,,,op2,op1,2,sqrt,,55
p1524,1351.097,BATCH_PIPELINE,op1,,1,const,,55
p1525,1351.097,BATCH_PIPELINE,op1,,1,const,,55
p1526,1351.097,INTERACTIVE,op1,,1,const,,55
p1526,,,op2,op1,5,linear3,,45
p1527,1351.097,BATCH_PIPELINE,op1,,1,const,,55
p1527,,,op2,op1,2,sqrt,,55
p1528,1351.097,BATCH_PIPELINE,op1,,1,const,,55
p1528,,,op2,op1,40,linear7,,20
p1529,1351.097,BATCH_PIPELINE,op1,,1,const,,55
p1529,,,op2,op1,40,linear7,,20
p1529,,,op3,op2,15,linear3,,37.5
p1530,1351.097,BATCH_PIPELINE,op1,,1,const,,55
p1531,1359.396,BATCH_PIPELINE,op1,,1,const,,55
p1532,1359.396,INTERACTIVE,op1,,1,const,,55
p1533,1359.396,QUERY,op1,,15,linear3,,35
p1534,1359.396,INTERACTIVE,op1,,1,const,,55
p1535,1359.396,BATCH_PIPELINE,op1,,1,const,,55
p1536,1359.396,BATCH_PIPELINE,op1,,1,const,,55
p1536,,,op2,op1,80,squared,,10
p1536,,,op3,op2,40,linear7,,20
p1537,1359.396,BATCH_PIPELINE,op1,,1,const,,55
p1538,1359.396,BATCH_PIPELINE,op1,,1,const,,55
p1538,,,op2,,20,linear7,,30
p1538,,,op3,op1;op2,1,const,,55
p1539,1359.396,BATCH_PIPELINE,op1,,1,const,,55
p1540,1359.396,BATCH_PIPELINE,op1,,1,const,,55
p1540,,,op2,op1,20,linear7,,30
p1541,1369.593,BATCH_PIPELINE,op1,,1,const,,55
p1542,1369.593,BATCH_PIPELINE,op1,,1,const,,55
p1542,,,op2,op1,20,linear7,,30
p1543,1369.593,INTERACTIVE,op1,,1,const,,55
p1544,1369.593,BATCH_PIPELINE,op1,,1,const,,55
p1545,1369.593,INTERACTIVE,op1,,1,const,,55
p1546,1369.593,INTERACTIVE,op1,,1,const,,55
p1546,,,op2,op1,40,linear7,,20
p1547,1369.593,INTERACTIVE,op1,,1,const,,55
p1547,,,op2,op1,5,linear3,,45
p1548,1369.593,BATCH_PIPELINE,op1,,1,const,,55
p1548,,,op2,op1,2,sqrt,,55
p1548,,,op3,op2,15,linear3,,37.5
p1549,1369.593,INTERACTIVE,op1,,1,const,,55
p1549,,,op2,op1,5,linear3,,45
p1550,1369.593,QUERY,op1,,15,linear3,,35
p1551,1379.988,BATCH_PIPELINE,op1,,1,const,,55
p1552,1379.988,BATCH_PIPELINE,op1,,1,const,,55
p1552,,,op2,op1,80,squared,,10
p1552,,,op3,op2,15,linear3,,37.5
p1553,1379.988,BATCH_PIPELINE,op1,,1,const,,55
p1553,,,op2,op1,2,sqrt,,55
p1553,,,op3,op2,2,sqrt,,55
p1554,1379.988,BATCH_PIPELINE,op1,,1,const,,55
p1555,1379.988,BATCH_PIPELINE,op1,,1,const,,55
p1555,,,op2,op1,1,const,,55
p1556,1379.988,INTERACTIVE,op1,,1,const,,55
p1556,,,op2,op1,5,linear3,,45
p1557,1379.988,BATCH_PIPELINE,op1,,1,const,,55
p1557,,,op2,op1,80,squared,,10
p1558,1379.988,INTERACTIVE,op1,,1,const,,55
p1558,,,op2,op1,20,linear7,,30
p1559,1379.988,BATCH_PIPELINE,op1,,1,const,,55
p1559,,,op2,op1,40,linear7,,20
p1560,1379.988,INTERACTIVE,op1,,1,const,,55
p1560,,,op2,op1,20,linear7,,30
p1561,1391.534,BATCH_PIPELINE,op1,,1,const,,55
p1561,,,op2,op1,1,const,,55
p1562,1391.534,BATCH_PIPELINE,op1,,1,const,,55
p1563,1391.534,INTERACTIVE,op1,,1,const,,55
p1563,,,op2,op1,5,linear3,,45
p1564,1391.534,BATCH_PIPELINE,op1,,1,const,,55
p1564,,,op2,op1,5,linear3,,45
p1565,1391.534,QUERY,op1,,15,linear3,,35
p1566,1391.534,INTERACTIVE,op1,,1,const,,55
p1567,1391.534,BATCH_PIPELINE,op1,,1,const,,55
p1568,1391.534,BATCH_PIPELINE,op1,,1,const,,55
p1568,,,op2,op1,15,linear3,,37.5
p1568,,,op3,op2,80,squared,,10
p1569,1391.534,INTERACTIVE,op1,,1,const,,55
p1569,,,op2,op1,80,squared,,10
p1569,,,op3,op2,40,linear7,,20
p1570,1391.534,QUERY,op1,,15,linear3,,35
p1571,1400.387,INTERACTIVE,op1,,1,const,,55
p1571,,,op2,op1,15,linear3,,37.5
p1572,1400.387,BATCH_PIPELINE,op1,,1,const,,55
p1572,,,op2,op1,5,linear3,,45
p1572,,,op3,op2,40,linear7,,20
p1573,1400.387,BATCH_PIPELINE,op1,,1,const,,55
p1574,1400.387,BATCH_PIPELINE,op1,,1,const,,55
p1574,,,op2,op1,1,const,,55
p1574,,,op3,op2,5,linear3,,45
p1575,1400.387,INTERACTIVE,op1,,1,const,,55
p1576,1400.387,BATCH_PIPELINE,op1,,1,const,,55
p1577,1400.387,INTERACTIVE,op1,,1,const,,55
p1577,,,op2,op1,40,linear7,,20
p1578,1400.387,INTERACTIVE,op1,,1,const,,55
p1578,,,op2,op1,40,linear7,,20
p1578,,,op3,op2,1,const,,55
p1579,1400.387,BATCH_PIPELINE,op1,,1,const,,55
p1579,,,op2,op1,1,const,,55
p1580,1400.387,QUERY,op1,,15,linear3,,35
p1581,1406.9460000000001,BATCH_PIPELINE,op1,,1,const,,55
p1581,,,op2,op1,5,linear3,,45
p1582,1406.9460000000001,INTERACTIVE,op1,,1,const,,55
p1582,,,op2,op1,20,linear7,,30
p1582,,,op3,op2,40,linear7,,20
p1583,1406.9460000000001,INTERACTIVE,op1,,1,const,,55
p1584,1406.9460000000001,INTERACTIVE,op1,,1,const,,55
p1585,1406.9460000000001,INTERACTIVE,op1,,1,const,,55
p1586,1406.9460000000001,INTERACTIVE,op1,,1,const,,55
p1586,,,op2,op1,1,const,,55
p1586,,,op3,op2,20,linear7,,30
p1587,1406.9460000000001,BATCH_PIPELINE,op1,,1,const,,55
p1587,,,op2,op1,2,sqrt,,55
p1587,,,op3,op2,5,linear3,,45
p1588,1406.9460000000001,BATCH_PIPELINE,op1,,1,const,,55
p1588,,,op2,op1,15,linear3,,37.5
p1589,1406.9460000000001,BATCH_PIPELINE,op1,,1,const,,55
p1589,,,op2,op1,40,linear7,,20
p1590,1406.9460000000001,BATCH_PIPELINE,op1,,1,const,,55
p1591,1418.862,INTERACTIVE,op1,,1,const,,55
p1592,1418.862,BATCH_PIPELINE,op1,,1,const,,55
p1593,1418.862,INTERACTIVE,op1,,1,const,,55
p1594,1418.862,BATCH_PIPELINE,op1,,1,const,,55
p1594,,,op2,op1,5,linear3,,45
p1595,1418.862,BATCH_PIPELINE,op1,,1,const,,55
p1596,1418.862,BATCH_PIPELINE,op1,,1,const,,55
p1596,,,op2,op1,15,linear3,,37.5
p1597,1418.862,QUERY,op1,,15,linear3,,35
p1598,1418.862,BATCH_PIPELINE,op1,,1,const,,55
p1599,1418.862,BATCH_PIPELINE,op1,,1,const,,55
p1599,,,op2,op1,2,sqrt,,55
p1600,1418.862,BATCH_PIPELINE,op1,,1,const,,55
p1600,,,op2,op1,20,linear7,,30
p1601,1426.664,BATCH_PIPELINE,op1,,1,const,,55
p1601,,,op2,op1,20,linear7,,30
p1601,,,op3,op2,80,squared,,10
p1602,1426.664,QUERY,op1,,15,linear3,,35
p1603,1426.664,BATCH_PIPELINE,op1,,1,const,,55
p1604,1426.664,BATCH_PIPELINE,op1,,1,const,,55
p1605,1426.664,BATCH_PIPELINE,op1,,1,const,,55
p1605,,,op2,op1,20,linear7,,30
p1606,1426.664,BATCH_PIPELINE,op1,,1,const,,55
p1607,1426.664,QUERY,op1,,15,linear3,,35
p1608,1426.664,INTERACTIVE,op1,,1,const,,55
p1609,1426.664,BATCH_PIPELINE,op1,,1,const,,55
p1610,1426.664,INTERACTIVE,op1,,1,const,,55
p1610,,,op2,op1,15,linear3,,37.5
p1611,1432.1970000000001,QUERY,op1,,15,linear3,,35
p1612,1432.1970000000001,BATCH_PIPELINE,op1,,1,const,,55
p1613,1432.1970000000001,BATCH_PIPELINE,op1,,1,const,,55
p1613,,,op2,op1,20,linear7,,30
p1614,1432.1970000000001,INTERACTIVE,op1,,1,const,,55
p1615,1432.1970000000001,INTERACTIVE,op1,,1,const,,55
p1616,1432.1970000000001,QUERY,op1,,15,linear3,,35
p1617,1432.1970000000001,BATCH_PIPELINE,op1,,1,const,,55
p1618,1432.1970000000001,BATCH_PIPELINE,op1,,1,const,,55
p1619,1432.1970000000001,BATCH_PIPELINE,op1,,1,const,,55
p1620,1432.1970000000001,BATCH_PIPELINE,op1,,1,const,,55
p1620,,,op2,op1,15,linear3,,37.5
p1621,1442.032,INTERACTIVE,op1,,1,const,,55
p1622,1442.032,INTERACTIVE,op1,,1,const,,55
p1622,,,op2,op1,20,linear7,,30
p1622,,,op3,op2,2,sqrt,,55
p1623,1442.032,BATCH_PIPELINE,op1,,1,const,,55
p1624,1442.032,INTERACTIVE,op1,,1,const,,55
p1625,1442.032,BATCH_PIPELINE,op1,,1,const,,55
p1625,,,op2,op1,1,const,,55
p1626,1442.032,BATCH_PIPELINE,op1,,1,const,,55
p1626,,,op2,op1,20,linear7,,30
p1627,1442.032,BATCH_PIPELINE,op1,,1,const,,55
p1628,1442.032,QUERY,op1,,15,linear3,,35
p1629,1442.032,QUERY,op1,,15,linear3,,35
p1630,1442.032,BATCH_PIPELINE,op1,,1,const,,55
p1630,,,op2,op1,5,linear3,,45
p1631,1447.5140000000001,QUERY,op1,,15,linear3,,35
p1632,1447.5140000000001,BATCH_PIPELINE,op1,,1,const,,55
p1633,1447.5140000000001,BATCH_PIPELINE,op1,,1,const,,55
p1634,1447.5140000000001,INTERACTIVE,op1,,1,const,,55
p1634,,,op2,op1,2,sqrt,,55
p1635,1447.5140000000001,INTERACTIVE,op1,,1,const,,55
p1635,,,op2,op1,40,linear7,,20
p1636,1447.5140000000001,BATCH_PIPELINE,op1,,1,const,,55
p1637,1447.5140000000001,BATCH_PIPELINE,op1,,1,const,,55
p1637,,,op2,op1,20,linear7,,30
p1638,1447.5140000000001,INTERACTIVE,op1,,1,const,,55
p1639,1447.5140000000001,BATCH_PIPELINE,op1,,1,const,,55
p1640,1447.5140000000001,BATCH_PIPELINE,op1,,1,const,,55
p1640,,,op2,op1,15,linear3,,37.5
p1641,1453.6770000000001,BATCH_PIPELINE,op1,,1,const,,55
p1641,,,op2,op1,20,linear7,,30
p1642,1453.6770000000001,QUERY,op1,,15,linear3,,35
p1643,1453.6770000000001,INTERACTIVE,op1,,1,const,,55
p1644,1453.6770000000001,BATCH_PIPELINE,op1,,1,const,,55
p1645,1453.6770000000001,BATCH_PIPELINE,op1,,1,const,,55
p1645,,,op2,op1,80,squared,,10
p1646,1453.6770000000001,INTERACTIVE,op1,,1,const,,55
p1646,,,op2,op1,5,linear3,,45
p1647,1453.6770000000001,QUERY,op1,,15,linear3,,35
p1648,1453.6770000000001,BATCH_PIPELINE,op1,,1,const,,55
p1649,1453.6770000000001,INTERACTIVE,op1,,1,const,,55
p1650,1453.6770000000001,BATCH_PIPELINE,op1,,1,const,,55
p1650,,,op2,op1,1,const,,55
p1651,1463.681,INTERACTIVE,op1,,1,const,,55
p1651,,,op2,op1,5,linear3,,45
p1652,1463.681,BATCH_PIPELINE,op1,,1,const,,55
p1652,,,op2,op1,40,linear7,,20
p1653,1463.681,BATCH_PIPELINE,op1,,1,const,,55
p1654,1463.681,BATCH_PIPELINE,op1,,1,const,,55
p1654,,,op2,op1,1,const,,55
p1655,1463.681,BATCH_PIPELINE,op1,,1,const,,55
p1655,,,op2,op1,5,linear3,,45
p1656,1463.681,INTERACTIVE,op1,,1,const,,55
p1657,1463.681,BATCH_PIPELINE,op1,,1,const,,55
p1657,,,op2,op1,5,linear3,,45
p1658,1463.681,BATCH_PIPELINE,op1,,1,const,,55
p1658,,,op2,,15,linear3,,37.5
p1658,,,op3,op1;op2,5,linear3,,45
p1659,1463.681,BATCH_PIPELINE,op1,,1,const,,55
p1659,,,op2,op1,15,linear3,,37.5
p1660,1463.681,BATCH_PIPELINE,op1,,1,const,,55
p1661,1471.538,BATCH_PIPELINE,op1,,1,const,,55
p1661,,,op2,op1,20,linear7,,30
p1662,1471.538,INTERACTIVE,op1,,1,const,,55
p1662,,,op2,op1,2,sqrt,,55
p1662,,,op3,op2,2,sqrt,,55
p1663,1471.538,BATCH_PIPELINE,op1,,1,const,,55
p1663,,,op2,op1,20,linear7,,30
p1663,,,op3,op2,2,sqrt,,55
p1664,1471.538,INTERACTIVE,op1,,1,const,,55
p1665,1471.538,BATCH_PIPELINE,op1,,1,const,,55
p1665,,,op2,op1,15,linear3,,37.5
p1666,1471.538,BATCH_PIPELINE,op1,,1,const,,55
p1667,1471.538,BATCH_PIPELINE,op1,,1,const,,55
p1667,,,op2,op1,15,linear3,,37.5
p1667,,,op3,op2,2,sqrt,,55
p1668,1471.538,INTERACTIVE,op1,,1,const,,55
p1668,,,op2,op1,15,linear3,,37.5
p1668,,,op3,op2,5,linear3,,45
p1669,1471.538,INTERACTIVE,op1,,1,const,,55
p1670,1471.538,BATCH_PIPELINE,op1,,1,const,,55
p1671,1480.521,QUERY,op1,,15,linear3,,35
p1672,1480.521,BATCH_PIPELINE,op1,,1,const,,55
p1672,,,op2,op1,20,linear7,,30
p1673,1480.521,INTERACTIVE,op1,,1,const,,55
p1673,,,op2,op1,15,linear3,,37.5
p1673,,,op3,op2,1,const,,55
p1674,1480.521,BATCH_PIPELINE,op1,,1,const,,55
p1674,,,op2,,1,const,,55
p1674,,,op3,op1;op2,15,linear3,,37.5
p1675,1480.521,INTERACTIVE,op1,,1,const,,55
p1675,,,op2,op1,1,const,,55
p1676,1480.521,INTERACTIVE,op1,,1,const,,55
p1676,,,op2,op1,40,linear7,,20
p1677,1480.521,INTERACTIVE,op1,,1,const,,55
p1677,,,op2,op1,20,linear7,,30
p1677,,,op3,op2,20,linear7,,30
p1678,1480.521,BATCH_PIPELINE,op1,,1,const,,55
p1679,1480.521,QUERY,op1,,15,linear3,,35
p1680,1480.521,INTERACTIVE,op1,,1,const,,55
p1680,,,op2,op1,40,linear7,,20
p1681,1492.106,BATCH_PIPELINE,op1,,1,const,,55
p1681,,,op2,op1,5,linear3,,45
p1682,1492.106,BATCH_PIPELINE,op1,,1,const,,55
p1683,1492.106,BATCH_PIPELINE,op1,,1,const,,55
p1684,1492.106,QUERY,op1,,15,linear3,,35
p1685,1492.106,INTERACTIVE,op1,,1,const,,55
p1686,1492.106,BATCH_PIPELINE,op1,,1,const,,55
p1686,,,op2,op1,20,linear7,,30
p1687,1492.106,INTERACTIVE,op1,,1,const,,55
p1687,,,op2,op1,20,linear7,,30
p1687,,,op3,op2,15,linear3,,37.5
p1688,1492.106,INTERACTIVE,op1,,1,const,,55
p1688,,,op2,,15,linear3,,37.5
p1688,,,op3,op1;op2,1,const,,55
p1689,1492.106,INTERACTIVE,op1,,1,const,,55
p1690,1492.106,BATCH_PIPELINE,op1,,1,const,,55
p1690,,,op2,op1,2,sqrt,,55
p1691,1504.2,BATCH_PIPELINE,op1,,1,const,,55
p1691,,,op2,op1,40,linear7,,20
p1692,1504.2,INTERACTIVE,op1,,1,const,,55
p1692,,,op2,op1,15,linear3,,37.5
p1693,1504.2,BATCH_PIPELINE,op1,,1,const,,55
p1694,1504.2,BATCH_PIPELINE,op1,,1,const,,55
p1695,1504.2,BATCH_PIPELINE,op1,,1,const,,55
p1696,1504.2,QUERY,op1,,15,linear3,,35
p1697,1504.2,INTERACTIVE,op1,,1,const,,55
p1698,1504.2,INTERACTIVE,op1,,1,const,,55
p1698,,,op2,op1,40,linear7,,20
p1699,1504.2,BATCH_PIPELINE,op1,,1,const,,55
p1700,1504.2,BATCH_PIPELINE,op1,,1,const,,55
p1700,,,op2,op1,5,linear3,,45
p1701,1510.21,QUERY,op1,,15,linear3,,35
p1702,1510.21,INTERACTIVE,op1,,1,const,,55
p1703,1510.21,BATCH_PIPELINE,op1,,1,const,,55
p1703,,,op2,,5,linear3,,45
p1703,,,op3,op1;op2,1,const,,55
p1704,1510.21,BATCH_PIPELINE,op1,,1,const,,55
p1704,,,op2,op1,5,linear3,,45
p1705,1510.21,BATCH_PIPELINE,op1,,1,const,,55
p1705,,,op2,op1,15,linear3,,37.5
p1706,1510.21,INTERACTIVE,op1,,1,const,,55
p1707,1510.21,BATCH_PIPELINE,op1,,1,const,,55
p1707,,,op2,op1,20,linear7,,30
p1708,1510.21,BATCH_PIPELINE,op1,,1,const,,55
p1708,,,op2,op1,15,linear3,,37.5
p1708,,,op3,op2,40,linear7,,20
p1709,1510.21,BATCH_PIPELINE,op1,,1,const,,55
p1709,,,op2,op1,2,sqrt,,55
p1710,1510.21,BATCH_PIPELINE,op1,,1,const,,55
p1710,,,op2,op1,40,linear7,,20
p1711,1522.17,BATCH_PIPELINE,op1,,1,const,,55
p1711,,,op2,op1,20,linear7,,30
p1711,,,op3,op2,2,sqrt,,55
p1712,1522.17,BATCH_PIPELINE,op1,,1,const,,55
p1713,1522.17,BATCH_PIPELINE,op1,,1,const,,55
p1713,,,op2,,80,squared,,10
p1713,,,op3,op1;op2,15,linear3,,37.5
p1714,1522.17,BATCH_PIPELINE,op1,,1,const,,55
p1715,1522.17,INTERACTIVE,op1,,1,const,,55
p1716,1522.17,BATCH_PIPELINE,op1,,1,const,,55
p1716,,,op2,op1,15,linear3,,37.5
p1716,,,op3,op1,15,linear3,,37.5
p1717,1522.17,BATCH_PIPELINE,op1,,1,const,,55
p1717,,,op2,op1,80,squared,,10
p1717,,,op3,op2,20,linear7,,30
p1718,1522.17,INTERACTIVE,op1,,1,const,,55
p1718,,,op2,op1,80,squared,,10
p1719,1522.17,BATCH_PIPELINE,op1,,1,const,,55
p1719,,,op2,op1,20,linear7,,30
p1720,1522.17,INTERACTIVE,op1,,1,const,,55
p1720,,,op2,op1,15,linear3,,37.5
p1721,1530.433,BATCH_PIPELINE,op1,,1,const,,55
p1722,1530.433,INTERACTIVE,op1,,1,const,,55
p1722,,,op2,op1,15,linear3,,37.5
p1722,,,op3,op2,2,sqrt,,55
p1723,1530.433,BATCH_PIPELINE,op1,,1,const,,55
p1723,,,op2,op1,15,linear3,,37.5
p1723,,,op3,op2,20,linear7,,30
p1724,1530.433,INTERACTIVE,op1,,1,const,,55
p1724,,,op2,op1,15,linear3,,37.5
p1725,1530.433,BATCH_PIPELINE,op1,,1,const,,55
p1725,,,op2,op1,5,linear3,,45
p1726,1530.433,INTERACTIVE,op1,,1,const,,55
p1726,,,op2,op1,2,sqrt,,55
p1726,,,op3,op2,2,sqrt,,55
p1727,1530.433,INTERACTIVE,op1,,1,const,,55
p1727,,,op2,op1,15,linear3,,37.5
p1728,1530.433,INTERACTIVE,op1,,1,const,,55
p1729,1530.433,BATCH_PIPELINE,op1,,1,const,,55
p1730,1530.433,BATCH_PIPELINE,op1,,1,const,,55
p1730,,,op2,op1,20,linear7,,30
p1731,1535.294,QUERY,op1,,15,linear3,,35
p1732,1535.294,BATCH_PIPELINE,op1,,1,const,,55
p1733,1535.294,INTERACTIVE,op1,,1,const,,55
p1733,,,op2,op1,40,linear7,,20
p1734,1535.294,BATCH_PIPELINE,op1,,1,const,,55
p1735,1535.294,INTERACTIVE,op1,,1,const,,55
p1736,1535.294,BATCH_PIPELINE,op1,,1,const,,55
p1736,,,op2,op1,20,linear7,,30
p1737,1535.294,BATCH_PIPELINE,op1,,1,const,,55
p1737,,,op2,op1,1,const,,55
p1737,,,op3,op2,80,squared,,10
p1738,1535.294,INTERACTIVE,op1,,1,const,,55
p1738,,,op2,op1,5,linear3,,45
p1738,,,op3,op2,15,linear3,,37.5
p1739,1535.294,INTERACTIVE,op1,,1,const,,55
p1739,,,op2,op1,15,linear3,,37.5
p1739,,,op3,op2,15,linear3,,37.5
p1740,1535.294,INTERACTIVE,op1,,1,const,,55
p1740,,,op2,op1,5,linear3,,45
p1740,,,op3,op2,5,linear3,,45
p1741,1543.049,INTERACTIVE,op1,,1,const,,55
p1742,1543.049,INTERACTIVE,op1,,1,const,,55
p1743,1543.049,INTERACTIVE,op1,,1,const,,55
p1743,,,op2,op1,5,linear3,,45
p1744,1543.049,INTERACTIVE,op1,,1,const,,55
p1745,1543.049,BATCH_PIPELINE,op1,,1,const,,55
p1745,,,op2,op1,2,sqrt,,55
p1746,1543.049,INTERACTIVE,op1,,1,const,,55
p1746,,,op2,op1,20,linear7,,30
p1747,1543.049,BATCH_PIPELINE,op1,,1,const,,55
p1747,,,op2,op1,20,linear7,,30
p1748,1543.049,BATCH_PIPELINE,op1,,1,const,,55
p1749,1543.049,BATCH_PIPELINE,op1,,1,const,,55
p1750,1543.049,BATCH_PIPELINE,op1,,1,const,,55
p1751,1553.767,QUERY,op1,,15,linear3,,35
p1752,1553.767,BATCH_PIPELINE,op1,,1,const,,55
p1753,1553.767,INTERACTIVE,op1,,1,const,,55
p1753,,,op2,op1,15,linear3,,37.5
p1753,,,op3,op1,1,const,,55
p1754,1553.767,BATCH_PIPELINE,op1,,1,const,,55
p1755,1553.767,BATCH_PIPELINE,op1,,1,const,,55
p1755,,,op2,op1,2,sqrt,,55
p1756,1553.767,BATCH_PIPELINE,op1,,1,const,,55
p1757,1553.767,INTERACTIVE,op1,,1,const,,55
p1757,,,op2,op1,5,linear3,,45
p1757,,,op3,op2,5,linear3,,45
p1758,1553.767,BATCH_PIPELINE,op1,,1,const,,55
p1758,,,op2,op1,20,linear7,,30
p1759,1553.767,BATCH_PIPELINE,op1,,1,const,,55
p1760,1553.767,BATCH_PIPELINE,op1,,1,const,,55
p1760,,,op2,op1,20,linear7,,30
p1761,1561.567,QUERY,op1,,15,linear3,,35
p1762,1561.567,BATCH_PIPELINE,op1,,1,const,,55
p1763,1561.567,BATCH_PIPELINE,op1,,1,const,,55
p1763,,,op2,op1,20,linear7,,30
p1763,,,op3,op2,5,linear3,,45
p1764,1561.567,BATCH_PIPELINE,op1,,1,const,,55
p1765,1561.567,QUERY,op1,,15,linear3,,35
p1766,1561.567,BATCH_PIPELINE,op1,,1,const,,55
p1766,,,op2,op1,15,linear3,,37.5
p1767,1561.567,BATCH_PIPELINE,op1,,1,const,,55
p1767,,,op2,op1,20,linear7,,30
p1767,,,op3,op2,20,linear7,,30
p1768,1561.567,INTERACTIVE,op1,,1,const,,55
p1769,1561.567,INTERACTIVE,op1,,1,const,,55
p1769,,,op2,op1,15,linear3,,37.5
p1770,1561.567,INTERACTIVE,op1,,1,const,,55
p1770,,,op2,op1,80,squared,,10
p1770,,,op3,op2,1,const,,55
p1771,1568.74,BATCH_PIPELINE,op1,,1,const,,55
p1771,,,op2,op1,2,sqrt,,55
p1772,1568.74,QUERY,op1,,15,linear3,,35
p1773,1568.74,BATCH_PIPELINE,op1,,1,const,,55
p1773,,,op2,op1,2,sqrt,,55
p1774,1568.74,BATCH_PIPELINE,op1,,1,const,,55
p1775,1568.74,BATCH_PIPELINE,op1,,1,const,,55
p1775,,,op2,op1,40,linear7,,20
p1776,1568.74,BATCH_PIPELINE,op1,,1,const,,55
p1776,,,op2,op1,5,linear3,,45
p1777,1568.74,INTERACTIVE,op1,,1,const,,55
p1778,1568.74,BATCH_PIPELINE,op1,,1,const,,55
p1778,,,op2,op1,80,squared,,10
p1779,1568.74,BATCH_PIPELINE,op1,,1,const,,55
p1780,1568.74,INTERACTIVE,op1,,1,const,,55
p1780,,,op2,op1,20,linear7,,30
p1781,1581.008,QUERY,op1,,15,linear3,,35
p1782,1581.008,BATCH_PIPELINE,op1,,1,const,,55
p1783,1581.008,BATCH_PIPELINE,op1,,1,const,,55
p1783,,,op2,op1,5,linear3,,45
p1783,,,op3,op2,5,linear3,,45
p1784,1581.008,BATCH_PIPELINE,op1,,1,const,,55
p1784,,,op2,op1,40,linear7,,20
p1785,1581.008,BATCH_PIPELINE,op1,,1,const,,55
p1786,1581.008,QUERY,op1,,15,linear3,,35
p1787,1581.008,BATCH_PIPELINE,op1,,1,const,,55
p1787,,,op2,op1,2,sqrt,,55
p1788,1581.008,INTERACTIVE,op1,,1,const,,55
p1789,1581.008,BATCH_PIPELINE,op1,,1,const,,55
p1789,,,op2,op1,15,linear3,,37.5
p1790,1581.008,BATCH_PIPELINE,op1,,1,const,,55
p1791,1588.484,BATCH_PIPELINE,op1,,1,const,,55
p1791,,,op2,op1,5,linear3,,45
p1791,,,op3,op2,2,sqrt,,55
p1792,1588.484,BATCH_PIPELINE,op1,,1,const,,55
p1793,1588.484,BATCH_PIPELINE,op1,,1,const,,55
p1793,,,op2,,5,linear3,,45
p1793,,,op3,op1;op2,2,sqrt,,55
p1794,1588.484,BATCH_PIPELINE,op1,,1,const,,55
p1794,,,op2,op1,15,linear3,,37.5
p1795,1588.484,BATCH_PIPELINE,op1,,1,const,,55
p1795,,,op2,op1,20,linear7,,30
p1795,,,op3,op2,1,const,,55
p1796,1588.484,INTERACTIVE,op1,,1,const,,55
p1796,,,op2,op1,1,const,,55
p1796,,,op3,op2,5,linear3,,45
p1797,1588.484,BATCH_PIPELINE,op1,,1,const,,55
p1797,,,op2,op1,2,sqrt,,55
p1797,,,op3,op2,15,linear3,,37.5
p1798,1588.484,BATCH_PIPELINE,op1,,1,const,,55
p1799,1588.484,BATCH_PIPELINE,op1,,1,const,,55
p1800,1588.484,BATCH_PIPELINE,op1,,1,const,,55
p1801,1597.633,BATCH_PIPELINE,op1,,1,const,,55
p1802,1597.633,BATCH_PIPELINE,op1,,1,const,,55
p1803,1597.633,BATCH_PIPELINE,op1,,1,const,,55
p1804,1597.633,BATCH_PIPELINE,op1,,1,const,,55
p1804,,,op2,op1,2,sqrt,,55
p1805,1597.633,BATCH_PIPELINE,op1,,1,const,,55
p1805,,,op2,op1,15,linear3,,37.5
p1805,,,op3,op2,5,linear3,,45
p1806,1597.633,INTERACTIVE,op1,,1,const,,55
p1807,1597.633,BATCH_PIPELINE,op1,,1,const,,55
p1807,,,op2,op1,2,sqrt,,55
p1807,,,op3,op2,40,linear7,,20
p1808,1597.633,BATCH_PIPELINE,op1,,1,const,,55
p1808,,,op2,op1,5,linear3,,45
p1809,1597.633,BATCH_PIPELINE,op1,,1,const,,55
p1810,1597.633,BATCH_PIPELINE,op1,,1,const,,55
p1810,,,op2,op1,15,linear3,,37.5
p1810,,,op3,op2,20,linear7,,30
p1811,1606.6870000000001,INTERACTIVE,op1,,1,const,,55
p1812,1606.6870000000001,INTERACTIVE,op1,,1,const,,55
p1813,1606.6870000000001,INTERACTIVE,op1,,1,const,,55
p1814,1606.6870000000001,BATCH_PIPELINE,op1,,1,const,,55
p1815,1606.6870000000001,BATCH_PIPELINE,op1,,1,const,,55
p1816,1606.6870000000001,INTERACTIVE,op1,,1,const,,55
p1817,1606.6870000000001,INTERACTIVE,op1,,1,const,,55
p1817,,,op2,op1,2,sqrt,,55
p1817,,,op3,op1,5,linear3,,45
p1818,1606.6870000000001,INTERACTIVE,op1,,1,const,,55
p1818,,,op2,op1,40,linear7,,20
p1819,1606.6870000000001,BATCH_PIPELINE,op1,,1,const,,55
p1820,1606.6870000000001,BATCH_PIPELINE,op1,,1,const,,55
p1821,1613.18,INTERACTIVE,op1,,1,const,,55
p1822,1613.18,BATCH_PIPELINE,op1,,1,const,,55
p1823,1613.18,INTERACTIVE,op1,,1,const,,55
p1823,,,op2,op1,15,linear3,,37.5
p1824,1613.18,BATCH_PIPELINE,op1,,1,const,,55
p1824,,,op2,op1,20,linear7,,30
p1825,1613.18,BATCH_PIPELINE,op1,,1,const,,55
p1826,1613.18,INTERACTIVE,op1,,1,const,,55
p1826,,,op2,op1,1,const,,55
p1826,,,op3,op2,20,linear7,,30
p1827,1613.18,BATCH_PIPELINE,op1,,1,const,,55
p1827,,,op2,op1,15,linear3,,37.5
p1828,1613.18,BATCH_PIPELINE,op1,,1,const,,55
p1828,,,op2,op1,15,linear3,,37.5
p1828,,,op3,op2,2,sqrt,,55
p1829,1613.18,INTERACTIVE,op1,,1,const,,55
p1829,,,op2,op1,5,linear3,,45
p1829,,,op3,op2,2,sqrt,,55
p1830,1613.18,BATCH_PIPELINE,op1,,1,const,,55
p1831,1624.386,INTERACTIVE,op1,,1,const,,55
p1831,,,op2,,15,linear3,,37.5
p1831,,,op3,op1;op2,2,sqrt,,55
p1832,1624.386,BATCH_PIPELINE,op1,,1,const,,55
p1832,,,op2,op1,5,linear3,,45
p1832,,,op3,op1,40,linear7,,20
p1833,1624.386,BATCH_PIPELINE,op1,,1,const,,55
p1833,,,op2,op1,15,linear3,,37.5
p1834,1624.386,BATCH_PIPELINE,op1,,1,const,,55
p1834,,,op2,op1,15,linear3,,37.5
p1834,,,op3,op2,5,linear3,,45
p1835,1624.386,BATCH_PIPELINE,op1,,1,const,,55
p1835,,,op2,op1,5,linear3,,45
p1836,1624.386,INTERACTIVE,op1,,1,const,,55
p1837,1624.386,BATCH_PIPELINE,op1,,1,const,,55
p1838,1624.386,BATCH_PIPELINE,op1,,1,const,,55
p1838,,,op2,op1,15,linear3,,37.5
p1839,1624.386,BATCH_PIPELINE,op1,,1,const,,55
p1840,1624.386,BATCH_PIPELINE,op1,,1,const,,55
p1840,,,op2,op1,40,linear7,,20
p1841,1633.455,BATCH_PIPELINE,op1,,1,const,,55
p1842,1633.455,QUERY,op1,,15,linear3,,35
p1843,1633.455,BATCH_PIPELINE,op1,,1,const,,55
p1843,,,op2,,5,linear3,,45
p1843,,,op3,op1;op2,20,linear7,,30
p1844,1633.455,BATCH_PIPELINE,op1,,1,const,,55
p1844,,,op2,op1,80,squared,,10
p1845,1633.455,BATCH_PIPELINE,op1,,1,const,,55
p1845,,,op2,op1,20,linear7,,30
p1845,,,op3,op2,20,linear7,,30
p1846,1633.455,QUERY,op1,,15,linear3,,35
p1847,1633.455,INTERACTIVE,op1,,1,const,,55
p1847,,,op2,op1,20,linear7,,30
p1847,,,op3,op1,15,linear3,,37.5
p1848,1633.455,BATCH_PIPELINE,op1,,1,const,,55
p1849,1633.455,BATCH_PIPELINE,op1,,1,const,,55
p1850,1633.455,BATCH_PIPELINE,op1,,1,const,,55
p1850,,,op2,op1,5,linear3,,45
p1851,1642.74,BATCH_PIPELINE,op1,,1,const,,55
p1851,,,op2,op1,20,linear7,,30
p1852,1642.74,BATCH_PIPELINE,op1,,1,const,,55
p1853,1642.74,QUERY,op1,,15,linear3,,35
p1854,1642.74,BATCH_PIPELINE,op1,,1,const,,55
p1855,1642.74,BATCH_PIPELINE,op1,,1,const,,55
p1855,,,op2,,5,linear3,,45
p1855,,,op3,op1;op2,20,linear7,,30
p1856,1642.74,INTERACTIVE,op1,,1,const,,55
p1857,1642.74,BATCH_PIPELINE,op1,,1,const,,55
p1857,,,op2,op1,40,linear7,,20
p1857,,,op3,op2,1,const,,55
p1858,1642.74,BATCH_PIPELINE,op1,,1,const,,55
p1858,,,op2,op1,2,sqrt,,55
p1859,1642.74,BATCH_PIPELINE,op1,,1,const,,55
p1860,1642.74,BATCH_PIPELINE,op1,,1,const,,55
p1861,1649.198,BATCH_PIPELINE,op1,,1,const,,55
p1861,,,op2,,2,sqrt,,55
p1861,,,op3,op1;op2,5,linear3,,45
p1862,1649.198,BATCH_PIPELINE,op1,,1,const,,55
p1863,1649.198,INTERACTIVE,op1,,1,const,,55
p1863,,,op2,op1,15,linear3,,37.5
p1863,,,op3,op2,20,linear7,,30
p1864,1649.198,BATCH_PIPELINE,op1,,1,const,,55
p1864,,,op2,op1,80,squared,,10
p1865,1649.198,BATCH_PIPELINE,op1,,1,const,,55
p1866,1649.198,INTERACTIVE,op1,,1,const,,55
p1866,,,op2,op1,2,sqrt,,55
p1866,,,op3,op2,15,linear3,,37.5
p1867,1649.198,QUERY,op1,,15,linear3,,35
p1868,1649.198,INTERACTIVE,op1,,1,const,,55
p1868,,,op2,op1,40,linear7,,20
p1869,1649.198,INTERACTIVE,op1,,1,const,,55
p1869,,,op2,op1,20,linear7,,30
p1870,1649.198,QUERY,op1,,15,linear3,,35
p1871,1660.987,INTERACTIVE,op1,,1,const,,55
p1871,,,op2,op1,80,squared,,10
p1872,1660.987,INTERACTIVE,op1,,1,const,,55
p1873,1660.987,INTERACTIVE,op1,,1,const,,55
p1873,,,op2,op1,20,linear7,,30
p1874,1660.987,QUERY,op1,,15,linear3,,35
p1875,1660.987,BATCH_PIPELINE,op1,,1,const,,55
p1875,,,op2,op1,5,linear3,,45
p1876,1660.987,BATCH_PIPELINE,op1,,1,const,,55
p1876,,,op2,op1,5,linear3,,45
p1876,,,op3,op2,20,linear7,,30
p1877,1660.987,BATCH_PIPELINE,op1,,1,const,,55
p1878,1660.987,INTERACTIVE,op1,,1,const,,55
p1878,,,op2,,40,linear7,,20
p1878,,,op3,op1;op2,20,linear7,,30
p1879,1660.987,QUERY,op1,,15,linear3,,35
p1880,1660.987,BATCH_PIPELINE,op1,,1,const,,55
p1881,1669.88,QUERY,op1,,15,linear3,,35
p1882,1669.88,QUERY,op1,,15,linear3,,35
p1883,1669.88,QUERY,op1,,15,linear3,,35
p1884,1669.88,BATCH_PIPELINE,op1,,1,const,,55
p1885,1669.88,BATCH_PIPELINE,op1,,1,const,,55
p1885,,,op2,op1,15,linear3,,37.5
p1886,1669.88,INTERACTIVE,op1,,1,const,,55
p1887,1669.88,BATCH_PIPELINE,op1,,1,const,,55
p1888,1669.88,BATCH_PIPELINE,op1,,1,const,,55
p1888,,,op2,op1,15,linear3,,37.5
p1889,1669.88,BATCH_PIPELINE,op1,,1,const,,55
p1889,,,op2,op1,40,linear7,,20
p1890,1669.88,BATCH_PIPELINE,op1,,1,const,,55
p1890,,,op2,op1,15,linear3,,37.5
p1890,,,op3,op2,40,linear7,,20
p1891,1677.622,INTERACTIVE,op1,,1,const,,55
p1892,1677.622,QUERY,op1,,15,linear3,,35
p1893,1677.622,BATCH_PIPELINE,op1,,1,const,,55
p1893,,,op2,op1,1,const,,55
p1894,1677.622,BATCH_PIPELINE,op1,,1,const,,55
p1895,1677.622,BATCH_PIPELINE,op1,,1,const,,55
p1895,,,op2,op1,20,linear7,,30
p1896,1677.622,BATCH_PIPELINE,op1,,1,const,,55
p1896,,,op2,op1,40,linear7,,20
p1897,1677.622,BATCH_PIPELINE,op1,,1,const,,55
p1897,,,op2,op1,1,const,,55
p1898,1677.622,BATCH_PIPELINE,op1,,1,const,,55
p1899,1677.622,BATCH_PIPELINE,op1,,1,const,,55
p1900,1677.622,BATCH_PIPELINE,op1,,1,const,,55
p1901,1685.907,BATCH_PIPELINE,op1,,1,const,,55
p1901,,,op2,op1,40,linear7,,20
p1902,1685.907,INTERACTIVE,op1,,1,const,,55
p1903,1685.907,BATCH_PIPELINE,op1,,1,const,,55
p1904,1685.907,BATCH_PIPELINE,op1,,1,const,,55
p1905,1685.907,INTERACTIVE,op1,,1,const,,55
p1906,1685.907,BATCH_PIPELINE,op1,,1,const,,55
p1907,1685.907,INTERACTIVE,op1,,1,const,,55
p1908,1685.907,BATCH_PIPELINE,op1,,1,const,,55
p1909,1685.907,BATCH_PIPELINE,op1,,1,const,,55
p1909,,,op2,op1,5,linear3,,45
p1909,,,op3,op1,1,const,,55
p1910,1685.907,BATCH_PIPELINE,op1,,1,const,,55
p1910,,,op2,op1,1,const,,55
p1910,,,op3,op2,5,linear3,,45
p1911,1694.736,QUERY,op1,,15,linear3,,35
p1912,1694.736,QUERY,op1,,15,linear3,,35
p1913,1694.736,BATCH_PIPELINE,op1,,1,const,,55
p1913,,,op2,op1,5,linear3,,45
p1914,1694.736,QUERY,op1,,15,linear3,,35
p1915,1694.736,INTERACTIVE,op1,,1,const,,55
p1916,1694.736,BATCH_PIPELINE,op1,,1,const,,55
p1916,,,op2,op1,15,linear3,,37.5
p1917,1694.736,BATCH_PIPELINE,op1,,1,const,,55
p1917,,,op2,op1,40,linear7,,20
p1917,,,op3,op2,2,sqrt,,55
p1918,1694.736,BATCH_PIPELINE,op1,,1,const,,55
p1919,1694.736,BATCH_PIPELINE,op1,,1,const,,55
p1919,,,op2,,5,linear3,,45
p1919,,,op3,op1;op2,20,linear7,,30
p1920,1694.736,BATCH_PIPELINE,op1,,1,const,,55
p1920,,,op2,op1,5,linear3,,45
p1921,1703.606,INTERACTIVE,op1,,1,const,,55
p1922,1703.606,BATCH_PIPELINE,op1,,1,const,,55
p1923,1703.606,BATCH_PIPELINE,op1,,1,const,,55
p1923,,,op2,op1,15,linear3,,37.5
p1924,1703.606,BATCH_PIPELINE,op1,,1,const,,55
p1925,1703.606,BATCH_PIPELINE,op1,,1,const,,55
p1925,,,op2,,2,sqrt,,55
p1925,,,op3,op1;op2,5,linear3,,45
p1926,1703.606,BATCH_PIPELINE,op1,,1,const,,55
p1927,1703.606,BATCH_PIPELINE,op1,,1,const,,55
p1927,,,op2,op1,5,linear3,,45
p1928,1703.606,BATCH_PIPELINE,op1,,1,const,,55
p1928,,,op2,op1,5,linear3,,45
p1929,1703.606,BATCH_PIPELINE,op1,,1,const,,55
p1929,,,op2,op1,20,linear7,,30
p1930,1703.606,INTERACTIVE,op1,,1,const,,55
p1931,1711.272,BATCH_PIPELINE,op1,,1,const,,55
p1932,1711.272,INTERACTIVE,op1,,1,const,,55
p1933,1711.272,BATCH_PIPELINE,op1,,1,const,,55
p1934,1711.272,QUERY,op1,,15,linear3,,35
p1935,1711.272,BATCH_PIPELINE,op1,,1,const,,55
p1936,1711.272,BATCH_PIPELINE,op1,,1,const,,55
p1937,1711.272,BATCH_PIPELINE,op1,,1,const,,55
p1938,1711.272,BATCH_PIPELINE,op1,,1,const,,55
p1939,1711.272,QUERY,op1,,15,linear3,,35
p1940,1711.272,BATCH_PIPELINE,op1,,1,const,,55
p1941,1721.431,BATCH_PIPELINE,op1,,1,const,,55
p1942,1721.431,BATCH_PIPELINE,op1,,1,const,,55
p1943,1721.431,INTERACTIVE,op1,,1,const,,55
p1943,,,op2,op1,1,const,,55
p1943,,,op3,op1,1,const,,55
p1944,1721.431,BATCH_PIPELINE,op1,,1,const,,55
p1945,1721.431,INTERACTIVE,op1,,1,const,,55
p1946,1721.431,INTERACTIVE,op1,,1,const,,55
p1947,1721.431,QUERY,op1,,15,linear3,,35
p1948,1721.431,INTERACTIVE,op1,,1,const,,55
p1949,1721.431,BATCH_PIPELINE,op1,,1,const,,55
p1950,1721.431,BATCH_PIPELINE,op1,,1,const,,55
p1951,1727.45,INTERACTIVE,op1,,1,const,,55
p1952,1727.45,QUERY,op1,,15,linear3,,35
p1953,1727.45,INTERACTIVE,op1,,1,const,,55
p1953,,,op2,op1,40,linear7,,20
p1954,1727.45,BATCH_PIPELINE,op1,,1,const,,55
p1954,,,op2,op1,2,sqrt,,55
p1955,1727.45,BATCH_PIPELINE,op1,,1,const,,55
p1956,1727.45,BATCH_PIPELINE,op1,,1,const,,55
p1957,1727.45,INTERACTIVE,op1,,1,const,,55
p1958,1727.45,INTERACTIVE,op1,,1,const,,55
p1959,1727.45,QUERY,op1,,15,linear3,,35
p1960,1727.45,BATCH_PIPELINE,op1,,1,const,,55
p1961,1736.224,BATCH_PIPELINE,op1,,1,const,,55
p1962,1736.224,BATCH_PIPELINE,op1,,1,const,,55
p1962,,,op2,,5,linear3,,45
p1962,,,op3,op1;op2,2,sqrt,,55
p1963,1736.224,BATCH_PIPELINE,op1,,1,const,,55
p1963,,,op2,op1,80,squared,,10
p1963,,,op3,op2,20,linear7,,30
p1964,1736.224,BATCH_PIPELINE,op1,,1,const,,55
p1965,1736.224,BATCH_PIPELINE,op1,,1,const,,55
p1966,1736.224,BATCH_PIPELINE,op1,,1,const,,55
p1967,1736.224,INTERACTIVE,op1,,1,const,,55
p1967,,,op2,op1,2,sqrt,,55
p1968,1736.224,INTERACTIVE,op1,,1,const,,55
p1968,,,op2,op1,5,linear3,,45
p1968,,,op3,op2,5,linear3,,45
p1969,1736.224,BATCH_PIPELINE,op1,,1,const,,55
p1970,1736.224,QUERY,op1,,15,linear3,,35
p1971,1745.117,BATCH_PIPELINE,op1,,1,const,,55
p1972,1745.117,BATCH_PIPELINE,op1,,1,const,,55
p1972,,,op2,op1,1,const,,55
p1973,1745.117,BATCH_PIPELINE,op1,,1,const,,55
p1974,1745.117,BATCH_PIPELINE,op1,,1,const,,55
p1974,,,op2,op1,15,linear3,,37.5
p1974,,,op3,op2,1,const,,55
p1975,1745.117,BATCH_PIPELINE,op1,,1,const,,55
p1976,1745.117,INTERACTIVE,op1,,1,const,,55
p1977,1745.117,INTERACTIVE,op1,,1,const,,55
p1977,,,op2,op1,20,linear7,,30
p1978,1745.117,BATCH_PIPELINE,op1,,1,const,,55
p1978,,,op2,op1,5,linear3,,45
p1979,1745.117,BATCH_PIPELINE,op1,,1,const,,55
p1980,1745.117,BATCH_PIPELINE,op1,,1,const,,55
p1980,,,op2,op1,20,linear7,,30
p1980,,,op3,op2,20,linear7,,30
p1981,1753.1000000000001,BATCH_PIPELINE,op1,,1,const,,55
p1982,1753.1000000000001,INTERACTIVE,op1,,1,const,,55
p1982,,,op2,op1,15,linear3,,37.5
p1983,1753.1000000000001,BATCH_PIPELINE,op1,,1,const,,55
p1983,,,op2,op1,5,linear3,,45
p1984,1753.1000000000001,INTERACTIVE,op1,,1,const,,55
p1984,,,op2,op1,15,linear3,,37.5
p1985,1753.1000000000001,BATCH_PIPELINE,op1,,1,const,,55
p1985,,,op2,,15,linear3,,37.5
p1985,,,op3,op1;op2,40,linear7,,20
p1986,1753.1000000000001,BATCH_PIPELINE,op1,,1,const,,55
p1987,1753.1000000000001,BATCH_PIPELINE,op1,,1,const,,55
p1988,1753.1000000000001,BATCH_PIPELINE,op1,,1,const,,55
p1989,1753.1000000000001,QUERY,op1,,15,linear3,,35
p1990,1753.1000000000001,BATCH_PIPELINE,op1,,1,const,,55
p1991,1761.868,BATCH_PIPELINE,op1,,1,const,,55
p1992,1761.868,INTERACTIVE,op1,,1,const,,55
p1993,1761.868,BATCH_PIPELINE,op1,,1,const,,55
p1994,1761.868,INTERACTIVE,op1,,1,const,,55
p1994,,,op2,op1,5,linear3,,45
p1994,,,op3,op2,80,squared,,10
p1995,1761.868,INTERACTIVE,op1,,1,const,,55
p1996,1761.868,QUERY,op1,,15,linear3,,35
p1997,1761.868,INTERACTIVE,op1,,1,const,,55
p1997,,,op2,op1,20,linear7,,30
p1997,,,op3,op2,15,linear3,,37.5
p1998,1761.868,INTERACTIVE,op1,,1,const,,55
p1998,,,op2,op1,15,linear3,,37.5
p1998,,,op3,op1,20,linear7,,30
p1999,1761.868,INTERACTIVE,op1,,1,const,,55
p1999,,,op2,op1,40,linear7,,20
p2000,1761.868,INTERACTIVE,op1,,1,const,,55
p2000,,,op2,op1,15,linear3,,37.5
p2000,,,op3,op2,2,sqrt,,55
p2001,1772.578,INTERACTIVE,op1,,1,const,,55
p2002,1772.578,INTERACTIVE,op1,,1,const,,55
p2003,1772.578,BATCH_PIPELINE,op1,,1,const,,55
p2004,1772.578,QUERY,op1,,15,linear3,,35
p2005,1772.578,INTERACTIVE,op1,,1,const,,55
p2006,1772.578,BATCH_PIPELINE,op1,,1,const,,55
p2007,1772.578,BATCH_PIPELINE,op1,,1,const,,55
p2007,,,op2,op1,2,sqrt,,55
p2008,1772.578,INTERACTIVE,op1,,1,const,,55
p2009,1772.578,BATCH_PIPELINE,op1,,1,const,,55
p2010,1772.578,INTERACTIVE,op1,,1,const,,55
p2011,1779.6970000000001,BATCH_PIPELINE,op1,,1,const,,55
p2012,1779.6970000000001,BATCH_PIPELINE,op1,,1,const,,55
p2012,,,op2,op1,5,linear3,,45
p2012,,,op3,op2,20,linear7,,30
p2013,1779.6970000000001,BATCH_PIPELINE,op1,,1,const,,55
p2014,1779.6970000000001,BATCH_PIPELINE,op1,,1,const,,55
p2015,1779.6970000000001,BATCH_PIPELINE,op1,,1,const,,55
p2015,,,op2,op1,5,linear3,,45
p2015,,,op3,op2,40,linear7,,20
p2016,1779.6970000000001,INTERACTIVE,op1,,1,const,,55
p2017,1779.6970000000001,INTERACTIVE,op1,,1,const,,55
p2018,1779.6970000000001,BATCH_PIPELINE,op1,,1,const,,55
p2018,,,op2,op1,15,linear3,,37.5
p2019,1779.6970000000001,BATCH_PIPELINE,op1,,1,const,,55
p2020,1779.6970000000001,BATCH_PIPELINE,op1,,1,const,,55
p2021,1786.828,INTERACTIVE,op1,,1,const,,55
p2022,1786.828,QUERY,op1,,15,linear3,,35
p2023,1786.828,BATCH_PIPELINE,op1,,1,const,,55
p2023,,,op2,op1,40,linear7,,20
p2023,,,op3,op2,20,linear7,,30
p2024,1786.828,BATCH_PIPELINE,op1,,1,const,,55
p2024,,,op2,op1,20,linear7,,30
p2024,,,op3,op2,5,linear3,,45
p2025,1786.828,INTERACTIVE,op1,,1,const,,55
p2026,1786.828,BATCH_PIPELINE,op1,,1,const,,55
p2027,1786.828,BATCH_PIPELINE,op1,,1,const,,55
p2028,1786.828,BATCH_PIPELINE,op1,,1,const,,55
p2028,,,op2,op1,1,const,,55
p2029,1786.828,BATCH_PIPELINE,op1,,1,const,,55
p2029,,,op2,,80,squared,,10
p2029,,,op3,op1;op2,1,const,,55
p2030,1786.828,BATCH_PIPELINE,op1,,1,const,,55
p2030,,,op2,op1,20,linear7,,30
p2030,,,op3,op1,20,linear7,,30
p2031,1800.259,BATCH_PIPELINE,op1,,1,const,,55
p2031,,,op2,op1,5,linear3,,45
p2031,,,op3,op2,1,const,,55
p2032,1800.259,BATCH_PIPELINE,op1,,1,const,,55
p2032,,,op2,op1,20,linear7,,30
p2033,1800.259,BATCH_PIPELINE,op1,,1,const,,55
p2034,1800.259,BATCH_PIPELINE,op1,,1,const,,55
p2035,1800.259,BATCH_PIPELINE,op1,,1,const,,55
p2035,,,op2,op1,2,sqrt,,55
p2035,,,op3,op2,15,linear3,,37.5
p2036,1800.259,INTERACTIVE,op1,,1,const,,55
p2037,1800.259,INTERACTIVE,op1,,1,const,,55
p2038,1800.259,BATCH_PIPELINE,op1,,1,const,,55
p2039,1800.259,BATCH_PIPELINE,op1,,1,const,,55
p2040,1800.259,INTERACTIVE,op1,,1,const,,55
p2041,1809.601,BATCH_PIPELINE,op1,,1,const,,55
p2041,,,op2,,2,sqrt,,55
p2041,,,op3,op1;op2,15,linear3,,37.5
p2042,1809.601,BATCH_PIPELINE,op1,,1,const,,55
p2042,,,op2,op1,20,linear7,,30
p2042,,,op3,op2,15,linear3,,37.5
p2043,1809.601,BATCH_PIPELINE,op1,,1,const,,55
p2043,,,op2,op1,5,linear3,,45
p2043,,,op3,op2,20,linear7,,30
p2044,1809.601,INTERACTIVE,op1,,1,const,,55
p2044,,,op2,op1,5,linear3,,45
p2044,,,op3,op2,5,linear3,,45
p2045,1809.601,BATCH_PIPELINE,op1,,1,const,,55
p2045,,,op2,op1,40,linear7,,20
p2046,1809.601,BATCH_PIPELINE,op1,,1,const,,55
p2046,,,op2,op1,1,const,,55
p2047,1809.601,INTERACTIVE,op1,,1,const,,55
p2048,1809.601,BATCH_PIPELINE,op1,,1,const,,55
p2048,,,op2,op1,40,linear7,,20
p2049,1809.601,INTERACTIVE,op1,,1,const,,55
p2049,,,op2,op1,80,squared,,10
p2049,,,op3,op2,40,linear7,,20
p2050,1809.601,INTERACTIVE,op1,,1,const,,55
p2050,,,op2,,80,squared,,10
p2050,,,op3,op1;op2,15,linear3,,37.5
p2051,1820.989,BATCH_PIPELINE,op1,,1,const,,55
p2051,,,op2,op1,80,squared,,10
p2052,1820.989,BATCH_PIPELINE,op1,,1,const,,55
p2052,,,op2,op1,15,linear3,,37.5
p2053,1820.989,INTERACTIVE,op1,,1,const,,55
p2053,,,op2,op1,5,linear3,,45
p2054,1820.989,BATCH_PIPELINE,op1,,1,const,,55
p2054,,,op2,op1,20,linear7,,30
p2054,,,op3,op2,5,linear3,,45
p2055,1820.989,BATCH_PIPELINE,op1,,1,const,,55
p2055,,,op2,op1,40,linear7,,20
p2056,1820.989,BATCH_PIPELINE,op1,,1,const,,55
p2056,,,op2,op1,15,linear3,,37.5
p2057,1820.989,BATCH_PIPELINE,op1,,1,const,,55
p2058,1820.989,BATCH_PIPELINE,op1,,1,const,,55
p2059,1820.989,BATCH_PIPELINE,op1,,1,const,,55
p2060,1820.989,INTERACTIVE,op1,,1,const,,55
p2061,1829.605,BATCH_PIPELINE,op1,,1,const,,55
p2061,,,op2,,20,linear7,,30
p2061,,,op3,op1;op2,40,linear7,,20
p2062,1829.605,INTERACTIVE,op1,,1,const,,55
p2063,1829.605,BATCH_PIPELINE,op1,,1,const,,55
p2063,,,op2,op1,2,sqrt,,55
p2064,1829.605,INTERACTIVE,op1,,1,const,,55
p2064,,,op2,op1,1,const,,55
p2064,,,op3,op2,15,linear3,,37.5
p2065,1829.605,BATCH_PIPELINE,op1,,1,const,,55
p2066,1829.605,QUERY,op1,,15,linear3,,35
p2067,1829.605,BATCH_PIPELINE,op1,,1,const,,55
p2067,,,op2,op1,15,linear3,,37.5
p2068,1829.605,BATCH_PIPELINE,op1,,1,const,,55
p2068,,,op2,op1,2,sqrt,,55
p2069,1829.605,QUERY,op1,,15,linear3,,35
p2070,1829.605,BATCH_PIPELINE,op1,,1,const,,55
p2070,,,op2,op1,5,linear3,,45
p2071,1837.653,BATCH_PIPELINE,op1,,1,const,,55
p2071,,,op2,op1,5,linear3,,45
p2071,,,op3,op2,80,squared,,10
p2072,1837.653,BATCH_PIPELINE,op1,,1,const,,55
p2073,1837.653,QUERY,op1,,15,linear3,,35
p2074,1837.653,QUERY,op1,,15,linear3,,35
p2075,1837.653,INTERACTIVE,op1,,1,const,,55
p2076,1837.653,INTERACTIVE,op1,,1,const,,55
p2076,,,op2,op1,5,linear3,,45
p2077,1837.653,BATCH_PIPELINE,op1,,1,const,,55
p2077,,,op2,op1,80,squared,,10
p2077,,,op3,op1,20,linear7,,30
p2078,1837.653,INTERACTIVE,op1,,1,const,,55
p2078,,,op2,op1,2,sqrt,,55
p2079,1837.653,INTERACTIVE,op1,,1,const,,55
p2079,,,op2,op1,20,linear7,,30
p2080,1837.653,BATCH_PIPELINE,op1,,1,const,,55
p2080,,,op2,op1,15,linear3,,37.5
p2081,1843.577,BATCH_PIPELINE,op1,,1,const,,55
p2082,1843.577,QUERY,op1,,15,linear3,,35
p2083,1843.577,INTERACTIVE,op1,,1,const,,55
p2083,,,op2,op1,20,linear7,,30
p2083,,,op3,op2,15,linear3,,37.5
p2084,1843.577,BATCH_PIPELINE,op1,,1,const,,55
p2084,,,op2,op1,15,linear3,,37.5
p2085,1843.577,BATCH_PIPELINE,op1,,1,const,,55
p2085,,,op2,op1,20,linear7,,30
p2086,1843.577,INTERACTIVE,op1,,1,const,,55
p2086,,,op2,op1,5,linear3,,45
p2087,1843.577,BATCH_PIPELINE,op1,,1,const,,55
p2088,1843.577,BATCH_PIPELINE,op1,,1,const,,55
p2089,1843.577,BATCH_PIPELINE,op1,,1,const,,55
p2090,1843.577,BATCH_PIPELINE,op1,,1,const,,55
p2090,,,op2,op1,20,linear7,,30
p2091,1852.743,BATCH_PIPELINE,op1,,1,const,,55
p2092,1852.743,BATCH_PIPELINE,op1,,1,const,,55
p2093,1852.743,QUERY,op1,,15,linear3,,35
p2094,1852.743,INTERACTIVE,op1,,1,const,,55
p2094,,,op2,op1,2,sqrt,,55
p2095,1852.743,BATCH_PIPELINE,op1,,1,const,,55
p2096,1852.743,INTERACTIVE,op1,,1,const,,55
p2097,1852.743,BATCH_PIPELINE,op1,,1,const,,55
p2097,,,op2,op1,20,linear7,,30
p2098,1852.743,BATCH_PIPELINE,op1,,1,const,,55
p2099,1852.743,BATCH_PIPELINE,op1,,1,const,,55
p2099,,,op2,op1,40,linear7,,20
p2100,1852.743,BATCH_PIPELINE,op1,,1,const,,55
p2100,,,op2,op1,2,sqrt,,55
p2100,,,op3,op2,15,linear3,,37.5
p2101,1864.377,INTERACTIVE,op1,,1,const,,55
p2101,,,op2,op1,15,linear3,,37.5
p2102,1864.377,INTERACTIVE,op1,,1,const,,55
p2103,1864.377,BATCH_PIPELINE,op1,,1,const,,55
p2104,1864.377,BATCH_PIPELINE,op1,,1,const,,55
p2104,,,op2,op1,5,linear3,,45
p2105,1864.377,BATCH_PIPELINE,op1,,1,const,,55
p2106,1864.377,INTERACTIVE,op1,,1,const,,55
p2106,,,op2,op1,80,squared,,10
p2107,1864.377,INTERACTIVE,op1,,1,const,,55
p2107,,,op2,op1,15,linear3,,37.5
p2107,,,op3,op1,40,linear7,,20
p2108,1864.377,BATCH_PIPELINE,op1,,1,const,,55
p2109,1864.377,BATCH_PIPELINE,op1,,1,const,,55
p2110,1864.377,BATCH_PIPELINE,op1,,1,const,,55
p2110,,,op2,op1,20,linear7,,30
p2111,1874.652,BATCH_PIPELINE,op1,,1,const,,55
p2112,1874.652,BATCH_PIPELINE,op1,,1,const,,55
p2113,1874.652,BATCH_PIPELINE,op1,,1,const,,55
p2114,1874.652,QUERY,op1,,15,linear3,,35
p2115,1874.652,BATCH_PIPELINE,op1,,1,const,,55
p2115,,,op2,op1,1,const,,55
p2115,,,op3,op2,20,linear7,,30
p2116,1874.652,BATCH_PIPELINE,op1,,1,const,,55
p2116,,,op2,op1,40,linear7,,20
p2116,,,op3,op2,80,squared,,10
p2117,1874.652,BATCH_PIPELINE,op1,,1,const,,55
p2118,1874.652,BATCH_PIPELINE,op1,,1,const,,55
p2118,,,op2,op1,5,linear3,,45
p2119,1874.652,BATCH_PIPELINE,op1,,1,const,,55
p2119,,,op2,op1,5,linear3,,45
p2120,1874.652,BATCH_PIPELINE,op1,,1,const,,55
p2121,1882.665,QUERY,op1,,15,linear3,,35
p2122,1882.665,BATCH_PIPELINE,op1,,1,const,,55
p2123,1882.665,BATCH_PIPELINE,op1,,1,const,,55
p2123,,,op2,op1,15,linear3,,37.5
p2123,,,op3,op2,5,linear3,,45
p2124,1882.665,BATCH_PIPELINE,op1,,1,const,,55
p2125,1882.665,BATCH_PIPELINE,op1,,1,const,,55
p2126,1882.665,BATCH_PIPELINE,op1,,1,const,,55
p2126,,,op2,op1,40,linear7,,20
p2126,,,op3,op2,40,linear7,,20
p2127,1882.665,BATCH_PIPELINE,op1,,1,const,,55
p2128,1882.665,BATCH_PIPELINE,op1,,1,const,,55
p2128,,,op2,op1,5,linear3,,45
p2129,1882.665,INTERACTIVE,op1,,1,const,,55
p2130,1882.665,INTERACTIVE,op1,,1,const,,55
p2131,1889.3410000000001,INTERACTIVE,op1,,1,const,,55
p2131,,,op2,op1,15,linear3,,37.5
p2132,1889.3410000000001,INTERACTIVE,op1,,1,const,,55
p2133,1889.3410000000001,INTERACTIVE,op1,,1,const,,55
p2133,,,op2,op1,80,squared,,10
p2134,1889.3410000000001,BATCH_PIPELINE,op1,,1,const,,55
p2135,1889.3410000000001,INTERACTIVE,op1,,1,const,,55
p2136,1889.3410000000001,BATCH_PIPELINE,op1,,1,const,,55
p2137,1889.3410000000001,INTERACTIVE,op1,,1,const,,55
p2138,1889.3410000000001,INTERACTIVE,op1,,1,const,,55
p2139,1889.3410000000001,BATCH_PIPELINE,op1,,1,const,,55
p2139,,,op2,op1,20,linear7,,30
p2140,1889.3410000000001,BATCH_PIPELINE,op1,,1,const,,55
p2140,,,op2,op1,2,sqrt,,55
p2141,1897.88,BATCH_PIPELINE,op1,,1,const,,55
p2142,1897.88,BATCH_PIPELINE,op1,,1,const,,55
p2143,1897.88,QUERY,op1,,15,linear3,,35
p2144,1897.88,BATCH_PIPELINE,op1,,1,const,,55
p2145,1897.88,BATCH_PIPELINE,op1,,1,const,,55
p2145,,,op2,op1,1,const,,55
p2146,1897.88,QUERY,op1,,15,linear3,,35
p2147,1897.88,BATCH_PIPELINE,op1,,1,const,,55
p2148,1897.88,QUERY,op1,,15,linear3,,35
p2149,1897.88,INTERACTIVE,op1,,1,const,,55
p2149,,,op2,op1,40,linear7,,20
p2150,1897.88,BATCH_PIPELINE,op1,,1,const,,55
p2150,,,op2,op1,80,squared,,10
p2151,1903.548,BATCH_PIPELINE,op1,,1,const,,55
p2151,,,op2,op1,1,const,,55
p2151,,,op3,op1,5,linear3,,45
p2152,1903.548,BATCH_PIPELINE,op1,,1,const,,55
p2152,,,op2,op1,2,sqrt,,55
p2153,1903.548,BATCH_PIPELINE,op1,,1,const,,55
p2153,,,op2,op1,1,const,,55
p2154,1903.548,BATCH_PIPELINE,op1,,1,const,,55
p2155,1903.548,BATCH_PIPELINE,op1,,1,const,,55
p2155,,,op2,op1,20,linear7,,30
p2156,1903.548,BATCH_PIPELINE,op1,,1,const,,55
p2156,,,op2,op1,20,linear7,,30
p2157,1903.548,BATCH_PIPELINE,op1,,1,const,,55
p2158,1903.548,INTERACTIVE,op1,,1,const,,55
p2158,,,op2,,40,linear7,,20
p2158,,,op3,op1;op2,2,sqrt,,55
p2159,1903.548,BATCH_PIPELINE,op1,,1,const,,55
p2159,,,op2,op1,2,sqrt,,55
p2159,,,op3,op2,40,linear7,,20
p2160,1903.548,BATCH_PIPELINE,op1,,1,const,,55
p2161,1910.0430000000001,BATCH_PIPELINE,op1,,1,const,,55
p2161,,,op2,op1,40,linear7,,20
p2161,,,op3,op1,40,linear7,,20
p2162,1910.0430000000001,QUERY,op1,,15,linear3,,35
p2163,1910.0430000000001,BATCH_PIPELINE,op1,,1,const,,55
p2164,1910.0430000000001,INTERACTIVE,op1,,1,const,,55
p2165,1910.0430000000001,INTERACTIVE,op1,,1,const,,55
p2166,1910.0430000000001,INTERACTIVE,op1,,1,const,,55
p2166,,,op2,op1,40,linear7,,20
p2167,1910.0430000000001,BATCH_PIPELINE,op1,,1,const,,55
p2167,,,op2,op1,5,linear3,,45
p2168,1910.0430000000001,INTERACTIVE,op1,,1,const,,55
p2168,,,op2,op1,15,linear3,,37.5
p2169,1910.0430000000001,INTERACTIVE,op1,,1,const,,55
p2170,1910.0430000000001,BATCH_PIPELINE,op1,,1,const,,55
p2170,,,op2,op1,15,linear3,,37.5
p2171,1913.703,BATCH_PIPELINE,op1,,1,const,,55
p2171,,,op2,op1,15,linear3,,37.5
p2172,1913.703,BATCH_PIPELINE,op1,,1,const,,55
p2173,1913.703,BATCH_PIPELINE,op1,,1,const,,55
p2173,,,op2,op1,5,linear3,,45
p2174,1913.703,BATCH_PIPELINE,op1,,1,const,,55
p2175,1913.703,BATCH_PIPELINE,op1,,1,const,,55
p2176,1913.703,BATCH_PIPELINE,op1,,1,const,,55
p2176,,,op2,op1,1,const,,55
p2177,1913.703,BATCH_PIPELINE,op1,,1,const,,55
p2178,1913.703,QUERY,op1,,15,linear3,,35
p2179,1913.703,BATCH_PIPELINE,op1,,1,const,,55
p2179,,,op2,op1,1,const,,55
p2180,1913.703,BATCH_PIPELINE,op1,,1,const,,55
p2181,1924.886,BATCH_PIPELINE,op1,,1,const,,55
p2181,,,op2,op1,40,linear7,,20
p2182,1924.886,BATCH_PIPELINE,op1,,1,const,,55
p2182,,,op2,op1,20,linear7,,30
p2183,1924.886,BATCH_PIPELINE,op1,,1,const,,55
p2184,1924.886,BATCH_PIPELINE,op1,,1,const,,55
p2184,,,op2,op1,80,squared,,10
p2185,1924.886,INTERACTIVE,op1,,1,const,,55
p2185,,,op2,op1,80,squared,,10
p2186,1924.886,BATCH_PIPELINE,op1,,1,const,,55
p2187,1924.886,BATCH_PIPELINE,op1,,1,const,,55
p2187,,,op2,op1,80,squared,,10
p2188,1924.886,INTERACTIVE,op1,,1,const,,55
p2189,1924.886,BATCH_PIPELINE,op1,,1,const,,55
p2190,1924.886,BATCH_PIPELINE,op1,,1,const,,55
p2191,1934.559,INTERACTIVE,op1,,1,const,,55
p2191,,,op2,op1,20,linear7,,30
p2192,1934.559,BATCH_PIPELINE,op1,,1,const,,55
p2192,,,op2,op1,20,linear7,,30
p2193,1934.559,BATCH_PIPELINE,op1,,1,const,,55
p2194,1934.559,BATCH_PIPELINE,op1,,1,const,,55
p2194,,,op2,op1,2,sqrt,,55
p2195,1934.559,BATCH_PIPELINE,op1,,1,const,,55
p2196,1934.559,BATCH_PIPELINE,op1,,1,const,,55
p2197,1934.559,INTERACTIVE,op1,,1,const,,55
p2197,,,op2,op1,20,linear7,,30
p2198,1934.559,INTERACTIVE,op1,,1,const,,55
p2198,,,op2,op1,15,linear3,,37.5
p2199,1934.559,BATCH_PIPELINE,op1,,1,const,,55
p2200,1934.559,INTERACTIVE,op1,,1,const,,55
p2200,,,op2,op1,20,linear7,,30
p2200,,,op3,op2,1,const,,55
p2201,1946.0720000000001,BATCH_PIPELINE,op1,,1,const,,55
p2201,,,op2,op1,1,const,,55
p2202,1946.0720000000001,BATCH_PIPELINE,op1,,1,const,,55
p2203,1946.0720000000001,BATCH_PIPELINE,op1,,1,const,,55
p2204,1946.0720000000001,INTERACTIVE,op1,,1,const,,55
p2205,1946.0720000000001,BATCH_PIPELINE,op1,,1,const,,55
p2205,,,op2,op1,1,const,,55
p2206,1946.0720000000001,BATCH_PIPELINE,op1,,1,const,,55
p2207,1946.0720000000001,BATCH_PIPELINE,op1,,1,const,,55
p2208,1946.0720000000001,INTERACTIVE,op1,,1,const,,55
p2209,1946.0720000000001,INTERACTIVE,op1,,1,const,,55
p2209,,,op2,,1,const,,55
p2209,,,op3,op1;op2,5,linear3,,45
p2210,1946.0720000000001,INTERACTIVE,op1,,1,const,,55
p2210,,,op2,op1,80,squared,,10
p2211,1956.755,QUERY,op1,,15,linear3,,35
p2212,1956.755,INTERACTIVE,op1,,1,const,,55
p2212,,,op2,op1,15,linear3,,37.5
p2213,1956.755,BATCH_PIPELINE,op1,,1,const,,55
p2214,1956.755,BATCH_PIPELINE,op1,,1,const,,55
p2214,,,op2,op1,5,linear3,,45
p2214,,,op3,op2,5,linear3,,45
p2215,1956.755,INTERACTIVE,op1,,1,const,,55
p2216,1956.755,INTERACTIVE,op1,,1,const,,55
p2217,1956.755,BATCH_PIPELINE,op1,,1,const,,55
p2217,,,op2,op1,2,sqrt,,55
p2218,1956.755,QUERY,op1,,15,linear3,,35
p2219,1956.755,BATCH_PIPELINE,op1,,1,const,,55
p2220,1956.755,INTERACTIVE,op1,,1,const,,55
p2221,1962.314,BATCH_PIPELINE,op1,,1,const,,55
p2222,1962.314,BATCH_PIPELINE,op1,,1,const,,55
p2223,1962.314,BATCH_PIPELINE,op1,,1,const,,55
p2223,,,op2,op1,40,linear7,,20
p2224,1962.314,BATCH_PIPELINE,op1,,1,const,,55
p2225,1962.314,BATCH_PIPELINE,op1,,1,const,,55
p2226,1962.314,INTERACTIVE,op1,,1,const,,55
p2226,,,op2,,80,squared,,10
p2226,,,op3,op1;op2,40,linear7,,20
p2227,1962.314,QUERY,op1,,15,linear3,,35
p2228,1962.314,INTERACTIVE,op1,,1,const,,55
p2229,1962.314,INTERACTIVE,op1,,1,const,,55
p2230,1962.314,QUERY,op1,,15,linear3,,35
p2231,1972.512,INTERACTIVE,op1,,1,const,,55
p2232,1972.512,INTERACTIVE,op1,,1,const,,55
p2232,,,op2,op1,20,linear7,,30
p2233,1972.512,BATCH_PIPELINE,op1,,1,const,,55
p2233,,,op2,op1,1,const,,55
p2234,1972.512,BATCH_PIPELINE,op1,,1,const,,55
p2234,,,op2,op1,2,sqrt,,55
p2235,1972.512,INTERACTIVE,op1,,1,const,,55
p2236,1972.512,BATCH_PIPELINE,op1,,1,const,,55
p2237,1972.512,INTERACTIVE,op1,,1,const,,55
p2237,,,op2,op1,80,squared,,10
p2238,1972.512,QUERY,op1,,15,linear3,,35
p2239,1972.512,BATCH_PIPELINE,op1,,1,const,,55
p2240,1972.512,BATCH_PIPELINE,op1,,1,const,,55
p2240,,,op2,op1,2,sqrt,,55
p2240,,,op3,op2,1,const,,55
p2241,1984.452,BATCH_PIPELINE,op1,,1,const,,55
p2242,1984.452,BATCH_PIPELINE,op1,,1,const,,55
p2242,,,op2,op1,1,const,,55
p2243,1984.452,BATCH_PIPELINE,op1,,1,const,,55
p2243,,,op2,op1,80,squared,,10
p2243,,,op3,op1,20,linear7,,30
p2244,1984.452,BATCH_PIPELINE,op1,,1,const,,55
p2245,1984.452,BATCH_PIPELINE,op1,,1,const,,55
p2246,1984.452,INTERACTIVE,op1,,1,const,,55
p2246,,,op2,op1,15,linear3,,37.5
p2246,,,op3,op2,20,linear7,,30
p2247,1984.452,INTERACTIVE,op1,,1,const,,55
p2247,,,op2,op1,20,linear7,,30
p2248,1984.452,BATCH_PIPELINE,op1,,1,const,,55
p2249,1984.452,INTERACTIVE,op1,,1,const,,55
p2250,1984.452,INTERACTIVE,op1,,1,const,,55
p2250,,,op2,op1,15,linear3,,37.5
p2251,1994.153,BATCH_PIPELINE,op1,,1,const,,55
p2251,,,op2,op1,5,linear3,,45
p2252,1994.153,BATCH_PIPELINE,op1,,1,const,,55
p2252,,,op2,op1,5,linear3,,45
p2253,1994.153,BATCH_PIPELINE,op1,,1,const,,55
p2253,,,op2,op1,20,linear7,,30
p2253,,,op3,op2,1,const,,55
p2254,1994.153,INTERACTIVE,op1,,1,const,,55
p2255,1994.153,BATCH_PIPELINE,op1,,1,const,,55
p2256,1994.153,BATCH_PIPELINE,op1,,1,const,,55
p2257,1994.153,QUERY,op1,,15,linear3,,35
p2258,1994.153,BATCH_PIPELINE,op1,,1,const,,55
p2258,,,op2,op1,5,linear3,,45
p2259,1994.153,BATCH_PIPELINE,op1,,1,const,,55
p2260,1994.153,BATCH_PIPELINE,op1,,1,const,,55
p2261,2002.401,BATCH_PIPELINE,op1,,1,const,,55
p2262,2002.401,BATCH_PIPELINE,op1,,1,const,,55
p2263,2002.401,BATCH_PIPELINE,op1,,1,const,,55
p2264,2002.401,BATCH_PIPELINE,op1,,1,const,,55
p2265,2002.401,BATCH_PIPELINE,op1,,1,const,,55
p2265,,,op2,op1,5,linear3,,45
p2266,2002.401,BATCH_PIPELINE,op1,,1,const,,55
p2267,2002.401,BATCH_PIPELINE,op1,,1,const,,55
p2267,,,op2,op1,15,linear3,,37.5
p2268,2002.401,BATCH_PIPELINE,op1,,1,const,,55
p2269,2002.401,BATCH_PIPELINE,op1,,1,const,,55
p2270,2002.401,BATCH_PIPELINE,op1,,1,const,,55
p2271,2014.535,QUERY,op1,,15,linear3,,35
p2272,2014.535,INTERACTIVE,op1,,1,const,,55
p2272,,,op2,op1,2,sqrt,,55
p2273,2014.535,BATCH_PIPELINE,op1,,1,const,,55
p2273,,,op2,op1,40,linear7,,20
p2274,2014.535,BATCH_PIPELINE,op1,,1,const,,55
p2274,,,op2,op1,15,linear3,,37.5
p2274,,,op3,op2,20,linear7,,30
p2275,2014.535,BATCH_PIPELINE,op1,,1,const,,55
p2276,2014.535,INTERACTIVE,op1,,1,const,,55
p2276,,,op2,op1,15,linear3,,37.5
p2277,2014.535,BATCH_PIPELINE,op1,,1,const,,55
p2278,2014.535,QUERY,op1,,15,linear3,,35
p2279,2014.535,BATCH_PIPELINE,op1,,1,const,,55
p2279,,,op2,op1,1,const,,55
p2280,2014.535,BATCH_PIPELINE,op1,,1,const,,55
p2280,,,op2,op1,80,squared,,10
p2281,2019.727,BATCH_PIPELINE,op1,,1,const,,55
p2282,2019.727,BATCH_PIPELINE,op1,,1,const,,55
p2283,2019.727,BATCH_PIPELINE,op1,,1,const,,55
p2284,2019.727,INTERACTIVE,op1,,1,const,,55
p2285,2019.727,BATCH_PIPELINE,op1,,1,const,,55
p2286,2019.727,BATCH_PIPELINE,op1,,1,const,,55
p2286,,,op2,op1,15,linear3,,37.5
p2286,,,op3,op2,5,linear3,,45
p2287,2019.727,INTERACTIVE,op1,,1,const,,55
p2287,,,op2,op1,20,linear7,,30
p2288,2019.727,INTERACTIVE,op1,,1,const,,55
p2288,,,op2,op1,40,linear7,,20
p2289,2019.727,QUERY,op1,,15,linear3,,35
p2290,2019.727,INTERACTIVE,op1,,1,const,,55
p2291,2027.3410000000001,BATCH_PIPELINE,op1,,1,const,,55
p2292,2027.3410000000001,INTERACTIVE,op1,,1,const,,55
p2293,2027.3410000000001,INTERACTIVE,op1,,1,const,,55
p2293,,,op2,op1,1,const,,55
p2293,,,op3,op2,40,linear7,,20
p2294,2027.3410000000001,INTERACTIVE,op1,,1,const,,55
p2294,,,op2,op1,40,linear7,,20
p2294,,,op3,op2,40,linear7,,20
p2295,2027.3410000000001,BATCH_PIPELINE,op1,,1,const,,55
p2296,2027.3410000000001,INTERACTIVE,op1,,1,const,,55
p2297,2027.3410000000001,BATCH_PIPELINE,op1,,1,const,,55
p2297,,,op2,op1,5,linear3,,45
p2298,2027.3410000000001,BATCH_PIPELINE,op1,,1,const,,55
p2299,2027.3410000000001,INTERACTIVE,op1,,1,const,,55
p2299,,,op2,op1,80,squared,,10
p2300,2027.3410000000001,INTERACTIVE,op1,,1,const,,55
p2300,,,op2,op1,1,const,,55
p2300,,,op3,op2,5,linear3,,45
p2301,2032.747,INTERACTIVE,op1,,1,const,,55
p2302,2032.747,INTERACTIVE,op1,,1,const,,55
p2303,2032.747,BATCH_PIPELINE,op1,,1,const,,55
p2304,2032.747,BATCH_PIPELINE,op1,,1,const,,55
p2305,2032.747,BATCH_PIPELINE,op1,,1,const,,55
p2305,,,op2,op1,20,linear7,,30
p2306,2032.747,BATCH_PIPELINE,op1,,1,const,,55
p2306,,,op2,op1,1,const,,55
p2307,2032.747,INTERACTIVE,op1,,1,const,,55
p2307,,,op2,op1,80,squared,,10
p2308,2032.747,BATCH_PIPELINE,op1,,1,const,,55
p2308,,,op2,op1,15,linear3,,37.5
p2308,,,op3,op2,5,linear3,,45
p2309,2032.747,QUERY,op1,,15,linear3,,35
p2310,2032.747,BATCH_PIPELINE,op1,,1,const,,55
p2310,,,op2,op1,5,linear3,,45
p2311,2036.814,BATCH_PIPELINE,op1,,1,const,,55
p2311,,,op2,op1,80,squared,,10
p2311,,,op3,op2,2,sqrt,,55
p2312,2036.814,INTERACTIVE,op1,,1,const,,55
p2312,,,op2,op1,80,squared,,10
p2313,2036.814,INTERACTIVE,op1,,1,const,,55
p2313,,,op2,op1,20,linear7,,30
p2314,2036.814,INTERACTIVE,op1,,1,const,,55
p2315,2036.814,BATCH_PIPELINE,op1,,1,const,,55
p2315,,,op2,op1,2,sqrt,,55
p2316,2036.814,BATCH_PIPELINE,op1,,1,const,,55
p2316,,,op2,op1,15,linear3,,37.5
p2317,2036.814,INTERACTIVE,op1,,1,const,,55
p2318,2036.814,BATCH_PIPELINE,op1,,1,const,,55
p2319,2036.814,BATCH_PIPELINE,op1,,1,const,,55
p2319,,,op2,op1,5,linear3,,45
p2319,,,op3,op2,5,linear3,,45
p2320,2036.814,BATCH_PIPELINE,op1,,1,const,,55
p2321,2046.373,BATCH_PIPELINE,op1,,1,const,,55
p2321,,,op2,op1,5,linear3,,45
p2321,,,op3,op2,15,linear3,,37.5
p2322,2046.373,BATCH_PIPELINE,op1,,1,const,,55
p2322,,,op2,op1,5,linear3,,45
p2323,2046.373,INTERACTIVE,op1,,1,const,,55
p2323,,,op2,op1,15,linear3,,37.5
p2324,2046.373,BATCH_PIPELINE,op1,,1,const,,55
p2325,2046.373,BATCH_PIPELINE,op1,,1,const,,55
p2325,,,op2,op1,2,sqrt,,55
p2325,,,op3,op2,80,squared,,10
p2326,2046.373,BATCH_PIPELINE,op1,,1,const,,55
p2326,,,op2,op1,2,sqrt,,55
p2327,2046.373,BATCH_PIPELINE,op1,,1,const,,55
p2327,,,op2,op1,15,linear3,,37.5
p2328,2046.373,INTERACTIVE,op1,,1,const,,55
p2328,,,op2,op1,20,linear7,,30
p2329,2046.373,BATCH_PIPELINE,op1,,1,const,,55
p2329,,,op2,op1,5,linear3,,45
p2330,2046.373,BATCH_PIPELINE,op1,,1,const,,55
p2330,,,op2,op1,5,linear3,,45
p2331,2055.66,BATCH_PIPELINE,op1,,1,const,,55
p2332,2055.66,BATCH_PIPELINE,op1,,1,const,,55
p2333,2055.66,BATCH_PIPELINE,op1,,1,const,,55
p2333,,,op2,op1,20,linear7,,30
p2333,,,op3,op2,15,linear3,,37.5
p2334,2055.66,QUERY,op1,,15,linear3,,35
p2335,2055.66,INTERACTIVE,op1,,1,const,,55
p2335,,,op2,op1,80,squared,,10
p2336,2055.66,BATCH_PIPELINE,op1,,1,const,,55
p2336,,,op2,,2,sqrt,,55
p2336,,,op3,op1;op2,40,linear7,,20
p2337,2055.66,QUERY,op1,,15,linear3,,35
p2338,2055.66,BATCH_PIPELINE,op1,,1,const,,55
p2339,2055.66,BATCH_PIPELINE,op1,,1,const,,55
p2339,,,op2,op1,80,squared,,10
p2340,2055.66,INTERACTIVE,op1,,1,const,,55
p2341,2069.475,BATCH_PIPELINE,op1,,1,const,,55
p2342,2069.475,BATCH_PIPELINE,op1,,1,const,,55
p2342,,,op2,op1,2,sqrt,,55
p2342,,,op3,op1,40,linear7,,20
p2343,2069.475,BATCH_PIPELINE,op1,,1,const,,55
p2344,2069.475,INTERACTIVE,op1,,1,const,,55
p2344,,,op2,op1,5,linear3,,45
p2345,2069.475,INTERACTIVE,op1,,1,const,,55
p2345,,,op2,op1,15,linear3,,37.5
p2345,,,op3,op2,2,sqrt,,55
p2346,2069.475,BATCH_PIPELINE,op1,,1,const,,55
p2347,2069.475,QUERY,op1,,15,linear3,,35
p2348,2069.475,INTERACTIVE,op1,,1,const,,55
p2348,,,op2,op1,2,sqrt,,55
p2348,,,op3,op2,80,squared,,10
p2349,2069.475,BATCH_PIPELINE,op1,,1,const,,55
p2350,2069.475,BATCH_PIPELINE,op1,,1,const,,55
p2351,2078.227,INTERACTIVE,op1,,1,const,,55
p2352,2078.227,INTERACTIVE,op1,,1,const,,55
p2353,2078.227,BATCH_PIPELINE,op1,,1,const,,55
p2354,2078.227,QUERY,op1,,15,linear3,,35
p2355,2078.227,BATCH_PIPELINE,op1,,1,const,,55
p2356,2078.227,BATCH_PIPELINE,op1,,1,const,,55
p2357,2078.227,BATCH_PIPELINE,op1,,1,const,,55
p2357,,,op2,op1,2,sqrt,,55
p2358,2078.227,BATCH_PIPELINE,op1,,1,const,,55
p2359,2078.227,INTERACTIVE,op1,,1,const,,55
p2359,,,op2,op1,20,linear7,,30
p2360,2078.227,BATCH_PIPELINE,op1,,1,const,,55
p2360,,,op2,op1,40,linear7,,20
p2360,,,op3,op2,20,linear7,,30
p2361,2089.4320000000002,BATCH_PIPELINE,op1,,1,const,,55
p2362,2089.4320000000002,INTERACTIVE,op1,,1,const,,55
p2362,,,op2,op1,20,linear7,,30
p2363,2089.4320000000002,BATCH_PIPELINE,op1,,1,const,,55
p2364,2089.4320000000002,BATCH_PIPELINE,op1,,1,const,,55
p2365,2089.4320000000002,INTERACTIVE,op1,,1,const,,55
p2365,,,op2,op1,5,linear3,,45
p2366,2089.4320000000002,BATCH_PIPELINE,op1,,1,const,,55
p2367,2089.4320000000002,BATCH_PIPELINE,op1,,1,const,,55
p2367,,,op2,,1,const,,55
p2367,,,op3,op1;op2,1,const,,55
p2368,2089.4320000000002,BATCH_PIPELINE,op1,,1,const,,55
p2369,2089.4320000000002,BATCH_PIPELINE,op1,,1,const,,55
p2370,2089.4320000000002,BATCH_PIPELINE,op1,,1,const,,55
p2371,2097.993,BATCH_PIPELINE,op1,,1,const,,55
p2371,,,op2,op1,20,linear7,,30
p2372,2097.993,INTERACTIVE,op1,,1,const,,55
p2373,2097.993,BATCH_PIPELINE,op1,,1,const,,55
p2374,2097.993,BATCH_PIPELINE,op1,,1,const,,55
p2374,,,op2,op1,20,linear7,,30
p2375,2097.993,QUERY,op1,,15,linear3,,35
p2376,2097.993,BATCH_PIPELINE,op1,,1,const,,55
p2377,2097.993,BATCH_PIPELINE,op1,,1,const,,55
p2378,2097.993,INTERACTIVE,op1,,1,const,,55
p2379,2097.993,BATCH_PIPELINE,op1,,1,const,,55
p2379,,,op2,op1,1,const,,55
p2379,,,op3,op2,15,linear3,,37.5
p2380,2097.993,BATCH_PIPELINE,op1,,1,const,,55
p2380,,,op2,op1,5,linear3,,45
p2380,,,op3,op2,20,linear7,,30
p2381,2104.732,BATCH_PIPELINE,op1,,1,const,,55
p2381,,,op2,op1,1,const,,55
p2382,2104.732,QUERY,op1,,15,linear3,,35
p2383,2104.732,INTERACTIVE,op1,,1,const,,55
p2384,2104.732,BATCH_PIPELINE,op1,,1,const,,55
p2384,,,op2,op1,5,linear3,,45
p2384,,,op3,op2,20,linear7,,30
p2385,2104.732,BATCH_PIPELINE,op1,,1,const,,55
p2386,2104.732,QUERY,op1,,15,linear3,,35
p2387,2104.732,BATCH_PIPELINE,op1,,1,const,,55
p2387,,,op2,op1,5,linear3,,45
p2388,2104.732,BATCH_PIPELINE,op1,,1,const,,55
p2389,2104.732,INTERACTIVE,op1,,1,const,,55
p2389,,,op2,op1,2,sqrt,,55
p2390,2104.732,BATCH_PIPELINE,op1,,1,const,,55
p2390,,,op2,op1,5,linear3,,45
p2390,,,op3,op2,15,linear3,,37.5
p2391,2111.175,QUERY,op1,,15,linear3,,35
p2392,2111.175,INTERACTIVE,op1,,1,const,,55
p2393,2111.175,QUERY,op1,,15,linear3,,35
p2394,2111.175,BATCH_PIPELINE,op1,,1,const,,55
p2395,2111.175,BATCH_PIPELINE,op1,,1,const,,55
p2396,2111.175,BATCH_PIPELINE,op1,,1,const,,55
p2397,2111.175,BATCH_PIPELINE,op1,,1,const,,55
p2397,,,op2,op1,15,linear3,,37.5
p2398,2111.175,INTERACTIVE,op1,,1,const,,55
p2399,2111.175,BATCH_PIPELINE,op1,,1,const,,55
p2399,,,op2,op1,80,squared,,10
p2400,2111.175,BATCH_PIPELINE,op1,,1,const,,55
p2400,,,op2,op1,2,sqrt,,55
p2400,,,op3,op2,5,linear3,,45
p2401,2121.777,BATCH_PIPELINE,op1,,1,const,,55
p2401,,,op2,op1,5,linear3,,45
p2402,2121.777,BATCH_PIPELINE,op1,,1,const,,55
p2402,,,op2,op1,2,sqrt,,55
p2403,2121.777,INTERACTIVE,op1,,1,const,,55
p2404,2121.777,BATCH_PIPELINE,op1,,1,const,,55
p2404,,,op2,op1,15,linear3,,37.5
p2404,,,op3,op2,20,linear7,,30
p2405,2121.777,BATCH_PIPELINE,op1,,1,const,,55
p2406,2121.777,BATCH_PIPELINE,op1,,1,const,,55
p2407,2121.777,BATCH_PIPELINE,op1,,1,const,,55
p2407,,,op2,op1,1,const,,55
p2408,2121.777,BATCH_PIPELINE,op1,,1,const,,55
p2409,2121.777,BATCH_PIPELINE,op1,,1,const,,55
p2409,,,op2,op1,15,linear3,,37.5
p2410,2121.777,BATCH_PIPELINE,op1,,1,const,,55
p2411,2131.8,INTERACTIVE,op1,,1,const,,55
p2412,2131.8,BATCH_PIPELINE,op1,,1,const,,55
p2412,,,op2,op1,1,const,,55
p2413,2131.8,BATCH_PIPELINE,op1,,1,const,,55
p2414,2131.8,INTERACTIVE,op1,,1,const,,55
p2415,2131.8,INTERACTIVE,op1,,1,const,,55
p2415,,,op2,op1,80,squared,,10
p2416,2131.8,INTERACTIVE,op1,,1,const,,55
p2416,,,op2,op1,15,linear3,,37.5
p2416,,,op3,op2,40,linear7,,20
p2417,2131.8,QUERY,op1,,15,linear3,,35
p2418,2131.8,INTERACTIVE,op1,,1,const,,55
p2418,,,op2,op1,15,linear3,,37.5
p2418,,,op3,op2,2,sqrt,,55
p2419,2131.8,BATCH_PIPELINE,op1,,1,const,,55
p2420,2131.8,BATCH_PIPELINE,op1,,1,const,,55
p2420,,,op2,op1,1,const,,55
p2421,2141.337,INTERACTIVE,op1,,1,const,,55
p2421,,,op2,op1,5,linear3,,45
p2422,2141.337,BATCH_PIPELINE,op1,,1,const,,55
p2422,,,op2,op1,80,squared,,10
p2422,,,op3,op2,80,squared,,10
p2423,2141.337,BATCH_PIPELINE,op1,,1,const,,55
p2424,2141.337,BATCH_PIPELINE,op1,,1,const,,55
p2425,2141.337,BATCH_PIPELINE,op1,,1,const,,55
p2426,2141.337,BATCH_PIPELINE,op1,,1,const,,55
p2427,2141.337,QUERY,op1,,15,linear3,,35
p2428,2141.337,INTERACTIVE,op1,,1,const,,55
p2428,,,op2,op1,40,linear7,,20
p2428,,,op3,op2,1,const,,55
p2429,2141.337,BATCH_PIPELINE,op1,,1,const,,55
p2429,,,op2,op1,1,const,,55
p2430,2141.337,INTERACTIVE,op1,,1,const,,55
p2430,,,op2,op1,15,linear3,,37.5
p2430,,,op3,op2,20,linear7,,30
p2431,2150.753,BATCH_PIPELINE,op1,,1,const,,55
p2431,,,op2,op1,5,linear3,,45
p2432,2150.753,BATCH_PIPELINE,op1,,1,const,,55
p2433,2150.753,BATCH_PIPELINE,op1,,1,const,,55
p2434,2150.753,INTERACTIVE,op1,,1,const,,55
p2435,2150.753,BATCH_PIPELINE,op1,,1,const,,55
p2435,,,op2,,15,linear3,,37.5
p2435,,,op3,op1;op2,20,linear7,,30
p2436,2150.753,INTERACTIVE,op1,,1,const,,55
p2436,,,op2,op1,1,const,,55
p2437,2150.753,INTERACTIVE,op1,,1,const,,55
p2438,2150.753,BATCH_PIPELINE,op1,,1,const,,55
p2439,2150.753,BATCH_PIPELINE,op1,,1,const,,55
p2440,2150.753,BATCH_PIPELINE,op1,,1,const,,55
p2440,,,op2,op1,15,linear3,,37.5
p2440,,,op3,op2,5,linear3,,45
p2441,2160.276,BATCH_PIPELINE,op1,,1,const,,55
p2442,2160.276,QUERY,op1,,15,linear3,,35
p2443,2160.276,BATCH_PIPELINE,op1,,1,const,,55
p2443,,,op2,op1,15,linear3,,37.5
p2443,,,op3,op2,15,linear3,,37.5
p2444,2160.276,BATCH_PIPELINE,op1,,1,const,,55
p2445,2160.276,BATCH_PIPELINE,op1,,1,const,,55
p2445,,,op2,op1,40,linear7,,20
p2446,2160.276,INTERACTIVE,op1,,1,const,,55
p2447,2160.276,BATCH_PIPELINE,op1,,1,const,,55
p2447,,,op2,op1,20,linear7,,30
p2448,2160.276,BATCH_PIPELINE,op1,,1,const,,55
p2448,,,op2,op1,80,squared,,10
p2449,2160.276,INTERACTIVE,op1,,1,const,,55
p2450,2160.276,BATCH_PIPELINE,op1,,1,const,,55
p2451,2170.949,BATCH_PIPELINE,op1,,1,const,,55
p2452,2170.949,BATCH_PIPELINE,op1,,1,const,,55
p2452,,,op2,op1,5,linear3,,45
p2453,2170.949,QUERY,op1,,15,linear3,,35
p2454,2170.949,INTERACTIVE,op1,,1,const,,55
p2455,2170.949,INTERACTIVE,op1,,1,const,,55
p2455,,,op2,op1,5,linear3,,45
p2456,2170.949,BATCH_PIPELINE,op1,,1,const,,55
p2456,,,op2,op1,1,const,,55
p2456,,,op3,op2,15,linear3,,37.5
p2457,2170.949,BATCH_PIPELINE,op1,,1,const,,55
p2458,2170.949,BATCH_PIPELINE,op1,,1,const,,55
p2458,,,op2,op1,40,linear7,,20
p2459,2170.949,BATCH_PIPELINE,op1,,1,const,,55
p2459,,,op2,op1,5,linear3,,45
p2459,,,op3,op2,2,sqrt,,55
p2460,2170.949,BATCH_PIPELINE,op1,,1,const,,55
p2460,,,op2,op1,20,linear7,,30
p2461,2181.495,INTERACTIVE,op1,,1,const,,55
p2462,2181.495,INTERACTIVE,op1,,1,const,,55
p2462,,,op2,op1,15,linear3,,37.5
p2462,,,op3,op2,20,linear7,,30
p2463,2181.495,QUERY,op1,,15,linear3,,35
p2464,2181.495,INTERACTIVE,op1,,1,const,,55
p2465,2181.495,BATCH_PIPELINE,op1,,1,const,,55
p2466,2181.495,QUERY,op1,,15,linear3,,35
p2467,2181.495,INTERACTIVE,op1,,1,const,,55
p2468,2181.495,QUERY,op1,,15,linear3,,35
p2469,2181.495,BATCH_PIPELINE,op1,,1,const,,55
p2470,2181.495,BATCH_PIPELINE,op1,,1,const,,55
p2470,,,op2,op1,5,linear3,,45
p2471,2188.43,INTERACTIVE,op1,,1,const,,55
p2472,2188.43,BATCH_PIPELINE,op1,,1,const,,55
p2473,2188.43,BATCH_PIPELINE,op1,,1,const,,55
p2473,,,op2,op1,20,linear7,,30
p2474,2188.43,BATCH_PIPELINE,op1,,1,const,,55
p2474,,,op2,op1,5,linear3,,45
p2475,2188.43,INTERACTIVE,op1,,1,const,,55
p2475,,,op2,op1,20,linear7,,30
p2475,,,op3,op2,40,linear7,,20
p2476,2188.43,BATCH_PIPELINE,op1,,1,const,,55
p2477,2188.43,BATCH_PIPELINE,op1,,1,const,,55
p2478,2188.43,BATCH_PIPELINE,op1,,1,const,,55
p2478,,,op2,op1,15,linear3,,37.5
p2479,2188.43,INTERACTIVE,op1,,1,const,,55
p2480,2188.43,BATCH_PIPELINE,op1,,1,const,,55
p2481,2199.489,INTERACTIVE,op1,,1,const,,55
p2482,2199.489,BATCH_PIPELINE,op1,,1,const,,55
p2483,2199.489,INTERACTIVE,op1,,1,const,,55
p2484,2199.489,BATCH_PIPELINE,op1,,1,const,,55
p2485,2199.489,BATCH_PIPELINE,op1,,1,const,,55
p2485,,,op2,op1,2,sqrt,,55
p2486,2199.489,BATCH_PIPELINE,op1,,1,const,,55
p2486,,,op2,op1,15,linear3,,37.5
p2487,2199.489,BATCH_PIPELINE,op1,,1,const,,55
p2487,,,op2,op1,15,linear3,,37.5
p2487,,,op3,op2,2,sqrt,,55
p2488,2199.489,BATCH_PIPELINE,op1,,1,const,,55
p2489,2199.489,INTERACTIVE,op1,,1,const,,55
p2490,2199.489,BATCH_PIPELINE,op1,,1,const,,55
p2491,2208.666,BATCH_PIPELINE,op1,,1,const,,55
p2492,2208.666,INTERACTIVE,op1,,1,const,,55
p2492,,,op2,op1,15,linear3,,37.5
p2493,2208.666,QUERY,op1,,15,linear3,,35
p2494,2208.666,BATCH_PIPELINE,op1,,1,const,,55
p2495,2208.666,BATCH_PIPELINE,op1,,1,const,,55
p2496,2208.666,BATCH_PIPELINE,op1,,1,const,,55
p2497,2208.666,BATCH_PIPELINE,op1,,1,const,,55
p2498,2208.666,BATCH_PIPELINE,op1,,1,const,,55
p2498,,,op2,op1,5,linear3,,45
p2499,2208.666,BATCH_PIPELINE,op1,,1,const,,55
p2499,,,op2,op1,40,linear7,,20
p2500,2208.666,BATCH_PIPELINE,op1,,1,const,,55
p2501,2215.188,BATCH_PIPELINE,op1,,1,const,,55
p2502,2215.188,INTERACTIVE,op1,,1,const,,55
p2502,,,op2,op1,80,squared,,10
p2502,,,op3,op2,5,linear3,,45
p2503,2215.188,BATCH_PIPELINE,op1,,1,const,,55
p2504,2215.188,INTERACTIVE,op1,,1,const,,55
p2504,,,op2,op1,5,linear3,,45
p2505,2215.188,BATCH_PIPELINE,op1,,1,const,,55
p2505,,,op2,,1,const,,55
p2505,,,op3,op1;op2,20,linear7,,30
p2506,2215.188,INTERACTIVE,op1,,1,const,,55
p2507,2215.188,BATCH_PIPELINE,op1,,1,const,,55
p2508,2215.188,BATCH_PIPELINE,op1,,1,const,,55
p2508,,,op2,op1,1,const,,55
p2509,2215.188,INTERACTIVE,op1,,1,const,,55
p2510,2215.188,QUERY,op1,,15,linear3,,35
p2511,2225.7290000000003,QUERY,op1,,15,linear3,,35
p2512,2225.7290000000003,BATCH_PIPELINE,op1,,1,const,,55
p2512,,,op2,op1,20,linear7,,30
p2513,2225.7290000000003,BATCH_PIPELINE,op1,,1,const,,55
p2514,2225.7290000000003,QUERY,op1,,15,linear3,,35
p2515,2225.7290000000003,INTERACTIVE,op1,,1,const,,55
p2515,,,op2,op1,15,linear3,,37.5
p2516,2225.7290000000003,BATCH_PIPELINE,op1,,1,const,,55
p2516,,,op2,op1,5,linear3,,45
p2516,,,op3,op2,1,const,,55
p2517,2225.7290000000003,QUERY,op1,,15,linear3,,35
p2518,2225.7290000000003,BATCH_PIPELINE,op1,,1,const,,55
p2518,,,op2,op1,20,linear7,,30
p2519,2225.7290000000003,BATCH_PIPELINE,op1,,1,const,,55
p2520,2225.7290000000003,INTERACTIVE,op1,,1,const,,55
p2521,2233.891,INTERACTIVE,op1,,1,const,,55
p2522,2233.891,BATCH_PIPELINE,op1,,1,const,,55
p2523,2233.891,BATCH_PIPELINE,op1,,1,const,,55
p2523,,,op2,op1,40,linear7,,20
p2523,,,op3,op2,1,const,,55
p2524,2233.891,INTERACTIVE,op1,,1,const,,55
p2525,2233.891,BATCH_PIPELINE,op1,,1,const,,55
p2526,2233.891,INTERACTIVE,op1,,1,const,,55
p2526,,,op2,op1,5,linear3,,45
p2527,2233.891,BATCH_PIPELINE,op1,,1,const,,55
p2528,2233.891,QUERY,op1,,15,linear3,,35
p2529,2233.891,INTERACTIVE,op1,,1,const,,55
p2529,,,op2,op1,80,squared,,10
p2529,,,op3,op2,80,squared,,10
p2530,2233.891,INTERACTIVE,op1,,1,const,,55
p2531,2243.763,INTERACTIVE,op1,,1,const,,55
p2531,,,op2,op1,80,squared,,10
p2532,2243.763,INTERACTIVE,op1,,1,const,,55
p2532,,,op2,op1,20,linear7,,30
p2533,2243.763,INTERACTIVE,op1,,1,const,,55
p2533,,,op2,op1,15,linear3,,37.5
p2534,2243.763,BATCH_PIPELINE,op1,,1,const,,55
p2535,2243.763,BATCH_PIPELINE,op1,,1,const,,55
p2536,2243.763,INTERACTIVE,op1,,1,const,,55
p2536,,,op2,op1,1,const,,55
p2537,2243.763,BATCH_PIPELINE,op1,,1,const,,55
p2538,2243.763,BATCH_PIPELINE,op1,,1,const,,55
p2539,2243.763,INTERACTIVE,op1,,1,const,,55
p2540,2243.763,BATCH_PIPELINE,op1,,1,const,,55
p2540,,,op2,op1,15,linear3,,37.5
p2541,2255.497,BATCH_PIPELINE,op1,,1,const,,55
p2542,2255.497,INTERACTIVE,op1,,1,const,,55
p2542,,,op2,op1,80,squared,,10
p2542,,,op3,op2,20,linear7,,30
p2543,2255.497,QUERY,op1,,15,linear3,,35
p2544,2255.497,BATCH_PIPELINE,op1,,1,const,,55
p2545,2255.497,BATCH_PIPELINE,op1,,1,const,,55
p2545,,,op2,op1,1,const,,55
p2546,2255.497,BATCH_PIPELINE,op1,,1,const,,55
p2547,2255.497,BATCH_PIPELINE,op1,,1,const,,55
p2547,,,op2,op1,15,linear3,,37.5
p2548,2255.497,INTERACTIVE,op1,,1,const,,55
p2548,,,op2,op1,5,linear3,,45
p2549,2255.497,BATCH_PIPELINE,op1,,1,const,,55
p2549,,,op2,op1,1,const,,55
p2549,,,op3,op2,5,linear3,,45
p2550,2255.497,BATCH_PIPELINE,op1,,1,const,,55
p2550,,,op2,op1,15,linear3,,37.5
p2550,,,op3,op2,15,linear3,,37.5
p2551,2267.6040000000003,INTERACTIVE,op1,,1,const,,55
p2551,,,op2,op1,5,linear3,,45
p2551,,,op3,op2,40,linear7,,20
p2552,2267.6040000000003,BATCH_PIPELINE,op1,,1,const,,55
p2553,2267.6040000000003,BATCH_PIPELINE,op1,,1,const,,55
p2553,,,op2,op1,5,linear3,,45
p2553,,,op3,op2,15,linear3,,37.5
p2554,2267.6040000000003,BATCH_PIPELINE,op1,,1,const,,55
p2555,2267.6040000000003,BATCH_PIPELINE,op1,,1,const,,55
p2555,,,op2,op1,5,linear3,,45
p2556,2267.6040000000003,BATCH_PIPELINE,op1,,1,const,,55
p2557,2267.6040000000003,QUERY,op1,,15,linear3,,35
p2558,2267.6040000000003,INTERACTIVE,op1,,1,const,,55
p2558,,,op2,op1,15,linear3,,37.5
p2559,2267.6040000000003,BATCH_PIPELINE,op1,,1,const,,55
p2560,2267.6040000000003,BATCH_PIPELINE,op1,,1,const,,55
p2561,2272.838,INTERACTIVE,op1,,1,const,,55
p2562,2272.838,INTERACTIVE,op1,,1,const,,55
p2563,2272.838,BATCH_PIPELINE,op1,,1,const,,55
p2564,2272.838,QUERY,op1,,15,linear3,,35
p2565,2272.838,BATCH_PIPELINE,op1,,1,const,,55
p2566,2272.838,BATCH_PIPELINE,op1,,1,const,,55
p2566,,,op2,op1,1,const,,55
p2566,,,op3,op2,15,linear3,,37.5
p2567,2272.838,BATCH_PIPELINE,op1,,1,const,,55
p2567,,,op2,op1,1,const,,55
p2567,,,op3,op1,5,linear3,,45
p2568,2272.838,INTERACTIVE,op1,,1,const,,55
p2569,2272.838,BATCH_PIPELINE,op1,,1,const,,55
p2570,2272.838,INTERACTIVE,op1,,1,const,,55
p2570,,,op2,op1,2,sqrt,,55
p2571,2286.445,INTERACTIVE,op1,,1,const,,55
p2571,,,op2,op1,5,linear3,,45
p2571,,,op3,op2,5,linear3,,45
p2572,2286.445,BATCH_PIPELINE,op1,,1,const,,55
p2572,,,op2,op1,20,linear7,,30
p2572,,,op3,op2,5,linear3,,45
p2573,2286.445,QUERY,op1,,15,linear3,,35
p2574,2286.445,INTERACTIVE,op1,,1,const,,55
p2575,2286.445,BATCH_PIPELINE,op1,,1,const,,55
p2576,2286.445,INTERACTIVE,op1,,1,const,,55
p2577,2286.445,BATCH_PIPELINE,op1,,1,const,,55
p2577,,,op2,op1,5,linear3,,45
p2577,,,op3,op2,80,squared,,10
p2578,2286.445,INTERACTIVE,op1,,1,const,,55
p2579,2286.445,BATCH_PIPELINE,op1,,1,const,,55
p2579,,,op2,op1,40,linear7,,20
p2580,2286.445,BATCH_PIPELINE,op1,,1,const,,55
p2580,,,op2,op1,2,sqrt,,55
p2580,,,op3,op2,80,squared,,10
p2581,2292.01,BATCH_PIPELINE,op1,,1,const,,55
p2581,,,op2,op1,15,linear3,,37.5
p2582,2292.01,BATCH_PIPELINE,op1,,1,const,,55
p2583,2292.01,BATCH_PIPELINE,op1,,1,const,,55
p2583,,,op2,op1,1,const,,55
p2584,2292.01,BATCH_PIPELINE,op1,,1,const,,55
p2584,,,op2,op1,20,linear7,,30
p2584,,,op3,op2,20,linear7,,30
p2585,2292.01,BATCH_PIPELINE,op1,,1,const,,55
p2586,2292.01,BATCH_PIPELINE,op1,,1,const,,55
p2586,,,op2,op1,1,const,,55
p2587,2292.01,BATCH_PIPELINE,op1,,1,const,,55
p2588,2292.01,INTERACTIVE,op1,,1,const,,55
p2589,2292.01,INTERACTIVE,op1,,1,const,,55
p2590,2292.01,BATCH_PIPELINE,op1,,1,const,,55
p2590,,,op2,op1,40,linear7,,20
p2590,,,op3,op2,40,linear7,,20
p2591,2298.369,INTERACTIVE,op1,,1,const,,55
p2592,2298.369,BATCH_PIPELINE,op1,,1,const,,55
p2593,2298.369,INTERACTIVE,op1,,1,const,,55
p2594,2298.369,INTERACTIVE,op1,,1,const,,55
p2594,,,op2,op1,1,const,,55
p2594,,,op3,op2,40,linear7,,20
p2595,2298.369,INTERACTIVE,op1,,1,const,,55
p2596,2298.369,INTERACTIVE,op1,,1,const,,55
p2596,,,op2,op1,2,sqrt,,55
p2596,,,op3,op2,15,linear3,,37.5
p2597,2298.369,INTERACTIVE,op1,,1,const,,55
p2598,2298.369,BATCH_PIPELINE,op1,,1,const,,55
p2598,,,op2,,5,linear3,,45
p2598,,,op3,op1;op2,15,linear3,,37.5
p2599,2298.369,QUERY,op1,,15,linear3,,35
p2600,2298.369,BATCH_PIPELINE,op1,,1,const,,55
p2601,2304.7400000000002,BATCH_PIPELINE,op1,,1,const,,55
p2601,,,op2,,15,linear3,,37.5
p2601,,,op3,op1;op2,1,const,,55
p2602,2304.7400000000002,INTERACTIVE,op1,,1,const,,55
p2602,,,op2,op1,1,const,,55
p2603,2304.7400000000002,INTERACTIVE,op1,,1,const,,55
p2603,,,op2,op1,5,linear3,,45
p2604,2304.7400000000002,BATCH_PIPELINE,op1,,1,const,,55
p2605,2304.7400000000002,BATCH_PIPELINE,op1,,1,const,,55
p2606,2304.7400000000002,BATCH_PIPELINE,op1,,1,const,,55
p2606,,,op2,op1,1,const,,55
p2607,2304.7400000000002,BATCH_PIPELINE,op1,,1,const,,55
p2607,,,op2,op1,15,linear3,,37.5
p2607,,,op3,op2,1,const,,55
p2608,2304.7400000000002,QUERY,op1,,15,linear3,,35
p2609,2304.7400000000002,BATCH_PIPELINE,op1,,1,const,,55
p2609,,,op2,op1,20,linear7,,30
p2609,,,op3,op1,2,sqrt,,55
p2610,2304.7400000000002,BATCH_PIPELINE,op1,,1,const,,55
p2611,2311.425,QUERY,op1,,15,linear3,,35
p2612,2311.425,BATCH_PIPELINE,op1,,1,const,,55
p2612,,,op2,,5,linear3,,45
p2612,,,op3,op1;op2,15,linear3,,37.5
p2613,2311.425,QUERY,op1,,15,linear3,,35
p2614,2311.425,BATCH_PIPELINE,op1,,1,const,,55
p2614,,,op2,op1,80,squared,,10
p2615,2311.425,INTERACTIVE,op1,,1,const,,55
p2615,,,op2,op1,20,linear7,,30
p2615,,,op3,op2,5,linear3,,45
p2616,2311.425,INTERACTIVE,op1,,1,const,,55
p2616,,,op2,op1,15,linear3,,37.5
p2617,2311.425,INTERACTIVE,op1,,1,const,,55
p2617,,,op2,op1,40,linear7,,20
p2617,,,op3,op2,80,squared,,10
p2618,2311.425,BATCH_PIPELINE,op1,,1,const,,55
p2618,,,op2,op1,5,linear3,,45
p2618,,,op3,op2,20,linear7,,30
p2619,2311.425,BATCH_PIPELINE,op1,,1,const,,55
p2620,2311.425,BATCH_PIPELINE,op1,,1,const,,55
p2621,2328.156,INTERACTIVE,op1,,1,const,,55
p2622,2328.156,INTERACTIVE,op1,,1,const,,55
p2623,2328.156,BATCH_PIPELINE,op1,,1,const,,55
p2624,2328.156,QUERY,op1,,15,linear3,,35
p2625,2328.156,BATCH_PIPELINE,op1,,1,const,,55
p2625,,,op2,op1,40,linear7,,20
p2626,2328.156,QUERY,op1,,15,linear3,,35
p2627,2328.156,BATCH_PIPELINE,op1,,1,const,,55
p2628,2328.156,BATCH_PIPELINE,op1,,1,const,,55
p2628,,,op2,op1,2,sqrt,,55
p2628,,,op3,op1,20,linear7,,30
p2629,2328.156,BATCH_PIPELINE,op1,,1,const,,55
p2629,,,op2,op1,5,linear3,,45
p2630,2328.156,BATCH_PIPELINE,op1,,1,const,,55
p2631,2336.0480000000002,BATCH_PIPELINE,op1,,1,const,,55
p2632,2336.0480000000002,INTERACTIVE,op1,,1,const,,55
p2632,,,op2,op1,20,linear7,,30
p2632,,,op3,op1,5,linear3,,45
p2633,2336.0480000000002,BATCH_PIPELINE,op1,,1,const,,55
p2634,2336.0480000000002,BATCH_PIPELINE,op1,,1,const,,55
p2634,,,op2,op1,1,const,,55
p2635,2336.0480000000002,BATCH_PIPELINE,op1,,1,const,,55
p2636,2336.0480000000002,INTERACTIVE,op1,,1,const,,55
p2637,2336.0480000000002,BATCH_PIPELINE,op1,,1,const,,55
p2637,,,op2,op1,15,linear3,,37.5
p2638,2336.0480000000002,INTERACTIVE,op1,,1,const,,55
p2638,,,op2,op1,1,const,,55
p2639,2336.0480000000002,INTERACTIVE,op1,,1,const,,55
p2640,2336.0480000000002,BATCH_PIPELINE,op1,,1,const,,55
p2640,,,op2,op1,40,linear7,,20
p2641,2343.084,BATCH_PIPELINE,op1,,1,const,,55
p2642,2343.084,BATCH_PIPELINE,op1,,1,const,,55
p2642,,,op2,op1,2,sqrt,,55
p2643,2343.084,BATCH_PIPELINE,op1,,1,const,,55
p2644,2343.084,QUERY,op1,,15,linear3,,35
p2645,2343.084,QUERY,op1,,15,linear3,,35
p2646,2343.084,BATCH_PIPELINE,op1,,1,const,,55
p2646,,,op2,op1,2,sqrt,,55
p2647,2343.084,INTERACTIVE,op1,,1,const,,55
p2647,,,op2,op1,15,linear3,,37.5
p2648,2343.084,BATCH_PIPELINE,op1,,1,const,,55
p2649,2343.084,BATCH_PIPELINE,op1,,1,const,,55
p2649,,,op2,op1,1,const,,55
p2650,2343.084,BATCH_PIPELINE,op1,,1,const,,55
p2650,,,op2,op1,5,linear3,,45
p2650,,,op3,op2,2,sqrt,,55
p2651,2352.267,BATCH_PIPELINE,op1,,1,const,,55
p2651,,,op2,op1,2,sqrt,,55
p2652,2352.267,BATCH_PIPELINE,op1,,1,const,,55
p2652,,,op2,op1,15,linear3,,37.5
p2653,2352.267,QUERY,op1,,15,linear3,,35
p2654,2352.267,BATCH_PIPELINE,op1,,1,const,,55
p2654,,,op2,op1,40,linear7,,20
p2654,,,op3,op2,40,linear7,,20
p2655,2352.267,INTERACTIVE,op1,,1,const,,55
p2655,,,op2,op1,2,sqrt,,55
p2655,,,op3,op2,5,linear3,,45
p2656,2352.267,BATCH_PIPELINE,op1,,1,const,,55
p2656,,,op2,op1,5,linear3,,45
p2657,2352.267,BATCH_PIPELINE,op1,,1,const,,55
p2658,2352.267,QUERY,op1,,15,linear3,,35
p2659,2352.267,BATCH_PIPELINE,op1,,1,const,,55
p2659,,,op2,op1,40,linear7,,20
p2659,,,op3,op2,1,const,,55
p2660,2352.267,BATCH_PIPELINE,op1,,1,const,,55
p2660,,,op2,op1,2,sqrt,,55
p2660,,,op3,op1,2,sqrt,,55
p2661,2362.544,BATCH_PIPELINE,op1,,1,const,,55
p2662,2362.544,BATCH_PIPELINE,op1,,1,const,,55
p2663,2362.544,INTERACTIVE,op1,,1,const,,55
p2664,2362.544,INTERACTIVE,op1,,1,const,,55
p2664,,,op2,op1,2,sqrt,,55
p2664,,,op3,op2,20,linear7,,30
p2665,2362.544,BATCH_PIPELINE,op1,,1,const,,55
p2666,2362.544,QUERY,op1,,15,linear3,,35
p2667,2362.544,QUERY,op1,,15,linear3,,35
p2668,2362.544,BATCH_PIPELINE,op1,,1,const,,55
p2668,,,op2,op1,5,linear3,,45
p2668,,,op3,op2,15,linear3,,37.5
p2669,2362.544,BATCH_PIPELINE,op1,,1,const,,55
p2669,,,op2,op1,1,const,,55
p2670,2362.544,INTERACTIVE,op1,,1,const,,55
p2671,2371.882,BATCH_PIPELINE,op1,,1,const,,55
p2672,2371.882,BATCH_PIPELINE,op1,,1,const,,55
p2673,2371.882,BATCH_PIPELINE,op1,,1,const,,55
p2674,2371.882,BATCH_PIPELINE,op1,,1,const,,55
p2675,2371.882,BATCH_PIPELINE,op1,,1,const,,55
p2675,,,op2,op1,20,linear7,,30
p2675,,,op3,op2,15,linear3,,37.5
p2676,2371.882,BATCH_PIPELINE,op1,,1,const,,55
p2676,,,op2,op1,15,linear3,,37.5
p2677,2371.882,INTERACTIVE,op1,,1,const,,55
p2677,,,op2,op1,40,linear7,,20
p2678,2371.882,BATCH_PIPELINE,op1,,1,const,,55
p2679,2371.882,INTERACTIVE,op1,,1,const,,55
p2679,,,op2,op1,80,squared,,10
p2679,,,op3,op2,5,linear3,,45
p2680,2371.882,BATCH_PIPELINE,op1,,1,const,,55
p2680,,,op2,op1,1,const,,55
p2681,2380.7400000000002,QUERY,op1,,15,linear3,,35
p2682,2380.7400000000002,INTERACTIVE,op1,,1,const,,55
p2683,2380.7400000000002,BATCH_PIPELINE,op1,,1,const,,55
p2683,,,op2,,80,squared,,10
p2683,,,op3,op1;op2,1,const,,55
p2684,2380.7400000000002,BATCH_PIPELINE,op1,,1,const,,55
p2685,2380.7400000000002,INTERACTIVE,op1,,1,const,,55
p2686,2380.7400000000002,BATCH_PIPELINE,op1,,1,const,,55
p2686,,,op2,op1,40,linear7,,20
p2687,2380.7400000000002,BATCH_PIPELINE,op1,,1,const,,55
p2688,2380.7400000000002,INTERACTIVE,op1,,1,const,,55
p2689,2380.7400000000002,BATCH_PIPELINE,op1,,1,const,,55
p2690,2380.7400000000002,BATCH_PIPELINE,op1,,1,const,,55
p2691,2391.46,BATCH_PIPELINE,op1,,1,const,,55
p2692,2391.46,BATCH_PIPELINE,op1,,1,const,,55
p2693,2391.46,BATCH_PIPELINE,op1,,1,const,,55
p2694,2391.46,INTERACTIVE,op1,,1,const,,55
p2694,,,op2,op1,2,sqrt,,55
p2695,2391.46,INTERACTIVE,op1,,1,const,,55
p2696,2391.46,BATCH_PIPELINE,op1,,1,const,,55
p2697,2391.46,QUERY,op1,,15,linear3,,35
p2698,2391.46,BATCH_PIPELINE,op1,,1,const,,55
p2698,,,op2,op1,2,sqrt,,55
p2699,2391.46,INTERACTIVE,op1,,1,const,,55
p2699,,,op2,op1,5,linear3,,45
p2700,2391.46,BATCH_PIPELINE,op1,,1,const,,55
p2700,,,op2,op1,20,linear7,,30
p2701,2396.244,BATCH_PIPELINE,op1,,1,const,,55
p2702,2396.244,BATCH_PIPELINE,op1,,1,const,,55
p2702,,,op2,op1,1,const,,55
p2703,2396.244,INTERACTIVE,op1,,1,const,,55
p2704,2396.244,BATCH_PIPELINE,op1,,1,const,,55
p2705,2396.244,INTERACTIVE,op1,,1,const,,55
p2705,,,op2,op1,5,linear3,,45
p2706,2396.244,QUERY,op1,,15,linear3,,35
p2707,2396.244,INTERACTIVE,op1,,1,const,,55
p2707,,,op2,op1,5,linear3,,45
p2708,2396.244,BATCH_PIPELINE,op1,,1,const,,55
p2709,2396.244,BATCH_PIPELINE,op1,,1,const,,55
p2710,2396.244,INTERACTIVE,op1,,1,const,,55
p2710,,,op2,op1,15,linear3,,37.5
p2711,2402.934,BATCH_PIPELINE,op1,,1,const,,55
p2712,2402.934,QUERY,op1,,15,linear3,,35
p2713,2402.934,BATCH_PIPELINE,op1,,1,const,,55
p2714,2402.934,INTERACTIVE,op1,,1,const,,55
p2715,2402.934,QUERY,op1,,15,linear3,,35
p2716,2402.934,INTERACTIVE,op1,,1,const,,55
p2716,,,op2,,80,squared,,10
p2716,,,op3,op1;op2,40,linear7,,20
p2717,2402.934,BATCH_PIPELINE,op1,,1,const,,55
p2718,2402.934,BATCH_PIPELINE,op1,,1,const,,55
p2718,,,op2,op1,5,linear3,,45
p2719,2402.934,BATCH_PIPELINE,op1,,1,const,,55
p2719,,,op2,op1,20,linear7,,30
p2720,2402.934,BATCH_PIPELINE,op1,,1,const,,55
p2720,,,op2,op1,20,linear7,,30
p2721,2412.5280000000002,INTERACTIVE,op1,,1,const,,55
p2721,,,op2,op1,5,linear3,,45
p2722,2412.5280000000002,BATCH_PIPELINE,op1,,1,const,,55
p2723,2412.5280000000002,BATCH_PIPELINE,op1,,1,const,,55
p2723,,,op2,op1,2,sqrt,,55
p2724,2412.5280000000002,BATCH_PIPELINE,op1,,1,const,,55
p2725,2412.5280000000002,BATCH_PIPELINE,op1,,1,const,,55
p2726,2412.5280000000002,BATCH_PIPELINE,op1,,1,const,,55
p2727,2412.5280000000002,BATCH_PIPELINE,op1,,1,const,,55
p2727,,,op2,op1,2,sqrt,,55
p2727,,,op3,op2,20,linear7,,30
p2728,2412.5280000000002,BATCH_PIPELINE,op1,,1,const,,55
p2729,2412.5280000000002,INTERACTIVE,op1,,1,const,,55
p2730,2412.5280000000002,BATCH_PIPELINE,op1,,1,const,,55
p2730,,,op2,op1,20,linear7,,30
p2730,,,op3,op2,2,sqrt,,55
p2731,2420.795,BATCH_PIPELINE,op1,,1,const,,55
p2731,,,op2,op1,80,squared,,10
p2732,2420.795,BATCH_PIPELINE,op1,,1,const,,55
p2733,2420.795,BATCH_PIPELINE,op1,,1,const,,55
p2734,2420.795,INTERACTIVE,op1,,1,const,,55
p2735,2420.795,QUERY,op1,,15,linear3,,35
p2736,2420.795,BATCH_PIPELINE,op1,,1,const,,55
p2737,2420.795,BATCH_PIPELINE,op1,,1,const,,55
p2738,2420.795,QUERY,op1,,15,linear3,,35
p2739,2420.795,BATCH_PIPELINE,op1,,1,const,,55
p2739,,,op2,op1,15,linear3,,37.5
p2739,,,op3,op1,2,sqrt,,55
p2740,2420.795,INTERACTIVE,op1,,1,const,,55
p2741,2430.831,BATCH_PIPELINE,op1,,1,const,,55
p2741,,,op2,op1,40,linear7,,20
p2741,,,op3,op2,20,linear7,,30
p2742,2430.831,BATCH_PIPELINE,op1,,1,const,,55
p2742,,,op2,op1,80,squared,,10
p2743,2430.831,INTERACTIVE,op1,,1,const,,55
p2743,,,op2,op1,80,squared,,10
p2744,2430.831,BATCH_PIPELINE,op1,,1,const,,55
p2744,,,op2,op1,1,const,,55
p2744,,,op3,op2,2,sqrt,,55
p2745,2430.831,BATCH_PIPELINE,op1,,1,const,,55
p2745,,,op2,op1,15,linear3,,37.5
p2746,2430.831,BATCH_PIPELINE,op1,,1,const,,55
p2747,2430.831,INTERACTIVE,op1,,1,const,,55
p2748,2430.831,BATCH_PIPELINE,op1,,1,const,,55
p2749,2430.831,INTERACTIVE,op1,,1,const,,55
p2749,,,op2,op1,20,linear7,,30
p2750,2430.831,BATCH_PIPELINE,op1,,1,const,,55
p2751,2437.202,BATCH_PIPELINE,op1,,1,const,,55
p2752,2437.202,INTERACTIVE,op1,,1,const,,55
p2753,2437.202,QUERY,op1,,15,linear3,,35
p2754,2437.202,BATCH_PIPELINE,op1,,1,const,,55
p2754,,,op2,op1,1,const,,55
p2754,,,op3,op2,2,sqrt,,55
p2755,2437.202,BATCH_PIPELINE,op1,,1,const,,55
p2755,,,op2,op1,40,linear7,,20
p2755,,,op3,op2,5,linear3,,45
p2756,2437.202,INTERACTIVE,op1,,1,const,,55
p2757,2437.202,INTERACTIVE,op1,,1,const,,55
p2758,2437.202,QUERY,op1,,15,linear3,,35
p2759,2437.202,INTERACTIVE,op1,,1,const,,55
p2760,2437.202,BATCH_PIPELINE,op1,,1,const,,55
p2760,,,op2,op1,5,linear3,,45
p2761,2445.371,BATCH_PIPELINE,op1,,1,const,,55
p2761,,,op2,op1,40,linear7,,20
p2762,2445.371,INTERACTIVE,op1,,1,const,,55
p2763,2445.371,INTERACTIVE,op1,,1,const,,55
p2763,,,op2,op1,2,sqrt,,55
p2764,2445.371,BATCH_PIPELINE,op1,,1,const,,55
p2765,2445.371,INTERACTIVE,op1,,1,const,,55
p2766,2445.371,BATCH_PIPELINE,op1,,1,const,,55
p2766,,,op2,op1,2,sqrt,,55
p2767,2445.371,INTERACTIVE,op1,,1,const,,55
p2768,2445.371,QUERY,op1,,15,linear3,,35
p2769,2445.371,INTERACTIVE,op1,,1,const,,55
p2770,2445.371,BATCH_PIPELINE,op1,,1,const,,55
p2770,,,op2,op1,80,squared,,10
p2771,2453.324,BATCH_PIPELINE,op1,,1,const,,55
p2771,,,op2,op1,5,linear3,,45
p2772,2453.324,BATCH_PIPELINE,op1,,1,const,,55
p2773,2453.324,BATCH_PIPELINE,op1,,1,const,,55
p2773,,,op2,op1,1,const,,55
p2773,,,op3,op2,5,linear3,,45
p2774,2453.324,INTERACTIVE,op1,,1,const,,55
p2775,2453.324,QUERY,op1,,15,linear3,,35
p2776,2453.324,INTERACTIVE,op1,,1,const,,55
p2777,2453.324,INTERACTIVE,op1,,1,const,,55
p2777,,,op2,op1,20,linear7,,30
p2778,2453.324,BATCH_PIPELINE,op1,,1,const,,55
p2779,2453.324,INTERACTIVE,op1,,1,const,,55
p2780,2453.324,QUERY,op1,,15,linear3,,35
p2781,2463.613,BATCH_PIPELINE,op1,,1,const,,55
p2781,,,op2,op1,15,linear3,,37.5
p2781,,,op3,op2,20,linear7,,30
p2782,2463.613,BATCH_PIPELINE,op1,,1,const,,55
p2783,2463.613,QUERY,op1,,15,linear3,,35
p2784,2463.613,INTERACTIVE,op1,,1,const,,55
p2785,2463.613,BATCH_PIPELINE,op1,,1,const,,55
p2786,2463.613,INTERACTIVE,op1,,1,const,,55
p2786,,,op2,op1,15,linear3,,37.5
p2787,2463.613,BATCH_PIPELINE,op1,,1,const,,55
p2787,,,op2,op1,40,linear7,,20
p2788,2463.613,BATCH_PIPELINE,op1,,1,const,,55
p2789,2463.613,BATCH_PIPELINE,op1,,1,const,,55
p2789,,,op2,op1,40,linear7,,20
p2790,2463.613,INTERACTIVE,op1,,1,const,,55
p2790,,,op2,op1,1,const,,55
p2791,2473.3070000000002,BATCH_PIPELINE,op1,,1,const,,55
p2791,,,op2,op1,20,linear7,,30
p2792,2473.3070000000002,INTERACTIVE,op1,,1,const,,55
p2792,,,op2,op1,15,linear3,,37.5
p2793,2473.3070000000002,INTERACTIVE,op1,,1,const,,55
p2793,,,op2,op1,80,squared,,10
p2793,,,op3,op2,15,linear3,,37.5
p2794,2473.3070000000002,BATCH_PIPELINE,op1,,1,const,,55
p2794,,,op2,op1,2,sqrt,,55
p2795,2473.3070000000002,BATCH_PIPELINE,op1,,1,const,,55
p2796,2473.3070000000002,QUERY,op1,,15,linear3,,35
p2797,2473.3070000000002,BATCH_PIPELINE,op1,,1,const,,55
p2798,2473.3070000000002,BATCH_PIPELINE,op1,,1,const,,55
p2799,2473.3070000000002,BATCH_PIPELINE,op1,,1,const,,55
p2800,2473.3070000000002,INTERACTIVE,op1,,1,const,,55
p2800,,,op2,op1,20,linear7,,30
p2800,,,op3,op2,40,linear7,,20
p2801,2483.902,BATCH_PIPELINE,op1,,1,const,,55
p2802,2483.902,QUERY,op1,,15,linear3,,35
p2803,2483.902,BATCH_PIPELINE,op1,,1,const,,55
p2803,,,op2,op1,15,linear3,,37.5
p2803,,,op3,op2,5,linear3,,45
p2804,2483.902,BATCH_PIPELINE,op1,,1,const,,55
p2805,2483.902,BATCH_PIPELINE,op1,,1,const,,55
p2805,,,op2,op1,40,linear7,,20
p2806,2483.902,INTERACTIVE,op1,,1,const,,55
p2807,2483.902,BATCH_PIPELINE,op1,,1,const,,55
p2807,,,op2,op1,20,linear7,,30
p2807,,,op3,op2,20,linear7,,30
p2808,2483.902,BATCH_PIPELINE,op1,,1,const,,55
p2808,,,op2,op1,15,linear3,,37.5
p2808,,,op3,op2,15,linear3,,37.5
p2809,2483.902,INTERACTIVE,op1,,1,const,,55
p2810,2483.902,BATCH_PIPELINE,op1,,1,const,,55
p2811,2495.573,BATCH_PIPELINE,op1,,1,const,,55
p2811,,,op2,op1,80,squared,,10
p2811,,,op3,op2,5,linear3,,45
p2812,2495.573,BATCH_PIPELINE,op1,,1,const,,55
p2813,2495.573,BATCH_PIPELINE,op1,,1,const,,55
p2813,,,op2,op1,80,squared,,10
p2813,,,op3,op2,20,linear7,,30
p2814,2495.573,BATCH_PIPELINE,op1,,1,const,,55
p2814,,,op2,op1,15,linear3,,37.5
p2815,2495.573,BATCH_PIPELINE,op1,,1,const,,55
p2816,2495.573,INTERACTIVE,op1,,1,const,,55
p2816,,,op2,op1,15,linear3,,37.5
p2817,2495.573,QUERY,op1,,15,linear3,,35
p2818,2495.573,BATCH_PIPELINE,op1,,1,const,,55
p2819,2495.573,BATCH_PIPELINE,op1,,1,const,,55
p2819,,,op2,op1,2,sqrt,,55
p2820,2495.573,BATCH_PIPELINE,op1,,1,const,,55
p2820,,,op2,op1,1,const,,55
p2821,2504.217,BATCH_PIPELINE,op1,,1,const,,55
p2822,2504.217,BATCH_PIPELINE,op1,,1,const,,55
p2822,,,op2,op1,15,linear3,,37.5
p2823,2504.217,QUERY,op1,,15,linear3,,35
p2824,2504.217,INTERACTIVE,op1,,1,const,,55
p2824,,,op2,op1,5,linear3,,45
p2824,,,op3,op2,40,linear7,,20
p2825,2504.217,QUERY,op1,,15,linear3,,35
p2826,2504.217,BATCH_PIPELINE,op1,,1,const,,55
p2827,2504.217,INTERACTIVE,op1,,1,const,,55
p2827,,,op2,op1,2,sqrt,,55
p2828,2504.217,INTERACTIVE,op1,,1,const,,55
p2828,,,op2,op1,80,squared,,10
p2829,2504.217,BATCH_PIPELINE,op1,,1,const,,55
p2829,,,op2,op1,80,squared,,10
p2830,2504.217,BATCH_PIPELINE,op1,,1,const,,55
p2830,,,op2,op1,20,linear7,,30
p2830,,,op3,op2,40,linear7,,20
p2831,2506.281,INTERACTIVE,op1,,1,const,,55
p2831,,,op2,op1,2,sqrt,,55
p2831,,,op3,op2,15,linear3,,37.5
p2832,2506.281,INTERACTIVE,op1,,1,const,,55
p2832,,,op2,op1,40,linear7,,20
p2833,2506.281,INTERACTIVE,op1,,1,const,,55
p2834,2506.281,INTERACTIVE,op1,,1,const,,55
p2834,,,op2,op1,20,linear7,,30
p2835,2506.281,INTERACTIVE,op1,,1,const,,55
p2836,2506.281,QUERY,op1,,15,linear3,,35
p2837,2506.281,INTERACTIVE,op1,,1,const,,55
p2838,2506.281,BATCH_PIPELINE,op1,,1,const,,55
p2838,,,op2,op1,40,linear7,,20
p2839,2506.281,INTERACTIVE,op1,,1,const,,55
p2839,,,op2,op1,1,const,,55
p2840,2506.281,INTERACTIVE,op1,,1,const,,55
p2841,2516.5860000000002,BATCH_PIPELINE,op1,,1,const,,55
p2841,,,op2,op1,15,linear3,,37.5
p2842,2516.5860000000002,BATCH_PIPELINE,op1,,1,const,,55
p2842,,,op2,op1,20,linear7,,30
p2843,2516.5860000000002,BATCH_PIPELINE,op1,,1,const,,55
p2844,2516.5860000000002,BATCH_PIPELINE,op1,,1,const,,55
p2844,,,op2,op1,1,const,,55
p2845,2516.5860000000002,BATCH_PIPELINE,op1,,1,const,,55
p2845,,,op2,op1,20,linear7,,30
p2846,2516.5860000000002,BATCH_PIPELINE,op1,,1,const,,55
p2847,2516.5860000000002,BATCH_PIPELINE,op1,,1,const,,55
p2848,2516.5860000000002,INTERACTIVE,op1,,1,const,,55
p2848,,,op2,op1,80,squared,,10
p2849,2516.5860000000002,BATCH_PIPELINE,op1,,1,const,,55
p2850,2516.5860000000002,BATCH_PIPELINE,op1,,1,const,,55
p2851,2524.5750000000003,INTERACTIVE,op1,,1,const,,55
p2852,2524.5750000000003,INTERACTIVE,op1,,1,const,,55
p2853,2524.5750000000003,INTERACTIVE,op1,,1,const,,55
p2854,2524.5750000000003,BATCH_PIPELINE,op1,,1,const,,55
p2854,,,op2,op1,20,linear7,,30
p2855,2524.5750000000003,BATCH_PIPELINE,op1,,1,const,,55
p2856,2524.5750000000003,INTERACTIVE,op1,,1,const,,55
p2856,,,op2,op1,5,linear3,,45
p2857,2524.5750000000003,BATCH_PIPELINE,op1,,1,const,,55
p2857,,,op2,op1,1,const,,55
p2858,2524.5750000000003,BATCH_PIPELINE,op1,,1,const,,55
p2859,2524.5750000000003,BATCH_PIPELINE,op1,,1,const,,55
p2860,2524.5750000000003,QUERY,op1,,15,linear3,,35
p2861,2535.009,INTERACTIVE,op1,,1,const,,55
p2862,2535.009,BATCH_PIPELINE,op1,,1,const,,55
p2863,2535.009,BATCH_PIPELINE,op1,,1,const,,55
p2863,,,op2,op1,20,linear7,,30
p2864,2535.009,BATCH_PIPELINE,op1,,1,const,,55
p2865,2535.009,INTERACTIVE,op1,,1,const,,55
p2865,,,op2,op1,20,linear7,,30
p2865,,,op3,op1,5,linear3,,45
p2866,2535.009,BATCH_PIPELINE,op1,,1,const,,55
p2866,,,op2,op1,5,linear3,,45
p2867,2535.009,QUERY,op1,,15,linear3,,35
p2868,2535.009,INTERACTIVE,op1,,1,const,,55
p2869,2535.009,INTERACTIVE,op1,,1,const,,55
p2870,2535.009,BATCH_PIPELINE,op1,,1,const,,55
p2870,,,op2,op1,15,linear3,,37.5
p2870,,,op3,op2,80,squared,,10
p2871,2542.774,BATCH_PIPELINE,op1,,1,const,,55
p2871,,,op2,op1,15,linear3,,37.5
p2872,2542.774,BATCH_PIPELINE,op1,,1,const,,55
p2872,,,op2,op1,15,linear3,,37.5
p2872,,,op3,op2,40,linear7,,20
p2873,2542.774,INTERACTIVE,op1,,1,const,,55
p2874,2542.774,BATCH_PIPELINE,op1,,1,const,,55
p2874,,,op2,op1,20,linear7,,30
p2875,2542.774,BATCH_PIPELINE,op1,,1,const,,55
p2876,2542.774,QUERY,op1,,15,linear3,,35
p2877,2542.774,INTERACTIVE,op1,,1,const,,55
p2877,,,op2,op1,2,sqrt,,55
p2877,,,op3,op2,20,linear7,,30
p2878,2542.774,INTERACTIVE,op1,,1,const,,55
p2878,,,op2,op1,80,squared,,10
p2879,2542.774,INTERACTIVE,op1,,1,const,,55
p2879,,,op2,op1,20,linear7,,30
p2880,2542.774,BATCH_PIPELINE,op1,,1,const,,55
p2880,,,op2,op1,15,linear3,,37.5
p2881,2551.672,INTERACTIVE,op1,,1,const,,55
p2882,2551.672,INTERACTIVE,op1,,1,const,,55
p2883,2551.672,BATCH_PIPELINE,op1,,1,const,,55
p2883,,,op2,op1,1,const,,55
p2884,2551.672,BATCH_PIPELINE,op1,,1,const,,55
p2884,,,op2,op1,5,linear3,,45
p2884,,,op3,op2,40,linear7,,20
p2885,2551.672,BATCH_PIPELINE,op1,,1,const,,55
p2885,,,op2,op1,80,squared,,10
p2885,,,op3,op2,20,linear7,,30
p2886,2551.672,INTERACTIVE,op1,,1,const,,55
p2887,2551.672,QUERY,op1,,15,linear3,,35
p2888,2551.672,BATCH_PIPELINE,op1,,1,const,,55
p2888,,,op2,op1,15,linear3,,37.5
p2889,2551.672,BATCH_PIPELINE,op1,,1,const,,55
p2889,,,op2,op1,5,linear3,,45
p2890,2551.672,BATCH_PIPELINE,op1,,1,const,,55
p2890,,,op2,op1,5,linear3,,45
p2890,,,op3,op2,1,const,,55
p2891,2560.339,INTERACTIVE,op1,,1,const,,55
p2892,2560.339,QUERY,op1,,15,linear3,,35
p2893,2560.339,BATCH_PIPELINE,op1,,1,const,,55
p2894,2560.339,BATCH_PIPELINE,op1,,1,const,,55
p2894,,,op2,op1,40,linear7,,20
p2895,2560.339,BATCH_PIPELINE,op1,,1,const,,55
p2895,,,op2,op1,40,linear7,,20
p2896,2560.339,BATCH_PIPELINE,op1,,1,const,,55
p2897,2560.339,QUERY,op1,,15,linear3,,35
p2898,2560.339,QUERY,op1,,15,linear3,,35
p2899,2560.339,INTERACTIVE,op1,,1,const,,55
p2900,2560.339,INTERACTIVE,op1,,1,const,,55
p2901,2571.363,INTERACTIVE,op1,,1,const,,55
p2902,2571.363,QUERY,op1,,15,linear3,,35
p2903,2571.363,INTERACTIVE,op1,,1,const,,55
p2904,2571.363,BATCH_PIPELINE,op1,,1,const,,55
p2904,,,op2,op1,20,linear7,,30
p2905,2571.363,BATCH_PIPELINE,op1,,1,const,,55
p2906,2571.363,BATCH_PIPELINE,op1,,1,const,,55
p2906,,,op2,op1,5,linear3,,45
p2907,2571.363,BATCH_PIPELINE,op1,,1,const,,55
p2907,,,op2,op1,5,linear3,,45
p2908,2571.363,BATCH_PIPELINE,op1,,1,const,,55
p2909,2571.363,INTERACTIVE,op1,,1,const,,55
p2910,2571.363,BATCH_PIPELINE,op1,,1,const,,55
p2910,,,op2,op1,80,squared,,10
p2911,2578.681,BATCH_PIPELINE,op1,,1,const,,55
p2912,2578.681,INTERACTIVE,op1,,1,const,,55
p2912,,,op2,op1,80,squared,,10
p2913,2578.681,QUERY,op1,,15,linear3,,35
p2914,2578.681,BATCH_PIPELINE,op1,,1,const,,55
p2915,2578.681,BATCH_PIPELINE,op1,,1,const,,55
p2916,2578.681,INTERACTIVE,op1,,1,const,,55
p2917,2578.681,BATCH_PIPELINE,op1,,1,const,,55
p2918,2578.681,BATCH_PIPELINE,op1,,1,const,,55
p2919,2578.681,QUERY,op1,,15,linear3,,35
p2920,2578.681,BATCH_PIPELINE,op1,,1,const,,55
p2920,,,op2,op1,1,const,,55
p2921,2588.627,BATCH_PIPELINE,op1,,1,const,,55
p2921,,,op2,op1,2,sqrt,,55
p2922,2588.627,BATCH_PIPELINE,op1,,1,const,,55
p2922,,,op2,,15,linear3,,37.5
p2922,,,op3,op1;op2,15,linear3,,37.5
p2923,2588.627,BATCH_PIPELINE,op1,,1,const,,55
p2924,2588.627,BATCH_PIPELINE,op1,,1,const,,55
p2924,,,op2,op1,15,linear3,,37.5
p2924,,,op3,op2,1,const,,55
p2925,2588.627,BATCH_PIPELINE,op1,,1,const,,55
p2925,,,op2,op1,5,linear3,,45
p2925,,,op3,op2,1,const,,55
p2926,2588.627,INTERACTIVE,op1,,1,const,,55
p2927,2588.627,INTERACTIVE,op1,,1,const,,55
p2928,2588.627,INTERACTIVE,op1,,1,const,,55
p2929,2588.627,QUERY,op1,,15,linear3,,35
p2930,2588.627,INTERACTIVE,op1,,1,const,,55
p2931,2596.357,INTERACTIVE,op1,,1,const,,55
p2932,2596.357,BATCH_PIPELINE,op1,,1,const,,55
p2932,,,op2,op1,15,linear3,,37.5
p2933,2596.357,BATCH_PIPELINE,op1,,1,const,,55
p2934,2596.357,INTERACTIVE,op1,,1,const,,55
p2935,2596.357,BATCH_PIPELINE,op1,,1,const,,55
p2936,2596.357,BATCH_PIPELINE,op1,,1,const,,55
p2937,2596.357,BATCH_PIPELINE,op1,,1,const,,55
p2938,2596.357,BATCH_PIPELINE,op1,,1,const,,55
p2939,2596.357,BATCH_PIPELINE,op1,,1,const,,55
p2940,2596.357,BATCH_PIPELINE,op1,,1,const,,55
p2940,,,op2,op1,40,linear7,,20
p2941,2606.55,QUERY,op1,,15,linear3,,35
p2942,2606.55,INTERACTIVE,op1,,1,const,,55
p2943,2606.55,BATCH_PIPELINE,op1,,1,const,,55
p2944,2606.55,BATCH_PIPELINE,op1,,1,const,,55
p2944,,,op2,op1,20,linear7,,30
p2945,2606.55,QUERY,op1,,15,linear3,,35
p2946,2606.55,BATCH_PIPELINE,op1,,1,const,,55
p2946,,,op2,op1,5,linear3,,45
p2947,2606.55,BATCH_PIPELINE,op1,,1,const,,55
p2947,,,op2,op1,2,sqrt,,55
p2948,2606.55,BATCH_PIPELINE,op1,,1,const,,55
p2948,,,op2,op1,15,linear3,,37.5
p2949,2606.55,BATCH_PIPELINE,op1,,1,const,,55
p2949,,,op2,op1,5,linear3,,45
p2949,,,op3,op2,20,linear7,,30
p2950,2606.55,BATCH_PIPELINE,op1,,1,const,,55
p2951,2611.632,INTERACTIVE,op1,,1,const,,55
p2952,2611.632,INTERACTIVE,op1,,1,const,,55
p2952,,,op2,op1,15,linear3,,37.5
p2953,2611.632,BATCH_PIPELINE,op1,,1,const,,55
p2954,2611.632,BATCH_PIPELINE,op1,,1,const,,55
p2955,2611.632,BATCH_PIPELINE,op1,,1,const,,55
p2955,,,op2,op1,5,linear3,,45
p2956,2611.632,INTERACTIVE,op1,,1,const,,55
p2956,,,op2,op1,2,sqrt,,55
p2956,,,op3,op2,5,linear3,,45
p2957,2611.632,BATCH_PIPELINE,op1,,1,const,,55
p2958,2611.632,BATCH_PIPELINE,op1,,1,const,,55
p2959,2611.632,INTERACTIVE,op1,,1,const,,55
p2959,,,op2,op1,20,linear7,,30
p2960,2611.632,BATCH_PIPELINE,op1,,1,const,,55
p2961,2618.618,BATCH_PIPELINE,op1,,1,const,,55
p2961,,,op2,op1,1,const,,55
p2961,,,op3,op2,80,squared,,10
p2962,2618.618,QUERY,op1,,15,linear3,,35
p2963,2618.618,INTERACTIVE,op1,,1,const,,55
p2963,,,op2,op1,15,linear3,,37.5
p2963,,,op3,op1,2,sqrt,,55
p2964,2618.618,INTERACTIVE,op1,,1,const,,55
p2965,2618.618,INTERACTIVE,op1,,1,const,,55
p2966,2618.618,BATCH_PIPELINE,op1,,1,const,,55
p2966,,,op2,op1,80,squared,,10
p2967,2618.618,INTERACTIVE,op1,,1,const,,55
p2968,2618.618,INTERACTIVE,op1,,1,const,,55
p2968,,,op2,op1,2,sqrt,,55
p2969,2618.618,BATCH_PIPELINE,op1,,1,const,,55
p2969,,,op2,op1,15,linear3,,37.5
p2970,2618.618,QUERY,op1,,15,linear3,,35
p2971,2629.897,BATCH_PIPELINE,op1,,1,const,,55
p2972,2629.897,BATCH_PIPELINE,op1,,1,const,,55
p2972,,,op2,op1,5,linear3,,45
p2973,2629.897,INTERACTIVE,op1,,1,const,,55
p2974,2629.897,QUERY,op1,,15,linear3,,35
p2975,2629.897,BATCH_PIPELINE,op1,,1,const,,55
p2975,,,op2,op1,1,const,,55
p2976,2629.897,BATCH_PIPELINE,op1,,1,const,,55
p2977,2629.897,BATCH_PIPELINE,op1,,1,const,,55
p2977,,,op2,op1,15,linear3,,37.5
p2977,,,op3,op2,5,linear3,,45
p2978,2629.897,INTERACTIVE,op1,,1,const,,55
p2978,,,op2,op1,1,const,,55
p2979,2629.897,BATCH_PIPELINE,op1,,1,const,,55
p2980,2629.897,QUERY,op1,,15,linear3,,35
p2981,2638.292,BATCH_PIPELINE,op1,,1,const,,55
p2981,,,op2,op1,20,linear7,,30
p2982,2638.292,BATCH_PIPELINE,op1,,1,const,,55
p2983,2638.292,QUERY,op1,,15,linear3,,35
p2984,2638.292,BATCH_PIPELINE,op1,,1,const,,55
p2984,,,op2,op1,2,sqrt,,55
p2984,,,op3,op1,1,const,,55
p2985,2638.292,BATCH_PIPELINE,op1,,1,const,,55
p2986,2638.292,BATCH_PIPELINE,op1,,1,const,,55
p2987,2638.292,BATCH_PIPELINE,op1,,1,const,,55
p2987,,,op2,op1,5,linear3,,45
p2987,,,op3,op2,5,linear3,,45
p2988,2638.292,INTERACTIVE,op1,,1,const,,55
p2988,,,op2,op1,15,linear3,,37.5
p2989,2638.292,BATCH_PIPELINE,op1,,1,const,,55
p2989,,,op2,op1,1,const,,55
p2990,2638.292,INTERACTIVE,op1,,1,const,,55
p2991,2650.125,BATCH_PIPELINE,op1,,1,const,,55
p2992,2650.125,BATCH_PIPELINE,op1,,1,const,,55
p2993,2650.125,BATCH_PIPELINE,op1,,1,const,,55
p2993,,,op2,op1,2,sqrt,,55
p2994,2650.125,INTERACTIVE,op1,,1,const,,55
p2994,,,op2,,2,sqrt,,55
p2994,,,op3,op1;op2,80,squared,,10
p2995,2650.125,BATCH_PIPELINE,op1,,1,const,,55
p2995,,,op2,op1,15,linear3,,37.5
p2996,2650.125,BATCH_PIPELINE,op1,,1,const,,55
p2996,,,op2,op1,40,linear7,,20
p2997,2650.125,BATCH_PIPELINE,op1,,1,const,,55
p2997,,,op2,op1,2,sqrt,,55
p2997,,,op3,op2,5,linear3,,45
p2998,2650.125,BATCH_PIPELINE,op1,,1,const,,55
p2998,,,op2,op1,20,linear7,,30
p2999,2650.125,INTERACTIVE,op1,,1,const,,55
p3000,2650.125,BATCH_PIPELINE,op1,,1,const,,55
p3001,2661.032,BATCH_PIPELINE,op1,,1,const,,55
p3001,,,op2,op1,5,linear3,,45
p3001,,,op3,op1,2,sqrt,,55
p3002,2661.032,QUERY,op1,,15,linear3,,35
p3003,2661.032,BATCH_PIPELINE,op1,,1,const,,55
p3003,,,op2,op1,2,sqrt,,55
p3003,,,op3,op2,1,const,,55
p3004,2661.032,INTERACTIVE,op1,,1,const,,55
p3005,2661.032,BATCH_PIPELINE,op1,,1,const,,55
p3006,2661.032,BATCH_PIPELINE,op1,,1,const,,55
p3007,2661.032,INTERACTIVE,op1,,1,const,,55
p3008,2661.032,BATCH_PIPELINE,op1,,1,const,,55
p3008,,,op2,op1,80,squared,,10
p3009,2661.032,BATCH_PIPELINE,op1,,1,const,,55
p3010,2661.032,INTERACTIVE,op1,,1,const,,55
p3010,,,op2,op1,1,const,,55
p3011,2668.659,BATCH_PIPELINE,op1,,1,const,,55
p3011,,,op2,op1,2,sqrt,,55
p3012,2668.659,BATCH_PIPELINE,op1,,1,const,,55
p3013,2668.659,QUERY,op1,,15,linear3,,35
p3014,2668.659,BATCH_PIPELINE,op1,,1,const,,55
p3014,,,op2,op1,2,sqrt,,55
p3014,,,op3,op2,1,const,,55
p3015,2668.659,BATCH_PIPELINE,op1,,1,const,,55
p3015,,,op2,op1,40,linear7,,20
p3016,2668.659,BATCH_PIPELINE,op1,,1,const,,55
p3016,,,op2,op1,20,linear7,,30
p3017,2668.659,BATCH_PIPELINE,op1,,1,const,,55
p3017,,,op2,op1,15,linear3,,37.5
p3018,2668.659,INTERACTIVE,op1,,1,const,,55
p3019,2668.659,INTERACTIVE,op1,,1,const,,55
p3020,2668.659,BATCH_PIPELINE,op1,,1,const,,55
p3020,,,op2,op1,40,linear7,,20
p3020,,,op3,op2,15,linear3,,37.5
p3021,2676.454,BATCH_PIPELINE,op1,,1,const,,55
p3021,,,op2,op1,5,linear3,,45
p3022,2676.454,BATCH_PIPELINE,op1,,1,const,,55
p3023,2676.454,INTERACTIVE,op1,,1,const,,55
p3023,,,op2,op1,5,linear3,,45
p3023,,,op3,op2,2,sqrt,,55
p3024,2676.454,INTERACTIVE,op1,,1,const,,55
p3025,2676.454,INTERACTIVE,op1,,1,const,,55
p3025,,,op2,op1,40,linear7,,20
p3026,2676.454,BATCH_PIPELINE,op1,,1,const,,55
p3026,,,op2,op1,2,sqrt,,55
p3027,2676.454,BATCH_PIPELINE,op1,,1,const,,55
p3028,2676.454,BATCH_PIPELINE,op1,,1,const,,55
p3029,2676.454,BATCH_PIPELINE,op1,,1,const,,55
p3029,,,op2,op1,1,const,,55
p3029,,,op3,op2,2,sqrt,,55
p3030,2676.454,INTERACTIVE,op1,,1,const,,55
p3031,2687.067,BATCH_PIPELINE,op1,,1,const,,55
p3032,2687.067,BATCH_PIPELINE,op1,,1,const,,55
p3033,2687.067,BATCH_PIPELINE,op1,,1,const,,55
p3033,,,op2,op1,40,linear7,,20
p3034,2687.067,BATCH_PIPELINE,op1,,1,const,,55
p3034,,,op2,op1,40,linear7,,20
p3035,2687.067,BATCH_PIPELINE,op1,,1,const,,55
p3035,,,op2,op1,20,linear7,,30
p3035,,,op3,op2,15,linear3,,37.5
p3036,2687.067,BATCH_PIPELINE,op1,,1,const,,55
p3037,2687.067,BATCH_PIPELINE,op1,,1,const,,55
p3037,,,op2,op1,5,linear3,,45
p3037,,,op3,op2,5,linear3,,45
p3038,2687.067,BATCH_PIPELINE,op1,,1,const,,55
p3038,,,op2,,40,linear7,,20
p3038,,,op3,op1;op2,15,linear3,,37.5
p3039,2687.067,BATCH_PIPELINE,op1,,1,const,,55
p3040,2687.067,BATCH_PIPELINE,op1,,1,const,,55
p3040,,,op2,op1,40,linear7,,20
p3040,,,op3,op2,40,linear7,,20
p3041,2695.143,BATCH_PIPELINE,op1,,1,const,,55
p3041,,,op2,op1,5,linear3,,45
p3042,2695.143,QUERY,op1,,15,linear3,,35
p3043,2695.143,BATCH_PIPELINE,op1,,1,const,,55
p3044,2695.143,BATCH_PIPELINE,op1,,1,const,,55
p3045,2695.143,INTERACTIVE,op1,,1,const,,55
p3046,2695.143,BATCH_PIPELINE,op1,,1,const,,55
p3046,,,op2,op1,40,linear7,,20
p3047,2695.143,BATCH_PIPELINE,op1,,1,const,,55
p3047,,,op2,op1,20,linear7,,30
p3048,2695.143,INTERACTIVE,op1,,1,const,,55
p3049,2695.143,BATCH_PIPELINE,op1,,1,const,,55
p3049,,,op2,op1,1,const,,55
p3050,2695.143,BATCH_PIPELINE,op1,,1,const,,55
p3050,,,op2,op1,15,linear3,,37.5
p3051,2701.744,BATCH_PIPELINE,op1,,1,const,,55
p3051,,,op2,op1,1,const,,55
p3052,2701.744,BATCH_PIPELINE,op1,,1,const,,55
p3053,2701.744,BATCH_PIPELINE,op1,,1,const,,55
p3053,,,op2,op1,15,linear3,,37.5
p3053,,,op3,op2,80,squared,,10
p3054,2701.744,BATCH_PIPELINE,op1,,1,const,,55
p3055,2701.744,INTERACTIVE,op1,,1,const,,55
p3055,,,op2,op1,15,linear3,,37.5
p3056,2701.744,BATCH_PIPELINE,op1,,1,const,,55
p3057,2701.744,INTERACTIVE,op1,,1,const,,55
p3057,,,op2,op1,2,sqrt,,55
p3058,2701.744,INTERACTIVE,op1,,1,const,,55
p3058,,,op2,op1,40,linear7,,20
p3059,2701.744,INTERACTIVE,op1,,1,const,,55
p3060,2701.744,BATCH_PIPELINE,op1,,1,const,,55
p3060,,,op2,op1,5,linear3,,45
p3061,2713.016,INTERACTIVE,op1,,1,const,,55
p3061,,,op2,op1,5,linear3,,45
p3062,2713.016,INTERACTIVE,op1,,1,const,,55
p3062,,,op2,op1,20,linear7,,30
p3062,,,op3,op1,40,linear7,,20
p3063,2713.016,BATCH_PIPELINE,op1,,1,const,,55
p3064,2713.016,BATCH_PIPELINE,op1,,1,const,,55
p3065,2713.016,BATCH_PIPELINE,op1,,1,const,,55
p3066,2713.016,INTERACTIVE,op1,,1,const,,55
p3066,,,op2,op1,80,squared,,10
p3067,2713.016,INTERACTIVE,op1,,1,const,,55
p3067,,,op2,op1,2,sqrt,,55
p3068,2713.016,BATCH_PIPELINE,op1,,1,const,,55
p3068,,,op2,op1,20,linear7,,30
p3069,2713.016,INTERACTIVE,op1,,1,const,,55
p3069,,,op2,op1,5,linear3,,45
p3070,2713.016,BATCH_PIPELINE,op1,,1,const,,55
p3071,2723.37,BATCH_PIPELINE,op1,,1,const,,55
p3072,2723.37,INTERACTIVE,op1,,1,const,,55
p3073,2723.37,BATCH_PIPELINE,op1,,1,const,,55
p3073,,,op2,op1,5,linear3,,45
p3073,,,op3,op2,5,linear3,,45
p3074,2723.37,INTERACTIVE,op1,,1,const,,55
p3074,,,op2,op1,20,linear7,,30
p3074,,,op3,op2,20,linear7,,30
p3075,2723.37,BATCH_PIPELINE,op1,,1,const,,55
p3076,2723.37,INTERACTIVE,op1,,1,const,,55
p3077,2723.37,BATCH_PIPELINE,op1,,1,const,,55
p3077,,,op2,op1,80,squared,,10
p3078,2723.37,INTERACTIVE,op1,,1,const,,55
p3079,2723.37,BATCH_PIPELINE,op1,,1,const,,55
p3079,,,op2,op1,20,linear7,,30
p3080,2723.37,INTERACTIVE,op1,,1,const,,55
p3081,2732.408,QUERY,op1,,15,linear3,,35
p3082,2732.408,INTERACTIVE,op1,,1,const,,55
p3082,,,op2,op1,80,squared,,10
p3082,,,op3,op1,20,linear7,,30
p3083,2732.408,BATCH_PIPELINE,op1,,1,const,,55
p3084,2732.408,QUERY,op1,,15,linear3,,35
p3085,2732.408,INTERACTIVE,op1,,1,const,,55
p3085,,,op2,op1,15,linear3,,37.5
p3086,2732.408,BATCH_PIPELINE,op1,,1,const,,55
p3087,2732.408,BATCH_PIPELINE,op1,,1,const,,55
p3088,2732.408,BATCH_PIPELINE,op1,,1,const,,55
p3088,,,op2,op1,20,linear7,,30
p3089,2732.408,BATCH_PIPELINE,op1,,1,const,,55
p3089,,,op2,op1,40,linear7,,20
p3090,2732.408,BATCH_PIPELINE,op1,,1,const,,55
p3091,2739.632,BATCH_PIPELINE,op1,,1,const,,55
p3091,,,op2,op1,2,sqrt,,55
p3091,,,op3,op2,5,linear3,,45
p3092,2739.632,BATCH_PIPELINE,op1,,1,const,,55
p3092,,,op2,op1,1,const,,55
p3093,2739.632,INTERACTIVE,op1,,1,const,,55
p3093,,,op2,op1,15,linear3,,37.5
p3094,2739.632,INTERACTIVE,op1,,1,const,,55
p3094,,,op2,op1,40,linear7,,20
p3094,,,op3,op2,5,linear3,,45
p3095,2739.632,BATCH_PIPELINE,op1,,1,const,,55
p3096,2739.632,BATCH_PIPELINE,op1,,1,const,,55
p3097,2739.632,BATCH_PIPELINE,op1,,1,const,,55
p3097,,,op2,op1,15,linear3,,37.5
p3098,2739.632,BATCH_PIPELINE,op1,,1,const,,55
p3098,,,op2,op1,20,linear7,,30
p3099,2739.632,BATCH_PIPELINE,op1,,1,const,,55
p3100,2739.632,BATCH_PIPELINE,op1,,1,const,,55
p3100,,,op2,op1,5,linear3,,45
p3101,2743.826,BATCH_PIPELINE,op1,,1,const,,55
p3101,,,op2,op1,15,linear3,,37.5
p3102,2743.826,BATCH_PIPELINE,op1,,1,const,,55
p3102,,,op2,op1,20,linear7,,30
p3102,,,op3,op2,15,linear3,,37.5
p3103,2743.826,BATCH_PIPELINE,op1,,1,const,,55
p3103,,,op2,op1,15,linear3,,37.5
p3104,2743.826,BATCH_PIPELINE,op1,,1,const,,55
p3104,,,op2,op1,2,sqrt,,55
p3104,,,op3,op2,2,sqrt,,55
p3105,2743.826,INTERACTIVE,op1,,1,const,,55
p3105,,,op2,op1,2,sqrt,,55
p3106,2743.826,INTERACTIVE,op1,,1,const,,55
p3107,2743.826,INTERACTIVE,op1,,1,const,,55
p3108,2743.826,BATCH_PIPELINE,op1,,1,const,,55
p3109,2743.826,BATCH_PIPELINE,op1,,1,const,,55
p3110,2743.826,BATCH_PIPELINE,op1,,1,const,,55
p3111,2754.319,QUERY,op1,,15,linear3,,35
p3112,2754.319,BATCH_PIPELINE,op1,,1,const,,55
p3113,2754.319,INTERACTIVE,op1,,1,const,,55
p3113,,,op2,op1,1,const,,55
p3114,2754.319,BATCH_PIPELINE,op1,,1,const,,55
p3115,2754.319,BATCH_PIPELINE,op1,,1,const,,55
p3115,,,op2,op1,2,sqrt,,55
p3116,2754.319,BATCH_PIPELINE,op1,,1,const,,55
p3116,,,op2,op1,15,linear3,,37.5
p3117,2754.319,BATCH_PIPELINE,op1,,1,const,,55
p3117,,,op2,op1,15,linear3,,37.5
p3118,2754.319,INTERACTIVE,op1,,1,const,,55
p3118,,,op2,op1,20,linear7,,30
p3119,2754.319,BATCH_PIPELINE,op1,,1,const,,55
p3119,,,op2,op1,15,linear3,,37.5
p3119,,,op3,op2,40,linear7,,20
p3120,2754.319,BATCH_PIPELINE,op1,,1,const,,55
p3121,2762.856,BATCH_PIPELINE,op1,,1,const,,55
p3121,,,op2,op1,1,const,,55
p3122,2762.856,INTERACTIVE,op1,,1,const,,55
p3123,2762.856,BATCH_PIPELINE,op1,,1,const,,55
p3124,2762.856,BATCH_PIPELINE,op1,,1,const,,55
p3125,2762.856,INTERACTIVE,op1,,1,const,,55
p3125,,,op2,op1,5,linear3,,45
p3125,,,op3,op1,2,sqrt,,55
p3126,2762.856,BATCH_PIPELINE,op1,,1,const,,55
p3126,,,op2,op1,5,linear3,,45
p3126,,,op3,op2,5,linear3,,45
p3127,2762.856,BATCH_PIPELINE,op1,,1,const,,55
p3128,2762.856,INTERACTIVE,op1,,1,const,,55
p3129,2762.856,BATCH_PIPELINE,op1,,1,const,,55
p3129,,,op2,op1,5,linear3,,45
p3130,2762.856,BATCH_PIPELINE,op1,,1,const,,55
p3130,,,op2,op1,2,sqrt,,55
p3130,,,op3,op1,2,sqrt,,55
p3131,2774.235,QUERY,op1,,15,linear3,,35
p3132,2774.235,BATCH_PIPELINE,op1,,1,const,,55
p3132,,,op2,,20,linear7,,30
p3132,,,op3,op1;op2,20,linear7,,30
p3133,2774.235,INTERACTIVE,op1,,1,const,,55
p3133,,,op2,op1,80,squared,,10
p3133,,,op3,op2,5,linear3,,45
p3134,2774.235,BATCH_PIPELINE,op1,,1,const,,55
p3135,2774.235,BATCH_PIPELINE,op1,,1,const,,55
p3136,2774.235,INTERACTIVE,op1,,1,const,,55
p3136,,,op2,op1,20,linear7,,30
p3137,2774.235,BATCH_PIPELINE,op1,,1,const,,55
p3138,2774.235,BATCH_PIPELINE,op1,,1,const,,55
p3139,2774.235,BATCH_PIPELINE,op1,,1,const,,55
p3140,2774.235,BATCH_PIPELINE,op1,,1,const,,55
p3140,,,op2,op1,80,squared,,10
p3140,,,op3,op2,15,linear3,,37.5
p3141,2782.649,INTERACTIVE,op1,,1,const,,55
p3141,,,op2,op1,20,linear7,,30
p3142,2782.649,INTERACTIVE,op1,,1,const,,55
p3142,,,op2,op1,15,linear3,,37.5
p3143,2782.649,BATCH_PIPELINE,op1,,1,const,,55
p3143,,,op2,op1,1,const,,55
p3143,,,op3,op2,20,linear7,,30
p3144,2782.649,INTERACTIVE,op1,,1,const,,55
p3144,,,op2,op1,5,linear3,,45
p3145,2782.649,INTERACTIVE,op1,,1,const,,55
p3146,2782.649,BATCH_PIPELINE,op1,,1,const,,55
p3147,2782.649,BATCH_PIPELINE,op1,,1,const,,55
p3147,,,op2,op1,5,linear3,,45
p3148,2782.649,INTERACTIVE,op1,,1,const,,55
p3148,,,op2,op1,15,linear3,,37.5
p3149,2782.649,INTERACTIVE,op1,,1,const,,55
p3150,2782.649,QUERY,op1,,15,linear3,,35
p3151,2794.775,BATCH_PIPELINE,op1,,1,const,,55
p3152,2794.775,INTERACTIVE,op1,,1,const,,55
p3152,,,op2,op1,5,linear3,,45
p3153,2794.775,BATCH_PIPELINE,op1,,1,const,,55
p3153,,,op2,op1,5,linear3,,45
p3154,2794.775,INTERACTIVE,op1,,1,const,,55
p3155,2794.775,BATCH_PIPELINE,op1,,1,const,,55
p3156,2794.775,QUERY,op1,,15,linear3,,35
p3157,2794.775,BATCH_PIPELINE,op1,,1,const,,55
p3158,2794.775,QUERY,op1,,15,linear3,,35
p3159,2794.775,BATCH_PIPELINE,op1,,1,const,,55
p3159,,,op2,op1,1,const,,55
p3160,2794.775,BATCH_PIPELINE,op1,,1,const,,55
p3160,,,op2,,40,linear7,,20
p3160,,,op3,op1;op2,20,linear7,,30
p3161,2804.3940000000002,QUERY,op1,,15,linear3,,35
p3162,2804.3940000000002,BATCH_PIPELINE,op1,,1,const,,55
p3162,,,op2,op1,15,linear3,,37.5
p3162,,,op3,op2,5,linear3,,45
p3163,2804.3940000000002,BATCH_PIPELINE,op1,,1,const,,55
p3163,,,op2,op1,20,linear7,,30
p3164,2804.3940000000002,BATCH_PIPELINE,op1,,1,const,,55
p3165,2804.3940000000002,BATCH_PIPELINE,op1,,1,const,,55
p3166,2804.3940000000002,INTERACTIVE,op1,,1,const,,55
p3166,,,op2,,80,squared,,10
p3166,,,op3,op1;op2,15,linear3,,37.5
p3167,2804.3940000000002,INTERACTIVE,op1,,1,const,,55
p3168,2804.3940000000002,BATCH_PIPELINE,op1,,1,const,,55
p3169,2804.3940000000002,INTERACTIVE,op1,,1,const,,55
p3169,,,op2,op1,40,linear7,,20
p3170,2804.3940000000002,QUERY,op1,,15,linear3,,35
p3171,2811.952,QUERY,op1,,15,linear3,,35
p3172,2811.952,BATCH_PIPELINE,op1,,1,const,,55
p3172,,,op2,op1,15,linear3,,37.5
p3173,2811.952,INTERACTIVE,op1,,1,const,,55
p3174,2811.952,BATCH_PIPELINE,op1,,1,const,,55
p3174,,,op2,op1,5,linear3,,45
p3174,,,op3,op2,2,sqrt,,55
p3175,2811.952,BATCH_PIPELINE,op1,,1,const,,55
p3175,,,op2,op1,1,const,,55
p3175,,,op3,op2,40,linear7,,20
p3176,2811.952,BATCH_PIPELINE,op1,,1,const,,55
p3176,,,op2,op1,40,linear7,,20
p3176,,,op3,op2,15,linear3,,37.5
p3177,2811.952,BATCH_PIPELINE,op1,,1,const,,55
p3177,,,op2,op1,5,linear3,,45
p3178,2811.952,BATCH_PIPELINE,op1,,1,const,,55
p3179,2811.952,INTERACTIVE,op1,,1,const,,55
p3179,,,op2,op1,20,linear7,,30
p3179,,,op3,op2,2,sqrt,,55
p3180,2811.952,BATCH_PIPELINE,op1,,1,const,,55
p3180,,,op2,op1,20,linear7,,30
p3180,,,op3,op2,20,linear7,,30
p3181,2822.14,INTERACTIVE,op1,,1,const,,55
p3181,,,op2,op1,20,linear7,,30
p3181,,,op3,op2,15,linear3,,37.5
p3182,2822.14,BATCH_PIPELINE,op1,,1,const,,55
p3182,,,op2,op1,15,linear3,,37.5
p3183,2822.14,BATCH_PIPELINE,op1,,1,const,,55
p3184,2822.14,INTERACTIVE,op1,,1,const,,55
p3184,,,op2,op1,40,linear7,,20
p3185,2822.14,INTERACTIVE,op1,,1,const,,55
p3186,2822.14,INTERACTIVE,op1,,1,const,,55
p3186,,,op2,op1,40,linear7,,20
p3187,2822.14,QUERY,op1,,15,linear3,,35
p3188,2822.14,BATCH_PIPELINE,op1,,1,const,,55
p3188,,,op2,op1,80,squared,,10
p3189,2822.14,INTERACTIVE,op1,,1,const,,55
p3190,2822.14,BATCH_PIPELINE,op1,,1,const,,55
p3190,,,op2,,2,sqrt,,55
p3190,,,op3,op1;op2,20,linear7,,30
p3191,2832.9,BATCH_PIPELINE,op1,,1,const,,55
p3192,2832.9,BATCH_PIPELINE,op1,,1,const,,55
p3193,2832.9,BATCH_PIPELINE,op1,,1,const,,55
p3194,2832.9,BATCH_PIPELINE,op1,,1,const,,55
p3194,,,op2,op1,5,linear3,,45
p3195,2832.9,BATCH_PIPELINE,op1,,1,const,,55
p3195,,,op2,op1,15,linear3,,37.5
p3196,2832.9,BATCH_PIPELINE,op1,,1,const,,55
p3197,2832.9,INTERACTIVE,op1,,1,const,,55
p3197,,,op2,op1,15,linear3,,37.5
p3197,,,op3,op2,40,linear7,,20
p3198,2832.9,INTERACTIVE,op1,,1,const,,55
p3198,,,op2,op1,15,linear3,,37.5
p3199,2832.9,BATCH_PIPELINE,op1,,1,const,,55
p3199,,,op2,op1,20,linear7,,30
p3200,2832.9,QUERY,op1,,15,linear3,,35
p3201,2839.739,BATCH_PIPELINE,op1,,1,const,,55
p3201,,,op2,op1,5,linear3,,45
p3201,,,op3,op1,5,linear3,,45
p3202,2839.739,INTERACTIVE,op1,,1,const,,55
p3202,,,op2,op1,80,squared,,10
p3203,2839.739,BATCH_PIPELINE,op1,,1,const,,55
p3203,,,op2,op1,20,linear7,,30
p3204,2839.739,INTERACTIVE,op1,,1,const,,55
p3205,2839.739,BATCH_PIPELINE,op1,,1,const,,55
p3205,,,op2,op1,2,sqrt,,55
p3205,,,op3,op2,40,linear7,,20
p3206,2839.739,QUERY,op1,,15,linear3,,35
p3207,2839.739,BATCH_PIPELINE,op1,,1,const,,55
p3208,2839.739,BATCH_PIPELINE,op1,,1,const,,55
p3209,2839.739,BATCH_PIPELINE,op1,,1,const,,55
p3209,,,op2,op1,80,squared,,10
p3209,,,op3,op2,40,linear7,,20
p3210,2839.739,BATCH_PIPELINE,op1,,1,const,,55
p3211,2850.0570000000002,INTERACTIVE,op1,,1,const,,55
p3211,,,op2,op1,40,linear7,,20
p3212,2850.0570000000002,INTERACTIVE,op1,,1,const,,55
p3212,,,op2,op1,2,sqrt,,55
p3213,2850.0570000000002,QUERY,op1,,15,linear3,,35
p3214,2850.0570000000002,QUERY,op1,,15,linear3,,35
p3215,2850.0570000000002,BATCH_PIPELINE,op1,,1,const,,55
p3215,,,op2,op1,5,linear3,,45
p3216,2850.0570000000002,BATCH_PIPELINE,op1,,1,const,,55
p3217,2850.0570000000002,BATCH_PIPELINE,op1,,1,const,,55
p3218,2850.0570000000002,INTERACTIVE,op1,,1,const,,55
p3219,2850.0570000000002,INTERACTIVE,op1,,1,const,,55
p3220,2850.0570000000002,BATCH_PIPELINE,op1,,1,const,,55
p3221,2858.275,BATCH_PIPELINE,op1,,1,const,,55
p3222,2858.275,BATCH_PIPELINE,op1,,1,const,,55
p3222,,,op2,op1,5,linear3,,45
p3223,2858.275,INTERACTIVE,op1,,1,const,,55
p3223,,,op2,op1,5,linear3,,45
p3223,,,op3,op2,1,const,,55
p3224,2858.275,BATCH_PIPELINE,op1,,1,const,,55
p3225,2858.275,QUERY,op1,,15,linear3,,35
p3226,2858.275,BATCH_PIPELINE,op1,,1,const,,55
p3227,2858.275,BATCH_PIPELINE,op1,,1,const,,55
p3227,,,op2,op1,1,const,,55
p3228,2858.275,BATCH_PIPELINE,op1,,1,const,,55
p3228,,,op2,op1,5,linear3,,45
p3228,,,op3,op2,80,squared,,10
p3229,2858.275,QUERY,op1,,15,linear3,,35
p3230,2858.275,BATCH_PIPELINE,op1,,1,const,,55
p3231,2864.243,BATCH_PIPELINE,op1,,1,const,,55
p3231,,,op2,op1,40,linear7,,20
p3232,2864.243,BATCH_PIPELINE,op1,,1,const,,55
p3232,,,op2,op1,1,const,,55
p3233,2864.243,INTERACTIVE,op1,,1,const,,55
p3233,,,op2,op1,80,squared,,10
p3234,2864.243,INTERACTIVE,op1,,1,const,,55
p3235,2864.243,INTERACTIVE,op1,,1,const,,55
p3236,2864.243,INTERACTIVE,op1,,1,const,,55
p3236,,,op2,op1,5,linear3,,45
p3237,2864.243,BATCH_PIPELINE,op1,,1,const,,55
p3238,2864.243,BATCH_PIPELINE,op1,,1,const,,55
p3239,2864.243,QUERY,op1,,15,linear3,,35
p3240,2864.243,BATCH_PIPELINE,op1,,1,const,,55
p3241,2872.338,BATCH_PIPELINE,op1,,1,const,,55
p3242,2872.338,BATCH_PIPELINE,op1,,1,const,,55
p3243,2872.338,BATCH_PIPELINE,op1,,1,const,,55
p3243,,,op2,op1,1,const,,55
p3244,2872.338,QUERY,op1,,15,linear3,,35
p3245,2872.338,QUERY,op1,,15,linear3,,35
p3246,2872.338,QUERY,op1,,15,linear3,,35
p3247,2872.338,QUERY,op1,,15,linear3,,35
p3248,2872.338,INTERACTIVE,op1,,1,const,,55
p3248,,,op2,,2,sqrt,,55
p3248,,,op3,op1;op2,1,const,,55
p3249,2872.338,BATCH_PIPELINE,op1,,1,const,,55
p3249,,,op2,op1,2,sqrt,,55
p3249,,,op3,op2,5,linear3,,45
p3250,2872.338,BATCH_PIPELINE,op1,,1,const,,55
p3251,2886.215,INTERACTIVE,op1,,1,const,,55
p3251,,,op2,op1,20,linear7,,30
p3252,2886.215,BATCH_PIPELINE,op1,,1,const,,55
p3253,2886.215,BATCH_PIPELINE,op1,,1,const,,55
p3254,2886.215,BATCH_PIPELINE,op1,,1,const,,55
p3255,2886.215,BATCH_PIPELINE,op1,,1,const,,55
p3255,,,op2,op1,1,const,,55
p3256,2886.215,QUERY,op1,,15,linear3,,35
p3257,2886.215,BATCH_PIPELINE,op1,,1,const,,55
p3257,,,op2,op1,1,const,,55
p3258,2886.215,BATCH_PIPELINE,op1,,1,const,,55
p3259,2886.215,INTERACTIVE,op1,,1,const,,55
p3260,2886.215,INTERACTIVE,op1,,1,const,,55
p3260,,,op2,op1,20,linear7,,30
p3260,,,op3,op2,1,const,,55
p3261,2894.501,BATCH_PIPELINE,op1,,1,const,,55
p3261,,,op2,op1,15,linear3,,37.5
p3261,,,op3,op2,15,linear3,,37.5
p3262,2894.501,BATCH_PIPELINE,op1,,1,const,,55
p3263,2894.501,BATCH_PIPELINE,op1,,1,const,,55
p3264,2894.501,BATCH_PIPELINE,op1,,1,const,,55
p3265,2894.501,BATCH_PIPELINE,op1,,1,const,,55
p3266,2894.501,BATCH_PIPELINE,op1,,1,const,,55
p3266,,,op2,op1,20,linear7,,30
p3266,,,op3,op2,15,linear3,,37.5
p3267,2894.501,INTERACTIVE,op1,,1,const,,55
p3268,2894.501,INTERACTIVE,op1,,1,const,,55
p3269,2894.501,INTERACTIVE,op1,,1,const,,55
p3269,,,op2,op1,80,squared,,10
p3269,,,op3,op2,1,const,,55
p3270,2894.501,BATCH_PIPELINE,op1,,1,const,,55
p3271,2902.105,BATCH_PIPELINE,op1,,1,const,,55
p3271,,,op2,op1,2,sqrt,,55
p3272,2902.105,BATCH_PIPELINE,op1,,1,const,,55
p3272,,,op2,op1,40,linear7,,20
p3272,,,op3,op2,15,linear3,,37.5
p3273,2902.105,BATCH_PIPELINE,op1,,1,const,,55
p3274,2902.105,BATCH_PIPELINE,op1,,1,const,,55
p3275,2902.105,INTERACTIVE,op1,,1,const,,55
p3275,,,op2,op1,5,linear3,,45
p3276,2902.105,BATCH_PIPELINE,op1,,1,const,,55
p3277,2902.105,BATCH_PIPELINE,op1,,1,const,,55
p3278,2902.105,INTERACTIVE,op1,,1,const,,55
p3279,2902.105,BATCH_PIPELINE,op1,,1,const,,55
p3279,,,op2,op1,20,linear7,,30
p3279,,,op3,op1,5,linear3,,45
p3280,2902.105,INTERACTIVE,op1,,1,const,,55
p3280,,,op2,op1,40,linear7,,20
p3281,2907.491,BATCH_PIPELINE,op1,,1,const,,55
p3281,,,op2,op1,1,const,,55
p3282,2907.491,INTERACTIVE,op1,,1,const,,55
p3282,,,op2,op1,20,linear7,,30
p3282,,,op3,op2,2,sqrt,,55
p3283,2907.491,QUERY,op1,,15,linear3,,35
p3284,2907.491,QUERY,op1,,15,linear3,,35
p3285,2907.491,BATCH_PIPELINE,op1,,1,const,,55
p3285,,,op2,op1,2,sqrt,,55
p3286,2907.491,INTERACTIVE,op1,,1,const,,55
p3286,,,op2,op1,15,linear3,,37.5
p3287,2907.491,INTERACTIVE,op1,,1,const,,55
p3288,2907.491,BATCH_PIPELINE,op1,,1,const,,55
p3288,,,op2,op1,5,linear3,,45
p3289,2907.491,INTERACTIVE,op1,,1,const,,55
p3290,2907.491,BATCH_PIPELINE,op1,,1,const,,55
p3291,2913.17,INTERACTIVE,op1,,1,const,,55
p3292,2913.17,BATCH_PIPELINE,op1,,1,const,,55
p3293,2913.17,BATCH_PIPELINE,op1,,1,const,,55
p3294,2913.17,BATCH_PIPELINE,op1,,1,const,,55
p3295,2913.17,INTERACTIVE,op1,,1,const,,55
p3296,2913.17,INTERACTIVE,op1,,1,const,,55
p3296,,,op2,op1,20,linear7,,30
p3297,2913.17,BATCH_PIPELINE,op1,,1,const,,55
p3298,2913.17,BATCH_PIPELINE,op1,,1,const,,55
p3298,,,op2,op1,15,linear3,,37.5
p3299,2913.17,BATCH_PIPELINE,op1,,1,const,,55
p3300,2913.17,INTERACTIVE,op1,,1,const,,55
p3300,,,op2,op1,5,linear3,,45
p3301,2920.077,BATCH_PIPELINE,op1,,1,const,,55
p3302,2920.077,BATCH_PIPELINE,op1,,1,const,,55
p3302,,,op2,op1,20,linear7,,30
p3303,2920.077,QUERY,op1,,15,linear3,,35
p3304,2920.077,INTERACTIVE,op1,,1,const,,55
p3305,2920.077,BATCH_PIPELINE,op1,,1,const,,55
p3306,2920.077,BATCH_PIPELINE,op1,,1,const,,55
p3307,2920.077,BATCH_PIPELINE,op1,,1,const,,55
p3308,2920.077,INTERACTIVE,op1,,1,const,,55
p3308,,,op2,op1,2,sqrt,,55
p3308,,,op3,op2,80,squared,,10
p3309,2920.077,INTERACTIVE,op1,,1,const,,55
p3309,,,op2,op1,2,sqrt,,55
p3310,2920.077,BATCH_PIPELINE,op1,,1,const,,55
p3311,2924.938,INTERACTIVE,op1,,1,const,,55
p3312,2924.938,BATCH_PIPELINE,op1,,1,const,,55
p3312,,,op2,op1,5,linear3,,45
p3312,,,op3,op2,20,linear7,,30
p3313,2924.938,BATCH_PIPELINE,op1,,1,const,,55
p3313,,,op2,op1,2,sqrt,,55
p3314,2924.938,QUERY,op1,,15,linear3,,35
p3315,2924.938,INTERACTIVE,op1,,1,const,,55
p3315,,,op2,op1,5,linear3,,45
p3316,2924.938,BATCH_PIPELINE,op1,,1,const,,55
p3317,2924.938,QUERY,op1,,15,linear3,,35
p3318,2924.938,BATCH_PIPELINE,op1,,1,const,,55
p3319,2924.938,QUERY,op1,,15,linear3,,35
p3320,2924.938,QUERY,op1,,15,linear3,,35
p3321,2937.119,BATCH_PIPELINE,op1,,1,const,,55
p3322,2937.119,BATCH_PIPELINE,op1,,1,const,,55
p3322,,,op2,op1,1,const,,55
p3323,2937.119,BATCH_PIPELINE,op1,,1,const,,55
p3323,,,op2,op1,1,const,,55
p3324,2937.119,INTERACTIVE,op1,,1,const,,55
p3325,2937.119,BATCH_PIPELINE,op1,,1,const,,55
p3325,,,op2,op1,5,linear3,,45
p3325,,,op3,op2,20,linear7,,30
p3326,2937.119,INTERACTIVE,op1,,1,const,,55
p3326,,,op2,op1,15,linear3,,37.5
p3327,2937.119,BATCH_PIPELINE,op1,,1,const,,55
p3327,,,op2,op1,15,linear3,,37.5
p3328,2937.119,BATCH_PIPELINE,op1,,1,const,,55
p3328,,,op2,op1,1,const,,55
p3329,2937.119,INTERACTIVE,op1,,1,const,,55
p3329,,,op2,op1,40,linear7,,20
p3330,2937.119,QUERY,op1,,15,linear3,,35
p3331,2946.5080000000003,BATCH_PIPELINE,op1,,1,const,,55
p3331,,,op2,op1,15,linear3,,37.5
p3332,2946.5080000000003,QUERY,op1,,15,linear3,,35
p3333,2946.5080000000003,INTERACTIVE,op1,,1,const,,55
p3334,2946.5080000000003,INTERACTIVE,op1,,1,const,,55
p3335,2946.5080000000003,QUERY,op1,,15,linear3,,35
p3336,2946.5080000000003,QUERY,op1,,15,linear3,,35
p3337,2946.5080000000003,INTERACTIVE,op1,,1,const,,55
p3337,,,op2,op1,40,linear7,,20
p3338,2946.5080000000003,BATCH_PIPELINE,op1,,1,const,,55
p3338,,,op2,op1,15,linear3,,37.5
p3338,,,op3,op2,15,linear3,,37.5
p3339,2946.5080000000003,BATCH_PIPELINE,op1,,1,const,,55
p3340,2946.5080000000003,INTERACTIVE,op1,,1,const,,55
p3340,,,op2,op1,5,linear3,,45
p3340,,,op3,op2,40,linear7,,20
p3341,2953.722,BATCH_PIPELINE,op1,,1,const,,55
p3341,,,op2,op1,15,linear3,,37.5
p3341,,,op3,op2,5,linear3,,45
p3342,2953.722,BATCH_PIPELINE,op1,,1,const,,55
p3342,,,op2,op1,40,linear7,,20
p3343,2953.722,BATCH_PIPELINE,op1,,1,const,,55
p3344,2953.722,BATCH_PIPELINE,op1,,1,const,,55
p3345,2953.722,BATCH_PIPELINE,op1,,1,const,,55
p3345,,,op2,op1,40,linear7,,20
p3345,,,op3,op1,40,linear7,,20
p3346,2953.722,BATCH_PIPELINE,op1,,1,const,,55
p3346,,,op2,op1,20,linear7,,30
p3347,2953.722,BATCH_PIPELINE,op1,,1,const,,55
p3347,,,op2,op1,5,linear3,,45
p3348,2953.722,BATCH_PIPELINE,op1,,1,const,,55
p3348,,,op2,op1,1,const,,55
p3349,2953.722,INTERACTIVE,op1,,1,const,,55
p3350,2953.722,INTERACTIVE,op1,,1,const,,55
p3350,,,op2,op1,15,linear3,,37.5
p3350,,,op3,op2,2,sqrt,,55
p3351,2961.942,BATCH_PIPELINE,op1,,1,const,,55
p3351,,,op2,op1,15,linear3,,37.5
p3352,2961.942,BATCH_PIPELINE,op1,,1,const,,55
p3353,2961.942,BATCH_PIPELINE,op1,,1,const,,55
p3353,,,op2,,15,linear3,,37.5
p3353,,,op3,op1;op2,20,linear7,,30
p3354,2961.942,QUERY,op1,,15,linear3,,35
p3355,2961.942,INTERACTIVE,op1,,1,const,,55
p3356,2961.942,BATCH_PIPELINE,op1,,1,const,,55
p3357,2961.942,INTERACTIVE,op1,,1,const,,55
p3357,,,op2,op1,5,linear3,,45
p3358,2961.942,BATCH_PIPELINE,op1,,1,const,,55
p3358,,,op2,op1,40,linear7,,20
p3358,,,op3,op2,20,linear7,,30
p3359,2961.942,BATCH_PIPELINE,op1,,1,const,,55
p3359,,,op2,op1,1,const,,55
p3360,2961.942,BATCH_PIPELINE,op1,,1,const,,55
p3360,,,op2,op1,15,linear3,,37.5
p3361,2970.908,BATCH_PIPELINE,op1,,1,const,,55
p3362,2970.908,BATCH_PIPELINE,op1,,1,const,,55
p3363,2970.908,BATCH_PIPELINE,op1,,1,const,,55
p3363,,,op2,op1,5,linear3,,45
p3364,2970.908,BATCH_PIPELINE,op1,,1,const,,55
p3365,2970.908,QUERY,op1,,15,linear3,,35
p3366,2970.908,BATCH_PIPELINE,op1,,1,const,,55
p3366,,,op2,op1,20,linear7,,30
p3367,2970.908,QUERY,op1,,15,linear3,,35
p3368,2970.908,INTERACTIVE,op1,,1,const,,55
p3369,2970.908,INTERACTIVE,op1,,1,const,,55
p3370,2970.908,BATCH_PIPELINE,op1,,1,const,,55
p3371,2979.402,BATCH_PIPELINE,op1,,1,const,,55
p3372,2979.402,BATCH_PIPELINE,op1,,1,const,,55
p3373,2979.402,BATCH_PIPELINE,op1,,1,const,,55
p3373,,,op2,op1,1,const,,55
p3374,2979.402,BATCH_PIPELINE,op1,,1,const,,55
p3374,,,op2,op1,80,squared,,10
p3375,2979.402,BATCH_PIPELINE,op1,,1,const,,55
p3376,2979.402,BATCH_PIPELINE,op1,,1,const,,55
p3376,,,op2,op1,1,const,,55
p3377,2979.402,INTERACTIVE,op1,,1,const,,55
p3378,2979.402,BATCH_PIPELINE,op1,,1,const,,55
p3379,2979.402,INTERACTIVE,op1,,1,const,,55
p3379,,,op2,op1,15,linear3,,37.5
p3380,2979.402,BATCH_PIPELINE,op1,,1,const,,55
p3381,2987.514,INTERACTIVE,op1,,1,const,,55
p3382,2987.514,BATCH_PIPELINE,op1,,1,const,,55
p3383,2987.514,BATCH_PIPELINE,op1,,1,const,,55
p3384,2987.514,BATCH_PIPELINE,op1,,1,const,,55
p3384,,,op2,op1,5,linear3,,45
p3384,,,op3,op1,5,linear3,,45
p3385,2987.514,BATCH_PIPELINE,op1,,1,const,,55
p3385,,,op2,op1,2,sqrt,,55
p3386,2987.514,BATCH_PIPELINE,op1,,1,const,,55
p3386,,,op2,op1,1,const,,55
p3387,2987.514,INTERACTIVE,op1,,1,const,,55
p3388,2987.514,INTERACTIVE,op1,,1,const,,55
p3388,,,op2,op1,20,linear7,,30
p3389,2987.514,INTERACTIVE,op1,,1,const,,55
p3389,,,op2,op1,80,squared,,10
p3390,2987.514,INTERACTIVE,op1,,1,const,,55
p3391,2996.506,BATCH_PIPELINE,op1,,1,const,,55
p3392,2996.506,BATCH_PIPELINE,op1,,1,const,,55
p3393,2996.506,INTERACTIVE,op1,,1,const,,55
p3394,2996.506,BATCH_PIPELINE,op1,,1,const,,55
p3394,,,op2,op1,15,linear3,,37.5
p3395,2996.506,BATCH_PIPELINE,op1,,1,const,,55
p3395,,,op2,op1,20,linear7,,30
p3395,,,op3,op2,5,linear3,,45
p3396,2996.506,BATCH_PIPELINE,op1,,1,const,,55
p3396,,,op2,op1,15,linear3,,37.5
p3396,,,op3,op2,1,const,,55
p3397,2996.506,QUERY,op1,,15,linear3,,35
p3398,2996.506,BATCH_PIPELINE,op1,,1,const,,55
p3399,2996.506,INTERACTIVE,op1,,1,const,,55
p3400,2996.506,BATCH_PIPELINE,op1,,1,const,,55
p3400,,,op2,op1,5,linear3,,45
p3400,,,op3,op2,5,linear3,,45
p3401,3005.323,QUERY,op1,,15,linear3,,35
p3402,3005.323,BATCH_PIPELINE,op1,,1,const,,55
p3402,,,op2,op1,80,squared,,10
p3403,3005.323,INTERACTIVE,op1,,1,const,,55
p3403,,,op2,op1,15,linear3,,37.5
p3403,,,op3,op2,20,linear7,,30
p3404,3005.323,BATCH_PIPELINE,op1,,1,const,,55
p3404,,,op2,op1,1,const,,55
p3405,3005.323,BATCH_PIPELINE,op1,,1,const,,55
p3406,3005.323,BATCH_PIPELINE,op1,,1,const,,55
p3406,,,op2,op1,20,linear7,,30
p3407,3005.323,BATCH_PIPELINE,op1,,1,const,,55
p3407,,,op2,op1,5,linear3,,45
p3408,3005.323,QUERY,op1,,15,linear3,,35
p3409,3005.323,BATCH_PIPELINE,op1,,1,const,,55
p3410,3005.323,INTERACTIVE,op1,,1,const,,55
p3411,3014.013,BATCH_PIPELINE,op1,,1,const,,55
p3412,3014.013,INTERACTIVE,op1,,1,const,,55
p3412,,,op2,op1,5,linear3,,45
p3412,,,op3,op2,2,sqrt,,55
p3413,3014.013,INTERACTIVE,op1,,1,const,,55
p3413,,,op2,op1,15,linear3,,37.5
p3414,3014.013,INTERACTIVE,op1,,1,const,,55
p3414,,,op2,,20,linear7,,30
p3414,,,op3,op1;op2,20,linear7,,30
p3415,3014.013,BATCH_PIPELINE,op1,,1,const,,55
p3415,,,op2,op1,80,squared,,10
p3416,3014.013,BATCH_PIPELINE,op1,,1,const,,55
p3417,3014.013,INTERACTIVE,op1,,1,const,,55
p3418,3014.013,BATCH_PIPELINE,op1,,1,const,,55
p3418,,,op2,op1,15,linear3,,37.5
p3419,3014.013,INTERACTIVE,op1,,1,const,,55
p3419,,,op2,op1,2,sqrt,,55
p3420,3014.013,BATCH_PIPELINE,op1,,1,const,,55
p3421,3023.035,INTERACTIVE,op1,,1,const,,55
p3422,3023.035,BATCH_PIPELINE,op1,,1,const,,55
p3422,,,op2,op1,15,linear3,,37.5
p3422,,,op3,op2,80,squared,,10
p3423,3023.035,INTERACTIVE,op1,,1,const,,55
p3424,3023.035,BATCH_PIPELINE,op1,,1,const,,55
p3425,3023.035,BATCH_PIPELINE,op1,,1,const,,55
p3426,3023.035,BATCH_PIPELINE,op1,,1,const,,55
p3427,3023.035,INTERACTIVE,op1,,1,const,,55
p3428,3023.035,BATCH_PIPELINE,op1,,1,const,,55
p3428,,,op2,op1,20,linear7,,30
p3429,3023.035,BATCH_PIPELINE,op1,,1,const,,55
p3430,3023.035,BATCH_PIPELINE,op1,,1,const,,55
p3430,,,op2,op1,5,linear3,,45
p3431,3032.387,BATCH_PIPELINE,op1,,1,const,,55
p3432,3032.387,INTERACTIVE,op1,,1,const,,55
p3433,3032.387,BATCH_PIPELINE,op1,,1,const,,55
p3433,,,op2,op1,40,linear7,,20
p3434,3032.387,BATCH_PIPELINE,op1,,1,const,,55
p3435,3032.387,BATCH_PIPELINE,op1,,1,const,,55
p3435,,,op2,op1,15,linear3,,37.5
p3436,3032.387,INTERACTIVE,op1,,1,const,,55
p3436,,,op2,op1,20,linear7,,30
p3437,3032.387,INTERACTIVE,op1,,1,const,,55
p3437,,,op2,op1,15,linear3,,37.5
p3438,3032.387,INTERACTIVE,op1,,1,const,,55
p3439,3032.387,BATCH_PIPELINE,op1,,1,const,,55
p3439,,,op2,op1,80,squared,,10
p3440,3032.387,INTERACTIVE,op1,,1,const,,55
p3440,,,op2,op1,1,const,,55
p3441,3038.189,QUERY,op1,,15,linear3,,35
p3442,3038.189,BATCH_PIPELINE,op1,,1,const,,55
p3443,3038.189,QUERY,op1,,15,linear3,,35
p3444,3038.189,QUERY,op1,,15,linear3,,35
p3445,3038.189,BATCH_PIPELINE,op1,,1,const,,55
p3445,,,op2,op1,2,sqrt,,55
p3445,,,op3,op2,15,linear3,,37.5
p3446,3038.189,BATCH_PIPELINE,op1,,1,const,,55
p3447,3038.189,BATCH_PIPELINE,op1,,1,const,,55
p3447,,,op2,op1,5,linear3,,45
p3447,,,op3,op2,5,linear3,,45
p3448,3038.189,INTERACTIVE,op1,,1,const,,55
p3448,,,op2,,40,linear7,,20
p3448,,,op3,op1;op2,15,linear3,,37.5
p3449,3038.189,BATCH_PIPELINE,op1,,1,const,,55
p3449,,,op2,op1,20,linear7,,30
p3450,3038.189,INTERACTIVE,op1,,1,const,,55
p3451,3046.6130000000003,QUERY,op1,,15,linear3,,35
p3452,3046.6130000000003,INTERACTIVE,op1,,1,const,,55
p3453,3046.6130000000003,INTERACTIVE,op1,,1,const,,55
p3453,,,op2,op1,15,linear3,,37.5
p3454,3046.6130000000003,BATCH_PIPELINE,op1,,1,const,,55
p3454,,,op2,op1,2,sqrt,,55
p3455,3046.6130000000003,BATCH_PIPELINE,op1,,1,const,,55
p3455,,,op2,op1,80,squared,,10
p3456,3046.6130000000003,INTERACTIVE,op1,,1,const,,55
p3457,3046.6130000000003,QUERY,op1,,15,linear3,,35
p3458,3046.6130000000003,BATCH_PIPELINE,op1,,1,const,,55
p3458,,,op2,op1,5,linear3,,45
p3459,3046.6130000000003,BATCH_PIPELINE,op1,,1,const,,55
p3460,3046.6130000000003,BATCH_PIPELINE,op1,,1,const,,55
p3460,,,op2,op1,80,squared,,10
p3461,3057.303,QUERY,op1,,15,linear3,,35
p3462,3057.303,INTERACTIVE,op1,,1,const,,55
p3463,3057.303,BATCH_PIPELINE,op1,,1,const,,55
p3463,,,op2,op1,2,sqrt,,55
p3463,,,op3,op2,20,linear7,,30
p3464,3057.303,QUERY,op1,,15,linear3,,35
p3465,3057.303,BATCH_PIPELINE,op1,,1,const,,55
p3465,,,op2,op1,20,linear7,,30
p3466,3057.303,BATCH_PIPELINE,op1,,1,const,,55
p3466,,,op2,op1,80,squared,,10
p3467,3057.303,BATCH_PIPELINE,op1,,1,const,,55
p3468,3057.303,BATCH_PIPELINE,op1,,1,const,,55
p3469,3057.303,BATCH_PIPELINE,op1,,1,const,,55
p3469,,,op2,op1,15,linear3,,37.5
p3470,3057.303,BATCH_PIPELINE,op1,,1,const,,55
p3470,,,op2,op1,20,linear7,,30
p3471,3068.766,QUERY,op1,,15,linear3,,35
p3472,3068.766,INTERACTIVE,op1,,1,const,,55
p3473,3068.766,BATCH_PIPELINE,op1,,1,const,,55
p3474,3068.766,BATCH_PIPELINE,op1,,1,const,,55
p3475,3068.766,INTERACTIVE,op1,,1,const,,55
p3476,3068.766,BATCH_PIPELINE,op1,,1,const,,55
p3477,3068.766,INTERACTIVE,op1,,1,const,,55
p3478,3068.766,BATCH_PIPELINE,op1,,1,const,,55
p3479,3068.766,BATCH_PIPELINE,op1,,1,const,,55
p3479,,,op2,op1,1,const,,55
p3480,3068.766,INTERACTIVE,op1,,1,const,,55
p3480,,,op2,op1,1,const,,55
p3481,3078.177,BATCH_PIPELINE,op1,,1,const,,55
p3482,3078.177,BATCH_PIPELINE,op1,,1,const,,55
p3482,,,op2,op1,15,linear3,,37.5
p3482,,,op3,op2,5,linear3,,45
p3483,3078.177,BATCH_PIPELINE,op1,,1,const,,55
p3483,,,op2,op1,5,linear3,,45
p3484,3078.177,INTERACTIVE,op1,,1,const,,55
p3485,3078.177,BATCH_PIPELINE,op1,,1,const,,55
p3485,,,op2,op1,20,linear7,,30
p3486,3078.177,BATCH_PIPELINE,op1,,1,const,,55
p3486,,,op2,op1,5,linear3,,45
p3487,3078.177,BATCH_PIPELINE,op1,,1,const,,55
p3487,,,op2,op1,5,linear3,,45
p3488,3078.177,INTERACTIVE,op1,,1,const,,55
p3488,,,op2,op1,20,linear7,,30
p3489,3078.177,BATCH_PIPELINE,op1,,1,const,,55
p3489,,,op2,op1,40,linear7,,20
p3489,,,op3,op2,1,const,,55
p3490,3078.177,INTERACTIVE,op1,,1,const,,55
p3491,3087.891,INTERACTIVE,op1,,1,const,,55
p3492,3087.891,BATCH_PIPELINE,op1,,1,const,,55
p3492,,,op2,op1,15,linear3,,37.5
p3493,3087.891,QUERY,op1,,15,linear3,,35
p3494,3087.891,BATCH_PIPELINE,op1,,1,const,,55
p3494,,,op2,op1,1,const,,55
p3494,,,op3,op2,15,linear3,,37.5
p3495,3087.891,BATCH_PIPELINE,op1,,1,const,,55
p3496,3087.891,INTERACTIVE,op1,,1,const,,55
p3496,,,op2,op1,40,linear7,,20
p3497,3087.891,BATCH_PIPELINE,op1,,1,const,,55
p3498,3087.891,INTERACTIVE,op1,,1,const,,55
p3499,3087.891,INTERACTIVE,op1,,1,const,,55
p3500,3087.891,QUERY,op1,,15,linear3,,35
p3501,3097.916,INTERACTIVE,op1,,1,const,,55
p3501,,,op2,op1,15,linear3,,37.5
p3501,,,op3,op1,2,sqrt,,55
p3502,3097.916,INTERACTIVE,op1,,1,const,,55
p3503,3097.916,BATCH_PIPELINE,op1,,1,const,,55
p3504,3097.916,QUERY,op1,,15,linear3,,35
p3505,3097.916,INTERACTIVE,op1,,1,const,,55
p3506,3097.916,BATCH_PIPELINE,op1,,1,const,,55
p3506,,,op2,op1,5,linear3,,45
p3507,3097.916,BATCH_PIPELINE,op1,,1,const,,55
p3507,,,op2,op1,2,sqrt,,55
p3508,3097.916,INTERACTIVE,op1,,1,const,,55
p3508,,,op2,op1,15,linear3,,37.5
p3509,3097.916,BATCH_PIPELINE,op1,,1,const,,55
p3510,3097.916,BATCH_PIPELINE,op1,,1,const,,55
p3510,,,op2,op1,15,linear3,,37.5
p3511,3110.025,INTERACTIVE,op1,,1,const,,55
p3511,,,op2,op1,2,sqrt,,55
p3512,3110.025,BATCH_PIPELINE,op1,,1,const,,55
p3513,3110.025,BATCH_PIPELINE,op1,,1,const,,55
p3514,3110.025,INTERACTIVE,op1,,1,const,,55
p3514,,,op2,op1,20,linear7,,30
p3515,3110.025,BATCH_PIPELINE,op1,,1,const,,55
p3515,,,op2,op1,15,linear3,,37.5
p3516,3110.025,BATCH_PIPELINE,op1,,1,const,,55
p3516,,,op2,op1,15,linear3,,37.5
p3517,3110.025,INTERACTIVE,op1,,1,const,,55
p3518,3110.025,BATCH_PIPELINE,op1,,1,const,,55
p3519,3110.025,QUERY,op1,,15,linear3,,35
p3520,3110.025,BATCH_PIPELINE,op1,,1,const,,55
p3521,3120.3540000000003,INTERACTIVE,op1,,1,const,,55
p3522,3120.3540000000003,BATCH_PIPELINE,op1,,1,const,,55
p3522,,,op2,op1,1,const,,55
p3522,,,op3,op2,15,linear3,,37.5
p3523,3120.3540000000003,BATCH_PIPELINE,op1,,1,const,,55
p3524,3120.3540000000003,BATCH_PIPELINE,op1,,1,const,,55
p3525,3120.3540000000003,BATCH_PIPELINE,op1,,1,const,,55
p3526,3120.3540000000003,BATCH_PIPELINE,op1,,1,const,,55
p3526,,,op2,op1,15,linear3,,37.5
p3527,3120.3540000000003,BATCH_PIPELINE,op1,,1,const,,55
p3528,3120.3540000000003,BATCH_PIPELINE,op1,,1,const,,55
p3528,,,op2,op1,20,linear7,,30
p3529,3120.3540000000003,BATCH_PIPELINE,op1,,1,const,,55
p3530,3120.3540000000003,INTERACTIVE,op1,,1,const,,55
p3531,3126.986,BATCH_PIPELINE,op1,,1,const,,55
p3532,3126.986,INTERACTIVE,op1,,1,const,,55
p3532,,,op2,op1,1,const,,55
p3533,3126.986,INTERACTIVE,op1,,1,const,,55
p3534,3126.986,BATCH_PIPELINE,op1,,1,const,,55
p3534,,,op2,op1,20,linear7,,30
p3535,3126.986,BATCH_PIPELINE,op1,,1,const,,55
p3535,,,op2,op1,2,sqrt,,55
p3535,,,op3,op2,20,linear7,,30
p3536,3126.986,BATCH_PIPELINE,op1,,1,const,,55
p3537,3126.986,BATCH_PIPELINE,op1,,1,const,,55
p3537,,,op2,op1,15,linear3,,37.5
p3538,3126.986,INTERACTIVE,op1,,1,const,,55
p3538,,,op2,,15,linear3,,37.5
p3538,,,op3,op1;op2,80,squared,,10
p3539,3126.986,BATCH_PIPELINE,op1,,1,const,,55
p3540,3126.986,INTERACTIVE,op1,,1,const,,55
p3541,3133.76,BATCH_PIPELINE,op1,,1,const,,55
p3542,3133.76,BATCH_PIPELINE,op1,,1,const,,55
p3543,3133.76,BATCH_PIPELINE,op1,,1,const,,55
p3543,,,op2,op1,15,linear3,,37.5
p3544,3133.76,BATCH_PIPELINE,op1,,1,const,,55
p3545,3133.76,BATCH_PIPELINE,op1,,1,const,,55
p3546,3133.76,INTERACTIVE,op1,,1,const,,55
p3547,3133.76,BATCH_PIPELINE,op1,,1,const,,55
p3548,3133.76,INTERACTIVE,op1,,1,const,,55
p3548,,,op2,op1,15,linear3,,37.5
p3549,3133.76,INTERACTIVE,op1,,1,const,,55
p3550,3133.76,INTERACTIVE,op1,,1,const,,55
p3551,3145.532,INTERACTIVE,op1,,1,const,,55
p3551,,,op2,op1,5,linear3,,45
p3552,3145.532,INTERACTIVE,op1,,1,const,,55
p3553,3145.532,BATCH_PIPELINE,op1,,1,const,,55
p3554,3145.532,BATCH_PIPELINE,op1,,1,const,,55
p3554,,,op2,op1,5,linear3,,45
p3555,3145.532,BATCH_PIPELINE,op1,,1,const,,55
p3555,,,op2,op1,5,linear3,,45
p3556,3145.532,BATCH_PIPELINE,op1,,1,const,,55
p3556,,,op2,op1,2,sqrt,,55
p3557,3145.532,BATCH_PIPELINE,op1,,1,const,,55
p3557,,,op2,op1,40,linear7,,20
p3558,3145.532,BATCH_PIPELINE,op1,,1,const,,55
p3558,,,op2,op1,15,linear3,,37.5
p3558,,,op3,op2,5,linear3,,45
p3559,3145.532,INTERACTIVE,op1,,1,const,,55
p3559,,,op2,op1,15,linear3,,37.5
p3559,,,op3,op2,20,linear7,,30
p3560,3145.532,BATCH_PIPELINE,op1,,1,const,,55
p3560,,,op2,op1,15,linear3,,37.5
p3560,,,op3,op2,2,sqrt,,55
p3561,3149.232,INTERACTIVE,op1,,1,const,,55
p3561,,,op2,op1,40,linear7,,20
p3561,,,op3,op2,40,linear7,,20
p3562,3149.232,BATCH_PIPELINE,op1,,1,const,,55
p3562,,,op2,op1,2,sqrt,,55
p3563,3149.232,BATCH_PIPELINE,op1,,1,const,,55
p3563,,,op2,op1,15,linear3,,37.5
p3564,3149.232,BATCH_PIPELINE,op1,,1,const,,55
p3565,3149.232,BATCH_PIPELINE,op1,,1,const,,55
p3565,,,op2,op1,15,linear3,,37.5
p3565,,,op3,op1,5,linear3,,45
p3566,3149.232,INTERACTIVE,op1,,1,const,,55
p3566,,,op2,op1,80,squared,,10
p3566,,,op3,op1,5,linear3,,45
p3567,3149.232,INTERACTIVE,op1,,1,const,,55
p3567,,,op2,op1,15,linear3,,37.5
p3568,3149.232,INTERACTIVE,op1,,1,const,,55
p3568,,,op2,op1,80,squared,,10
p3568,,,op3,op2,15,linear3,,37.5
p3569,3149.232,BATCH_PIPELINE,op1,,1,const,,55
p3569,,,op2,op1,15,linear3,,37.5
p3570,3149.232,BATCH_PIPELINE,op1,,1,const,,55
p3570,,,op2,op1,20,linear7,,30
p3571,3158.9230000000002,BATCH_PIPELINE,op1,,1,const,,55
p3571,,,op2,op1,1,const,,55
p3572,3158.9230000000002,BATCH_PIPELINE,op1,,1,const,,55
p3573,3158.9230000000002,BATCH_PIPELINE,op1,,1,const,,55
p3574,3158.9230000000002,BATCH_PIPELINE,op1,,1,const,,55
p3575,3158.9230000000002,BATCH_PIPELINE,op1,,1,const,,55
p3575,,,op2,op1,5,linear3,,45
p3576,3158.9230000000002,BATCH_PIPELINE,op1,,1,const,,55
p3577,3158.9230000000002,INTERACTIVE,op1,,1,const,,55
p3577,,,op2,op1,15,linear3,,37.5
p3578,3158.9230000000002,INTERACTIVE,op1,,1,const,,55
p3578,,,op2,op1,5,linear3,,45
p3579,3158.9230000000002,INTERACTIVE,op1,,1,const,,55
p3579,,,op2,op1,20,linear7,,30
p3580,3158.9230000000002,INTERACTIVE,op1,,1,const,,55
p3580,,,op2,op1,5,linear3,,45
p3581,3165.468,INTERACTIVE,op1,,1,const,,55
p3582,3165.468,BATCH_PIPELINE,op1,,1,const,,55
p3583,3165.468,BATCH_PIPELINE,op1,,1,const,,55
p3583,,,op2,op1,20,linear7,,30
p3584,3165.468,BATCH_PIPELINE,op1,,1,const,,55
p3585,3165.468,INTERACTIVE,op1,,1,const,,55
p3586,3165.468,INTERACTIVE,op1,,1,const,,55
p3586,,,op2,op1,80,squared,,10
p3586,,,op3,op2,5,linear3,,45
p3587,3165.468,BATCH_PIPELINE,op1,,1,const,,55
p3587,,,op2,op1,5,linear3,,45
p3588,3165.468,INTERACTIVE,op1,,1,const,,55
p3589,3165.468,INTERACTIVE,op1,,1,const,,55
p3590,3165.468,INTERACTIVE,op1,,1,const,,55
p3590,,,op2,op1,20,linear7,,30
p3591,3174.7200000000003,BATCH_PIPELINE,op1,,1,const,,55
p3591,,,op2,op1,15,linear3,,37.5
p3592,3174.7200000000003,BATCH_PIPELINE,op1,,1,const,,55
p3593,3174.7200000000003,BATCH_PIPELINE,op1,,1,const,,55
p3594,3174.7200000000003,BATCH_PIPELINE,op1,,1,const,,55
p3595,3174.7200000000003,INTERACTIVE,op1,,1,const,,55
p3596,3174.7200000000003,INTERACTIVE,op1,,1,const,,55
p3596,,,op2,op1,5,linear3,,45
p3597,3174.7200000000003,INTERACTIVE,op1,,1,const,,55
p3597,,,op2,op1,20,linear7,,30
p3598,3174.7200000000003,INTERACTIVE,op1,,1,const,,55
p3599,3174.7200000000003,QUERY,op1,,15,linear3,,35
p3600,3174.7200000000003,BATCH_PIPELINE,op1,,1,const,,55
p3601,3187.792,BATCH_PIPELINE,op1,,1,const,,55
p3602,3187.792,BATCH_PIPELINE,op1,,1,const,,55
p3603,3187.792,BATCH_PIPELINE,op1,,1,const,,55
p3603,,,op2,op1,20,linear7,,30
p3604,3187.792,BATCH_PIPELINE,op1,,1,const,,55
p3605,3187.792,BATCH_PIPELINE,op1,,1,const,,55
p3605,,,op2,op1,2,sqrt,,55
p3606,3187.792,BATCH_PIPELINE,op1,,1,const,,55
p3607,3187.792,INTERACTIVE,op1,,1,const,,55
p3608,3187.792,BATCH_PIPELINE,op1,,1,const,,55
p3609,3187.792,INTERACTIVE,op1,,1,const,,55
p3610,3187.792,INTERACTIVE,op1,,1,const,,55
p3610,,,op2,op1,5,linear3,,45
p3611,3193.77,BATCH_PIPELINE,op1,,1,const,,55
p3611,,,op2,op1,40,linear7,,20
p3612,3193.77,INTERACTIVE,op1,,1,const,,55
p3612,,,op2,op1,15,linear3,,37.5
p3613,3193.77,BATCH_PIPELINE,op1,,1,const,,55
p3614,3193.77,QUERY,op1,,15,linear3,,35
p3615,3193.77,BATCH_PIPELINE,op1,,1,const,,55
p3616,3193.77,QUERY,op1,,15,linear3,,35
p3617,3193.77,BATCH_PIPELINE,op1,,1,const,,55
p3618,3193.77,BATCH_PIPELINE,op1,,1,const,,55
p3619,3193.77,BATCH_PIPELINE,op1,,1,const,,55
p3620,3193.77,BATCH_PIPELINE,op1,,1,const,,55
p3621,3201.763,INTERACTIVE,op1,,1,const,,55
p3622,3201.763,INTERACTIVE,op1,,1,const,,55
p3622,,,op2,op1,40,linear7,,20
p3623,3201.763,BATCH_PIPELINE,op1,,1,const,,55
p3624,3201.763,BATCH_PIPELINE,op1,,1,const,,55
p3625,3201.763,BATCH_PIPELINE,op1,,1,const,,55
p3625,,,op2,op1,2,sqrt,,55
p3625,,,op3,op1,1,const,,55
p3626,3201.763,INTERACTIVE,op1,,1,const,,55
p3626,,,op2,op1,20,linear7,,30
p3627,3201.763,INTERACTIVE,op1,,1,const,,55
p3627,,,op2,op1,80,squared,,10
p3628,3201.763,BATCH_PIPELINE,op1,,1,const,,55
p3628,,,op2,op1,5,linear3,,45
p3629,3201.763,QUERY,op1,,15,linear3,,35
p3630,3201.763,BATCH_PIPELINE,op1,,1,const,,55
p3630,,,op2,op1,80,squared,,10
p3631,3211.51,BATCH_PIPELINE,op1,,1,const,,55
p3631,,,op2,op1,20,linear7,,30
p3632,3211.51,QUERY,op1,,15,linear3,,35
p3633,3211.51,INTERACTIVE,op1,,1,const,,55
p3633,,,op2,op1,20,linear7,,30
p3634,3211.51,INTERACTIVE,op1,,1,const,,55
p3635,3211.51,BATCH_PIPELINE,op1,,1,const,,55
p3636,3211.51,INTERACTIVE,op1,,1,const,,55
p3637,3211.51,BATCH_PIPELINE,op1,,1,const,,55
p3638,3211.51,BATCH_PIPELINE,op1,,1,const,,55
p3638,,,op2,op1,5,linear3,,45
p3639,3211.51,INTERACTIVE,op1,,1,const,,55
p3640,3211.51,QUERY,op1,,15,linear3,,35
p3641,3219.026,BATCH_PIPELINE,op1,,1,const,,55
p3641,,,op2,op1,15,linear3,,37.5
p3642,3219.026,INTERACTIVE,op1,,1,const,,55
p3643,3219.026,BATCH_PIPELINE,op1,,1,const,,55
p3643,,,op2,op1,15,linear3,,37.5
p3644,3219.026,INTERACTIVE,op1,,1,const,,55
p3644,,,op2,op1,15,linear3,,37.5
p3645,3219.026,BATCH_PIPELINE,op1,,1,const,,55
p3645,,,op2,op1,20,linear7,,30
p3645,,,op3,op2,20,linear7,,30
p3646,3219.026,BATCH_PIPELINE,op1,,1,const,,55
p3646,,,op2,op1,40,linear7,,20
p3646,,,op3,op2,20,linear7,,30
p3647,3219.026,BATCH_PIPELINE,op1,,1,const,,55
p3648,3219.026,INTERACTIVE,op1,,1,const,,55
p3648,,,op2,op1,40,linear7,,20
p3648,,,op3,op1,80,squared,,10
p3649,3219.026,BATCH_PIPELINE,op1,,1,const,,55
p3650,3219.026,BATCH_PIPELINE,op1,,1,const,,55
p3650,,,op2,op1,2,sqrt,,55
p3651,3227.5370000000003,INTERACTIVE,op1,,1,const,,55
p3651,,,op2,,20,linear7,,30
p3651,,,op3,op1;op2,40,linear7,,20
p3652,3227.5370000000003,INTERACTIVE,op1,,1,const,,55
p3652,,,op2,op1,1,const,,55
p3653,3227.5370000000003,INTERACTIVE,op1,,1,const,,55
p3653,,,op2,op1,5,linear3,,45
p3654,3227.5370000000003,INTERACTIVE,op1,,1,const,,55
p3655,3227.5370000000003,BATCH_PIPELINE,op1,,1,const,,55
p3655,,,op2,op1,15,linear3,,37.5
p3655,,,op3,op2,5,linear3,,45
p3656,3227.5370000000003,BATCH_PIPELINE,op1,,1,const,,55
p3657,3227.5370000000003,BATCH_PIPELINE,op1,,1,const,,55
p3657,,,op2,op1,20,linear7,,30
p3657,,,op3,op2,40,linear7,,20
p3658,3227.5370000000003,BATCH_PIPELINE,op1,,1,const,,55
p3659,3227.5370000000003,BATCH_PIPELINE,op1,,1,const,,55
p3660,3227.5370000000003,INTERACTIVE,op1,,1,const,,55
p3661,3236.035,INTERACTIVE,op1,,1,const,,55
p3662,3236.035,BATCH_PIPELINE,op1,,1,const,,55
p3662,,,op2,op1,2,sqrt,,55
p3663,3236.035,INTERACTIVE,op1,,1,const,,55
p3663,,,op2,op1,5,linear3,,45
p3664,3236.035,INTERACTIVE,op1,,1,const,,55
p3665,3236.035,BATCH_PIPELINE,op1,,1,const,,55
p3665,,,op2,op1,5,linear3,,45
p3666,3236.035,BATCH_PIPELINE,op1,,1,const,,55
p3667,3236.035,INTERACTIVE,op1,,1,const,,55
p3667,,,op2,,15,linear3,,37.5
p3667,,,op3,op1;op2,80,squared,,10
p3668,3236.035,BATCH_PIPELINE,op1,,1,const,,55
p3668,,,op2,op1,5,linear3,,45
p3668,,,op3,op2,2,sqrt,,55
p3669,3236.035,QUERY,op1,,15,linear3,,35
p3670,3236.035,INTERACTIVE,op1,,1,const,,55
p3671,3245.752,QUERY,op1,,15,linear3,,35
p3672,3245.752,BATCH_PIPELINE,op1,,1,const,,55
p3673,3245.752,QUERY,op1,,15,linear3,,35
p3674,3245.752,BATCH_PIPELINE,op1,,1,const,,55
p3675,3245.752,BATCH_PIPELINE,op1,,1,const,,55
p3676,3245.752,BATCH_PIPELINE,op1,,1,const,,55
p3676,,,op2,op1,20,linear7,,30
p3676,,,op3,op2,5,linear3,,45
p3677,3245.752,INTERACTIVE,op1,,1,const,,55
p3678,3245.752,BATCH_PIPELINE,op1,,1,const,,55
p3679,3245.752,BATCH_PIPELINE,op1,,1,const,,55
p3679,,,op2,op1,5,linear3,,45
p3680,3245.752,BATCH_PIPELINE,op1,,1,const,,55
p3681,3256.339,BATCH_PIPELINE,op1,,1,const,,55
p3681,,,op2,op1,2,sqrt,,55
p3682,3256.339,BATCH_PIPELINE,op1,,1,const,,55
p3682,,,op2,op1,80,squared,,10
p3682,,,op3,op2,2,sqrt,,55
p3683,3256.339,BATCH_PIPELINE,op1,,1,const,,55
p3684,3256.339,INTERACTIVE,op1,,1,const,,55
p3685,3256.339,BATCH_PIPELINE,op1,,1,const,,55
p3685,,,op2,op1,5,linear3,,45
p3685,,,op3,op2,1,const,,55
p3686,3256.339,BATCH_PIPELINE,op1,,1,const,,55
p3686,,,op2,op1,15,linear3,,37.5
p3686,,,op3,op2,80,squared,,10
p3687,3256.339,INTERACTIVE,op1,,1,const,,55
p3688,3256.339,BATCH_PIPELINE,op1,,1,const,,55
p3689,3256.339,QUERY,op1,,15,linear3,,35
p3690,3256.339,BATCH_PIPELINE,op1,,1,const,,55
p3690,,,op2,op1,80,squared,,10
p3690,,,op3,op2,2,sqrt,,55
p3691,3269.2490000000003,BATCH_PIPELINE,op1,,1,const,,55
p3692,3269.2490000000003,BATCH_PIPELINE,op1,,1,const,,55
p3693,3269.2490000000003,BATCH_PIPELINE,op1,,1,const,,55
p3694,3269.2490000000003,INTERACTIVE,op1,,1,const,,55
p3695,3269.2490000000003,BATCH_PIPELINE,op1,,1,const,,55
p3696,3269.2490000000003,INTERACTIVE,op1,,1,const,,55
p3697,3269.2490000000003,BATCH_PIPELINE,op1,,1,const,,55
p3697,,,op2,op1,15,linear3,,37.5
p3698,3269.2490000000003,BATCH_PIPELINE,op1,,1,const,,55
p3699,3269.2490000000003,BATCH_PIPELINE,op1,,1,const,,55
p3699,,,op2,op1,80,squared,,10
p3700,3269.2490000000003,QUERY,op1,,15,linear3,,35
p3701,3273.947,BATCH_PIPELINE,op1,,1,const,,55
p3702,3273.947,BATCH_PIPELINE,op1,,1,const,,55
p3703,3273.947,INTERACTIVE,op1,,1,const,,55
p3703,,,op2,op1,40,linear7,,20
p3704,3273.947,INTERACTIVE,op1,,1,const,,55
p3704,,,op2,op1,5,linear3,,45
p3705,3273.947,INTERACTIVE,op1,,1,const,,55
p3706,3273.947,BATCH_PIPELINE,op1,,1,const,,55
p3706,,,op2,op1,5,linear3,,45
p3707,3273.947,INTERACTIVE,op1,,1,const,,55
p3707,,,op2,op1,20,linear7,,30
p3708,3273.947,INTERACTIVE,op1,,1,const,,55
p3709,3273.947,INTERACTIVE,op1,,1,const,,55
p3709,,,op2,op1,80,squared,,10
p3709,,,op3,op1,5,linear3,,45
p3710,3273.947,INTERACTIVE,op1,,1,const,,55
p3711,3281.623,QUERY,op1,,15,linear3,,35
p3712,3281.623,INTERACTIVE,op1,,1,const,,55
p3713,3281.623,BATCH_PIPELINE,op1,,1,const,,55
p3714,3281.623,INTERACTIVE,op1,,1,const,,55
p3714,,,op2,op1,5,linear3,,45
p3715,3281.623,BATCH_PIPELINE,op1,,1,const,,55
p3716,3281.623,BATCH_PIPELINE,op1,,1,const,,55
p3716,,,op2,op1,15,linear3,,37.5
p3717,3281.623,BATCH_PIPELINE,op1,,1,const,,55
p3718,3281.623,INTERACTIVE,op1,,1,const,,55
p3718,,,op2,op1,20,linear7,,30
p3719,3281.623,INTERACTIVE,op1,,1,const,,55
p3719,,,op2,op1,15,linear3,,37.5
p3720,3281.623,INTERACTIVE,op1,,1,const,,55
p3720,,,op2,op1,15,linear3,,37.5
p3721,3287.978,INTERACTIVE,op1,,1,const,,55
p3721,,,op2,op1,40,linear7,,20
p3722,3287.978,BATCH_PIPELINE,op1,,1,const,,55
p3722,,,op2,op1,15,linear3,,37.5
p3723,3287.978,BATCH_PIPELINE,op1,,1,const,,55
p3724,3287.978,BATCH_PIPELINE,op1,,1,const,,55
p3724,,,op2,op1,40,linear7,,20
p3725,3287.978,BATCH_PIPELINE,op1,,1,const,,55
p3726,3287.978,BATCH_PIPELINE,op1,,1,const,,55
p3727,3287.978,BATCH_PIPELINE,op1,,1,const,,55
p3728,3287.978,INTERACTIVE,op1,,1,const,,55
p3728,,,op2,op1,15,linear3,,37.5
p3728,,,op3,op2,1,const,,55
p3729,3287.978,BATCH_PIPELINE,op1,,1,const,,55
p3729,,,op2,op1,15,linear3,,37.5
p3729,,,op3,op2,1,const,,55
p3730,3287.978,BATCH_PIPELINE,op1,,1,const,,55
p3731,3300.65,INTERACTIVE,op1,,1,const,,55
p3732,3300.65,QUERY,op1,,15,linear3,,35
p3733,3300.65,BATCH_PIPELINE,op1,,1,const,,55
p3733,,,op2,op1,2,sqrt,,55
p3734,3300.65,INTERACTIVE,op1,,1,const,,55
p3734,,,op2,,15,linear3,,37.5
p3734,,,op3,op1;op2,15,linear3,,37.5
p3735,3300.65,BATCH_PIPELINE,op1,,1,const,,55
p3735,,,op2,op1,15,linear3,,37.5
p3736,3300.65,BATCH_PIPELINE,op1,,1,const,,55
p3737,3300.65,BATCH_PIPELINE,op1,,1,const,,55
p3738,3300.65,BATCH_PIPELINE,op1,,1,const,,55
p3739,3300.65,INTERACTIVE,op1,,1,const,,55
p3739,,,op2,op1,5,linear3,,45
p3740,3300.65,BATCH_PIPELINE,op1,,1,const,,55
p3741,3311.224,BATCH_PIPELINE,op1,,1,const,,55
p3741,,,op2,op1,5,linear3,,45
p3742,3311.224,INTERACTIVE,op1,,1,const,,55
p3743,3311.224,INTERACTIVE,op1,,1,const,,55
p3744,3311.224,BATCH_PIPELINE,op1,,1,const,,55
p3745,3311.224,BATCH_PIPELINE,op1,,1,const,,55
p3746,3311.224,BATCH_PIPELINE,op1,,1,const,,55
p3747,3311.224,INTERACTIVE,op1,,1,const,,55
p3748,3311.224,INTERACTIVE,op1,,1,const,,55
p3748,,,op2,op1,40,linear7,,20
p3749,3311.224,INTERACTIVE,op1,,1,const,,55
p3749,,,op2,op1,15,linear3,,37.5
p3750,3311.224,QUERY,op1,,15,linear3,,35
p3751,3318.7380000000003,INTERACTIVE,op1,,1,const,,55
p3751,,,op2,op1,1,const,,55
p3751,,,op3,op2,20,linear7,,30
p3752,3318.7380000000003,QUERY,op1,,15,linear3,,35
p3753,3318.7380000000003,BATCH_PIPELINE,op1,,1,const,,55
p3754,3318.7380000000003,INTERACTIVE,op1,,1,const,,55
p3755,3318.7380000000003,BATCH_PIPELINE,op1,,1,const,,55
p3756,3318.7380000000003,BATCH_PIPELINE,op1,,1,const,,55
p3757,3318.7380000000003,BATCH_PIPELINE,op1,,1,const,,55
p3757,,,op2,op1,20,linear7,,30
p3758,3318.7380000000003,BATCH_PIPELINE,op1,,1,const,,55
p3758,,,op2,op1,5,linear3,,45
p3759,3318.7380000000003,INTERACTIVE,op1,,1,const,,55
p3760,3318.7380000000003,INTERACTIVE,op1,,1,const,,55
p3760,,,op2,op1,5,linear3,,45
p3760,,,op3,op2,2,sqrt,,55
p3761,3325.299,BATCH_PIPELINE,op1,,1,const,,55
p3762,3325.299,BATCH_PIPELINE,op1,,1,const,,55
p3762,,,op2,op1,15,linear3,,37.5
p3762,,,op3,op2,1,const,,55
p3763,3325.299,INTERACTIVE,op1,,1,const,,55
p3763,,,op2,op1,5,linear3,,45
p3764,3325.299,BATCH_PIPELINE,op1,,1,const,,55
p3764,,,op2,op1,40,linear7,,20
p3764,,,op3,op1,20,linear7,,30
p3765,3325.299,BATCH_PIPELINE,op1,,1,const,,55
p3766,3325.299,INTERACTIVE,op1,,1,const,,55
p3766,,,op2,op1,15,linear3,,37.5
p3767,3325.299,BATCH_PIPELINE,op1,,1,const,,55
p3768,3325.299,INTERACTIVE,op1,,1,const,,55
p3768,,,op2,op1,40,linear7,,20
p3769,3325.299,INTERACTIVE,op1,,1,const,,55
p3769,,,op2,op1,1,const,,55
p3770,3325.299,BATCH_PIPELINE,op1,,1,const,,55
p3771,3334.389,QUERY,op1,,15,linear3,,35
p3772,3334.389,BATCH_PIPELINE,op1,,1,const,,55
p3772,,,op2,op1,20,linear7,,30
p3773,3334.389,INTERACTIVE,op1,,1,const,,55
p3773,,,op2,op1,2,sqrt,,55
p3773,,,op3,op2,2,sqrt,,55
p3774,3334.389,INTERACTIVE,op1,,1,const,,55
p3775,3334.389,QUERY,op1,,15,linear3,,35
p3776,3334.389,INTERACTIVE,op1,,1,const,,55
p3776,,,op2,op1,20,linear7,,30
p3777,3334.389,BATCH_PIPELINE,op1,,1,const,,55
p3778,3334.389,BATCH_PIPELINE,op1,,1,const,,55
p3778,,,op2,,40,linear7,,20
p3778,,,op3,op1;op2,2,sqrt,,55
p3779,3334.389,INTERACTIVE,op1,,1,const,,55
p3780,3334.389,QUERY,op1,,15,linear3,,35
p3781,3342.841,QUERY,op1,,15,linear3,,35
p3782,3342.841,INTERACTIVE,op1,,1,const,,55
p3783,3342.841,INTERACTIVE,op1,,1,const,,55
p3784,3342.841,BATCH_PIPELINE,op1,,1,const,,55
p3784,,,op2,op1,5,linear3,,45
p3785,3342.841,QUERY,op1,,15,linear3,,35
p3786,3342.841,BATCH_PIPELINE,op1,,1,const,,55
p3786,,,op2,op1,5,linear3,,45
p3787,3342.841,BATCH_PIPELINE,op1,,1,const,,55
p3788,3342.841,INTERACTIVE,op1,,1,const,,55
p3789,3342.841,QUERY,op1,,15,linear3,,35
p3790,3342.841,BATCH_PIPELINE,op1,,1,const,,55
p3791,3350.512,BATCH_PIPELINE,op1,,1,const,,55
p3792,3350.512,BATCH_PIPELINE,op1,,1,const,,55
p3792,,,op2,op1,5,linear3,,45
p3793,3350.512,INTERACTIVE,op1,,1,const,,55
p3793,,,op2,op1,1,const,,55
p3793,,,op3,op2,5,linear3,,45
p3794,3350.512,QUERY,op1,,15,linear3,,35
p3795,3350.512,BATCH_PIPELINE,op1,,1,const,,55
p3795,,,op2,op1,80,squared,,10
p3796,3350.512,INTERACTIVE,op1,,1,const,,55
p3796,,,op2,op1,20,linear7,,30
p3797,3350.512,INTERACTIVE,op1,,1,const,,55
p3798,3350.512,BATCH_PIPELINE,op1,,1,const,,55
p3798,,,op2,op1,5,linear3,,45
p3799,3350.512,INTERACTIVE,op1,,1,const,,55
p3799,,,op2,op1,15,linear3,,37.5
p3800,3350.512,BATCH_PIPELINE,op1,,1,const,,55
p3801,3357.5570000000002,INTERACTIVE,op1,,1,const,,55
p3801,,,op2,op1,20,linear7,,30
p3801,,,op3,op1,80,squared,,10
p3802,3357.5570000000002,BATCH_PIPELINE,op1,,1,const,,55
p3803,3357.5570000000002,INTERACTIVE,op1,,1,const,,55
p3803,,,op2,op1,1,const,,55
p3804,3357.5570000000002,BATCH_PIPELINE,op1,,1,const,,55
p3804,,,op2,op1,15,linear3,,37.5
p3805,3357.5570000000002,INTERACTIVE,op1,,1,const,,55
p3806,3357.5570000000002,BATCH_PIPELINE,op1,,1,const,,55
p3806,,,op2,op1,15,linear3,,37.5
p3807,3357.5570000000002,INTERACTIVE,op1,,1,const,,55
p3808,3357.5570000000002,BATCH_PIPELINE,op1,,1,const,,55
p3808,,,op2,op1,1,const,,55
p3809,3357.5570000000002,BATCH_PIPELINE,op1,,1,const,,55
p3809,,,op2,op1,40,linear7,,20
p3810,3357.5570000000002,INTERACTIVE,op1,,1,const,,55
p3811,3364.079,BATCH_PIPELINE,op1,,1,const,,55
p3812,3364.079,BATCH_PIPELINE,op1,,1,const,,55
p3812,,,op2,op1,15,linear3,,37.5
p3812,,,op3,op2,20,linear7,,30
p3813,3364.079,BATCH_PIPELINE,op1,,1,const,,55
p3813,,,op2,op1,15,linear3,,37.5
p3813,,,op3,op2,40,linear7,,20
p3814,3364.079,INTERACTIVE,op1,,1,const,,55
p3814,,,op2,op1,20,linear7,,30
p3815,3364.079,INTERACTIVE,op1,,1,const,,55
p3816,3364.079,INTERACTIVE,op1,,1,const,,55
p3817,3364.079,INTERACTIVE,op1,,1,const,,55
p3817,,,op2,op1,2,sqrt,,55
p3818,3364.079,BATCH_PIPELINE,op1,,1,const,,55
p3819,3364.079,BATCH_PIPELINE,op1,,1,const,,55
p3820,3364.079,BATCH_PIPELINE,op1,,1,const,,55
p3821,3376.067,INTERACTIVE,op1,,1,const,,55
p3822,3376.067,BATCH_PIPELINE,op1,,1,const,,55
p3823,3376.067,INTERACTIVE,op1,,1,const,,55
p3823,,,op2,,15,linear3,,37.5
p3823,,,op3,op1;op2,5,linear3,,45
p3824,3376.067,BATCH_PIPELINE,op1,,1,const,,55
p3825,3376.067,BATCH_PIPELINE,op1,,1,const,,55
p3826,3376.067,BATCH_PIPELINE,op1,,1,const,,55
p3827,3376.067,INTERACTIVE,op1,,1,const,,55
p3827,,,op2,,80,squared,,10
p3827,,,op3,op1;op2,1,const,,55
p3828,3376.067,BATCH_PIPELINE,op1,,1,const,,55
p3828,,,op2,op1,20,linear7,,30
p3829,3376.067,BATCH_PIPELINE,op1,,1,const,,55
p3829,,,op2,op1,40,linear7,,20
p3829,,,op3,op2,5,linear3,,45
p3830,3376.067,INTERACTIVE,op1,,1,const,,55
p3831,3388.379,INTERACTIVE,op1,,1,const,,55
p3832,3388.379,BATCH_PIPELINE,op1,,1,const,,55
p3833,3388.379,INTERACTIVE,op1,,1,const,,55
p3834,3388.379,BATCH_PIPELINE,op1,,1,const,,55
p3834,,,op2,op1,20,linear7,,30
p3835,3388.379,INTERACTIVE,op1,,1,const,,55
p3835,,,op2,op1,80,squared,,10
p3836,3388.379,BATCH_PIPELINE,op1,,1,const,,55
p3837,3388.379,BATCH_PIPELINE,op1,,1,const,,55
p3837,,,op2,op1,40,linear7,,20
p3838,3388.379,BATCH_PIPELINE,op1,,1,const,,55
p3839,3388.379,BATCH_PIPELINE,op1,,1,const,,55
p3839,,,op2,op1,2,sqrt,,55
p3840,3388.379,BATCH_PIPELINE,op1,,1,const,,55
p3840,,,op2,op1,20,linear7,,30
p3841,3395.375,BATCH_PIPELINE,op1,,1,const,,55
p3841,,,op2,op1,5,linear3,,45
p3842,3395.375,BATCH_PIPELINE,op1,,1,const,,55
p3842,,,op2,op1,1,const,,55
p3843,3395.375,BATCH_PIPELINE,op1,,1,const,,55
p3843,,,op2,op1,15,linear3,,37.5
p3844,3395.375,QUERY,op1,,15,linear3,,35
p3845,3395.375,BATCH_PIPELINE,op1,,1,const,,55
p3845,,,op2,op1,5,linear3,,45
p3846,3395.375,BATCH_PIPELINE,op1,,1,const,,55
p3846,,,op2,,5,linear3,,45
p3846,,,op3,op1;op2,1,const,,55
p3847,3395.375,BATCH_PIPELINE,op1,,1,const,,55
p3847,,,op2,op1,1,const,,55
p3848,3395.375,INTERACTIVE,op1,,1,const,,55
p3848,,,op2,op1,20,linear7,,30
p3849,3395.375,INTERACTIVE,op1,,1,const,,55
p3849,,,op2,op1,40,linear7,,20
p3850,3395.375,BATCH_PIPELINE,op1,,1,const,,55
p3851,3404.351,QUERY,op1,,15,linear3,,35
p3852,3404.351,BATCH_PIPELINE,op1,,1,const,,55
p3853,3404.351,BATCH_PIPELINE,op1,,1,const,,55
p3853,,,op2,op1,80,squared,,10
p3854,3404.351,QUERY,op1,,15,linear3,,35
p3855,3404.351,BATCH_PIPELINE,op1,,1,const,,55
p3855,,,op2,op1,15,linear3,,37.5
p3856,3404.351,BATCH_PIPELINE,op1,,1,const,,55
p3857,3404.351,BATCH_PIPELINE,op1,,1,const,,55
p3857,,,op2,op1,1,const,,55
p3858,3404.351,QUERY,op1,,15,linear3,,35
p3859,3404.351,INTERACTIVE,op1,,1,const,,55
p3860,3404.351,INTERACTIVE,op1,,1,const,,55
p3861,3412.65,INTERACTIVE,op1,,1,const,,55
p3861,,,op2,op1,15,linear3,,37.5
p3862,3412.65,QUERY,op1,,15,linear3,,35
p3863,3412.65,BATCH_PIPELINE,op1,,1,const,,55
p3864,3412.65,INTERACTIVE,op1,,1,const,,55
p3864,,,op2,op1,40,linear7,,20
p3865,3412.65,BATCH_PIPELINE,op1,,1,const,,55
p3865,,,op2,op1,1,const,,55
p3865,,,op3,op2,1,const,,55
p3866,3412.65,BATCH_PIPELINE,op1,,1,const,,55
p3867,3412.65,BATCH_PIPELINE,op1,,1,const,,55
p3867,,,op2,op1,1,const,,55
p3868,3412.65,BATCH_PIPELINE,op1,,1,const,,55
p3868,,,op2,op1,2,sqrt,,55
p3868,,,op3,op1,1,const,,55
p3869,3412.65,INTERACTIVE,op1,,1,const,,55
p3870,3412.65,BATCH_PIPELINE,op1,,1,const,,55
p3871,3421.1130000000003,INTERACTIVE,op1,,1,const,,55
p3871,,,op2,op1,80,squared,,10
p3872,3421.1130000000003,INTERACTIVE,op1,,1,const,,55
p3872,,,op2,op1,2,sqrt,,55
p3873,3421.1130000000003,INTERACTIVE,op1,,1,const,,55
p3873,,,op2,op1,80,squared,,10
p3874,3421.1130000000003,INTERACTIVE,op1,,1,const,,55
p3875,3421.1130000000003,INTERACTIVE,op1,,1,const,,55
p3875,,,op2,op1,1,const,,55
p3876,3421.1130000000003,QUERY,op1,,15,linear3,,35
p3877,3421.1130000000003,BATCH_PIPELINE,op1,,1,const,,55
p3878,3421.1130000000003,BATCH_PIPELINE,op1,,1,const,,55
p3879,3421.1130000000003,QUERY,op1,,15,linear3,,35
p3880,3421.1130000000003,BATCH_PIPELINE,op1,,1,const,,55
p3880,,,op2,op1,80,squared,,10
p3881,3432.227,BATCH_PIPELINE,op1,,1,const,,55
p3882,3432.227,INTERACTIVE,op1,,1,const,,55
p3883,3432.227,BATCH_PIPELINE,op1,,1,const,,55
p3884,3432.227,INTERACTIVE,op1,,1,const,,55
p3885,3432.227,BATCH_PIPELINE,op1,,1,const,,55
p3886,3432.227,BATCH_PIPELINE,op1,,1,const,,55
p3887,3432.227,BATCH_PIPELINE,op1,,1,const,,55
p3888,3432.227,BATCH_PIPELINE,op1,,1,const,,55
p3888,,,op2,op1,5,linear3,,45
p3889,3432.227,INTERACTIVE,op1,,1,const,,55
p3890,3432.227,BATCH_PIPELINE,op1,,1,const,,55
p3891,3446.696,BATCH_PIPELINE,op1,,1,const,,55
p3892,3446.696,BATCH_PIPELINE,op1,,1,const,,55
p3892,,,op2,op1,40,linear7,,20
p3893,3446.696,BATCH_PIPELINE,op1,,1,const,,55
p3894,3446.696,INTERACTIVE,op1,,1,const,,55
p3895,3446.696,BATCH_PIPELINE,op1,,1,const,,55
p3895,,,op2,op1,1,const,,55
p3896,3446.696,BATCH_PIPELINE,op1,,1,const,,55
p3896,,,op2,op1,20,linear7,,30
p3897,3446.696,BATCH_PIPELINE,op1,,1,const,,55
p3897,,,op2,op1,40,linear7,,20
p3898,3446.696,INTERACTIVE,op1,,1,const,,55
p3898,,,op2,op1,20,linear7,,30
p3899,3446.696,BATCH_PIPELINE,op1,,1,const,,55
p3899,,,op2,op1,2,sqrt,,55
p3900,3446.696,BATCH_PIPELINE,op1,,1,const,,55
p3901,3455.273,BATCH_PIPELINE,op1,,1,const,,55
p3901,,,op2,op1,2,sqrt,,55
p3902,3455.273,BATCH_PIPELINE,op1,,1,const,,55
p3902,,,op2,op1,15,linear3,,37.5
p3902,,,op3,op2,15,linear3,,37.5
p3903,3455.273,BATCH_PIPELINE,op1,,1,const,,55
p3904,3455.273,BATCH_PIPELINE,op1,,1,const,,55
p3905,3455.273,QUERY,op1,,15,linear3,,35
p3906,3455.273,INTERACTIVE,op1,,1,const,,55
p3906,,,op2,op1,2,sqrt,,55
p3907,3455.273,BATCH_PIPELINE,op1,,1,const,,55
p3908,3455.273,BATCH_PIPELINE,op1,,1,const,,55
p3909,3455.273,INTERACTIVE,op1,,1,const,,55
p3910,3455.273,QUERY,op1,,15,linear3,,35
p3911,3462.246,BATCH_PIPELINE,op1,,1,const,,55
p3911,,,op2,op1,15,linear3,,37.5
p3912,3462.246,BATCH_PIPELINE,op1,,1,const,,55
p3912,,,op2,op1,5,linear3,,45
p3913,3462.246,BATCH_PIPELINE,op1,,1,const,,55
p3913,,,op2,op1,20,linear7,,30
p3914,3462.246,QUERY,op1,,15,linear3,,35
p3915,3462.246,BATCH_PIPELINE,op1,,1,const,,55
p3915,,,op2,op1,15,linear3,,37.5
p3915,,,op3,op2,5,linear3,,45
p3916,3462.246,INTERACTIVE,op1,,1,const,,55
p3917,3462.246,BATCH_PIPELINE,op1,,1,const,,55
p3917,,,op2,op1,5,linear3,,45
p3918,3462.246,INTERACTIVE,op1,,1,const,,55
p3918,,,op2,op1,2,sqrt,,55
p3919,3462.246,BATCH_PIPELINE,op1,,1,const,,55
p3919,,,op2,op1,20,linear7,,30
p3920,3462.246,INTERACTIVE,op1,,1,const,,55
p3921,3471.192,INTERACTIVE,op1,,1,const,,55
p3922,3471.192,INTERACTIVE,op1,,1,const,,55
p3922,,,op2,op1,5,linear3,,45
p3922,,,op3,op2,20,linear7,,30
p3923,3471.192,INTERACTIVE,op1,,1,const,,55
p3924,3471.192,BATCH_PIPELINE,op1,,1,const,,55
p3924,,,op2,op1,2,sqrt,,55
p3924,,,op3,op2,5,linear3,,45
p3925,3471.192,INTERACTIVE,op1,,1,const,,55
p3926,3471.192,INTERACTIVE,op1,,1,const,,55
p3926,,,op2,op1,20,linear7,,30
p3927,3471.192,BATCH_PIPELINE,op1,,1,const,,55
p3928,3471.192,INTERACTIVE,op1,,1,const,,55
p3929,3471.192,BATCH_PIPELINE,op1,,1,const,,55
p3929,,,op2,op1,2,sqrt,,55
p3929,,,op3,op2,80,squared,,10
p3930,3471.192,INTERACTIVE,op1,,1,const,,55
p3930,,,op2,op1,1,const,,55
p3931,3479.659,BATCH_PIPELINE,op1,,1,const,,55
p3931,,,op2,op1,15,linear3,,37.5
p3932,3479.659,BATCH_PIPELINE,op1,,1,const,,55
p3932,,,op2,op1,15,linear3,,37.5
p3932,,,op3,op2,15,linear3,,37.5
p3933,3479.659,INTERACTIVE,op1,,1,const,,55
p3933,,,op2,op1,1,const,,55
p3934,3479.659,BATCH_PIPELINE,op1,,1,const,,55
p3935,3479.659,QUERY,op1,,15,linear3,,35
p3936,3479.659,BATCH_PIPELINE,op1,,1,const,,55
p3937,3479.659,BATCH_PIPELINE,op1,,1,const,,55
p3937,,,op2,op1,15,linear3,,37.5
p3937,,,op3,op2,1,const,,55
p3938,3479.659,INTERACTIVE,op1,,1,const,,55
p3939,3479.659,INTERACTIVE,op1,,1,const,,55
p3940,3479.659,BATCH_PIPELINE,op1,,1,const,,55
p3941,3488.062,BATCH_PIPELINE,op1,,1,const,,55
p3942,3488.062,BATCH_PIPELINE,op1,,1,const,,55
p3942,,,op2,,40,linear7,,20
p3942,,,op3,op1;op2,20,linear7,,30
p3943,3488.062,BATCH_PIPELINE,op1,,1,const,,55
p3944,3488.062,BATCH_PIPELINE,op1,,1,const,,55
p3944,,,op2,op1,15,linear3,,37.5
p3945,3488.062,BATCH_PIPELINE,op1,,1,const,,55
p3946,3488.062,INTERACTIVE,op1,,1,const,,55
p3947,3488.062,BATCH_PIPELINE,op1,,1,const,,55
p3948,3488.062,BATCH_PIPELINE,op1,,1,const,,55
p3949,3488.062,BATCH_PIPELINE,op1,,1,const,,55
p3949,,,op2,op1,15,linear3,,37.5
p3950,3488.062,INTERACTIVE,op1,,1,const,,55
p3951,3497.706,BATCH_PIPELINE,op1,,1,const,,55
p3951,,,op2,op1,2,sqrt,,55
p3951,,,op3,op1,5,linear3,,45
p3952,3497.706,BATCH_PIPELINE,op1,,1,const,,55
p3952,,,op2,op1,2,sqrt,,55
p3953,3497.706,BATCH_PIPELINE,op1,,1,const,,55
p3954,3497.706,QUERY,op1,,15,linear3,,35
p3955,3497.706,BATCH_PIPELINE,op1,,1,const,,55
p3956,3497.706,INTERACTIVE,op1,,1,const,,55
p3956,,,op2,op1,20,linear7,,30
p3956,,,op3,op1,80,squared,,10
p3957,3497.706,INTERACTIVE,op1,,1,const,,55
p3958,3497.706,BATCH_PIPELINE,op1,,1,const,,55
p3959,3497.706,BATCH_PIPELINE,op1,,1,const,,55
p3960,3497.706,QUERY,op1,,15,linear3,,35
p3961,3509.215,INTERACTIVE,op1,,1,const,,55
p3961,,,op2,op1,20,linear7,,30
p3962,3509.215,BATCH_PIPELINE,op1,,1,const,,55
p3963,3509.215,BATCH_PIPELINE,op1,,1,const,,55
p3963,,,op2,op1,2,sqrt,,55
p3963,,,op3,op2,15,linear3,,37.5
p3964,3509.215,BATCH_PIPELINE,op1,,1,const,,55
p3964,,,op2,op1,2,sqrt,,55
p3964,,,op3,op1,15,linear3,,37.5
p3965,3509.215,BATCH_PIPELINE,op1,,1,const,,55
p3965,,,op2,,1,const,,55
p3965,,,op3,op1;op2,20,linear7,,30
p3966,3509.215,BATCH_PIPELINE,op1,,1,const,,55
p3966,,,op2,op1,40,linear7,,20
p3967,3509.215,BATCH_PIPELINE,op1,,1,const,,55
p3968,3509.215,BATCH_PIPELINE,op1,,1,const,,55
p3969,3509.215,INTERACTIVE,op1,,1,const,,55
p3970,3509.215,BATCH_PIPELINE,op1,,1,const,,55
p3971,3518.8630000000003,INTERACTIVE,op1,,1,const,,55
p3972,3518.8630000000003,BATCH_PIPELINE,op1,,1,const,,55
p3973,3518.8630000000003,BATCH_PIPELINE,op1,,1,const,,55
p3974,3518.8630000000003,BATCH_PIPELINE,op1,,1,const,,55
p3974,,,op2,op1,2,sqrt,,55
p3974,,,op3,op1,15,linear3,,37.5
p3975,3518.8630000000003,BATCH_PIPELINE,op1,,1,const,,55
p3976,3518.8630000000003,QUERY,op1,,15,linear3,,35
p3977,3518.8630000000003,INTERACTIVE,op1,,1,const,,55
p3977,,,op2,op1,5,linear3,,45
p3978,3518.8630000000003,INTERACTIVE,op1,,1,const,,55
p3978,,,op2,op1,15,linear3,,37.5
p3978,,,op3,op2,2,sqrt,,55
p3979,3518.8630000000003,INTERACTIVE,op1,,1,const,,55
p3979,,,op2,op1,15,linear3,,37.5
p3980,3518.8630000000003,INTERACTIVE,op1,,1,const,,55
p3981,3530.6800000000003,BATCH_PIPELINE,op1,,1,const,,55
p3981,,,op2,op1,2,sqrt,,55
p3982,3530.6800000000003,BATCH_PIPELINE,op1,,1,const,,55
p3982,,,op2,op1,20,linear7,,30
p3982,,,op3,op2,15,linear3,,37.5
p3983,3530.6800000000003,INTERACTIVE,op1,,1,const,,55
p3983,,,op2,op1,80,squared,,10
p3983,,,op3,op2,20,linear7,,30
p3984,3530.6800000000003,INTERACTIVE,op1,,1,const,,55
p3984,,,op2,op1,15,linear3,,37.5
p3984,,,op3,op2,80,squared,,10
p3985,3530.6800000000003,BATCH_PIPELINE,op1,,1,const,,55
p3985,,,op2,op1,20,linear7,,30
p3985,,,op3,op2,5,linear3,,45
p3986,3530.6800000000003,BATCH_PIPELINE,op1,,1,const,,55
p3986,,,op2,op1,20,linear7,,30
p3987,3530.6800000000003,INTERACTIVE,op1,,1,const,,55
p3987,,,op2,op1,80,squared,,10
p3988,3530.6800000000003,INTERACTIVE,op1,,1,const,,55
p3988,,,op2,op1,40,linear7,,20
p3989,3530.6800000000003,INTERACTIVE,op1,,1,const,,55
p3990,3530.6800000000003,INTERACTIVE,op1,,1,const,,55
p3990,,,op2,op1,5,linear3,,45
p3990,,,op3,op1,80,squared,,10
p3991,3534.951,BATCH_PIPELINE,op1,,1,const,,55
p3992,3534.951,QUERY,op1,,15,linear3,,35
p3993,3534.951,BATCH_PIPELINE,op1,,1,const,,55
p3994,3534.951,INTERACTIVE,op1,,1,const,,55
p3995,3534.951,BATCH_PIPELINE,op1,,1,const,,55
p3995,,,op2,op1,1,const,,55
p3996,3534.951,BATCH_PIPELINE,op1,,1,const,,55
p3996,,,op2,op1,20,linear7,,30
p3997,3534.951,BATCH_PIPELINE,op1,,1,const,,55
p3997,,,op2,op1,80,squared,,10
p3998,3534.951,BATCH_PIPELINE,op1,,1,const,,55
p3999,3534.951,BATCH_PIPELINE,op1,,1,const,,55
p4000,3534.951,BATCH_PIPELINE,op1,,1,const,,55
p4001,3543.501,INTERACTIVE,op1,,1,const,,55
p4002,3543.501,BATCH_PIPELINE,op1,,1,const,,55
p4003,3543.501,BATCH_PIPELINE,op1,,1,const,,55
p4004,3543.501,BATCH_PIPELINE,op1,,1,const,,55
p4005,3543.501,BATCH_PIPELINE,op1,,1,const,,55
p4006,3543.501,BATCH_PIPELINE,op1,,1,const,,55
p4006,,,op2,,2,sqrt,,55
p4006,,,op3,op1;op2,40,linear7,,20
p4007,3543.501,BATCH_PIPELINE,op1,,1,const,,55
p4008,3543.501,BATCH_PIPELINE,op1,,1,const,,55
p4008,,,op2,op1,80,squared,,10
p4008,,,op3,op2,5,linear3,,45
p4009,3543.501,INTERACTIVE,op1,,1,const,,55
p4010,3543.501,BATCH_PIPELINE,op1,,1,const,,55
p4010,,,op2,op1,1,const,,55
p4010,,,op3,op2,1,const,,55
p4011,3550.223,INTERACTIVE,op1,,1,const,,55
p4011,,,op2,op1,5,linear3,,45
p4012,3550.223,BATCH_PIPELINE,op1,,1,const,,55
p4013,3550.223,BATCH_PIPELINE,op1,,1,const,,55
p4014,3550.223,BATCH_PIPELINE,op1,,1,const,,55
p4014,,,op2,op1,20,linear7,,30
p4015,3550.223,BATCH_PIPELINE,op1,,1,const,,55
p4015,,,op2,op1,5,linear3,,45
p4016,3550.223,INTERACTIVE,op1,,1,const,,55
p4016,,,op2,op1,40,linear7,,20
p4017,3550.223,INTERACTIVE,op1,,1,const,,55
p4017,,,op2,op1,5,linear3,,45
p4018,3550.223,INTERACTIVE,op1,,1,const,,55
p4019,3550.223,BATCH_PIPELINE,op1,,1,const,,55
p4020,3550.223,QUERY,op1,,15,linear3,,35
p4021,3560.643,INTERACTIVE,op1,,1,const,,55
p4021,,,op2,op1,5,linear3,,45
p4021,,,op3,op1,1,const,,55
p4022,3560.643,QUERY,op1,,15,linear3,,35
p4023,3560.643,INTERACTIVE,op1,,1,const,,55
p4023,,,op2,op1,40,linear7,,20
p4024,3560.643,INTERACTIVE,op1,,1,const,,55
p4025,3560.643,INTERACTIVE,op1,,1,const,,55
p4026,3560.643,BATCH_PIPELINE,op1,,1,const,,55
p4027,3560.643,QUERY,op1,,15,linear3,,35
p4028,3560.643,QUERY,op1,,15,linear3,,35
p4029,3560.643,BATCH_PIPELINE,op1,,1,const,,55
p4029,,,op2,op1,1,const,,55
p4029,,,op3,op2,1,const,,55
p4030,3560.643,BATCH_PIPELINE,op1,,1,const,,55
p4031,3573.9300000000003,QUERY,op1,,15,linear3,,35
p4032,3573.9300000000003,BATCH_PIPELINE,op1,,1,const,,55
p4032,,,op2,op1,80,squared,,10
p4033,3573.9300000000003,BATCH_PIPELINE,op1,,1,const,,55
p4034,3573.9300000000003,BATCH_PIPELINE,op1,,1,const,,55
p4034,,,op2,op1,2,sqrt,,55
p4035,3573.9300000000003,BATCH_PIPELINE,op1,,1,const,,55
p4035,,,op2,op1,15,linear3,,37.5
p4036,3573.9300000000003,BATCH_PIPELINE,op1,,1,const,,55
p4036,,,op2,op1,5,linear3,,45
p4037,3573.9300000000003,BATCH_PIPELINE,op1,,1,const,,55
p4037,,,op2,op1,40,linear7,,20
p4038,3573.9300000000003,INTERACTIVE,op1,,1,const,,55
p4039,3573.9300000000003,BATCH_PIPELINE,op1,,1,const,,55
p4039,,,op2,,5,linear3,,45
p4039,,,op3,op1;op2,15,linear3,,37.5
p4040,3573.9300000000003,BATCH_PIPELINE,op1,,1,const,,55
p4041,3580.007,BATCH_PIPELINE,op1,,1,const,,55
p4042,3580.007,BATCH_PIPELINE,op1,,1,const,,55
p4043,3580.007,INTERACTIVE,op1,,1,const,,55
p4043,,,op2,op1,20,linear7,,30
p4043,,,op3,op2,5,linear3,,45
p4044,3580.007,BATCH_PIPELINE,op1,,1,const,,55
p4044,,,op2,op1,2,sqrt,,55
p4045,3580.007,BATCH_PIPELINE,op1,,1,const,,55
p4046,3580.007,BATCH_PIPELINE,op1,,1,const,,55
p4046,,,op2,op1,20,linear7,,30
p4046,,,op3,op2,5,linear3,,45
p4047,3580.007,BATCH_PIPELINE,op1,,1,const,,55
p4048,3580.007,BATCH_PIPELINE,op1,,1,const,,55
p4049,3580.007,BATCH_PIPELINE,op1,,1,const,,55
p4050,3580.007,BATCH_PIPELINE,op1,,1,const,,55
p4050,,,op2,op1,5,linear3,,45
p4051,3585.021,INTERACTIVE,op1,,1,const,,55
p4051,,,op2,op1,1,const,,55
p4051,,,op3,op2,80,squared,,10
p4052,3585.021,QUERY,op1,,15,linear3,,35
p4053,3585.021,QUERY,op1,,15,linear3,,35
p4054,3585.021,QUERY,op1,,15,linear3,,35
p4055,3585.021,INTERACTIVE,op1,,1,const,,55
p4056,3585.021,INTERACTIVE,op1,,1,const,,55
p4057,3585.021,INTERACTIVE,op1,,1,const,,55
p4057,,,op2,op1,20,linear7,,30
p4058,3585.021,INTERACTIVE,op1,,1,const,,55
p4058,,,op2,op1,40,linear7,,20
p4059,3585.021,BATCH_PIPELINE,op1,,1,const,,55
p4059,,,op2,op1,15,linear3,,37.5
p4060,3585.021,QUERY,op1,,15,linear3,,35
p4061,3595.743,BATCH_PIPELINE,op1,,1,const,,55
p4062,3595.743,INTERACTIVE,op1,,1,const,,55
p4063,3595.743,INTERACTIVE,op1,,1,const,,55
p4063,,,op2,op1,15,linear3,,37.5
p4064,3595.743,BATCH_PIPELINE,op1,,1,const,,55
p4064,,,op2,op1,20,linear7,,30
p4065,3595.743,BATCH_PIPELINE,op1,,1,const,,55
p4066,3595.743,BATCH_PIPELINE,op1,,1,const,,55
p4066,,,op2,op1,1,const,,55
p4066,,,op3,op2,15,linear3,,37.5
p4067,3595.743,BATCH_PIPELINE,op1,,1,const,,55
p4068,3595.743,BATCH_PIPELINE,op1,,1,const,,55
p4068,,,op2,op1,1,const,,55
p4069,3595.743,QUERY,op1,,15,linear3,,35
p4070,3595.743,BATCH_PIPELINE,op1,,1,const,,55
