pipeline_id,arrival_seconds,priority,operator_id,parents,baseline_cpu_seconds,cpu_scaling,memory_gb,storage_read_gb
p1,0.0,BATCH_PIPELINE,op1,,1,const,,55
p1,,,op2,op1,20,linear7,,30
p1,,,op3,op1,1,const,,55
p1,,,op4,op1,1,const,,55
p1,,,op5,op1,15,linear3,,37.5
p2,0.0,BATCH_PIPELINE,op1,,1,const,,55
p2,,,op2,op1,20,linear7,,30
p2,,,op3,op2,20,linear7,,30
p2,,,op4,op3,15,linear3,,37.5
p2,,,op5,op4,40,linear7,,20
p2,,,op6,op5,15,linear3,,37.5
p2,,,op7,op6,2,sqrt,,55
p3,0.0,BATCH_PIPELINE,op1,,1,const,,55
p3,,,op2,,5,linear3,,45
p3,,,op3,,5,linear3,,45
p3,,,op4,,2,sqrt,,55
p3,,,op5,,40,linear7,,20
p3,,,op6,op1;op2;op3;op4;op5,5,linear3,,45
p4,0.0,BATCH_PIPELINE,op1,,1,const,,55
p4,,,op2,op1,15,linear3,,37.5
p4,,,op3,op2,15,linear3,,37.5
p4,,,op4,op3,15,linear3,,37.5
p4,,,op5,op4,80,squared,,10
p4,,,op6,op5,5,linear3,,45
p4,,,op7,op6,2,sqrt,,55
p5,0.0,INTERACTIVE,op1,,1,const,,55
p5,,,op2,op1,5,linear3,,45
p5,,,op3,op2,2,sqrt,,55
p5,,,op4,op3,2,sqrt,,55
p5,,,op5,op4,20,linear7,,30
p5,,,op6,op5,20,linear7,,30
p5,,,op7,op6,20,linear7,,30
p5,,,op8,op7,2,sqrt,,55
p5,,,op9,op8,15,linear3,,37.5
p6,0.0,INTERACTIVE,op1,,1,const,,55
p6,,,op2,op1,15,linear3,,37.5
p6,,,op3,op2,20,linear7,,30
p6,,,op4,op3,15,linear3,,37.5
p6,,,op5,op4,15,linear3,,37.5
p6,,,op6,op5,20,linear7,,30
p6,,,op7,op6,1,const,,55
p6,,,op8,op7,5,linear3,,45
p7,0.0,BATCH_PIPELINE,op1,,1,const,,55
p7,,,op2,op1,40,linear7,,20
p7,,,op3,op2,2,sqrt,,55
p7,,,op4,op3,20,linear7,,30
p7,,,op5,op4,1,const,,55
p7,,,op6,op5,5,linear3,,45
p8,0.0,BATCH_PIPELINE,op1,,1,const,,55
p8,,,op2,op1,20,linear7,,30
p8,,,op3,op2,5,linear3,,45
p8,,,op4,op3,5,linear3,,45
p8,,,op5,op4,20,linear7,,30
p8,,,op6,op5,5,linear3,,45
p8,,,op7,op6,1,const,,55
p8,,,op8,op7,1,const,,55
p8,,,op9,op8,2,sqrt,,55
p9,0.0,INTERACTIVE,op1,,1,const,,55
p9,,,op2,op1,5,linear3,,45
p9,,,op3,op2,15,linear3,,37.5
p9,,,op4,op3,20,linear7,,30
p9,,,op5,op4,5,linear3,,45
p9,,,op6,op5,15,linear3,,37.5
p9,,,op7,op6,2,sqrt,,55
p9,,,op8,op7,5,linear3,,45
p10,0.0,QUERY,op1,,15,linear3,,35
p11,6.3100000000000005,BATCH_PIPELINE,op1,,1,const,,55
p11,,,op2,op1,15,linear3,,37.5
p11,,,op3,op2,15,linear3,,37.5
p11,,,op4,op3,20,linear7,,30
p11,,,op5,op4,5,linear3,,45
p11,,,op6,op5,5,linear3,,45
p11,,,op7,op6,5,linear3,,45
p12,6.3100000000000005,INTERACTIVE,op1,,1,const,,55
p12,,,op2,op1,2,sqrt,,55
p12,,,op3,op2,15,linear3,,37.5
p12,,,op4,op3,2,sqrt,,55
p12,,,op5,op4,5,linear3,,45
p13,6.3100000000000005,BATCH_PIPELINE,op1,,1,const,,55
p13,,,op2,,2,sqrt,,55
p13,,,op3,,5,linear3,,45
p13,,,op4,,2,sqrt,,55
p13,,,op5,,5,linear3,,45
p13,,,op6,,20,linear7,,30
p13,,,op7,op1;op2;op3;op4;op5;op6,1,const,,55
p14,6.3100000000000005,INTERACTIVE,op1,,1,const,,55
p14,,,op2,op1,1,const,,55
p14,,,op3,op2,15,linear3,,37.5
p14,,,op4,op3,2,sqrt,,55
p14,,,op5,op4,15,linear3,,37.5
p14,,,op6,op5,15,linear3,,37.5
p14,,,op7,op6,80,squared,,10
p14,,,op8,op7,5,linear3,,45
p15,6.3100000000000005,QUERY,op1,,15,linear3,,35
p16,6.3100000000000005,BATCH_PIPELINE,op1,,1,const,,55
p16,,,op2,op1,20,linear7,,30
p16,,,op3,op2,15,linear3,,37.5
p16,,,op4,op3,40,linear7,,20
p16,,,op5,op4,1,const,,55
p16,,,op6,op5,2,sqrt,,55
p16,,,op7,op6,2,sqrt,,55
p16,,,op8,op7,5,linear3,,45
p17,6.3100000000000005,INTERACTIVE,op1,,1,const,,55
p17,,,op2,op1,1,const,,55
p17,,,op3,op2,1,const,,55
p17,,,op4,op3,15,linear3,,37.5
p17,,,op5,op4,20,linear7,,30
p17,,,op6,op5,80,squared,,10
p17,,,op7,op6,80,squared,,10
p17,,,op8,op7,15,linear3,,37.5
p17,,,op9,op8,2,sqrt,,55
p18,6.3100000000000005,BATCH_PIPELINE,op1,,1,const,,55
p18,,,op2,op1,5,linear3,,45
p18,,,op3,op2,2,sqrt,,55
p18,,,op4,op3,5,linear3,,45
p18,,,op5,op4,40,linear7,,20
p18,,,op6,op5,15,linear3,,37.5
p18,,,op7,op6,5,linear3,,45
p18,,,op8,op7,1,const,,55
p19,6.3100000000000005,INTERACTIVE,op1,,1,const,,55
p19,,,op2,op1,15,linear3,,37.5
p19,,,op3,op2,80,squared,,10
p19,,,op4,op3,15,linear3,,37.5
p19,,,op5,op4,20,linear7,,30
p19,,,op6,op5,5,linear3,,45
p19,,,op7,op6,1,const,,55
p20,6.3100000000000005,QUERY,op1,,15,linear3,,35
p21,13.679,INTERACTIVE,op1,,1,const,,55
p21,,,op2,,2,sqrt,,55
p21,,,op3,,20,linear7,,30
p21,,,op4,,15,linear3,,37.5
p21,,,op5,,5,linear3,,45
p21,,,op6,op1;op2;op3;op4;op5,5,linear3,,45
p22,13.679,BATCH_PIPELINE,op1,,1,const,,55
p22,,,op2,op1,1,const,,55
p22,,,op3,op2,1,const,,55
p22,,,op4,op3,15,linear3,,37.5
p22,,,op5,op4,80,squared,,10
p22,,,op6,op5,15,linear3,,37.5
p22,,,op7,op6,5,linear3,,45
p22,,,op8,op7,15,linear3,,37.5
p23,13.679,INTERACTIVE,op1,,1,const,,55
p23,,,op2,op1,40,linear7,,20
p23,,,op3,op2,15,linear3,,37.5
p23,,,op4,op3,80,squared,,10
p23,,,op5,op4,15,linear3,,37.5
p23,,,op6,op5,1,const,,55
p23,,,op7,op6,1,const,,55
p23,,,op8,op7,80,squared,,10
p24,13.679,BATCH_PIPELINE,op1,,1,const,,55
p24,,,op2,op1,40,linear7,,20
p24,,,op3,op2,1,const,,55
p24,,,op4,op3,2,sqrt,,55
p24,,,op5,op4,20,linear7,,30
p24,,,op6,op5,5,linear3,,45
p24,,,op7,op6,5,linear3,,45
p25,13.679,INTERACTIVE,op1,,1,const,,55
p25,,,op2,op1,15,linear3,,37.5
p25,,,op3,op2,20,linear7,,30
p25,,,op4,op3,1,const,,55
p25,,,op5,op4,5,linear3,,45
p25,,,op6,op5,2,sqrt,,55
p25,,,op7,op6,1,const,,55
p25,,,op8,op7,2,sqrt,,55
p26,13.679,BATCH_PIPELINE,op1,,1,const,,55
p26,,,op2,,15,linear3,,37.5
p26,,,op3,,5,linear3,,45
p26,,,op4,,5,linear3,,45
p26,,,op5,,40,linear7,,20
p26,,,op6,,20,linear7,,30
p26,,,op7,,40,linear7,,20
p26,,,op8,,5,linear3,,45
p26,,,op9,op1;op2;op3;op4;op5;op6;op7;op8,2,sqrt,,55
p27,13.679,QUERY,op1,,15,linear3,,35
p28,13.679,BATCH_PIPELINE,op1,,1,const,,55
p28,,,op2,op1,15,linear3,,37.5
p28,,,op3,op2,15,linear3,,37.5
p28,,,op4,op3,80,squared,,10
p28,,,op5,op4,80,squared,,10
p28,,,op6,op5,2,sqrt,,55
p28,,,op7,op6,5,linear3,,45
p28,,,op8,op7,1,const,,55
p29,13.679,BATCH_PIPELINE,op1,,1,const,,55
p29,,,op2,op1,2,sqrt,,55
p29,,,op3,op2,2,sqrt,,55
p29,,,op4,op3,1,const,,55
p29,,,op5,op4,5,linear3,,45
p29,,,op6,op5,1,const,,55
p29,,,op7,op6,2,sqrt,,55
p29,,,op8,op7,2,sqrt,,55
p30,13.679,BATCH_PIPELINE,op1,,1,const,,55
p30,,,op2,op1,80,squared,,10
p30,,,op3,op2,1,const,,55
p30,,,op4,op3,1,const,,55
p31,26.813,INTERACTIVE,op1,,1,const,,55
p31,,,op2,op1,15,linear3,,37.5
p31,,,op3,op2,80,squared,,10
p31,,,op4,op3,2,sqrt,,55
p31,,,op5,op4,5,linear3,,45
p32,26.813,BATCH_PIPELINE,op1,,1,const,,55
p32,,,op2,op1,5,linear3,,45
p32,,,op3,op2,1,const,,55
p32,,,op4,op3,5,linear3,,45
p32,,,op5,op4,5,linear3,,45
p32,,,op6,op5,15,linear3,,37.5
p32,,,op7,op6,2,sqrt,,55
p32,,,op8,op7,15,linear3,,37.5
p33,26.813,BATCH_PIPELINE,op1,,1,const,,55
p33,,,op2,op1,15,linear3,,37.5
p33,,,op3,op2,15,linear3,,37.5
p33,,,op4,op3,2,sqrt,,55
p33,,,op5,op4,15,linear3,,37.5
p33,,,op6,op5,5,linear3,,45
p33,,,op7,op6,80,squared,,10
p33,,,op8,op7,80,squared,,10
p34,26.813,BATCH_PIPELINE,op1,,1,const,,55
p34,,,op2,op1,15,linear3,,37.5
p34,,,op3,op2,1,const,,55
p34,,,op4,op3,40,linear7,,20
p34,,,op5,op4,15,linear3,,37.5
p34,,,op6,op5,15,linear3,,37.5
p35,26.813,QUERY,op1,,15,linear3,,35
p36,26.813,BATCH_PIPELINE,op1,,1,const,,55
p36,,,op2,op1,5,linear3,,45
p36,,,op3,op1,15,linear3,,37.5
p36,,,op4,op1,15,linear3,,37.5
p36,,,op5,op1,5,linear3,,45
p36,,,op6,op1,5,linear3,,45
p36,,,op7,op1,5,linear3,,45
p36,,,op8,op1,15,linear3,,37.5
p37,26.813,BATCH_PIPELINE,op1,,1,const,,55
p37,,,op2,op1,15,linear3,,37.5
p38,26.813,INTERACTIVE,op1,,1,const,,55
p38,,,op2,op1,15,linear3,,37.5
p38,,,op3,op2,80,squared,,10
p38,,,op4,op3,1,const,,55
p38,,,op5,op4,20,linear7,,30
p38,,,op6,op5,5,linear3,,45
p38,,,op7,op6,5,linear3,,45
p39,26.813,BATCH_PIPELINE,op1,,1,const,,55
p39,,,op2,op1,20,linear7,,30
p39,,,op3,op1,80,squared,,10
p39,,,op4,op1,40,linear7,,20
p39,,,op5,op1,15,linear3,,37.5
p39,,,op6,op1,80,squared,,10
p39,,,op7,op1,15,linear3,,37.5
p40,26.813,BATCH_PIPELINE,op1,,1,const,,55
p40,,,op2,op1,2,sqrt,,55
p40,,,op3,op2,20,linear7,,30
p40,,,op4,op3,1,const,,55
p40,,,op5,op4,20,linear7,,30
p40,,,op6,op5,5,linear3,,45
p40,,,op7,op6,40,linear7,,20
p41,37.503,BATCH_PIPELINE,op1,,1,const,,55
p41,,,op2,op1,5,linear3,,45
p41,,,op3,op1,1,const,,55
p41,,,op4,op1,2,sqrt,,55
p41,,,op5,op1,80,squared,,10
p41,,,op6,op1,20,linear7,,30
p41,,,op7,op1,2,sqrt,,55
p41,,,op8,op1,1,const,,55
p41,,,op9,op1,15,linear3,,37.5
p42,37.503,BATCH_PIPELINE,op1,,1,const,,55
p42,,,op2,op1,2,sqrt,,55
p42,,,op3,op2,40,linear7,,20
p42,,,op4,op3,20,linear7,,30
p42,,,op5,op4,1,const,,55
p42,,,op6,op5,15,linear3,,37.5
p43,37.503,BATCH_PIPELINE,op1,,1,const,,55
p43,,,op2,op1,1,const,,55
p43,,,op3,op2,2,sqrt,,55
p43,,,op4,op3,20,linear7,,30
p43,,,op5,op4,1,const,,55
p43,,,op6,op5,40,linear7,,20
p43,,,op7,op6,15,linear3,,37.5
p43,,,op8,op7,20,linear7,,30
p44,37.503,BATCH_PIPELINE,op1,,1,const,,55
p44,,,op2,op1,15,linear3,,37.5
p44,,,op3,op2,15,linear3,,37.5
p44,,,op4,op3,15,linear3,,37.5
p44,,,op5,op4,2,sqrt,,55
p44,,,op6,op5,5,linear3,,45
p44,,,op7,op6,5,linear3,,45
p44,,,op8,op7,15,linear3,,37.5
p44,,,op9,op8,20,linear7,,30
p45,37.503,BATCH_PIPELINE,op1,,1,const,,55
p45,,,op2,,2,sqrt,,55
p45,,,op3,,2,sqrt,,55
p45,,,op4,,15,linear3,,37.5
p45,,,op5,,20,linear7,,30
p45,,,op6,,15,linear3,,37.5
p45,,,op7,op1;op2;op3;op4;op5;op6,40,linear7,,20
p46,37.503,BATCH_PIPELINE,op1,,1,const,,55
p46,,,op2,op1,80,squared,,10
p46,,,op3,op2,5,linear3,,45
p46,,,op4,op3,1,const,,55
p46,,,op5,op4,80,squared,,10
p46,,,op6,op5,5,linear3,,45
p46,,,op7,op6,15,linear3,,37.5
p46,,,op8,op7,40,linear7,,20
p46,,,op9,op8,1,const,,55
p47,37.503,INTERACTIVE,op1,,1,const,,55
p47,,,op2,op1,15,linear3,,37.5
p47,,,op3,op2,20,linear7,,30
p47,,,op4,op3,15,linear3,,37.5
p48,37.503,INTERACTIVE,op1,,1,const,,55
p48,,,op2,op1,5,linear3,,45
p48,,,op3,op1,15,linear3,,37.5
p49,37.503,INTERACTIVE,op1,,1,const,,55
p49,,,op2,op1,15,linear3,,37.5
p49,,,op3,op2,20,linear7,,30
p49,,,op4,op3,2,sqrt,,55
p49,,,op5,op4,5,linear3,,45
p49,,,op6,op5,15,linear3,,37.5
p49,,,op7,op6,20,linear7,,30
p49,,,op8,op7,5,linear3,,45
p50,37.503,BATCH_PIPELINE,op1,,1,const,,55
p50,,,op2,op1,20,linear7,,30
p50,,,op3,op2,1,const,,55
p50,,,op4,op3,1,const,,55
p50,,,op5,op4,1,const,,55
p50,,,op6,op5,1,const,,55
p50,,,op7,op6,2,sqrt,,55
p51,48.19,BATCH_PIPELINE,op1,,1,const,,55
p51,,,op2,op1,40,linear7,,20
p51,,,op3,op2,5,linear3,,45
p51,,,op4,op3,40,linear7,,20
p51,,,op5,op4,15,linear3,,37.5
p51,,,op6,op5,2,sqrt,,55
p51,,,op7,op6,2,sqrt,,55
p51,,,op8,op7,1,const,,55
p52,48.19,INTERACTIVE,op1,,1,const,,55
p52,,,op2,,80,squared,,10
p52,,,op3,,1,const,,55
p52,,,op4,,15,linear3,,37.5
p52,,,op5,,1,const,,55
p52,,,op6,,15,linear3,,37.5
p52,,,op7,op1;op2;op3;op4;op5;op6,5,linear3,,45
p53,48.19,BATCH_PIPELINE,op1,,1,const,,55
p53,,,op2,op1,2,sqrt,,55
p53,,,op3,op2,1,const,,55
p53,,,op4,op3,2,sqrt,,55
p53,,,op5,op4,15,linear3,,37.5
p53,,,op6,op5,5,linear3,,45
p53,,,op7,op6,15,linear3,,37.5
p53,,,op8,op7,15,linear3,,37.5
p53,,,op9,op8,40,linear7,,20
p54,48.19,INTERACTIVE,op1,,1,const,,55
p54,,,op2,op1,5,linear3,,45
p54,,,op3,op2,40,linear7,,20
p54,,,op4,op3,15,linear3,,37.5
p54,,,op5,op4,5,linear3,,45
p55,48.19,BATCH_PIPELINE,op1,,1,const,,55
p55,,,op2,op1,15,linear3,,37.5
p55,,,op3,op2,15,linear3,,37.5
p55,,,op4,op3,40,linear7,,20
p55,,,op5,op4,2,sqrt,,55
p55,,,op6,op5,15,linear3,,37.5
p55,,,op7,op6,5,linear3,,45
p55,,,op8,op7,15,linear3,,37.5
p55,,,op9,op8,2,sqrt,,55
p55,,,op10,op9,1,const,,55
p55,,,op11,op10,1,const,,55
p56,48.19,INTERACTIVE,op1,,1,const,,55
p56,,,op2,op1,80,squared,,10
p56,,,op3,op2,40,linear7,,20
p56,,,op4,op3,2,sqrt,,55
p56,,,op5,op4,15,linear3,,37.5
p56,,,op6,op5,5,linear3,,45
p56,,,op7,op6,5,linear3,,45
p57,48.19,BATCH_PIPELINE,op1,,1,const,,55
p57,,,op2,,40,linear7,,20
p57,,,op3,,1,const,,55
p57,,,op4,,15,linear3,,37.5
p57,,,op5,,80,squared,,10
p57,,,op6,,15,linear3,,37.5
p57,,,op7,,40,linear7,,20
p57,,,op8,,15,linear3,,37.5
p57,,,op9,op1;op2;op3;op4;op5;op6;op7;op8,20,linear7,,30
p58,48.19,BATCH_PIPELINE,op1,,1,const,,55
p58,,,op2,,15,linear3,,37.5
p58,,,op3,,2,sqrt,,55
p58,,,op4,,20,linear7,,30
p58,,,op5,,40,linear7,,20
p58,,,op6,,15,linear3,,37.5
p58,,,op7,op1;op2;op3;op4;op5;op6,5,linear3,,45
p59,48.19,INTERACTIVE,op1,,1,const,,55
p59,,,op2,op1,1,const,,55
p59,,,op3,op2,5,linear3,,45
p59,,,op4,op3,1,const,,55
p59,,,op5,op4,1,const,,55
p59,,,op6,op5,40,linear7,,20
p59,,,op7,op6,20,linear7,,30
p60,48.19,BATCH_PIPELINE,op1,,1,const,,55
p60,,,op2,op1,2,sqrt,,55
p60,,,op3,op2,80,squared,,10
p60,,,op4,op3,15,linear3,,37.5
p61,55.931000000000004,BATCH_PIPELINE,op1,,1,const,,55
p61,,,op2,op1,15,linear3,,37.5
p61,,,op3,op2,5,linear3,,45
p61,,,op4,op3,20,linear7,,30
p62,55.931000000000004,BATCH_PIPELINE,op1,,1,const,,55
p62,,,op2,op1,20,linear7,,30
p62,,,op3,op2,80,squared,,10
p62,,,op4,op3,2,sqrt,,55
p62,,,op5,op4,2,sqrt,,55
p62,,,op6,op5,40,linear7,,20
p62,,,op7,op6,5,linear3,,45
p62,,,op8,op7,40,linear7,,20
p62,,,op9,op8,5,linear3,,45
p63,55.931000000000004,QUERY,op1,,15,linear3,,35
p64,55.931000000000004,BATCH_PIPELINE,op1,,1,const,,55
p64,,,op2,op1,5,linear3,,45
p64,,,op3,op2,2,sqrt,,55
p64,,,op4,op3,5,linear3,,45
p64,,,op5,op4,15,linear3,,37.5
p64,,,op6,op5,1,const,,55
p64,,,op7,op6,20,linear7,,30
p64,,,op8,op7,2,sqrt,,55
p65,55.931000000000004,BATCH_PIPELINE,op1,,1,const,,55
p65,,,op2,op1,1,const,,55
p65,,,op3,op2,2,sqrt,,55
p66,55.931000000000004,BATCH_PIPELINE,op1,,1,const,,55
p66,,,op2,op1,5,linear3,,45
p66,,,op3,op2,15,linear3,,37.5
p66,,,op4,op3,1,const,,55
p66,,,op5,op4,20,linear7,,30
p66,,,op6,op5,20,linear7,,30
p66,,,op7,op6,15,linear3,,37.5
p67,55.931000000000004,BATCH_PIPELINE,op1,,1,const,,55
p67,,,op2,op1,5,linear3,,45
p67,,,op3,op1,5,linear3,,45
p67,,,op4,op1,2,sqrt,,55
p67,,,op5,op1,1,const,,55
p67,,,op6,op1,1,const,,55
p67,,,op7,op1,2,sqrt,,55
p67,,,op8,op1,5,linear3,,45
p68,55.931000000000004,BATCH_PIPELINE,op1,,1,const,,55
p68,,,op2,op1,20,linear7,,30
p68,,,op3,op2,20,linear7,,30
p68,,,op4,op3,5,linear3,,45
p68,,,op5,op4,2,sqrt,,55
p68,,,op6,op5,20,linear7,,30
p68,,,op7,op6,15,linear3,,37.5
p68,,,op8,op7,1,const,,55
p69,55.931000000000004,QUERY,op1,,15,linear3,,35
p70,55.931000000000004,INTERACTIVE,op1,,1,const,,55
p70,,,op2,op1,1,const,,55
p70,,,op3,op2,40,linear7,,20
p70,,,op4,op3,40,linear7,,20
p70,,,op5,op4,5,linear3,,45
p70,,,op6,op5,15,linear3,,37.5
p71,59.509,BATCH_PIPELINE,op1,,1,const,,55
p71,,,op2,op1,20,linear7,,30
p71,,,op3,op1,80,squared,,10
p71,,,op4,op1,1,const,,55
p71,,,op5,op1,2,sqrt,,55
p71,,,op6,op1,15,linear3,,37.5
p71,,,op7,op1,80,squared,,10
p72,59.509,BATCH_PIPELINE,op1,,1,const,,55
p72,,,op2,,1,const,,55
p72,,,op3,,1,const,,55
p72,,,op4,,5,linear3,,45
p72,,,op5,,2,sqrt,,55
p72,,,op6,,20,linear7,,30
p72,,,op7,,15,linear3,,37.5
p72,,,op8,op1;op2;op3;op4;op5;op6;op7,1,const,,55
p73,59.509,BATCH_PIPELINE,op1,,1,const,,55
p73,,,op2,op1,2,sqrt,,55
p73,,,op3,op2,2,sqrt,,55
p73,,,op4,op3,20,linear7,,30
p73,,,op5,op4,20,linear7,,30
p73,,,op6,op5,15,linear3,,37.5
p74,59.509,INTERACTIVE,op1,,1,const,,55
p74,,,op2,op1,15,linear3,,37.5
p74,,,op3,op2,1,const,,55
p74,,,op4,op3,15,linear3,,37.5
p74,,,op5,op4,2,sqrt,,55
p74,,,op6,op5,1,const,,55
p74,,,op7,op6,20,linear7,,30
p74,,,op8,op7,15,linear3,,37.5
p74,,,op9,op8,2,sqrt,,55
p75,59.509,BATCH_PIPELINE,op1,,1,const,,55
p75,,,op2,op1,15,linear3,,37.5
p75,,,op3,op2,2,sqrt,,55
p75,,,op4,op3,15,linear3,,37.5
p75,,,op5,op4,2,sqrt,,55
p75,,,op6,op5,5,linear3,,45
p75,,,op7,op6,40,linear7,,20
p76,59.509,INTERACTIVE,op1,,1,const,,55
p76,,,op2,op1,80,squared,,10
p76,,,op3,op2,5,linear3,,45
p77,59.509,BATCH_PIPELINE,op1,,1,const,,55
p77,,,op2,op1,5,linear3,,45
p77,,,op3,op2,1,const,,55
p77,,,op4,op3,20,linear7,,30
p77,,,op5,op4,20,linear7,,30
p77,,,op6,op5,1,const,,55
p77,,,op7,op6,20,linear7,,30
p78,59.509,BATCH_PIPELINE,op1,,1,const,,55
p78,,,op2,op1,5,linear3,,45
p78,,,op3,op2,20,linear7,,30
p78,,,op4,op3,1,const,,55
p78,,,op5,op4,15,linear3,,37.5
p78,,,op6,op5,5,linear3,,45
p78,,,op7,op6,80,squared,,10
p78,,,op8,op7,5,linear3,,45
p79,59.509,INTERACTIVE,op1,,1,const,,55
p79,,,op2,op1,15,linear3,,37.5
p79,,,op3,op2,2,sqrt,,55
p79,,,op4,op3,15,linear3,,37.5
p79,,,op5,op4,40,linear7,,20
p80,59.509,BATCH_PIPELINE,op1,,1,const,,55
p80,,,op2,,2,sqrt,,55
p80,,,op3,,5,linear3,,45
p80,,,op4,op1;op2;op3,5,linear3,,45
p81,64.672,INTERACTIVE,op1,,1,const,,55
p81,,,op2,op1,1,const,,55
p81,,,op3,op2,20,linear7,,30
p81,,,op4,op3,15,linear3,,37.5
p81,,,op5,op4,2,sqrt,,55
p81,,,op6,op5,1,const,,55
p81,,,op7,op6,20,linear7,,30
p81,,,op8,op7,15,linear3,,37.5
p82,64.672,BATCH_PIPELINE,op1,,1,const,,55
p82,,,op2,op1,15,linear3,,37.5
p82,,,op3,op2,5,linear3,,45
p82,,,op4,op3,20,linear7,,30
p82,,,op5,op4,20,linear7,,30
p82,,,op6,op5,40,linear7,,20
p82,,,op7,op6,2,sqrt,,55
p82,,,op8,op7,5,linear3,,45
p83,64.672,INTERACTIVE,op1,,1,const,,55
p83,,,op2,op1,5,linear3,,45
p83,,,op3,op2,5,linear3,,45
p83,,,op4,op3,15,linear3,,37.5
p83,,,op5,op4,5,linear3,,45
p83,,,op6,op5,20,linear7,,30
p83,,,op7,op6,1,const,,55
p83,,,op8,op7,2,sqrt,,55
p83,,,op9,op8,2,sqrt,,55
p84,64.672,INTERACTIVE,op1,,1,const,,55
p84,,,op2,op1,5,linear3,,45
p84,,,op3,op2,40,linear7,,20
p84,,,op4,op3,5,linear3,,45
p84,,,op5,op4,1,const,,55
p84,,,op6,op5,5,linear3,,45
p85,64.672,QUERY,op1,,15,linear3,,35
p86,64.672,BATCH_PIPELINE,op1,,1,const,,55
p86,,,op2,op1,5,linear3,,45
p86,,,op3,op2,20,linear7,,30
p86,,,op4,op3,5,linear3,,45
p86,,,op5,op4,20,linear7,,30
p86,,,op6,op5,1,const,,55
p87,64.672,QUERY,op1,,15,linear3,,35
p88,64.672,BATCH_PIPELINE,op1,,1,const,,55
p88,,,op2,op1,20,linear7,,30
p88,,,op3,op2,5,linear3,,45
p88,,,op4,op3,1,const,,55
p88,,,op5,op4,5,linear3,,45
p89,64.672,INTERACTIVE,op1,,1,const,,55
p89,,,op2,op1,2,sqrt,,55
p89,,,op3,op2,40,linear7,,20
p90,64.672,INTERACTIVE,op1,,1,const,,55
p90,,,op2,op1,1,const,,55
p90,,,op3,op2,15,linear3,,37.5
p90,,,op4,op3,15,linear3,,37.5
p90,,,op5,op4,20,linear7,,30
p90,,,op6,op5,5,linear3,,45
p90,,,op7,op6,15,linear3,,37.5
p90,,,op8,op7,15,linear3,,37.5
p90,,,op9,op8,20,linear7,,30
p91,75.488,INTERACTIVE,op1,,1,const,,55
p91,,,op2,op1,40,linear7,,20
p91,,,op3,op2,1,const,,55
p92,75.488,BATCH_PIPELINE,op1,,1,const,,55
p92,,,op2,op1,80,squared,,10
p92,,,op3,op1,20,linear7,,30
p92,,,op4,op1,5,linear3,,45
p92,,,op5,op1,2,sqrt,,55
p92,,,op6,op1,15,linear3,,37.5
p92,,,op7,op1,5,linear3,,45
p92,,,op8,op1,1,const,,55
p93,75.488,BATCH_PIPELINE,op1,,1,const,,55
p93,,,op2,op1,2,sqrt,,55
p93,,,op3,op2,20,linear7,,30
p93,,,op4,op3,20,linear7,,30
p93,,,op5,op4,15,linear3,,37.5
p93,,,op6,op5,40,linear7,,20
p93,,,op7,op6,20,linear7,,30
p93,,,op8,op7,20,linear7,,30
p93,,,op9,op8,20,linear7,,30
p93,,,op10,op9,15,linear3,,37.5
p93,,,op11,op10,1,const,,55
p94,75.488,QUERY,op1,,15,linear3,,35
p95,75.488,INTERACTIVE,op1,,1,const,,55
p95,,,op2,,80,squared,,10
p95,,,op3,,40,linear7,,20
p95,,,op4,,15,linear3,,37.5
p95,,,op5,op1;op2;op3;op4,40,linear7,,20
p96,75.488,INTERACTIVE,op1,,1,const,,55
p96,,,op2,op1,15,linear3,,37.5
p96,,,op3,op2,15,linear3,,37.5
p96,,,op4,op3,1,const,,55
p96,,,op5,op4,5,linear3,,45
p96,,,op6,op5,5,linear3,,45
p96,,,op7,op6,80,squared,,10
p96,,,op8,op7,20,linear7,,30
p97,75.488,INTERACTIVE,op1,,1,const,,55
p97,,,op2,op1,5,linear3,,45
p97,,,op3,op1,1,const,,55
p97,,,op4,op1,5,linear3,,45
p97,,,op5,op1,2,sqrt,,55
p97,,,op6,op1,1,const,,55
p97,,,op7,op1,20,linear7,,30
p97,,,op8,op1,15,linear3,,37.5
p98,75.488,BATCH_PIPELINE,op1,,1,const,,55
p98,,,op2,op1,40,linear7,,20
p98,,,op3,op2,40,linear7,,20
p98,,,op4,op3,15,linear3,,37.5
p98,,,op5,op4,2,sqrt,,55
p98,,,op6,op5,1,const,,55
p98,,,op7,op6,15,linear3,,37.5
p99,75.488,BATCH_PIPELINE,op1,,1,const,,55
p99,,,op2,op1,5,linear3,,45
p99,,,op3,op2,1,const,,55
p99,,,op4,op3,5,linear3,,45
p99,,,op5,op4,15,linear3,,37.5
p99,,,op6,op5,5,linear3,,45
p99,,,op7,op6,2,sqrt,,55
p99,,,op8,op7,15,linear3,,37.5
p99,,,op9,op8,2,sqrt,,55
p99,,,op10,op9,2,sqrt,,55
p100,75.488,BATCH_PIPELINE,op1,,1,const,,55
p100,,,op2,op1,15,linear3,,37.5
p100,,,op3,op2,1,const,,55
p100,,,op4,op3,5,linear3,,45
p100,,,op5,op4,40,linear7,,20
p100,,,op6,op5,1,const,,55
p100,,,op7,op6,1,const,,55
p101,80.299,BATCH_PIPELINE,op1,,1,const,,55
p101,,,op2,op1,40,linear7,,20
p101,,,op3,op2,1,const,,55
p101,,,op4,op3,15,linear3,,37.5
p101,,,op5,op4,80,squared,,10
p101,,,op6,op5,1,const,,55
p101,,,op7,op6,5,linear3,,45
p101,,,op8,op7,2,sqrt,,55
p102,80.299,BATCH_PIPELINE,op1,,1,const,,55
p102,,,op2,op1,80,squared,,10
p102,,,op3,op2,5,linear3,,45
p102,,,op4,op3,80,squared,,10
p102,,,op5,op4,15,linear3,,37.5
p102,,,op6,op5,80,squared,,10
p102,,,op7,op6,5,linear3,,45
p103,80.299,INTERACTIVE,op1,,1,const,,55
p103,,,op2,op1,20,linear7,,30
p103,,,op3,op2,2,sqrt,,55
p103,,,op4,op3,20,linear7,,30
p103,,,op5,op4,5,linear3,,45
p103,,,op6,op5,5,linear3,,45
p103,,,op7,op6,20,linear7,,30
p103,,,op8,op7,15,linear3,,37.5
p104,80.299,INTERACTIVE,op1,,1,const,,55
p104,,,op2,op1,15,linear3,,37.5
p104,,,op3,op2,1,const,,55
p104,,,op4,op3,20,linear7,,30
p104,,,op5,op4,2,sqrt,,55
p104,,,op6,op5,1,const,,55
p104,,,op7,op6,5,linear3,,45
p104,,,op8,op7,15,linear3,,37.5
p105,80.299,INTERACTIVE,op1,,1,const,,55
p105,,,op2,op1,5,linear3,,45
p105,,,op3,op2,2,sqrt,,55
p105,,,op4,op3,5,linear3,,45
p105,,,op5,op4,15,linear3,,37.5
p105,,,op6,op5,1,const,,55
p105,,,op7,op6,20,linear7,,30
p105,,,op8,op7,15,linear3,,37.5
p105,,,op9,op8,1,const,,55
p106,80.299,INTERACTIVE,op1,,1,const,,55
p106,,,op2,op1,5,linear3,,45
p106,,,op3,op2,5,linear3,,45
p106,,,op4,op3,15,linear3,,37.5
p106,,,op5,op4,20,linear7,,30
p106,,,op6,op5,1,const,,55
p106,,,op7,op6,1,const,,55
p107,80.299,QUERY,op1,,15,linear3,,35
p108,80.299,INTERACTIVE,op1,,1,const,,55
p108,,,op2,op1,1,const,,55
p108,,,op3,op2,1,const,,55
p108,,,op4,op3,2,sqrt,,55
p108,,,op5,op4,2,sqrt,,55
p108,,,op6,op5,5,linear3,,45
p108,,,op7,op6,15,linear3,,37.5
p108,,,op8,op7,5,linear3,,45
p108,,,op9,op8,40,linear7,,20
p108,,,op10,op9,2,sqrt,,55
p109,80.299,BATCH_PIPELINE,op1,,1,const,,55
p109,,,op2,op1,15,linear3,,37.5
p109,,,op3,op2,15,linear3,,37.5
p109,,,op4,op3,5,linear3,,45
p109,,,op5,op4,80,squared,,10
p109,,,op6,op5,2,sqrt,,55
p109,,,op7,op6,80,squared,,10
p109,,,op8,op7,5,linear3,,45
p110,80.299,INTERACTIVE,op1,,1,const,,55
p110,,,op2,,2,sqrt,,55
p110,,,op3,,15,linear3,,37.5
p110,,,op4,,20,linear7,,30
p110,,,op5,,2,sqrt,,55
p110,,,op6,,20,linear7,,30
p110,,,op7,,40,linear7,,20
p110,,,op8,op1;op2;op3;op4;op5;op6;op7,40,linear7,,20
p111,90.491,INTERACTIVE,op1,,1,const,,55
p111,,,op2,op1,2,sqrt,,55
p111,,,op3,op2,15,linear3,,37.5
p111,,,op4,op3,2,sqrt,,55
p112,90.491,BATCH_PIPELINE,op1,,1,const,,55
p112,,,op2,op1,15,linear3,,37.5
p112,,,op3,op2,5,linear3,,45
p112,,,op4,op3,15,linear3,,37.5
p112,,,op5,op4,15,linear3,,37.5
p112,,,op6,op5,15,linear3,,37.5
p112,,,op7,op6,40,linear7,,20
p112,,,op8,op7,80,squared,,10
p112,,,op9,op8,15,linear3,,37.5
p112,,,op10,op9,20,linear7,,30
p112,,,op11,op10,1,const,,55
p113,90.491,INTERACTIVE,op1,,1,const,,55
p113,,,op2,op1,15,linear3,,37.5
p113,,,op3,op2,20,linear7,,30
p113,,,op4,op3,15,linear3,,37.5
p113,,,op5,op4,40,linear7,,20
p113,,,op6,op5,15,linear3,,37.5
p113,,,op7,op6,5,linear3,,45
p113,,,op8,op7,15,linear3,,37.5
p113,,,op9,op8,1,const,,55
p114,90.491,BATCH_PIPELINE,op1,,1,const,,55
p115,90.491,INTERACTIVE,op1,,1,const,,55
p115,,,op2,op1,2,sqrt,,55
p115,,,op3,op2,40,linear7,,20
p115,,,op4,op3,5,linear3,,45
p115,,,op5,op4,80,squared,,10
p115,,,op6,op5,5,linear3,,45
p115,,,op7,op6,15,linear3,,37.5
p115,,,op8,op7,80,squared,,10
p116,90.491,BATCH_PIPELINE,op1,,1,const,,55
p116,,,op2,op1,5,linear3,,45
p116,,,op3,op2,1,const,,55
p116,,,op4,op3,5,linear3,,45
p116,,,op5,op4,2,sqrt,,55
p117,90.491,BATCH_PIPELINE,op1,,1,const,,55
p117,,,op2,op1,5,linear3,,45
p117,,,op3,op2,15,linear3,,37.5
p117,,,op4,op3,20,linear7,,30
p117,,,op5,op4,2,sqrt,,55
p117,,,op6,op5,1,const,,55
p117,,,op7,op6,40,linear7,,20
p117,,,op8,op7,5,linear3,,45
p118,90.491,BATCH_PIPELINE,op1,,1,const,,55
p118,,,op2,op1,1,const,,55
p118,,,op3,op1,15,linear3,,37.5
p118,,,op4,op1,20,linear7,,30
p118,,,op5,op1,15,linear3,,37.5
p118,,,op6,op1,20,linear7,,30
p118,,,op7,op1,1,const,,55
p118,,,op8,op1,15,linear3,,37.5
p119,90.491,BATCH_PIPELINE,op1,,1,const,,55
p119,,,op2,op1,5,linear3,,45
p119,,,op3,op2,20,linear7,,30
p119,,,op4,op3,40,linear7,,20
p119,,,op5,op4,80,squared,,10
p119,,,op6,op5,40,linear7,,20
p119,,,op7,op6,5,linear3,,45
p119,,,op8,op7,15,linear3,,37.5
p119,,,op9,op8,20,linear7,,30
p120,90.491,BATCH_PIPELINE,op1,,1,const,,55
p120,,,op2,op1,5,linear3,,45
p120,,,op3,op2,2,sqrt,,55
p120,,,op4,op3,5,linear3,,45
p120,,,op5,op4,20,linear7,,30
p120,,,op6,op5,15,linear3,,37.5
p120,,,op7,op6,15,linear3,,37.5
p120,,,op8,op7,20,linear7,,30
p121,98.648,BATCH_PIPELINE,op1,,1,const,,55
p121,,,op2,op1,40,linear7,,20
p121,,,op3,op2,2,sqrt,,55
p121,,,op4,op3,1,const,,55
p121,,,op5,op4,1,const,,55
p121,,,op6,op5,1,const,,55
p121,,,op7,op6,15,linear3,,37.5
p121,,,op8,op7,5,linear3,,45
p122,98.648,INTERACTIVE,op1,,1,const,,55
p122,,,op2,op1,15,linear3,,37.5
p122,,,op3,op2,15,linear3,,37.5
p122,,,op4,op3,20,linear7,,30
p122,,,op5,op4,1,const,,55
p122,,,op6,op5,5,linear3,,45
p122,,,op7,op6,1,const,,55
p122,,,op8,op7,15,linear3,,37.5
p122,,,op9,op8,5,linear3,,45
p123,98.648,INTERACTIVE,op1,,1,const,,55
p123,,,op2,op1,2,sqrt,,55
p123,,,op3,op2,15,linear3,,37.5
p123,,,op4,op3,2,sqrt,,55
p123,,,op5,op4,5,linear3,,45
p123,,,op6,op5,20,linear7,,30
p123,,,op7,op6,2,sqrt,,55
p123,,,op8,op7,20,linear7,,30
p123,,,op9,op8,20,linear7,,30
p123,,,op10,op9,2,sqrt,,55
p124,98.648,BATCH_PIPELINE,op1,,1,const,,55
p124,,,op2,op1,2,sqrt,,55
p124,,,op3,op2,2,sqrt,,55
p124,,,op4,op3,2,sqrt,,55
p124,,,op5,op4,20,linear7,,30
p124,,,op6,op5,2,sqrt,,55
p124,,,op7,op6,15,linear3,,37.5
p124,,,op8,op7,1,const,,55
p124,,,op9,op8,5,linear3,,45
p125,98.648,BATCH_PIPELINE,op1,,1,const,,55
p125,,,op2,op1,40,linear7,,20
p125,,,op3,op2,15,linear3,,37.5
p125,,,op4,op3,15,linear3,,37.5
p125,,,op5,op4,15,linear3,,37.5
p125,,,op6,op5,15,linear3,,37.5
p125,,,op7,op6,5,linear3,,45
p125,,,op8,op7,40,linear7,,20
p125,,,op9,op8,5,linear3,,45
p125,,,op10,op9,40,linear7,,20
p125,,,op11,op10,2,sqrt,,55
p125,,,op12,op11,5,linear3,,45
p126,98.648,INTERACTIVE,op1,,1,const,,55
p126,,,op2,,5,linear3,,45
p126,,,op3,,5,linear3,,45
p126,,,op4,,1,const,,55
p126,,,op5,,5,linear3,,45
p126,,,op6,,1,const,,55
p126,,,op7,,2,sqrt,,55
p126,,,op8,op1;op2;op3;op4;op5;op6;op7,15,linear3,,37.5
p127,98.648,BATCH_PIPELINE,op1,,1,const,,55
p127,,,op2,op1,40,linear7,,20
p127,,,op3,op1,15,linear3,,37.5
p127,,,op4,op1,5,linear3,,45
p127,,,op5,op1,15,linear3,,37.5
p127,,,op6,op1,15,linear3,,37.5
p127,,,op7,op1,15,linear3,,37.5
p127,,,op8,op1,5,linear3,,45
p127,,,op9,op1,1,const,,55
p127,,,op10,op1,1,const,,55
p127,,,op11,op1,20,linear7,,30
p127,,,op12,op1,5,linear3,,45
p127,,,op13,op1,2,sqrt,,55
p128,98.648,BATCH_PIPELINE,op1,,1,const,,55
p128,,,op2,op1,2,sqrt,,55
p128,,,op3,op2,40,linear7,,20
p128,,,op4,op3,80,squared,,10
p128,,,op5,op4,15,linear3,,37.5
p128,,,op6,op5,20,linear7,,30
p128,,,op7,op6,40,linear7,,20
p128,,,op8,op7,40,linear7,,20
p128,,,op9,op8,20,linear7,,30
p129,98.648,QUERY,op1,,15,linear3,,35
p130,98.648,BATCH_PIPELINE,op1,,1,const,,55
p130,,,op2,,1,const,,55
p130,,,op3,,2,sqrt,,55
p130,,,op4,,40,linear7,,20
p130,,,op5,op1;op2;op3;op4,20,linear7,,30
p131,110.995,BATCH_PIPELINE,op1,,1,const,,55
p131,,,op2,op1,15,linear3,,37.5
p131,,,op3,op1,15,linear3,,37.5
p131,,,op4,op1,40,linear7,,20
p131,,,op5,op1,5,linear3,,45
p132,110.995,BATCH_PIPELINE,op1,,1,const,,55
p132,,,op2,op1,15,linear3,,37.5
p132,,,op3,op2,2,sqrt,,55
p132,,,op4,op3,5,linear3,,45
p132,,,op5,op4,5,linear3,,45
p132,,,op6,op5,5,linear3,,45
p133,110.995,BATCH_PIPELINE,op1,,1,const,,55
p133,,,op2,op1,1,const,,55
p133,,,op3,op2,2,sqrt,,55
p133,,,op4,op3,5,linear3,,45
p133,,,op5,op4,2,sqrt,,55
p133,,,op6,op5,40,linear7,,20
p133,,,op7,op6,5,linear3,,45
p134,110.995,BATCH_PIPELINE,op1,,1,const,,55
p134,,,op2,,5,linear3,,45
p134,,,op3,,15,linear3,,37.5
p134,,,op4,,80,squared,,10
p134,,,op5,,1,const,,55
p134,,,op6,,1,const,,55
p134,,,op7,,2,sqrt,,55
p134,,,op8,op1;op2;op3;op4;op5;op6;op7,15,linear3,,37.5
p135,110.995,INTERACTIVE,op1,,1,const,,55
p135,,,op2,op1,40,linear7,,20
p135,,,op3,op2,40,linear7,,20
p135,,,op4,op3,15,linear3,,37.5
p135,,,op5,op4,20,linear7,,30
p135,,,op6,op5,15,linear3,,37.5
p135,,,op7,op6,2,sqrt,,55
p135,,,op8,op7,20,linear7,,30
p136,110.995,INTERACTIVE,op1,,1,const,,55
p136,,,op2,op1,1,const,,55
p136,,,op3,op1,1,const,,55
p136,,,op4,op1,1,const,,55
p136,,,op5,op1,5,linear3,,45
p136,,,op6,op1,5,linear3,,45
p136,,,op7,op1,1,const,,55
p136,,,op8,op1,2,sqrt,,55
p137,110.995,BATCH_PIPELINE,op1,,1,const,,55
p137,,,op2,,5,linear3,,45
p137,,,op3,,5,linear3,,45
p137,,,op4,,1,const,,55
p137,,,op5,,1,const,,55
p137,,,op6,,5,linear3,,45
p137,,,op7,,2,sqrt,,55
p137,,,op8,,5,linear3,,45
p137,,,op9,,1,const,,55
p137,,,op10,,2,sqrt,,55
p137,,,op11,,15,linear3,,37.5
p137,,,op12,op1;op2;op3;op4;op5;op6;op7;op8;op9;op10;op11,15,linear3,,37.5
p138,110.995,BATCH_PIPELINE,op1,,1,const,,55
p138,,,op2,op1,2,sqrt,,55
p138,,,op3,op2,20,linear7,,30
p138,,,op4,op3,5,linear3,,45
p138,,,op5,op4,1,const,,55
p139,110.995,BATCH_PIPELINE,op1,,1,const,,55
p139,,,op2,op1,5,linear3,,45
p139,,,op3,op2,80,squared,,10
p139,,,op4,op3,40,linear7,,20
p139,,,op5,op4,5,linear3,,45
p139,,,op6,op5,20,linear7,,30
p139,,,op7,op6,80,squared,,10
p139,,,op8,op7,80,squared,,10
p140,110.995,INTERACTIVE,op1,,1,const,,55
p140,,,op2,op1,1,const,,55
p140,,,op3,op2,1,const,,55
p140,,,op4,op3,5,linear3,,45
p140,,,op5,op4,15,linear3,,37.5
p140,,,op6,op5,5,linear3,,45
p141,118.532,INTERACTIVE,op1,,1,const,,55
p141,,,op2,op1,80,squared,,10
p141,,,op3,op2,15,linear3,,37.5
p141,,,op4,op3,20,linear7,,30
p141,,,op5,op4,5,linear3,,45
p141,,,op6,op5,5,linear3,,45
p142,118.532,BATCH_PIPELINE,op1,,1,const,,55
p142,,,op2,op1,1,const,,55
p143,118.532,BATCH_PIPELINE,op1,,1,const,,55
p143,,,op2,op1,5,linear3,,45
p143,,,op3,op1,40,linear7,,20
p143,,,op4,op1,15,linear3,,37.5
p143,,,op5,op1,20,linear7,,30
p144,118.532,QUERY,op1,,15,linear3,,35
p145,118.532,BATCH_PIPELINE,op1,,1,const,,55
p145,,,op2,op1,20,linear7,,30
p145,,,op3,op1,20,linear7,,30
p145,,,op4,op1,2,sqrt,,55
p145,,,op5,op1,1,const,,55
p145,,,op6,op1,1,const,,55
p145,,,op7,op1,15,linear3,,37.5
p145,,,op8,op1,15,linear3,,37.5
p145,,,op9,op1,2,sqrt,,55
p146,118.532,INTERACTIVE,op1,,1,const,,55
p146,,,op2,op1,80,squared,,10
p146,,,op3,op2,40,linear7,,20
p146,,,op4,op3,1,const,,55
p146,,,op5,op4,80,squared,,10
p146,,,op6,op5,2,sqrt,,55
p146,,,op7,op6,40,linear7,,20
p146,,,op8,op7,15,linear3,,37.5
p146,,,op9,op8,5,linear3,,45
p147,118.532,BATCH_PIPELINE,op1,,1,const,,55
p147,,,op2,op1,20,linear7,,30
p147,,,op3,op2,80,squared,,10
p147,,,op4,op3,2,sqrt,,55
p147,,,op5,op4,15,linear3,,37.5
p147,,,op6,op5,2,sqrt,,55
p147,,,op7,op6,2,sqrt,,55
p148,118.532,INTERACTIVE,op1,,1,const,,55
p148,,,op2,op1,5,linear3,,45
p148,,,op3,op2,20,linear7,,30
p148,,,op4,op3,15,linear3,,37.5
p148,,,op5,op4,20,linear7,,30
p148,,,op6,op5,5,linear3,,45
p148,,,op7,op6,5,linear3,,45
p149,118.532,INTERACTIVE,op1,,1,const,,55
p149,,,op2,op1,20,linear7,,30
p149,,,op3,op1,20,linear7,,30
p149,,,op4,op1,80,squared,,10
p149,,,op5,op1,40,linear7,,20
p149,,,op6,op1,5,linear3,,45
p150,118.532,BATCH_PIPELINE,op1,,1,const,,55
p150,,,op2,op1,2,sqrt,,55
p150,,,op3,op2,80,squared,,10
p150,,,op4,op3,15,linear3,,37.5
p150,,,op5,op4,5,linear3,,45
p150,,,op6,op5,40,linear7,,20
p151,122.649,BATCH_PIPELINE,op1,,1,const,,55
p151,,,op2,op1,15,linear3,,37.5
p151,,,op3,op2,1,const,,55
p151,,,op4,op3,5,linear3,,45
p151,,,op5,op4,80,squared,,10
p151,,,op6,op5,20,linear7,,30
p151,,,op7,op6,15,linear3,,37.5
p151,,,op8,op7,5,linear3,,45
p151,,,op9,op8,5,linear3,,45
p152,122.649,BATCH_PIPELINE,op1,,1,const,,55
p152,,,op2,op1,1,const,,55
p152,,,op3,op1,2,sqrt,,55
p152,,,op4,op1,1,const,,55
p152,,,op5,op1,2,sqrt,,55
p152,,,op6,op1,15,linear3,,37.5
p152,,,op7,op1,1,const,,55
p152,,,op8,op1,20,linear7,,30
p153,122.649,BATCH_PIPELINE,op1,,1,const,,55
p153,,,op2,op1,2,sqrt,,55
p153,,,op3,op1,40,linear7,,20
p153,,,op4,op1,1,const,,55
p153,,,op5,op1,5,linear3,,45
p153,,,op6,op1,1,const,,55
p153,,,op7,op1,20,linear7,,30
p154,122.649,BATCH_PIPELINE,op1,,1,const,,55
p154,,,op2,op1,80,squared,,10
p154,,,op3,op2,5,linear3,,45
p154,,,op4,op3,15,linear3,,37.5
p154,,,op5,op4,1,const,,55
p154,,,op6,op5,40,linear7,,20
p154,,,op7,op6,2,sqrt,,55
p154,,,op8,op7,2,sqrt,,55
p155,122.649,INTERACTIVE,op1,,1,const,,55
p155,,,op2,op1,20,linear7,,30
p155,,,op3,op2,15,linear3,,37.5
p155,,,op4,op3,1,const,,55
p156,122.649,INTERACTIVE,op1,,1,const,,55
p156,,,op2,op1,1,const,,55
p156,,,op3,op2,20,linear7,,30
p156,,,op4,op3,15,linear3,,37.5
p156,,,op5,op4,15,linear3,,37.5
p156,,,op6,op5,80,squared,,10
p156,,,op7,op6,15,linear3,,37.5
p156,,,op8,op7,20,linear7,,30
p156,,,op9,op8,80,squared,,10
p157,122.649,BATCH_PIPELINE,op1,,1,const,,55
p157,,,op2,op1,15,linear3,,37.5
p157,,,op3,op2,2,sqrt,,55
p157,,,op4,op3,1,const,,55
p157,,,op5,op4,80,squared,,10
p157,,,op6,op5,15,linear3,,37.5
p158,122.649,BATCH_PIPELINE,op1,,1,const,,55
p158,,,op2,op1,5,linear3,,45
p158,,,op3,op1,20,linear7,,30
p158,,,op4,op1,1,const,,55
p158,,,op5,op1,15,linear3,,37.5
p158,,,op6,op1,80,squared,,10
p158,,,op7,op1,15,linear3,,37.5
p158,,,op8,op1,5,linear3,,45
p158,,,op9,op1,2,sqrt,,55
p159,122.649,BATCH_PIPELINE,op1,,1,const,,55
p159,,,op2,op1,20,linear7,,30
p159,,,op3,op2,1,const,,55
p159,,,op4,op3,20,linear7,,30
p159,,,op5,op4,5,linear3,,45
p159,,,op6,op5,15,linear3,,37.5
p159,,,op7,op6,1,const,,55
p160,122.649,QUERY,op1,,15,linear3,,35
p161,134.452,BATCH_PIPELINE,op1,,1,const,,55
p161,,,op2,op1,15,linear3,,37.5
p161,,,op3,op1,1,const,,55
p161,,,op4,op1,5,linear3,,45
p162,134.452,BATCH_PIPELINE,op1,,1,const,,55
p162,,,op2,op1,15,linear3,,37.5
p162,,,op3,op2,40,linear7,,20
p162,,,op4,op3,40,linear7,,20
p162,,,op5,op4,1,const,,55
p162,,,op6,op5,5,linear3,,45
p162,,,op7,op6,5,linear3,,45
p162,,,op8,op7,1,const,,55
p162,,,op9,op8,15,linear3,,37.5
p163,134.452,QUERY,op1,,15,linear3,,35
p164,134.452,QUERY,op1,,15,linear3,,35
p165,134.452,BATCH_PIPELINE,op1,,1,const,,55
p165,,,op2,op1,40,linear7,,20
p165,,,op3,op1,2,sqrt,,55
p165,,,op4,op1,15,linear3,,37.5
p165,,,op5,op1,1,const,,55
p165,,,op6,op1,80,squared,,10
p166,134.452,INTERACTIVE,op1,,1,const,,55
p166,,,op2,op1,1,const,,55
p166,,,op3,op1,40,linear7,,20
p166,,,op4,op1,5,linear3,,45
p166,,,op5,op1,5,linear3,,45
p166,,,op6,op1,5,linear3,,45
p166,,,op7,op1,2,sqrt,,55
p167,134.452,BATCH_PIPELINE,op1,,1,const,,55
p167,,,op2,op1,5,linear3,,45
p167,,,op3,op2,20,linear7,,30
p167,,,op4,op3,5,linear3,,45
p167,,,op5,op4,80,squared,,10
p167,,,op6,op5,1,const,,55
p167,,,op7,op6,40,linear7,,20
p167,,,op8,op7,40,linear7,,20
p168,134.452,QUERY,op1,,15,linear3,,35
p169,134.452,INTERACTIVE,op1,,1,const,,55
p169,,,op2,op1,15,linear3,,37.5
p169,,,op3,op1,5,linear3,,45
p169,,,op4,op1,5,linear3,,45
p169,,,op5,op1,15,linear3,,37.5
p169,,,op6,op1,40,linear7,,20
p169,,,op7,op1,15,linear3,,37.5
p169,,,op8,op1,2,sqrt,,55
p169,,,op9,op1,20,linear7,,30
p170,134.452,INTERACTIVE,op1,,1,const,,55
p170,,,op2,op1,5,linear3,,45
p170,,,op3,op2,2,sqrt,,55
p170,,,op4,op3,2,sqrt,,55
p170,,,op5,op4,1,const,,55
p170,,,op6,op5,15,linear3,,37.5
p170,,,op7,op6,5,linear3,,45
p170,,,op8,op7,5,linear3,,45
p170,,,op9,op8,1,const,,55
p171,140.64600000000002,BATCH_PIPELINE,op1,,1,const,,55
p171,,,op2,op1,1,const,,55
p171,,,op3,op2,40,linear7,,20
p171,,,op4,op3,5,linear3,,45
p171,,,op5,op4,15,linear3,,37.5
p171,,,op6,op5,80,squared,,10
p172,140.64600000000002,BATCH_PIPELINE,op1,,1,const,,55
p172,,,op2,op1,5,linear3,,45
p172,,,op3,op2,20,linear7,,30
p172,,,op4,op3,5,linear3,,45
p172,,,op5,op4,5,linear3,,45
p172,,,op6,op5,40,linear7,,20
p172,,,op7,op6,5,linear3,,45
p173,140.64600000000002,BATCH_PIPELINE,op1,,1,const,,55
p173,,,op2,op1,15,linear3,,37.5
p173,,,op3,op2,20,linear7,,30
p173,,,op4,op3,2,sqrt,,55
p173,,,op5,op4,2,sqrt,,55
p173,,,op6,op5,15,linear3,,37.5
p173,,,op7,op6,20,linear7,,30
p173,,,op8,op7,15,linear3,,37.5
p174,140.64600000000002,BATCH_PIPELINE,op1,,1,const,,55
p174,,,op2,op1,1,const,,55
p174,,,op3,op2,15,linear3,,37.5
p174,,,op4,op3,40,linear7,,20
p174,,,op5,op4,5,linear3,,45
p175,140.64600000000002,BATCH_PIPELINE,op1,,1,const,,55
p175,,,op2,op1,80,squared,,10
p175,,,op3,op2,1,const,,55
p175,,,op4,op3,5,linear3,,45
p175,,,op5,op4,80,squared,,10
p175,,,op6,op5,15,linear3,,37.5
p175,,,op7,op6,20,linear7,,30
p176,140.64600000000002,BATCH_PIPELINE,op1,,1,const,,55
p176,,,op2,,2,sqrt,,55
p176,,,op3,,20,linear7,,30
p176,,,op4,,1,const,,55
p176,,,op5,,15,linear3,,37.5
p176,,,op6,,15,linear3,,37.5
p176,,,op7,,2,sqrt,,55
p176,,,op8,op1;op2;op3;op4;op5;op6;op7,5,linear3,,45
p177,140.64600000000002,BATCH_PIPELINE,op1,,1,const,,55
p177,,,op2,op1,1,const,,55
p177,,,op3,op2,15,linear3,,37.5
p177,,,op4,op3,1,const,,55
p177,,,op5,op4,20,linear7,,30
p178,140.64600000000002,BATCH_PIPELINE,op1,,1,const,,55
p178,,,op2,op1,40,linear7,,20
p178,,,op3,op2,15,linear3,,37.5
p178,,,op4,op3,5,linear3,,45
p178,,,op5,op4,15,linear3,,37.5
p178,,,op6,op5,1,const,,55
p179,140.64600000000002,BATCH_PIPELINE,op1,,1,const,,55
p179,,,op2,op1,15,linear3,,37.5
p179,,,op3,op2,20,linear7,,30
p179,,,op4,op3,20,linear7,,30
p179,,,op5,op4,1,const,,55
p179,,,op6,op5,1,const,,55
p179,,,op7,op6,15,linear3,,37.5
p179,,,op8,op7,2,sqrt,,55
p179,,,op9,op8,40,linear7,,20
p179,,,op10,op9,5,linear3,,45
p179,,,op11,op10,1,const,,55
p180,140.64600000000002,BATCH_PIPELINE,op1,,1,const,,55
p180,,,op2,op1,5,linear3,,45
p181,148.691,BATCH_PIPELINE,op1,,1,const,,55
p181,,,op2,op1,1,const,,55
p181,,,op3,op2,20,linear7,,30
p181,,,op4,op3,20,linear7,,30
p181,,,op5,op4,15,linear3,,37.5
p181,,,op6,op5,20,linear7,,30
p181,,,op7,op6,1,const,,55
p181,,,op8,op7,80,squared,,10
p181,,,op9,op8,2,sqrt,,55
p181,,,op10,op9,20,linear7,,30
p182,148.691,BATCH_PIPELINE,op1,,1,const,,55
p182,,,op2,op1,5,linear3,,45
p182,,,op3,op1,20,linear7,,30
p182,,,op4,op1,15,linear3,,37.5
p182,,,op5,op1,5,linear3,,45
p182,,,op6,op1,40,linear7,,20
p183,148.691,BATCH_PIPELINE,op1,,1,const,,55
p183,,,op2,op1,20,linear7,,30
p183,,,op3,op2,15,linear3,,37.5
p183,,,op4,op3,1,const,,55
p184,148.691,QUERY,op1,,15,linear3,,35
p185,148.691,BATCH_PIPELINE,op1,,1,const,,55
p185,,,op2,,2,sqrt,,55
p185,,,op3,,2,sqrt,,55
p185,,,op4,,20,linear7,,30
p185,,,op5,,20,linear7,,30
p185,,,op6,,5,linear3,,45
p185,,,op7,op1;op2;op3;op4;op5;op6,5,linear3,,45
p186,148.691,INTERACTIVE,op1,,1,const,,55
p186,,,op2,,2,sqrt,,55
p186,,,op3,,2,sqrt,,55
p186,,,op4,,1,const,,55
p186,,,op5,,15,linear3,,37.5
p186,,,op6,op1;op2;op3;op4;op5,20,linear7,,30
p187,148.691,BATCH_PIPELINE,op1,,1,const,,55
p187,,,op2,,15,linear3,,37.5
p187,,,op3,,5,linear3,,45
p187,,,op4,,1,const,,55
p187,,,op5,,1,const,,55
p187,,,op6,,15,linear3,,37.5
p187,,,op7,,40,linear7,,20
p187,,,op8,op1;op2;op3;op4;op5;op6;op7,1,const,,55
p188,148.691,QUERY,op1,,15,linear3,,35
p189,148.691,INTERACTIVE,op1,,1,const,,55
p189,,,op2,,2,sqrt,,55
p189,,,op3,,5,linear3,,45
p189,,,op4,,1,const,,55
p189,,,op5,,1,const,,55
p189,,,op6,,20,linear7,,30
p189,,,op7,op1;op2;op3;op4;op5;op6,2,sqrt,,55
p190,148.691,BATCH_PIPELINE,op1,,1,const,,55
p190,,,op2,op1,5,linear3,,45
p190,,,op3,op1,2,sqrt,,55
p190,,,op4,op1,15,linear3,,37.5
p190,,,op5,op1,15,linear3,,37.5
p191,158.413,BATCH_PIPELINE,op1,,1,const,,55
p191,,,op2,,5,linear3,,45
p191,,,op3,,40,linear7,,20
p191,,,op4,,40,linear7,,20
p191,,,op5,,1,const,,55
p191,,,op6,,5,linear3,,45
p191,,,op7,,40,linear7,,20
p191,,,op8,,20,linear7,,30
p191,,,op9,,15,linear3,,37.5
p191,,,op10,,5,linear3,,45
p191,,,op11,op1;op2;op3;op4;op5;op6;op7;op8;op9;op10,5,linear3,,45
p192,158.413,INTERACTIVE,op1,,1,const,,55
p192,,,op2,op1,15,linear3,,37.5
p192,,,op3,op2,2,sqrt,,55
p192,,,op4,op3,20,linear7,,30
p192,,,op5,op4,80,squared,,10
p192,,,op6,op5,1,const,,55
p192,,,op7,op6,15,linear3,,37.5
p193,158.413,QUERY,op1,,15,linear3,,35
p194,158.413,INTERACTIVE,op1,,1,const,,55
p194,,,op2,,40,linear7,,20
p194,,,op3,,15,linear3,,37.5
p194,,,op4,,40,linear7,,20
p194,,,op5,,1,const,,55
p194,,,op6,,80,squared,,10
p194,,,op7,,15,linear3,,37.5
p194,,,op8,op1;op2;op3;op4;op5;op6;op7,40,linear7,,20
p195,158.413,INTERACTIVE,op1,,1,const,,55
p195,,,op2,,5,linear3,,45
p195,,,op3,,15,linear3,,37.5
p195,,,op4,,40,linear7,,20
p195,,,op5,,1,const,,55
p195,,,op6,op1;op2;op3;op4;op5,20,linear7,,30
p196,158.413,BATCH_PIPELINE,op1,,1,const,,55
p196,,,op2,,20,linear7,,30
p196,,,op3,,1,const,,55
p196,,,op4,,20,linear7,,30
p196,,,op5,,1,const,,55
p196,,,op6,,15,linear3,,37.5
p196,,,op7,op1;op2;op3;op4;op5;op6,5,linear3,,45
p197,158.413,BATCH_PIPELINE,op1,,1,const,,55
p197,,,op2,,2,sqrt,,55
p197,,,op3,,40,linear7,,20
p197,,,op4,,20,linear7,,30
p197,,,op5,,5,linear3,,45
p197,,,op6,,5,linear3,,45
p197,,,op7,op1;op2;op3;op4;op5;op6,1,const,,55
p198,158.413,BATCH_PIPELINE,op1,,1,const,,55
p198,,,op2,,15,linear3,,37.5
p198,,,op3,,80,squared,,10
p198,,,op4,op1;op2;op3,1,const,,55
p199,158.413,BATCH_PIPELINE,op1,,1,const,,55
p199,,,op2,op1,2,sqrt,,55
p199,,,op3,op1,15,linear3,,37.5
p199,,,op4,op1,15,linear3,,37.5
p199,,,op5,op1,15,linear3,,37.5
p199,,,op6,op1,2,sqrt,,55
p199,,,op7,op1,5,linear3,,45
p199,,,op8,op1,1,const,,55
p199,,,op9,op1,15,linear3,,37.5
p199,,,op10,op1,15,linear3,,37.5
p199,,,op11,op1,5,linear3,,45
p200,158.413,INTERACTIVE,op1,,1,const,,55
p200,,,op2,op1,2,sqrt,,55
p200,,,op3,op2,5,linear3,,45
p200,,,op4,op3,1,const,,55
p200,,,op5,op4,1,const,,55
p200,,,op6,op5,2,sqrt,,55
p200,,,op7,op6,40,linear7,,20
p200,,,op8,op7,2,sqrt,,55
p200,,,op9,op8,20,linear7,,30
p201,166.202,QUERY,op1,,15,linear3,,35
p202,166.202,INTERACTIVE,op1,,1,const,,55
p202,,,op2,op1,1,const,,55
p202,,,op3,op2,1,const,,55
p202,,,op4,op3,2,sqrt,,55
p202,,,op5,op4,1,const,,55
p202,,,op6,op5,15,linear3,,37.5
p202,,,op7,op6,5,linear3,,45
p202,,,op8,op7,80,squared,,10
p202,,,op9,op8,1,const,,55
p203,166.202,QUERY,op1,,15,linear3,,35
p204,166.202,BATCH_PIPELINE,op1,,1,const,,55
p204,,,op2,op1,1,const,,55
p204,,,op3,op2,15,linear3,,37.5
p204,,,op4,op3,80,squared,,10
p204,,,op5,op4,5,linear3,,45
p204,,,op6,op5,15,linear3,,37.5
p204,,,op7,op6,40,linear7,,20
p205,166.202,BATCH_PIPELINE,op1,,1,const,,55
p205,,,op2,op1,20,linear7,,30
p205,,,op3,op2,5,linear3,,45
p205,,,op4,op3,1,const,,55
p205,,,op5,op4,15,linear3,,37.5
p205,,,op6,op5,2,sqrt,,55
p206,166.202,INTERACTIVE,op1,,1,const,,55
p206,,,op2,op1,40,linear7,,20
p206,,,op3,op2,1,const,,55
p206,,,op4,op3,2,sqrt,,55
p206,,,op5,op4,80,squared,,10
p206,,,op6,op5,40,linear7,,20
p206,,,op7,op6,15,linear3,,37.5
p206,,,op8,op7,2,sqrt,,55
p206,,,op9,op8,2,sqrt,,55
p207,166.202,BATCH_PIPELINE,op1,,1,const,,55
p207,,,op2,op1,5,linear3,,45
p207,,,op3,op1,5,linear3,,45
p207,,,op4,op1,1,const,,55
p207,,,op5,op1,2,sqrt,,55
p207,,,op6,op1,20,linear7,,30
p207,,,op7,op1,1,const,,55
p207,,,op8,op1,5,linear3,,45
p208,166.202,BATCH_PIPELINE,op1,,1,const,,55
p208,,,op2,op1,40,linear7,,20
p208,,,op3,op2,20,linear7,,30
p208,,,op4,op3,1,const,,55
p208,,,op5,op4,20,linear7,,30
p208,,,op6,op5,2,sqrt,,55
p208,,,op7,op6,2,sqrt,,55
p208,,,op8,op7,15,linear3,,37.5
p209,166.202,INTERACTIVE,op1,,1,const,,55
p209,,,op2,op1,2,sqrt,,55
p209,,,op3,op2,2,sqrt,,55
p209,,,op4,op3,2,sqrt,,55
p209,,,op5,op4,40,linear7,,20
p209,,,op6,op5,20,linear7,,30
p209,,,op7,op6,80,squared,,10
p209,,,op8,op7,80,squared,,10
p209,,,op9,op8,1,const,,55
p210,166.202,INTERACTIVE,op1,,1,const,,55
p210,,,op2,op1,2,sqrt,,55
p210,,,op3,op2,1,const,,55
p210,,,op4,op3,1,const,,55
p210,,,op5,op4,5,linear3,,45
p211,172.465,INTERACTIVE,op1,,1,const,,55
p211,,,op2,,5,linear3,,45
p211,,,op3,,15,linear3,,37.5
p211,,,op4,,1,const,,55
p211,,,op5,,80,squared,,10
p211,,,op6,op1;op2;op3;op4;op5,40,linear7,,20
p212,172.465,BATCH_PIPELINE,op1,,1,const,,55
p212,,,op2,op1,1,const,,55
p212,,,op3,op2,40,linear7,,20
p212,,,op4,op3,20,linear7,,30
p212,,,op5,op4,15,linear3,,37.5
p213,172.465,BATCH_PIPELINE,op1,,1,const,,55
p213,,,op2,op1,40,linear7,,20
p213,,,op3,op2,40,linear7,,20
p213,,,op4,op3,1,const,,55
p213,,,op5,op4,15,linear3,,37.5
p213,,,op6,op5,40,linear7,,20
p214,172.465,QUERY,op1,,15,linear3,,35
p215,172.465,QUERY,op1,,15,linear3,,35
p216,172.465,BATCH_PIPELINE,op1,,1,const,,55
p216,,,op2,,5,linear3,,45
p216,,,op3,,5,linear3,,45
p216,,,op4,,5,linear3,,45
p216,,,op5,,2,sqrt,,55
p216,,,op6,,5,linear3,,45
p216,,,op7,op1;op2;op3;op4;op5;op6,5,linear3,,45
p217,172.465,INTERACTIVE,op1,,1,const,,55
p217,,,op2,op1,15,linear3,,37.5
p217,,,op3,op2,1,const,,55
p217,,,op4,op3,15,linear3,,37.5
p217,,,op5,op4,5,linear3,,45
p217,,,op6,op5,15,linear3,,37.5
p217,,,op7,op6,20,linear7,,30
p218,172.465,BATCH_PIPELINE,op1,,1,const,,55
p218,,,op2,op1,5,linear3,,45
p218,,,op3,op2,15,linear3,,37.5
p218,,,op4,op3,5,linear3,,45
p219,172.465,BATCH_PIPELINE,op1,,1,const,,55
p219,,,op2,op1,5,linear3,,45
p219,,,op3,op2,1,const,,55
p219,,,op4,op3,20,linear7,,30
p219,,,op5,op4,40,linear7,,20
p219,,,op6,op5,20,linear7,,30
p219,,,op7,op6,2,sqrt,,55
p219,,,op8,op7,20,linear7,,30
p219,,,op9,op8,20,linear7,,30
p220,172.465,BATCH_PIPELINE,op1,,1,const,,55
p220,,,op2,op1,20,linear7,,30
p220,,,op3,op1,15,linear3,,37.5
p220,,,op4,op1,1,const,,55
p220,,,op5,op1,15,linear3,,37.5
p220,,,op6,op1,20,linear7,,30
p221,181.663,BATCH_PIPELINE,op1,,1,const,,55
p221,,,op2,,2,sqrt,,55
p221,,,op3,,2,sqrt,,55
p221,,,op4,,15,linear3,,37.5
p221,,,op5,,20,linear7,,30
p221,,,op6,,1,const,,55
p221,,,op7,op1;op2;op3;op4;op5;op6,1,const,,55
p222,181.663,INTERACTIVE,op1,,1,const,,55
p222,,,op2,op1,5,linear3,,45
p222,,,op3,op2,20,linear7,,30
p222,,,op4,op3,2,sqrt,,55
p222,,,op5,op4,15,linear3,,37.5
p222,,,op6,op5,5,linear3,,45
p222,,,op7,op6,20,linear7,,30
p222,,,op8,op7,15,linear3,,37.5
p223,181.663,BATCH_PIPELINE,op1,,1,const,,55
p223,,,op2,,15,linear3,,37.5
p223,,,op3,,1,const,,55
p223,,,op4,,20,linear7,,30
p223,,,op5,,1,const,,55
p223,,,op6,,40,linear7,,20
p223,,,op7,op1;op2;op3;op4;op5;op6,40,linear7,,20
p224,181.663,BATCH_PIPELINE,op1,,1,const,,55
p224,,,op2,op1,20,linear7,,30
p224,,,op3,op2,5,linear3,,45
p224,,,op4,op3,15,linear3,,37.5
p224,,,op5,op4,20,linear7,,30
p224,,,op6,op5,2,sqrt,,55
p224,,,op7,op6,2,sqrt,,55
p224,,,op8,op7,1,const,,55
p225,181.663,BATCH_PIPELINE,op1,,1,const,,55
p225,,,op2,op1,80,squared,,10
p225,,,op3,op2,40,linear7,,20
p225,,,op4,op3,1,const,,55
p226,181.663,QUERY,op1,,15,linear3,,35
p227,181.663,INTERACTIVE,op1,,1,const,,55
p227,,,op2,op1,1,const,,55
p227,,,op3,op2,15,linear3,,37.5
p227,,,op4,op3,1,const,,55
p227,,,op5,op4,15,linear3,,37.5
p227,,,op6,op5,1,const,,55
p227,,,op7,op6,20,linear7,,30
p228,181.663,INTERACTIVE,op1,,1,const,,55
p228,,,op2,op1,1,const,,55
p228,,,op3,op2,5,linear3,,45
p228,,,op4,op3,2,sqrt,,55
p228,,,op5,op4,1,const,,55
p228,,,op6,op5,15,linear3,,37.5
p229,181.663,INTERACTIVE,op1,,1,const,,55
p229,,,op2,op1,40,linear7,,20
p229,,,op3,op1,20,linear7,,30
p229,,,op4,op1,5,linear3,,45
p229,,,op5,op1,20,linear7,,30
p230,181.663,BATCH_PIPELINE,op1,,1,const,,55
p230,,,op2,,5,linear3,,45
p230,,,op3,,15,linear3,,37.5
p230,,,op4,,2,sqrt,,55
p230,,,op5,,20,linear7,,30
p230,,,op6,,20,linear7,,30
p230,,,op7,,1,const,,55
p230,,,op8,op1;op2;op3;op4;op5;op6;op7,40,linear7,,20
p231,183.806,BATCH_PIPELINE,op1,,1,const,,55
p231,,,op2,op1,1,const,,55
p231,,,op3,op2,1,const,,55
p231,,,op4,op3,40,linear7,,20
p231,,,op5,op4,1,const,,55
p231,,,op6,op5,40,linear7,,20
p231,,,op7,op6,5,linear3,,45
p231,,,op8,op7,1,const,,55
p231,,,op9,op8,2,sqrt,,55
p231,,,op10,op9,1,const,,55
p232,183.806,INTERACTIVE,op1,,1,const,,55
p232,,,op2,op1,5,linear3,,45
p232,,,op3,op2,2,sqrt,,55
p232,,,op4,op3,40,linear7,,20
p232,,,op5,op4,1,const,,55
p232,,,op6,op5,80,squared,,10
p232,,,op7,op6,5,linear3,,45
p232,,,op8,op7,1,const,,55
p232,,,op9,op8,2,sqrt,,55
p233,183.806,BATCH_PIPELINE,op1,,1,const,,55
p233,,,op2,op1,1,const,,55
p233,,,op3,op2,1,const,,55
p233,,,op4,op3,5,linear3,,45
p233,,,op5,op4,1,const,,55
p234,183.806,BATCH_PIPELINE,op1,,1,const,,55
p234,,,op2,op1,80,squared,,10
p234,,,op3,op2,15,linear3,,37.5
p234,,,op4,op3,15,linear3,,37.5
p234,,,op5,op4,1,const,,55
p234,,,op6,op5,2,sqrt,,55
p235,183.806,BATCH_PIPELINE,op1,,1,const,,55
p235,,,op2,op1,1,const,,55
p235,,,op3,op2,5,linear3,,45
p235,,,op4,op3,2,sqrt,,55
p235,,,op5,op4,15,linear3,,37.5
p236,183.806,BATCH_PIPELINE,op1,,1,const,,55
p236,,,op2,op1,2,sqrt,,55
p236,,,op3,op2,15,linear3,,37.5
p236,,,op4,op3,15,linear3,,37.5
p236,,,op5,op4,5,linear3,,45
p236,,,op6,op5,5,linear3,,45
p236,,,op7,op6,20,linear7,,30
p237,183.806,BATCH_PIPELINE,op1,,1,const,,55
p237,,,op2,op1,80,squared,,10
p237,,,op3,op2,1,const,,55
p237,,,op4,op3,20,linear7,,30
p237,,,op5,op4,1,const,,55
p237,,,op6,op5,15,linear3,,37.5
p237,,,op7,op6,80,squared,,10
p238,183.806,BATCH_PIPELINE,op1,,1,const,,55
p238,,,op2,,15,linear3,,37.5
p238,,,op3,,5,linear3,,45
p238,,,op4,,2,sqrt,,55
p238,,,op5,,5,linear3,,45
p238,,,op6,,15,linear3,,37.5
p238,,,op7,,2,sqrt,,55
p238,,,op8,op1;op2;op3;op4;op5;op6;op7,2,sqrt,,55
p239,183.806,INTERACTIVE,op1,,1,const,,55
p239,,,op2,op1,15,linear3,,37.5
p239,,,op3,op1,20,linear7,,30
p239,,,op4,op1,15,linear3,,37.5
p239,,,op5,op1,15,linear3,,37.5
p239,,,op6,op1,15,linear3,,37.5
p239,,,op7,op1,5,linear3,,45
p239,,,op8,op1,2,sqrt,,55
p240,183.806,BATCH_PIPELINE,op1,,1,const,,55
p240,,,op2,op1,15,linear3,,37.5
p240,,,op3,op2,15,linear3,,37.5
p240,,,op4,op3,1,const,,55
p240,,,op5,op4,40,linear7,,20
p240,,,op6,op5,5,linear3,,45
p240,,,op7,op6,1,const,,55
p241,195.481,INTERACTIVE,op1,,1,const,,55
p241,,,op2,op1,20,linear7,,30
p241,,,op3,op1,5,linear3,,45
p241,,,op4,op1,80,squared,,10
p241,,,op5,op1,15,linear3,,37.5
p242,195.481,BATCH_PIPELINE,op1,,1,const,,55
p242,,,op2,op1,15,linear3,,37.5
p242,,,op3,op2,15,linear3,,37.5
p242,,,op4,op3,2,sqrt,,55
p242,,,op5,op4,15,linear3,,37.5
p242,,,op6,op5,5,linear3,,45
p243,195.481,BATCH_PIPELINE,op1,,1,const,,55
p243,,,op2,op1,1,const,,55
p243,,,op3,op2,15,linear3,,37.5
p243,,,op4,op3,5,linear3,,45
p243,,,op5,op4,40,linear7,,20
p244,195.481,INTERACTIVE,op1,,1,const,,55
p244,,,op2,op1,15,linear3,,37.5
p244,,,op3,op2,20,linear7,,30
p244,,,op4,op3,5,linear3,,45
p244,,,op5,op4,20,linear7,,30
p244,,,op6,op5,2,sqrt,,55
p244,,,op7,op6,15,linear3,,37.5
p244,,,op8,op7,20,linear7,,30
p244,,,op9,op8,20,linear7,,30
p245,195.481,BATCH_PIPELINE,op1,,1,const,,55
p245,,,op2,op1,2,sqrt,,55
p245,,,op3,op2,20,linear7,,30
p245,,,op4,op3,15,linear3,,37.5
p245,,,op5,op4,15,linear3,,37.5
p245,,,op6,op5,1,const,,55
p246,195.481,QUERY,op1,,15,linear3,,35
p247,195.481,BATCH_PIPELINE,op1,,1,const,,55
p247,,,op2,op1,15,linear3,,37.5
p247,,,op3,op2,20,linear7,,30
p247,,,op4,op3,5,linear3,,45
p247,,,op5,op4,1,const,,55
p247,,,op6,op5,2,sqrt,,55
p247,,,op7,op6,1,const,,55
p247,,,op8,op7,1,const,,55
p247,,,op9,op8,80,squared,,10
p247,,,op10,op9,15,linear3,,37.5
p248,195.481,BATCH_PIPELINE,op1,,1,const,,55
p248,,,op2,op1,20,linear7,,30
p248,,,op3,op2,5,linear3,,45
p248,,,op4,op3,20,linear7,,30
p248,,,op5,op4,5,linear3,,45
p248,,,op6,op5,5,linear3,,45
p248,,,op7,op6,1,const,,55
p249,195.481,INTERACTIVE,op1,,1,const,,55
p249,,,op2,op1,2,sqrt,,55
p249,,,op3,op2,1,const,,55
p249,,,op4,op3,5,linear3,,45
p249,,,op5,op4,15,linear3,,37.5
p249,,,op6,op5,1,const,,55
p249,,,op7,op6,2,sqrt,,55
p250,195.481,QUERY,op1,,15,linear3,,35
p251,205.352,INTERACTIVE,op1,,1,const,,55
p251,,,op2,op1,20,linear7,,30
p251,,,op3,op1,5,linear3,,45
p251,,,op4,op1,5,linear3,,45
p251,,,op5,op1,2,sqrt,,55
p251,,,op6,op1,15,linear3,,37.5
p251,,,op7,op1,15,linear3,,37.5
p251,,,op8,op1,20,linear7,,30
p252,205.352,BATCH_PIPELINE,op1,,1,const,,55
p252,,,op2,,20,linear7,,30
p252,,,op3,,20,linear7,,30
p252,,,op4,,2,sqrt,,55
p252,,,op5,,1,const,,55
p252,,,op6,,80,squared,,10
p252,,,op7,,15,linear3,,37.5
p252,,,op8,,1,const,,55
p252,,,op9,op1;op2;op3;op4;op5;op6;op7;op8,2,sqrt,,55
p253,205.352,QUERY,op1,,15,linear3,,35
p254,205.352,BATCH_PIPELINE,op1,,1,const,,55
p254,,,op2,op1,1,const,,55
p254,,,op3,op2,2,sqrt,,55
p254,,,op4,op3,15,linear3,,37.5
p254,,,op5,op4,15,linear3,,37.5
p254,,,op6,op5,15,linear3,,37.5
p255,205.352,BATCH_PIPELINE,op1,,1,const,,55
p255,,,op2,op1,5,linear3,,45
p255,,,op3,op2,15,linear3,,37.5
p255,,,op4,op3,15,linear3,,37.5
p255,,,op5,op4,15,linear3,,37.5
p255,,,op6,op5,20,linear7,,30
p255,,,op7,op6,20,linear7,,30
p255,,,op8,op7,15,linear3,,37.5
p256,205.352,BATCH_PIPELINE,op1,,1,const,,55
p256,,,op2,op1,15,linear3,,37.5
p256,,,op3,op2,80,squared,,10
p256,,,op4,op3,2,sqrt,,55
p256,,,op5,op4,15,linear3,,37.5
p256,,,op6,op5,40,linear7,,20
p256,,,op7,op6,15,linear3,,37.5
p256,,,op8,op7,80,squared,,10
p257,205.352,BATCH_PIPELINE,op1,,1,const,,55
p257,,,op2,,5,linear3,,45
p257,,,op3,,15,linear3,,37.5
p257,,,op4,,20,linear7,,30
p257,,,op5,,15,linear3,,37.5
p257,,,op6,,40,linear7,,20
p257,,,op7,,5,linear3,,45
p257,,,op8,op1;op2;op3;op4;op5;op6;op7,5,linear3,,45
p258,205.352,INTERACTIVE,op1,,1,const,,55
p258,,,op2,,2,sqrt,,55
p258,,,op3,,2,sqrt,,55
p258,,,op4,,20,linear7,,30
p258,,,op5,,5,linear3,,45
p258,,,op6,,15,linear3,,37.5
p258,,,op7,,5,linear3,,45
p258,,,op8,op1;op2;op3;op4;op5;op6;op7,20,linear7,,30
p259,205.352,INTERACTIVE,op1,,1,const,,55
p259,,,op2,op1,20,linear7,,30
p259,,,op3,op1,15,linear3,,37.5
p259,,,op4,op1,2,sqrt,,55
p259,,,op5,op1,20,linear7,,30
p260,205.352,BATCH_PIPELINE,op1,,1,const,,55
p260,,,op2,op1,40,linear7,,20
p260,,,op3,op2,20,linear7,,30
p260,,,op4,op3,20,linear7,,30
p260,,,op5,op4,40,linear7,,20
p260,,,op6,op5,80,squared,,10
p261,210.507,BATCH_PIPELINE,op1,,1,const,,55
p261,,,op2,op1,1,const,,55
p261,,,op3,op2,5,linear3,,45
p261,,,op4,op3,1,const,,55
p261,,,op5,op4,15,linear3,,37.5
p261,,,op6,op5,15,linear3,,37.5
p262,210.507,BATCH_PIPELINE,op1,,1,const,,55
p262,,,op2,op1,5,linear3,,45
p262,,,op3,op2,80,squared,,10
p262,,,op4,op3,15,linear3,,37.5
p262,,,op5,op4,1,const,,55
p262,,,op6,op5,1,const,,55
p262,,,op7,op6,1,const,,55
p262,,,op8,op7,15,linear3,,37.5
p262,,,op9,op8,5,linear3,,45
p263,210.507,INTERACTIVE,op1,,1,const,,55
p263,,,op2,op1,20,linear7,,30
p263,,,op3,op2,2,sqrt,,55
p263,,,op4,op3,2,sqrt,,55
p263,,,op5,op4,15,linear3,,37.5
p263,,,op6,op5,15,linear3,,37.5
p263,,,op7,op6,1,const,,55
p263,,,op8,op7,5,linear3,,45
p263,,,op9,op8,15,linear3,,37.5
p263,,,op10,op9,5,linear3,,45
p263,,,op11,op10,2,sqrt,,55
p263,,,op12,op11,2,sqrt,,55
p264,210.507,BATCH_PIPELINE,op1,,1,const,,55
p264,,,op2,op1,40,linear7,,20
p264,,,op3,op2,5,linear3,,45
p264,,,op4,op3,5,linear3,,45
p264,,,op5,op4,15,linear3,,37.5
p264,,,op6,op5,20,linear7,,30
p264,,,op7,op6,5,linear3,,45
p264,,,op8,op7,20,linear7,,30
p265,210.507,BATCH_PIPELINE,op1,,1,const,,55
p265,,,op2,op1,2,sqrt,,55
p265,,,op3,op2,15,linear3,,37.5
p265,,,op4,op3,15,linear3,,37.5
p265,,,op5,op4,5,linear3,,45
p265,,,op6,op5,2,sqrt,,55
p265,,,op7,op6,1,const,,55
p265,,,op8,op7,15,linear3,,37.5
p265,,,op9,op8,2,sqrt,,55
p265,,,op10,op9,15,linear3,,37.5
p266,210.507,BATCH_PIPELINE,op1,,1,const,,55
p266,,,op2,op1,15,linear3,,37.5
p266,,,op3,op2,20,linear7,,30
p266,,,op4,op3,80,squared,,10
p266,,,op5,op4,15,linear3,,37.5
p267,210.507,BATCH_PIPELINE,op1,,1,const,,55
p267,,,op2,op1,80,squared,,10
p267,,,op3,op2,2,sqrt,,55
p267,,,op4,op3,1,const,,55
p267,,,op5,op4,5,linear3,,45
p268,210.507,BATCH_PIPELINE,op1,,1,const,,55
p268,,,op2,op1,40,linear7,,20
p268,,,op3,op2,2,sqrt,,55
p268,,,op4,op3,1,const,,55
p268,,,op5,op4,20,linear7,,30
p268,,,op6,op5,15,linear3,,37.5
p269,210.507,QUERY,op1,,15,linear3,,35
p270,210.507,BATCH_PIPELINE,op1,,1,const,,55
p270,,,op2,op1,40,linear7,,20
p270,,,op3,op2,1,const,,55
p270,,,op4,op3,5,linear3,,45
p270,,,op5,op4,20,linear7,,30
p270,,,op6,op5,1,const,,55
p271,221.834,INTERACTIVE,op1,,1,const,,55
p271,,,op2,op1,40,linear7,,20
p271,,,op3,op2,20,linear7,,30
p271,,,op4,op3,1,const,,55
p271,,,op5,op4,2,sqrt,,55
p271,,,op6,op5,15,linear3,,37.5
p271,,,op7,op6,5,linear3,,45
p271,,,op8,op7,15,linear3,,37.5
p272,221.834,INTERACTIVE,op1,,1,const,,55
p272,,,op2,,1,const,,55
p272,,,op3,,5,linear3,,45
p272,,,op4,,15,linear3,,37.5
p272,,,op5,,1,const,,55
p272,,,op6,,20,linear7,,30
p272,,,op7,,20,linear7,,30
p272,,,op8,,15,linear3,,37.5
p272,,,op9,op1;op2;op3;op4;op5;op6;op7;op8,1,const,,55
p273,221.834,INTERACTIVE,op1,,1,const,,55
p273,,,op2,op1,1,const,,55
p273,,,op3,op2,40,linear7,,20
p273,,,op4,op3,15,linear3,,37.5
p273,,,op5,op4,40,linear7,,20
p273,,,op6,op5,15,linear3,,37.5
p273,,,op7,op6,15,linear3,,37.5
p273,,,op8,op7,15,linear3,,37.5
p273,,,op9,op8,20,linear7,,30
p273,,,op10,op9,80,squared,,10
p273,,,op11,op10,20,linear7,,30
p274,221.834,QUERY,op1,,15,linear3,,35
p275,221.834,INTERACTIVE,op1,,1,const,,55
p275,,,op2,,5,linear3,,45
p275,,,op3,,40,linear7,,20
p275,,,op4,,20,linear7,,30
p275,,,op5,,80,squared,,10
p275,,,op6,,2,sqrt,,55
p275,,,op7,,2,sqrt,,55
p275,,,op8,,5,linear3,,45
p275,,,op9,,5,linear3,,45
p275,,,op10,op1;op2;op3;op4;op5;op6;op7;op8;op9,2,sqrt,,55
p276,221.834,INTERACTIVE,op1,,1,const,,55
p276,,,op2,op1,5,linear3,,45
p276,,,op3,op2,80,squared,,10
p276,,,op4,op3,15,linear3,,37.5
p276,,,op5,op4,40,linear7,,20
p276,,,op6,op5,15,linear3,,37.5
p276,,,op7,op6,20,linear7,,30
p277,221.834,QUERY,op1,,15,linear3,,35
p278,221.834,BATCH_PIPELINE,op1,,1,const,,55
p278,,,op2,op1,15,linear3,,37.5
p278,,,op3,op2,5,linear3,,45
p278,,,op4,op3,15,linear3,,37.5
p278,,,op5,op4,80,squared,,10
p278,,,op6,op5,5,linear3,,45
p278,,,op7,op6,15,linear3,,37.5
p278,,,op8,op7,40,linear7,,20
p279,221.834,INTERACTIVE,op1,,1,const,,55
p279,,,op2,op1,20,linear7,,30
p279,,,op3,op2,1,const,,55
p279,,,op4,op3,40,linear7,,20
p279,,,op5,op4,15,linear3,,37.5
p279,,,op6,op5,20,linear7,,30
p279,,,op7,op6,2,sqrt,,55
p279,,,op8,op7,1,const,,55
p280,221.834,INTERACTIVE,op1,,1,const,,55
p280,,,op2,op1,15,linear3,,37.5
p280,,,op3,op2,80,squared,,10
p280,,,op4,op3,20,linear7,,30
p280,,,op5,op4,40,linear7,,20
p280,,,op6,op5,20,linear7,,30
p280,,,op7,op6,40,linear7,,20
p281,230.407,INTERACTIVE,op1,,1,const,,55
p281,,,op2,op1,2,sqrt,,55
p281,,,op3,op2,5,linear3,,45
p281,,,op4,op3,2,sqrt,,55
p281,,,op5,op4,80,squared,,10
p281,,,op6,op5,20,linear7,,30
p281,,,op7,op6,20,linear7,,30
p282,230.407,BATCH_PIPELINE,op1,,1,const,,55
p282,,,op2,op1,1,const,,55
p282,,,op3,op1,1,const,,55
p282,,,op4,op1,15,linear3,,37.5
p282,,,op5,op1,15,linear3,,37.5
p282,,,op6,op1,40,linear7,,20
p282,,,op7,op1,80,squared,,10
p283,230.407,BATCH_PIPELINE,op1,,1,const,,55
p283,,,op2,op1,15,linear3,,37.5
p283,,,op3,op2,80,squared,,10
p283,,,op4,op3,40,linear7,,20
p283,,,op5,op4,40,linear7,,20
p283,,,op6,op5,5,linear3,,45
p284,230.407,QUERY,op1,,15,linear3,,35
p285,230.407,BATCH_PIPELINE,op1,,1,const,,55
p285,,,op2,op1,5,linear3,,45
p285,,,op3,op2,80,squared,,10
p285,,,op4,op3,5,linear3,,45
p285,,,op5,op4,1,const,,55
p286,230.407,QUERY,op1,,15,linear3,,35
p287,230.407,BATCH_PIPELINE,op1,,1,const,,55
p287,,,op2,,5,linear3,,45
p287,,,op3,,20,linear7,,30
p287,,,op4,,1,const,,55
p287,,,op5,,2,sqrt,,55
p287,,,op6,,20,linear7,,30
p287,,,op7,,2,sqrt,,55
p287,,,op8,op1;op2;op3;op4;op5;op6;op7,1,const,,55
p288,230.407,BATCH_PIPELINE,op1,,1,const,,55
p288,,,op2,,1,const,,55
p288,,,op3,,20,linear7,,30
p288,,,op4,,1,const,,55
p288,,,op5,,15,linear3,,37.5
p288,,,op6,,2,sqrt,,55
p288,,,op7,,1,const,,55
p288,,,op8,,5,linear3,,45
p288,,,op9,,5,linear3,,45
p288,,,op10,op1;op2;op3;op4;op5;op6;op7;op8;op9,2,sqrt,,55
p289,230.407,BATCH_PIPELINE,op1,,1,const,,55
p289,,,op2,,15,linear3,,37.5
p289,,,op3,,2,sqrt,,55
p289,,,op4,,2,sqrt,,55
p289,,,op5,,1,const,,55
p289,,,op6,,15,linear3,,37.5
p289,,,op7,op1;op2;op3;op4;op5;op6,5,linear3,,45
p290,230.407,BATCH_PIPELINE,op1,,1,const,,55
p290,,,op2,op1,80,squared,,10
p290,,,op3,op2,1,const,,55
p290,,,op4,op3,1,const,,55
p290,,,op5,op4,40,linear7,,20
p290,,,op6,op5,40,linear7,,20
p291,237.731,INTERACTIVE,op1,,1,const,,55
p291,,,op2,op1,1,const,,55
p291,,,op3,op1,5,linear3,,45
p291,,,op4,op1,80,squared,,10
p291,,,op5,op1,5,linear3,,45
p291,,,op6,op1,15,linear3,,37.5
p291,,,op7,op1,40,linear7,,20
p291,,,op8,op1,80,squared,,10
p291,,,op9,op1,2,sqrt,,55
p292,237.731,BATCH_PIPELINE,op1,,1,const,,55
p292,,,op2,op1,40,linear7,,20
p292,,,op3,op2,1,const,,55
p292,,,op4,op3,15,linear3,,37.5
p292,,,op5,op4,5,linear3,,45
p292,,,op6,op5,2,sqrt,,55
p292,,,op7,op6,2,sqrt,,55
p292,,,op8,op7,15,linear3,,37.5
p292,,,op9,op8,20,linear7,,30
p292,,,op10,op9,5,linear3,,45
p292,,,op11,op10,15,linear3,,37.5
p293,237.731,BATCH_PIPELINE,op1,,1,const,,55
p293,,,op2,op1,20,linear7,,30
p293,,,op3,op2,80,squared,,10
p293,,,op4,op3,5,linear3,,45
p293,,,op5,op4,5,linear3,,45
p293,,,op6,op5,20,linear7,,30
p294,237.731,BATCH_PIPELINE,op1,,1,const,,55
p294,,,op2,op1,20,linear7,,30
p294,,,op3,op2,2,sqrt,,55
p294,,,op4,op3,5,linear3,,45
p294,,,op5,op4,15,linear3,,37.5
p294,,,op6,op5,20,linear7,,30
p295,237.731,BATCH_PIPELINE,op1,,1,const,,55
p295,,,op2,op1,1,const,,55
p295,,,op3,op2,1,const,,55
p295,,,op4,op3,5,linear3,,45
p296,237.731,INTERACTIVE,op1,,1,const,,55
p296,,,op2,op1,5,linear3,,45
p296,,,op3,op2,40,linear7,,20
p296,,,op4,op3,20,linear7,,30
p296,,,op5,op4,15,linear3,,37.5
p296,,,op6,op5,5,linear3,,45
p297,237.731,INTERACTIVE,op1,,1,const,,55
p297,,,op2,op1,2,sqrt,,55
p297,,,op3,op1,15,linear3,,37.5
p297,,,op4,op1,1,const,,55
p297,,,op5,op1,15,linear3,,37.5
p297,,,op6,op1,20,linear7,,30
p297,,,op7,op1,5,linear3,,45
p297,,,op8,op1,80,squared,,10
p298,237.731,BATCH_PIPELINE,op1,,1,const,,55
p298,,,op2,op1,5,linear3,,45
p298,,,op3,op2,5,linear3,,45
p298,,,op4,op3,15,linear3,,37.5
p298,,,op5,op4,20,linear7,,30
p298,,,op6,op5,40,linear7,,20
p298,,,op7,op6,5,linear3,,45
p298,,,op8,op7,20,linear7,,30
p299,237.731,INTERACTIVE,op1,,1,const,,55
p299,,,op2,op1,40,linear7,,20
p299,,,op3,op2,80,squared,,10
p299,,,op4,op3,5,linear3,,45
p299,,,op5,op4,1,const,,55
p299,,,op6,op5,2,sqrt,,55
p299,,,op7,op6,40,linear7,,20
p299,,,op8,op7,20,linear7,,30
p299,,,op9,op8,15,linear3,,37.5
p300,237.731,BATCH_PIPELINE,op1,,1,const,,55
p300,,,op2,op1,20,linear7,,30
p300,,,op3,op2,80,squared,,10
p300,,,op4,op3,15,linear3,,37.5
p300,,,op5,op4,20,linear7,,30
p300,,,op6,op5,5,linear3,,45
p300,,,op7,op6,2,sqrt,,55
p300,,,op8,op7,80,squared,,10
p301,247.21800000000002,BATCH_PIPELINE,op1,,1,const,,55
p301,,,op2,op1,15,linear3,,37.5
p301,,,op3,op2,40,linear7,,20
p301,,,op4,op3,20,linear7,,30
p301,,,op5,op4,1,const,,55
p301,,,op6,op5,5,linear3,,45
p301,,,op7,op6,80,squared,,10
p301,,,op8,op7,5,linear3,,45
p302,247.21800000000002,BATCH_PIPELINE,op1,,1,const,,55
p302,,,op2,op1,5,linear3,,45
p302,,,op3,op2,5,linear3,,45
p302,,,op4,op3,40,linear7,,20
p302,,,op5,op4,2,sqrt,,55
p302,,,op6,op5,40,linear7,,20
p302,,,op7,op6,20,linear7,,30
p302,,,op8,op7,15,linear3,,37.5
p302,,,op9,op8,15,linear3,,37.5
p302,,,op10,op9,5,linear3,,45
p302,,,op11,op10,40,linear7,,20
p303,247.21800000000002,BATCH_PIPELINE,op1,,1,const,,55
p303,,,op2,op1,20,linear7,,30
p303,,,op3,op2,15,linear3,,37.5
p303,,,op4,op3,15,linear3,,37.5
p304,247.21800000000002,BATCH_PIPELINE,op1,,1,const,,55
p304,,,op2,,5,linear3,,45
p304,,,op3,,5,linear3,,45
p304,,,op4,,80,squared,,10
p304,,,op5,,1,const,,55
p304,,,op6,,15,linear3,,37.5
p304,,,op7,,1,const,,55
p304,,,op8,,5,linear3,,45
p304,,,op9,op1;op2;op3;op4;op5;op6;op7;op8,5,linear3,,45
p305,247.21800000000002,BATCH_PIPELINE,op1,,1,const,,55
p305,,,op2,op1,1,const,,55
p305,,,op3,op2,20,linear7,,30
p305,,,op4,op3,40,linear7,,20
p305,,,op5,op4,40,linear7,,20
p305,,,op6,op5,15,linear3,,37.5
p305,,,op7,op6,15,linear3,,37.5
p305,,,op8,op7,40,linear7,,20
p306,247.21800000000002,INTERACTIVE,op1,,1,const,,55
p306,,,op2,op1,15,linear3,,37.5
p306,,,op3,op2,15,linear3,,37.5
p306,,,op4,op3,1,const,,55
p306,,,op5,op4,15,linear3,,37.5
p306,,,op6,op5,80,squared,,10
p306,,,op7,op6,20,linear7,,30
p306,,,op8,op7,40,linear7,,20
p306,,,op9,op8,15,linear3,,37.5
p306,,,op10,op9,5,linear3,,45
p307,247.21800000000002,BATCH_PIPELINE,op1,,1,const,,55
p307,,,op2,op1,40,linear7,,20
p307,,,op3,op2,40,linear7,,20
p307,,,op4,op3,2,sqrt,,55
p307,,,op5,op4,20,linear7,,30
p307,,,op6,op5,5,linear3,,45
p308,247.21800000000002,BATCH_PIPELINE,op1,,1,const,,55
p308,,,op2,op1,15,linear3,,37.5
p308,,,op3,op2,40,linear7,,20
p308,,,op4,op3,15,linear3,,37.5
p308,,,op5,op4,20,linear7,,30
p308,,,op6,op5,2,sqrt,,55
p308,,,op7,op6,80,squared,,10
p308,,,op8,op7,15,linear3,,37.5
p309,247.21800000000002,BATCH_PIPELINE,op1,,1,const,,55
p309,,,op2,op1,40,linear7,,20
p309,,,op3,op2,15,linear3,,37.5
p309,,,op4,op3,1,const,,55
p310,247.21800000000002,INTERACTIVE,op1,,1,const,,55
p310,,,op2,,5,linear3,,45
p310,,,op3,,15,linear3,,37.5
p310,,,op4,,40,linear7,,20
p310,,,op5,,2,sqrt,,55
p310,,,op6,op1;op2;op3;op4;op5,2,sqrt,,55
p311,255.776,QUERY,op1,,15,linear3,,35
p312,255.776,BATCH_PIPELINE,op1,,1,const,,55
p312,,,op2,op1,2,sqrt,,55
p312,,,op3,op2,5,linear3,,45
p312,,,op4,op3,1,const,,55
p313,255.776,BATCH_PIPELINE,op1,,1,const,,55
p313,,,op2,op1,2,sqrt,,55
p313,,,op3,op2,80,squared,,10
p313,,,op4,op3,2,sqrt,,55
p313,,,op5,op4,2,sqrt,,55
p313,,,op6,op5,80,squared,,10
p313,,,op7,op6,15,linear3,,37.5
p314,255.776,BATCH_PIPELINE,op1,,1,const,,55
p314,,,op2,,40,linear7,,20
p314,,,op3,,2,sqrt,,55
p314,,,op4,,5,linear3,,45
p314,,,op5,,15,linear3,,37.5
p314,,,op6,,2,sqrt,,55
p314,,,op7,op1;op2;op3;op4;op5;op6,5,linear3,,45
p315,255.776,BATCH_PIPELINE,op1,,1,const,,55
p315,,,op2,op1,20,linear7,,30
p315,,,op3,op1,40,linear7,,20
p315,,,op4,op1,5,linear3,,45
p315,,,op5,op1,5,linear3,,45
p315,,,op6,op1,20,linear7,,30
p315,,,op7,op1,2,sqrt,,55
p315,,,op8,op1,20,linear7,,30
p315,,,op9,op1,5,linear3,,45
p315,,,op10,op1,2,sqrt,,55
p316,255.776,BATCH_PIPELINE,op1,,1,const,,55
p316,,,op2,op1,80,squared,,10
p316,,,op3,op1,2,sqrt,,55
p316,,,op4,op1,15,linear3,,37.5
p316,,,op5,op1,80,squared,,10
p316,,,op6,op1,1,const,,55
p316,,,op7,op1,1,const,,55
p316,,,op8,op1,40,linear7,,20
p316,,,op9,op1,2,sqrt,,55
p316,,,op10,op1,5,linear3,,45
p317,255.776,BATCH_PIPELINE,op1,,1,const,,55
p317,,,op2,op1,5,linear3,,45
p317,,,op3,op2,15,linear3,,37.5
p317,,,op4,op3,1,const,,55
p317,,,op5,op4,2,sqrt,,55
p317,,,op6,op5,5,linear3,,45
p317,,,op7,op6,1,const,,55
p317,,,op8,op7,5,linear3,,45
p318,255.776,INTERACTIVE,op1,,1,const,,55
p318,,,op2,op1,5,linear3,,45
p318,,,op3,op1,2,sqrt,,55
p318,,,op4,op1,20,linear7,,30
p318,,,op5,op1,40,linear7,,20
p318,,,op6,op1,5,linear3,,45
p318,,,op7,op1,15,linear3,,37.5
p319,255.776,INTERACTIVE,op1,,1,const,,55
p319,,,op2,,20,linear7,,30
p319,,,op3,,1,const,,55
p319,,,op4,,15,linear3,,37.5
p319,,,op5,,40,linear7,,20
p319,,,op6,,5,linear3,,45
p319,,,op7,,20,linear7,,30
p319,,,op8,op1;op2;op3;op4;op5;op6;op7,2,sqrt,,55
p320,255.776,INTERACTIVE,op1,,1,const,,55
p320,,,op2,op1,5,linear3,,45
p320,,,op3,op2,40,linear7,,20
p320,,,op4,op3,1,const,,55
p320,,,op5,op4,1,const,,55
p320,,,op6,op5,1,const,,55
p320,,,op7,op6,5,linear3,,45
p320,,,op8,op7,5,linear3,,45
p321,267.925,BATCH_PIPELINE,op1,,1,const,,55
p321,,,op2,op1,15,linear3,,37.5
p321,,,op3,op2,2,sqrt,,55
p321,,,op4,op3,20,linear7,,30
p321,,,op5,op4,1,const,,55
p321,,,op6,op5,20,linear7,,30
p321,,,op7,op6,40,linear7,,20
p321,,,op8,op7,15,linear3,,37.5
p322,267.925,BATCH_PIPELINE,op1,,1,const,,55
p322,,,op2,op1,15,linear3,,37.5
p322,,,op3,op1,5,linear3,,45
p322,,,op4,op1,5,linear3,,45
p322,,,op5,op1,20,linear7,,30
p322,,,op6,op1,5,linear3,,45
p322,,,op7,op1,1,const,,55
p322,,,op8,op1,5,linear3,,45
p323,267.925,BATCH_PIPELINE,op1,,1,const,,55
p323,,,op2,op1,40,linear7,,20
p323,,,op3,op2,1,const,,55
p323,,,op4,op3,15,linear3,,37.5
p323,,,op5,op4,40,linear7,,20
p323,,,op6,op5,1,const,,55
p323,,,op7,op6,15,linear3,,37.5
p323,,,op8,op7,2,sqrt,,55
p324,267.925,BATCH_PIPELINE,op1,,1,const,,55
p324,,,op2,op1,80,squared,,10
p324,,,op3,op2,1,const,,55
p324,,,op4,op3,1,const,,55
p324,,,op5,op4,1,const,,55
p324,,,op6,op5,80,squared,,10
p325,267.925,BATCH_PIPELINE,op1,,1,const,,55
p325,,,op2,op1,2,sqrt,,55
p325,,,op3,op2,5,linear3,,45
p325,,,op4,op3,80,squared,,10
p325,,,op5,op4,40,linear7,,20
p325,,,op6,op5,2,sqrt,,55
p325,,,op7,op6,20,linear7,,30
p326,267.925,INTERACTIVE,op1,,1,const,,55
p326,,,op2,op1,40,linear7,,20
p326,,,op3,op2,40,linear7,,20
p326,,,op4,op3,5,linear3,,45
p327,267.925,QUERY,op1,,15,linear3,,35
p328,267.925,BATCH_PIPELINE,op1,,1,const,,55
p328,,,op2,op1,5,linear3,,45
p328,,,op3,op2,1,const,,55
p328,,,op4,op3,15,linear3,,37.5
p328,,,op5,op4,40,linear7,,20
p329,267.925,BATCH_PIPELINE,op1,,1,const,,55
p329,,,op2,op1,20,linear7,,30
p329,,,op3,op2,20,linear7,,30
p329,,,op4,op3,2,sqrt,,55
p329,,,op5,op4,1,const,,55
p329,,,op6,op5,2,sqrt,,55
p329,,,op7,op6,20,linear7,,30
p329,,,op8,op7,2,sqrt,,55
p329,,,op9,op8,2,sqrt,,55
p330,267.925,BATCH_PIPELINE,op1,,1,const,,55
p330,,,op2,op1,20,linear7,,30
p330,,,op3,op2,20,linear7,,30
p330,,,op4,op3,20,linear7,,30
p330,,,op5,op4,5,linear3,,45
p330,,,op6,op5,5,linear3,,45
p330,,,op7,op6,5,linear3,,45
p330,,,op8,op7,80,squared,,10
p330,,,op9,op8,20,linear7,,30
p330,,,op10,op9,5,linear3,,45
p330,,,op11,op10,15,linear3,,37.5
p331,274.651,INTERACTIVE,op1,,1,const,,55
p331,,,op2,op1,40,linear7,,20
p331,,,op3,op2,15,linear3,,37.5
p331,,,op4,op3,15,linear3,,37.5
p331,,,op5,op4,15,linear3,,37.5
p331,,,op6,op5,5,linear3,,45
p332,274.651,BATCH_PIPELINE,op1,,1,const,,55
p332,,,op2,op1,5,linear3,,45
p332,,,op3,op2,2,sqrt,,55
p332,,,op4,op3,2,sqrt,,55
p332,,,op5,op4,40,linear7,,20
p332,,,op6,op5,20,linear7,,30
p332,,,op7,op6,20,linear7,,30
p333,274.651,BATCH_PIPELINE,op1,,1,const,,55
p333,,,op2,op1,5,linear3,,45
p333,,,op3,op2,20,linear7,,30
p333,,,op4,op3,20,linear7,,30
p333,,,op5,op4,2,sqrt,,55
p333,,,op6,op5,2,sqrt,,55
p333,,,op7,op6,15,linear3,,37.5
p333,,,op8,op7,80,squared,,10
p333,,,op9,op8,1,const,,55
p334,274.651,QUERY,op1,,15,linear3,,35
p335,274.651,INTERACTIVE,op1,,1,const,,55
p335,,,op2,op1,5,linear3,,45
p335,,,op3,op2,5,linear3,,45
p335,,,op4,op3,2,sqrt,,55
p335,,,op5,op4,15,linear3,,37.5
p335,,,op6,op5,2,sqrt,,55
p336,274.651,QUERY,op1,,15,linear3,,35
p337,274.651,BATCH_PIPELINE,op1,,1,const,,55
p337,,,op2,op1,1,const,,55
p337,,,op3,op2,15,linear3,,37.5
p337,,,op4,op3,20,linear7,,30
p337,,,op5,op4,1,const,,55
p337,,,op6,op5,15,linear3,,37.5
p337,,,op7,op6,5,linear3,,45
p337,,,op8,op7,80,squared,,10
p337,,,op9,op8,80,squared,,10
p338,274.651,BATCH_PIPELINE,op1,,1,const,,55
p338,,,op2,op1,20,linear7,,30
p338,,,op3,op2,20,linear7,,30
p338,,,op4,op3,2,sqrt,,55
p338,,,op5,op4,15,linear3,,37.5
p338,,,op6,op5,5,linear3,,45
p338,,,op7,op6,20,linear7,,30
p338,,,op8,op7,15,linear3,,37.5
p338,,,op9,op8,40,linear7,,20
p338,,,op10,op9,15,linear3,,37.5
p338,,,op11,op10,5,linear3,,45
p338,,,op12,op11,40,linear7,,20
p339,274.651,QUERY,op1,,15,linear3,,35
p340,274.651,BATCH_PIPELINE,op1,,1,const,,55
p340,,,op2,,2,sqrt,,55
p340,,,op3,,2,sqrt,,55
p340,,,op4,,20,linear7,,30
p340,,,op5,,20,linear7,,30
p340,,,op6,op1;op2;op3;op4;op5,5,linear3,,45
p341,286.871,BATCH_PIPELINE,op1,,1,const,,55
p341,,,op2,,80,squared,,10
p341,,,op3,,5,linear3,,45
p341,,,op4,,15,linear3,,37.5
p341,,,op5,,5,linear3,,45
p341,,,op6,,2,sqrt,,55
p341,,,op7,,1,const,,55
p341,,,op8,op1;op2;op3;op4;op5;op6;op7,20,linear7,,30
p342,286.871,BATCH_PIPELINE,op1,,1,const,,55
p342,,,op2,op1,1,const,,55
p342,,,op3,op2,20,linear7,,30
p342,,,op4,op3,80,squared,,10
p342,,,op5,op4,15,linear3,,37.5
p342,,,op6,op5,20,linear7,,30
p342,,,op7,op6,1,const,,55
p342,,,op8,op7,2,sqrt,,55
p342,,,op9,op8,1,const,,55
p342,,,op10,op9,1,const,,55
p342,,,op11,op10,15,linear3,,37.5
p342,,,op12,op11,1,const,,55
p342,,,op13,op12,1,const,,55
p342,,,op14,op13,2,sqrt,,55
p343,286.871,INTERACTIVE,op1,,1,const,,55
p343,,,op2,op1,20,linear7,,30
p343,,,op3,op2,20,linear7,,30
p343,,,op4,op3,40,linear7,,20
p343,,,op5,op4,5,linear3,,45
p343,,,op6,op5,15,linear3,,37.5
p343,,,op7,op6,20,linear7,,30
p343,,,op8,op7,15,linear3,,37.5
p344,286.871,BATCH_PIPELINE,op1,,1,const,,55
p344,,,op2,op1,15,linear3,,37.5
p344,,,op3,op2,5,linear3,,45
p344,,,op4,op3,2,sqrt,,55
p344,,,op5,op4,2,sqrt,,55
p344,,,op6,op5,1,const,,55
p344,,,op7,op6,20,linear7,,30
p345,286.871,INTERACTIVE,op1,,1,const,,55
p345,,,op2,op1,2,sqrt,,55
p345,,,op3,op2,1,const,,55
p345,,,op4,op3,40,linear7,,20
p345,,,op5,op4,2,sqrt,,55
p345,,,op6,op5,5,linear3,,45
p346,286.871,INTERACTIVE,op1,,1,const,,55
p346,,,op2,op1,1,const,,55
p346,,,op3,op2,20,linear7,,30
p346,,,op4,op3,5,linear3,,45
p346,,,op5,op4,80,squared,,10
p346,,,op6,op5,5,linear3,,45
p346,,,op7,op6,1,const,,55
p346,,,op8,op7,15,linear3,,37.5
p346,,,op9,op8,80,squared,,10
p346,,,op10,op9,80,squared,,10
p347,286.871,QUERY,op1,,15,linear3,,35
p348,286.871,INTERACTIVE,op1,,1,const,,55
p348,,,op2,op1,15,linear3,,37.5
p348,,,op3,op2,1,const,,55
p348,,,op4,op3,2,sqrt,,55
p348,,,op5,op4,2,sqrt,,55
p348,,,op6,op5,20,linear7,,30
p348,,,op7,op6,20,linear7,,30
p348,,,op8,op7,15,linear3,,37.5
p348,,,op9,op8,1,const,,55
p349,286.871,BATCH_PIPELINE,op1,,1,const,,55
p349,,,op2,op1,40,linear7,,20
p349,,,op3,op1,40,linear7,,20
p349,,,op4,op1,2,sqrt,,55
p349,,,op5,op1,1,const,,55
p349,,,op6,op1,1,const,,55
p350,286.871,QUERY,op1,,15,linear3,,35
p351,294.969,BATCH_PIPELINE,op1,,1,const,,55
p351,,,op2,op1,15,linear3,,37.5
p351,,,op3,op2,5,linear3,,45
p351,,,op4,op3,5,linear3,,45
p351,,,op5,op4,15,linear3,,37.5
p351,,,op6,op5,80,squared,,10
p351,,,op7,op6,15,linear3,,37.5
p351,,,op8,op7,20,linear7,,30
p351,,,op9,op8,40,linear7,,20
p351,,,op10,op9,1,const,,55
p351,,,op11,op10,20,linear7,,30
p352,294.969,INTERACTIVE,op1,,1,const,,55
p352,,,op2,,1,const,,55
p352,,,op3,,1,const,,55
p352,,,op4,,20,linear7,,30
p352,,,op5,,15,linear3,,37.5
p352,,,op6,,15,linear3,,37.5
p352,,,op7,op1;op2;op3;op4;op5;op6,80,squared,,10
p353,294.969,BATCH_PIPELINE,op1,,1,const,,55
p353,,,op2,,2,sqrt,,55
p353,,,op3,,15,linear3,,37.5
p353,,,op4,,1,const,,55
p353,,,op5,,40,linear7,,20
p353,,,op6,,2,sqrt,,55
p353,,,op7,op1;op2;op3;op4;op5;op6,80,squared,,10
p354,294.969,QUERY,op1,,15,linear3,,35
p355,294.969,INTERACTIVE,op1,,1,const,,55
p355,,,op2,op1,2,sqrt,,55
p355,,,op3,op2,15,linear3,,37.5
p355,,,op4,op3,15,linear3,,37.5
p355,,,op5,op4,2,sqrt,,55
p355,,,op6,op5,5,linear3,,45
p355,,,op7,op6,2,sqrt,,55
p356,294.969,INTERACTIVE,op1,,1,const,,55
p356,,,op2,op1,5,linear3,,45
p356,,,op3,op2,15,linear3,,37.5
p356,,,op4,op3,1,const,,55
p356,,,op5,op4,5,linear3,,45
p356,,,op6,op5,15,linear3,,37.5
p356,,,op7,op6,80,squared,,10
p357,294.969,INTERACTIVE,op1,,1,const,,55
p357,,,op2,op1,80,squared,,10
p357,,,op3,op2,5,linear3,,45
p357,,,op4,op3,80,squared,,10
p357,,,op5,op4,5,linear3,,45
p357,,,op6,op5,2,sqrt,,55
p357,,,op7,op6,1,const,,55
p357,,,op8,op7,80,squared,,10
p357,,,op9,op8,20,linear7,,30
p357,,,op10,op9,5,linear3,,45
p358,294.969,BATCH_PIPELINE,op1,,1,const,,55
p358,,,op2,,1,const,,55
p358,,,op3,,5,linear3,,45
p358,,,op4,,5,linear3,,45
p358,,,op5,,1,const,,55
p358,,,op6,,40,linear7,,20
p358,,,op7,,5,linear3,,45
p358,,,op8,,20,linear7,,30
p358,,,op9,op1;op2;op3;op4;op5;op6;op7;op8,80,squared,,10
p359,294.969,BATCH_PIPELINE,op1,,1,const,,55
p359,,,op2,,20,linear7,,30
p359,,,op3,,2,sqrt,,55
p359,,,op4,,2,sqrt,,55
p359,,,op5,,40,linear7,,20
p359,,,op6,,15,linear3,,37.5
p359,,,op7,op1;op2;op3;op4;op5;op6,1,const,,55
p360,294.969,BATCH_PIPELINE,op1,,1,const,,55
p360,,,op2,op1,2,sqrt,,55
p360,,,op3,op2,5,linear3,,45
p360,,,op4,op3,15,linear3,,37.5
p360,,,op5,op4,20,linear7,,30
p360,,,op6,op5,1,const,,55
p360,,,op7,op6,2,sqrt,,55
p360,,,op8,op7,15,linear3,,37.5
p360,,,op9,op8,5,linear3,,45
p360,,,op10,op9,20,linear7,,30
p360,,,op11,op10,1,const,,55
p361,304.773,INTERACTIVE,op1,,1,const,,55
p361,,,op2,op1,5,linear3,,45
p361,,,op3,op2,2,sqrt,,55
p361,,,op4,op3,5,linear3,,45
p361,,,op5,op4,40,linear7,,20
p361,,,op6,op5,5,linear3,,45
p361,,,op7,op6,2,sqrt,,55
p361,,,op8,op7,5,linear3,,45
p362,304.773,INTERACTIVE,op1,,1,const,,55
p362,,,op2,op1,20,linear7,,30
p362,,,op3,op2,20,linear7,,30
p362,,,op4,op3,40,linear7,,20
p362,,,op5,op4,20,linear7,,30
p362,,,op6,op5,2,sqrt,,55
p362,,,op7,op6,2,sqrt,,55
p363,304.773,INTERACTIVE,op1,,1,const,,55
p363,,,op2,op1,5,linear3,,45
p363,,,op3,op1,5,linear3,,45
p363,,,op4,op1,2,sqrt,,55
p363,,,op5,op1,5,linear3,,45
p363,,,op6,op1,40,linear7,,20
p363,,,op7,op1,15,linear3,,37.5
p364,304.773,BATCH_PIPELINE,op1,,1,const,,55
p364,,,op2,,15,linear3,,37.5
p364,,,op3,,15,linear3,,37.5
p364,,,op4,,15,linear3,,37.5
p364,,,op5,,80,squared,,10
p364,,,op6,,2,sqrt,,55
p364,,,op7,,20,linear7,,30
p364,,,op8,op1;op2;op3;op4;op5;op6;op7,15,linear3,,37.5
p365,304.773,BATCH_PIPELINE,op1,,1,const,,55
p365,,,op2,op1,2,sqrt,,55
p365,,,op3,op1,5,linear3,,45
p365,,,op4,op1,1,const,,55
p365,,,op5,op1,1,const,,55
p365,,,op6,op1,40,linear7,,20
p365,,,op7,op1,5,linear3,,45
p365,,,op8,op1,1,const,,55
p365,,,op9,op1,15,linear3,,37.5
p366,304.773,QUERY,op1,,15,linear3,,35
p367,304.773,BATCH_PIPELINE,op1,,1,const,,55
p367,,,op2,op1,2,sqrt,,55
p367,,,op3,op1,15,linear3,,37.5
p367,,,op4,op1,20,linear7,,30
p367,,,op5,op1,40,linear7,,20
p367,,,op6,op1,2,sqrt,,55
p367,,,op7,op1,20,linear7,,30
p367,,,op8,op1,2,sqrt,,55
p367,,,op9,op1,80,squared,,10
p368,304.773,BATCH_PIPELINE,op1,,1,const,,55
p368,,,op2,op1,80,squared,,10
p368,,,op3,op2,20,linear7,,30
p368,,,op4,op3,1,const,,55
p368,,,op5,op4,2,sqrt,,55
p368,,,op6,op5,20,linear7,,30
p368,,,op7,op6,40,linear7,,20
p368,,,op8,op7,5,linear3,,45
p368,,,op9,op8,15,linear3,,37.5
p368,,,op10,op9,20,linear7,,30
p369,304.773,INTERACTIVE,op1,,1,const,,55
p369,,,op2,op1,15,linear3,,37.5
p369,,,op3,op2,40,linear7,,20
p369,,,op4,op3,80,squared,,10
p369,,,op5,op4,20,linear7,,30
p370,304.773,INTERACTIVE,op1,,1,const,,55
p370,,,op2,op1,5,linear3,,45
p370,,,op3,op2,2,sqrt,,55
p370,,,op4,op3,1,const,,55
p370,,,op5,op4,15,linear3,,37.5
p370,,,op6,op5,15,linear3,,37.5
p370,,,op7,op6,20,linear7,,30
p370,,,op8,op7,20,linear7,,30
p370,,,op9,op8,15,linear3,,37.5
p371,315.026,BATCH_PIPELINE,op1,,1,const,,55
p371,,,op2,op1,15,linear3,,37.5
p371,,,op3,op1,20,linear7,,30
p371,,,op4,op1,2,sqrt,,55
p371,,,op5,op1,15,linear3,,37.5
p371,,,op6,op1,2,sqrt,,55
p371,,,op7,op1,2,sqrt,,55
p371,,,op8,op1,1,const,,55
p372,315.026,INTERACTIVE,op1,,1,const,,55
p372,,,op2,,80,squared,,10
p372,,,op3,,5,linear3,,45
p372,,,op4,,80,squared,,10
p372,,,op5,,5,linear3,,45
p372,,,op6,,15,linear3,,37.5
p372,,,op7,,5,linear3,,45
p372,,,op8,,15,linear3,,37.5
p372,,,op9,,20,linear7,,30
p372,,,op10,op1;op2;op3;op4;op5;op6;op7;op8;op9,5,linear3,,45
p373,315.026,BATCH_PIPELINE,op1,,1,const,,55
p373,,,op2,,2,sqrt,,55
p373,,,op3,,15,linear3,,37.5
p373,,,op4,,5,linear3,,45
p373,,,op5,,2,sqrt,,55
p373,,,op6,,2,sqrt,,55
p373,,,op7,,80,squared,,10
p373,,,op8,op1;op2;op3;op4;op5;op6;op7,5,linear3,,45
p374,315.026,QUERY,op1,,15,linear3,,35
p375,315.026,INTERACTIVE,op1,,1,const,,55
p375,,,op2,op1,20,linear7,,30
p375,,,op3,op1,20,linear7,,30
p375,,,op4,op1,2,sqrt,,55
p375,,,op5,op1,15,linear3,,37.5
p375,,,op6,op1,2,sqrt,,55
p375,,,op7,op1,2,sqrt,,55
p376,315.026,INTERACTIVE,op1,,1,const,,55
p376,,,op2,op1,20,linear7,,30
p376,,,op3,op2,20,linear7,,30
p376,,,op4,op3,15,linear3,,37.5
p376,,,op5,op4,20,linear7,,30
p377,315.026,BATCH_PIPELINE,op1,,1,const,,55
p377,,,op2,op1,20,linear7,,30
p377,,,op3,op2,15,linear3,,37.5
p377,,,op4,op3,2,sqrt,,55
p377,,,op5,op4,1,const,,55
p377,,,op6,op5,2,sqrt,,55
p377,,,op7,op6,20,linear7,,30
p377,,,op8,op7,20,linear7,,30
p377,,,op9,op8,1,const,,55
p378,315.026,BATCH_PIPELINE,op1,,1,const,,55
p378,,,op2,op1,1,const,,55
p378,,,op3,op2,1,const,,55
p378,,,op4,op3,2,sqrt,,55
p378,,,op5,op4,15,linear3,,37.5
p378,,,op6,op5,1,const,,55
p379,315.026,INTERACTIVE,op1,,1,const,,55
p379,,,op2,op1,5,linear3,,45
p379,,,op3,op2,40,linear7,,20
p379,,,op4,op3,5,linear3,,45
p379,,,op5,op4,2,sqrt,,55
p379,,,op6,op5,40,linear7,,20
p379,,,op7,op6,5,linear3,,45
p379,,,op8,op7,40,linear7,,20
p379,,,op9,op8,15,linear3,,37.5
p379,,,op10,op9,5,linear3,,45
p380,315.026,QUERY,op1,,15,linear3,,35
p381,324.748,QUERY,op1,,15,linear3,,35
p382,324.748,INTERACTIVE,op1,,1,const,,55
p382,,,op2,op1,20,linear7,,30
p382,,,op3,op2,1,const,,55
p382,,,op4,op3,40,linear7,,20
p382,,,op5,op4,15,linear3,,37.5
p382,,,op6,op5,1,const,,55
p382,,,op7,op6,40,linear7,,20
p382,,,op8,op7,80,squared,,10
p383,324.748,BATCH_PIPELINE,op1,,1,const,,55
p383,,,op2,,1,const,,55
p383,,,op3,,1,const,,55
p383,,,op4,,15,linear3,,37.5
p383,,,op5,,2,sqrt,,55
p383,,,op6,,2,sqrt,,55
p383,,,op7,,5,linear3,,45
p383,,,op8,,20,linear7,,30
p383,,,op9,,1,const,,55
p383,,,op10,op1;op2;op3;op4;op5;op6;op7;op8;op9,5,linear3,,45
p384,324.748,BATCH_PIPELINE,op1,,1,const,,55
p384,,,op2,op1,5,linear3,,45
p384,,,op3,op1,20,linear7,,30
p384,,,op4,op1,40,linear7,,20
p384,,,op5,op1,20,linear7,,30
p385,324.748,QUERY,op1,,15,linear3,,35
p386,324.748,BATCH_PIPELINE,op1,,1,const,,55
p386,,,op2,op1,15,linear3,,37.5
p386,,,op3,op2,15,linear3,,37.5
p386,,,op4,op3,15,linear3,,37.5
p386,,,op5,op4,15,linear3,,37.5
p386,,,op6,op5,2,sqrt,,55
p386,,,op7,op6,1,const,,55
p386,,,op8,op7,20,linear7,,30
p386,,,op9,op8,15,linear3,,37.5
p386,,,op10,op9,40,linear7,,20
p387,324.748,BATCH_PIPELINE,op1,,1,const,,55
p387,,,op2,op1,5,linear3,,45
p387,,,op3,op1,15,linear3,,37.5
p387,,,op4,op1,2,sqrt,,55
p387,,,op5,op1,80,squared,,10
p388,324.748,INTERACTIVE,op1,,1,const,,55
p388,,,op2,op1,1,const,,55
p388,,,op3,op1,15,linear3,,37.5
p388,,,op4,op1,80,squared,,10
p388,,,op5,op1,5,linear3,,45
p388,,,op6,op1,15,linear3,,37.5
p388,,,op7,op1,1,const,,55
p389,324.748,BATCH_PIPELINE,op1,,1,const,,55
p389,,,op2,,40,linear7,,20
p389,,,op3,,5,linear3,,45
p389,,,op4,,5,linear3,,45
p389,,,op5,,5,linear3,,45
p389,,,op6,,1,const,,55
p389,,,op7,op1;op2;op3;op4;op5;op6,1,const,,55
p390,324.748,INTERACTIVE,op1,,1,const,,55
p390,,,op2,op1,5,linear3,,45
p390,,,op3,op2,80,squared,,10
p391,335.478,BATCH_PIPELINE,op1,,1,const,,55
p391,,,op2,op1,40,linear7,,20
p391,,,op3,op2,1,const,,55
p391,,,op4,op3,40,linear7,,20
p391,,,op5,op4,5,linear3,,45
p391,,,op6,op5,1,const,,55
p391,,,op7,op6,5,linear3,,45
p391,,,op8,op7,15,linear3,,37.5
p391,,,op9,op8,5,linear3,,45
p391,,,op10,op9,20,linear7,,30
p392,335.478,QUERY,op1,,15,linear3,,35
p393,335.478,BATCH_PIPELINE,op1,,1,const,,55
p393,,,op2,op1,5,linear3,,45
p393,,,op3,op2,15,linear3,,37.5
p393,,,op4,op3,20,linear7,,30
p393,,,op5,op4,80,squared,,10
p393,,,op6,op5,20,linear7,,30
p393,,,op7,op6,20,linear7,,30
p393,,,op8,op7,80,squared,,10
p394,335.478,BATCH_PIPELINE,op1,,1,const,,55
p394,,,op2,op1,1,const,,55
p394,,,op3,op2,5,linear3,,45
p394,,,op4,op3,2,sqrt,,55
p394,,,op5,op4,20,linear7,,30
p394,,,op6,op5,5,linear3,,45
p394,,,op7,op6,15,linear3,,37.5
p394,,,op8,op7,40,linear7,,20
p395,335.478,BATCH_PIPELINE,op1,,1,const,,55
p395,,,op2,,40,linear7,,20
p395,,,op3,,20,linear7,,30
p395,,,op4,,1,const,,55
p395,,,op5,,5,linear3,,45
p395,,,op6,,15,linear3,,37.5
p395,,,op7,op1;op2;op3;op4;op5;op6,20,linear7,,30
p396,335.478,BATCH_PIPELINE,op1,,1,const,,55
p396,,,op2,op1,15,linear3,,37.5
p396,,,op3,op1,2,sqrt,,55
p396,,,op4,op1,5,linear3,,45
p396,,,op5,op1,15,linear3,,37.5
p396,,,op6,op1,5,linear3,,45
p396,,,op7,op1,1,const,,55
p396,,,op8,op1,5,linear3,,45
p397,335.478,INTERACTIVE,op1,,1,const,,55
p397,,,op2,op1,15,linear3,,37.5
p397,,,op3,op2,1,const,,55
p397,,,op4,op3,1,const,,55
p397,,,op5,op4,5,linear3,,45
p397,,,op6,op5,20,linear7,,30
p397,,,op7,op6,80,squared,,10
p398,335.478,BATCH_PIPELINE,op1,,1,const,,55
p398,,,op2,op1,15,linear3,,37.5
p398,,,op3,op2,15,linear3,,37.5
p398,,,op4,op3,20,linear7,,30
p398,,,op5,op4,2,sqrt,,55
p399,335.478,BATCH_PIPELINE,op1,,1,const,,55
p399,,,op2,,2,sqrt,,55
p399,,,op3,,5,linear3,,45
p399,,,op4,,1,const,,55
p399,,,op5,,2,sqrt,,55
p399,,,op6,,2,sqrt,,55
p399,,,op7,,1,const,,55
p399,,,op8,op1;op2;op3;op4;op5;op6;op7,15,linear3,,37.5
p400,335.478,QUERY,op1,,15,linear3,,35
p401,339.395,INTERACTIVE,op1,,1,const,,55
p401,,,op2,op1,1,const,,55
p401,,,op3,op2,15,linear3,,37.5
p401,,,op4,op3,5,linear3,,45
p401,,,op5,op4,15,linear3,,37.5
p401,,,op6,op5,15,linear3,,37.5
p402,339.395,INTERACTIVE,op1,,1,const,,55
p402,,,op2,op1,2,sqrt,,55
p402,,,op3,op2,5,linear3,,45
p402,,,op4,op3,2,sqrt,,55
p403,339.395,BATCH_PIPELINE,op1,,1,const,,55
p403,,,op2,op1,5,linear3,,45
p403,,,op3,op1,15,linear3,,37.5
p403,,,op4,op1,15,linear3,,37.5
p403,,,op5,op1,80,squared,,10
p403,,,op6,op1,2,sqrt,,55
p403,,,op7,op1,5,linear3,,45
p404,339.395,INTERACTIVE,op1,,1,const,,55
p404,,,op2,,1,const,,55
p404,,,op3,,2,sqrt,,55
p404,,,op4,,1,const,,55
p404,,,op5,,1,const,,55
p404,,,op6,,2,sqrt,,55
p404,,,op7,op1;op2;op3;op4;op5;op6,1,const,,55
p405,339.395,BATCH_PIPELINE,op1,,1,const,,55
p405,,,op2,op1,5,linear3,,45
p405,,,op3,op2,1,const,,55
p405,,,op4,op3,5,linear3,,45
p405,,,op5,op4,15,linear3,,37.5
p405,,,op6,op5,20,linear7,,30
p405,,,op7,op6,2,sqrt,,55
p405,,,op8,op7,40,linear7,,20
p405,,,op9,op8,1,const,,55
p406,339.395,BATCH_PIPELINE,op1,,1,const,,55
p406,,,op2,,5,linear3,,45
p406,,,op3,,80,squared,,10
p406,,,op4,,15,linear3,,37.5
p406,,,op5,,5,linear3,,45
p406,,,op6,,1,const,,55
p406,,,op7,,1,const,,55
p406,,,op8,,15,linear3,,37.5
p406,,,op9,op1;op2;op3;op4;op5;op6;op7;op8,5,linear3,,45
p407,339.395,BATCH_PIPELINE,op1,,1,const,,55
p407,,,op2,op1,20,linear7,,30
p407,,,op3,op2,15,linear3,,37.5
p407,,,op4,op3,40,linear7,,20
p407,,,op5,op4,15,linear3,,37.5
p407,,,op6,op5,5,linear3,,45
p407,,,op7,op6,40,linear7,,20
p407,,,op8,op7,2,sqrt,,55
p408,339.395,BATCH_PIPELINE,op1,,1,const,,55
p408,,,op2,op1,20,linear7,,30
p408,,,op3,op2,80,squared,,10
p408,,,op4,op3,20,linear7,,30
p408,,,op5,op4,1,const,,55
p408,,,op6,op5,40,linear7,,20
p408,,,op7,op6,5,linear3,,45
p408,,,op8,op7,15,linear3,,37.5
p409,339.395,BATCH_PIPELINE,op1,,1,const,,55
p409,,,op2,op1,15,linear3,,37.5
p409,,,op3,op2,5,linear3,,45
p409,,,op4,op3,80,squared,,10
p409,,,op5,op4,80,squared,,10
p409,,,op6,op5,15,linear3,,37.5
p409,,,op7,op6,15,linear3,,37.5
p409,,,op8,op7,5,linear3,,45
p409,,,op9,op8,40,linear7,,20
p410,339.395,INTERACTIVE,op1,,1,const,,55
p410,,,op2,op1,2,sqrt,,55
p410,,,op3,op2,5,linear3,,45
p410,,,op4,op3,1,const,,55
p410,,,op5,op4,20,linear7,,30
p410,,,op6,op5,80,squared,,10
p410,,,op7,op6,20,linear7,,30
p411,351.685,BATCH_PIPELINE,op1,,1,const,,55
p411,,,op2,op1,5,linear3,,45
p411,,,op3,op2,20,linear7,,30
p411,,,op4,op3,15,linear3,,37.5
p411,,,op5,op4,1,const,,55
p411,,,op6,op5,1,const,,55
p411,,,op7,op6,1,const,,55
p411,,,op8,op7,15,linear3,,37.5
p412,351.685,BATCH_PIPELINE,op1,,1,const,,55
p412,,,op2,op1,40,linear7,,20
p412,,,op3,op1,20,linear7,,30
p412,,,op4,op1,1,const,,55
p412,,,op5,op1,5,linear3,,45
p412,,,op6,op1,40,linear7,,20
p412,,,op7,op1,20,linear7,,30
p412,,,op8,op1,1,const,,55
p412,,,op9,op1,20,linear7,,30
p412,,,op10,op1,1,const,,55
p413,351.685,BATCH_PIPELINE,op1,,1,const,,55
p413,,,op2,op1,5,linear3,,45
p413,,,op3,op2,20,linear7,,30
p413,,,op4,op3,20,linear7,,30
p413,,,op5,op4,40,linear7,,20
p413,,,op6,op5,20,linear7,,30
p413,,,op7,op6,40,linear7,,20
p413,,,op8,op7,20,linear7,,30
p413,,,op9,op8,15,linear3,,37.5
p413,,,op10,op9,15,linear3,,37.5
p414,351.685,INTERACTIVE,op1,,1,const,,55
p414,,,op2,op1,5,linear3,,45
p414,,,op3,op2,15,linear3,,37.5
p414,,,op4,op3,40,linear7,,20
p414,,,op5,op4,5,linear3,,45
p415,351.685,BATCH_PIPELINE,op1,,1,const,,55
p415,,,op2,,20,linear7,,30
p415,,,op3,,5,linear3,,45
p415,,,op4,,40,linear7,,20
p415,,,op5,,20,linear7,,30
p415,,,op6,,1,const,,55
p415,,,op7,,15,linear3,,37.5
p415,,,op8,,80,squared,,10
p415,,,op9,,5,linear3,,45
p415,,,op10,op1;op2;op3;op4;op5;op6;op7;op8;op9,15,linear3,,37.5
p416,351.685,BATCH_PIPELINE,op1,,1,const,,55
p416,,,op2,,1,const,,55
p416,,,op3,,2,sqrt,,55
p416,,,op4,,40,linear7,,20
p416,,,op5,op1;op2;op3;op4,15,linear3,,37.5
p417,351.685,BATCH_PIPELINE,op1,,1,const,,55
p417,,,op2,op1,15,linear3,,37.5
p417,,,op3,op2,20,linear7,,30
p417,,,op4,op3,2,sqrt,,55
p417,,,op5,op4,15,linear3,,37.5
p417,,,op6,op5,5,linear3,,45
p417,,,op7,op6,1,const,,55
p417,,,op8,op7,2,sqrt,,55
p418,351.685,INTERACTIVE,op1,,1,const,,55
p418,,,op2,op1,1,const,,55
p418,,,op3,op2,5,linear3,,45
p418,,,op4,op3,80,squared,,10
p418,,,op5,op4,5,linear3,,45
p418,,,op6,op5,40,linear7,,20
p418,,,op7,op6,15,linear3,,37.5
p418,,,op8,op7,15,linear3,,37.5
p419,351.685,BATCH_PIPELINE,op1,,1,const,,55
p419,,,op2,op1,20,linear7,,30
p419,,,op3,op2,2,sqrt,,55
p419,,,op4,op3,15,linear3,,37.5
p419,,,op5,op4,15,linear3,,37.5
p419,,,op6,op5,5,linear3,,45
p419,,,op7,op6,15,linear3,,37.5
p419,,,op8,op7,5,linear3,,45
p419,,,op9,op8,2,sqrt,,55
p420,351.685,INTERACTIVE,op1,,1,const,,55
p420,,,op2,op1,20,linear7,,30
p420,,,op3,op2,2,sqrt,,55
p420,,,op4,op3,1,const,,55
p420,,,op5,op4,40,linear7,,20
p420,,,op6,op5,1,const,,55
p420,,,op7,op6,20,linear7,,30
p420,,,op8,op7,5,linear3,,45
p420,,,op9,op8,5,linear3,,45
p420,,,op10,op9,15,linear3,,37.5
p421,361.993,INTERACTIVE,op1,,1,const,,55
p421,,,op2,,1,const,,55
p421,,,op3,,5,linear3,,45
p421,,,op4,,40,linear7,,20
p421,,,op5,,80,squared,,10
p421,,,op6,,20,linear7,,30
p421,,,op7,,1,const,,55
p421,,,op8,,15,linear3,,37.5
p421,,,op9,op1;op2;op3;op4;op5;op6;op7;op8,20,linear7,,30
p422,361.993,INTERACTIVE,op1,,1,const,,55
p422,,,op2,op1,5,linear3,,45
p422,,,op3,op2,2,sqrt,,55
p422,,,op4,op3,1,const,,55
p422,,,op5,op4,15,linear3,,37.5
p422,,,op6,op5,15,linear3,,37.5
p422,,,op7,op6,20,linear7,,30
p422,,,op8,op7,1,const,,55
p422,,,op9,op8,20,linear7,,30
p423,361.993,INTERACTIVE,op1,,1,const,,55
p423,,,op2,op1,15,linear3,,37.5
p423,,,op3,op2,80,squared,,10
p423,,,op4,op3,1,const,,55
p423,,,op5,op4,15,linear3,,37.5
p423,,,op6,op5,2,sqrt,,55
p423,,,op7,op6,2,sqrt,,55
p423,,,op8,op7,5,linear3,,45
p424,361.993,INTERACTIVE,op1,,1,const,,55
p424,,,op2,op1,5,linear3,,45
p424,,,op3,op2,80,squared,,10
p424,,,op4,op3,5,linear3,,45
p424,,,op5,op4,2,sqrt,,55
p424,,,op6,op5,1,const,,55
p424,,,op7,op6,40,linear7,,20
p424,,,op8,op7,20,linear7,,30
p424,,,op9,op8,80,squared,,10
p424,,,op10,op9,1,const,,55
p424,,,op11,op10,40,linear7,,20
p425,361.993,INTERACTIVE,op1,,1,const,,55
p425,,,op2,op1,40,linear7,,20
p425,,,op3,op2,20,linear7,,30
p425,,,op4,op3,5,linear3,,45
p425,,,op5,op4,20,linear7,,30
p425,,,op6,op5,2,sqrt,,55
p425,,,op7,op6,2,sqrt,,55
p425,,,op8,op7,5,linear3,,45
p425,,,op9,op8,1,const,,55
p426,361.993,BATCH_PIPELINE,op1,,1,const,,55
p426,,,op2,op1,15,linear3,,37.5
p426,,,op3,op2,5,linear3,,45
p426,,,op4,op3,15,linear3,,37.5
p426,,,op5,op4,2,sqrt,,55
p426,,,op6,op5,2,sqrt,,55
p426,,,op7,op6,40,linear7,,20
p426,,,op8,op7,5,linear3,,45
p426,,,op9,op8,80,squared,,10
p426,,,op10,op9,15,linear3,,37.5
p427,361.993,BATCH_PIPELINE,op1,,1,const,,55
p427,,,op2,,20,linear7,,30
p427,,,op3,,40,linear7,,20
p427,,,op4,,2,sqrt,,55
p427,,,op5,,5,linear3,,45
p427,,,op6,,5,linear3,,45
p427,,,op7,,1,const,,55
p427,,,op8,,5,linear3,,45
p427,,,op9,,40,linear7,,20
p427,,,op10,op1;op2;op3;op4;op5;op6;op7;op8;op9,15,linear3,,37.5
p428,361.993,BATCH_PIPELINE,op1,,1,const,,55
p428,,,op2,,5,linear3,,45
p428,,,op3,,2,sqrt,,55
p428,,,op4,op1;op2;op3,5,linear3,,45
p429,361.993,BATCH_PIPELINE,op1,,1,const,,55
p429,,,op2,op1,40,linear7,,20
p429,,,op3,op2,15,linear3,,37.5
p429,,,op4,op3,40,linear7,,20
p429,,,op5,op4,15,linear3,,37.5
p429,,,op6,op5,20,linear7,,30
p429,,,op7,op6,20,linear7,,30
p429,,,op8,op7,20,linear7,,30
p429,,,op9,op8,15,linear3,,37.5
p429,,,op10,op9,5,linear3,,45
p430,361.993,QUERY,op1,,15,linear3,,35
p431,368.95300000000003,INTERACTIVE,op1,,1,const,,55
p431,,,op2,op1,5,linear3,,45
p431,,,op3,op2,15,linear3,,37.5
p431,,,op4,op3,5,linear3,,45
p431,,,op5,op4,1,const,,55
p431,,,op6,op5,15,linear3,,37.5
p431,,,op7,op6,1,const,,55
p431,,,op8,op7,1,const,,55
p432,368.95300000000003,INTERACTIVE,op1,,1,const,,55
p432,,,op2,op1,20,linear7,,30
p432,,,op3,op1,1,const,,55
p432,,,op4,op1,1,const,,55
p432,,,op5,op1,80,squared,,10
p432,,,op6,op1,1,const,,55
p432,,,op7,op1,20,linear7,,30
p432,,,op8,op1,2,sqrt,,55
p433,368.95300000000003,BATCH_PIPELINE,op1,,1,const,,55
p433,,,op2,op1,15,linear3,,37.5
p433,,,op3,op2,5,linear3,,45
p433,,,op4,op3,1,const,,55
p433,,,op5,op4,15,linear3,,37.5
p433,,,op6,op5,1,const,,55
p434,368.95300000000003,BATCH_PIPELINE,op1,,1,const,,55
p434,,,op2,,20,linear7,,30
p434,,,op3,,5,linear3,,45
p434,,,op4,,1,const,,55
p434,,,op5,,1,const,,55
p434,,,op6,,40,linear7,,20
p434,,,op7,,2,sqrt,,55
p434,,,op8,,2,sqrt,,55
p434,,,op9,,5,linear3,,45
p434,,,op10,,1,const,,55
p434,,,op11,,1,const,,55
p434,,,op12,,5,linear3,,45
p434,,,op13,op1;op2;op3;op4;op5;op6;op7;op8;op9;op10;op11;op12,2,sqrt,,55
p435,368.95300000000003,BATCH_PIPELINE,op1,,1,const,,55
p435,,,op2,op1,5,linear3,,45
p435,,,op3,op2,5,linear3,,45
p435,,,op4,op3,20,linear7,,30
p435,,,op5,op4,5,linear3,,45
p435,,,op6,op5,5,linear3,,45
p436,368.95300000000003,BATCH_PIPELINE,op1,,1,const,,55
p436,,,op2,op1,15,linear3,,37.5
p436,,,op3,op2,2,sqrt,,55
p436,,,op4,op3,2,sqrt,,55
p436,,,op5,op4,20,linear7,,30
p436,,,op6,op5,15,linear3,,37.5
p436,,,op7,op6,15,linear3,,37.5
p436,,,op8,op7,15,linear3,,37.5
p436,,,op9,op8,15,linear3,,37.5
p437,368.95300000000003,BATCH_PIPELINE,op1,,1,const,,55
p437,,,op2,op1,5,linear3,,45
p437,,,op3,op2,40,linear7,,20
p437,,,op4,op3,15,linear3,,37.5
p437,,,op5,op4,20,linear7,,30
p437,,,op6,op5,15,linear3,,37.5
p437,,,op7,op6,15,linear3,,37.5
p437,,,op8,op7,2,sqrt,,55
p437,,,op9,op8,20,linear7,,30
p438,368.95300000000003,BATCH_PIPELINE,op1,,1,const,,55
p438,,,op2,op1,5,linear3,,45
p438,,,op3,op2,5,linear3,,45
p438,,,op4,op3,80,squared,,10
p438,,,op5,op4,2,sqrt,,55
p438,,,op6,op5,5,linear3,,45
p438,,,op7,op6,1,const,,55
p439,368.95300000000003,BATCH_PIPELINE,op1,,1,const,,55
p439,,,op2,op1,80,squared,,10
p439,,,op3,op2,5,linear3,,45
p439,,,op4,op3,1,const,,55
p440,368.95300000000003,INTERACTIVE,op1,,1,const,,55
p440,,,op2,op1,5,linear3,,45
p440,,,op3,op2,2,sqrt,,55
p440,,,op4,op3,5,linear3,,45
p440,,,op5,op4,20,linear7,,30
p440,,,op6,op5,5,linear3,,45
p441,376.836,BATCH_PIPELINE,op1,,1,const,,55
p441,,,op2,,15,linear3,,37.5
p441,,,op3,,1,const,,55
p441,,,op4,,5,linear3,,45
p441,,,op5,,20,linear7,,30
p441,,,op6,,15,linear3,,37.5
p441,,,op7,op1;op2;op3;op4;op5;op6,20,linear7,,30
p442,376.836,INTERACTIVE,op1,,1,const,,55
p442,,,op2,op1,15,linear3,,37.5
p442,,,op3,op2,20,linear7,,30
p442,,,op4,op3,20,linear7,,30
p442,,,op5,op4,5,linear3,,45
p442,,,op6,op5,1,const,,55
p442,,,op7,op6,15,linear3,,37.5
p442,,,op8,op7,20,linear7,,30
p442,,,op9,op8,40,linear7,,20
p442,,,op10,op9,2,sqrt,,55
p443,376.836,INTERACTIVE,op1,,1,const,,55
p443,,,op2,op1,1,const,,55
p443,,,op3,op2,15,linear3,,37.5
p443,,,op4,op3,1,const,,55
p443,,,op5,op4,2,sqrt,,55
p443,,,op6,op5,40,linear7,,20
p443,,,op7,op6,80,squared,,10
p443,,,op8,op7,1,const,,55
p444,376.836,BATCH_PIPELINE,op1,,1,const,,55
p444,,,op2,op1,5,linear3,,45
p444,,,op3,op1,5,linear3,,45
p444,,,op4,op1,80,squared,,10
p444,,,op5,op1,5,linear3,,45
p444,,,op6,op1,20,linear7,,30
p444,,,op7,op1,1,const,,55
p444,,,op8,op1,5,linear3,,45
p445,376.836,BATCH_PIPELINE,op1,,1,const,,55
p445,,,op2,op1,5,linear3,,45
p445,,,op3,op1,5,linear3,,45
p445,,,op4,op1,2,sqrt,,55
p445,,,op5,op1,5,linear3,,45
p446,376.836,BATCH_PIPELINE,op1,,1,const,,55
p446,,,op2,op1,2,sqrt,,55
p446,,,op3,op2,15,linear3,,37.5
p446,,,op4,op3,5,linear3,,45
p446,,,op5,op4,15,linear3,,37.5
p446,,,op6,op5,15,linear3,,37.5
p446,,,op7,op6,5,linear3,,45
p446,,,op8,op7,2,sqrt,,55
p446,,,op9,op8,5,linear3,,45
p447,376.836,INTERACTIVE,op1,,1,const,,55
p447,,,op2,,5,linear3,,45
p447,,,op3,,15,linear3,,37.5
p447,,,op4,,80,squared,,10
p447,,,op5,,5,linear3,,45
p447,,,op6,,20,linear7,,30
p447,,,op7,op1;op2;op3;op4;op5;op6,40,linear7,,20
p448,376.836,INTERACTIVE,op1,,1,const,,55
p448,,,op2,op1,5,linear3,,45
p448,,,op3,op2,20,linear7,,30
p448,,,op4,op3,15,linear3,,37.5
p448,,,op5,op4,15,linear3,,37.5
p448,,,op6,op5,1,const,,55
p448,,,op7,op6,2,sqrt,,55
p449,376.836,INTERACTIVE,op1,,1,const,,55
p449,,,op2,op1,40,linear7,,20
p449,,,op3,op2,15,linear3,,37.5
p449,,,op4,op3,20,linear7,,30
p449,,,op5,op4,5,linear3,,45
p449,,,op6,op5,5,linear3,,45
p449,,,op7,op6,5,linear3,,45
p450,376.836,BATCH_PIPELINE,op1,,1,const,,55
p450,,,op2,op1,80,squared,,10
p450,,,op3,op2,15,linear3,,37.5
p450,,,op4,op3,1,const,,55
p450,,,op5,op4,5,linear3,,45
p450,,,op6,op5,80,squared,,10
p450,,,op7,op6,20,linear7,,30
p451,384.012,INTERACTIVE,op1,,1,const,,55
p451,,,op2,op1,5,linear3,,45
p451,,,op3,op2,15,linear3,,37.5
p451,,,op4,op3,1,const,,55
p451,,,op5,op4,1,const,,55
p451,,,op6,op5,15,linear3,,37.5
p452,384.012,INTERACTIVE,op1,,1,const,,55
p452,,,op2,op1,20,linear7,,30
p452,,,op3,op1,1,const,,55
p452,,,op4,op1,80,squared,,10
p452,,,op5,op1,1,const,,55
p452,,,op6,op1,1,const,,55
p452,,,op7,op1,15,linear3,,37.5
p452,,,op8,op1,80,squared,,10
p453,384.012,INTERACTIVE,op1,,1,const,,55
p453,,,op2,op1,1,const,,55
p453,,,op3,op2,5,linear3,,45
p453,,,op4,op3,1,const,,55
p453,,,op5,op4,1,const,,55
p453,,,op6,op5,15,linear3,,37.5
p453,,,op7,op6,1,const,,55
p453,,,op8,op7,15,linear3,,37.5
p453,,,op9,op8,1,const,,55
p454,384.012,INTERACTIVE,op1,,1,const,,55
p454,,,op2,op1,15,linear3,,37.5
p454,,,op3,op2,40,linear7,,20
p454,,,op4,op3,2,sqrt,,55
p454,,,op5,op4,15,linear3,,37.5
p454,,,op6,op5,2,sqrt,,55
p454,,,op7,op6,5,linear3,,45
p455,384.012,QUERY,op1,,15,linear3,,35
p456,384.012,BATCH_PIPELINE,op1,,1,const,,55
p456,,,op2,op1,1,const,,55
p456,,,op3,op2,1,const,,55
p456,,,op4,op3,20,linear7,,30
p456,,,op5,op4,1,const,,55
p457,384.012,BATCH_PIPELINE,op1,,1,const,,55
p457,,,op2,op1,15,linear3,,37.5
p457,,,op3,op1,20,linear7,,30
p457,,,op4,op1,20,linear7,,30
p457,,,op5,op1,1,const,,55
p457,,,op6,op1,5,linear3,,45
p457,,,op7,op1,1,const,,55
p457,,,op8,op1,80,squared,,10
p457,,,op9,op1,1,const,,55
p457,,,op10,op1,1,const,,55
p457,,,op11,op1,1,const,,55
p458,384.012,INTERACTIVE,op1,,1,const,,55
p458,,,op2,op1,5,linear3,,45
p458,,,op3,op2,1,const,,55
p458,,,op4,op3,1,const,,55
p458,,,op5,op4,5,linear3,,45
p458,,,op6,op5,5,linear3,,45
p458,,,op7,op6,2,sqrt,,55
p458,,,op8,op7,15,linear3,,37.5
p458,,,op9,op8,15,linear3,,37.5
p458,,,op10,op9,15,linear3,,37.5
p459,384.012,QUERY,op1,,15,linear3,,35
p460,384.012,BATCH_PIPELINE,op1,,1,const,,55
p460,,,op2,op1,20,linear7,,30
p460,,,op3,op2,20,linear7,,30
p460,,,op4,op3,1,const,,55
p460,,,op5,op4,1,const,,55
p460,,,op6,op5,2,sqrt,,55
p460,,,op7,op6,1,const,,55
p460,,,op8,op7,20,linear7,,30
p460,,,op9,op8,15,linear3,,37.5
p461,395.486,BATCH_PIPELINE,op1,,1,const,,55
p461,,,op2,op1,15,linear3,,37.5
p461,,,op3,op2,15,linear3,,37.5
p461,,,op4,op3,40,linear7,,20
p461,,,op5,op4,15,linear3,,37.5
p461,,,op6,op5,5,linear3,,45
p461,,,op7,op6,2,sqrt,,55
p461,,,op8,op7,20,linear7,,30
p462,395.486,BATCH_PIPELINE,op1,,1,const,,55
p462,,,op2,,1,const,,55
p462,,,op3,,5,linear3,,45
p462,,,op4,,5,linear3,,45
p462,,,op5,,2,sqrt,,55
p462,,,op6,,80,squared,,10
p462,,,op7,op1;op2;op3;op4;op5;op6,5,linear3,,45
p463,395.486,INTERACTIVE,op1,,1,const,,55
p463,,,op2,,2,sqrt,,55
p463,,,op3,,20,linear7,,30
p463,,,op4,,2,sqrt,,55
p463,,,op5,,2,sqrt,,55
p463,,,op6,,40,linear7,,20
p463,,,op7,,40,linear7,,20
p463,,,op8,op1;op2;op3;op4;op5;op6;op7,20,linear7,,30
p464,395.486,BATCH_PIPELINE,op1,,1,const,,55
p464,,,op2,,2,sqrt,,55
p464,,,op3,,1,const,,55
p464,,,op4,,2,sqrt,,55
p464,,,op5,,1,const,,55
p464,,,op6,,1,const,,55
p464,,,op7,op1;op2;op3;op4;op5;op6,15,linear3,,37.5
p465,395.486,INTERACTIVE,op1,,1,const,,55
p465,,,op2,op1,15,linear3,,37.5
p465,,,op3,op1,15,linear3,,37.5
p465,,,op4,op1,5,linear3,,45
p465,,,op5,op1,20,linear7,,30
p465,,,op6,op1,20,linear7,,30
p465,,,op7,op1,15,linear3,,37.5
p465,,,op8,op1,5,linear3,,45
p465,,,op9,op1,5,linear3,,45
p465,,,op10,op1,1,const,,55
p465,,,op11,op1,2,sqrt,,55
p466,395.486,BATCH_PIPELINE,op1,,1,const,,55
p466,,,op2,op1,40,linear7,,20
p466,,,op3,op2,2,sqrt,,55
p466,,,op4,op3,15,linear3,,37.5
p466,,,op5,op4,1,const,,55
p467,395.486,BATCH_PIPELINE,op1,,1,const,,55
p467,,,op2,op1,2,sqrt,,55
p467,,,op3,op2,40,linear7,,20
p467,,,op4,op3,5,linear3,,45
p467,,,op5,op4,2,sqrt,,55
p467,,,op6,op5,1,const,,55
p468,395.486,INTERACTIVE,op1,,1,const,,55
p468,,,op2,op1,80,squared,,10
p468,,,op3,op2,40,linear7,,20
p468,,,op4,op3,5,linear3,,45
p468,,,op5,op4,5,linear3,,45
p468,,,op6,op5,15,linear3,,37.5
p468,,,op7,op6,2,sqrt,,55
p468,,,op8,op7,40,linear7,,20
p468,,,op9,op8,15,linear3,,37.5
p469,395.486,QUERY,op1,,15,linear3,,35
p470,395.486,BATCH_PIPELINE,op1,,1,const,,55
p470,,,op2,op1,5,linear3,,45
p470,,,op3,op1,80,squared,,10
p470,,,op4,op1,20,linear7,,30
p470,,,op5,op1,5,linear3,,45
p470,,,op6,op1,15,linear3,,37.5
p470,,,op7,op1,15,linear3,,37.5
p470,,,op8,op1,15,linear3,,37.5
p470,,,op9,op1,1,const,,55
p470,,,op10,op1,1,const,,55
p470,,,op11,op1,2,sqrt,,55
p471,402.31600000000003,BATCH_PIPELINE,op1,,1,const,,55
p471,,,op2,op1,15,linear3,,37.5
p471,,,op3,op1,1,const,,55
p471,,,op4,op1,5,linear3,,45
p471,,,op5,op1,20,linear7,,30
p471,,,op6,op1,20,linear7,,30
p471,,,op7,op1,2,sqrt,,55
p471,,,op8,op1,15,linear3,,37.5
p471,,,op9,op1,80,squared,,10
p472,402.31600000000003,BATCH_PIPELINE,op1,,1,const,,55
p472,,,op2,op1,15,linear3,,37.5
p472,,,op3,op2,5,linear3,,45
p472,,,op4,op3,5,linear3,,45
p472,,,op5,op4,1,const,,55
p472,,,op6,op5,2,sqrt,,55
p473,402.31600000000003,BATCH_PIPELINE,op1,,1,const,,55
p473,,,op2,op1,5,linear3,,45
p473,,,op3,op2,15,linear3,,37.5
p473,,,op4,op3,20,linear7,,30
p473,,,op5,op4,5,linear3,,45
p473,,,op6,op5,15,linear3,,37.5
p473,,,op7,op6,2,sqrt,,55
p474,402.31600000000003,BATCH_PIPELINE,op1,,1,const,,55
p474,,,op2,op1,5,linear3,,45
p474,,,op3,op2,20,linear7,,30
p474,,,op4,op3,20,linear7,,30
p474,,,op5,op4,20,linear7,,30
p474,,,op6,op5,5,linear3,,45
p474,,,op7,op6,15,linear3,,37.5
p474,,,op8,op7,40,linear7,,20
p475,402.31600000000003,BATCH_PIPELINE,op1,,1,const,,55
p475,,,op2,op1,15,linear3,,37.5
p475,,,op3,op2,2,sqrt,,55
p475,,,op4,op3,5,linear3,,45
p475,,,op5,op4,5,linear3,,45
p475,,,op6,op5,1,const,,55
p476,402.31600000000003,QUERY,op1,,15,linear3,,35
p477,402.31600000000003,BATCH_PIPELINE,op1,,1,const,,55
p477,,,op2,op1,1,const,,55
p477,,,op3,op2,2,sqrt,,55
p477,,,op4,op3,1,const,,55
p477,,,op5,op4,5,linear3,,45
p477,,,op6,op5,5,linear3,,45
p477,,,op7,op6,2,sqrt,,55
p478,402.31600000000003,BATCH_PIPELINE,op1,,1,const,,55
p478,,,op2,op1,5,linear3,,45
p478,,,op3,op2,40,linear7,,20
p478,,,op4,op3,5,linear3,,45
p478,,,op5,op4,2,sqrt,,55
p478,,,op6,op5,1,const,,55
p478,,,op7,op6,5,linear3,,45
p478,,,op8,op7,20,linear7,,30
p478,,,op9,op8,80,squared,,10
p479,402.31600000000003,INTERACTIVE,op1,,1,const,,55
p479,,,op2,op1,20,linear7,,30
p479,,,op3,op2,1,const,,55
p479,,,op4,op3,20,linear7,,30
p479,,,op5,op4,20,linear7,,30
p479,,,op6,op5,15,linear3,,37.5
p480,402.31600000000003,BATCH_PIPELINE,op1,,1,const,,55
p480,,,op2,op1,2,sqrt,,55
p480,,,op3,op1,80,squared,,10
p480,,,op4,op1,5,linear3,,45
p480,,,op5,op1,20,linear7,,30
p480,,,op6,op1,1,const,,55
p480,,,op7,op1,40,linear7,,20
p480,,,op8,op1,40,linear7,,20
p480,,,op9,op1,15,linear3,,37.5
p481,412.574,QUERY,op1,,15,linear3,,35
p482,412.574,BATCH_PIPELINE,op1,,1,const,,55
p482,,,op2,op1,2,sqrt,,55
p482,,,op3,op2,40,linear7,,20
p482,,,op4,op3,20,linear7,,30
p482,,,op5,op4,2,sqrt,,55
p482,,,op6,op5,2,sqrt,,55
p482,,,op7,op6,2,sqrt,,55
p482,,,op8,op7,20,linear7,,30
p482,,,op9,op8,2,sqrt,,55
p483,412.574,BATCH_PIPELINE,op1,,1,const,,55
p483,,,op2,op1,40,linear7,,20
p483,,,op3,op2,5,linear3,,45
p483,,,op4,op3,5,linear3,,45
p483,,,op5,op4,2,sqrt,,55
p483,,,op6,op5,40,linear7,,20
p483,,,op7,op6,2,sqrt,,55
p483,,,op8,op7,15,linear3,,37.5
p483,,,op9,op8,5,linear3,,45
p484,412.574,BATCH_PIPELINE,op1,,1,const,,55
p484,,,op2,,15,linear3,,37.5
p484,,,op3,,1,const,,55
p484,,,op4,,15,linear3,,37.5
p484,,,op5,,5,linear3,,45
p484,,,op6,op1;op2;op3;op4;op5,80,squared,,10
p485,412.574,BATCH_PIPELINE,op1,,1,const,,55
p485,,,op2,,1,const,,55
p485,,,op3,,15,linear3,,37.5
p485,,,op4,,80,squared,,10
p485,,,op5,,5,linear3,,45
p485,,,op6,,1,const,,55
p485,,,op7,op1;op2;op3;op4;op5;op6,5,linear3,,45
p486,412.574,INTERACTIVE,op1,,1,const,,55
p486,,,op2,op1,2,sqrt,,55
p486,,,op3,op2,2,sqrt,,55
p486,,,op4,op3,15,linear3,,37.5
p486,,,op5,op4,40,linear7,,20
p486,,,op6,op5,40,linear7,,20
p486,,,op7,op6,15,linear3,,37.5
p486,,,op8,op7,1,const,,55
p487,412.574,BATCH_PIPELINE,op1,,1,const,,55
p487,,,op2,op1,5,linear3,,45
p487,,,op3,op1,15,linear3,,37.5
p487,,,op4,op1,1,const,,55
p487,,,op5,op1,1,const,,55
p487,,,op6,op1,5,linear3,,45
p487,,,op7,op1,20,linear7,,30
p487,,,op8,op1,40,linear7,,20
p487,,,op9,op1,20,linear7,,30
p488,412.574,BATCH_PIPELINE,op1,,1,const,,55
p488,,,op2,op1,2,sqrt,,55
p488,,,op3,op1,15,linear3,,37.5
p488,,,op4,op1,15,linear3,,37.5
p488,,,op5,op1,1,const,,55
p488,,,op6,op1,2,sqrt,,55
p489,412.574,BATCH_PIPELINE,op1,,1,const,,55
p489,,,op2,op1,80,squared,,10
p489,,,op3,op2,5,linear3,,45
p489,,,op4,op3,15,linear3,,37.5
p489,,,op5,op4,15,linear3,,37.5
p489,,,op6,op5,5,linear3,,45
p489,,,op7,op6,2,sqrt,,55
p489,,,op8,op7,80,squared,,10
p490,412.574,BATCH_PIPELINE,op1,,1,const,,55
p490,,,op2,op1,1,const,,55
p490,,,op3,op2,40,linear7,,20
p490,,,op4,op3,2,sqrt,,55
p490,,,op5,op4,15,linear3,,37.5
p490,,,op6,op5,1,const,,55
p490,,,op7,op6,1,const,,55
p490,,,op8,op7,15,linear3,,37.5
p490,,,op9,op8,2,sqrt,,55
p491,417.099,BATCH_PIPELINE,op1,,1,const,,55
p491,,,op2,op1,5,linear3,,45
p491,,,op3,op2,15,linear3,,37.5
p491,,,op4,op3,20,linear7,,30
p491,,,op5,op4,40,linear7,,20
p491,,,op6,op5,5,linear3,,45
p491,,,op7,op6,15,linear3,,37.5
p491,,,op8,op7,15,linear3,,37.5
p491,,,op9,op8,20,linear7,,30
p491,,,op10,op9,5,linear3,,45
p491,,,op11,op10,5,linear3,,45
p491,,,op12,op11,40,linear7,,20
p492,417.099,BATCH_PIPELINE,op1,,1,const,,55
p492,,,op2,op1,5,linear3,,45
p492,,,op3,op1,80,squared,,10
p492,,,op4,op1,20,linear7,,30
p492,,,op5,op1,80,squared,,10
p492,,,op6,op1,1,const,,55
p492,,,op7,op1,2,sqrt,,55
p492,,,op8,op1,15,linear3,,37.5
p493,417.099,QUERY,op1,,15,linear3,,35
p494,417.099,BATCH_PIPELINE,op1,,1,const,,55
p494,,,op2,op1,40,linear7,,20
p494,,,op3,op1,20,linear7,,30
p494,,,op4,op1,2,sqrt,,55
p494,,,op5,op1,40,linear7,,20
p494,,,op6,op1,40,linear7,,20
p495,417.099,QUERY,op1,,15,linear3,,35
p496,417.099,QUERY,op1,,15,linear3,,35
p497,417.099,QUERY,op1,,15,linear3,,35
p498,417.099,BATCH_PIPELINE,op1,,1,const,,55
p498,,,op2,op1,2,sqrt,,55
p498,,,op3,op2,1,const,,55
p498,,,op4,op3,2,sqrt,,55
p498,,,op5,op4,15,linear3,,37.5
p498,,,op6,op5,5,linear3,,45
p498,,,op7,op6,15,linear3,,37.5
p498,,,op8,op7,20,linear7,,30
p498,,,op9,op8,2,sqrt,,55
p499,417.099,QUERY,op1,,15,linear3,,35
p500,417.099,BATCH_PIPELINE,op1,,1,const,,55
p500,,,op2,op1,1,const,,55
p500,,,op3,op1,2,sqrt,,55
p500,,,op4,op1,20,linear7,,30
p500,,,op5,op1,1,const,,55
p500,,,op6,op1,40,linear7,,20
p500,,,op7,op1,80,squared,,10
p501,425.26800000000003,BATCH_PIPELINE,op1,,1,const,,55
p501,,,op2,,2,sqrt,,55
p501,,,op3,,20,linear7,,30
p501,,,op4,,2,sqrt,,55
p501,,,op5,,5,linear3,,45
p501,,,op6,,2,sqrt,,55
p501,,,op7,,15,linear3,,37.5
p501,,,op8,,40,linear7,,20
p501,,,op9,,5,linear3,,45
p501,,,op10,op1;op2;op3;op4;op5;op6;op7;op8;op9,1,const,,55
p502,425.26800000000003,BATCH_PIPELINE,op1,,1,const,,55
p502,,,op2,,15,linear3,,37.5
p502,,,op3,,5,linear3,,45
p502,,,op4,,20,linear7,,30
p502,,,op5,,5,linear3,,45
p502,,,op6,,5,linear3,,45
p502,,,op7,,2,sqrt,,55
p502,,,op8,op1;op2;op3;op4;op5;op6;op7,40,linear7,,20
p503,425.26800000000003,BATCH_PIPELINE,op1,,1,const,,55
p503,,,op2,op1,5,linear3,,45
p503,,,op3,op2,80,squared,,10
p503,,,op4,op3,2,sqrt,,55
p503,,,op5,op4,2,sqrt,,55
p503,,,op6,op5,5,linear3,,45
p503,,,op7,op6,15,linear3,,37.5
p503,,,op8,op7,5,linear3,,45
p503,,,op9,op8,1,const,,55
p504,425.26800000000003,BATCH_PIPELINE,op1,,1,const,,55
p504,,,op2,,15,linear3,,37.5
p504,,,op3,,5,linear3,,45
p504,,,op4,,2,sqrt,,55
p504,,,op5,,80,squared,,10
p504,,,op6,,5,linear3,,45
p504,,,op7,,5,linear3,,45
p504,,,op8,,40,linear7,,20
p504,,,op9,,2,sqrt,,55
p504,,,op10,op1;op2;op3;op4;op5;op6;op7;op8;op9,2,sqrt,,55
p505,425.26800000000003,INTERACTIVE,op1,,1,const,,55
p505,,,op2,op1,80,squared,,10
p505,,,op3,op2,15,linear3,,37.5
p505,,,op4,op3,1,const,,55
p505,,,op5,op4,15,linear3,,37.5
p505,,,op6,op5,15,linear3,,37.5
p505,,,op7,op6,15,linear3,,37.5
p505,,,op8,op7,15,linear3,,37.5
p506,425.26800000000003,QUERY,op1,,15,linear3,,35
p507,425.26800000000003,BATCH_PIPELINE,op1,,1,const,,55
p507,,,op2,op1,2,sqrt,,55
p507,,,op3,op2,80,squared,,10
p507,,,op4,op3,2,sqrt,,55
p507,,,op5,op4,15,linear3,,37.5
p507,,,op6,op5,1,const,,55
p507,,,op7,op6,15,linear3,,37.5
p507,,,op8,op7,2,sqrt,,55
p507,,,op9,op8,5,linear3,,45
p508,425.26800000000003,INTERACTIVE,op1,,1,const,,55
p508,,,op2,,1,const,,55
p508,,,op3,,80,squared,,10
p508,,,op4,,1,const,,55
p508,,,op5,,80,squared,,10
p508,,,op6,,40,linear7,,20
p508,,,op7,,20,linear7,,30
p508,,,op8,op1;op2;op3;op4;op5;op6;op7,2,sqrt,,55
p509,425.26800000000003,QUERY,op1,,15,linear3,,35
p510,425.26800000000003,INTERACTIVE,op1,,1,const,,55
p510,,,op2,op1,1,const,,55
p510,,,op3,op1,40,linear7,,20
p510,,,op4,op1,5,linear3,,45
p510,,,op5,op1,5,linear3,,45
p510,,,op6,op1,2,sqrt,,55
p510,,,op7,op1,15,linear3,,37.5
p510,,,op8,op1,2,sqrt,,55
p511,429.194,BATCH_PIPELINE,op1,,1,const,,55
p511,,,op2,op1,1,const,,55
p511,,,op3,op2,15,linear3,,37.5
p511,,,op4,op3,1,const,,55
p511,,,op5,op4,1,const,,55
p511,,,op6,op5,2,sqrt,,55
p511,,,op7,op6,20,linear7,,30
p511,,,op8,op7,5,linear3,,45
p511,,,op9,op8,5,linear3,,45
p512,429.194,BATCH_PIPELINE,op1,,1,const,,55
p512,,,op2,op1,5,linear3,,45
p512,,,op3,op2,2,sqrt,,55
p512,,,op4,op3,1,const,,55
p512,,,op5,op4,20,linear7,,30
p512,,,op6,op5,15,linear3,,37.5
p512,,,op7,op6,5,linear3,,45
p512,,,op8,op7,5,linear3,,45
p513,429.194,QUERY,op1,,15,linear3,,35
p514,429.194,BATCH_PIPELINE,op1,,1,const,,55
p514,,,op2,op1,80,squared,,10
p514,,,op3,op2,20,linear7,,30
p514,,,op4,op3,1,const,,55
p514,,,op5,op4,1,const,,55
p514,,,op6,op5,5,linear3,,45
p515,429.194,BATCH_PIPELINE,op1,,1,const,,55
p515,,,op2,op1,15,linear3,,37.5
p515,,,op3,op1,15,linear3,,37.5
p515,,,op4,op1,2,sqrt,,55
p515,,,op5,op1,20,linear7,,30
p516,429.194,BATCH_PIPELINE,op1,,1,const,,55
p516,,,op2,op1,1,const,,55
p516,,,op3,op1,80,squared,,10
p516,,,op4,op1,15,linear3,,37.5
p516,,,op5,op1,40,linear7,,20
p516,,,op6,op1,1,const,,55
p516,,,op7,op1,2,sqrt,,55
p517,429.194,BATCH_PIPELINE,op1,,1,const,,55
p517,,,op2,op1,5,linear3,,45
p517,,,op3,op2,1,const,,55
p517,,,op4,op3,1,const,,55
p517,,,op5,op4,5,linear3,,45
p517,,,op6,op5,5,linear3,,45
p517,,,op7,op6,2,sqrt,,55
p517,,,op8,op7,80,squared,,10
p518,429.194,BATCH_PIPELINE,op1,,1,const,,55
p518,,,op2,op1,15,linear3,,37.5
p518,,,op3,op2,5,linear3,,45
p518,,,op4,op3,1,const,,55
p518,,,op5,op4,40,linear7,,20
p518,,,op6,op5,5,linear3,,45
p518,,,op7,op6,20,linear7,,30
p518,,,op8,op7,2,sqrt,,55
p518,,,op9,op8,5,linear3,,45
p518,,,op10,op9,2,sqrt,,55
p519,429.194,QUERY,op1,,15,linear3,,35
p520,429.194,BATCH_PIPELINE,op1,,1,const,,55
p520,,,op2,op1,40,linear7,,20
p520,,,op3,op1,20,linear7,,30
p520,,,op4,op1,1,const,,55
p520,,,op5,op1,2,sqrt,,55
p520,,,op6,op1,1,const,,55
p520,,,op7,op1,20,linear7,,30
p520,,,op8,op1,15,linear3,,37.5
p521,435.06600000000003,BATCH_PIPELINE,op1,,1,const,,55
p521,,,op2,op1,1,const,,55
p521,,,op3,op2,20,linear7,,30
p521,,,op4,op3,15,linear3,,37.5
p521,,,op5,op4,80,squared,,10
p522,435.06600000000003,QUERY,op1,,15,linear3,,35
p523,435.06600000000003,QUERY,op1,,15,linear3,,35
p524,435.06600000000003,BATCH_PIPELINE,op1,,1,const,,55
p524,,,op2,op1,15,linear3,,37.5
p524,,,op3,op2,1,const,,55
p524,,,op4,op3,5,linear3,,45
p524,,,op5,op4,1,const,,55
p525,435.06600000000003,INTERACTIVE,op1,,1,const,,55
p525,,,op2,op1,15,linear3,,37.5
p525,,,op3,op2,40,linear7,,20
p525,,,op4,op3,15,linear3,,37.5
p525,,,op5,op4,2,sqrt,,55
p526,435.06600000000003,BATCH_PIPELINE,op1,,1,const,,55
p526,,,op2,op1,20,linear7,,30
p526,,,op3,op2,80,squared,,10
p526,,,op4,op3,2,sqrt,,55
p526,,,op5,op4,5,linear3,,45
p527,435.06600000000003,BATCH_PIPELINE,op1,,1,const,,55
p527,,,op2,op1,5,linear3,,45
p527,,,op3,op2,40,linear7,,20
p527,,,op4,op3,2,sqrt,,55
p527,,,op5,op4,20,linear7,,30
p527,,,op6,op5,20,linear7,,30
p527,,,op7,op6,5,linear3,,45
p527,,,op8,op7,5,linear3,,45
p528,435.06600000000003,INTERACTIVE,op1,,1,const,,55
p528,,,op2,op1,2,sqrt,,55
p528,,,op3,op2,80,squared,,10
p528,,,op4,op3,20,linear7,,30
p528,,,op5,op4,2,sqrt,,55
p528,,,op6,op5,20,linear7,,30
p529,435.06600000000003,BATCH_PIPELINE,op1,,1,const,,55
p529,,,op2,op1,15,linear3,,37.5
p529,,,op3,op1,15,linear3,,37.5
p529,,,op4,op1,5,linear3,,45
p529,,,op5,op1,15,linear3,,37.5
p529,,,op6,op1,15,linear3,,37.5
p530,435.06600000000003,BATCH_PIPELINE,op1,,1,const,,55
p530,,,op2,op1,1,const,,55
p530,,,op3,op2,15,linear3,,37.5
p530,,,op4,op3,5,linear3,,45
p530,,,op5,op4,80,squared,,10
p530,,,op6,op5,2,sqrt,,55
p531,442.41200000000003,INTERACTIVE,op1,,1,const,,55
p531,,,op2,op1,5,linear3,,45
p531,,,op3,op2,1,const,,55
p531,,,op4,op3,15,linear3,,37.5
p531,,,op5,op4,2,sqrt,,55
p531,,,op6,op5,1,const,,55
p531,,,op7,op6,40,linear7,,20
p531,,,op8,op7,1,const,,55
p532,442.41200000000003,INTERACTIVE,op1,,1,const,,55
p532,,,op2,op1,20,linear7,,30
p532,,,op3,op1,1,const,,55
p532,,,op4,op1,2,sqrt,,55
p532,,,op5,op1,20,linear7,,30
p532,,,op6,op1,5,linear3,,45
p533,442.41200000000003,INTERACTIVE,op1,,1,const,,55
p533,,,op2,op1,15,linear3,,37.5
p533,,,op3,op2,20,linear7,,30
p533,,,op4,op3,20,linear7,,30
p533,,,op5,op4,5,linear3,,45
p533,,,op6,op5,5,linear3,,45
p533,,,op7,op6,1,const,,55
p533,,,op8,op7,1,const,,55
p533,,,op9,op8,15,linear3,,37.5
p533,,,op10,op9,5,linear3,,45
p534,442.41200000000003,INTERACTIVE,op1,,1,const,,55
p534,,,op2,op1,5,linear3,,45
p534,,,op3,op2,15,linear3,,37.5
p534,,,op4,op3,2,sqrt,,55
p534,,,op5,op4,40,linear7,,20
p534,,,op6,op5,20,linear7,,30
p534,,,op7,op6,15,linear3,,37.5
p534,,,op8,op7,80,squared,,10
p534,,,op9,op8,1,const,,55
p534,,,op10,op9,5,linear3,,45
p535,442.41200000000003,BATCH_PIPELINE,op1,,1,const,,55
p535,,,op2,op1,1,const,,55
p535,,,op3,op2,20,linear7,,30
p535,,,op4,op3,40,linear7,,20
p535,,,op5,op4,15,linear3,,37.5
p535,,,op6,op5,1,const,,55
p536,442.41200000000003,BATCH_PIPELINE,op1,,1,const,,55
p536,,,op2,op1,1,const,,55
p536,,,op3,op2,40,linear7,,20
p536,,,op4,op3,15,linear3,,37.5
p536,,,op5,op4,2,sqrt,,55
p536,,,op6,op5,20,linear7,,30
p536,,,op7,op6,2,sqrt,,55
p536,,,op8,op7,2,sqrt,,55
p536,,,op9,op8,15,linear3,,37.5
p537,442.41200000000003,BATCH_PIPELINE,op1,,1,const,,55
p537,,,op2,op1,15,linear3,,37.5
p537,,,op3,op2,20,linear7,,30
p537,,,op4,op3,1,const,,55
p537,,,op5,op4,20,linear7,,30
p537,,,op6,op5,2,sqrt,,55
p537,,,op7,op6,15,linear3,,37.5
p537,,,op8,op7,5,linear3,,45
p537,,,op9,op8,20,linear7,,30
p537,,,op10,op9,15,linear3,,37.5
p537,,,op11,op10,1,const,,55
p538,442.41200000000003,INTERACTIVE,op1,,1,const,,55
p538,,,op2,op1,2,sqrt,,55
p538,,,op3,op1,15,linear3,,37.5
p538,,,op4,op1,5,linear3,,45
p538,,,op5,op1,80,squared,,10
p538,,,op6,op1,15,linear3,,37.5
p538,,,op7,op1,15,linear3,,37.5
p538,,,op8,op1,40,linear7,,20
p538,,,op9,op1,15,linear3,,37.5
p539,442.41200000000003,BATCH_PIPELINE,op1,,1,const,,55
p539,,,op2,,20,linear7,,30
p539,,,op3,op1;op2,5,linear3,,45
p540,442.41200000000003,BATCH_PIPELINE,op1,,1,const,,55
p540,,,op2,op1,5,linear3,,45
p540,,,op3,op2,15,linear3,,37.5
p540,,,op4,op3,20,linear7,,30
p540,,,op5,op4,80,squared,,10
p540,,,op6,op5,1,const,,55
p540,,,op7,op6,5,linear3,,45
p540,,,op8,op7,20,linear7,,30
p541,454.891,BATCH_PIPELINE,op1,,1,const,,55
p541,,,op2,op1,15,linear3,,37.5
p541,,,op3,op2,20,linear7,,30
p541,,,op4,op3,20,linear7,,30
p541,,,op5,op4,5,linear3,,45
p541,,,op6,op5,15,linear3,,37.5
p541,,,op7,op6,40,linear7,,20
p542,454.891,INTERACTIVE,op1,,1,const,,55
p542,,,op2,op1,5,linear3,,45
p542,,,op3,op2,20,linear7,,30
p542,,,op4,op3,5,linear3,,45
p542,,,op5,op4,15,linear3,,37.5
p542,,,op6,op5,1,const,,55
p542,,,op7,op6,40,linear7,,20
p542,,,op8,op7,1,const,,55
p542,,,op9,op8,5,linear3,,45
p543,454.891,INTERACTIVE,op1,,1,const,,55
p543,,,op2,op1,2,sqrt,,55
p543,,,op3,op2,2,sqrt,,55
p543,,,op4,op3,80,squared,,10
p543,,,op5,op4,1,const,,55
p543,,,op6,op5,1,const,,55
p543,,,op7,op6,80,squared,,10
p543,,,op8,op7,20,linear7,,30
p543,,,op9,op8,1,const,,55
p543,,,op10,op9,5,linear3,,45
p543,,,op11,op10,15,linear3,,37.5
p544,454.891,INTERACTIVE,op1,,1,const,,55
p544,,,op2,,2,sqrt,,55
p544,,,op3,,20,linear7,,30
p544,,,op4,,2,sqrt,,55
p544,,,op5,,1,const,,55
p544,,,op6,,1,const,,55
p544,,,op7,,1,const,,55
p544,,,op8,,2,sqrt,,55
p544,,,op9,,1,const,,55
p544,,,op10,,15,linear3,,37.5
p544,,,op11,op1;op2;op3;op4;op5;op6;op7;op8;op9;op10,1,const,,55
p545,454.891,BATCH_PIPELINE,op1,,1,const,,55
p545,,,op2,op1,2,sqrt,,55
p545,,,op3,op2,80,squared,,10
p545,,,op4,op3,2,sqrt,,55
p545,,,op5,op4,20,linear7,,30
p546,454.891,BATCH_PIPELINE,op1,,1,const,,55
p546,,,op2,op1,5,linear3,,45
p546,,,op3,op1,2,sqrt,,55
p546,,,op4,op1,15,linear3,,37.5
p546,,,op5,op1,5,linear3,,45
p546,,,op6,op1,2,sqrt,,55
p546,,,op7,op1,20,linear7,,30
p547,454.891,BATCH_PIPELINE,op1,,1,const,,55
p547,,,op2,op1,5,linear3,,45
p547,,,op3,op2,2,sqrt,,55
p547,,,op4,op3,15,linear3,,37.5
p547,,,op5,op4,2,sqrt,,55
p547,,,op6,op5,2,sqrt,,55
p547,,,op7,op6,1,const,,55
p548,454.891,INTERACTIVE,op1,,1,const,,55
p548,,,op2,op1,80,squared,,10
p548,,,op3,op2,20,linear7,,30
p548,,,op4,op3,40,linear7,,20
p548,,,op5,op4,20,linear7,,30
p548,,,op6,op5,80,squared,,10
p548,,,op7,op6,2,sqrt,,55
p548,,,op8,op7,1,const,,55
p548,,,op9,op8,5,linear3,,45
p549,454.891,BATCH_PIPELINE,op1,,1,const,,55
p549,,,op2,op1,40,linear7,,20
p549,,,op3,op2,15,linear3,,37.5
p549,,,op4,op3,20,linear7,,30
p549,,,op5,op4,2,sqrt,,55
p549,,,op6,op5,1,const,,55
p549,,,op7,op6,80,squared,,10
p549,,,op8,op7,15,linear3,,37.5
p550,454.891,BATCH_PIPELINE,op1,,1,const,,55
p550,,,op2,op1,2,sqrt,,55
p550,,,op3,op2,1,const,,55
p550,,,op4,op3,1,const,,55
p550,,,op5,op4,5,linear3,,45
p550,,,op6,op5,2,sqrt,,55
p551,466.383,BATCH_PIPELINE,op1,,1,const,,55
p551,,,op2,op1,5,linear3,,45
p551,,,op3,op2,15,linear3,,37.5
p551,,,op4,op3,20,linear7,,30
p551,,,op5,op4,5,linear3,,45
p551,,,op6,op5,40,linear7,,20
p551,,,op7,op6,15,linear3,,37.5
p551,,,op8,op7,20,linear7,,30
p552,466.383,BATCH_PIPELINE,op1,,1,const,,55
p552,,,op2,op1,20,linear7,,30
p552,,,op3,op2,20,linear7,,30
p552,,,op4,op3,15,linear3,,37.5
p553,466.383,BATCH_PIPELINE,op1,,1,const,,55
p553,,,op2,op1,15,linear3,,37.5
p553,,,op3,op2,2,sqrt,,55
p553,,,op4,op3,40,linear7,,20
p553,,,op5,op4,2,sqrt,,55
p553,,,op6,op5,2,sqrt,,55
p554,466.383,BATCH_PIPELINE,op1,,1,const,,55
p554,,,op2,,15,linear3,,37.5
p554,,,op3,,15,linear3,,37.5
p554,,,op4,,1,const,,55
p554,,,op5,,2,sqrt,,55
p554,,,op6,,5,linear3,,45
p554,,,op7,,5,linear3,,45
p554,,,op8,,15,linear3,,37.5
p554,,,op9,op1;op2;op3;op4;op5;op6;op7;op8,40,linear7,,20
p555,466.383,INTERACTIVE,op1,,1,const,,55
p555,,,op2,op1,5,linear3,,45
p555,,,op3,op2,5,linear3,,45
p555,,,op4,op3,5,linear3,,45
p555,,,op5,op4,80,squared,,10
p556,466.383,BATCH_PIPELINE,op1,,1,const,,55
p556,,,op2,op1,2,sqrt,,55
p556,,,op3,op2,20,linear7,,30
p556,,,op4,op3,20,linear7,,30
p556,,,op5,op4,5,linear3,,45
p556,,,op6,op5,5,linear3,,45
p556,,,op7,op6,5,linear3,,45
p557,466.383,BATCH_PIPELINE,op1,,1,const,,55
p557,,,op2,op1,15,linear3,,37.5
p557,,,op3,op2,20,linear7,,30
p557,,,op4,op3,1,const,,55
p557,,,op5,op4,1,const,,55
p557,,,op6,op5,1,const,,55
p557,,,op7,op6,20,linear7,,30
p558,466.383,BATCH_PIPELINE,op1,,1,const,,55
p558,,,op2,op1,80,squared,,10
p558,,,op3,op2,2,sqrt,,55
p558,,,op4,op3,15,linear3,,37.5
p558,,,op5,op4,20,linear7,,30
p558,,,op6,op5,2,sqrt,,55
p558,,,op7,op6,2,sqrt,,55
p558,,,op8,op7,15,linear3,,37.5
p558,,,op9,op8,80,squared,,10
p559,466.383,INTERACTIVE,op1,,1,const,,55
p559,,,op2,op1,15,linear3,,37.5
p559,,,op3,op2,2,sqrt,,55
p559,,,op4,op3,40,linear7,,20
p559,,,op5,op4,1,const,,55
p559,,,op6,op5,80,squared,,10
p559,,,op7,op6,15,linear3,,37.5
p559,,,op8,op7,1,const,,55
p559,,,op9,op8,5,linear3,,45
p559,,,op10,op9,20,linear7,,30
p559,,,op11,op10,5,linear3,,45
p560,466.383,BATCH_PIPELINE,op1,,1,const,,55
p560,,,op2,op1,5,linear3,,45
p560,,,op3,op2,15,linear3,,37.5
p560,,,op4,op3,5,linear3,,45
p560,,,op5,op4,40,linear7,,20
p560,,,op6,op5,2,sqrt,,55
p561,476.088,BATCH_PIPELINE,op1,,1,const,,55
p561,,,op2,op1,15,linear3,,37.5
p561,,,op3,op2,80,squared,,10
p561,,,op4,op3,20,linear7,,30
p562,476.088,INTERACTIVE,op1,,1,const,,55
p563,476.088,INTERACTIVE,op1,,1,const,,55
p563,,,op2,op1,15,linear3,,37.5
p563,,,op3,op2,20,linear7,,30
p563,,,op4,op3,5,linear3,,45
p563,,,op5,op4,5,linear3,,45
p563,,,op6,op5,15,linear3,,37.5
p563,,,op7,op6,20,linear7,,30
p563,,,op8,op7,5,linear3,,45
p563,,,op9,op8,20,linear7,,30
p563,,,op10,op9,5,linear3,,45
p564,476.088,INTERACTIVE,op1,,1,const,,55
p564,,,op2,,2,sqrt,,55
p564,,,op3,,5,linear3,,45
p564,,,op4,,15,linear3,,37.5
p564,,,op5,,5,linear3,,45
p564,,,op6,,5,linear3,,45
p564,,,op7,,5,linear3,,45
p564,,,op8,,15,linear3,,37.5
p564,,,op9,,1,const,,55
p564,,,op10,,80,squared,,10
p564,,,op11,op1;op2;op3;op4;op5;op6;op7;op8;op9;op10,5,linear3,,45
p565,476.088,INTERACTIVE,op1,,1,const,,55
p565,,,op2,op1,2,sqrt,,55
p565,,,op3,op2,40,linear7,,20
p565,,,op4,op3,2,sqrt,,55
p565,,,op5,op4,20,linear7,,30
p566,476.088,BATCH_PIPELINE,op1,,1,const,,55
p566,,,op2,op1,40,linear7,,20
p566,,,op3,op2,1,const,,55
p566,,,op4,op3,1,const,,55
p566,,,op5,op4,1,const,,55
p566,,,op6,op5,1,const,,55
p566,,,op7,op6,2,sqrt,,55
p567,476.088,INTERACTIVE,op1,,1,const,,55
p567,,,op2,op1,1,const,,55
p567,,,op3,op2,40,linear7,,20
p567,,,op4,op3,15,linear3,,37.5
p567,,,op5,op4,15,linear3,,37.5
p567,,,op6,op5,1,const,,55
p568,476.088,INTERACTIVE,op1,,1,const,,55
p568,,,op2,op1,20,linear7,,30
p568,,,op3,op2,20,linear7,,30
p568,,,op4,op3,20,linear7,,30
p568,,,op5,op4,2,sqrt,,55
p569,476.088,BATCH_PIPELINE,op1,,1,const,,55
p569,,,op2,op1,80,squared,,10
p569,,,op3,op2,1,const,,55
p569,,,op4,op3,5,linear3,,45
p569,,,op5,op4,40,linear7,,20
p569,,,op6,op5,1,const,,55
p569,,,op7,op6,2,sqrt,,55
p570,476.088,BATCH_PIPELINE,op1,,1,const,,55
p570,,,op2,op1,20,linear7,,30
p570,,,op3,op2,20,linear7,,30
p570,,,op4,op3,20,linear7,,30
p570,,,op5,op4,2,sqrt,,55
p570,,,op6,op5,15,linear3,,37.5
p570,,,op7,op6,2,sqrt,,55
p571,484.34000000000003,INTERACTIVE,op1,,1,const,,55
p571,,,op2,op1,15,linear3,,37.5
p571,,,op3,op1,1,const,,55
p571,,,op4,op1,1,const,,55
p571,,,op5,op1,1,const,,55
p571,,,op6,op1,5,linear3,,45
p571,,,op7,op1,20,linear7,,30
p571,,,op8,op1,20,linear7,,30
p572,484.34000000000003,BATCH_PIPELINE,op1,,1,const,,55
p572,,,op2,op1,15,linear3,,37.5
p572,,,op3,op2,2,sqrt,,55
p572,,,op4,op3,5,linear3,,45
p572,,,op5,op4,15,linear3,,37.5
p573,484.34000000000003,BATCH_PIPELINE,op1,,1,const,,55
p573,,,op2,,5,linear3,,45
p573,,,op3,,40,linear7,,20
p573,,,op4,,20,linear7,,30
p573,,,op5,,1,const,,55
p573,,,op6,,1,const,,55
p573,,,op7,,2,sqrt,,55
p573,,,op8,op1;op2;op3;op4;op5;op6;op7,2,sqrt,,55
p574,484.34000000000003,BATCH_PIPELINE,op1,,1,const,,55
p574,,,op2,op1,15,linear3,,37.5
p574,,,op3,op2,5,linear3,,45
p574,,,op4,op3,1,const,,55
p574,,,op5,op4,15,linear3,,37.5
p574,,,op6,op5,15,linear3,,37.5
p574,,,op7,op6,15,linear3,,37.5
p574,,,op8,op7,80,squared,,10
p574,,,op9,op8,40,linear7,,20
p575,484.34000000000003,INTERACTIVE,op1,,1,const,,55
p575,,,op2,op1,5,linear3,,45
p575,,,op3,op2,2,sqrt,,55
p575,,,op4,op3,20,linear7,,30
p575,,,op5,op4,15,linear3,,37.5
p575,,,op6,op5,1,const,,55
p576,484.34000000000003,INTERACTIVE,op1,,1,const,,55
p576,,,op2,op1,5,linear3,,45
p576,,,op3,op2,15,linear3,,37.5
p576,,,op4,op3,20,linear7,,30
p576,,,op5,op4,5,linear3,,45
p576,,,op6,op5,20,linear7,,30
p576,,,op7,op6,15,linear3,,37.5
p576,,,op8,op7,1,const,,55
p577,484.34000000000003,BATCH_PIPELINE,op1,,1,const,,55
p577,,,op2,,15,linear3,,37.5
p577,,,op3,,40,linear7,,20
p577,,,op4,,40,linear7,,20
p577,,,op5,,20,linear7,,30
p577,,,op6,,2,sqrt,,55
p577,,,op7,,80,squared,,10
p577,,,op8,,20,linear7,,30
p577,,,op9,,5,linear3,,45
p577,,,op10,op1;op2;op3;op4;op5;op6;op7;op8;op9,2,sqrt,,55
p578,484.34000000000003,BATCH_PIPELINE,op1,,1,const,,55
p578,,,op2,op1,2,sqrt,,55
p578,,,op3,op2,15,linear3,,37.5
p578,,,op4,op3,2,sqrt,,55
p579,484.34000000000003,INTERACTIVE,op1,,1,const,,55
p579,,,op2,op1,80,squared,,10
p579,,,op3,op2,40,linear7,,20
p579,,,op4,op3,15,linear3,,37.5
p579,,,op5,op4,5,linear3,,45
p579,,,op6,op5,20,linear7,,30
p580,484.34000000000003,INTERACTIVE,op1,,1,const,,55
p580,,,op2,op1,1,const,,55
p580,,,op3,op2,40,linear7,,20
p580,,,op4,op3,80,squared,,10
p580,,,op5,op4,15,linear3,,37.5
p580,,,op6,op5,1,const,,55
p581,494.711,INTERACTIVE,op1,,1,const,,55
p581,,,op2,op1,15,linear3,,37.5
p581,,,op3,op2,5,linear3,,45
p581,,,op4,op3,2,sqrt,,55
p581,,,op5,op4,15,linear3,,37.5
p581,,,op6,op5,5,linear3,,45
p582,494.711,BATCH_PIPELINE,op1,,1,const,,55
p582,,,op2,op1,5,linear3,,45
p582,,,op3,op2,1,const,,55
p582,,,op4,op3,20,linear7,,30
p582,,,op5,op4,1,const,,55
p582,,,op6,op5,5,linear3,,45
p582,,,op7,op6,2,sqrt,,55
p583,494.711,BATCH_PIPELINE,op1,,1,const,,55
p583,,,op2,op1,2,sqrt,,55
p583,,,op3,op1,20,linear7,,30
p583,,,op4,op1,15,linear3,,37.5
p583,,,op5,op1,1,const,,55
p583,,,op6,op1,80,squared,,10
p583,,,op7,op1,1,const,,55
p583,,,op8,op1,15,linear3,,37.5
p583,,,op9,op1,15,linear3,,37.5
p584,494.711,BATCH_PIPELINE,op1,,1,const,,55
p584,,,op2,op1,1,const,,55
p584,,,op3,op2,5,linear3,,45
p584,,,op4,op3,2,sqrt,,55
p584,,,op5,op4,2,sqrt,,55
p584,,,op6,op5,15,linear3,,37.5
p584,,,op7,op6,40,linear7,,20
p585,494.711,BATCH_PIPELINE,op1,,1,const,,55
p585,,,op2,op1,2,sqrt,,55
p585,,,op3,op2,5,linear3,,45
p585,,,op4,op3,5,linear3,,45
p585,,,op5,op4,2,sqrt,,55
p585,,,op6,op5,15,linear3,,37.5
p585,,,op7,op6,15,linear3,,37.5
p585,,,op8,op7,1,const,,55
p585,,,op9,op8,1,const,,55
p586,494.711,BATCH_PIPELINE,op1,,1,const,,55
p586,,,op2,op1,20,linear7,,30
p586,,,op3,op2,1,const,,55
p586,,,op4,op3,1,const,,55
p586,,,op5,op4,80,squared,,10
p586,,,op6,op5,15,linear3,,37.5
p587,494.711,QUERY,op1,,15,linear3,,35
p588,494.711,INTERACTIVE,op1,,1,const,,55
p588,,,op2,op1,20,linear7,,30
p588,,,op3,op2,2,sqrt,,55
p588,,,op4,op3,40,linear7,,20
p588,,,op5,op4,5,linear3,,45
p588,,,op6,op5,1,const,,55
p589,494.711,BATCH_PIPELINE,op1,,1,const,,55
p589,,,op2,op1,5,linear3,,45
p590,494.711,BATCH_PIPELINE,op1,,1,const,,55
p590,,,op2,op1,20,linear7,,30
p590,,,op3,op2,40,linear7,,20
p590,,,op4,op3,5,linear3,,45
p591,505.993,BATCH_PIPELINE,op1,,1,const,,55
p591,,,op2,op1,1,const,,55
p591,,,op3,op2,1,const,,55
p591,,,op4,op3,15,linear3,,37.5
p591,,,op5,op4,2,sqrt,,55
p591,,,op6,op5,15,linear3,,37.5
p591,,,op7,op6,1,const,,55
p591,,,op8,op7,1,const,,55
p591,,,op9,op8,40,linear7,,20
p592,505.993,INTERACTIVE,op1,,1,const,,55
p592,,,op2,,5,linear3,,45
p592,,,op3,,40,linear7,,20
p592,,,op4,,15,linear3,,37.5
p592,,,op5,op1;op2;op3;op4,15,linear3,,37.5
p593,505.993,QUERY,op1,,15,linear3,,35
p594,505.993,INTERACTIVE,op1,,1,const,,55
p594,,,op2,op1,5,linear3,,45
p594,,,op3,op2,5,linear3,,45
p594,,,op4,op3,15,linear3,,37.5
p594,,,op5,op4,15,linear3,,37.5
p594,,,op6,op5,1,const,,55
p594,,,op7,op6,20,linear7,,30
p594,,,op8,op7,2,sqrt,,55
p595,505.993,QUERY,op1,,15,linear3,,35
p596,505.993,BATCH_PIPELINE,op1,,1,const,,55
p596,,,op2,op1,20,linear7,,30
p596,,,op3,op2,2,sqrt,,55
p596,,,op4,op3,40,linear7,,20
p596,,,op5,op4,5,linear3,,45
p596,,,op6,op5,5,linear3,,45
p596,,,op7,op6,80,squared,,10
p596,,,op8,op7,5,linear3,,45
p597,505.993,INTERACTIVE,op1,,1,const,,55
p597,,,op2,op1,15,linear3,,37.5
p597,,,op3,op2,20,linear7,,30
p597,,,op4,op3,2,sqrt,,55
p597,,,op5,op4,2,sqrt,,55
p597,,,op6,op5,2,sqrt,,55
p597,,,op7,op6,15,linear3,,37.5
p597,,,op8,op7,5,linear3,,45
p598,505.993,BATCH_PIPELINE,op1,,1,const,,55
p598,,,op2,op1,2,sqrt,,55
p598,,,op3,op2,1,const,,55
p598,,,op4,op3,80,squared,,10
p598,,,op5,op4,15,linear3,,37.5
p598,,,op6,op5,15,linear3,,37.5
p598,,,op7,op6,1,const,,55
p598,,,op8,op7,5,linear3,,45
p598,,,op9,op8,20,linear7,,30
p598,,,op10,op9,5,linear3,,45
p599,505.993,INTERACTIVE,op1,,1,const,,55
p599,,,op2,op1,1,const,,55
p599,,,op3,op2,2,sqrt,,55
p599,,,op4,op3,80,squared,,10
p599,,,op5,op4,40,linear7,,20
p599,,,op6,op5,5,linear3,,45
p599,,,op7,op6,15,linear3,,37.5
p599,,,op8,op7,2,sqrt,,55
p599,,,op9,op8,20,linear7,,30
p599,,,op10,op9,5,linear3,,45
p599,,,op11,op10,5,linear3,,45
p599,,,op12,op11,20,linear7,,30
p600,505.993,BATCH_PIPELINE,op1,,1,const,,55
p600,,,op2,op1,20,linear7,,30
p600,,,op3,op2,80,squared,,10
p600,,,op4,op3,20,linear7,,30
p600,,,op5,op4,20,linear7,,30
p600,,,op6,op5,5,linear3,,45
p600,,,op7,op6,2,sqrt,,55
p601,516.465,INTERACTIVE,op1,,1,const,,55
p601,,,op2,op1,5,linear3,,45
p601,,,op3,op2,2,sqrt,,55
p601,,,op4,op3,40,linear7,,20
p601,,,op5,op4,15,linear3,,37.5
p602,516.465,BATCH_PIPELINE,op1,,1,const,,55
p602,,,op2,op1,2,sqrt,,55
p602,,,op3,op2,15,linear3,,37.5
p602,,,op4,op3,15,linear3,,37.5
p602,,,op5,op4,1,const,,55
p602,,,op6,op5,2,sqrt,,55
p602,,,op7,op6,5,linear3,,45
p602,,,op8,op7,15,linear3,,37.5
p603,516.465,BATCH_PIPELINE,op1,,1,const,,55
p603,,,op2,op1,5,linear3,,45
p603,,,op3,op2,1,const,,55
p603,,,op4,op3,5,linear3,,45
p603,,,op5,op4,40,linear7,,20
p603,,,op6,op5,1,const,,55
p604,516.465,BATCH_PIPELINE,op1,,1,const,,55
p604,,,op2,op1,15,linear3,,37.5
p604,,,op3,op1,1,const,,55
p604,,,op4,op1,80,squared,,10
p604,,,op5,op1,5,linear3,,45
p604,,,op6,op1,15,linear3,,37.5
p604,,,op7,op1,40,linear7,,20
p604,,,op8,op1,20,linear7,,30
p604,,,op9,op1,2,sqrt,,55
p604,,,op10,op1,2,sqrt,,55
p604,,,op11,op1,15,linear3,,37.5
p605,516.465,INTERACTIVE,op1,,1,const,,55
p605,,,op2,op1,1,const,,55
p605,,,op3,op2,80,squared,,10
p606,516.465,BATCH_PIPELINE,op1,,1,const,,55
p606,,,op2,op1,1,const,,55
p606,,,op3,op2,1,const,,55
p606,,,op4,op3,40,linear7,,20
p606,,,op5,op4,80,squared,,10
p606,,,op6,op5,20,linear7,,30
p607,516.465,BATCH_PIPELINE,op1,,1,const,,55
p607,,,op2,op1,80,squared,,10
p607,,,op3,op1,5,linear3,,45
p607,,,op4,op1,80,squared,,10
p607,,,op5,op1,40,linear7,,20
p607,,,op6,op1,1,const,,55
p607,,,op7,op1,2,sqrt,,55
p608,516.465,INTERACTIVE,op1,,1,const,,55
p608,,,op2,op1,80,squared,,10
p608,,,op3,op2,1,const,,55
p608,,,op4,op3,15,linear3,,37.5
p608,,,op5,op4,20,linear7,,30
p608,,,op6,op5,5,linear3,,45
p608,,,op7,op6,15,linear3,,37.5
p609,516.465,INTERACTIVE,op1,,1,const,,55
p609,,,op2,op1,15,linear3,,37.5
p609,,,op3,op2,20,linear7,,30
p609,,,op4,op3,40,linear7,,20
p609,,,op5,op4,20,linear7,,30
p609,,,op6,op5,15,linear3,,37.5
p609,,,op7,op6,1,const,,55
p609,,,op8,op7,2,sqrt,,55
p610,516.465,INTERACTIVE,op1,,1,const,,55
p610,,,op2,op1,2,sqrt,,55
p610,,,op3,op2,1,const,,55
p610,,,op4,op3,1,const,,55
p610,,,op5,op4,5,linear3,,45
p610,,,op6,op5,1,const,,55
p610,,,op7,op6,1,const,,55
p610,,,op8,op7,5,linear3,,45
p611,522.46,BATCH_PIPELINE,op1,,1,const,,55
p611,,,op2,op1,5,linear3,,45
p611,,,op3,op2,20,linear7,,30
p611,,,op4,op3,2,sqrt,,55
p611,,,op5,op4,2,sqrt,,55
p611,,,op6,op5,40,linear7,,20
p611,,,op7,op6,20,linear7,,30
p611,,,op8,op7,20,linear7,,30
p611,,,op9,op8,20,linear7,,30
p612,522.46,BATCH_PIPELINE,op1,,1,const,,55
p612,,,op2,op1,40,linear7,,20
p612,,,op3,op2,15,linear3,,37.5
p612,,,op4,op3,15,linear3,,37.5
p612,,,op5,op4,5,linear3,,45
p612,,,op6,op5,15,linear3,,37.5
p612,,,op7,op6,5,linear3,,45
p612,,,op8,op7,20,linear7,,30
p612,,,op9,op8,1,const,,55
p612,,,op10,op9,2,sqrt,,55
p613,522.46,INTERACTIVE,op1,,1,const,,55
p613,,,op2,op1,2,sqrt,,55
p613,,,op3,op2,15,linear3,,37.5
p613,,,op4,op3,2,sqrt,,55
p613,,,op5,op4,5,linear3,,45
p613,,,op6,op5,20,linear7,,30
p614,522.46,BATCH_PIPELINE,op1,,1,const,,55
p614,,,op2,,40,linear7,,20
p614,,,op3,,15,linear3,,37.5
p614,,,op4,,80,squared,,10
p614,,,op5,,40,linear7,,20
p614,,,op6,,15,linear3,,37.5
p614,,,op7,,2,sqrt,,55
p614,,,op8,,5,linear3,,45
p614,,,op9,op1;op2;op3;op4;op5;op6;op7;op8,40,linear7,,20
p615,522.46,INTERACTIVE,op1,,1,const,,55
p615,,,op2,op1,1,const,,55
p615,,,op3,op2,15,linear3,,37.5
p615,,,op4,op3,1,const,,55
p615,,,op5,op4,1,const,,55
p615,,,op6,op5,15,linear3,,37.5
p615,,,op7,op6,20,linear7,,30
p615,,,op8,op7,20,linear7,,30
p615,,,op9,op8,15,linear3,,37.5
p615,,,op10,op9,20,linear7,,30
p616,522.46,BATCH_PIPELINE,op1,,1,const,,55
p616,,,op2,op1,1,const,,55
p616,,,op3,op1,20,linear7,,30
p616,,,op4,op1,2,sqrt,,55
p616,,,op5,op1,20,linear7,,30
p616,,,op6,op1,40,linear7,,20
p616,,,op7,op1,2,sqrt,,55
p617,522.46,QUERY,op1,,15,linear3,,35
p618,522.46,BATCH_PIPELINE,op1,,1,const,,55
p618,,,op2,op1,5,linear3,,45
p618,,,op3,op2,5,linear3,,45
p618,,,op4,op3,80,squared,,10
p619,522.46,INTERACTIVE,op1,,1,const,,55
p619,,,op2,op1,20,linear7,,30
p619,,,op3,op2,15,linear3,,37.5
p619,,,op4,op3,15,linear3,,37.5
p619,,,op5,op4,2,sqrt,,55
p619,,,op6,op5,2,sqrt,,55
p619,,,op7,op6,20,linear7,,30
p619,,,op8,op7,80,squared,,10
p620,522.46,QUERY,op1,,15,linear3,,35
p621,529.441,INTERACTIVE,op1,,1,const,,55
p621,,,op2,op1,40,linear7,,20
p621,,,op3,op2,2,sqrt,,55
p621,,,op4,op3,5,linear3,,45
p621,,,op5,op4,20,linear7,,30
p621,,,op6,op5,15,linear3,,37.5
p621,,,op7,op6,2,sqrt,,55
p621,,,op8,op7,2,sqrt,,55
p621,,,op9,op8,20,linear7,,30
p621,,,op10,op9,40,linear7,,20
p621,,,op11,op10,80,squared,,10
p621,,,op12,op11,80,squared,,10
p622,529.441,BATCH_PIPELINE,op1,,1,const,,55
p622,,,op2,,20,linear7,,30
p622,,,op3,,2,sqrt,,55
p622,,,op4,,1,const,,55
p622,,,op5,,15,linear3,,37.5
p622,,,op6,,5,linear3,,45
p622,,,op7,op1;op2;op3;op4;op5;op6,5,linear3,,45
p623,529.441,BATCH_PIPELINE,op1,,1,const,,55
p623,,,op2,,1,const,,55
p623,,,op3,,15,linear3,,37.5
p623,,,op4,,20,linear7,,30
p623,,,op5,,1,const,,55
p623,,,op6,,2,sqrt,,55
p623,,,op7,,2,sqrt,,55
p623,,,op8,,15,linear3,,37.5
p623,,,op9,op1;op2;op3;op4;op5;op6;op7;op8,80,squared,,10
p624,529.441,BATCH_PIPELINE,op1,,1,const,,55
p624,,,op2,op1,20,linear7,,30
p624,,,op3,op1,15,linear3,,37.5
p624,,,op4,op1,15,linear3,,37.5
p624,,,op5,op1,15,linear3,,37.5
p624,,,op6,op1,80,squared,,10
p625,529.441,BATCH_PIPELINE,op1,,1,const,,55
p625,,,op2,op1,20,linear7,,30
p625,,,op3,op2,15,linear3,,37.5
p625,,,op4,op3,40,linear7,,20
p625,,,op5,op4,15,linear3,,37.5
p626,529.441,INTERACTIVE,op1,,1,const,,55
p626,,,op2,op1,5,linear3,,45
p626,,,op3,op2,2,sqrt,,55
p626,,,op4,op3,1,const,,55
p626,,,op5,op4,40,linear7,,20
p626,,,op6,op5,20,linear7,,30
p626,,,op7,op6,5,linear3,,45
p626,,,op8,op7,2,sqrt,,55
p627,529.441,BATCH_PIPELINE,op1,,1,const,,55
p627,,,op2,op1,5,linear3,,45
p627,,,op3,op1,5,linear3,,45
p627,,,op4,op1,20,linear7,,30
p627,,,op5,op1,1,const,,55
p627,,,op6,op1,5,linear3,,45
p627,,,op7,op1,5,linear3,,45
p627,,,op8,op1,5,linear3,,45
p627,,,op9,op1,2,sqrt,,55
p628,529.441,BATCH_PIPELINE,op1,,1,const,,55
p628,,,op2,op1,15,linear3,,37.5
p628,,,op3,op2,80,squared,,10
p628,,,op4,op3,2,sqrt,,55
p628,,,op5,op4,80,squared,,10
p628,,,op6,op5,15,linear3,,37.5
p628,,,op7,op6,80,squared,,10
p628,,,op8,op7,20,linear7,,30
p628,,,op9,op8,15,linear3,,37.5
p628,,,op10,op9,5,linear3,,45
p628,,,op11,op10,2,sqrt,,55
p629,529.441,BATCH_PIPELINE,op1,,1,const,,55
p629,,,op2,op1,5,linear3,,45
p629,,,op3,op2,5,linear3,,45
p629,,,op4,op3,20,linear7,,30
p629,,,op5,op4,40,linear7,,20
p629,,,op6,op5,2,sqrt,,55
p629,,,op7,op6,2,sqrt,,55
p629,,,op8,op7,15,linear3,,37.5
p629,,,op9,op8,80,squared,,10
p630,529.441,INTERACTIVE,op1,,1,const,,55
p630,,,op2,op1,2,sqrt,,55
p630,,,op3,op2,5,linear3,,45
p630,,,op4,op3,80,squared,,10
p630,,,op5,op4,1,const,,55
p631,534.799,BATCH_PIPELINE,op1,,1,const,,55
p631,,,op2,op1,15,linear3,,37.5
p631,,,op3,op1,40,linear7,,20
p631,,,op4,op1,1,const,,55
p631,,,op5,op1,40,linear7,,20
p631,,,op6,op1,5,linear3,,45
p631,,,op7,op1,20,linear7,,30
p631,,,op8,op1,1,const,,55
p632,534.799,BATCH_PIPELINE,op1,,1,const,,55
p632,,,op2,op1,1,const,,55
p632,,,op3,op2,15,linear3,,37.5
p632,,,op4,op3,1,const,,55
p632,,,op5,op4,20,linear7,,30
p632,,,op6,op5,20,linear7,,30
p632,,,op7,op6,40,linear7,,20
p632,,,op8,op7,2,sqrt,,55
p633,534.799,INTERACTIVE,op1,,1,const,,55
p633,,,op2,op1,20,linear7,,30
p633,,,op3,op2,20,linear7,,30
p633,,,op4,op3,5,linear3,,45
p633,,,op5,op4,1,const,,55
p633,,,op6,op5,20,linear7,,30
p633,,,op7,op6,1,const,,55
p633,,,op8,op7,5,linear3,,45
p633,,,op9,op8,5,linear3,,45
p633,,,op10,op9,20,linear7,,30
p634,534.799,INTERACTIVE,op1,,1,const,,55
p634,,,op2,op1,40,linear7,,20
p634,,,op3,op2,80,squared,,10
p634,,,op4,op3,1,const,,55
p634,,,op5,op4,15,linear3,,37.5
p634,,,op6,op5,1,const,,55
p635,534.799,INTERACTIVE,op1,,1,const,,55
p635,,,op2,op1,2,sqrt,,55
p635,,,op3,op2,5,linear3,,45
p635,,,op4,op3,15,linear3,,37.5
p635,,,op5,op4,15,linear3,,37.5
p635,,,op6,op5,5,linear3,,45
p636,534.799,BATCH_PIPELINE,op1,,1,const,,55
p636,,,op2,op1,40,linear7,,20
p636,,,op3,op2,2,sqrt,,55
p636,,,op4,op3,1,const,,55
p636,,,op5,op4,5,linear3,,45
p636,,,op6,op5,40,linear7,,20
p636,,,op7,op6,15,linear3,,37.5
p636,,,op8,op7,5,linear3,,45
p636,,,op9,op8,2,sqrt,,55
p637,534.799,BATCH_PIPELINE,op1,,1,const,,55
p637,,,op2,op1,20,linear7,,30
p637,,,op3,op2,1,const,,55
p637,,,op4,op3,40,linear7,,20
p637,,,op5,op4,20,linear7,,30
p638,534.799,BATCH_PIPELINE,op1,,1,const,,55
p638,,,op2,op1,1,const,,55
p638,,,op3,op2,5,linear3,,45
p638,,,op4,op3,2,sqrt,,55
p638,,,op5,op4,15,linear3,,37.5
p638,,,op6,op5,20,linear7,,30
p638,,,op7,op6,40,linear7,,20
p638,,,op8,op7,15,linear3,,37.5
p638,,,op9,op8,20,linear7,,30
p639,534.799,BATCH_PIPELINE,op1,,1,const,,55
p639,,,op2,op1,5,linear3,,45
p639,,,op3,op2,15,linear3,,37.5
p639,,,op4,op3,1,const,,55
p639,,,op5,op4,2,sqrt,,55
p639,,,op6,op5,20,linear7,,30
p639,,,op7,op6,20,linear7,,30
p640,534.799,BATCH_PIPELINE,op1,,1,const,,55
p640,,,op2,op1,15,linear3,,37.5
p640,,,op3,op2,40,linear7,,20
p640,,,op4,op3,20,linear7,,30
p640,,,op5,op4,20,linear7,,30
p640,,,op6,op5,80,squared,,10
p640,,,op7,op6,2,sqrt,,55
p640,,,op8,op7,2,sqrt,,55
p640,,,op9,op8,2,sqrt,,55
p641,543.227,BATCH_PIPELINE,op1,,1,const,,55
p641,,,op2,op1,20,linear7,,30
p641,,,op3,op2,15,linear3,,37.5
p641,,,op4,op3,2,sqrt,,55
p641,,,op5,op4,20,linear7,,30
p641,,,op6,op5,20,linear7,,30
p641,,,op7,op6,2,sqrt,,55
p642,543.227,BATCH_PIPELINE,op1,,1,const,,55
p642,,,op2,op1,2,sqrt,,55
p642,,,op3,op2,15,linear3,,37.5
p643,543.227,BATCH_PIPELINE,op1,,1,const,,55
p643,,,op2,op1,15,linear3,,37.5
p643,,,op3,op2,15,linear3,,37.5
p643,,,op4,op3,15,linear3,,37.5
p643,,,op5,op4,15,linear3,,37.5
p643,,,op6,op5,1,const,,55
p644,543.227,QUERY,op1,,15,linear3,,35
p645,543.227,BATCH_PIPELINE,op1,,1,const,,55
p645,,,op2,op1,40,linear7,,20
p645,,,op3,op1,20,linear7,,30
p645,,,op4,op1,2,sqrt,,55
p645,,,op5,op1,20,linear7,,30
p645,,,op6,op1,20,linear7,,30
p645,,,op7,op1,2,sqrt,,55
p646,543.227,BATCH_PIPELINE,op1,,1,const,,55
p646,,,op2,,15,linear3,,37.5
p646,,,op3,,15,linear3,,37.5
p646,,,op4,,5,linear3,,45
p646,,,op5,,5,linear3,,45
p646,,,op6,,2,sqrt,,55
p646,,,op7,op1;op2;op3;op4;op5;op6,20,linear7,,30
p647,543.227,INTERACTIVE,op1,,1,const,,55
p647,,,op2,op1,1,const,,55
p647,,,op3,op2,2,sqrt,,55
p647,,,op4,op3,1,const,,55
p647,,,op5,op4,20,linear7,,30
p647,,,op6,op5,1,const,,55
p647,,,op7,op6,15,linear3,,37.5
p647,,,op8,op7,15,linear3,,37.5
p648,543.227,INTERACTIVE,op1,,1,const,,55
p648,,,op2,,80,squared,,10
p648,,,op3,,80,squared,,10
p648,,,op4,,20,linear7,,30
p648,,,op5,op1;op2;op3;op4,15,linear3,,37.5
p649,543.227,BATCH_PIPELINE,op1,,1,const,,55
p649,,,op2,op1,20,linear7,,30
p649,,,op3,op2,2,sqrt,,55
p649,,,op4,op3,5,linear3,,45
p649,,,op5,op4,15,linear3,,37.5
p649,,,op6,op5,15,linear3,,37.5
p649,,,op7,op6,15,linear3,,37.5
p649,,,op8,op7,2,sqrt,,55
p649,,,op9,op8,1,const,,55
p650,543.227,BATCH_PIPELINE,op1,,1,const,,55
p650,,,op2,op1,15,linear3,,37.5
p650,,,op3,op2,1,const,,55
p650,,,op4,op3,2,sqrt,,55
p650,,,op5,op4,20,linear7,,30
p650,,,op6,op5,40,linear7,,20
p650,,,op7,op6,1,const,,55
p650,,,op8,op7,5,linear3,,45
p651,552.668,BATCH_PIPELINE,op1,,1,const,,55
p651,,,op2,,20,linear7,,30
p651,,,op3,,40,linear7,,20
p651,,,op4,,5,linear3,,45
p651,,,op5,,15,linear3,,37.5
p651,,,op6,,5,linear3,,45
p651,,,op7,op1;op2;op3;op4;op5;op6,2,sqrt,,55
p652,552.668,INTERACTIVE,op1,,1,const,,55
p652,,,op2,,80,squared,,10
p652,,,op3,,1,const,,55
p652,,,op4,,2,sqrt,,55
p652,,,op5,,15,linear3,,37.5
p652,,,op6,,2,sqrt,,55
p652,,,op7,,20,linear7,,30
p652,,,op8,op1;op2;op3;op4;op5;op6;op7,5,linear3,,45
p653,552.668,BATCH_PIPELINE,op1,,1,const,,55
p653,,,op2,op1,20,linear7,,30
p653,,,op3,op2,15,linear3,,37.5
p653,,,op4,op3,15,linear3,,37.5
p653,,,op5,op4,15,linear3,,37.5
p653,,,op6,op5,5,linear3,,45
p653,,,op7,op6,2,sqrt,,55
p653,,,op8,op7,15,linear3,,37.5
p654,552.668,INTERACTIVE,op1,,1,const,,55
p654,,,op2,op1,20,linear7,,30
p654,,,op3,op2,15,linear3,,37.5
p654,,,op4,op3,5,linear3,,45
p654,,,op5,op4,1,const,,55
p654,,,op6,op5,5,linear3,,45
p654,,,op7,op6,15,linear3,,37.5
p654,,,op8,op7,15,linear3,,37.5
p654,,,op9,op8,15,linear3,,37.5
p654,,,op10,op9,20,linear7,,30
p654,,,op11,op10,2,sqrt,,55
p655,552.668,BATCH_PIPELINE,op1,,1,const,,55
p655,,,op2,op1,5,linear3,,45
p655,,,op3,op1,5,linear3,,45
p655,,,op4,op1,5,linear3,,45
p655,,,op5,op1,15,linear3,,37.5
p655,,,op6,op1,15,linear3,,37.5
p655,,,op7,op1,80,squared,,10
p655,,,op8,op1,15,linear3,,37.5
p655,,,op9,op1,20,linear7,,30
p655,,,op10,op1,1,const,,55
p656,552.668,QUERY,op1,,15,linear3,,35
p657,552.668,QUERY,op1,,15,linear3,,35
p658,552.668,BATCH_PIPELINE,op1,,1,const,,55
p659,552.668,INTERACTIVE,op1,,1,const,,55
p659,,,op2,op1,1,const,,55
p659,,,op3,op2,20,linear7,,30
p659,,,op4,op3,5,linear3,,45
p660,552.668,INTERACTIVE,op1,,1,const,,55
p660,,,op2,op1,15,linear3,,37.5
p660,,,op3,op2,20,linear7,,30
p660,,,op4,op3,5,linear3,,45
p660,,,op5,op4,1,const,,55
p660,,,op6,op5,20,linear7,,30
p660,,,op7,op6,80,squared,,10
p660,,,op8,op7,40,linear7,,20
p661,557.196,BATCH_PIPELINE,op1,,1,const,,55
p661,,,op2,,15,linear3,,37.5
p661,,,op3,,15,linear3,,37.5
p661,,,op4,,1,const,,55
p661,,,op5,,20,linear7,,30
p661,,,op6,op1;op2;op3;op4;op5,20,linear7,,30
p662,557.196,BATCH_PIPELINE,op1,,1,const,,55
p662,,,op2,op1,5,linear3,,45
p662,,,op3,op2,15,linear3,,37.5
p662,,,op4,op3,15,linear3,,37.5
p662,,,op5,op4,15,linear3,,37.5
p662,,,op6,op5,15,linear3,,37.5
p662,,,op7,op6,5,linear3,,45
p663,557.196,BATCH_PIPELINE,op1,,1,const,,55
p663,,,op2,,15,linear3,,37.5
p663,,,op3,,5,linear3,,45
p663,,,op4,,2,sqrt,,55
p663,,,op5,,20,linear7,,30
p663,,,op6,,2,sqrt,,55
p663,,,op7,,15,linear3,,37.5
p663,,,op8,,15,linear3,,37.5
p663,,,op9,,5,linear3,,45
p663,,,op10,op1;op2;op3;op4;op5;op6;op7;op8;op9,5,linear3,,45
p664,557.196,BATCH_PIPELINE,op1,,1,const,,55
p664,,,op2,op1,15,linear3,,37.5
p664,,,op3,op2,20,linear7,,30
p664,,,op4,op3,2,sqrt,,55
p665,557.196,INTERACTIVE,op1,,1,const,,55
p665,,,op2,op1,2,sqrt,,55
p665,,,op3,op2,1,const,,55
p665,,,op4,op3,80,squared,,10
p665,,,op5,op4,40,linear7,,20
p665,,,op6,op5,20,linear7,,30
p665,,,op7,op6,2,sqrt,,55
p666,557.196,INTERACTIVE,op1,,1,const,,55
p666,,,op2,,40,linear7,,20
p666,,,op3,,20,linear7,,30
p666,,,op4,,80,squared,,10
p666,,,op5,,15,linear3,,37.5
p666,,,op6,,5,linear3,,45
p666,,,op7,op1;op2;op3;op4;op5;op6,2,sqrt,,55
p667,557.196,BATCH_PIPELINE,op1,,1,const,,55
p667,,,op2,op1,20,linear7,,30
p667,,,op3,op2,15,linear3,,37.5
p667,,,op4,op3,2,sqrt,,55
p667,,,op5,op4,15,linear3,,37.5
p667,,,op6,op5,40,linear7,,20
p667,,,op7,op6,15,linear3,,37.5
p668,557.196,BATCH_PIPELINE,op1,,1,const,,55
p668,,,op2,op1,1,const,,55
p668,,,op3,op2,15,linear3,,37.5
p668,,,op4,op3,80,squared,,10
p668,,,op5,op4,1,const,,55
p668,,,op6,op5,5,linear3,,45
p669,557.196,INTERACTIVE,op1,,1,const,,55
p669,,,op2,,15,linear3,,37.5
p669,,,op3,,15,linear3,,37.5
p669,,,op4,,20,linear7,,30
p669,,,op5,,15,linear3,,37.5
p669,,,op6,,80,squared,,10
p669,,,op7,op1;op2;op3;op4;op5;op6,15,linear3,,37.5
p670,557.196,BATCH_PIPELINE,op1,,1,const,,55
p670,,,op2,op1,40,linear7,,20
p670,,,op3,op2,1,const,,55
p670,,,op4,op3,1,const,,55
p671,566.269,INTERACTIVE,op1,,1,const,,55
p671,,,op2,op1,1,const,,55
p671,,,op3,op2,15,linear3,,37.5
p671,,,op4,op3,20,linear7,,30
p671,,,op5,op4,1,const,,55
p671,,,op6,op5,40,linear7,,20
p671,,,op7,op6,20,linear7,,30
p671,,,op8,op7,40,linear7,,20
p672,566.269,INTERACTIVE,op1,,1,const,,55
p672,,,op2,op1,20,linear7,,30
p672,,,op3,op2,1,const,,55
p672,,,op4,op3,1,const,,55
p672,,,op5,op4,2,sqrt,,55
p672,,,op6,op5,5,linear3,,45
p672,,,op7,op6,15,linear3,,37.5
p672,,,op8,op7,15,linear3,,37.5
p672,,,op9,op8,40,linear7,,20
p673,566.269,BATCH_PIPELINE,op1,,1,const,,55
p673,,,op2,op1,2,sqrt,,55
p673,,,op3,op2,5,linear3,,45
p673,,,op4,op3,15,linear3,,37.5
p673,,,op5,op4,1,const,,55
p673,,,op6,op5,80,squared,,10
p674,566.269,BATCH_PIPELINE,op1,,1,const,,55
p674,,,op2,,5,linear3,,45
p674,,,op3,,15,linear3,,37.5
p674,,,op4,,5,linear3,,45
p674,,,op5,,80,squared,,10
p674,,,op6,op1;op2;op3;op4;op5,5,linear3,,45
p675,566.269,BATCH_PIPELINE,op1,,1,const,,55
p675,,,op2,op1,5,linear3,,45
p675,,,op3,op2,40,linear7,,20
p675,,,op4,op3,80,squared,,10
p675,,,op5,op4,15,linear3,,37.5
p675,,,op6,op5,15,linear3,,37.5
p675,,,op7,op6,15,linear3,,37.5
p675,,,op8,op7,40,linear7,,20
p675,,,op9,op8,2,sqrt,,55
p675,,,op10,op9,5,linear3,,45
p676,566.269,BATCH_PIPELINE,op1,,1,const,,55
p676,,,op2,op1,5,linear3,,45
p676,,,op3,op2,80,squared,,10
p676,,,op4,op3,20,linear7,,30
p676,,,op5,op4,2,sqrt,,55
p677,566.269,INTERACTIVE,op1,,1,const,,55
p677,,,op2,,15,linear3,,37.5
p677,,,op3,,5,linear3,,45
p677,,,op4,,40,linear7,,20
p677,,,op5,,2,sqrt,,55
p677,,,op6,,15,linear3,,37.5
p677,,,op7,,80,squared,,10
p677,,,op8,,15,linear3,,37.5
p677,,,op9,,2,sqrt,,55
p677,,,op10,op1;op2;op3;op4;op5;op6;op7;op8;op9,15,linear3,,37.5
p678,566.269,BATCH_PIPELINE,op1,,1,const,,55
p678,,,op2,op1,40,linear7,,20
p678,,,op3,op2,5,linear3,,45
p678,,,op4,op3,5,linear3,,45
p678,,,op5,op4,2,sqrt,,55
p679,566.269,INTERACTIVE,op1,,1,const,,55
p679,,,op2,op1,80,squared,,10
p679,,,op3,op2,15,linear3,,37.5
p679,,,op4,op3,20,linear7,,30
p679,,,op5,op4,20,linear7,,30
p679,,,op6,op5,20,linear7,,30
p680,566.269,QUERY,op1,,15,linear3,,35
p681,575.883,BATCH_PIPELINE,op1,,1,const,,55
p681,,,op2,op1,5,linear3,,45
p681,,,op3,op2,1,const,,55
p681,,,op4,op3,15,linear3,,37.5
p681,,,op5,op4,5,linear3,,45
p681,,,op6,op5,1,const,,55
p681,,,op7,op6,20,linear7,,30
p681,,,op8,op7,20,linear7,,30
p682,575.883,INTERACTIVE,op1,,1,const,,55
p682,,,op2,op1,1,const,,55
p682,,,op3,op2,15,linear3,,37.5
p682,,,op4,op3,15,linear3,,37.5
p682,,,op5,op4,2,sqrt,,55
p682,,,op6,op5,5,linear3,,45
p682,,,op7,op6,1,const,,55
p683,575.883,BATCH_PIPELINE,op1,,1,const,,55
p683,,,op2,,1,const,,55
p683,,,op3,,2,sqrt,,55
p683,,,op4,,5,linear3,,45
p683,,,op5,,5,linear3,,45
p683,,,op6,op1;op2;op3;op4;op5,15,linear3,,37.5
p684,575.883,BATCH_PIPELINE,op1,,1,const,,55
p684,,,op2,op1,40,linear7,,20
p684,,,op3,op2,20,linear7,,30
p684,,,op4,op3,5,linear3,,45
p684,,,op5,op4,40,linear7,,20
p684,,,op6,op5,40,linear7,,20
p684,,,op7,op6,20,linear7,,30
p684,,,op8,op7,1,const,,55
p684,,,op9,op8,2,sqrt,,55
p685,575.883,BATCH_PIPELINE,op1,,1,const,,55
p685,,,op2,op1,40,linear7,,20
p685,,,op3,op2,40,linear7,,20
p685,,,op4,op3,40,linear7,,20
p685,,,op5,op4,40,linear7,,20
p685,,,op6,op5,1,const,,55
p685,,,op7,op6,15,linear3,,37.5
p685,,,op8,op7,2,sqrt,,55
p685,,,op9,op8,1,const,,55
p686,575.883,BATCH_PIPELINE,op1,,1,const,,55
p686,,,op2,,80,squared,,10
p686,,,op3,,15,linear3,,37.5
p686,,,op4,,80,squared,,10
p686,,,op5,,15,linear3,,37.5
p686,,,op6,,15,linear3,,37.5
p686,,,op7,,1,const,,55
p686,,,op8,,40,linear7,,20
p686,,,op9,,2,sqrt,,55
p686,,,op10,op1;op2;op3;op4;op5;op6;op7;op8;op9,2,sqrt,,55
p687,575.883,BATCH_PIPELINE,op1,,1,const,,55
p687,,,op2,op1,5,linear3,,45
p687,,,op3,op1,5,linear3,,45
p687,,,op4,op1,5,linear3,,45
p687,,,op5,op1,20,linear7,,30
p687,,,op6,op1,80,squared,,10
p687,,,op7,op1,15,linear3,,37.5
p687,,,op8,op1,80,squared,,10
p687,,,op9,op1,20,linear7,,30
p687,,,op10,op1,5,linear3,,45
p688,575.883,INTERACTIVE,op1,,1,const,,55
p688,,,op2,op1,5,linear3,,45
p688,,,op3,op2,40,linear7,,20
p688,,,op4,op3,15,linear3,,37.5
p688,,,op5,op4,5,linear3,,45
p688,,,op6,op5,20,linear7,,30
p688,,,op7,op6,80,squared,,10
p688,,,op8,op7,15,linear3,,37.5
p688,,,op9,op8,15,linear3,,37.5
p688,,,op10,op9,15,linear3,,37.5
p688,,,op11,op10,5,linear3,,45
p689,575.883,BATCH_PIPELINE,op1,,1,const,,55
p689,,,op2,op1,15,linear3,,37.5
p689,,,op3,op2,80,squared,,10
p689,,,op4,op3,5,linear3,,45
p689,,,op5,op4,15,linear3,,37.5
p689,,,op6,op5,2,sqrt,,55
p690,575.883,BATCH_PIPELINE,op1,,1,const,,55
p690,,,op2,op1,15,linear3,,37.5
p690,,,op3,op2,20,linear7,,30
p690,,,op4,op3,5,linear3,,45
p690,,,op5,op4,20,linear7,,30
p690,,,op6,op5,15,linear3,,37.5
p690,,,op7,op6,15,linear3,,37.5
p690,,,op8,op7,15,linear3,,37.5
p690,,,op9,op8,15,linear3,,37.5
p690,,,op10,op9,5,linear3,,45
p691,584.338,INTERACTIVE,op1,,1,const,,55
p691,,,op2,op1,1,const,,55
p691,,,op3,op2,2,sqrt,,55
p691,,,op4,op3,5,linear3,,45
p691,,,op5,op4,20,linear7,,30
p691,,,op6,op5,20,linear7,,30
p691,,,op7,op6,15,linear3,,37.5
p691,,,op8,op7,20,linear7,,30
p691,,,op9,op8,2,sqrt,,55
p691,,,op10,op9,5,linear3,,45
p691,,,op11,op10,5,linear3,,45
p691,,,op12,op11,1,const,,55
p691,,,op13,op12,1,const,,55
p692,584.338,BATCH_PIPELINE,op1,,1,const,,55
p692,,,op2,op1,20,linear7,,30
p692,,,op3,op2,1,const,,55
p692,,,op4,op3,1,const,,55
p692,,,op5,op4,20,linear7,,30
p692,,,op6,op5,1,const,,55
p692,,,op7,op6,40,linear7,,20
p692,,,op8,op7,1,const,,55
p692,,,op9,op8,20,linear7,,30
p693,584.338,QUERY,op1,,15,linear3,,35
p694,584.338,INTERACTIVE,op1,,1,const,,55
p694,,,op2,op1,20,linear7,,30
p694,,,op3,op2,1,const,,55
p694,,,op4,op3,15,linear3,,37.5
p694,,,op5,op4,5,linear3,,45
p694,,,op6,op5,15,linear3,,37.5
p694,,,op7,op6,2,sqrt,,55
p694,,,op8,op7,20,linear7,,30
p694,,,op9,op8,1,const,,55
p694,,,op10,op9,40,linear7,,20
p694,,,op11,op10,5,linear3,,45
p694,,,op12,op11,1,const,,55
p694,,,op13,op12,80,squared,,10
p694,,,op14,op13,5,linear3,,45
p695,584.338,INTERACTIVE,op1,,1,const,,55
p695,,,op2,op1,5,linear3,,45
p695,,,op3,op2,15,linear3,,37.5
p695,,,op4,op3,80,squared,,10
p695,,,op5,op4,15,linear3,,37.5
p695,,,op6,op5,15,linear3,,37.5
p695,,,op7,op6,5,linear3,,45
p695,,,op8,op7,5,linear3,,45
p695,,,op9,op8,40,linear7,,20
p695,,,op10,op9,15,linear3,,37.5
p696,584.338,QUERY,op1,,15,linear3,,35
p697,584.338,INTERACTIVE,op1,,1,const,,55
p697,,,op2,op1,2,sqrt,,55
p697,,,op3,op2,40,linear7,,20
p697,,,op4,op3,5,linear3,,45
p697,,,op5,op4,20,linear7,,30
p697,,,op6,op5,1,const,,55
p698,584.338,INTERACTIVE,op1,,1,const,,55
p698,,,op2,,15,linear3,,37.5
p698,,,op3,,5,linear3,,45
p698,,,op4,,1,const,,55
p698,,,op5,,20,linear7,,30
p698,,,op6,,15,linear3,,37.5
p698,,,op7,op1;op2;op3;op4;op5;op6,5,linear3,,45
p699,584.338,BATCH_PIPELINE,op1,,1,const,,55
p699,,,op2,op1,80,squared,,10
p699,,,op3,op2,15,linear3,,37.5
p699,,,op4,op3,1,const,,55
p699,,,op5,op4,15,linear3,,37.5
p700,584.338,BATCH_PIPELINE,op1,,1,const,,55
p700,,,op2,op1,1,const,,55
p700,,,op3,op1,20,linear7,,30
p700,,,op4,op1,1,const,,55
p700,,,op5,op1,1,const,,55
p700,,,op6,op1,5,linear3,,45
p700,,,op7,op1,15,linear3,,37.5
p700,,,op8,op1,1,const,,55
p700,,,op9,op1,20,linear7,,30
p701,595.056,QUERY,op1,,15,linear3,,35
p702,595.056,BATCH_PIPELINE,op1,,1,const,,55
p702,,,op2,op1,1,const,,55
p702,,,op3,op2,40,linear7,,20
p702,,,op4,op3,5,linear3,,45
p702,,,op5,op4,5,linear3,,45
p702,,,op6,op5,1,const,,55
p703,595.056,BATCH_PIPELINE,op1,,1,const,,55
p703,,,op2,op1,1,const,,55
p703,,,op3,op2,15,linear3,,37.5
p703,,,op4,op3,15,linear3,,37.5
p703,,,op5,op4,2,sqrt,,55
p704,595.056,BATCH_PIPELINE,op1,,1,const,,55
p704,,,op2,,80,squared,,10
p704,,,op3,op1;op2,40,linear7,,20
p705,595.056,BATCH_PIPELINE,op1,,1,const,,55
p705,,,op2,op1,5,linear3,,45
p705,,,op3,op2,20,linear7,,30
p705,,,op4,op3,2,sqrt,,55
p705,,,op5,op4,20,linear7,,30
p705,,,op6,op5,80,squared,,10
p705,,,op7,op6,5,linear3,,45
p706,595.056,BATCH_PIPELINE,op1,,1,const,,55
p706,,,op2,,5,linear3,,45
p706,,,op3,,20,linear7,,30
p706,,,op4,,2,sqrt,,55
p706,,,op5,op1;op2;op3;op4,20,linear7,,30
p707,595.056,BATCH_PIPELINE,op1,,1,const,,55
p707,,,op2,op1,1,const,,55
p707,,,op3,op2,80,squared,,10
p707,,,op4,op3,5,linear3,,45
p707,,,op5,op4,20,linear7,,30
p707,,,op6,op5,2,sqrt,,55
p708,595.056,BATCH_PIPELINE,op1,,1,const,,55
p708,,,op2,op1,2,sqrt,,55
p708,,,op3,op2,2,sqrt,,55
p708,,,op4,op3,15,linear3,,37.5
p708,,,op5,op4,15,linear3,,37.5
p708,,,op6,op5,80,squared,,10
p708,,,op7,op6,15,linear3,,37.5
p709,595.056,BATCH_PIPELINE,op1,,1,const,,55
p709,,,op2,op1,2,sqrt,,55
p709,,,op3,op2,1,const,,55
p709,,,op4,op3,1,const,,55
p709,,,op5,op4,20,linear7,,30
p709,,,op6,op5,15,linear3,,37.5
p709,,,op7,op6,15,linear3,,37.5
p709,,,op8,op7,1,const,,55
p709,,,op9,op8,80,squared,,10
p710,595.056,INTERACTIVE,op1,,1,const,,55
p710,,,op2,op1,2,sqrt,,55
p710,,,op3,op2,1,const,,55
p710,,,op4,op3,15,linear3,,37.5
p710,,,op5,op4,1,const,,55
p710,,,op6,op5,1,const,,55
p710,,,op7,op6,1,const,,55
p710,,,op8,op7,20,linear7,,30
p710,,,op9,op8,20,linear7,,30
p710,,,op10,op9,80,squared,,10
p710,,,op11,op10,2,sqrt,,55
p710,,,op12,op11,15,linear3,,37.5
p711,601.155,QUERY,op1,,15,linear3,,35
p712,601.155,BATCH_PIPELINE,op1,,1,const,,55
p712,,,op2,op1,20,linear7,,30
p712,,,op3,op2,2,sqrt,,55
p712,,,op4,op3,20,linear7,,30
p712,,,op5,op4,5,linear3,,45
p712,,,op6,op5,5,linear3,,45
p712,,,op7,op6,2,sqrt,,55
p712,,,op8,op7,2,sqrt,,55
p713,601.155,INTERACTIVE,op1,,1,const,,55
p713,,,op2,op1,5,linear3,,45
p713,,,op3,op1,80,squared,,10
p713,,,op4,op1,40,linear7,,20
p713,,,op5,op1,2,sqrt,,55
p713,,,op6,op1,5,linear3,,45
p713,,,op7,op1,5,linear3,,45
p713,,,op8,op1,15,linear3,,37.5
p714,601.155,BATCH_PIPELINE,op1,,1,const,,55
p714,,,op2,,1,const,,55
p714,,,op3,,1,const,,55
p714,,,op4,,5,linear3,,45
p714,,,op5,,5,linear3,,45
p714,,,op6,,80,squared,,10
p714,,,op7,,40,linear7,,20
p714,,,op8,op1;op2;op3;op4;op5;op6;op7,20,linear7,,30
p715,601.155,QUERY,op1,,15,linear3,,35
p716,601.155,QUERY,op1,,15,linear3,,35
p717,601.155,BATCH_PIPELINE,op1,,1,const,,55
p717,,,op2,op1,40,linear7,,20
p717,,,op3,op2,5,linear3,,45
p717,,,op4,op3,5,linear3,,45
p717,,,op5,op4,15,linear3,,37.5
p717,,,op6,op5,20,linear7,,30
p717,,,op7,op6,1,const,,55
p717,,,op8,op7,20,linear7,,30
p717,,,op9,op8,5,linear3,,45
p718,601.155,BATCH_PIPELINE,op1,,1,const,,55
p718,,,op2,op1,40,linear7,,20
p718,,,op3,op1,80,squared,,10
p719,601.155,BATCH_PIPELINE,op1,,1,const,,55
p719,,,op2,op1,20,linear7,,30
p719,,,op3,op2,5,linear3,,45
p719,,,op4,op3,2,sqrt,,55
p719,,,op5,op4,2,sqrt,,55
p719,,,op6,op5,1,const,,55
p719,,,op7,op6,40,linear7,,20
p719,,,op8,op7,2,sqrt,,55
p719,,,op9,op8,2,sqrt,,55
p719,,,op10,op9,1,const,,55
p719,,,op11,op10,5,linear3,,45
p720,601.155,BATCH_PIPELINE,op1,,1,const,,55
p720,,,op2,,5,linear3,,45
p720,,,op3,,1,const,,55
p720,,,op4,,20,linear7,,30
p720,,,op5,,15,linear3,,37.5
p720,,,op6,,2,sqrt,,55
p720,,,op7,,15,linear3,,37.5
p720,,,op8,,5,linear3,,45
p720,,,op9,,80,squared,,10
p720,,,op10,,20,linear7,,30
p720,,,op11,,20,linear7,,30
p720,,,op12,op1;op2;op3;op4;op5;op6;op7;op8;op9;op10;op11,1,const,,55
p721,610.005,BATCH_PIPELINE,op1,,1,const,,55
p721,,,op2,op1,5,linear3,,45
p721,,,op3,op2,1,const,,55
p721,,,op4,op3,80,squared,,10
p721,,,op5,op4,15,linear3,,37.5
p721,,,op6,op5,2,sqrt,,55
p721,,,op7,op6,15,linear3,,37.5
p721,,,op8,op7,1,const,,55
p721,,,op9,op8,1,const,,55
p721,,,op10,op9,15,linear3,,37.5
p722,610.005,BATCH_PIPELINE,op1,,1,const,,55
p722,,,op2,op1,40,linear7,,20
p722,,,op3,op2,1,const,,55
p722,,,op4,op3,15,linear3,,37.5
p723,610.005,BATCH_PIPELINE,op1,,1,const,,55
p723,,,op2,op1,5,linear3,,45
p723,,,op3,op2,20,linear7,,30
p723,,,op4,op3,1,const,,55
p723,,,op5,op4,5,linear3,,45
p723,,,op6,op5,5,linear3,,45
p723,,,op7,op6,5,linear3,,45
p723,,,op8,op7,20,linear7,,30
p723,,,op9,op8,20,linear7,,30
p723,,,op10,op9,2,sqrt,,55
p723,,,op11,op10,15,linear3,,37.5
p724,610.005,BATCH_PIPELINE,op1,,1,const,,55
p724,,,op2,op1,5,linear3,,45
p724,,,op3,op2,5,linear3,,45
p724,,,op4,op3,1,const,,55
p724,,,op5,op4,40,linear7,,20
p724,,,op6,op5,2,sqrt,,55
p725,610.005,INTERACTIVE,op1,,1,const,,55
p725,,,op2,,5,linear3,,45
p725,,,op3,,2,sqrt,,55
p725,,,op4,,40,linear7,,20
p725,,,op5,,20,linear7,,30
p725,,,op6,op1;op2;op3;op4;op5,15,linear3,,37.5
p726,610.005,INTERACTIVE,op1,,1,const,,55
p726,,,op2,op1,2,sqrt,,55
p726,,,op3,op1,20,linear7,,30
p726,,,op4,op1,2,sqrt,,55
p726,,,op5,op1,40,linear7,,20
p726,,,op6,op1,5,linear3,,45
p726,,,op7,op1,15,linear3,,37.5
p727,610.005,INTERACTIVE,op1,,1,const,,55
p727,,,op2,op1,5,linear3,,45
p727,,,op3,op2,20,linear7,,30
p727,,,op4,op3,2,sqrt,,55
p727,,,op5,op4,5,linear3,,45
p727,,,op6,op5,15,linear3,,37.5
p727,,,op7,op6,20,linear7,,30
p727,,,op8,op7,5,linear3,,45
p728,610.005,BATCH_PIPELINE,op1,,1,const,,55
p728,,,op2,,5,linear3,,45
p728,,,op3,,1,const,,55
p728,,,op4,,1,const,,55
p728,,,op5,,2,sqrt,,55
p728,,,op6,,40,linear7,,20
p728,,,op7,op1;op2;op3;op4;op5;op6,5,linear3,,45
p729,610.005,BATCH_PIPELINE,op1,,1,const,,55
p729,,,op2,,40,linear7,,20
p729,,,op3,,2,sqrt,,55
p729,,,op4,,5,linear3,,45
p729,,,op5,,80,squared,,10
p729,,,op6,,15,linear3,,37.5
p729,,,op7,,5,linear3,,45
p729,,,op8,,20,linear7,,30
p729,,,op9,,40,linear7,,20
p729,,,op10,op1;op2;op3;op4;op5;op6;op7;op8;op9,2,sqrt,,55
p730,610.005,INTERACTIVE,op1,,1,const,,55
p730,,,op2,op1,15,linear3,,37.5
p730,,,op3,op2,1,const,,55
p730,,,op4,op3,2,sqrt,,55
p730,,,op5,op4,2,sqrt,,55
p730,,,op6,op5,15,linear3,,37.5
p730,,,op7,op6,5,linear3,,45
p730,,,op8,op7,2,sqrt,,55
p730,,,op9,op8,15,linear3,,37.5
p731,616.4250000000001,INTERACTIVE,op1,,1,const,,55
p731,,,op2,op1,5,linear3,,45
p731,,,op3,op2,15,linear3,,37.5
p731,,,op4,op3,1,const,,55
p731,,,op5,op4,20,linear7,,30
p731,,,op6,op5,80,squared,,10
p731,,,op7,op6,5,linear3,,45
p731,,,op8,op7,5,linear3,,45
p731,,,op9,op8,20,linear7,,30
p731,,,op10,op9,80,squared,,10
p732,616.4250000000001,BATCH_PIPELINE,op1,,1,const,,55
p732,,,op2,op1,80,squared,,10
p732,,,op3,op1,20,linear7,,30
p733,616.4250000000001,INTERACTIVE,op1,,1,const,,55
p733,,,op2,op1,40,linear7,,20
p733,,,op3,op2,2,sqrt,,55
p733,,,op4,op3,15,linear3,,37.5
p733,,,op5,op4,2,sqrt,,55
p733,,,op6,op5,2,sqrt,,55
p733,,,op7,op6,40,linear7,,20
p733,,,op8,op7,15,linear3,,37.5
p734,616.4250000000001,BATCH_PIPELINE,op1,,1,const,,55
p734,,,op2,op1,1,const,,55
p734,,,op3,op2,15,linear3,,37.5
p734,,,op4,op3,20,linear7,,30
p734,,,op5,op4,2,sqrt,,55
p735,616.4250000000001,BATCH_PIPELINE,op1,,1,const,,55
p735,,,op2,op1,1,const,,55
p735,,,op3,op2,20,linear7,,30
p735,,,op4,op3,80,squared,,10
p735,,,op5,op4,1,const,,55
p735,,,op6,op5,5,linear3,,45
p736,616.4250000000001,BATCH_PIPELINE,op1,,1,const,,55
p736,,,op2,op1,40,linear7,,20
p736,,,op3,op2,15,linear3,,37.5
p736,,,op4,op3,20,linear7,,30
p736,,,op5,op4,80,squared,,10
p737,616.4250000000001,INTERACTIVE,op1,,1,const,,55
p737,,,op2,op1,2,sqrt,,55
p737,,,op3,op2,20,linear7,,30
p737,,,op4,op3,1,const,,55
p737,,,op5,op4,5,linear3,,45
p737,,,op6,op5,15,linear3,,37.5
p737,,,op7,op6,2,sqrt,,55
p738,616.4250000000001,QUERY,op1,,15,linear3,,35
p739,616.4250000000001,BATCH_PIPELINE,op1,,1,const,,55
p739,,,op2,op1,40,linear7,,20
p739,,,op3,op2,15,linear3,,37.5
p739,,,op4,op3,40,linear7,,20
p739,,,op5,op4,15,linear3,,37.5
p739,,,op6,op5,5,linear3,,45
p739,,,op7,op6,1,const,,55
p740,616.4250000000001,INTERACTIVE,op1,,1,const,,55
p740,,,op2,op1,1,const,,55
p740,,,op3,op1,40,linear7,,20
p740,,,op4,op1,15,linear3,,37.5
p741,624.876,QUERY,op1,,15,linear3,,35
p742,624.876,BATCH_PIPELINE,op1,,1,const,,55
p742,,,op2,op1,40,linear7,,20
p742,,,op3,op2,15,linear3,,37.5
p742,,,op4,op3,5,linear3,,45
p742,,,op5,op4,20,linear7,,30
p742,,,op6,op5,15,linear3,,37.5
p743,624.876,INTERACTIVE,op1,,1,const,,55
p743,,,op2,,2,sqrt,,55
p743,,,op3,,80,squared,,10
p743,,,op4,,5,linear3,,45
p743,,,op5,,20,linear7,,30
p743,,,op6,op1;op2;op3;op4;op5,20,linear7,,30
p744,624.876,QUERY,op1,,15,linear3,,35
p745,624.876,INTERACTIVE,op1,,1,const,,55
p745,,,op2,op1,15,linear3,,37.5
p745,,,op3,op1,5,linear3,,45
p745,,,op4,op1,15,linear3,,37.5
p745,,,op5,op1,2,sqrt,,55
p745,,,op6,op1,5,linear3,,45
p745,,,op7,op1,80,squared,,10
p745,,,op8,op1,1,const,,55
p745,,,op9,op1,2,sqrt,,55
p745,,,op10,op1,80,squared,,10
p746,624.876,INTERACTIVE,op1,,1,const,,55
p746,,,op2,op1,15,linear3,,37.5
p746,,,op3,op2,2,sqrt,,55
p746,,,op4,op3,15,linear3,,37.5
p746,,,op5,op4,1,const,,55
p746,,,op6,op5,20,linear7,,30
p746,,,op7,op6,15,linear3,,37.5
p746,,,op8,op7,5,linear3,,45
p746,,,op9,op8,5,linear3,,45
p746,,,op10,op9,2,sqrt,,55
p746,,,op11,op10,20,linear7,,30
p746,,,op12,op11,1,const,,55
p747,624.876,INTERACTIVE,op1,,1,const,,55
p747,,,op2,op1,1,const,,55
p747,,,op3,op2,2,sqrt,,55
p747,,,op4,op3,15,linear3,,37.5
p747,,,op5,op4,5,linear3,,45
p747,,,op6,op5,1,const,,55
p747,,,op7,op6,15,linear3,,37.5
p747,,,op8,op7,5,linear3,,45
p747,,,op9,op8,80,squared,,10
p747,,,op10,op9,5,linear3,,45
p747,,,op11,op10,40,linear7,,20
p747,,,op12,op11,1,const,,55
p748,624.876,BATCH_PIPELINE,op1,,1,const,,55
p748,,,op2,op1,2,sqrt,,55
p748,,,op3,op2,15,linear3,,37.5
p748,,,op4,op3,1,const,,55
p748,,,op5,op4,5,linear3,,45
p748,,,op6,op5,20,linear7,,30
p748,,,op7,op6,5,linear3,,45
p748,,,op8,op7,5,linear3,,45
p748,,,op9,op8,1,const,,55
p749,624.876,BATCH_PIPELINE,op1,,1,const,,55
p749,,,op2,,1,const,,55
p749,,,op3,,5,linear3,,45
p749,,,op4,,1,const,,55
p749,,,op5,,1,const,,55
p749,,,op6,,40,linear7,,20
p749,,,op7,,5,linear3,,45
p749,,,op8,,80,squared,,10
p749,,,op9,,5,linear3,,45
p749,,,op10,,5,linear3,,45
p749,,,op11,op1;op2;op3;op4;op5;op6;op7;op8;op9;op10,20,linear7,,30
p750,624.876,BATCH_PIPELINE,op1,,1,const,,55
p750,,,op2,op1,40,linear7,,20
p750,,,op3,op2,20,linear7,,30
p750,,,op4,op3,1,const,,55
p750,,,op5,op4,40,linear7,,20
p750,,,op6,op5,5,linear3,,45
p750,,,op7,op6,2,sqrt,,55
p750,,,op8,op7,15,linear3,,37.5
p751,633.42,INTERACTIVE,op1,,1,const,,55
p751,,,op2,op1,20,linear7,,30
p751,,,op3,op2,40,linear7,,20
p751,,,op4,op3,20,linear7,,30
p751,,,op5,op4,40,linear7,,20
p751,,,op6,op5,20,linear7,,30
p751,,,op7,op6,15,linear3,,37.5
p751,,,op8,op7,40,linear7,,20
p752,633.42,INTERACTIVE,op1,,1,const,,55
p752,,,op2,op1,80,squared,,10
p752,,,op3,op2,5,linear3,,45
p752,,,op4,op3,5,linear3,,45
p752,,,op5,op4,40,linear7,,20
p752,,,op6,op5,20,linear7,,30
p752,,,op7,op6,15,linear3,,37.5
p752,,,op8,op7,5,linear3,,45
p753,633.42,INTERACTIVE,op1,,1,const,,55
p753,,,op2,op1,15,linear3,,37.5
p753,,,op3,op2,15,linear3,,37.5
p753,,,op4,op3,5,linear3,,45
p753,,,op5,op4,20,linear7,,30
p753,,,op6,op5,40,linear7,,20
p753,,,op7,op6,20,linear7,,30
p754,633.42,BATCH_PIPELINE,op1,,1,const,,55
p754,,,op2,op1,1,const,,55
p754,,,op3,op1,20,linear7,,30
p754,,,op4,op1,15,linear3,,37.5
p754,,,op5,op1,80,squared,,10
p754,,,op6,op1,40,linear7,,20
p754,,,op7,op1,20,linear7,,30
p754,,,op8,op1,15,linear3,,37.5
p754,,,op9,op1,15,linear3,,37.5
p755,633.42,BATCH_PIPELINE,op1,,1,const,,55
p755,,,op2,op1,5,linear3,,45
p755,,,op3,op2,1,const,,55
p755,,,op4,op3,2,sqrt,,55
p756,633.42,QUERY,op1,,15,linear3,,35
p757,633.42,BATCH_PIPELINE,op1,,1,const,,55
p757,,,op2,op1,80,squared,,10
p757,,,op3,op2,20,linear7,,30
p757,,,op4,op3,2,sqrt,,55
p757,,,op5,op4,5,linear3,,45
p757,,,op6,op5,5,linear3,,45
p758,633.42,BATCH_PIPELINE,op1,,1,const,,55
p758,,,op2,,5,linear3,,45
p758,,,op3,,1,const,,55
p758,,,op4,,5,linear3,,45
p758,,,op5,,15,linear3,,37.5
p758,,,op6,op1;op2;op3;op4;op5,1,const,,55
p759,633.42,INTERACTIVE,op1,,1,const,,55
p759,,,op2,,80,squared,,10
p759,,,op3,,40,linear7,,20
p759,,,op4,,40,linear7,,20
p759,,,op5,,80,squared,,10
p759,,,op6,,20,linear7,,30
p759,,,op7,,15,linear3,,37.5
p759,,,op8,,20,linear7,,30
p759,,,op9,op1;op2;op3;op4;op5;op6;op7;op8,2,sqrt,,55
p760,633.42,INTERACTIVE,op1,,1,const,,55
p760,,,op2,op1,2,sqrt,,55
p760,,,op3,op1,2,sqrt,,55
p760,,,op4,op1,15,linear3,,37.5
p760,,,op5,op1,5,linear3,,45
p760,,,op6,op1,1,const,,55
p761,639.145,INTERACTIVE,op1,,1,const,,55
p761,,,op2,op1,15,linear3,,37.5
p761,,,op3,op1,40,linear7,,20
p761,,,op4,op1,20,linear7,,30
p761,,,op5,op1,40,linear7,,20
p761,,,op6,op1,20,linear7,,30
p762,639.145,BATCH_PIPELINE,op1,,1,const,,55
p762,,,op2,op1,15,linear3,,37.5
p762,,,op3,op2,40,linear7,,20
p762,,,op4,op3,1,const,,55
p762,,,op5,op4,5,linear3,,45
p762,,,op6,op5,5,linear3,,45
p762,,,op7,op6,40,linear7,,20
p762,,,op8,op7,80,squared,,10
p762,,,op9,op8,1,const,,55
p762,,,op10,op9,40,linear7,,20
p763,639.145,BATCH_PIPELINE,op1,,1,const,,55
p763,,,op2,op1,5,linear3,,45
p763,,,op3,op2,1,const,,55
p763,,,op4,op3,20,linear7,,30
p763,,,op5,op4,20,linear7,,30
p764,639.145,BATCH_PIPELINE,op1,,1,const,,55
p764,,,op2,op1,5,linear3,,45
p764,,,op3,op2,80,squared,,10
p764,,,op4,op3,1,const,,55
p764,,,op5,op4,2,sqrt,,55
p764,,,op6,op5,15,linear3,,37.5
p764,,,op7,op6,1,const,,55
p765,639.145,INTERACTIVE,op1,,1,const,,55
p765,,,op2,op1,15,linear3,,37.5
p765,,,op3,op2,20,linear7,,30
p765,,,op4,op3,5,linear3,,45
p765,,,op5,op4,5,linear3,,45
p765,,,op6,op5,5,linear3,,45
p765,,,op7,op6,5,linear3,,45
p766,639.145,BATCH_PIPELINE,op1,,1,const,,55
p766,,,op2,op1,40,linear7,,20
p766,,,op3,op2,20,linear7,,30
p766,,,op4,op3,40,linear7,,20
p766,,,op5,op4,1,const,,55
p766,,,op6,op5,5,linear3,,45
p766,,,op7,op6,1,const,,55
p766,,,op8,op7,2,sqrt,,55
p767,639.145,INTERACTIVE,op1,,1,const,,55
p767,,,op2,op1,5,linear3,,45
p767,,,op3,op2,5,linear3,,45
p767,,,op4,op3,20,linear7,,30
p767,,,op5,op4,1,const,,55
p767,,,op6,op5,1,const,,55
p767,,,op7,op6,15,linear3,,37.5
p767,,,op8,op7,1,const,,55
p767,,,op9,op8,5,linear3,,45
p767,,,op10,op9,15,linear3,,37.5
p768,639.145,INTERACTIVE,op1,,1,const,,55
p768,,,op2,op1,20,linear7,,30
p768,,,op3,op1,15,linear3,,37.5
p768,,,op4,op1,2,sqrt,,55
p768,,,op5,op1,15,linear3,,37.5
p768,,,op6,op1,15,linear3,,37.5
p768,,,op7,op1,80,squared,,10
p769,639.145,QUERY,op1,,15,linear3,,35
p770,639.145,BATCH_PIPELINE,op1,,1,const,,55
p770,,,op2,op1,5,linear3,,45
p770,,,op3,op2,5,linear3,,45
p770,,,op4,op3,1,const,,55
p770,,,op5,op4,40,linear7,,20
p770,,,op6,op5,20,linear7,,30
p771,647.458,INTERACTIVE,op1,,1,const,,55
p771,,,op2,op1,1,const,,55
p771,,,op3,op2,5,linear3,,45
p771,,,op4,op3,5,linear3,,45
p771,,,op5,op4,20,linear7,,30
p771,,,op6,op5,2,sqrt,,55
p771,,,op7,op6,1,const,,55
p771,,,op8,op7,1,const,,55
p772,647.458,INTERACTIVE,op1,,1,const,,55
p772,,,op2,op1,20,linear7,,30
p772,,,op3,op2,15,linear3,,37.5
p772,,,op4,op3,5,linear3,,45
p772,,,op5,op4,40,linear7,,20
p772,,,op6,op5,2,sqrt,,55
p772,,,op7,op6,5,linear3,,45
p772,,,op8,op7,1,const,,55
p773,647.458,INTERACTIVE,op1,,1,const,,55
p773,,,op2,,2,sqrt,,55
p773,,,op3,,5,linear3,,45
p773,,,op4,,20,linear7,,30
p773,,,op5,,5,linear3,,45
p773,,,op6,,2,sqrt,,55
p773,,,op7,,2,sqrt,,55
p773,,,op8,,15,linear3,,37.5
p773,,,op9,,5,linear3,,45
p773,,,op10,,5,linear3,,45
p773,,,op11,,1,const,,55
p773,,,op12,op1;op2;op3;op4;op5;op6;op7;op8;op9;op10;op11,15,linear3,,37.5
p774,647.458,BATCH_PIPELINE,op1,,1,const,,55
p774,,,op2,op1,20,linear7,,30
p774,,,op3,op2,20,linear7,,30
p774,,,op4,op3,20,linear7,,30
p774,,,op5,op4,5,linear3,,45
p774,,,op6,op5,2,sqrt,,55
p774,,,op7,op6,1,const,,55
p775,647.458,INTERACTIVE,op1,,1,const,,55
p775,,,op2,op1,15,linear3,,37.5
p775,,,op3,op2,2,sqrt,,55
p775,,,op4,op3,1,const,,55
p775,,,op5,op4,20,linear7,,30
p775,,,op6,op5,5,linear3,,45
p775,,,op7,op6,2,sqrt,,55
p775,,,op8,op7,1,const,,55
p776,647.458,QUERY,op1,,15,linear3,,35
p777,647.458,BATCH_PIPELINE,op1,,1,const,,55
p777,,,op2,op1,40,linear7,,20
p777,,,op3,op2,1,const,,55
p777,,,op4,op3,80,squared,,10
p777,,,op5,op4,80,squared,,10
p777,,,op6,op5,1,const,,55
p777,,,op7,op6,5,linear3,,45
p778,647.458,BATCH_PIPELINE,op1,,1,const,,55
p778,,,op2,op1,20,linear7,,30
p778,,,op3,op2,5,linear3,,45
p778,,,op4,op3,2,sqrt,,55
p778,,,op5,op4,5,linear3,,45
p778,,,op6,op5,20,linear7,,30
p778,,,op7,op6,1,const,,55
p779,647.458,BATCH_PIPELINE,op1,,1,const,,55
p779,,,op2,op1,5,linear3,,45
p779,,,op3,op2,5,linear3,,45
p779,,,op4,op3,20,linear7,,30
p779,,,op5,op4,80,squared,,10
p779,,,op6,op5,20,linear7,,30
p779,,,op7,op6,1,const,,55
p779,,,op8,op7,1,const,,55
p779,,,op9,op8,5,linear3,,45
p779,,,op10,op9,5,linear3,,45
p779,,,op11,op10,1,const,,55
p780,647.458,INTERACTIVE,op1,,1,const,,55
p780,,,op2,op1,80,squared,,10
p780,,,op3,op2,5,linear3,,45
p780,,,op4,op3,15,linear3,,37.5
p780,,,op5,op4,1,const,,55
p781,657.862,BATCH_PIPELINE,op1,,1,const,,55
p781,,,op2,op1,5,linear3,,45
p781,,,op3,op2,5,linear3,,45
p781,,,op4,op3,20,linear7,,30
p781,,,op5,op4,2,sqrt,,55
p782,657.862,BATCH_PIPELINE,op1,,1,const,,55
p782,,,op2,op1,1,const,,55
p782,,,op3,op2,5,linear3,,45
p782,,,op4,op3,5,linear3,,45
p782,,,op5,op4,5,linear3,,45
p783,657.862,BATCH_PIPELINE,op1,,1,const,,55
p783,,,op2,op1,5,linear3,,45
p783,,,op3,op2,15,linear3,,37.5
p783,,,op4,op3,2,sqrt,,55
p783,,,op5,op4,2,sqrt,,55
p783,,,op6,op5,1,const,,55
p783,,,op7,op6,5,linear3,,45
p783,,,op8,op7,15,linear3,,37.5
p783,,,op9,op8,1,const,,55
p783,,,op10,op9,5,linear3,,45
p784,657.862,BATCH_PIPELINE,op1,,1,const,,55
p784,,,op2,op1,1,const,,55
p784,,,op3,op2,15,linear3,,37.5
p784,,,op4,op3,1,const,,55
p784,,,op5,op4,40,linear7,,20
p784,,,op6,op5,5,linear3,,45
p784,,,op7,op6,80,squared,,10
p784,,,op8,op7,1,const,,55
p784,,,op9,op8,20,linear7,,30
p784,,,op10,op9,5,linear3,,45
p785,657.862,BATCH_PIPELINE,op1,,1,const,,55
p785,,,op2,op1,20,linear7,,30
p785,,,op3,op2,80,squared,,10
p785,,,op4,op3,40,linear7,,20
p785,,,op5,op4,2,sqrt,,55
p786,657.862,INTERACTIVE,op1,,1,const,,55
p786,,,op2,op1,2,sqrt,,55
p786,,,op3,op2,40,linear7,,20
p786,,,op4,op3,20,linear7,,30
p786,,,op5,op4,15,linear3,,37.5
p787,657.862,INTERACTIVE,op1,,1,const,,55
p787,,,op2,,5,linear3,,45
p787,,,op3,,20,linear7,,30
p787,,,op4,,5,linear3,,45
p787,,,op5,,2,sqrt,,55
p787,,,op6,,20,linear7,,30
p787,,,op7,,5,linear3,,45
p787,,,op8,,15,linear3,,37.5
p787,,,op9,op1;op2;op3;op4;op5;op6;op7;op8,5,linear3,,45
p788,657.862,BATCH_PIPELINE,op1,,1,const,,55
p788,,,op2,,20,linear7,,30
p788,,,op3,,5,linear3,,45
p788,,,op4,,5,linear3,,45
p788,,,op5,,40,linear7,,20
p788,,,op6,,5,linear3,,45
p788,,,op7,,2,sqrt,,55
p788,,,op8,,80,squared,,10
p788,,,op9,,5,linear3,,45
p788,,,op10,,80,squared,,10
p788,,,op11,op1;op2;op3;op4;op5;op6;op7;op8;op9;op10,1,const,,55
p789,657.862,BATCH_PIPELINE,op1,,1,const,,55
p789,,,op2,op1,5,linear3,,45
p789,,,op3,op2,1,const,,55
p789,,,op4,op3,40,linear7,,20
p789,,,op5,op4,2,sqrt,,55
p789,,,op6,op5,5,linear3,,45
p789,,,op7,op6,1,const,,55
p789,,,op8,op7,80,squared,,10
p789,,,op9,op8,40,linear7,,20
p789,,,op10,op9,5,linear3,,45
p789,,,op11,op10,1,const,,55
p789,,,op12,op11,80,squared,,10
p790,657.862,INTERACTIVE,op1,,1,const,,55
p790,,,op2,op1,2,sqrt,,55
p790,,,op3,op2,1,const,,55
p790,,,op4,op3,2,sqrt,,55
p790,,,op5,op4,20,linear7,,30
p791,666.018,QUERY,op1,,15,linear3,,35
p792,666.018,BATCH_PIPELINE,op1,,1,const,,55
p792,,,op2,op1,5,linear3,,45
p792,,,op3,op2,15,linear3,,37.5
p792,,,op4,op3,1,const,,55
p792,,,op5,op4,80,squared,,10
p792,,,op6,op5,5,linear3,,45
p792,,,op7,op6,40,linear7,,20
p792,,,op8,op7,5,linear3,,45
p793,666.018,BATCH_PIPELINE,op1,,1,const,,55
p793,,,op2,,40,linear7,,20
p793,,,op3,,2,sqrt,,55
p793,,,op4,,20,linear7,,30
p793,,,op5,,5,linear3,,45
p793,,,op6,,15,linear3,,37.5
p793,,,op7,,5,linear3,,45
p793,,,op8,,15,linear3,,37.5
p793,,,op9,op1;op2;op3;op4;op5;op6;op7;op8,1,const,,55
p794,666.018,QUERY,op1,,15,linear3,,35
p795,666.018,QUERY,op1,,15,linear3,,35
p796,666.018,QUERY,op1,,15,linear3,,35
p797,666.018,INTERACTIVE,op1,,1,const,,55
p797,,,op2,op1,5,linear3,,45
p797,,,op3,op1,1,const,,55
p797,,,op4,op1,80,squared,,10
p797,,,op5,op1,40,linear7,,20
p797,,,op6,op1,15,linear3,,37.5
p797,,,op7,op1,40,linear7,,20
p797,,,op8,op1,1,const,,55
p798,666.018,BATCH_PIPELINE,op1,,1,const,,55
p798,,,op2,op1,5,linear3,,45
p798,,,op3,op2,15,linear3,,37.5
p798,,,op4,op3,20,linear7,,30
p798,,,op5,op4,1,const,,55
p798,,,op6,op5,15,linear3,,37.5
p798,,,op7,op6,15,linear3,,37.5
p799,666.018,BATCH_PIPELINE,op1,,1,const,,55
p799,,,op2,op1,5,linear3,,45
p799,,,op3,op1,80,squared,,10
p799,,,op4,op1,2,sqrt,,55
p799,,,op5,op1,20,linear7,,30
p799,,,op6,op1,5,linear3,,45
p800,666.018,QUERY,op1,,15,linear3,,35
p801,676.441,BATCH_PIPELINE,op1,,1,const,,55
p801,,,op2,op1,40,linear7,,20
p802,676.441,BATCH_PIPELINE,op1,,1,const,,55
p802,,,op2,op1,1,const,,55
p802,,,op3,op2,5,linear3,,45
p802,,,op4,op3,15,linear3,,37.5
p802,,,op5,op4,1,const,,55
p802,,,op6,op5,80,squared,,10
p802,,,op7,op6,80,squared,,10
p802,,,op8,op7,15,linear3,,37.5
p802,,,op9,op8,5,linear3,,45
p802,,,op10,op9,1,const,,55
p802,,,op11,op10,80,squared,,10
p803,676.441,BATCH_PIPELINE,op1,,1,const,,55
p803,,,op2,op1,2,sqrt,,55
p803,,,op3,op2,15,linear3,,37.5
p803,,,op4,op3,1,const,,55
p803,,,op5,op4,40,linear7,,20
p803,,,op6,op5,5,linear3,,45
p803,,,op7,op6,40,linear7,,20
p804,676.441,BATCH_PIPELINE,op1,,1,const,,55
p804,,,op2,op1,20,linear7,,30
p804,,,op3,op1,2,sqrt,,55
p804,,,op4,op1,5,linear3,,45
p804,,,op5,op1,15,linear3,,37.5
p804,,,op6,op1,15,linear3,,37.5
p804,,,op7,op1,1,const,,55
p805,676.441,INTERACTIVE,op1,,1,const,,55
p805,,,op2,op1,5,linear3,,45
p805,,,op3,op2,15,linear3,,37.5
p805,,,op4,op3,5,linear3,,45
p805,,,op5,op4,1,const,,55
p805,,,op6,op5,5,linear3,,45
p805,,,op7,op6,20,linear7,,30
p805,,,op8,op7,1,const,,55
p805,,,op9,op8,5,linear3,,45
p806,676.441,BATCH_PIPELINE,op1,,1,const,,55
p806,,,op2,op1,2,sqrt,,55
p806,,,op3,op2,15,linear3,,37.5
p806,,,op4,op3,1,const,,55
p806,,,op5,op4,1,const,,55
p806,,,op6,op5,1,const,,55
p806,,,op7,op6,1,const,,55
p806,,,op8,op7,40,linear7,,20
p806,,,op9,op8,2,sqrt,,55
p807,676.441,BATCH_PIPELINE,op1,,1,const,,55
p807,,,op2,,1,const,,55
p807,,,op3,,15,linear3,,37.5
p807,,,op4,,15,linear3,,37.5
p807,,,op5,,80,squared,,10
p807,,,op6,op1;op2;op3;op4;op5,20,linear7,,30
p808,676.441,INTERACTIVE,op1,,1,const,,55
p808,,,op2,op1,1,const,,55
p808,,,op3,op2,2,sqrt,,55
p808,,,op4,op3,5,linear3,,45
p808,,,op5,op4,5,linear3,,45
p808,,,op6,op5,5,linear3,,45
p808,,,op7,op6,1,const,,55
p808,,,op8,op7,40,linear7,,20
p808,,,op9,op8,1,const,,55
p809,676.441,QUERY,op1,,15,linear3,,35
p810,676.441,INTERACTIVE,op1,,1,const,,55
p810,,,op2,op1,1,const,,55
p810,,,op3,op2,5,linear3,,45
p810,,,op4,op3,2,sqrt,,55
p810,,,op5,op4,15,linear3,,37.5
p810,,,op6,op5,1,const,,55
p810,,,op7,op6,20,linear7,,30
p811,685.701,BATCH_PIPELINE,op1,,1,const,,55
p811,,,op2,op1,2,sqrt,,55
p811,,,op3,op2,2,sqrt,,55
p811,,,op4,op3,5,linear3,,45
p811,,,op5,op4,5,linear3,,45
p811,,,op6,op5,2,sqrt,,55
p811,,,op7,op6,1,const,,55
p811,,,op8,op7,2,sqrt,,55
p811,,,op9,op8,15,linear3,,37.5
p811,,,op10,op9,15,linear3,,37.5
p812,685.701,BATCH_PIPELINE,op1,,1,const,,55
p812,,,op2,op1,40,linear7,,20
p812,,,op3,op2,20,linear7,,30
p812,,,op4,op3,80,squared,,10
p812,,,op5,op4,80,squared,,10
p812,,,op6,op5,20,linear7,,30
p812,,,op7,op6,20,linear7,,30
p812,,,op8,op7,5,linear3,,45
p812,,,op9,op8,5,linear3,,45
p812,,,op10,op9,5,linear3,,45
p812,,,op11,op10,20,linear7,,30
p813,685.701,BATCH_PIPELINE,op1,,1,const,,55
p813,,,op2,op1,80,squared,,10
p813,,,op3,op2,5,linear3,,45
p813,,,op4,op3,15,linear3,,37.5
p813,,,op5,op4,40,linear7,,20
p813,,,op6,op5,15,linear3,,37.5
p813,,,op7,op6,40,linear7,,20
p814,685.701,BATCH_PIPELINE,op1,,1,const,,55
p814,,,op2,op1,15,linear3,,37.5
p814,,,op3,op2,40,linear7,,20
p814,,,op4,op3,1,const,,55
p814,,,op5,op4,5,linear3,,45
p814,,,op6,op5,40,linear7,,20
p814,,,op7,op6,1,const,,55
p814,,,op8,op7,20,linear7,,30
p814,,,op9,op8,20,linear7,,30
p814,,,op10,op9,80,squared,,10
p814,,,op11,op10,1,const,,55
p814,,,op12,op11,80,squared,,10
p815,685.701,INTERACTIVE,op1,,1,const,,55
p815,,,op2,op1,1,const,,55
p815,,,op3,op2,15,linear3,,37.5
p815,,,op4,op3,1,const,,55
p815,,,op5,op4,20,linear7,,30
p815,,,op6,op5,2,sqrt,,55
p815,,,op7,op6,1,const,,55
p816,685.701,INTERACTIVE,op1,,1,const,,55
p816,,,op2,op1,15,linear3,,37.5
p816,,,op3,op2,20,linear7,,30
p816,,,op4,op3,40,linear7,,20
p816,,,op5,op4,5,linear3,,45
p816,,,op6,op5,1,const,,55
p816,,,op7,op6,15,linear3,,37.5
p816,,,op8,op7,15,linear3,,37.5
p817,685.701,BATCH_PIPELINE,op1,,1,const,,55
p817,,,op2,op1,5,linear3,,45
p817,,,op3,op2,2,sqrt,,55
p817,,,op4,op3,20,linear7,,30
p817,,,op5,op4,1,const,,55
p817,,,op6,op5,1,const,,55
p818,685.701,BATCH_PIPELINE,op1,,1,const,,55
p818,,,op2,op1,2,sqrt,,55
p818,,,op3,op2,5,linear3,,45
p818,,,op4,op3,5,linear3,,45
p818,,,op5,op4,15,linear3,,37.5
p818,,,op6,op5,2,sqrt,,55
p818,,,op7,op6,40,linear7,,20
p819,685.701,BATCH_PIPELINE,op1,,1,const,,55
p819,,,op2,op1,15,linear3,,37.5
p819,,,op3,op2,40,linear7,,20
p819,,,op4,op3,2,sqrt,,55
p819,,,op5,op4,20,linear7,,30
p819,,,op6,op5,15,linear3,,37.5
p820,685.701,BATCH_PIPELINE,op1,,1,const,,55
p820,,,op2,op1,5,linear3,,45
p820,,,op3,op2,20,linear7,,30
p820,,,op4,op3,5,linear3,,45
p820,,,op5,op4,80,squared,,10
p820,,,op6,op5,15,linear3,,37.5
p820,,,op7,op6,5,linear3,,45
p820,,,op8,op7,5,linear3,,45
p820,,,op9,op8,1,const,,55
p820,,,op10,op9,20,linear7,,30
p821,692.856,BATCH_PIPELINE,op1,,1,const,,55
p821,,,op2,op1,40,linear7,,20
p821,,,op3,op2,1,const,,55
p821,,,op4,op3,80,squared,,10
p821,,,op5,op4,5,linear3,,45
p822,692.856,INTERACTIVE,op1,,1,const,,55
p822,,,op2,op1,15,linear3,,37.5
p822,,,op3,op2,20,linear7,,30
p822,,,op4,op3,20,linear7,,30
p822,,,op5,op4,80,squared,,10
p822,,,op6,op5,20,linear7,,30
p822,,,op7,op6,80,squared,,10
p822,,,op8,op7,20,linear7,,30
p822,,,op9,op8,1,const,,55
p823,692.856,BATCH_PIPELINE,op1,,1,const,,55
p823,,,op2,op1,15,linear3,,37.5
p823,,,op3,op2,40,linear7,,20
p823,,,op4,op3,2,sqrt,,55
p823,,,op5,op4,20,linear7,,30
p823,,,op6,op5,5,linear3,,45
p824,692.856,BATCH_PIPELINE,op1,,1,const,,55
p824,,,op2,op1,1,const,,55
p824,,,op3,op2,5,linear3,,45
p824,,,op4,op3,15,linear3,,37.5
p824,,,op5,op4,15,linear3,,37.5
p824,,,op6,op5,20,linear7,,30
p824,,,op7,op6,5,linear3,,45
p824,,,op8,op7,15,linear3,,37.5
p825,692.856,BATCH_PIPELINE,op1,,1,const,,55
p825,,,op2,op1,5,linear3,,45
p825,,,op3,op2,2,sqrt,,55
p826,692.856,BATCH_PIPELINE,op1,,1,const,,55
p826,,,op2,op1,5,linear3,,45
p826,,,op3,op2,20,linear7,,30
p826,,,op4,op3,20,linear7,,30
p826,,,op5,op4,5,linear3,,45
p826,,,op6,op5,2,sqrt,,55
p826,,,op7,op6,2,sqrt,,55
p826,,,op8,op7,20,linear7,,30
p826,,,op9,op8,5,linear3,,45
p826,,,op10,op9,1,const,,55
p827,692.856,INTERACTIVE,op1,,1,const,,55
p827,,,op2,op1,15,linear3,,37.5
p827,,,op3,op1,40,linear7,,20
p827,,,op4,op1,1,const,,55
p827,,,op5,op1,5,linear3,,45
p827,,,op6,op1,5,linear3,,45
p827,,,op7,op1,15,linear3,,37.5
p827,,,op8,op1,40,linear7,,20
p827,,,op9,op1,1,const,,55
p828,692.856,BATCH_PIPELINE,op1,,1,const,,55
p828,,,op2,op1,5,linear3,,45
p828,,,op3,op2,15,linear3,,37.5
p828,,,op4,op3,15,linear3,,37.5
p828,,,op5,op4,20,linear7,,30
p828,,,op6,op5,20,linear7,,30
p828,,,op7,op6,2,sqrt,,55
p828,,,op8,op7,20,linear7,,30
p828,,,op9,op8,40,linear7,,20
p828,,,op10,op9,15,linear3,,37.5
p829,692.856,BATCH_PIPELINE,op1,,1,const,,55
p829,,,op2,op1,1,const,,55
p829,,,op3,op2,5,linear3,,45
p829,,,op4,op3,1,const,,55
p829,,,op5,op4,20,linear7,,30
p829,,,op6,op5,15,linear3,,37.5
p829,,,op7,op6,1,const,,55
p830,692.856,BATCH_PIPELINE,op1,,1,const,,55
p830,,,op2,op1,5,linear3,,45
p830,,,op3,op2,2,sqrt,,55
p830,,,op4,op3,2,sqrt,,55
p830,,,op5,op4,2,sqrt,,55
p830,,,op6,op5,15,linear3,,37.5
p830,,,op7,op6,15,linear3,,37.5
p831,701.427,INTERACTIVE,op1,,1,const,,55
p831,,,op2,op1,2,sqrt,,55
p831,,,op3,op2,2,sqrt,,55
p831,,,op4,op3,80,squared,,10
p831,,,op5,op4,15,linear3,,37.5
p831,,,op6,op5,1,const,,55
p831,,,op7,op6,20,linear7,,30
p832,701.427,QUERY,op1,,15,linear3,,35
p833,701.427,QUERY,op1,,15,linear3,,35
p834,701.427,INTERACTIVE,op1,,1,const,,55
p834,,,op2,,20,linear7,,30
p834,,,op3,,20,linear7,,30
p834,,,op4,,15,linear3,,37.5
p834,,,op5,,5,linear3,,45
p834,,,op6,,20,linear7,,30
p834,,,op7,op1;op2;op3;op4;op5;op6,40,linear7,,20
p835,701.427,BATCH_PIPELINE,op1,,1,const,,55
p835,,,op2,op1,15,linear3,,37.5
p835,,,op3,op2,15,linear3,,37.5
p835,,,op4,op3,15,linear3,,37.5
p835,,,op5,op4,1,const,,55
p835,,,op6,op5,5,linear3,,45
p835,,,op7,op6,15,linear3,,37.5
p835,,,op8,op7,5,linear3,,45
p835,,,op9,op8,15,linear3,,37.5
p835,,,op10,op9,15,linear3,,37.5
p835,,,op11,op10,20,linear7,,30
p836,701.427,INTERACTIVE,op1,,1,const,,55
p836,,,op2,op1,80,squared,,10
p836,,,op3,op2,5,linear3,,45
p836,,,op4,op3,5,linear3,,45
p836,,,op5,op4,5,linear3,,45
p836,,,op6,op5,5,linear3,,45
p836,,,op7,op6,80,squared,,10
p836,,,op8,op7,40,linear7,,20
p837,701.427,BATCH_PIPELINE,op1,,1,const,,55
p837,,,op2,,15,linear3,,37.5
p837,,,op3,,5,linear3,,45
p837,,,op4,,15,linear3,,37.5
p837,,,op5,,5,linear3,,45
p837,,,op6,,15,linear3,,37.5
p837,,,op7,op1;op2;op3;op4;op5;op6,15,linear3,,37.5
p838,701.427,BATCH_PIPELINE,op1,,1,const,,55
p838,,,op2,op1,2,sqrt,,55
p838,,,op3,op2,2,sqrt,,55
p838,,,op4,op3,2,sqrt,,55
p838,,,op5,op4,1,const,,55
p838,,,op6,op5,40,linear7,,20
p839,701.427,BATCH_PIPELINE,op1,,1,const,,55
p839,,,op2,,2,sqrt,,55
p839,,,op3,,5,linear3,,45
p839,,,op4,,1,const,,55
p839,,,op5,,20,linear7,,30
p839,,,op6,op1;op2;op3;op4;op5,20,linear7,,30
p840,701.427,INTERACTIVE,op1,,1,const,,55
p840,,,op2,op1,2,sqrt,,55
p840,,,op3,op2,2,sqrt,,55
p840,,,op4,op3,40,linear7,,20
p840,,,op5,op4,20,linear7,,30
p840,,,op6,op5,2,sqrt,,55
p840,,,op7,op6,15,linear3,,37.5
p840,,,op8,op7,5,linear3,,45
p840,,,op9,op8,1,const,,55
p841,710.827,QUERY,op1,,15,linear3,,35
p842,710.827,INTERACTIVE,op1,,1,const,,55
p842,,,op2,op1,5,linear3,,45
p842,,,op3,op1,5,linear3,,45
p842,,,op4,op1,2,sqrt,,55
p842,,,op5,op1,20,linear7,,30
p843,710.827,INTERACTIVE,op1,,1,const,,55
p843,,,op2,op1,2,sqrt,,55
p843,,,op3,op2,15,linear3,,37.5
p843,,,op4,op3,1,const,,55
p843,,,op5,op4,20,linear7,,30
p843,,,op6,op5,2,sqrt,,55
p843,,,op7,op6,20,linear7,,30
p843,,,op8,op7,5,linear3,,45
p843,,,op9,op8,40,linear7,,20
p844,710.827,QUERY,op1,,15,linear3,,35
p845,710.827,BATCH_PIPELINE,op1,,1,const,,55
p845,,,op2,,80,squared,,10
p845,,,op3,,15,linear3,,37.5
p845,,,op4,,80,squared,,10
p845,,,op5,,5,linear3,,45
p845,,,op6,,40,linear7,,20
p845,,,op7,,2,sqrt,,55
p845,,,op8,op1;op2;op3;op4;op5;op6;op7,15,linear3,,37.5
p846,710.827,BATCH_PIPELINE,op1,,1,const,,55
p846,,,op2,op1,1,const,,55
p846,,,op3,op2,15,linear3,,37.5
p846,,,op4,op3,20,linear7,,30
p846,,,op5,op4,2,sqrt,,55
p847,710.827,BATCH_PIPELINE,op1,,1,const,,55
p847,,,op2,,5,linear3,,45
p847,,,op3,,15,linear3,,37.5
p847,,,op4,,5,linear3,,45
p847,,,op5,,80,squared,,10
p847,,,op6,,2,sqrt,,55
p847,,,op7,op1;op2;op3;op4;op5;op6,40,linear7,,20
p848,710.827,BATCH_PIPELINE,op1,,1,const,,55
p848,,,op2,,40,linear7,,20
p848,,,op3,,5,linear3,,45
p848,,,op4,,20,linear7,,30
p848,,,op5,,15,linear3,,37.5
p848,,,op6,,2,sqrt,,55
p848,,,op7,,20,linear7,,30
p848,,,op8,op1;op2;op3;op4;op5;op6;op7,80,squared,,10
p849,710.827,INTERACTIVE,op1,,1,const,,55
p849,,,op2,op1,1,const,,55
p849,,,op3,op2,15,linear3,,37.5
p849,,,op4,op3,1,const,,55
p849,,,op5,op4,2,sqrt,,55
p849,,,op6,op5,80,squared,,10
p849,,,op7,op6,5,linear3,,45
p849,,,op8,op7,2,sqrt,,55
p849,,,op9,op8,40,linear7,,20
p850,710.827,QUERY,op1,,15,linear3,,35
p851,718.821,BATCH_PIPELINE,op1,,1,const,,55
p851,,,op2,op1,20,linear7,,30
p851,,,op3,op2,5,linear3,,45
p851,,,op4,op3,80,squared,,10
p851,,,op5,op4,2,sqrt,,55
p851,,,op6,op5,40,linear7,,20
p851,,,op7,op6,80,squared,,10
p851,,,op8,op7,2,sqrt,,55
p852,718.821,INTERACTIVE,op1,,1,const,,55
p852,,,op2,op1,15,linear3,,37.5
p852,,,op3,op2,5,linear3,,45
p852,,,op4,op3,5,linear3,,45
p852,,,op5,op4,15,linear3,,37.5
p852,,,op6,op5,15,linear3,,37.5
p852,,,op7,op6,15,linear3,,37.5
p852,,,op8,op7,2,sqrt,,55
p853,718.821,BATCH_PIPELINE,op1,,1,const,,55
p853,,,op2,op1,5,linear3,,45
p853,,,op3,op2,15,linear3,,37.5
p853,,,op4,op3,1,const,,55
p853,,,op5,op4,2,sqrt,,55
p853,,,op6,op5,5,linear3,,45
p853,,,op7,op6,2,sqrt,,55
p854,718.821,INTERACTIVE,op1,,1,const,,55
p854,,,op2,op1,5,linear3,,45
p854,,,op3,op2,5,linear3,,45
p854,,,op4,op3,1,const,,55
p854,,,op5,op4,5,linear3,,45
p854,,,op6,op5,2,sqrt,,55
p854,,,op7,op6,5,linear3,,45
p854,,,op8,op7,1,const,,55
p855,718.821,BATCH_PIPELINE,op1,,1,const,,55
p855,,,op2,op1,40,linear7,,20
p855,,,op3,op2,40,linear7,,20
p855,,,op4,op3,20,linear7,,30
p855,,,op5,op4,5,linear3,,45
p855,,,op6,op5,1,const,,55
p855,,,op7,op6,40,linear7,,20
p855,,,op8,op7,15,linear3,,37.5
p855,,,op9,op8,80,squared,,10
p855,,,op10,op9,5,linear3,,45
p856,718.821,INTERACTIVE,op1,,1,const,,55
p856,,,op2,op1,80,squared,,10
p856,,,op3,op2,1,const,,55
p856,,,op4,op3,5,linear3,,45
p856,,,op5,op4,1,const,,55
p856,,,op6,op5,1,const,,55
p856,,,op7,op6,20,linear7,,30
p857,718.821,BATCH_PIPELINE,op1,,1,const,,55
p857,,,op2,op1,1,const,,55
p857,,,op3,op2,40,linear7,,20
p857,,,op4,op3,5,linear3,,45
p857,,,op5,op4,20,linear7,,30
p857,,,op6,op5,20,linear7,,30
p857,,,op7,op6,40,linear7,,20
p857,,,op8,op7,5,linear3,,45
p858,718.821,BATCH_PIPELINE,op1,,1,const,,55
p858,,,op2,op1,1,const,,55
p858,,,op3,op2,15,linear3,,37.5
p858,,,op4,op3,5,linear3,,45
p858,,,op5,op4,1,const,,55
p858,,,op6,op5,20,linear7,,30
p858,,,op7,op6,2,sqrt,,55
p858,,,op8,op7,5,linear3,,45
p859,718.821,QUERY,op1,,15,linear3,,35
p860,718.821,INTERACTIVE,op1,,1,const,,55
p860,,,op2,op1,5,linear3,,45
p860,,,op3,op1,15,linear3,,37.5
p860,,,op4,op1,40,linear7,,20
p860,,,op5,op1,20,linear7,,30
p860,,,op6,op1,20,linear7,,30
p860,,,op7,op1,20,linear7,,30
p861,724.716,BATCH_PIPELINE,op1,,1,const,,55
p861,,,op2,op1,1,const,,55
p861,,,op3,op1,1,const,,55
p861,,,op4,op1,1,const,,55
p861,,,op5,op1,5,linear3,,45
p861,,,op6,op1,5,linear3,,45
p861,,,op7,op1,2,sqrt,,55
p862,724.716,BATCH_PIPELINE,op1,,1,const,,55
p862,,,op2,op1,5,linear3,,45
p862,,,op3,op1,20,linear7,,30
p862,,,op4,op1,15,linear3,,37.5
p862,,,op5,op1,1,const,,55
p862,,,op6,op1,5,linear3,,45
p862,,,op7,op1,1,const,,55
p863,724.716,BATCH_PIPELINE,op1,,1,const,,55
p863,,,op2,op1,1,const,,55
p863,,,op3,op2,15,linear3,,37.5
p863,,,op4,op3,20,linear7,,30
p863,,,op5,op4,20,linear7,,30
p863,,,op6,op5,2,sqrt,,55
p864,724.716,INTERACTIVE,op1,,1,const,,55
p864,,,op2,op1,1,const,,55
p864,,,op3,op1,2,sqrt,,55
p864,,,op4,op1,80,squared,,10
p864,,,op5,op1,5,linear3,,45
p864,,,op6,op1,1,const,,55
p864,,,op7,op1,2,sqrt,,55
p864,,,op8,op1,1,const,,55
p865,724.716,BATCH_PIPELINE,op1,,1,const,,55
p865,,,op2,,5,linear3,,45
p865,,,op3,,20,linear7,,30
p865,,,op4,,1,const,,55
p865,,,op5,,1,const,,55
p865,,,op6,,5,linear3,,45
p865,,,op7,,2,sqrt,,55
p865,,,op8,,5,linear3,,45
p865,,,op9,op1;op2;op3;op4;op5;op6;op7;op8,1,const,,55
p866,724.716,BATCH_PIPELINE,op1,,1,const,,55
p866,,,op2,op1,15,linear3,,37.5
p866,,,op3,op2,15,linear3,,37.5
p866,,,op4,op3,1,const,,55
p866,,,op5,op4,15,linear3,,37.5
p866,,,op6,op5,5,linear3,,45
p866,,,op7,op6,5,linear3,,45
p867,724.716,BATCH_PIPELINE,op1,,1,const,,55
p867,,,op2,op1,40,linear7,,20
p867,,,op3,op2,20,linear7,,30
p867,,,op4,op3,2,sqrt,,55
p867,,,op5,op4,1,const,,55
p867,,,op6,op5,40,linear7,,20
p868,724.716,INTERACTIVE,op1,,1,const,,55
p868,,,op2,op1,2,sqrt,,55
p868,,,op3,op2,5,linear3,,45
p868,,,op4,op3,20,linear7,,30
p868,,,op5,op4,1,const,,55
p868,,,op6,op5,5,linear3,,45
p869,724.716,BATCH_PIPELINE,op1,,1,const,,55
p869,,,op2,op1,40,linear7,,20
p869,,,op3,op2,15,linear3,,37.5
p869,,,op4,op3,1,const,,55
p869,,,op5,op4,1,const,,55
p869,,,op6,op5,20,linear7,,30
p869,,,op7,op6,1,const,,55
p869,,,op8,op7,5,linear3,,45
p870,724.716,BATCH_PIPELINE,op1,,1,const,,55
p870,,,op2,,2,sqrt,,55
p870,,,op3,,5,linear3,,45
p870,,,op4,,15,linear3,,37.5
p870,,,op5,,5,linear3,,45
p870,,,op6,,40,linear7,,20
p870,,,op7,,2,sqrt,,55
p870,,,op8,,15,linear3,,37.5
p870,,,op9,,15,linear3,,37.5
p870,,,op10,op1;op2;op3;op4;op5;op6;op7;op8;op9,5,linear3,,45
p871,735.606,BATCH_PIPELINE,op1,,1,const,,55
p871,,,op2,,15,linear3,,37.5
p871,,,op3,,2,sqrt,,55
p871,,,op4,,2,sqrt,,55
p871,,,op5,,40,linear7,,20
p871,,,op6,,20,linear7,,30
p871,,,op7,,1,const,,55
p871,,,op8,,15,linear3,,37.5
p871,,,op9,op1;op2;op3;op4;op5;op6;op7;op8,1,const,,55
p872,735.606,BATCH_PIPELINE,op1,,1,const,,55
p872,,,op2,op1,15,linear3,,37.5
p872,,,op3,op2,1,const,,55
p872,,,op4,op3,5,linear3,,45
p872,,,op5,op4,15,linear3,,37.5
p872,,,op6,op5,15,linear3,,37.5
p872,,,op7,op6,20,linear7,,30
p872,,,op8,op7,5,linear3,,45
p872,,,op9,op8,5,linear3,,45
p873,735.606,BATCH_PIPELINE,op1,,1,const,,55
p873,,,op2,op1,1,const,,55
p873,,,op3,op1,1,const,,55
p873,,,op4,op1,80,squared,,10
p873,,,op5,op1,5,linear3,,45
p873,,,op6,op1,15,linear3,,37.5
p873,,,op7,op1,2,sqrt,,55
p874,735.606,BATCH_PIPELINE,op1,,1,const,,55
p874,,,op2,op1,2,sqrt,,55
p874,,,op3,op2,5,linear3,,45
p874,,,op4,op3,15,linear3,,37.5
p874,,,op5,op4,2,sqrt,,55
p874,,,op6,op5,1,const,,55
p874,,,op7,op6,2,sqrt,,55
p874,,,op8,op7,2,sqrt,,55
p874,,,op9,op8,2,sqrt,,55
p875,735.606,INTERACTIVE,op1,,1,const,,55
p875,,,op2,op1,15,linear3,,37.5
p875,,,op3,op2,20,linear7,,30
p875,,,op4,op3,5,linear3,,45
p875,,,op5,op4,20,linear7,,30
p876,735.606,BATCH_PIPELINE,op1,,1,const,,55
p876,,,op2,op1,1,const,,55
p876,,,op3,op2,15,linear3,,37.5
p876,,,op4,op3,15,linear3,,37.5
p876,,,op5,op4,15,linear3,,37.5
p876,,,op6,op5,2,sqrt,,55
p876,,,op7,op6,40,linear7,,20
p876,,,op8,op7,5,linear3,,45
p877,735.606,QUERY,op1,,15,linear3,,35
p878,735.606,BATCH_PIPELINE,op1,,1,const,,55
p878,,,op2,,2,sqrt,,55
p878,,,op3,,1,const,,55
p878,,,op4,,80,squared,,10
p878,,,op5,,15,linear3,,37.5
p878,,,op6,,15,linear3,,37.5
p878,,,op7,,80,squared,,10
p878,,,op8,,15,linear3,,37.5
p878,,,op9,,1,const,,55
p878,,,op10,,5,linear3,,45
p878,,,op11,op1;op2;op3;op4;op5;op6;op7;op8;op9;op10,2,sqrt,,55
p879,735.606,INTERACTIVE,op1,,1,const,,55
p879,,,op2,op1,1,const,,55
p879,,,op3,op2,80,squared,,10
p879,,,op4,op3,15,linear3,,37.5
p879,,,op5,op4,5,linear3,,45
p879,,,op6,op5,20,linear7,,30
p879,,,op7,op6,15,linear3,,37.5
p880,735.606,QUERY,op1,,15,linear3,,35
p881,746.148,BATCH_PIPELINE,op1,,1,const,,55
p881,,,op2,,15,linear3,,37.5
p881,,,op3,,5,linear3,,45
p881,,,op4,,80,squared,,10
p881,,,op5,,5,linear3,,45
p881,,,op6,,15,linear3,,37.5
p881,,,op7,,15,linear3,,37.5
p881,,,op8,,2,sqrt,,55
p881,,,op9,op1;op2;op3;op4;op5;op6;op7;op8,2,sqrt,,55
p882,746.148,INTERACTIVE,op1,,1,const,,55
p882,,,op2,,2,sqrt,,55
p882,,,op3,,15,linear3,,37.5
p882,,,op4,,40,linear7,,20
p882,,,op5,,20,linear7,,30
p882,,,op6,,1,const,,55
p882,,,op7,op1;op2;op3;op4;op5;op6,20,linear7,,30
p883,746.148,INTERACTIVE,op1,,1,const,,55
p883,,,op2,op1,5,linear3,,45
p883,,,op3,op2,5,linear3,,45
p883,,,op4,op3,5,linear3,,45
p883,,,op5,op4,40,linear7,,20
p883,,,op6,op5,5,linear3,,45
p883,,,op7,op6,40,linear7,,20
p883,,,op8,op7,20,linear7,,30
p884,746.148,QUERY,op1,,15,linear3,,35
p885,746.148,QUERY,op1,,15,linear3,,35
p886,746.148,QUERY,op1,,15,linear3,,35
p887,746.148,BATCH_PIPELINE,op1,,1,const,,55
p887,,,op2,op1,1,const,,55
p887,,,op3,op2,80,squared,,10
p887,,,op4,op3,2,sqrt,,55
p887,,,op5,op4,40,linear7,,20
p887,,,op6,op5,15,linear3,,37.5
p887,,,op7,op6,5,linear3,,45
p887,,,op8,op7,5,linear3,,45
p887,,,op9,op8,1,const,,55
p888,746.148,INTERACTIVE,op1,,1,const,,55
p888,,,op2,op1,20,linear7,,30
p888,,,op3,op2,15,linear3,,37.5
p888,,,op4,op3,1,const,,55
p888,,,op5,op4,20,linear7,,30
p889,746.148,BATCH_PIPELINE,op1,,1,const,,55
p889,,,op2,op1,5,linear3,,45
p889,,,op3,op2,1,const,,55
p889,,,op4,op3,80,squared,,10
p889,,,op5,op4,5,linear3,,45
p889,,,op6,op5,5,linear3,,45
p890,746.148,INTERACTIVE,op1,,1,const,,55
p890,,,op2,,1,const,,55
p890,,,op3,,2,sqrt,,55
p890,,,op4,,40,linear7,,20
p890,,,op5,,20,linear7,,30
p890,,,op6,,5,linear3,,45
p890,,,op7,,40,linear7,,20
p890,,,op8,,20,linear7,,30
p890,,,op9,,5,linear3,,45
p890,,,op10,op1;op2;op3;op4;op5;op6;op7;op8;op9,5,linear3,,45
p891,755.889,BATCH_PIPELINE,op1,,1,const,,55
p891,,,op2,op1,1,const,,55
p891,,,op3,op2,5,linear3,,45
p891,,,op4,op3,5,linear3,,45
p891,,,op5,op4,40,linear7,,20
p891,,,op6,op5,1,const,,55
p891,,,op7,op6,5,linear3,,45
p891,,,op8,op7,5,linear3,,45
p892,755.889,INTERACTIVE,op1,,1,const,,55
p892,,,op2,op1,20,linear7,,30
p892,,,op3,op1,5,linear3,,45
p892,,,op4,op1,15,linear3,,37.5
p892,,,op5,op1,5,linear3,,45
p892,,,op6,op1,20,linear7,,30
p892,,,op7,op1,1,const,,55
p893,755.889,BATCH_PIPELINE,op1,,1,const,,55
p893,,,op2,op1,1,const,,55
p893,,,op3,op2,40,linear7,,20
p893,,,op4,op3,5,linear3,,45
p893,,,op5,op4,1,const,,55
p893,,,op6,op5,1,const,,55
p893,,,op7,op6,1,const,,55
p893,,,op8,op7,5,linear3,,45
p894,755.889,INTERACTIVE,op1,,1,const,,55
p894,,,op2,op1,1,const,,55
p894,,,op3,op2,5,linear3,,45
p894,,,op4,op3,15,linear3,,37.5
p894,,,op5,op4,15,linear3,,37.5
p894,,,op6,op5,2,sqrt,,55
p894,,,op7,op6,20,linear7,,30
p894,,,op8,op7,2,sqrt,,55
p894,,,op9,op8,2,sqrt,,55
p895,755.889,BATCH_PIPELINE,op1,,1,const,,55
p895,,,op2,op1,2,sqrt,,55
p895,,,op3,op2,20,linear7,,30
p895,,,op4,op3,80,squared,,10
p895,,,op5,op4,15,linear3,,37.5
p895,,,op6,op5,40,linear7,,20
p895,,,op7,op6,40,linear7,,20
p895,,,op8,op7,2,sqrt,,55
p895,,,op9,op8,15,linear3,,37.5
p895,,,op10,op9,1,const,,55
p896,755.889,QUERY,op1,,15,linear3,,35
p897,755.889,INTERACTIVE,op1,,1,const,,55
p897,,,op2,op1,5,linear3,,45
p897,,,op3,op2,20,linear7,,30
p897,,,op4,op3,5,linear3,,45
p897,,,op5,op4,1,const,,55
p897,,,op6,op5,2,sqrt,,55
p897,,,op7,op6,1,const,,55
p898,755.889,BATCH_PIPELINE,op1,,1,const,,55
p898,,,op2,op1,2,sqrt,,55
p898,,,op3,op1,15,linear3,,37.5
p898,,,op4,op1,5,linear3,,45
p898,,,op5,op1,1,const,,55
p898,,,op6,op1,20,linear7,,30
p898,,,op7,op1,20,linear7,,30
p898,,,op8,op1,20,linear7,,30
p898,,,op9,op1,2,sqrt,,55
p899,755.889,INTERACTIVE,op1,,1,const,,55
p899,,,op2,op1,2,sqrt,,55
p899,,,op3,op2,5,linear3,,45
p899,,,op4,op3,1,const,,55
p899,,,op5,op4,5,linear3,,45
p899,,,op6,op5,15,linear3,,37.5
p899,,,op7,op6,5,linear3,,45
p900,755.889,BATCH_PIPELINE,op1,,1,const,,55
p900,,,op2,op1,2,sqrt,,55
p900,,,op3,op1,2,sqrt,,55
p900,,,op4,op1,40,linear7,,20
p900,,,op5,op1,40,linear7,,20
p901,763.313,BATCH_PIPELINE,op1,,1,const,,55
p901,,,op2,op1,40,linear7,,20
p901,,,op3,op2,5,linear3,,45
p901,,,op4,op3,1,const,,55
p901,,,op5,op4,1,const,,55
p902,763.313,INTERACTIVE,op1,,1,const,,55
p902,,,op2,op1,5,linear3,,45
p902,,,op3,op1,80,squared,,10
p902,,,op4,op1,5,linear3,,45
p902,,,op5,op1,40,linear7,,20
p902,,,op6,op1,20,linear7,,30
p902,,,op7,op1,1,const,,55
p902,,,op8,op1,5,linear3,,45
p902,,,op9,op1,5,linear3,,45
p903,763.313,BATCH_PIPELINE,op1,,1,const,,55
p903,,,op2,,2,sqrt,,55
p903,,,op3,,40,linear7,,20
p903,,,op4,,5,linear3,,45
p903,,,op5,,5,linear3,,45
p903,,,op6,op1;op2;op3;op4;op5,20,linear7,,30
p904,763.313,INTERACTIVE,op1,,1,const,,55
p904,,,op2,op1,15,linear3,,37.5
p904,,,op3,op2,1,const,,55
p904,,,op4,op3,5,linear3,,45
p904,,,op5,op4,20,linear7,,30
p904,,,op6,op5,20,linear7,,30
p904,,,op7,op6,1,const,,55
p904,,,op8,op7,1,const,,55
p904,,,op9,op8,2,sqrt,,55
p905,763.313,INTERACTIVE,op1,,1,const,,55
p905,,,op2,op1,1,const,,55
p905,,,op3,op2,5,linear3,,45
p905,,,op4,op3,15,linear3,,37.5
p905,,,op5,op4,5,linear3,,45
p905,,,op6,op5,20,linear7,,30
p905,,,op7,op6,15,linear3,,37.5
p905,,,op8,op7,2,sqrt,,55
p905,,,op9,op8,1,const,,55
p905,,,op10,op9,15,linear3,,37.5
p906,763.313,QUERY,op1,,15,linear3,,35
p907,763.313,BATCH_PIPELINE,op1,,1,const,,55
p907,,,op2,op1,5,linear3,,45
p907,,,op3,op2,20,linear7,,30
p907,,,op4,op3,1,const,,55
p907,,,op5,op4,15,linear3,,37.5
p907,,,op6,op5,5,linear3,,45
p907,,,op7,op6,40,linear7,,20
p907,,,op8,op7,2,sqrt,,55
p908,763.313,INTERACTIVE,op1,,1,const,,55
p908,,,op2,op1,1,const,,55
p908,,,op3,op2,80,squared,,10
p908,,,op4,op3,1,const,,55
p908,,,op5,op4,5,linear3,,45
p908,,,op6,op5,15,linear3,,37.5
p908,,,op7,op6,15,linear3,,37.5
p908,,,op8,op7,5,linear3,,45
p908,,,op9,op8,5,linear3,,45
p908,,,op10,op9,5,linear3,,45
p909,763.313,BATCH_PIPELINE,op1,,1,const,,55
p909,,,op2,op1,20,linear7,,30
p909,,,op3,op1,5,linear3,,45
p909,,,op4,op1,5,linear3,,45
p909,,,op5,op1,5,linear3,,45
p909,,,op6,op1,1,const,,55
p909,,,op7,op1,5,linear3,,45
p909,,,op8,op1,5,linear3,,45
p909,,,op9,op1,40,linear7,,20
p909,,,op10,op1,1,const,,55
p909,,,op11,op1,2,sqrt,,55
p909,,,op12,op1,2,sqrt,,55
p910,763.313,QUERY,op1,,15,linear3,,35
p911,770.357,QUERY,op1,,15,linear3,,35
p912,770.357,INTERACTIVE,op1,,1,const,,55
p912,,,op2,op1,1,const,,55
p912,,,op3,op2,20,linear7,,30
p912,,,op4,op3,1,const,,55
p912,,,op5,op4,15,linear3,,37.5
p912,,,op6,op5,15,linear3,,37.5
p912,,,op7,op6,15,linear3,,37.5
p913,770.357,BATCH_PIPELINE,op1,,1,const,,55
p913,,,op2,op1,20,linear7,,30
p913,,,op3,op2,2,sqrt,,55
p913,,,op4,op3,1,const,,55
p913,,,op5,op4,20,linear7,,30
p913,,,op6,op5,1,const,,55
p914,770.357,BATCH_PIPELINE,op1,,1,const,,55
p914,,,op2,op1,20,linear7,,30
p914,,,op3,op2,15,linear3,,37.5
p914,,,op4,op3,80,squared,,10
p914,,,op5,op4,1,const,,55
p914,,,op6,op5,5,linear3,,45
p914,,,op7,op6,20,linear7,,30
p914,,,op8,op7,5,linear3,,45
p914,,,op9,op8,40,linear7,,20
p914,,,op10,op9,5,linear3,,45
p915,770.357,INTERACTIVE,op1,,1,const,,55
p915,,,op2,op1,20,linear7,,30
p915,,,op3,op2,40,linear7,,20
p915,,,op4,op3,1,const,,55
p915,,,op5,op4,1,const,,55
p915,,,op6,op5,40,linear7,,20
p915,,,op7,op6,15,linear3,,37.5
p915,,,op8,op7,5,linear3,,45
p915,,,op9,op8,15,linear3,,37.5
p915,,,op10,op9,1,const,,55
p915,,,op11,op10,5,linear3,,45
p915,,,op12,op11,2,sqrt,,55
p916,770.357,QUERY,op1,,15,linear3,,35
p917,770.357,BATCH_PIPELINE,op1,,1,const,,55
p917,,,op2,op1,1,const,,55
p917,,,op3,op2,20,linear7,,30
p917,,,op4,op3,20,linear7,,30
p917,,,op5,op4,40,linear7,,20
p917,,,op6,op5,80,squared,,10
p917,,,op7,op6,1,const,,55
p917,,,op8,op7,5,linear3,,45
p917,,,op9,op8,2,sqrt,,55
p918,770.357,INTERACTIVE,op1,,1,const,,55
p918,,,op2,op1,40,linear7,,20
p918,,,op3,op1,1,const,,55
p918,,,op4,op1,1,const,,55
p918,,,op5,op1,1,const,,55
p918,,,op6,op1,5,linear3,,45
p918,,,op7,op1,1,const,,55
p918,,,op8,op1,5,linear3,,45
p919,770.357,BATCH_PIPELINE,op1,,1,const,,55
p919,,,op2,op1,5,linear3,,45
p919,,,op3,op2,40,linear7,,20
p919,,,op4,op3,5,linear3,,45
p919,,,op5,op4,5,linear3,,45
p919,,,op6,op5,2,sqrt,,55
p920,770.357,INTERACTIVE,op1,,1,const,,55
p920,,,op2,op1,20,linear7,,30
p920,,,op3,op2,2,sqrt,,55
p920,,,op4,op3,20,linear7,,30
p920,,,op5,op4,2,sqrt,,55
p920,,,op6,op5,20,linear7,,30
p920,,,op7,op6,15,linear3,,37.5
p920,,,op8,op7,80,squared,,10
p920,,,op9,op8,1,const,,55
p921,776.0360000000001,INTERACTIVE,op1,,1,const,,55
p921,,,op2,op1,20,linear7,,30
p921,,,op3,op2,5,linear3,,45
p921,,,op4,op3,5,linear3,,45
p921,,,op5,op4,5,linear3,,45
p922,776.0360000000001,INTERACTIVE,op1,,1,const,,55
p922,,,op2,op1,1,const,,55
p922,,,op3,op2,20,linear7,,30
p922,,,op4,op3,5,linear3,,45
p922,,,op5,op4,80,squared,,10
p922,,,op6,op5,2,sqrt,,55
p922,,,op7,op6,20,linear7,,30
p922,,,op8,op7,40,linear7,,20
p922,,,op9,op8,2,sqrt,,55
p922,,,op10,op9,2,sqrt,,55
p922,,,op11,op10,20,linear7,,30
p923,776.0360000000001,INTERACTIVE,op1,,1,const,,55
p923,,,op2,,1,const,,55
p923,,,op3,,20,linear7,,30
p923,,,op4,,5,linear3,,45
p923,,,op5,op1;op2;op3;op4,5,linear3,,45
p924,776.0360000000001,BATCH_PIPELINE,op1,,1,const,,55
p924,,,op2,op1,2,sqrt,,55
p924,,,op3,op2,15,linear3,,37.5
p924,,,op4,op3,20,linear7,,30
p924,,,op5,op4,80,squared,,10
p925,776.0360000000001,INTERACTIVE,op1,,1,const,,55
p925,,,op2,op1,1,const,,55
p925,,,op3,op2,5,linear3,,45
p925,,,op4,op3,1,const,,55
p925,,,op5,op4,15,linear3,,37.5
p925,,,op6,op5,2,sqrt,,55
p925,,,op7,op6,1,const,,55
p925,,,op8,op7,80,squared,,10
p925,,,op9,op8,2,sqrt,,55
p925,,,op10,op9,1,const,,55
p926,776.0360000000001,BATCH_PIPELINE,op1,,1,const,,55
p926,,,op2,op1,2,sqrt,,55
p926,,,op3,op2,2,sqrt,,55
p926,,,op4,op3,15,linear3,,37.5
p926,,,op5,op4,20,linear7,,30
p926,,,op6,op5,20,linear7,,30
p927,776.0360000000001,INTERACTIVE,op1,,1,const,,55
p927,,,op2,op1,15,linear3,,37.5
p927,,,op3,op2,5,linear3,,45
p927,,,op4,op3,1,const,,55
p927,,,op5,op4,20,linear7,,30
p927,,,op6,op5,15,linear3,,37.5
p927,,,op7,op6,5,linear3,,45
p927,,,op8,op7,40,linear7,,20
p927,,,op9,op8,1,const,,55
p928,776.0360000000001,BATCH_PIPELINE,op1,,1,const,,55
p928,,,op2,op1,5,linear3,,45
p928,,,op3,op2,1,const,,55
p928,,,op4,op3,5,linear3,,45
p928,,,op5,op4,15,linear3,,37.5
p928,,,op6,op5,20,linear7,,30
p928,,,op7,op6,5,linear3,,45
p929,776.0360000000001,BATCH_PIPELINE,op1,,1,const,,55
p929,,,op2,op1,1,const,,55
p929,,,op3,op1,40,linear7,,20
p929,,,op4,op1,2,sqrt,,55
p930,776.0360000000001,INTERACTIVE,op1,,1,const,,55
p930,,,op2,op1,80,squared,,10
p930,,,op3,op2,15,linear3,,37.5
p930,,,op4,op3,15,linear3,,37.5
p930,,,op5,op4,5,linear3,,45
p930,,,op6,op5,20,linear7,,30
p930,,,op7,op6,80,squared,,10
p930,,,op8,op7,5,linear3,,45
p930,,,op9,op8,80,squared,,10
p931,783.66,BATCH_PIPELINE,op1,,1,const,,55
p931,,,op2,op1,15,linear3,,37.5
p931,,,op3,op2,15,linear3,,37.5
p931,,,op4,op3,2,sqrt,,55
p931,,,op5,op4,15,linear3,,37.5
p931,,,op6,op5,15,linear3,,37.5
p931,,,op7,op6,5,linear3,,45
p931,,,op8,op7,5,linear3,,45
p932,783.66,BATCH_PIPELINE,op1,,1,const,,55
p932,,,op2,op1,2,sqrt,,55
p932,,,op3,op2,80,squared,,10
p932,,,op4,op3,1,const,,55
p932,,,op5,op4,2,sqrt,,55
p932,,,op6,op5,2,sqrt,,55
p932,,,op7,op6,80,squared,,10
p933,783.66,INTERACTIVE,op1,,1,const,,55
p933,,,op2,op1,15,linear3,,37.5
p933,,,op3,op1,40,linear7,,20
p933,,,op4,op1,40,linear7,,20
p933,,,op5,op1,5,linear3,,45
p933,,,op6,op1,15,linear3,,37.5
p933,,,op7,op1,1,const,,55
p933,,,op8,op1,15,linear3,,37.5
p934,783.66,BATCH_PIPELINE,op1,,1,const,,55
p934,,,op2,op1,15,linear3,,37.5
p934,,,op3,op2,1,const,,55
p934,,,op4,op3,15,linear3,,37.5
p934,,,op5,op4,1,const,,55
p934,,,op6,op5,2,sqrt,,55
p934,,,op7,op6,40,linear7,,20
p935,783.66,BATCH_PIPELINE,op1,,1,const,,55
p935,,,op2,op1,2,sqrt,,55
p935,,,op3,op2,40,linear7,,20
p935,,,op4,op3,1,const,,55
p935,,,op5,op4,20,linear7,,30
p935,,,op6,op5,5,linear3,,45
p935,,,op7,op6,2,sqrt,,55
p935,,,op8,op7,20,linear7,,30
p935,,,op9,op8,20,linear7,,30
p935,,,op10,op9,20,linear7,,30
p936,783.66,INTERACTIVE,op1,,1,const,,55
p936,,,op2,op1,15,linear3,,37.5
p936,,,op3,op2,20,linear7,,30
p936,,,op4,op3,15,linear3,,37.5
p936,,,op5,op4,20,linear7,,30
p936,,,op6,op5,1,const,,55
p936,,,op7,op6,5,linear3,,45
p936,,,op8,op7,1,const,,55
p937,783.66,BATCH_PIPELINE,op1,,1,const,,55
p937,,,op2,op1,15,linear3,,37.5
p937,,,op3,op1,20,linear7,,30
p937,,,op4,op1,1,const,,55
p937,,,op5,op1,2,sqrt,,55
p937,,,op6,op1,15,linear3,,37.5
p937,,,op7,op1,1,const,,55
p937,,,op8,op1,2,sqrt,,55
p937,,,op9,op1,40,linear7,,20
p937,,,op10,op1,40,linear7,,20
p937,,,op11,op1,15,linear3,,37.5
p938,783.66,QUERY,op1,,15,linear3,,35
p939,783.66,INTERACTIVE,op1,,1,const,,55
p939,,,op2,op1,15,linear3,,37.5
p939,,,op3,op2,2,sqrt,,55
p939,,,op4,op3,40,linear7,,20
p939,,,op5,op4,80,squared,,10
p939,,,op6,op5,40,linear7,,20
p939,,,op7,op6,5,linear3,,45
p939,,,op8,op7,2,sqrt,,55
p939,,,op9,op8,40,linear7,,20
p940,783.66,QUERY,op1,,15,linear3,,35
p941,793.4,BATCH_PIPELINE,op1,,1,const,,55
p941,,,op2,op1,20,linear7,,30
p941,,,op3,op1,40,linear7,,20
p941,,,op4,op1,80,squared,,10
p941,,,op5,op1,20,linear7,,30
p941,,,op6,op1,1,const,,55
p941,,,op7,op1,15,linear3,,37.5
p941,,,op8,op1,80,squared,,10
p942,793.4,BATCH_PIPELINE,op1,,1,const,,55
p942,,,op2,op1,20,linear7,,30
p942,,,op3,op2,80,squared,,10
p942,,,op4,op3,2,sqrt,,55
p942,,,op5,op4,2,sqrt,,55
p942,,,op6,op5,40,linear7,,20
p942,,,op7,op6,1,const,,55
p943,793.4,INTERACTIVE,op1,,1,const,,55
p943,,,op2,op1,20,linear7,,30
p943,,,op3,op2,15,linear3,,37.5
p943,,,op4,op3,5,linear3,,45
p943,,,op5,op4,40,linear7,,20
p943,,,op6,op5,80,squared,,10
p943,,,op7,op6,20,linear7,,30
p944,793.4,QUERY,op1,,15,linear3,,35
p945,793.4,BATCH_PIPELINE,op1,,1,const,,55
p945,,,op2,op1,2,sqrt,,55
p945,,,op3,op2,5,linear3,,45
p945,,,op4,op3,80,squared,,10
p945,,,op5,op4,40,linear7,,20
p945,,,op6,op5,5,linear3,,45
p946,793.4,INTERACTIVE,op1,,1,const,,55
p946,,,op2,,1,const,,55
p946,,,op3,,20,linear7,,30
p946,,,op4,,40,linear7,,20
p946,,,op5,,1,const,,55
p946,,,op6,,2,sqrt,,55
p946,,,op7,,5,linear3,,45
p946,,,op8,,20,linear7,,30
p946,,,op9,,2,sqrt,,55
p946,,,op10,op1;op2;op3;op4;op5;op6;op7;op8;op9,2,sqrt,,55
p947,793.4,INTERACTIVE,op1,,1,const,,55
p947,,,op2,op1,1,const,,55
p947,,,op3,op1,1,const,,55
p947,,,op4,op1,20,linear7,,30
p947,,,op5,op1,15,linear3,,37.5
p947,,,op6,op1,20,linear7,,30
p947,,,op7,op1,2,sqrt,,55
p948,793.4,BATCH_PIPELINE,op1,,1,const,,55
p948,,,op2,op1,40,linear7,,20
p948,,,op3,op2,40,linear7,,20
p948,,,op4,op3,20,linear7,,30
p948,,,op5,op4,2,sqrt,,55
p948,,,op6,op5,2,sqrt,,55
p948,,,op7,op6,5,linear3,,45
p948,,,op8,op7,1,const,,55
p948,,,op9,op8,2,sqrt,,55
p948,,,op10,op9,20,linear7,,30
p949,793.4,BATCH_PIPELINE,op1,,1,const,,55
p949,,,op2,op1,15,linear3,,37.5
p949,,,op3,op2,80,squared,,10
p949,,,op4,op3,20,linear7,,30
p949,,,op5,op4,40,linear7,,20
p950,793.4,BATCH_PIPELINE,op1,,1,const,,55
p950,,,op2,,5,linear3,,45
p950,,,op3,,5,linear3,,45
p950,,,op4,,5,linear3,,45
p950,,,op5,,15,linear3,,37.5
p950,,,op6,,20,linear7,,30
p950,,,op7,,15,linear3,,37.5
p950,,,op8,,5,linear3,,45
p950,,,op9,op1;op2;op3;op4;op5;op6;op7;op8,2,sqrt,,55
p951,804.869,BATCH_PIPELINE,op1,,1,const,,55
p951,,,op2,op1,1,const,,55
p951,,,op3,op2,15,linear3,,37.5
p951,,,op4,op3,5,linear3,,45
p951,,,op5,op4,2,sqrt,,55
p952,804.869,BATCH_PIPELINE,op1,,1,const,,55
p952,,,op2,op1,80,squared,,10
p952,,,op3,op2,40,linear7,,20
p952,,,op4,op3,5,linear3,,45
p952,,,op5,op4,1,const,,55
p953,804.869,INTERACTIVE,op1,,1,const,,55
p953,,,op2,op1,2,sqrt,,55
p953,,,op3,op2,5,linear3,,45
p953,,,op4,op3,5,linear3,,45
p953,,,op5,op4,15,linear3,,37.5
p953,,,op6,op5,1,const,,55
p953,,,op7,op6,2,sqrt,,55
p954,804.869,BATCH_PIPELINE,op1,,1,const,,55
p954,,,op2,op1,15,linear3,,37.5
p954,,,op3,op2,1,const,,55
p954,,,op4,op3,15,linear3,,37.5
p954,,,op5,op4,20,linear7,,30
p954,,,op6,op5,5,linear3,,45
p954,,,op7,op6,1,const,,55
p955,804.869,BATCH_PIPELINE,op1,,1,const,,55
p955,,,op2,op1,15,linear3,,37.5
p955,,,op3,op2,20,linear7,,30
p955,,,op4,op3,80,squared,,10
p955,,,op5,op4,20,linear7,,30
p956,804.869,QUERY,op1,,15,linear3,,35
p957,804.869,BATCH_PIPELINE,op1,,1,const,,55
p957,,,op2,,1,const,,55
p957,,,op3,,1,const,,55
p957,,,op4,,15,linear3,,37.5
p957,,,op5,,15,linear3,,37.5
p957,,,op6,op1;op2;op3;op4;op5,1,const,,55
p958,804.869,BATCH_PIPELINE,op1,,1,const,,55
p958,,,op2,,5,linear3,,45
p958,,,op3,,1,const,,55
p958,,,op4,,15,linear3,,37.5
p958,,,op5,,2,sqrt,,55
p958,,,op6,op1;op2;op3;op4;op5,40,linear7,,20
p959,804.869,BATCH_PIPELINE,op1,,1,const,,55
p959,,,op2,op1,1,const,,55
p959,,,op3,op2,1,const,,55
p959,,,op4,op3,15,linear3,,37.5
p959,,,op5,op4,1,const,,55
p959,,,op6,op5,1,const,,55
p959,,,op7,op6,20,linear7,,30
p960,804.869,INTERACTIVE,op1,,1,const,,55
p960,,,op2,op1,2,sqrt,,55
p960,,,op3,op2,80,squared,,10
p960,,,op4,op3,20,linear7,,30
p960,,,op5,op4,5,linear3,,45
p961,815.166,BATCH_PIPELINE,op1,,1,const,,55
p961,,,op2,op1,15,linear3,,37.5
p961,,,op3,op2,5,linear3,,45
p961,,,op4,op3,15,linear3,,37.5
p961,,,op5,op4,15,linear3,,37.5
p961,,,op6,op5,5,linear3,,45
p962,815.166,BATCH_PIPELINE,op1,,1,const,,55
p962,,,op2,op1,15,linear3,,37.5
p962,,,op3,op1,15,linear3,,37.5
p962,,,op4,op1,1,const,,55
p962,,,op5,op1,2,sqrt,,55
p962,,,op6,op1,15,linear3,,37.5
p962,,,op7,op1,40,linear7,,20
p963,815.166,QUERY,op1,,15,linear3,,35
p964,815.166,BATCH_PIPELINE,op1,,1,const,,55
p964,,,op2,op1,2,sqrt,,55
p964,,,op3,op2,1,const,,55
p964,,,op4,op3,40,linear7,,20
p964,,,op5,op4,15,linear3,,37.5
p964,,,op6,op5,2,sqrt,,55
p964,,,op7,op6,5,linear3,,45
p964,,,op8,op7,2,sqrt,,55
p965,815.166,BATCH_PIPELINE,op1,,1,const,,55
p965,,,op2,op1,20,linear7,,30
p965,,,op3,op2,2,sqrt,,55
p965,,,op4,op3,15,linear3,,37.5
p965,,,op5,op4,15,linear3,,37.5
p965,,,op6,op5,1,const,,55
p965,,,op7,op6,15,linear3,,37.5
p966,815.166,BATCH_PIPELINE,op1,,1,const,,55
p966,,,op2,op1,15,linear3,,37.5
p966,,,op3,op2,40,linear7,,20
p966,,,op4,op3,1,const,,55
p966,,,op5,op4,5,linear3,,45
p966,,,op6,op5,20,linear7,,30
p966,,,op7,op6,15,linear3,,37.5
p966,,,op8,op7,15,linear3,,37.5
p967,815.166,INTERACTIVE,op1,,1,const,,55
p967,,,op2,op1,5,linear3,,45
p967,,,op3,op2,2,sqrt,,55
p967,,,op4,op3,5,linear3,,45
p967,,,op5,op4,20,linear7,,30
p967,,,op6,op5,15,linear3,,37.5
p967,,,op7,op6,15,linear3,,37.5
p967,,,op8,op7,5,linear3,,45
p967,,,op9,op8,5,linear3,,45
p968,815.166,BATCH_PIPELINE,op1,,1,const,,55
p968,,,op2,,1,const,,55
p968,,,op3,,20,linear7,,30
p968,,,op4,,2,sqrt,,55
p968,,,op5,,15,linear3,,37.5
p968,,,op6,,5,linear3,,45
p968,,,op7,,80,squared,,10
p968,,,op8,,5,linear3,,45
p968,,,op9,op1;op2;op3;op4;op5;op6;op7;op8,15,linear3,,37.5
p969,815.166,BATCH_PIPELINE,op1,,1,const,,55
p969,,,op2,op1,5,linear3,,45
p969,,,op3,op2,2,sqrt,,55
p969,,,op4,op3,5,linear3,,45
p969,,,op5,op4,40,linear7,,20
p969,,,op6,op5,2,sqrt,,55
p970,815.166,INTERACTIVE,op1,,1,const,,55
p970,,,op2,op1,20,linear7,,30
p970,,,op3,op2,1,const,,55
p970,,,op4,op3,20,linear7,,30
p970,,,op5,op4,2,sqrt,,55
p970,,,op6,op5,15,linear3,,37.5
p970,,,op7,op6,1,const,,55
p970,,,op8,op7,15,linear3,,37.5
p971,826.2520000000001,BATCH_PIPELINE,op1,,1,const,,55
p971,,,op2,op1,15,linear3,,37.5
p971,,,op3,op2,1,const,,55
p971,,,op4,op3,80,squared,,10
p971,,,op5,op4,20,linear7,,30
p971,,,op6,op5,20,linear7,,30
p972,826.2520000000001,INTERACTIVE,op1,,1,const,,55
p972,,,op2,,2,sqrt,,55
p972,,,op3,,20,linear7,,30
p972,,,op4,op1;op2;op3,5,linear3,,45
p973,826.2520000000001,QUERY,op1,,15,linear3,,35
p974,826.2520000000001,INTERACTIVE,op1,,1,const,,55
p974,,,op2,,80,squared,,10
p974,,,op3,,80,squared,,10
p974,,,op4,,80,squared,,10
p974,,,op5,,40,linear7,,20
p974,,,op6,,5,linear3,,45
p974,,,op7,,40,linear7,,20
p974,,,op8,,5,linear3,,45
p974,,,op9,op1;op2;op3;op4;op5;op6;op7;op8,1,const,,55
p975,826.2520000000001,BATCH_PIPELINE,op1,,1,const,,55
p975,,,op2,op1,1,const,,55
p975,,,op3,op2,2,sqrt,,55
p975,,,op4,op3,1,const,,55
p975,,,op5,op4,20,linear7,,30
p975,,,op6,op5,1,const,,55
p975,,,op7,op6,15,linear3,,37.5
p975,,,op8,op7,2,sqrt,,55
p975,,,op9,op8,1,const,,55
p975,,,op10,op9,15,linear3,,37.5
p976,826.2520000000001,INTERACTIVE,op1,,1,const,,55
p976,,,op2,,2,sqrt,,55
p976,,,op3,,1,const,,55
p976,,,op4,,1,const,,55
p976,,,op5,,80,squared,,10
p976,,,op6,,80,squared,,10
p976,,,op7,,15,linear3,,37.5
p976,,,op8,,2,sqrt,,55
p976,,,op9,op1;op2;op3;op4;op5;op6;op7;op8,5,linear3,,45
p977,826.2520000000001,BATCH_PIPELINE,op1,,1,const,,55
p977,,,op2,,5,linear3,,45
p977,,,op3,,2,sqrt,,55
p977,,,op4,,2,sqrt,,55
p977,,,op5,,15,linear3,,37.5
p977,,,op6,op1;op2;op3;op4;op5,2,sqrt,,55
p978,826.2520000000001,BATCH_PIPELINE,op1,,1,const,,55
p978,,,op2,op1,40,linear7,,20
p978,,,op3,op2,5,linear3,,45
p978,,,op4,op3,20,linear7,,30
p978,,,op5,op4,1,const,,55
p978,,,op6,op5,5,linear3,,45
p978,,,op7,op6,15,linear3,,37.5
p979,826.2520000000001,BATCH_PIPELINE,op1,,1,const,,55
p979,,,op2,op1,40,linear7,,20
p979,,,op3,op2,2,sqrt,,55
p979,,,op4,op3,5,linear3,,45
p980,826.2520000000001,BATCH_PIPELINE,op1,,1,const,,55
p980,,,op2,op1,15,linear3,,37.5
p980,,,op3,op1,40,linear7,,20
p980,,,op4,op1,5,linear3,,45
p980,,,op5,op1,2,sqrt,,55
p980,,,op6,op1,5,linear3,,45
p980,,,op7,op1,1,const,,55
p980,,,op8,op1,15,linear3,,37.5
p981,834.384,QUERY,op1,,15,linear3,,35
p982,834.384,INTERACTIVE,op1,,1,const,,55
p982,,,op2,op1,5,linear3,,45
p982,,,op3,op2,40,linear7,,20
p982,,,op4,op3,5,linear3,,45
p982,,,op5,op4,20,linear7,,30
p983,834.384,INTERACTIVE,op1,,1,const,,55
p983,,,op2,op1,1,const,,55
p983,,,op3,op2,40,linear7,,20
p983,,,op4,op3,5,linear3,,45
p983,,,op5,op4,20,linear7,,30
p983,,,op6,op5,20,linear7,,30
p983,,,op7,op6,2,sqrt,,55
p983,,,op8,op7,2,sqrt,,55
p983,,,op9,op8,20,linear7,,30
p984,834.384,BATCH_PIPELINE,op1,,1,const,,55
p984,,,op2,op1,40,linear7,,20
p984,,,op3,op2,15,linear3,,37.5
p984,,,op4,op3,15,linear3,,37.5
p984,,,op5,op4,5,linear3,,45
p984,,,op6,op5,15,linear3,,37.5
p984,,,op7,op6,40,linear7,,20
p984,,,op8,op7,5,linear3,,45
p984,,,op9,op8,20,linear7,,30
p985,834.384,QUERY,op1,,15,linear3,,35
p986,834.384,BATCH_PIPELINE,op1,,1,const,,55
p986,,,op2,op1,15,linear3,,37.5
p986,,,op3,op2,15,linear3,,37.5
p986,,,op4,op3,2,sqrt,,55
p986,,,op5,op4,5,linear3,,45
p986,,,op6,op5,15,linear3,,37.5
p986,,,op7,op6,20,linear7,,30
p986,,,op8,op7,20,linear7,,30
p986,,,op9,op8,1,const,,55
p986,,,op10,op9,20,linear7,,30
p986,,,op11,op10,5,linear3,,45
p987,834.384,BATCH_PIPELINE,op1,,1,const,,55
p987,,,op2,op1,15,linear3,,37.5
p987,,,op3,op2,20,linear7,,30
p987,,,op4,op3,20,linear7,,30
p987,,,op5,op4,40,linear7,,20
p987,,,op6,op5,20,linear7,,30
p987,,,op7,op6,1,const,,55
p987,,,op8,op7,80,squared,,10
p987,,,op9,op8,40,linear7,,20
p987,,,op10,op9,2,sqrt,,55
p988,834.384,BATCH_PIPELINE,op1,,1,const,,55
p988,,,op2,op1,15,linear3,,37.5
p988,,,op3,op2,20,linear7,,30
p988,,,op4,op3,2,sqrt,,55
p988,,,op5,op4,1,const,,55
p988,,,op6,op5,15,linear3,,37.5
p988,,,op7,op6,2,sqrt,,55
p988,,,op8,op7,15,linear3,,37.5
p988,,,op9,op8,1,const,,55
p989,834.384,BATCH_PIPELINE,op1,,1,const,,55
p989,,,op2,op1,2,sqrt,,55
p989,,,op3,op2,1,const,,55
p989,,,op4,op3,15,linear3,,37.5
p989,,,op5,op4,20,linear7,,30
p989,,,op6,op5,15,linear3,,37.5
p989,,,op7,op6,2,sqrt,,55
p989,,,op8,op7,15,linear3,,37.5
p989,,,op9,op8,80,squared,,10
p990,834.384,INTERACTIVE,op1,,1,const,,55
p990,,,op2,,80,squared,,10
p990,,,op3,,1,const,,55
p990,,,op4,op1;op2;op3,15,linear3,,37.5
p991,842.875,INTERACTIVE,op1,,1,const,,55
p991,,,op2,,15,linear3,,37.5
p991,,,op3,,40,linear7,,20
p991,,,op4,,5,linear3,,45
p991,,,op5,,5,linear3,,45
p991,,,op6,,2,sqrt,,55
p991,,,op7,,1,const,,55
p991,,,op8,op1;op2;op3;op4;op5;op6;op7,15,linear3,,37.5
p992,842.875,INTERACTIVE,op1,,1,const,,55
p992,,,op2,op1,5,linear3,,45
p992,,,op3,op2,5,linear3,,45
p992,,,op4,op3,20,linear7,,30
p992,,,op5,op4,80,squared,,10
p992,,,op6,op5,40,linear7,,20
p992,,,op7,op6,20,linear7,,30
p992,,,op8,op7,15,linear3,,37.5
p993,842.875,QUERY,op1,,15,linear3,,35
p994,842.875,QUERY,op1,,15,linear3,,35
p995,842.875,INTERACTIVE,op1,,1,const,,55
p995,,,op2,op1,5,linear3,,45
p995,,,op3,op2,1,const,,55
p995,,,op4,op3,5,linear3,,45
p995,,,op5,op4,5,linear3,,45
p996,842.875,INTERACTIVE,op1,,1,const,,55
p996,,,op2,op1,2,sqrt,,55
p996,,,op3,op2,20,linear7,,30
p996,,,op4,op3,1,const,,55
p996,,,op5,op4,1,const,,55
p996,,,op6,op5,15,linear3,,37.5
p996,,,op7,op6,15,linear3,,37.5
p997,842.875,BATCH_PIPELINE,op1,,1,const,,55
p997,,,op2,op1,5,linear3,,45
p997,,,op3,op2,5,linear3,,45
p997,,,op4,op3,80,squared,,10
p997,,,op5,op4,5,linear3,,45
p997,,,op6,op5,5,linear3,,45
p998,842.875,BATCH_PIPELINE,op1,,1,const,,55
p998,,,op2,op1,20,linear7,,30
p998,,,op3,op2,20,linear7,,30
p998,,,op4,op3,15,linear3,,37.5
p998,,,op5,op4,15,linear3,,37.5
p998,,,op6,op5,15,linear3,,37.5
p998,,,op7,op6,2,sqrt,,55
p999,842.875,INTERACTIVE,op1,,1,const,,55
p999,,,op2,op1,15,linear3,,37.5
p999,,,op3,op2,20,linear7,,30
p999,,,op4,op3,2,sqrt,,55
p999,,,op5,op4,5,linear3,,45
p999,,,op6,op5,20,linear7,,30
p999,,,op7,op6,40,linear7,,20
p999,,,op8,op7,2,sqrt,,55
p999,,,op9,op8,5,linear3,,45
p999,,,op10,op9,80,squared,,10
p999,,,op11,op10,15,linear3,,37.5
p999,,,op12,op11,80,squared,,10
p1000,842.875,INTERACTIVE,op1,,1,const,,55
p1000,,,op2,op1,20,linear7,,30
p1000,,,op3,op2,40,linear7,,20
p1000,,,op4,op3,1,const,,55
p1000,,,op5,op4,5,linear3,,45
p1000,,,op6,op5,20,linear7,,30
p1000,,,op7,op6,5,linear3,,45
p1000,,,op8,op7,5,linear3,,45
p1001,854.147,BATCH_PIPELINE,op1,,1,const,,55
p1001,,,op2,op1,1,const,,55
p1001,,,op3,op2,2,sqrt,,55
p1001,,,op4,op3,15,linear3,,37.5
p1001,,,op5,op4,15,linear3,,37.5
p1001,,,op6,op5,2,sqrt,,55
p1001,,,op7,op6,2,sqrt,,55
p1002,854.147,BATCH_PIPELINE,op1,,1,const,,55
p1002,,,op2,op1,1,const,,55
p1002,,,op3,op1,1,const,,55
p1002,,,op4,op1,15,linear3,,37.5
p1002,,,op5,op1,1,const,,55
p1002,,,op6,op1,15,linear3,,37.5
p1002,,,op7,op1,80,squared,,10
p1002,,,op8,op1,80,squared,,10
p1003,854.147,BATCH_PIPELINE,op1,,1,const,,55
p1003,,,op2,op1,1,const,,55
p1003,,,op3,op2,5,linear3,,45
p1003,,,op4,op3,40,linear7,,20
p1003,,,op5,op4,20,linear7,,30
p1003,,,op6,op5,2,sqrt,,55
p1003,,,op7,op6,20,linear7,,30
p1003,,,op8,op7,1,const,,55
p1004,854.147,BATCH_PIPELINE,op1,,1,const,,55
p1004,,,op2,op1,5,linear3,,45
p1004,,,op3,op2,5,linear3,,45
p1004,,,op4,op3,5,linear3,,45
p1004,,,op5,op4,15,linear3,,37.5
p1004,,,op6,op5,20,linear7,,30
p1005,854.147,BATCH_PIPELINE,op1,,1,const,,55
p1005,,,op2,op1,20,linear7,,30
p1005,,,op3,op2,2,sqrt,,55
p1005,,,op4,op3,5,linear3,,45
p1005,,,op5,op4,40,linear7,,20
p1005,,,op6,op5,1,const,,55
p1005,,,op7,op6,80,squared,,10
p1006,854.147,BATCH_PIPELINE,op1,,1,const,,55
p1006,,,op2,op1,80,squared,,10
p1006,,,op3,op2,2,sqrt,,55
p1006,,,op4,op3,2,sqrt,,55
p1006,,,op5,op4,5,linear3,,45
p1006,,,op6,op5,15,linear3,,37.5
p1006,,,op7,op6,5,linear3,,45
p1007,854.147,BATCH_PIPELINE,op1,,1,const,,55
p1008,854.147,BATCH_PIPELINE,op1,,1,const,,55
p1008,,,op2,op1,5,linear3,,45
p1008,,,op3,op1,20,linear7,,30
p1008,,,op4,op1,1,const,,55
p1008,,,op5,op1,20,linear7,,30
p1008,,,op6,op1,2,sqrt,,55
p1008,,,op7,op1,1,const,,55
p1008,,,op8,op1,5,linear3,,45
p1008,,,op9,op1,40,linear7,,20
p1008,,,op10,op1,15,linear3,,37.5
p1009,854.147,BATCH_PIPELINE,op1,,1,const,,55
p1009,,,op2,op1,2,sqrt,,55
p1009,,,op3,op2,15,linear3,,37.5
p1009,,,op4,op3,15,linear3,,37.5
p1009,,,op5,op4,20,linear7,,30
p1009,,,op6,op5,15,linear3,,37.5
p1010,854.147,BATCH_PIPELINE,op1,,1,const,,55
p1010,,,op2,op1,2,sqrt,,55
p1010,,,op3,op2,1,const,,55
p1010,,,op4,op3,15,linear3,,37.5
p1010,,,op5,op4,5,linear3,,45
p1010,,,op6,op5,5,linear3,,45
p1010,,,op7,op6,20,linear7,,30
p1010,,,op8,op7,5,linear3,,45
p1010,,,op9,op8,5,linear3,,45
p1011,862.922,BATCH_PIPELINE,op1,,1,const,,55
p1011,,,op2,op1,1,const,,55
p1011,,,op3,op2,15,linear3,,37.5
p1011,,,op4,op3,1,const,,55
p1011,,,op5,op4,1,const,,55
p1011,,,op6,op5,20,linear7,,30
p1011,,,op7,op6,20,linear7,,30
p1011,,,op8,op7,5,linear3,,45
p1012,862.922,BATCH_PIPELINE,op1,,1,const,,55
p1012,,,op2,op1,20,linear7,,30
p1012,,,op3,op2,1,const,,55
p1012,,,op4,op3,5,linear3,,45
p1012,,,op5,op4,20,linear7,,30
p1012,,,op6,op5,5,linear3,,45
p1012,,,op7,op6,15,linear3,,37.5
p1012,,,op8,op7,20,linear7,,30
p1013,862.922,INTERACTIVE,op1,,1,const,,55
p1013,,,op2,,40,linear7,,20
p1013,,,op3,,5,linear3,,45
p1013,,,op4,,5,linear3,,45
p1013,,,op5,op1;op2;op3;op4,1,const,,55
p1014,862.922,QUERY,op1,,15,linear3,,35
p1015,862.922,BATCH_PIPELINE,op1,,1,const,,55
p1015,,,op2,op1,20,linear7,,30
p1015,,,op3,op2,40,linear7,,20
p1015,,,op4,op3,5,linear3,,45
p1015,,,op5,op4,80,squared,,10
p1015,,,op6,op5,15,linear3,,37.5
p1015,,,op7,op6,1,const,,55
p1015,,,op8,op7,2,sqrt,,55
p1016,862.922,INTERACTIVE,op1,,1,const,,55
p1016,,,op2,op1,5,linear3,,45
p1016,,,op3,op2,5,linear3,,45
p1016,,,op4,op3,5,linear3,,45
p1016,,,op5,op4,20,linear7,,30
p1016,,,op6,op5,20,linear7,,30
p1016,,,op7,op6,40,linear7,,20
p1016,,,op8,op7,5,linear3,,45
p1016,,,op9,op8,40,linear7,,20
p1017,862.922,BATCH_PIPELINE,op1,,1,const,,55
p1017,,,op2,op1,15,linear3,,37.5
p1017,,,op3,op2,40,linear7,,20
p1017,,,op4,op3,2,sqrt,,55
p1017,,,op5,op4,5,linear3,,45
p1018,862.922,INTERACTIVE,op1,,1,const,,55
p1018,,,op2,op1,2,sqrt,,55
p1018,,,op3,op2,1,const,,55
p1018,,,op4,op3,2,sqrt,,55
p1018,,,op5,op4,40,linear7,,20
p1018,,,op6,op5,15,linear3,,37.5
p1018,,,op7,op6,2,sqrt,,55
p1018,,,op8,op7,40,linear7,,20
p1018,,,op9,op8,2,sqrt,,55
p1019,862.922,BATCH_PIPELINE,op1,,1,const,,55
p1019,,,op2,op1,1,const,,55
p1019,,,op3,op2,80,squared,,10
p1019,,,op4,op3,15,linear3,,37.5
p1019,,,op5,op4,5,linear3,,45
p1019,,,op6,op5,20,linear7,,30
p1019,,,op7,op6,20,linear7,,30
p1019,,,op8,op7,40,linear7,,20
p1019,,,op9,op8,2,sqrt,,55
p1019,,,op10,op9,15,linear3,,37.5
p1020,862.922,BATCH_PIPELINE,op1,,1,const,,55
p1020,,,op2,op1,20,linear7,,30
p1020,,,op3,op2,15,linear3,,37.5
p1020,,,op4,op3,5,linear3,,45
p1020,,,op5,op4,5,linear3,,45
p1020,,,op6,op5,2,sqrt,,55
p1020,,,op7,op6,20,linear7,,30
p1020,,,op8,op7,40,linear7,,20
p1020,,,op9,op8,2,sqrt,,55
p1021,873.168,INTERACTIVE,op1,,1,const,,55
p1021,,,op2,op1,1,const,,55
p1021,,,op3,op2,2,sqrt,,55
p1021,,,op4,op3,1,const,,55
p1021,,,op5,op4,40,linear7,,20
p1021,,,op6,op5,15,linear3,,37.5
p1021,,,op7,op6,5,linear3,,45
p1021,,,op8,op7,1,const,,55
p1022,873.168,INTERACTIVE,op1,,1,const,,55
p1022,,,op2,,2,sqrt,,55
p1022,,,op3,,20,linear7,,30
p1022,,,op4,,5,linear3,,45
p1022,,,op5,,15,linear3,,37.5
p1022,,,op6,,40,linear7,,20
p1022,,,op7,op1;op2;op3;op4;op5;op6,5,linear3,,45
p1023,873.168,BATCH_PIPELINE,op1,,1,const,,55
p1023,,,op2,op1,40,linear7,,20
p1023,,,op3,op2,2,sqrt,,55
p1023,,,op4,op3,40,linear7,,20
p1023,,,op5,op4,15,linear3,,37.5
p1023,,,op6,op5,15,linear3,,37.5
p1023,,,op7,op6,15,linear3,,37.5
p1023,,,op8,op7,2,sqrt,,55
p1023,,,op9,op8,5,linear3,,45
p1023,,,op10,op9,5,linear3,,45
p1024,873.168,BATCH_PIPELINE,op1,,1,const,,55
p1024,,,op2,,1,const,,55
p1024,,,op3,,1,const,,55
p1024,,,op4,,20,linear7,,30
p1024,,,op5,,1,const,,55
p1024,,,op6,,15,linear3,,37.5
p1024,,,op7,op1;op2;op3;op4;op5;op6,15,linear3,,37.5
p1025,873.168,BATCH_PIPELINE,op1,,1,const,,55
p1025,,,op2,op1,1,const,,55
p1025,,,op3,op2,5,linear3,,45
p1025,,,op4,op3,15,linear3,,37.5
p1025,,,op5,op4,80,squared,,10
p1025,,,op6,op5,80,squared,,10
p1025,,,op7,op6,1,const,,55
p1025,,,op8,op7,5,linear3,,45
p1026,873.168,BATCH_PIPELINE,op1,,1,const,,55
p1026,,,op2,op1,15,linear3,,37.5
p1026,,,op3,op2,15,linear3,,37.5
p1026,,,op4,op3,40,linear7,,20
p1026,,,op5,op4,40,linear7,,20
p1026,,,op6,op5,40,linear7,,20
p1026,,,op7,op6,15,linear3,,37.5
p1026,,,op8,op7,5,linear3,,45
p1026,,,op9,op8,20,linear7,,30
p1026,,,op10,op9,20,linear7,,30
p1026,,,op11,op10,5,linear3,,45
p1027,873.168,INTERACTIVE,op1,,1,const,,55
p1027,,,op2,,2,sqrt,,55
p1027,,,op3,,5,linear3,,45
p1027,,,op4,,15,linear3,,37.5
p1027,,,op5,,15,linear3,,37.5
p1027,,,op6,,2,sqrt,,55
p1027,,,op7,,80,squared,,10
p1027,,,op8,,15,linear3,,37.5
p1027,,,op9,,20,linear7,,30
p1027,,,op10,op1;op2;op3;op4;op5;op6;op7;op8;op9,80,squared,,10
p1028,873.168,BATCH_PIPELINE,op1,,1,const,,55
p1028,,,op2,,5,linear3,,45
p1028,,,op3,,1,const,,55
p1028,,,op4,,20,linear7,,30
p1028,,,op5,,15,linear3,,37.5
p1028,,,op6,,5,linear3,,45
p1028,,,op7,op1;op2;op3;op4;op5;op6,5,linear3,,45
p1029,873.168,BATCH_PIPELINE,op1,,1,const,,55
p1029,,,op2,op1,20,linear7,,30
p1029,,,op3,op1,1,const,,55
p1029,,,op4,op1,20,linear7,,30
p1029,,,op5,op1,1,const,,55
p1030,873.168,INTERACTIVE,op1,,1,const,,55
p1030,,,op2,op1,1,const,,55
p1030,,,op3,op2,1,const,,55
p1030,,,op4,op3,15,linear3,,37.5
p1030,,,op5,op4,5,linear3,,45
p1031,878.783,INTERACTIVE,op1,,1,const,,55
p1031,,,op2,op1,2,sqrt,,55
p1031,,,op3,op2,20,linear7,,30
p1031,,,op4,op3,40,linear7,,20
p1032,878.783,BATCH_PIPELINE,op1,,1,const,,55
p1032,,,op2,op1,15,linear3,,37.5
p1032,,,op3,op1,40,linear7,,20
p1032,,,op4,op1,40,linear7,,20
p1032,,,op5,op1,15,linear3,,37.5
p1032,,,op6,op1,1,const,,55
p1032,,,op7,op1,2,sqrt,,55
p1033,878.783,INTERACTIVE,op1,,1,const,,55
p1033,,,op2,op1,20,linear7,,30
p1033,,,op3,op2,5,linear3,,45
p1033,,,op4,op3,1,const,,55
p1033,,,op5,op4,80,squared,,10
p1034,878.783,INTERACTIVE,op1,,1,const,,55
p1034,,,op2,op1,80,squared,,10
p1034,,,op3,op2,5,linear3,,45
p1034,,,op4,op3,40,linear7,,20
p1034,,,op5,op4,20,linear7,,30
p1034,,,op6,op5,2,sqrt,,55
p1034,,,op7,op6,2,sqrt,,55
p1035,878.783,BATCH_PIPELINE,op1,,1,const,,55
p1035,,,op2,op1,20,linear7,,30
p1035,,,op3,op2,5,linear3,,45
p1035,,,op4,op3,1,const,,55
p1035,,,op5,op4,15,linear3,,37.5
p1035,,,op6,op5,1,const,,55
p1035,,,op7,op6,5,linear3,,45
p1035,,,op8,op7,2,sqrt,,55
p1035,,,op9,op8,5,linear3,,45
p1035,,,op10,op9,5,linear3,,45
p1036,878.783,INTERACTIVE,op1,,1,const,,55
p1036,,,op2,op1,80,squared,,10
p1036,,,op3,op2,5,linear3,,45
p1036,,,op4,op3,2,sqrt,,55
p1036,,,op5,op4,80,squared,,10
p1036,,,op6,op5,2,sqrt,,55
p1036,,,op7,op6,5,linear3,,45
p1036,,,op8,op7,20,linear7,,30
p1036,,,op9,op8,1,const,,55
p1036,,,op10,op9,20,linear7,,30
p1036,,,op11,op10,20,linear7,,30
p1037,878.783,INTERACTIVE,op1,,1,const,,55
p1037,,,op2,,5,linear3,,45
p1037,,,op3,,2,sqrt,,55
p1037,,,op4,,80,squared,,10
p1037,,,op5,,1,const,,55
p1037,,,op6,,1,const,,55
p1037,,,op7,,20,linear7,,30
p1037,,,op8,,80,squared,,10
p1037,,,op9,op1;op2;op3;op4;op5;op6;op7;op8,15,linear3,,37.5
p1038,878.783,BATCH_PIPELINE,op1,,1,const,,55
p1038,,,op2,op1,1,const,,55
p1038,,,op3,op1,20,linear7,,30
p1038,,,op4,op1,1,const,,55
p1039,878.783,INTERACTIVE,op1,,1,const,,55
p1039,,,op2,op1,5,linear3,,45
p1039,,,op3,op1,20,linear7,,30
p1039,,,op4,op1,20,linear7,,30
p1039,,,op5,op1,5,linear3,,45
p1039,,,op6,op1,1,const,,55
p1039,,,op7,op1,20,linear7,,30
p1039,,,op8,op1,20,linear7,,30
p1039,,,op9,op1,20,linear7,,30
p1040,878.783,QUERY,op1,,15,linear3,,35
p1041,885.154,BATCH_PIPELINE,op1,,1,const,,55
p1041,,,op2,op1,5,linear3,,45
p1041,,,op3,op2,2,sqrt,,55
p1041,,,op4,op3,20,linear7,,30
p1041,,,op5,op4,1,const,,55
p1041,,,op6,op5,2,sqrt,,55
p1041,,,op7,op6,5,linear3,,45
p1042,885.154,BATCH_PIPELINE,op1,,1,const,,55
p1042,,,op2,op1,40,linear7,,20
p1042,,,op3,op2,40,linear7,,20
p1042,,,op4,op3,1,const,,55
p1042,,,op5,op4,1,const,,55
p1042,,,op6,op5,5,linear3,,45
p1042,,,op7,op6,40,linear7,,20
p1042,,,op8,op7,80,squared,,10
p1042,,,op9,op8,2,sqrt,,55
p1042,,,op10,op9,80,squared,,10
p1043,885.154,INTERACTIVE,op1,,1,const,,55
p1043,,,op2,op1,40,linear7,,20
p1043,,,op3,op2,40,linear7,,20
p1043,,,op4,op3,20,linear7,,30
p1043,,,op5,op4,1,const,,55
p1043,,,op6,op5,20,linear7,,30
p1043,,,op7,op6,20,linear7,,30
p1044,885.154,BATCH_PIPELINE,op1,,1,const,,55
p1044,,,op2,op1,5,linear3,,45
p1044,,,op3,op2,1,const,,55
p1045,885.154,QUERY,op1,,15,linear3,,35
p1046,885.154,INTERACTIVE,op1,,1,const,,55
p1046,,,op2,op1,80,squared,,10
p1046,,,op3,op1,40,linear7,,20
p1046,,,op4,op1,5,linear3,,45
p1046,,,op5,op1,5,linear3,,45
p1046,,,op6,op1,15,linear3,,37.5
p1046,,,op7,op1,1,const,,55
p1047,885.154,BATCH_PIPELINE,op1,,1,const,,55
p1047,,,op2,,1,const,,55
p1047,,,op3,,1,const,,55
p1047,,,op4,,80,squared,,10
p1047,,,op5,op1;op2;op3;op4,15,linear3,,37.5
p1048,885.154,BATCH_PIPELINE,op1,,1,const,,55
p1048,,,op2,op1,15,linear3,,37.5
p1048,,,op3,op2,15,linear3,,37.5
p1049,885.154,BATCH_PIPELINE,op1,,1,const,,55
p1049,,,op2,op1,40,linear7,,20
p1049,,,op3,op2,2,sqrt,,55
p1049,,,op4,op3,1,const,,55
p1049,,,op5,op4,2,sqrt,,55
p1049,,,op6,op5,1,const,,55
p1049,,,op7,op6,20,linear7,,30
p1049,,,op8,op7,1,const,,55
p1050,885.154,QUERY,op1,,15,linear3,,35
p1051,897.363,BATCH_PIPELINE,op1,,1,const,,55
p1051,,,op2,op1,1,const,,55
p1051,,,op3,op2,40,linear7,,20
p1051,,,op4,op3,15,linear3,,37.5
p1051,,,op5,op4,15,linear3,,37.5
p1051,,,op6,op5,1,const,,55
p1051,,,op7,op6,15,linear3,,37.5
p1051,,,op8,op7,1,const,,55
p1051,,,op9,op8,40,linear7,,20
p1052,897.363,BATCH_PIPELINE,op1,,1,const,,55
p1052,,,op2,op1,1,const,,55
p1052,,,op3,op2,1,const,,55
p1052,,,op4,op3,80,squared,,10
p1052,,,op5,op4,1,const,,55
p1052,,,op6,op5,5,linear3,,45
p1052,,,op7,op6,20,linear7,,30
p1052,,,op8,op7,40,linear7,,20
p1053,897.363,BATCH_PIPELINE,op1,,1,const,,55
p1053,,,op2,op1,2,sqrt,,55
p1053,,,op3,op2,2,sqrt,,55
p1053,,,op4,op3,15,linear3,,37.5
p1053,,,op5,op4,15,linear3,,37.5
p1053,,,op6,op5,80,squared,,10
p1053,,,op7,op6,15,linear3,,37.5
p1054,897.363,INTERACTIVE,op1,,1,const,,55
p1054,,,op2,,2,sqrt,,55
p1054,,,op3,,15,linear3,,37.5
p1054,,,op4,,20,linear7,,30
p1054,,,op5,op1;op2;op3;op4,15,linear3,,37.5
p1055,897.363,INTERACTIVE,op1,,1,const,,55
p1055,,,op2,op1,20,linear7,,30
p1055,,,op3,op2,80,squared,,10
p1055,,,op4,op3,1,const,,55
p1055,,,op5,op4,40,linear7,,20
p1055,,,op6,op5,2,sqrt,,55
p1055,,,op7,op6,2,sqrt,,55
p1055,,,op8,op7,20,linear7,,30
p1055,,,op9,op8,40,linear7,,20
p1055,,,op10,op9,1,const,,55
p1056,897.363,BATCH_PIPELINE,op1,,1,const,,55
p1056,,,op2,op1,20,linear7,,30
p1056,,,op3,op2,80,squared,,10
p1056,,,op4,op3,15,linear3,,37.5
p1056,,,op5,op4,2,sqrt,,55
p1056,,,op6,op5,1,const,,55
p1056,,,op7,op6,5,linear3,,45
p1056,,,op8,op7,2,sqrt,,55
p1057,897.363,BATCH_PIPELINE,op1,,1,const,,55
p1057,,,op2,op1,80,squared,,10
p1057,,,op3,op1,2,sqrt,,55
p1057,,,op4,op1,5,linear3,,45
p1057,,,op5,op1,20,linear7,,30
p1057,,,op6,op1,20,linear7,,30
p1057,,,op7,op1,40,linear7,,20
p1057,,,op8,op1,15,linear3,,37.5
p1058,897.363,BATCH_PIPELINE,op1,,1,const,,55
p1058,,,op2,op1,20,linear7,,30
p1058,,,op3,op2,80,squared,,10
p1058,,,op4,op3,1,const,,55
p1058,,,op5,op4,2,sqrt,,55
p1058,,,op6,op5,20,linear7,,30
p1059,897.363,BATCH_PIPELINE,op1,,1,const,,55
p1059,,,op2,op1,2,sqrt,,55
p1059,,,op3,op1,5,linear3,,45
p1059,,,op4,op1,1,const,,55
p1059,,,op5,op1,2,sqrt,,55
p1059,,,op6,op1,5,linear3,,45
p1059,,,op7,op1,2,sqrt,,55
p1059,,,op8,op1,2,sqrt,,55
p1060,897.363,INTERACTIVE,op1,,1,const,,55
p1060,,,op2,op1,5,linear3,,45
p1060,,,op3,op2,15,linear3,,37.5
p1060,,,op4,op3,2,sqrt,,55
p1060,,,op5,op4,2,sqrt,,55
p1060,,,op6,op5,1,const,,55
p1060,,,op7,op6,1,const,,55
p1061,903.648,QUERY,op1,,15,linear3,,35
p1062,903.648,BATCH_PIPELINE,op1,,1,const,,55
p1062,,,op2,op1,1,const,,55
p1062,,,op3,op1,5,linear3,,45
p1062,,,op4,op1,40,linear7,,20
p1063,903.648,BATCH_PIPELINE,op1,,1,const,,55
p1063,,,op2,op1,15,linear3,,37.5
p1063,,,op3,op2,2,sqrt,,55
p1063,,,op4,op3,15,linear3,,37.5
p1063,,,op5,op4,2,sqrt,,55
p1063,,,op6,op5,15,linear3,,37.5
p1063,,,op7,op6,20,linear7,,30
p1064,903.648,BATCH_PIPELINE,op1,,1,const,,55
p1064,,,op2,op1,20,linear7,,30
p1064,,,op3,op2,20,linear7,,30
p1064,,,op4,op3,15,linear3,,37.5
p1064,,,op5,op4,5,linear3,,45
p1064,,,op6,op5,20,linear7,,30
p1064,,,op7,op6,2,sqrt,,55
p1064,,,op8,op7,1,const,,55
p1065,903.648,BATCH_PIPELINE,op1,,1,const,,55
p1065,,,op2,op1,2,sqrt,,55
p1065,,,op3,op2,15,linear3,,37.5
p1065,,,op4,op3,1,const,,55
p1065,,,op5,op4,2,sqrt,,55
p1065,,,op6,op5,15,linear3,,37.5
p1065,,,op7,op6,1,const,,55
p1065,,,op8,op7,15,linear3,,37.5
p1066,903.648,QUERY,op1,,15,linear3,,35
p1067,903.648,QUERY,op1,,15,linear3,,35
p1068,903.648,BATCH_PIPELINE,op1,,1,const,,55
p1068,,,op2,op1,2,sqrt,,55
p1068,,,op3,op2,5,linear3,,45
p1068,,,op4,op3,20,linear7,,30
p1068,,,op5,op4,1,const,,55
p1068,,,op6,op5,5,linear3,,45
p1068,,,op7,op6,5,linear3,,45
p1068,,,op8,op7,5,linear3,,45
p1068,,,op9,op8,1,const,,55
p1069,903.648,BATCH_PIPELINE,op1,,1,const,,55
p1069,,,op2,op1,1,const,,55
p1069,,,op3,op2,15,linear3,,37.5
p1069,,,op4,op3,40,linear7,,20
p1069,,,op5,op4,20,linear7,,30
p1069,,,op6,op5,5,linear3,,45
p1069,,,op7,op6,2,sqrt,,55
p1069,,,op8,op7,15,linear3,,37.5
p1069,,,op9,op8,15,linear3,,37.5
p1070,903.648,BATCH_PIPELINE,op1,,1,const,,55
p1070,,,op2,,15,linear3,,37.5
p1070,,,op3,,15,linear3,,37.5
p1070,,,op4,,15,linear3,,37.5
p1070,,,op5,,15,linear3,,37.5
p1070,,,op6,,80,squared,,10
p1070,,,op7,op1;op2;op3;op4;op5;op6,2,sqrt,,55
p1071,915.532,BATCH_PIPELINE,op1,,1,const,,55
p1071,,,op2,op1,5,linear3,,45
p1071,,,op3,op1,80,squared,,10
p1071,,,op4,op1,15,linear3,,37.5
p1071,,,op5,op1,2,sqrt,,55
p1071,,,op6,op1,5,linear3,,45
p1071,,,op7,op1,40,linear7,,20
p1071,,,op8,op1,20,linear7,,30
p1071,,,op9,op1,1,const,,55
p1071,,,op10,op1,5,linear3,,45
p1072,915.532,BATCH_PIPELINE,op1,,1,const,,55
p1072,,,op2,op1,15,linear3,,37.5
p1072,,,op3,op2,5,linear3,,45
p1072,,,op4,op3,40,linear7,,20
p1072,,,op5,op4,5,linear3,,45
p1072,,,op6,op5,40,linear7,,20
p1073,915.532,BATCH_PIPELINE,op1,,1,const,,55
p1073,,,op2,op1,80,squared,,10
p1073,,,op3,op2,2,sqrt,,55
p1073,,,op4,op3,2,sqrt,,55
p1073,,,op5,op4,20,linear7,,30
p1073,,,op6,op5,2,sqrt,,55
p1073,,,op7,op6,5,linear3,,45
p1074,915.532,BATCH_PIPELINE,op1,,1,const,,55
p1074,,,op2,op1,1,const,,55
p1074,,,op3,op2,15,linear3,,37.5
p1074,,,op4,op3,1,const,,55
p1074,,,op5,op4,5,linear3,,45
p1074,,,op6,op5,1,const,,55
p1075,915.532,INTERACTIVE,op1,,1,const,,55
p1075,,,op2,op1,1,const,,55
p1075,,,op3,op1,1,const,,55
p1075,,,op4,op1,15,linear3,,37.5
p1075,,,op5,op1,2,sqrt,,55
p1075,,,op6,op1,5,linear3,,45
p1075,,,op7,op1,80,squared,,10
p1075,,,op8,op1,5,linear3,,45
p1075,,,op9,op1,5,linear3,,45
p1075,,,op10,op1,2,sqrt,,55
p1075,,,op11,op1,40,linear7,,20
p1075,,,op12,op1,1,const,,55
p1076,915.532,BATCH_PIPELINE,op1,,1,const,,55
p1076,,,op2,op1,20,linear7,,30
p1076,,,op3,op2,40,linear7,,20
p1076,,,op4,op3,1,const,,55
p1076,,,op5,op4,80,squared,,10
p1076,,,op6,op5,1,const,,55
p1076,,,op7,op6,40,linear7,,20
p1077,915.532,BATCH_PIPELINE,op1,,1,const,,55
p1077,,,op2,op1,5,linear3,,45
p1077,,,op3,op2,15,linear3,,37.5
p1077,,,op4,op3,2,sqrt,,55
p1077,,,op5,op4,5,linear3,,45
p1077,,,op6,op5,2,sqrt,,55
p1078,915.532,BATCH_PIPELINE,op1,,1,const,,55
p1078,,,op2,,5,linear3,,45
p1078,,,op3,,15,linear3,,37.5
p1078,,,op4,,15,linear3,,37.5
p1078,,,op5,,80,squared,,10
p1078,,,op6,op1;op2;op3;op4;op5,1,const,,55
p1079,915.532,BATCH_PIPELINE,op1,,1,const,,55
p1079,,,op2,,20,linear7,,30
p1079,,,op3,,5,linear3,,45
p1079,,,op4,,15,linear3,,37.5
p1079,,,op5,,2,sqrt,,55
p1079,,,op6,,20,linear7,,30
p1079,,,op7,,1,const,,55
p1079,,,op8,op1;op2;op3;op4;op5;op6;op7,20,linear7,,30
p1080,915.532,BATCH_PIPELINE,op1,,1,const,,55
p1080,,,op2,op1,5,linear3,,45
p1080,,,op3,op2,40,linear7,,20
p1080,,,op4,op3,80,squared,,10
p1080,,,op5,op4,40,linear7,,20
p1080,,,op6,op5,2,sqrt,,55
p1080,,,op7,op6,20,linear7,,30
p1081,926.047,BATCH_PIPELINE,op1,,1,const,,55
p1081,,,op2,op1,20,linear7,,30
p1081,,,op3,op2,1,const,,55
p1081,,,op4,op3,2,sqrt,,55
p1081,,,op5,op4,20,linear7,,30
p1082,926.047,BATCH_PIPELINE,op1,,1,const,,55
p1082,,,op2,,80,squared,,10
p1082,,,op3,,1,const,,55
p1082,,,op4,,1,const,,55
p1082,,,op5,,5,linear3,,45
p1082,,,op6,,1,const,,55
p1082,,,op7,,5,linear3,,45
p1082,,,op8,,5,linear3,,45
p1082,,,op9,,5,linear3,,45
p1082,,,op10,op1;op2;op3;op4;op5;op6;op7;op8;op9,2,sqrt,,55
p1083,926.047,BATCH_PIPELINE,op1,,1,const,,55
p1083,,,op2,op1,5,linear3,,45
p1083,,,op3,op1,2,sqrt,,55
p1083,,,op4,op1,1,const,,55
p1083,,,op5,op1,5,linear3,,45
p1083,,,op6,op1,1,const,,55
p1083,,,op7,op1,1,const,,55
p1084,926.047,BATCH_PIPELINE,op1,,1,const,,55
p1084,,,op2,op1,15,linear3,,37.5
p1084,,,op3,op2,5,linear3,,45
p1084,,,op4,op3,1,const,,55
p1085,926.047,BATCH_PIPELINE,op1,,1,const,,55
p1085,,,op2,op1,15,linear3,,37.5
p1085,,,op3,op2,1,const,,55
p1085,,,op4,op3,1,const,,55
p1085,,,op5,op4,1,const,,55
p1085,,,op6,op5,15,linear3,,37.5
p1085,,,op7,op6,5,linear3,,45
p1086,926.047,BATCH_PIPELINE,op1,,1,const,,55
p1086,,,op2,op1,5,linear3,,45
p1086,,,op3,op1,2,sqrt,,55
p1086,,,op4,op1,15,linear3,,37.5
p1086,,,op5,op1,5,linear3,,45
p1086,,,op6,op1,2,sqrt,,55
p1087,926.047,BATCH_PIPELINE,op1,,1,const,,55
p1087,,,op2,op1,5,linear3,,45
p1087,,,op3,op2,1,const,,55
p1087,,,op4,op3,15,linear3,,37.5
p1087,,,op5,op4,2,sqrt,,55
p1087,,,op6,op5,1,const,,55
p1087,,,op7,op6,5,linear3,,45
p1088,926.047,BATCH_PIPELINE,op1,,1,const,,55
p1088,,,op2,op1,2,sqrt,,55
p1088,,,op3,op1,20,linear7,,30
p1088,,,op4,op1,1,const,,55
p1088,,,op5,op1,20,linear7,,30
p1088,,,op6,op1,1,const,,55
p1088,,,op7,op1,1,const,,55
p1088,,,op8,op1,2,sqrt,,55
p1089,926.047,BATCH_PIPELINE,op1,,1,const,,55
p1089,,,op2,op1,15,linear3,,37.5
p1089,,,op3,op2,1,const,,55
p1089,,,op4,op3,15,linear3,,37.5
p1089,,,op5,op4,2,sqrt,,55
p1089,,,op6,op5,2,sqrt,,55
p1089,,,op7,op6,15,linear3,,37.5
p1089,,,op8,op7,5,linear3,,45
p1089,,,op9,op8,20,linear7,,30
p1089,,,op10,op9,1,const,,55
p1089,,,op11,op10,15,linear3,,37.5
p1090,926.047,INTERACTIVE,op1,,1,const,,55
p1090,,,op2,op1,1,const,,55
p1090,,,op3,op2,15,linear3,,37.5
p1090,,,op4,op3,5,linear3,,45
p1090,,,op5,op4,2,sqrt,,55
p1090,,,op6,op5,5,linear3,,45
p1090,,,op7,op6,5,linear3,,45
p1091,933.32,BATCH_PIPELINE,op1,,1,const,,55
p1091,,,op2,op1,80,squared,,10
p1091,,,op3,op2,15,linear3,,37.5
p1091,,,op4,op3,5,linear3,,45
p1091,,,op5,op4,15,linear3,,37.5
p1091,,,op6,op5,1,const,,55
p1091,,,op7,op6,5,linear3,,45
p1092,933.32,BATCH_PIPELINE,op1,,1,const,,55
p1092,,,op2,op1,2,sqrt,,55
p1092,,,op3,op2,5,linear3,,45
p1092,,,op4,op3,2,sqrt,,55
p1092,,,op5,op4,80,squared,,10
p1093,933.32,QUERY,op1,,15,linear3,,35
p1094,933.32,BATCH_PIPELINE,op1,,1,const,,55
p1094,,,op2,op1,40,linear7,,20
p1094,,,op3,op2,2,sqrt,,55
p1094,,,op4,op3,40,linear7,,20
p1095,933.32,INTERACTIVE,op1,,1,const,,55
p1095,,,op2,,15,linear3,,37.5
p1095,,,op3,,20,linear7,,30
p1095,,,op4,,15,linear3,,37.5
p1095,,,op5,,2,sqrt,,55
p1095,,,op6,,5,linear3,,45
p1095,,,op7,op1;op2;op3;op4;op5;op6,80,squared,,10
p1096,933.32,BATCH_PIPELINE,op1,,1,const,,55
p1096,,,op2,op1,20,linear7,,30
p1096,,,op3,op2,15,linear3,,37.5
p1096,,,op4,op3,15,linear3,,37.5
p1096,,,op5,op4,20,linear7,,30
p1097,933.32,BATCH_PIPELINE,op1,,1,const,,55
p1097,,,op2,op1,15,linear3,,37.5
p1097,,,op3,op2,5,linear3,,45
p1097,,,op4,op3,5,linear3,,45
p1097,,,op5,op4,80,squared,,10
p1097,,,op6,op5,1,const,,55
p1097,,,op7,op6,20,linear7,,30
p1097,,,op8,op7,2,sqrt,,55
p1098,933.32,BATCH_PIPELINE,op1,,1,const,,55
p1098,,,op2,op1,2,sqrt,,55
p1098,,,op3,op2,5,linear3,,45
p1098,,,op4,op3,2,sqrt,,55
p1098,,,op5,op4,20,linear7,,30
p1098,,,op6,op5,2,sqrt,,55
p1098,,,op7,op6,20,linear7,,30
p1098,,,op8,op7,1,const,,55
p1098,,,op9,op8,1,const,,55
p1098,,,op10,op9,5,linear3,,45
p1098,,,op11,op10,1,const,,55
p1098,,,op12,op11,80,squared,,10
p1098,,,op13,op12,1,const,,55
p1099,933.32,BATCH_PIPELINE,op1,,1,const,,55
p1099,,,op2,,1,const,,55
p1099,,,op3,,80,squared,,10
p1099,,,op4,,1,const,,55
p1099,,,op5,,5,linear3,,45
p1099,,,op6,,5,linear3,,45
p1099,,,op7,,20,linear7,,30
p1099,,,op8,op1;op2;op3;op4;op5;op6;op7,15,linear3,,37.5
p1100,933.32,BATCH_PIPELINE,op1,,1,const,,55
p1100,,,op2,op1,20,linear7,,30
p1100,,,op3,op1,1,const,,55
p1100,,,op4,op1,80,squared,,10
p1100,,,op5,op1,2,sqrt,,55
p1100,,,op6,op1,5,linear3,,45
p1100,,,op7,op1,1,const,,55
p1101,939.4,BATCH_PIPELINE,op1,,1,const,,55
p1101,,,op2,op1,2,sqrt,,55
p1101,,,op3,op2,20,linear7,,30
p1101,,,op4,op3,2,sqrt,,55
p1101,,,op5,op4,2,sqrt,,55
p1101,,,op6,op5,5,linear3,,45
p1102,939.4,INTERACTIVE,op1,,1,const,,55
p1102,,,op2,op1,1,const,,55
p1102,,,op3,op2,1,const,,55
p1102,,,op4,op3,1,const,,55
p1102,,,op5,op4,40,linear7,,20
p1102,,,op6,op5,20,linear7,,30
p1102,,,op7,op6,2,sqrt,,55
p1102,,,op8,op7,2,sqrt,,55
p1103,939.4,BATCH_PIPELINE,op1,,1,const,,55
p1103,,,op2,op1,5,linear3,,45
p1103,,,op3,op2,80,squared,,10
p1103,,,op4,op3,40,linear7,,20
p1103,,,op5,op4,40,linear7,,20
p1103,,,op6,op5,20,linear7,,30
p1104,939.4,BATCH_PIPELINE,op1,,1,const,,55
p1104,,,op2,op1,80,squared,,10
p1104,,,op3,op2,15,linear3,,37.5
p1104,,,op4,op3,15,linear3,,37.5
p1104,,,op5,op4,15,linear3,,37.5
p1104,,,op6,op5,80,squared,,10
p1104,,,op7,op6,1,const,,55
p1104,,,op8,op7,80,squared,,10
p1104,,,op9,op8,5,linear3,,45
p1105,939.4,BATCH_PIPELINE,op1,,1,const,,55
p1105,,,op2,,20,linear7,,30
p1105,,,op3,,1,const,,55
p1105,,,op4,,15,linear3,,37.5
p1105,,,op5,,40,linear7,,20
p1105,,,op6,op1;op2;op3;op4;op5,2,sqrt,,55
p1106,939.4,INTERACTIVE,op1,,1,const,,55
p1106,,,op2,op1,80,squared,,10
p1106,,,op3,op2,20,linear7,,30
p1106,,,op4,op3,5,linear3,,45
p1106,,,op5,op4,2,sqrt,,55
p1107,939.4,INTERACTIVE,op1,,1,const,,55
p1107,,,op2,op1,20,linear7,,30
p1107,,,op3,op1,2,sqrt,,55
p1107,,,op4,op1,2,sqrt,,55
p1107,,,op5,op1,15,linear3,,37.5
p1107,,,op6,op1,1,const,,55
p1107,,,op7,op1,20,linear7,,30
p1107,,,op8,op1,5,linear3,,45
p1108,939.4,BATCH_PIPELINE,op1,,1,const,,55
p1108,,,op2,op1,20,linear7,,30
p1108,,,op3,op2,5,linear3,,45
p1108,,,op4,op3,80,squared,,10
p1108,,,op5,op4,40,linear7,,20
p1108,,,op6,op5,1,const,,55
p1108,,,op7,op6,1,const,,55
p1108,,,op8,op7,2,sqrt,,55
p1109,939.4,BATCH_PIPELINE,op1,,1,const,,55
p1109,,,op2,op1,20,linear7,,30
p1109,,,op3,op2,5,linear3,,45
p1109,,,op4,op3,5,linear3,,45
p1109,,,op5,op4,5,linear3,,45
p1109,,,op6,op5,40,linear7,,20
p1109,,,op7,op6,15,linear3,,37.5
p1109,,,op8,op7,1,const,,55
p1109,,,op9,op8,80,squared,,10
p1109,,,op10,op9,5,linear3,,45
p1109,,,op11,op10,5,linear3,,45
p1110,939.4,BATCH_PIPELINE,op1,,1,const,,55
p1110,,,op2,op1,15,linear3,,37.5
p1110,,,op3,op2,5,linear3,,45
p1110,,,op4,op3,2,sqrt,,55
p1110,,,op5,op4,5,linear3,,45
p1110,,,op6,op5,15,linear3,,37.5
p1110,,,op7,op6,20,linear7,,30
p1110,,,op8,op7,5,linear3,,45
p1110,,,op9,op8,20,linear7,,30
p1111,948.2230000000001,BATCH_PIPELINE,op1,,1,const,,55
p1111,,,op2,op1,15,linear3,,37.5
p1111,,,op3,op2,1,const,,55
p1111,,,op4,op3,1,const,,55
p1111,,,op5,op4,1,const,,55
p1111,,,op6,op5,5,linear3,,45
p1111,,,op7,op6,80,squared,,10
p1111,,,op8,op7,5,linear3,,45
p1112,948.2230000000001,QUERY,op1,,15,linear3,,35
p1113,948.2230000000001,BATCH_PIPELINE,op1,,1,const,,55
p1113,,,op2,op1,2,sqrt,,55
p1113,,,op3,op2,15,linear3,,37.5
p1113,,,op4,op3,2,sqrt,,55
p1113,,,op5,op4,2,sqrt,,55
p1113,,,op6,op5,20,linear7,,30
p1113,,,op7,op6,40,linear7,,20
p1113,,,op8,op7,1,const,,55
p1114,948.2230000000001,BATCH_PIPELINE,op1,,1,const,,55
p1114,,,op2,,40,linear7,,20
p1114,,,op3,,80,squared,,10
p1114,,,op4,,5,linear3,,45
p1114,,,op5,,5,linear3,,45
p1114,,,op6,,20,linear7,,30
p1114,,,op7,op1;op2;op3;op4;op5;op6,2,sqrt,,55
p1115,948.2230000000001,BATCH_PIPELINE,op1,,1,const,,55
p1115,,,op2,op1,15,linear3,,37.5
p1115,,,op3,op2,5,linear3,,45
p1115,,,op4,op3,40,linear7,,20
p1115,,,op5,op4,15,linear3,,37.5
p1115,,,op6,op5,1,const,,55
p1115,,,op7,op6,5,linear3,,45
p1116,948.2230000000001,INTERACTIVE,op1,,1,const,,55
p1116,,,op2,op1,5,linear3,,45
p1116,,,op3,op2,20,linear7,,30
p1116,,,op4,op3,1,const,,55
p1116,,,op5,op4,5,linear3,,45
p1117,948.2230000000001,INTERACTIVE,op1,,1,const,,55
p1117,,,op2,op1,20,linear7,,30
p1117,,,op3,op2,80,squared,,10
p1117,,,op4,op3,5,linear3,,45
p1117,,,op5,op4,40,linear7,,20
p1117,,,op6,op5,1,const,,55
p1117,,,op7,op6,1,const,,55
p1117,,,op8,op7,20,linear7,,30
p1117,,,op9,op8,1,const,,55
p1118,948.2230000000001,BATCH_PIPELINE,op1,,1,const,,55
p1118,,,op2,op1,5,linear3,,45
p1118,,,op3,op2,15,linear3,,37.5
p1118,,,op4,op3,20,linear7,,30
p1118,,,op5,op4,2,sqrt,,55
p1118,,,op6,op5,2,sqrt,,55
p1118,,,op7,op6,15,linear3,,37.5
p1118,,,op8,op7,5,linear3,,45
p1119,948.2230000000001,INTERACTIVE,op1,,1,const,,55
p1119,,,op2,,5,linear3,,45
p1119,,,op3,,5,linear3,,45
p1119,,,op4,,1,const,,55
p1119,,,op5,,5,linear3,,45
p1119,,,op6,,20,linear7,,30
p1119,,,op7,op1;op2;op3;op4;op5;op6,20,linear7,,30
p1120,948.2230000000001,BATCH_PIPELINE,op1,,1,const,,55
p1120,,,op2,op1,20,linear7,,30
p1120,,,op3,op2,20,linear7,,30
p1120,,,op4,op3,40,linear7,,20
p1120,,,op5,op4,20,linear7,,30
p1120,,,op6,op5,80,squared,,10
p1120,,,op7,op6,5,linear3,,45
p1120,,,op8,op7,1,const,,55
p1120,,,op9,op8,20,linear7,,30
p1120,,,op10,op9,20,linear7,,30
p1120,,,op11,op10,80,squared,,10
p1121,960.106,INTERACTIVE,op1,,1,const,,55
p1121,,,op2,op1,1,const,,55
p1121,,,op3,op2,15,linear3,,37.5
p1121,,,op4,op3,2,sqrt,,55
p1121,,,op5,op4,15,linear3,,37.5
p1121,,,op6,op5,15,linear3,,37.5
p1121,,,op7,op6,15,linear3,,37.5
p1121,,,op8,op7,5,linear3,,45
p1121,,,op9,op8,20,linear7,,30
p1122,960.106,INTERACTIVE,op1,,1,const,,55
p1122,,,op2,op1,80,squared,,10
p1122,,,op3,op2,20,linear7,,30
p1122,,,op4,op3,80,squared,,10
p1122,,,op5,op4,15,linear3,,37.5
p1122,,,op6,op5,15,linear3,,37.5
p1122,,,op7,op6,20,linear7,,30
p1122,,,op8,op7,5,linear3,,45
p1123,960.106,QUERY,op1,,15,linear3,,35
p1124,960.106,BATCH_PIPELINE,op1,,1,const,,55
p1124,,,op2,op1,15,linear3,,37.5
p1124,,,op3,op2,5,linear3,,45
p1124,,,op4,op3,2,sqrt,,55
p1124,,,op5,op4,20,linear7,,30
p1125,960.106,BATCH_PIPELINE,op1,,1,const,,55
p1125,,,op2,op1,20,linear7,,30
p1125,,,op3,op2,1,const,,55
p1125,,,op4,op3,20,linear7,,30
p1125,,,op5,op4,80,squared,,10
p1126,960.106,INTERACTIVE,op1,,1,const,,55
p1126,,,op2,op1,80,squared,,10
p1126,,,op3,op2,1,const,,55
p1126,,,op4,op3,5,linear3,,45
p1126,,,op5,op4,20,linear7,,30
p1126,,,op6,op5,5,linear3,,45
p1126,,,op7,op6,40,linear7,,20
p1126,,,op8,op7,5,linear3,,45
p1126,,,op9,op8,15,linear3,,37.5
p1127,960.106,BATCH_PIPELINE,op1,,1,const,,55
p1127,,,op2,,15,linear3,,37.5
p1127,,,op3,,2,sqrt,,55
p1127,,,op4,,20,linear7,,30
p1127,,,op5,,20,linear7,,30
p1127,,,op6,op1;op2;op3;op4;op5,40,linear7,,20
p1128,960.106,INTERACTIVE,op1,,1,const,,55
p1128,,,op2,op1,80,squared,,10
p1128,,,op3,op2,40,linear7,,20
p1128,,,op4,op3,2,sqrt,,55
p1129,960.106,BATCH_PIPELINE,op1,,1,const,,55
p1129,,,op2,op1,40,linear7,,20
p1129,,,op3,op1,5,linear3,,45
p1129,,,op4,op1,5,linear3,,45
p1129,,,op5,op1,15,linear3,,37.5
p1129,,,op6,op1,40,linear7,,20
p1129,,,op7,op1,2,sqrt,,55
p1129,,,op8,op1,1,const,,55
p1129,,,op9,op1,15,linear3,,37.5
p1130,960.106,INTERACTIVE,op1,,1,const,,55
p1130,,,op2,op1,20,linear7,,30
p1130,,,op3,op2,40,linear7,,20
p1130,,,op4,op3,20,linear7,,30
p1130,,,op5,op4,80,squared,,10
p1130,,,op6,op5,2,sqrt,,55
p1130,,,op7,op6,15,linear3,,37.5
p1131,968.121,BATCH_PIPELINE,op1,,1,const,,55
p1131,,,op2,op1,2,sqrt,,55
p1131,,,op3,op2,40,linear7,,20
p1131,,,op4,op3,20,linear7,,30
p1131,,,op5,op4,5,linear3,,45
p1131,,,op6,op5,20,linear7,,30
p1131,,,op7,op6,15,linear3,,37.5
p1132,968.121,INTERACTIVE,op1,,1,const,,55
p1132,,,op2,,5,linear3,,45
p1132,,,op3,,1,const,,55
p1132,,,op4,,20,linear7,,30
p1132,,,op5,,1,const,,55
p1132,,,op6,,5,linear3,,45
p1132,,,op7,op1;op2;op3;op4;op5;op6,20,linear7,,30
p1133,968.121,BATCH_PIPELINE,op1,,1,const,,55
p1133,,,op2,op1,15,linear3,,37.5
p1133,,,op3,op2,15,linear3,,37.5
p1133,,,op4,op3,40,linear7,,20
p1134,968.121,BATCH_PIPELINE,op1,,1,const,,55
p1134,,,op2,op1,2,sqrt,,55
p1134,,,op3,op2,1,const,,55
p1135,968.121,INTERACTIVE,op1,,1,const,,55
p1135,,,op2,op1,80,squared,,10
p1135,,,op3,op2,2,sqrt,,55
p1135,,,op4,op3,15,linear3,,37.5
p1135,,,op5,op4,1,const,,55
p1135,,,op6,op5,15,linear3,,37.5
p1135,,,op7,op6,5,linear3,,45
p1135,,,op8,op7,1,const,,55
p1135,,,op9,op8,80,squared,,10
p1135,,,op10,op9,5,linear3,,45
p1136,968.121,BATCH_PIPELINE,op1,,1,const,,55
p1136,,,op2,op1,40,linear7,,20
p1136,,,op3,op2,1,const,,55
p1136,,,op4,op3,15,linear3,,37.5
p1136,,,op5,op4,1,const,,55
p1136,,,op6,op5,20,linear7,,30
p1136,,,op7,op6,1,const,,55
p1136,,,op8,op7,2,sqrt,,55
p1136,,,op9,op8,5,linear3,,45
p1137,968.121,INTERACTIVE,op1,,1,const,,55
p1137,,,op2,op1,20,linear7,,30
p1137,,,op3,op1,20,linear7,,30
p1137,,,op4,op1,1,const,,55
p1137,,,op5,op1,80,squared,,10
p1137,,,op6,op1,2,sqrt,,55
p1137,,,op7,op1,80,squared,,10
p1138,968.121,INTERACTIVE,op1,,1,const,,55
p1138,,,op2,op1,1,const,,55
p1138,,,op3,op2,5,linear3,,45
p1138,,,op4,op3,40,linear7,,20
p1138,,,op5,op4,20,linear7,,30
p1138,,,op6,op5,1,const,,55
p1138,,,op7,op6,5,linear3,,45
p1138,,,op8,op7,1,const,,55
p1138,,,op9,op8,15,linear3,,37.5
p1139,968.121,BATCH_PIPELINE,op1,,1,const,,55
p1139,,,op2,op1,5,linear3,,45
p1139,,,op3,op2,20,linear7,,30
p1139,,,op4,op3,5,linear3,,45
p1139,,,op5,op4,15,linear3,,37.5
p1139,,,op6,op5,1,const,,55
p1139,,,op7,op6,20,linear7,,30
p1139,,,op8,op7,1,const,,55
p1139,,,op9,op8,1,const,,55
p1139,,,op10,op9,5,linear3,,45
p1140,968.121,QUERY,op1,,15,linear3,,35
p1141,977.734,BATCH_PIPELINE,op1,,1,const,,55
p1141,,,op2,op1,15,linear3,,37.5
p1141,,,op3,op2,15,linear3,,37.5
p1141,,,op4,op3,40,linear7,,20
p1141,,,op5,op4,20,linear7,,30
p1141,,,op6,op5,15,linear3,,37.5
p1141,,,op7,op6,20,linear7,,30
p1141,,,op8,op7,1,const,,55
p1141,,,op9,op8,1,const,,55
p1141,,,op10,op9,5,linear3,,45
p1141,,,op11,op10,5,linear3,,45
p1142,977.734,INTERACTIVE,op1,,1,const,,55
p1142,,,op2,op1,1,const,,55
p1142,,,op3,op2,5,linear3,,45
p1142,,,op4,op3,1,const,,55
p1142,,,op5,op4,15,linear3,,37.5
p1142,,,op6,op5,1,const,,55
p1142,,,op7,op6,15,linear3,,37.5
p1142,,,op8,op7,1,const,,55
p1143,977.734,BATCH_PIPELINE,op1,,1,const,,55
p1143,,,op2,op1,1,const,,55
p1143,,,op3,op2,2,sqrt,,55
p1143,,,op4,op3,1,const,,55
p1143,,,op5,op4,1,const,,55
p1143,,,op6,op5,15,linear3,,37.5
p1143,,,op7,op6,20,linear7,,30
p1143,,,op8,op7,15,linear3,,37.5
p1143,,,op9,op8,20,linear7,,30
p1144,977.734,QUERY,op1,,15,linear3,,35
p1145,977.734,QUERY,op1,,15,linear3,,35
p1146,977.734,BATCH_PIPELINE,op1,,1,const,,55
p1146,,,op2,,2,sqrt,,55
p1146,,,op3,,15,linear3,,37.5
p1146,,,op4,,5,linear3,,45
p1146,,,op5,,80,squared,,10
p1146,,,op6,,1,const,,55
p1146,,,op7,op1;op2;op3;op4;op5;op6,5,linear3,,45
p1147,977.734,BATCH_PIPELINE,op1,,1,const,,55
p1147,,,op2,op1,20,linear7,,30
p1147,,,op3,op2,5,linear3,,45
p1147,,,op4,op3,5,linear3,,45
p1147,,,op5,op4,5,linear3,,45
p1147,,,op6,op5,1,const,,55
p1147,,,op7,op6,2,sqrt,,55
p1148,977.734,BATCH_PIPELINE,op1,,1,const,,55
p1148,,,op2,op1,5,linear3,,45
p1148,,,op3,op2,5,linear3,,45
p1148,,,op4,op3,1,const,,55
p1148,,,op5,op4,20,linear7,,30
p1148,,,op6,op5,2,sqrt,,55
p1148,,,op7,op6,20,linear7,,30
p1148,,,op8,op7,40,linear7,,20
p1149,977.734,BATCH_PIPELINE,op1,,1,const,,55
p1149,,,op2,op1,15,linear3,,37.5
p1149,,,op3,op2,5,linear3,,45
p1149,,,op4,op3,2,sqrt,,55
p1149,,,op5,op4,20,linear7,,30
p1150,977.734,BATCH_PIPELINE,op1,,1,const,,55
p1150,,,op2,op1,15,linear3,,37.5
p1150,,,op3,op2,2,sqrt,,55
p1150,,,op4,op3,15,linear3,,37.5
p1150,,,op5,op4,15,linear3,,37.5
p1150,,,op6,op5,1,const,,55
p1150,,,op7,op6,15,linear3,,37.5
p1151,987.892,BATCH_PIPELINE,op1,,1,const,,55
p1151,,,op2,op1,40,linear7,,20
p1151,,,op3,op2,15,linear3,,37.5
p1151,,,op4,op3,1,const,,55
p1151,,,op5,op4,2,sqrt,,55
p1151,,,op6,op5,15,linear3,,37.5
p1151,,,op7,op6,20,linear7,,30
p1151,,,op8,op7,5,linear3,,45
p1152,987.892,BATCH_PIPELINE,op1,,1,const,,55
p1152,,,op2,op1,1,const,,55
p1152,,,op3,op2,2,sqrt,,55
p1152,,,op4,op3,80,squared,,10
p1153,987.892,BATCH_PIPELINE,op1,,1,const,,55
p1153,,,op2,op1,5,linear3,,45
p1153,,,op3,op2,15,linear3,,37.5
p1153,,,op4,op3,1,const,,55
p1153,,,op5,op4,2,sqrt,,55
p1153,,,op6,op5,40,linear7,,20
p1153,,,op7,op6,1,const,,55
p1153,,,op8,op7,2,sqrt,,55
p1154,987.892,INTERACTIVE,op1,,1,const,,55
p1154,,,op2,op1,15,linear3,,37.5
p1154,,,op3,op2,20,linear7,,30
p1154,,,op4,op3,80,squared,,10
p1154,,,op5,op4,5,linear3,,45
p1154,,,op6,op5,5,linear3,,45
p1154,,,op7,op6,80,squared,,10
p1154,,,op8,op7,2,sqrt,,55
p1155,987.892,BATCH_PIPELINE,op1,,1,const,,55
p1155,,,op2,op1,15,linear3,,37.5
p1155,,,op3,op2,5,linear3,,45
p1155,,,op4,op3,1,const,,55
p1155,,,op5,op4,5,linear3,,45
p1155,,,op6,op5,40,linear7,,20
p1155,,,op7,op6,1,const,,55
p1155,,,op8,op7,5,linear3,,45
p1156,987.892,BATCH_PIPELINE,op1,,1,const,,55
p1156,,,op2,op1,15,linear3,,37.5
p1156,,,op3,op2,15,linear3,,37.5
p1156,,,op4,op3,2,sqrt,,55
p1156,,,op5,op4,1,const,,55
p1156,,,op6,op5,15,linear3,,37.5
p1157,987.892,QUERY,op1,,15,linear3,,35
p1158,987.892,INTERACTIVE,op1,,1,const,,55
p1158,,,op2,op1,2,sqrt,,55
p1158,,,op3,op2,20,linear7,,30
p1158,,,op4,op3,20,linear7,,30
p1158,,,op5,op4,20,linear7,,30
p1158,,,op6,op5,5,linear3,,45
p1158,,,op7,op6,40,linear7,,20
p1158,,,op8,op7,15,linear3,,37.5
p1158,,,op9,op8,15,linear3,,37.5
p1158,,,op10,op9,1,const,,55
p1158,,,op11,op10,20,linear7,,30
p1159,987.892,BATCH_PIPELINE,op1,,1,const,,55
p1159,,,op2,op1,15,linear3,,37.5
p1159,,,op3,op1,5,linear3,,45
p1159,,,op4,op1,20,linear7,,30
p1159,,,op5,op1,5,linear3,,45
p1159,,,op6,op1,1,const,,55
p1159,,,op7,op1,20,linear7,,30
p1159,,,op8,op1,2,sqrt,,55
p1160,987.892,QUERY,op1,,15,linear3,,35
p1161,994.592,INTERACTIVE,op1,,1,const,,55
p1161,,,op2,op1,5,linear3,,45
p1161,,,op3,op1,40,linear7,,20
p1161,,,op4,op1,5,linear3,,45
p1161,,,op5,op1,5,linear3,,45
p1161,,,op6,op1,40,linear7,,20
p1161,,,op7,op1,20,linear7,,30
p1162,994.592,INTERACTIVE,op1,,1,const,,55
p1162,,,op2,op1,20,linear7,,30
p1163,994.592,INTERACTIVE,op1,,1,const,,55
p1163,,,op2,op1,15,linear3,,37.5
p1163,,,op3,op2,5,linear3,,45
p1163,,,op4,op3,20,linear7,,30
p1163,,,op5,op4,40,linear7,,20
p1163,,,op6,op5,5,linear3,,45
p1164,994.592,BATCH_PIPELINE,op1,,1,const,,55
p1164,,,op2,,5,linear3,,45
p1164,,,op3,,40,linear7,,20
p1164,,,op4,,40,linear7,,20
p1164,,,op5,,40,linear7,,20
p1164,,,op6,,5,linear3,,45
p1164,,,op7,,1,const,,55
p1164,,,op8,,5,linear3,,45
p1164,,,op9,op1;op2;op3;op4;op5;op6;op7;op8,2,sqrt,,55
p1165,994.592,QUERY,op1,,15,linear3,,35
p1166,994.592,BATCH_PIPELINE,op1,,1,const,,55
p1166,,,op2,op1,1,const,,55
p1166,,,op3,op2,40,linear7,,20
p1166,,,op4,op3,2,sqrt,,55
p1166,,,op5,op4,15,linear3,,37.5
p1166,,,op6,op5,20,linear7,,30
p1166,,,op7,op6,20,linear7,,30
p1167,994.592,BATCH_PIPELINE,op1,,1,const,,55
p1167,,,op2,op1,40,linear7,,20
p1167,,,op3,op2,15,linear3,,37.5
p1167,,,op4,op3,1,const,,55
p1167,,,op5,op4,2,sqrt,,55
p1167,,,op6,op5,20,linear7,,30
p1167,,,op7,op6,2,sqrt,,55
p1167,,,op8,op7,80,squared,,10
p1168,994.592,BATCH_PIPELINE,op1,,1,const,,55
p1168,,,op2,op1,5,linear3,,45
p1168,,,op3,op2,15,linear3,,37.5
p1168,,,op4,op3,20,linear7,,30
p1168,,,op5,op4,1,const,,55
p1168,,,op6,op5,5,linear3,,45
p1168,,,op7,op6,20,linear7,,30
p1168,,,op8,op7,15,linear3,,37.5
p1169,994.592,INTERACTIVE,op1,,1,const,,55
p1169,,,op2,op1,20,linear7,,30
p1169,,,op3,op2,20,linear7,,30
p1169,,,op4,op3,5,linear3,,45
p1170,994.592,QUERY,op1,,15,linear3,,35
p1171,1005.269,BATCH_PIPELINE,op1,,1,const,,55
p1171,,,op2,op1,20,linear7,,30
p1171,,,op3,op1,1,const,,55
p1171,,,op4,op1,5,linear3,,45
p1171,,,op5,op1,5,linear3,,45
p1171,,,op6,op1,15,linear3,,37.5
p1172,1005.269,INTERACTIVE,op1,,1,const,,55
p1172,,,op2,,2,sqrt,,55
p1172,,,op3,,5,linear3,,45
p1172,,,op4,,1,const,,55
p1172,,,op5,,2,sqrt,,55
p1172,,,op6,op1;op2;op3;op4;op5,20,linear7,,30
p1173,1005.269,BATCH_PIPELINE,op1,,1,const,,55
p1173,,,op2,,80,squared,,10
p1173,,,op3,,2,sqrt,,55
p1173,,,op4,,1,const,,55
p1173,,,op5,,1,const,,55
p1173,,,op6,,2,sqrt,,55
p1173,,,op7,,2,sqrt,,55
p1173,,,op8,,15,linear3,,37.5
p1173,,,op9,op1;op2;op3;op4;op5;op6;op7;op8,40,linear7,,20
p1174,1005.269,BATCH_PIPELINE,op1,,1,const,,55
p1174,,,op2,op1,5,linear3,,45
p1174,,,op3,op1,1,const,,55
p1174,,,op4,op1,40,linear7,,20
p1174,,,op5,op1,1,const,,55
p1174,,,op6,op1,2,sqrt,,55
p1174,,,op7,op1,20,linear7,,30
p1174,,,op8,op1,5,linear3,,45
p1174,,,op9,op1,5,linear3,,45
p1175,1005.269,BATCH_PIPELINE,op1,,1,const,,55
p1175,,,op2,op1,15,linear3,,37.5
p1175,,,op3,op2,2,sqrt,,55
p1175,,,op4,op3,1,const,,55
p1175,,,op5,op4,2,sqrt,,55
p1175,,,op6,op5,15,linear3,,37.5
p1175,,,op7,op6,15,linear3,,37.5
p1176,1005.269,BATCH_PIPELINE,op1,,1,const,,55
p1176,,,op2,op1,1,const,,55
p1176,,,op3,op2,2,sqrt,,55
p1177,1005.269,BATCH_PIPELINE,op1,,1,const,,55
p1177,,,op2,op1,15,linear3,,37.5
p1177,,,op3,op2,80,squared,,10
p1177,,,op4,op3,20,linear7,,30
p1177,,,op5,op4,15,linear3,,37.5
p1177,,,op6,op5,15,linear3,,37.5
p1178,1005.269,BATCH_PIPELINE,op1,,1,const,,55
p1178,,,op2,op1,80,squared,,10
p1178,,,op3,op1,80,squared,,10
p1178,,,op4,op1,15,linear3,,37.5
p1178,,,op5,op1,15,linear3,,37.5
p1179,1005.269,BATCH_PIPELINE,op1,,1,const,,55
p1179,,,op2,,15,linear3,,37.5
p1179,,,op3,,2,sqrt,,55
p1179,,,op4,,1,const,,55
p1179,,,op5,,40,linear7,,20
p1179,,,op6,,5,linear3,,45
p1179,,,op7,op1;op2;op3;op4;op5;op6,1,const,,55
p1180,1005.269,INTERACTIVE,op1,,1,const,,55
p1180,,,op2,op1,15,linear3,,37.5
p1180,,,op3,op1,2,sqrt,,55
p1180,,,op4,op1,20,linear7,,30
p1180,,,op5,op1,15,linear3,,37.5
p1181,1016.66,BATCH_PIPELINE,op1,,1,const,,55
p1181,,,op2,op1,2,sqrt,,55
p1181,,,op3,op1,1,const,,55
p1181,,,op4,op1,5,linear3,,45
p1181,,,op5,op1,1,const,,55
p1181,,,op6,op1,15,linear3,,37.5
p1181,,,op7,op1,1,const,,55
p1181,,,op8,op1,15,linear3,,37.5
p1181,,,op9,op1,1,const,,55
p1181,,,op10,op1,5,linear3,,45
p1181,,,op11,op1,20,linear7,,30
p1181,,,op12,op1,80,squared,,10
p1181,,,op13,op1,1,const,,55
p1181,,,op14,op1,5,linear3,,45
p1182,1016.66,BATCH_PIPELINE,op1,,1,const,,55
p1182,,,op2,,20,linear7,,30
p1182,,,op3,,5,linear3,,45
p1182,,,op4,,80,squared,,10
p1182,,,op5,,15,linear3,,37.5
p1182,,,op6,op1;op2;op3;op4;op5,1,const,,55
p1183,1016.66,BATCH_PIPELINE,op1,,1,const,,55
p1183,,,op2,op1,2,sqrt,,55
p1183,,,op3,op2,20,linear7,,30
p1183,,,op4,op3,1,const,,55
p1183,,,op5,op4,1,const,,55
p1183,,,op6,op5,2,sqrt,,55
p1183,,,op7,op6,20,linear7,,30
p1183,,,op8,op7,40,linear7,,20
p1183,,,op9,op8,40,linear7,,20
p1183,,,op10,op9,20,linear7,,30
p1184,1016.66,QUERY,op1,,15,linear3,,35
p1185,1016.66,INTERACTIVE,op1,,1,const,,55
p1185,,,op2,,15,linear3,,37.5
p1185,,,op3,,1,const,,55
p1185,,,op4,,5,linear3,,45
p1185,,,op5,op1;op2;op3;op4,15,linear3,,37.5
p1186,1016.66,QUERY,op1,,15,linear3,,35
p1187,1016.66,BATCH_PIPELINE,op1,,1,const,,55
p1187,,,op2,op1,5,linear3,,45
p1187,,,op3,op2,15,linear3,,37.5
p1187,,,op4,op3,2,sqrt,,55
p1187,,,op5,op4,5,linear3,,45
p1187,,,op6,op5,80,squared,,10
p1187,,,op7,op6,15,linear3,,37.5
p1187,,,op8,op7,15,linear3,,37.5
p1187,,,op9,op8,2,sqrt,,55
p1188,1016.66,BATCH_PIPELINE,op1,,1,const,,55
p1188,,,op2,op1,15,linear3,,37.5
p1188,,,op3,op2,40,linear7,,20
p1188,,,op4,op3,40,linear7,,20
p1188,,,op5,op4,15,linear3,,37.5
p1188,,,op6,op5,5,linear3,,45
p1188,,,op7,op6,20,linear7,,30
p1188,,,op8,op7,2,sqrt,,55
p1188,,,op9,op8,2,sqrt,,55
p1189,1016.66,BATCH_PIPELINE,op1,,1,const,,55
p1189,,,op2,op1,2,sqrt,,55
p1189,,,op3,op2,5,linear3,,45
p1189,,,op4,op3,5,linear3,,45
p1190,1016.66,BATCH_PIPELINE,op1,,1,const,,55
p1190,,,op2,op1,5,linear3,,45
p1190,,,op3,op2,5,linear3,,45
p1190,,,op4,op3,2,sqrt,,55
p1190,,,op5,op4,40,linear7,,20
p1190,,,op6,op5,1,const,,55
p1190,,,op7,op6,5,linear3,,45
p1191,1024.605,INTERACTIVE,op1,,1,const,,55
p1191,,,op2,op1,5,linear3,,45
p1191,,,op3,op2,40,linear7,,20
p1191,,,op4,op3,15,linear3,,37.5
p1191,,,op5,op4,1,const,,55
p1192,1024.605,BATCH_PIPELINE,op1,,1,const,,55
p1192,,,op2,op1,5,linear3,,45
p1192,,,op3,op2,5,linear3,,45
p1192,,,op4,op3,5,linear3,,45
p1192,,,op5,op4,80,squared,,10
p1192,,,op6,op5,5,linear3,,45
p1192,,,op7,op6,15,linear3,,37.5
p1192,,,op8,op7,2,sqrt,,55
p1192,,,op9,op8,20,linear7,,30
p1193,1024.605,BATCH_PIPELINE,op1,,1,const,,55
p1193,,,op2,op1,2,sqrt,,55
p1193,,,op3,op2,1,const,,55
p1193,,,op4,op3,40,linear7,,20
p1193,,,op5,op4,2,sqrt,,55
p1193,,,op6,op5,1,const,,55
p1194,1024.605,QUERY,op1,,15,linear3,,35
p1195,1024.605,QUERY,op1,,15,linear3,,35
p1196,1024.605,INTERACTIVE,op1,,1,const,,55
p1196,,,op2,op1,5,linear3,,45
p1196,,,op3,op1,1,const,,55
p1196,,,op4,op1,1,const,,55
p1196,,,op5,op1,5,linear3,,45
p1196,,,op6,op1,15,linear3,,37.5
p1196,,,op7,op1,15,linear3,,37.5
p1196,,,op8,op1,5,linear3,,45
p1196,,,op9,op1,15,linear3,,37.5
p1196,,,op10,op1,1,const,,55
p1196,,,op11,op1,15,linear3,,37.5
p1197,1024.605,QUERY,op1,,15,linear3,,35
p1198,1024.605,BATCH_PIPELINE,op1,,1,const,,55
p1198,,,op2,op1,5,linear3,,45
p1198,,,op3,op1,5,linear3,,45
p1198,,,op4,op1,15,linear3,,37.5
p1198,,,op5,op1,15,linear3,,37.5
p1198,,,op6,op1,1,const,,55
p1198,,,op7,op1,1,const,,55
p1198,,,op8,op1,15,linear3,,37.5
p1199,1024.605,BATCH_PIPELINE,op1,,1,const,,55
p1199,,,op2,op1,40,linear7,,20
p1199,,,op3,op2,15,linear3,,37.5
p1199,,,op4,op3,2,sqrt,,55
p1199,,,op5,op4,15,linear3,,37.5
p1199,,,op6,op5,40,linear7,,20
p1199,,,op7,op6,20,linear7,,30
p1199,,,op8,op7,20,linear7,,30
p1200,1024.605,BATCH_PIPELINE,op1,,1,const,,55
p1200,,,op2,op1,5,linear3,,45
p1200,,,op3,op2,40,linear7,,20
p1200,,,op4,op3,1,const,,55
p1200,,,op5,op4,15,linear3,,37.5
p1200,,,op6,op5,5,linear3,,45
p1200,,,op7,op6,1,const,,55
p1201,1035.117,BATCH_PIPELINE,op1,,1,const,,55
p1201,,,op2,op1,40,linear7,,20
p1201,,,op3,op1,20,linear7,,30
p1201,,,op4,op1,15,linear3,,37.5
p1201,,,op5,op1,5,linear3,,45
p1201,,,op6,op1,80,squared,,10
p1201,,,op7,op1,20,linear7,,30
p1202,1035.117,INTERACTIVE,op1,,1,const,,55
p1202,,,op2,,5,linear3,,45
p1202,,,op3,,1,const,,55
p1202,,,op4,,15,linear3,,37.5
p1202,,,op5,op1;op2;op3;op4,5,linear3,,45
p1203,1035.117,BATCH_PIPELINE,op1,,1,const,,55
p1203,,,op2,,20,linear7,,30
p1203,,,op3,,5,linear3,,45
p1203,,,op4,,5,linear3,,45
p1203,,,op5,,2,sqrt,,55
p1203,,,op6,,40,linear7,,20
p1203,,,op7,,5,linear3,,45
p1203,,,op8,op1;op2;op3;op4;op5;op6;op7,40,linear7,,20
p1204,1035.117,BATCH_PIPELINE,op1,,1,const,,55
p1204,,,op2,,5,linear3,,45
p1204,,,op3,,40,linear7,,20
p1204,,,op4,,5,linear3,,45
p1204,,,op5,,2,sqrt,,55
p1204,,,op6,op1;op2;op3;op4;op5,2,sqrt,,55
p1205,1035.117,BATCH_PIPELINE,op1,,1,const,,55
p1205,,,op2,op1,40,linear7,,20
p1205,,,op3,op2,15,linear3,,37.5
p1205,,,op4,op3,5,linear3,,45
p1205,,,op5,op4,5,linear3,,45
p1205,,,op6,op5,20,linear7,,30
p1205,,,op7,op6,20,linear7,,30
p1205,,,op8,op7,20,linear7,,30
p1205,,,op9,op8,5,linear3,,45
p1205,,,op10,op9,15,linear3,,37.5
p1206,1035.117,BATCH_PIPELINE,op1,,1,const,,55
p1206,,,op2,op1,2,sqrt,,55
p1206,,,op3,op2,5,linear3,,45
p1206,,,op4,op3,20,linear7,,30
p1206,,,op5,op4,40,linear7,,20
p1206,,,op6,op5,1,const,,55
p1206,,,op7,op6,2,sqrt,,55
p1207,1035.117,BATCH_PIPELINE,op1,,1,const,,55
p1207,,,op2,op1,5,linear3,,45
p1207,,,op3,op1,1,const,,55
p1207,,,op4,op1,15,linear3,,37.5
p1207,,,op5,op1,5,linear3,,45
p1207,,,op6,op1,2,sqrt,,55
p1207,,,op7,op1,5,linear3,,45
p1207,,,op8,op1,40,linear7,,20
p1207,,,op9,op1,1,const,,55
p1208,1035.117,BATCH_PIPELINE,op1,,1,const,,55
p1208,,,op2,op1,20,linear7,,30
p1208,,,op3,op2,15,linear3,,37.5
p1208,,,op4,op3,5,linear3,,45
p1208,,,op5,op4,5,linear3,,45
p1208,,,op6,op5,20,linear7,,30
p1208,,,op7,op6,40,linear7,,20
p1208,,,op8,op7,40,linear7,,20
p1208,,,op9,op8,1,const,,55
p1208,,,op10,op9,40,linear7,,20
p1209,1035.117,BATCH_PIPELINE,op1,,1,const,,55
p1209,,,op2,op1,20,linear7,,30
p1209,,,op3,op2,20,linear7,,30
p1209,,,op4,op3,5,linear3,,45
p1209,,,op5,op4,20,linear7,,30
p1209,,,op6,op5,15,linear3,,37.5
p1210,1035.117,QUERY,op1,,15,linear3,,35
p1211,1042.5240000000001,BATCH_PIPELINE,op1,,1,const,,55
p1211,,,op2,op1,20,linear7,,30
p1211,,,op3,op2,5,linear3,,45
p1211,,,op4,op3,80,squared,,10
p1211,,,op5,op4,1,const,,55
p1211,,,op6,op5,5,linear3,,45
p1211,,,op7,op6,2,sqrt,,55
p1212,1042.5240000000001,QUERY,op1,,15,linear3,,35
p1213,1042.5240000000001,BATCH_PIPELINE,op1,,1,const,,55
p1213,,,op2,op1,2,sqrt,,55
p1213,,,op3,op2,1,const,,55
p1213,,,op4,op3,1,const,,55
p1213,,,op5,op4,2,sqrt,,55
p1213,,,op6,op5,2,sqrt,,55
p1213,,,op7,op6,5,linear3,,45
p1213,,,op8,op7,1,const,,55
p1213,,,op9,op8,5,linear3,,45
p1213,,,op10,op9,40,linear7,,20
p1213,,,op11,op10,80,squared,,10
p1214,1042.5240000000001,INTERACTIVE,op1,,1,const,,55
p1214,,,op2,op1,15,linear3,,37.5
p1214,,,op3,op1,1,const,,55
p1214,,,op4,op1,80,squared,,10
p1214,,,op5,op1,15,linear3,,37.5
p1214,,,op6,op1,5,linear3,,45
p1215,1042.5240000000001,BATCH_PIPELINE,op1,,1,const,,55
p1215,,,op2,op1,2,sqrt,,55
p1215,,,op3,op2,1,const,,55
p1215,,,op4,op3,2,sqrt,,55
p1215,,,op5,op4,80,squared,,10
p1215,,,op6,op5,20,linear7,,30
p1215,,,op7,op6,15,linear3,,37.5
p1216,1042.5240000000001,BATCH_PIPELINE,op1,,1,const,,55
p1216,,,op2,op1,1,const,,55
p1216,,,op3,op2,2,sqrt,,55
p1216,,,op4,op3,80,squared,,10
p1216,,,op5,op4,80,squared,,10
p1216,,,op6,op5,5,linear3,,45
p1216,,,op7,op6,2,sqrt,,55
p1216,,,op8,op7,1,const,,55
p1216,,,op9,op8,15,linear3,,37.5
p1217,1042.5240000000001,BATCH_PIPELINE,op1,,1,const,,55
p1217,,,op2,op1,5,linear3,,45
p1217,,,op3,op1,20,linear7,,30
p1217,,,op4,op1,2,sqrt,,55
p1217,,,op5,op1,20,linear7,,30
p1217,,,op6,op1,2,sqrt,,55
p1217,,,op7,op1,15,linear3,,37.5
p1217,,,op8,op1,15,linear3,,37.5
p1217,,,op9,op1,15,linear3,,37.5
p1218,1042.5240000000001,INTERACTIVE,op1,,1,const,,55
p1218,,,op2,,5,linear3,,45
p1218,,,op3,,1,const,,55
p1218,,,op4,op1;op2;op3,5,linear3,,45
p1219,1042.5240000000001,BATCH_PIPELINE,op1,,1,const,,55
p1219,,,op2,op1,40,linear7,,20
p1219,,,op3,op2,15,linear3,,37.5
p1219,,,op4,op3,2,sqrt,,55
p1219,,,op5,op4,15,linear3,,37.5
p1219,,,op6,op5,20,linear7,,30
p1219,,,op7,op6,40,linear7,,20
p1219,,,op8,op7,5,linear3,,45
p1219,,,op9,op8,1,const,,55
p1219,,,op10,op9,1,const,,55
p1220,1042.5240000000001,BATCH_PIPELINE,op1,,1,const,,55
p1220,,,op2,op1,20,linear7,,30
p1220,,,op3,op2,2,sqrt,,55
p1221,1049.028,INTERACTIVE,op1,,1,const,,55
p1221,,,op2,,2,sqrt,,55
p1221,,,op3,,15,linear3,,37.5
p1221,,,op4,,20,linear7,,30
p1221,,,op5,op1;op2;op3;op4,40,linear7,,20
p1222,1049.028,BATCH_PIPELINE,op1,,1,const,,55
p1222,,,op2,op1,2,sqrt,,55
p1222,,,op3,op2,1,const,,55
p1222,,,op4,op3,2,sqrt,,55
p1222,,,op5,op4,2,sqrt,,55
p1222,,,op6,op5,2,sqrt,,55
p1222,,,op7,op6,2,sqrt,,55
p1222,,,op8,op7,5,linear3,,45
p1223,1049.028,BATCH_PIPELINE,op1,,1,const,,55
p1223,,,op2,op1,1,const,,55
p1223,,,op3,op2,2,sqrt,,55
p1223,,,op4,op3,20,linear7,,30
p1223,,,op5,op4,5,linear3,,45
p1223,,,op6,op5,2,sqrt,,55
p1223,,,op7,op6,20,linear7,,30
p1223,,,op8,op7,20,linear7,,30
p1223,,,op9,op8,5,linear3,,45
p1223,,,op10,op9,2,sqrt,,55
p1223,,,op11,op10,15,linear3,,37.5
p1224,1049.028,BATCH_PIPELINE,op1,,1,const,,55
p1224,,,op2,op1,20,linear7,,30
p1224,,,op3,op2,15,linear3,,37.5
p1224,,,op4,op3,40,linear7,,20
p1224,,,op5,op4,40,linear7,,20
p1224,,,op6,op5,15,linear3,,37.5
p1224,,,op7,op6,2,sqrt,,55
p1225,1049.028,BATCH_PIPELINE,op1,,1,const,,55
p1225,,,op2,op1,15,linear3,,37.5
p1225,,,op3,op2,20,linear7,,30
p1225,,,op4,op3,15,linear3,,37.5
p1225,,,op5,op4,5,linear3,,45
p1225,,,op6,op5,5,linear3,,45
p1225,,,op7,op6,15,linear3,,37.5
p1225,,,op8,op7,20,linear7,,30
p1226,1049.028,INTERACTIVE,op1,,1,const,,55
p1226,,,op2,op1,5,linear3,,45
p1226,,,op3,op2,1,const,,55
p1226,,,op4,op3,80,squared,,10
p1226,,,op5,op4,2,sqrt,,55
p1226,,,op6,op5,20,linear7,,30
p1226,,,op7,op6,15,linear3,,37.5
p1226,,,op8,op7,15,linear3,,37.5
p1227,1049.028,BATCH_PIPELINE,op1,,1,const,,55
p1227,,,op2,,80,squared,,10
p1227,,,op3,,15,linear3,,37.5
p1227,,,op4,,40,linear7,,20
p1227,,,op5,,40,linear7,,20
p1227,,,op6,op1;op2;op3;op4;op5,5,linear3,,45
p1228,1049.028,BATCH_PIPELINE,op1,,1,const,,55
p1228,,,op2,op1,5,linear3,,45
p1228,,,op3,op1,20,linear7,,30
p1228,,,op4,op1,5,linear3,,45
p1228,,,op5,op1,5,linear3,,45
p1228,,,op6,op1,5,linear3,,45
p1228,,,op7,op1,80,squared,,10
p1228,,,op8,op1,1,const,,55
p1229,1049.028,BATCH_PIPELINE,op1,,1,const,,55
p1229,,,op2,op1,5,linear3,,45
p1229,,,op3,op2,20,linear7,,30
p1229,,,op4,op3,20,linear7,,30
p1229,,,op5,op4,15,linear3,,37.5
p1229,,,op6,op5,40,linear7,,20
p1229,,,op7,op6,40,linear7,,20
p1230,1049.028,BATCH_PIPELINE,op1,,1,const,,55
p1230,,,op2,op1,15,linear3,,37.5
p1230,,,op3,op1,2,sqrt,,55
p1230,,,op4,op1,1,const,,55
p1230,,,op5,op1,1,const,,55
p1230,,,op6,op1,15,linear3,,37.5
p1231,1058.699,INTERACTIVE,op1,,1,const,,55
p1231,,,op2,,40,linear7,,20
p1231,,,op3,,15,linear3,,37.5
p1231,,,op4,,1,const,,55
p1231,,,op5,,15,linear3,,37.5
p1231,,,op6,,20,linear7,,30
p1231,,,op7,,2,sqrt,,55
p1231,,,op8,,1,const,,55
p1231,,,op9,,15,linear3,,37.5
p1231,,,op10,op1;op2;op3;op4;op5;op6;op7;op8;op9,1,const,,55
p1232,1058.699,BATCH_PIPELINE,op1,,1,const,,55
p1232,,,op2,op1,1,const,,55
p1232,,,op3,op2,15,linear3,,37.5
p1232,,,op4,op3,40,linear7,,20
p1232,,,op5,op4,2,sqrt,,55
p1232,,,op6,op5,5,linear3,,45
p1232,,,op7,op6,5,linear3,,45
p1233,1058.699,INTERACTIVE,op1,,1,const,,55
p1233,,,op2,,5,linear3,,45
p1233,,,op3,,20,linear7,,30
p1233,,,op4,,5,linear3,,45
p1233,,,op5,,1,const,,55
p1233,,,op6,,40,linear7,,20
p1233,,,op7,,20,linear7,,30
p1233,,,op8,op1;op2;op3;op4;op5;op6;op7,1,const,,55
p1234,1058.699,BATCH_PIPELINE,op1,,1,const,,55
p1234,,,op2,op1,1,const,,55
p1234,,,op3,op2,20,linear7,,30
p1234,,,op4,op3,15,linear3,,37.5
p1234,,,op5,op4,20,linear7,,30
p1234,,,op6,op5,5,linear3,,45
p1235,1058.699,INTERACTIVE,op1,,1,const,,55
p1235,,,op2,op1,15,linear3,,37.5
p1235,,,op3,op1,1,const,,55
p1235,,,op4,op1,2,sqrt,,55
p1235,,,op5,op1,40,linear7,,20
p1235,,,op6,op1,2,sqrt,,55
p1235,,,op7,op1,20,linear7,,30
p1235,,,op8,op1,1,const,,55
p1235,,,op9,op1,2,sqrt,,55
p1236,1058.699,INTERACTIVE,op1,,1,const,,55
p1236,,,op2,op1,20,linear7,,30
p1236,,,op3,op1,40,linear7,,20
p1236,,,op4,op1,2,sqrt,,55
p1236,,,op5,op1,5,linear3,,45
p1236,,,op6,op1,15,linear3,,37.5
p1236,,,op7,op1,1,const,,55
p1236,,,op8,op1,5,linear3,,45
p1236,,,op9,op1,40,linear7,,20
p1236,,,op10,op1,20,linear7,,30
p1236,,,op11,op1,5,linear3,,45
p1237,1058.699,QUERY,op1,,15,linear3,,35
p1238,1058.699,INTERACTIVE,op1,,1,const,,55
p1238,,,op2,op1,80,squared,,10
p1238,,,op3,op2,40,linear7,,20
p1238,,,op4,op3,20,linear7,,30
p1238,,,op5,op4,2,sqrt,,55
p1238,,,op6,op5,1,const,,55
p1238,,,op7,op6,5,linear3,,45
p1238,,,op8,op7,15,linear3,,37.5
p1238,,,op9,op8,1,const,,55
p1239,1058.699,BATCH_PIPELINE,op1,,1,const,,55
p1239,,,op2,op1,2,sqrt,,55
p1239,,,op3,op1,2,sqrt,,55
p1239,,,op4,op1,15,linear3,,37.5
p1239,,,op5,op1,5,linear3,,45
p1239,,,op6,op1,15,linear3,,37.5
p1239,,,op7,op1,20,linear7,,30
p1239,,,op8,op1,40,linear7,,20
p1239,,,op9,op1,1,const,,55
p1239,,,op10,op1,15,linear3,,37.5
p1240,1058.699,INTERACTIVE,op1,,1,const,,55
p1240,,,op2,op1,20,linear7,,30
p1240,,,op3,op2,40,linear7,,20
p1240,,,op4,op3,15,linear3,,37.5
p1240,,,op5,op4,5,linear3,,45
p1240,,,op6,op5,5,linear3,,45
p1240,,,op7,op6,1,const,,55
p1241,1070.714,INTERACTIVE,op1,,1,const,,55
p1241,,,op2,op1,1,const,,55
p1241,,,op3,op2,2,sqrt,,55
p1241,,,op4,op3,80,squared,,10
p1241,,,op5,op4,15,linear3,,37.5
p1241,,,op6,op5,2,sqrt,,55
p1241,,,op7,op6,5,linear3,,45
p1241,,,op8,op7,40,linear7,,20
p1241,,,op9,op8,20,linear7,,30
p1242,1070.714,INTERACTIVE,op1,,1,const,,55
p1242,,,op2,op1,5,linear3,,45
p1242,,,op3,op2,1,const,,55
p1242,,,op4,op3,40,linear7,,20
p1242,,,op5,op4,15,linear3,,37.5
p1242,,,op6,op5,1,const,,55
p1242,,,op7,op6,5,linear3,,45
p1242,,,op8,op7,80,squared,,10
p1242,,,op9,op8,15,linear3,,37.5
p1242,,,op10,op9,2,sqrt,,55
p1242,,,op11,op10,1,const,,55
p1243,1070.714,INTERACTIVE,op1,,1,const,,55
p1243,,,op2,op1,15,linear3,,37.5
p1243,,,op3,op2,40,linear7,,20
p1243,,,op4,op3,2,sqrt,,55
p1243,,,op5,op4,15,linear3,,37.5
p1243,,,op6,op5,15,linear3,,37.5
p1243,,,op7,op6,40,linear7,,20
p1243,,,op8,op7,15,linear3,,37.5
p1243,,,op9,op8,2,sqrt,,55
p1244,1070.714,BATCH_PIPELINE,op1,,1,const,,55
p1244,,,op2,op1,20,linear7,,30
p1244,,,op3,op2,5,linear3,,45
p1244,,,op4,op3,5,linear3,,45
p1245,1070.714,BATCH_PIPELINE,op1,,1,const,,55
p1245,,,op2,,80,squared,,10
p1245,,,op3,,20,linear7,,30
p1245,,,op4,,15,linear3,,37.5
p1245,,,op5,,15,linear3,,37.5
p1245,,,op6,,1,const,,55
p1245,,,op7,,20,linear7,,30
p1245,,,op8,,1,const,,55
p1245,,,op9,,2,sqrt,,55
p1245,,,op10,op1;op2;op3;op4;op5;op6;op7;op8;op9,15,linear3,,37.5
p1246,1070.714,BATCH_PIPELINE,op1,,1,const,,55
p1246,,,op2,,40,linear7,,20
p1246,,,op3,,2,sqrt,,55
p1246,,,op4,,5,linear3,,45
p1246,,,op5,,1,const,,55
p1246,,,op6,,20,linear7,,30
p1246,,,op7,op1;op2;op3;op4;op5;op6,5,linear3,,45
p1247,1070.714,INTERACTIVE,op1,,1,const,,55
p1247,,,op2,,20,linear7,,30
p1247,,,op3,,5,linear3,,45
p1247,,,op4,,5,linear3,,45
p1247,,,op5,,80,squared,,10
p1247,,,op6,,15,linear3,,37.5
p1247,,,op7,,20,linear7,,30
p1247,,,op8,op1;op2;op3;op4;op5;op6;op7,2,sqrt,,55
p1248,1070.714,BATCH_PIPELINE,op1,,1,const,,55
p1248,,,op2,op1,1,const,,55
p1248,,,op3,op2,2,sqrt,,55
p1248,,,op4,op3,40,linear7,,20
p1248,,,op5,op4,2,sqrt,,55
p1249,1070.714,BATCH_PIPELINE,op1,,1,const,,55
p1249,,,op2,op1,20,linear7,,30
p1249,,,op3,op2,20,linear7,,30
p1249,,,op4,op3,15,linear3,,37.5
p1249,,,op5,op4,20,linear7,,30
p1249,,,op6,op5,80,squared,,10
p1249,,,op7,op6,2,sqrt,,55
p1249,,,op8,op7,2,sqrt,,55
p1249,,,op9,op8,1,const,,55
p1249,,,op10,op9,20,linear7,,30
p1249,,,op11,op10,40,linear7,,20
p1250,1070.714,INTERACTIVE,op1,,1,const,,55
p1250,,,op2,op1,20,linear7,,30
p1250,,,op3,op2,5,linear3,,45
p1251,1080.1200000000001,BATCH_PIPELINE,op1,,1,const,,55
p1251,,,op2,op1,20,linear7,,30
p1251,,,op3,op2,15,linear3,,37.5
p1251,,,op4,op3,20,linear7,,30
p1251,,,op5,op4,15,linear3,,37.5
p1251,,,op6,op5,2,sqrt,,55
p1251,,,op7,op6,15,linear3,,37.5
p1251,,,op8,op7,20,linear7,,30
p1251,,,op9,op8,40,linear7,,20
p1251,,,op10,op9,15,linear3,,37.5
p1252,1080.1200000000001,BATCH_PIPELINE,op1,,1,const,,55
p1252,,,op2,op1,15,linear3,,37.5
p1252,,,op3,op2,5,linear3,,45
p1252,,,op4,op3,1,const,,55
p1252,,,op5,op4,1,const,,55
p1252,,,op6,op5,1,const,,55
p1253,1080.1200000000001,BATCH_PIPELINE,op1,,1,const,,55
p1253,,,op2,op1,80,squared,,10
p1253,,,op3,op1,80,squared,,10
p1253,,,op4,op1,2,sqrt,,55
p1253,,,op5,op1,15,linear3,,37.5
p1253,,,op6,op1,1,const,,55
p1253,,,op7,op1,1,const,,55
p1254,1080.1200000000001,INTERACTIVE,op1,,1,const,,55
p1254,,,op2,op1,15,linear3,,37.5
p1254,,,op3,op2,20,linear7,,30
p1254,,,op4,op3,5,linear3,,45
p1254,,,op5,op4,15,linear3,,37.5
p1254,,,op6,op5,1,const,,55
p1254,,,op7,op6,1,const,,55
p1255,1080.1200000000001,INTERACTIVE,op1,,1,const,,55
p1255,,,op2,op1,1,const,,55
p1255,,,op3,op2,5,linear3,,45
p1255,,,op4,op3,1,const,,55
p1255,,,op5,op4,80,squared,,10
p1255,,,op6,op5,2,sqrt,,55
p1255,,,op7,op6,20,linear7,,30
p1255,,,op8,op7,40,linear7,,20
p1255,,,op9,op8,2,sqrt,,55
p1256,1080.1200000000001,BATCH_PIPELINE,op1,,1,const,,55
p1256,,,op2,op1,15,linear3,,37.5
p1256,,,op3,op2,1,const,,55
p1256,,,op4,op3,20,linear7,,30
p1256,,,op5,op4,5,linear3,,45
p1256,,,op6,op5,15,linear3,,37.5
p1256,,,op7,op6,20,linear7,,30
p1256,,,op8,op7,20,linear7,,30
p1256,,,op9,op8,15,linear3,,37.5
p1257,1080.1200000000001,BATCH_PIPELINE,op1,,1,const,,55
p1257,,,op2,op1,5,linear3,,45
p1257,,,op3,op1,15,linear3,,37.5
p1257,,,op4,op1,20,linear7,,30
p1257,,,op5,op1,5,linear3,,45
p1257,,,op6,op1,1,const,,55
p1257,,,op7,op1,15,linear3,,37.5
p1257,,,op8,op1,5,linear3,,45
p1257,,,op9,op1,1,const,,55
p1258,1080.1200000000001,BATCH_PIPELINE,op1,,1,const,,55
p1258,,,op2,op1,40,linear7,,20
p1258,,,op3,op1,1,const,,55
p1258,,,op4,op1,5,linear3,,45
p1258,,,op5,op1,80,squared,,10
p1258,,,op6,op1,5,linear3,,45
p1258,,,op7,op1,15,linear3,,37.5
p1258,,,op8,op1,20,linear7,,30
p1258,,,op9,op1,1,const,,55
p1258,,,op10,op1,15,linear3,,37.5
p1259,1080.1200000000001,INTERACTIVE,op1,,1,const,,55
p1259,,,op2,op1,5,linear3,,45
p1259,,,op3,op1,2,sqrt,,55
p1259,,,op4,op1,1,const,,55
p1259,,,op5,op1,40,linear7,,20
p1259,,,op6,op1,15,linear3,,37.5
p1259,,,op7,op1,2,sqrt,,55
p1259,,,op8,op1,2,sqrt,,55
p1259,,,op9,op1,2,sqrt,,55
p1259,,,op10,op1,5,linear3,,45
p1259,,,op11,op1,1,const,,55
p1260,1080.1200000000001,INTERACTIVE,op1,,1,const,,55
p1260,,,op2,op1,15,linear3,,37.5
p1260,,,op3,op2,15,linear3,,37.5
p1260,,,op4,op3,2,sqrt,,55
p1260,,,op5,op4,5,linear3,,45
p1260,,,op6,op5,80,squared,,10
p1260,,,op7,op6,80,squared,,10
p1261,1086.749,INTERACTIVE,op1,,1,const,,55
p1261,,,op2,op1,5,linear3,,45
p1261,,,op3,op2,15,linear3,,37.5
p1261,,,op4,op3,80,squared,,10
p1261,,,op5,op4,5,linear3,,45
p1262,1086.749,BATCH_PIPELINE,op1,,1,const,,55
p1262,,,op2,op1,40,linear7,,20
p1262,,,op3,op2,2,sqrt,,55
p1262,,,op4,op3,40,linear7,,20
p1262,,,op5,op4,2,sqrt,,55
p1262,,,op6,op5,5,linear3,,45
p1262,,,op7,op6,1,const,,55
p1262,,,op8,op7,2,sqrt,,55
p1262,,,op9,op8,5,linear3,,45
p1263,1086.749,INTERACTIVE,op1,,1,const,,55
p1263,,,op2,op1,20,linear7,,30
p1263,,,op3,op2,20,linear7,,30
p1263,,,op4,op3,15,linear3,,37.5
p1263,,,op5,op4,2,sqrt,,55
p1263,,,op6,op5,5,linear3,,45
p1263,,,op7,op6,5,linear3,,45
p1264,1086.749,BATCH_PIPELINE,op1,,1,const,,55
p1264,,,op2,op1,1,const,,55
p1264,,,op3,op2,1,const,,55
p1264,,,op4,op3,15,linear3,,37.5
p1264,,,op5,op4,15,linear3,,37.5
p1264,,,op6,op5,40,linear7,,20
p1265,1086.749,BATCH_PIPELINE,op1,,1,const,,55
p1265,,,op2,op1,5,linear3,,45
p1265,,,op3,op2,1,const,,55
p1265,,,op4,op3,20,linear7,,30
p1265,,,op5,op4,15,linear3,,37.5
p1265,,,op6,op5,20,linear7,,30
p1265,,,op7,op6,1,const,,55
p1265,,,op8,op7,15,linear3,,37.5
p1265,,,op9,op8,15,linear3,,37.5
p1265,,,op10,op9,15,linear3,,37.5
p1265,,,op11,op10,2,sqrt,,55
p1265,,,op12,op11,40,linear7,,20
p1266,1086.749,QUERY,op1,,15,linear3,,35
p1267,1086.749,BATCH_PIPELINE,op1,,1,const,,55
p1267,,,op2,op1,20,linear7,,30
p1267,,,op3,op2,1,const,,55
p1267,,,op4,op3,2,sqrt,,55
p1267,,,op5,op4,1,const,,55
p1267,,,op6,op5,5,linear3,,45
p1267,,,op7,op6,20,linear7,,30
p1267,,,op8,op7,1,const,,55
p1267,,,op9,op8,5,linear3,,45
p1268,1086.749,BATCH_PIPELINE,op1,,1,const,,55
p1268,,,op2,op1,1,const,,55
p1268,,,op3,op1,5,linear3,,45
p1268,,,op4,op1,80,squared,,10
p1268,,,op5,op1,20,linear7,,30
p1268,,,op6,op1,2,sqrt,,55
p1268,,,op7,op1,5,linear3,,45
p1268,,,op8,op1,5,linear3,,45
p1268,,,op9,op1,2,sqrt,,55
p1268,,,op10,op1,1,const,,55
p1268,,,op11,op1,2,sqrt,,55
p1269,1086.749,INTERACTIVE,op1,,1,const,,55
p1269,,,op2,op1,15,linear3,,37.5
p1269,,,op3,op2,80,squared,,10
p1269,,,op4,op3,15,linear3,,37.5
p1269,,,op5,op4,40,linear7,,20
p1269,,,op6,op5,2,sqrt,,55
p1269,,,op7,op6,5,linear3,,45
p1270,1086.749,BATCH_PIPELINE,op1,,1,const,,55
p1270,,,op2,op1,20,linear7,,30
p1270,,,op3,op2,2,sqrt,,55
p1270,,,op4,op3,15,linear3,,37.5
p1270,,,op5,op4,20,linear7,,30
p1270,,,op6,op5,2,sqrt,,55
p1271,1098.214,QUERY,op1,,15,linear3,,35
p1272,1098.214,BATCH_PIPELINE,op1,,1,const,,55
p1272,,,op2,,15,linear3,,37.5
p1272,,,op3,op1;op2,80,squared,,10
p1273,1098.214,BATCH_PIPELINE,op1,,1,const,,55
p1273,,,op2,op1,5,linear3,,45
p1273,,,op3,op2,40,linear7,,20
p1273,,,op4,op3,2,sqrt,,55
p1273,,,op5,op4,20,linear7,,30
p1273,,,op6,op5,20,linear7,,30
p1273,,,op7,op6,15,linear3,,37.5
p1273,,,op8,op7,5,linear3,,45
p1273,,,op9,op8,2,sqrt,,55
p1273,,,op10,op9,80,squared,,10
p1274,1098.214,QUERY,op1,,15,linear3,,35
p1275,1098.214,INTERACTIVE,op1,,1,const,,55
p1275,,,op2,op1,15,linear3,,37.5
p1275,,,op3,op2,15,linear3,,37.5
p1275,,,op4,op3,20,linear7,,30
p1275,,,op5,op4,2,sqrt,,55
p1275,,,op6,op5,1,const,,55
p1275,,,op7,op6,15,linear3,,37.5
p1276,1098.214,BATCH_PIPELINE,op1,,1,const,,55
p1276,,,op2,op1,15,linear3,,37.5
p1276,,,op3,op2,80,squared,,10
p1276,,,op4,op3,1,const,,55
p1276,,,op5,op4,80,squared,,10
p1276,,,op6,op5,5,linear3,,45
p1276,,,op7,op6,15,linear3,,37.5
p1277,1098.214,INTERACTIVE,op1,,1,const,,55
p1277,,,op2,op1,5,linear3,,45
p1277,,,op3,op2,1,const,,55
p1277,,,op4,op3,15,linear3,,37.5
p1277,,,op5,op4,20,linear7,,30
p1277,,,op6,op5,5,linear3,,45
p1277,,,op7,op6,40,linear7,,20
p1277,,,op8,op7,40,linear7,,20
p1277,,,op9,op8,2,sqrt,,55
p1278,1098.214,QUERY,op1,,15,linear3,,35
p1279,1098.214,BATCH_PIPELINE,op1,,1,const,,55
p1279,,,op2,op1,15,linear3,,37.5
p1279,,,op3,op2,1,const,,55
p1279,,,op4,op3,5,linear3,,45
p1279,,,op5,op4,1,const,,55
p1279,,,op6,op5,80,squared,,10
p1279,,,op7,op6,80,squared,,10
p1279,,,op8,op7,20,linear7,,30
p1280,1098.214,INTERACTIVE,op1,,1,const,,55
p1280,,,op2,op1,80,squared,,10
p1280,,,op3,op2,2,sqrt,,55
p1280,,,op4,op3,1,const,,55
p1280,,,op5,op4,40,linear7,,20
p1281,1110.5910000000001,BATCH_PIPELINE,op1,,1,const,,55
p1281,,,op2,op1,15,linear3,,37.5
p1281,,,op3,op2,1,const,,55
p1281,,,op4,op3,15,linear3,,37.5
p1281,,,op5,op4,20,linear7,,30
p1281,,,op6,op5,5,linear3,,45
p1281,,,op7,op6,5,linear3,,45
p1281,,,op8,op7,2,sqrt,,55
p1281,,,op9,op8,1,const,,55
p1281,,,op10,op9,80,squared,,10
p1282,1110.5910000000001,BATCH_PIPELINE,op1,,1,const,,55
p1282,,,op2,op1,2,sqrt,,55
p1282,,,op3,op2,20,linear7,,30
p1282,,,op4,op3,80,squared,,10
p1282,,,op5,op4,1,const,,55
p1282,,,op6,op5,15,linear3,,37.5
p1282,,,op7,op6,20,linear7,,30
p1283,1110.5910000000001,INTERACTIVE,op1,,1,const,,55
p1283,,,op2,op1,5,linear3,,45
p1283,,,op3,op2,20,linear7,,30
p1283,,,op4,op3,15,linear3,,37.5
p1283,,,op5,op4,2,sqrt,,55
p1283,,,op6,op5,15,linear3,,37.5
p1283,,,op7,op6,20,linear7,,30
p1283,,,op8,op7,15,linear3,,37.5
p1283,,,op9,op8,2,sqrt,,55
p1283,,,op10,op9,5,linear3,,45
p1283,,,op11,op10,5,linear3,,45
p1284,1110.5910000000001,INTERACTIVE,op1,,1,const,,55
p1284,,,op2,op1,20,linear7,,30
p1284,,,op3,op2,2,sqrt,,55
p1284,,,op4,op3,2,sqrt,,55
p1284,,,op5,op4,80,squared,,10
p1284,,,op6,op5,5,linear3,,45
p1284,,,op7,op6,15,linear3,,37.5
p1284,,,op8,op7,5,linear3,,45
p1285,1110.5910000000001,INTERACTIVE,op1,,1,const,,55
p1285,,,op2,op1,15,linear3,,37.5
p1285,,,op3,op2,2,sqrt,,55
p1285,,,op4,op3,80,squared,,10
p1285,,,op5,op4,20,linear7,,30
p1285,,,op6,op5,5,linear3,,45
p1285,,,op7,op6,40,linear7,,20
p1285,,,op8,op7,2,sqrt,,55
p1285,,,op9,op8,40,linear7,,20
p1285,,,op10,op9,40,linear7,,20
p1286,1110.5910000000001,INTERACTIVE,op1,,1,const,,55
p1286,,,op2,op1,80,squared,,10
p1286,,,op3,op2,2,sqrt,,55
p1286,,,op4,op3,40,linear7,,20
p1286,,,op5,op4,15,linear3,,37.5
p1286,,,op6,op5,1,const,,55
p1286,,,op7,op6,5,linear3,,45
p1286,,,op8,op7,15,linear3,,37.5
p1286,,,op9,op8,1,const,,55
p1287,1110.5910000000001,BATCH_PIPELINE,op1,,1,const,,55
p1287,,,op2,,2,sqrt,,55
p1287,,,op3,,5,linear3,,45
p1287,,,op4,,5,linear3,,45
p1287,,,op5,,15,linear3,,37.5
p1287,,,op6,,40,linear7,,20
p1287,,,op7,,15,linear3,,37.5
p1287,,,op8,,1,const,,55
p1287,,,op9,op1;op2;op3;op4;op5;op6;op7;op8,2,sqrt,,55
p1288,1110.5910000000001,INTERACTIVE,op1,,1,const,,55
p1288,,,op2,op1,80,squared,,10
p1288,,,op3,op2,15,linear3,,37.5
p1288,,,op4,op3,20,linear7,,30
p1288,,,op5,op4,1,const,,55
p1288,,,op6,op5,15,linear3,,37.5
p1288,,,op7,op6,1,const,,55
p1288,,,op8,op7,5,linear3,,45
p1288,,,op9,op8,80,squared,,10
p1288,,,op10,op9,15,linear3,,37.5
p1289,1110.5910000000001,INTERACTIVE,op1,,1,const,,55
p1289,,,op2,op1,2,sqrt,,55
p1289,,,op3,op2,80,squared,,10
p1289,,,op4,op3,40,linear7,,20
p1289,,,op5,op4,15,linear3,,37.5
p1289,,,op6,op5,5,linear3,,45
p1289,,,op7,op6,5,linear3,,45
p1289,,,op8,op7,80,squared,,10
p1290,1110.5910000000001,QUERY,op1,,15,linear3,,35
p1291,1112.655,BATCH_PIPELINE,op1,,1,const,,55
p1291,,,op2,op1,40,linear7,,20
p1291,,,op3,op2,15,linear3,,37.5
p1291,,,op4,op3,20,linear7,,30
p1291,,,op5,op4,5,linear3,,45
p1291,,,op6,op5,1,const,,55
p1291,,,op7,op6,15,linear3,,37.5
p1291,,,op8,op7,40,linear7,,20
p1292,1112.655,QUERY,op1,,15,linear3,,35
p1293,1112.655,BATCH_PIPELINE,op1,,1,const,,55
p1293,,,op2,op1,5,linear3,,45
p1293,,,op3,op2,5,linear3,,45
p1293,,,op4,op3,5,linear3,,45
p1293,,,op5,op4,1,const,,55
p1293,,,op6,op5,2,sqrt,,55
p1293,,,op7,op6,15,linear3,,37.5
p1293,,,op8,op7,15,linear3,,37.5
p1293,,,op9,op8,40,linear7,,20
p1293,,,op10,op9,80,squared,,10
p1294,1112.655,BATCH_PIPELINE,op1,,1,const,,55
p1294,,,op2,op1,2,sqrt,,55
p1294,,,op3,op1,15,linear3,,37.5
p1294,,,op4,op1,20,linear7,,30
p1294,,,op5,op1,20,linear7,,30
p1294,,,op6,op1,20,linear7,,30
p1294,,,op7,op1,5,linear3,,45
p1294,,,op8,op1,20,linear7,,30
p1294,,,op9,op1,40,linear7,,20
p1295,1112.655,BATCH_PIPELINE,op1,,1,const,,55
p1295,,,op2,op1,2,sqrt,,55
p1295,,,op3,op1,2,sqrt,,55
p1295,,,op4,op1,15,linear3,,37.5
p1295,,,op5,op1,20,linear7,,30
p1295,,,op6,op1,1,const,,55
p1295,,,op7,op1,2,sqrt,,55
p1296,1112.655,BATCH_PIPELINE,op1,,1,const,,55
p1296,,,op2,op1,5,linear3,,45
p1296,,,op3,op2,2,sqrt,,55
p1296,,,op4,op3,15,linear3,,37.5
p1296,,,op5,op4,15,linear3,,37.5
p1296,,,op6,op5,2,sqrt,,55
p1297,1112.655,INTERACTIVE,op1,,1,const,,55
p1297,,,op2,op1,1,const,,55
p1297,,,op3,op2,1,const,,55
p1297,,,op4,op3,5,linear3,,45
p1297,,,op5,op4,1,const,,55
p1297,,,op6,op5,5,linear3,,45
p1297,,,op7,op6,80,squared,,10
p1297,,,op8,op7,1,const,,55
p1298,1112.655,INTERACTIVE,op1,,1,const,,55
p1298,,,op2,,5,linear3,,45
p1298,,,op3,,5,linear3,,45
p1298,,,op4,,15,linear3,,37.5
p1298,,,op5,,80,squared,,10
p1298,,,op6,,2,sqrt,,55
p1298,,,op7,,2,sqrt,,55
p1298,,,op8,,1,const,,55
p1298,,,op9,,15,linear3,,37.5
p1298,,,op10,,1,const,,55
p1298,,,op11,,5,linear3,,45
p1298,,,op12,op1;op2;op3;op4;op5;op6;op7;op8;op9;op10;op11,2,sqrt,,55
p1299,1112.655,BATCH_PIPELINE,op1,,1,const,,55
p1299,,,op2,op1,1,const,,55
p1299,,,op3,op1,15,linear3,,37.5
p1299,,,op4,op1,1,const,,55
p1299,,,op5,op1,5,linear3,,45
p1299,,,op6,op1,80,squared,,10
p1300,1112.655,INTERACTIVE,op1,,1,const,,55
p1300,,,op2,op1,2,sqrt,,55
p1300,,,op3,op2,40,linear7,,20
p1300,,,op4,op3,1,const,,55
p1300,,,op5,op4,5,linear3,,45
p1300,,,op6,op5,1,const,,55
p1300,,,op7,op6,15,linear3,,37.5
p1301,1121.781,QUERY,op1,,15,linear3,,35
p1302,1121.781,BATCH_PIPELINE,op1,,1,const,,55
p1302,,,op2,op1,20,linear7,,30
p1302,,,op3,op2,1,const,,55
p1302,,,op4,op3,2,sqrt,,55
p1302,,,op5,op4,15,linear3,,37.5
p1302,,,op6,op5,20,linear7,,30
p1303,1121.781,INTERACTIVE,op1,,1,const,,55
p1303,,,op2,op1,2,sqrt,,55
p1303,,,op3,op2,15,linear3,,37.5
p1303,,,op4,op3,5,linear3,,45
p1303,,,op5,op4,5,linear3,,45
p1303,,,op6,op5,5,linear3,,45
p1303,,,op7,op6,20,linear7,,30
p1304,1121.781,BATCH_PIPELINE,op1,,1,const,,55
p1304,,,op2,op1,1,const,,55
p1304,,,op3,op1,2,sqrt,,55
p1304,,,op4,op1,1,const,,55
p1304,,,op5,op1,40,linear7,,20
p1304,,,op6,op1,5,linear3,,45
p1305,1121.781,BATCH_PIPELINE,op1,,1,const,,55
p1305,,,op2,op1,5,linear3,,45
p1305,,,op3,op2,15,linear3,,37.5
p1305,,,op4,op3,5,linear3,,45
p1305,,,op5,op4,5,linear3,,45
p1305,,,op6,op5,1,const,,55
p1305,,,op7,op6,1,const,,55
p1306,1121.781,BATCH_PIPELINE,op1,,1,const,,55
p1306,,,op2,op1,20,linear7,,30
p1306,,,op3,op2,20,linear7,,30
p1306,,,op4,op3,20,linear7,,30
p1306,,,op5,op4,15,linear3,,37.5
p1306,,,op6,op5,20,linear7,,30
p1306,,,op7,op6,80,squared,,10
p1306,,,op8,op7,5,linear3,,45
p1307,1121.781,BATCH_PIPELINE,op1,,1,const,,55
p1307,,,op2,op1,80,squared,,10
p1307,,,op3,op2,2,sqrt,,55
p1307,,,op4,op3,2,sqrt,,55
p1308,1121.781,BATCH_PIPELINE,op1,,1,const,,55
p1308,,,op2,op1,1,const,,55
p1308,,,op3,op1,80,squared,,10
p1308,,,op4,op1,15,linear3,,37.5
p1308,,,op5,op1,15,linear3,,37.5
p1308,,,op6,op1,5,linear3,,45
p1308,,,op7,op1,15,linear3,,37.5
p1308,,,op8,op1,1,const,,55
p1308,,,op9,op1,2,sqrt,,55
p1308,,,op10,op1,15,linear3,,37.5
p1309,1121.781,BATCH_PIPELINE,op1,,1,const,,55
p1309,,,op2,op1,5,linear3,,45
p1309,,,op3,op2,2,sqrt,,55
p1309,,,op4,op3,2,sqrt,,55
p1309,,,op5,op4,1,const,,55
p1309,,,op6,op5,15,linear3,,37.5
p1309,,,op7,op6,5,linear3,,45
p1310,1121.781,BATCH_PIPELINE,op1,,1,const,,55
p1310,,,op2,op1,20,linear7,,30
p1310,,,op3,op1,5,linear3,,45
p1310,,,op4,op1,1,const,,55
p1310,,,op5,op1,20,linear7,,30
p1310,,,op6,op1,1,const,,55
p1310,,,op7,op1,15,linear3,,37.5
p1310,,,op8,op1,2,sqrt,,55
p1311,1129.907,BATCH_PIPELINE,op1,,1,const,,55
p1311,,,op2,op1,15,linear3,,37.5
p1311,,,op3,op2,15,linear3,,37.5
p1311,,,op4,op3,1,const,,55
p1311,,,op5,op4,5,linear3,,45
p1311,,,op6,op5,5,linear3,,45
p1311,,,op7,op6,40,linear7,,20
p1311,,,op8,op7,2,sqrt,,55
p1311,,,op9,op8,15,linear3,,37.5
p1312,1129.907,BATCH_PIPELINE,op1,,1,const,,55
p1312,,,op2,op1,15,linear3,,37.5
p1312,,,op3,op2,20,linear7,,30
p1312,,,op4,op3,1,const,,55
p1312,,,op5,op4,1,const,,55
p1312,,,op6,op5,1,const,,55
p1312,,,op7,op6,20,linear7,,30
p1312,,,op8,op7,20,linear7,,30
p1312,,,op9,op8,20,linear7,,30
p1312,,,op10,op9,2,sqrt,,55
p1313,1129.907,QUERY,op1,,15,linear3,,35
p1314,1129.907,BATCH_PIPELINE,op1,,1,const,,55
p1314,,,op2,op1,20,linear7,,30
p1314,,,op3,op2,15,linear3,,37.5
p1314,,,op4,op3,40,linear7,,20
p1314,,,op5,op4,5,linear3,,45
p1314,,,op6,op5,5,linear3,,45
p1314,,,op7,op6,5,linear3,,45
p1314,,,op8,op7,2,sqrt,,55
p1314,,,op9,op8,5,linear3,,45
p1314,,,op10,op9,1,const,,55
p1315,1129.907,BATCH_PIPELINE,op1,,1,const,,55
p1315,,,op2,op1,1,const,,55
p1315,,,op3,op2,80,squared,,10
p1315,,,op4,op3,1,const,,55
p1315,,,op5,op4,1,const,,55
p1315,,,op6,op5,2,sqrt,,55
p1315,,,op7,op6,40,linear7,,20
p1315,,,op8,op7,15,linear3,,37.5
p1315,,,op9,op8,5,linear3,,45
p1316,1129.907,BATCH_PIPELINE,op1,,1,const,,55
p1316,,,op2,,20,linear7,,30
p1316,,,op3,,40,linear7,,20
p1316,,,op4,,15,linear3,,37.5
p1316,,,op5,op1;op2;op3;op4,1,const,,55
p1317,1129.907,INTERACTIVE,op1,,1,const,,55
p1317,,,op2,,2,sqrt,,55
p1317,,,op3,,1,const,,55
p1317,,,op4,,20,linear7,,30
p1317,,,op5,,15,linear3,,37.5
p1317,,,op6,,20,linear7,,30
p1317,,,op7,,2,sqrt,,55
p1317,,,op8,op1;op2;op3;op4;op5;op6;op7,15,linear3,,37.5
p1318,1129.907,INTERACTIVE,op1,,1,const,,55
p1318,,,op2,op1,1,const,,55
p1318,,,op3,op1,5,linear3,,45
p1318,,,op4,op1,80,squared,,10
p1318,,,op5,op1,1,const,,55
p1318,,,op6,op1,1,const,,55
p1318,,,op7,op1,15,linear3,,37.5
p1319,1129.907,INTERACTIVE,op1,,1,const,,55
p1319,,,op2,op1,5,linear3,,45
p1319,,,op3,op2,2,sqrt,,55
p1319,,,op4,op3,15,linear3,,37.5
p1319,,,op5,op4,2,sqrt,,55
p1319,,,op6,op5,20,linear7,,30
p1319,,,op7,op6,1,const,,55
p1319,,,op8,op7,20,linear7,,30
p1320,1129.907,INTERACTIVE,op1,,1,const,,55
p1320,,,op2,op1,2,sqrt,,55
p1320,,,op3,op1,40,linear7,,20
p1320,,,op4,op1,5,linear3,,45
p1320,,,op5,op1,15,linear3,,37.5
p1320,,,op6,op1,2,sqrt,,55
p1320,,,op7,op1,5,linear3,,45
p1321,1135.82,BATCH_PIPELINE,op1,,1,const,,55
p1321,,,op2,,2,sqrt,,55
p1321,,,op3,,5,linear3,,45
p1321,,,op4,,20,linear7,,30
p1321,,,op5,,5,linear3,,45
p1321,,,op6,,5,linear3,,45
p1321,,,op7,,80,squared,,10
p1321,,,op8,op1;op2;op3;op4;op5;op6;op7,2,sqrt,,55
p1322,1135.82,INTERACTIVE,op1,,1,const,,55
p1322,,,op2,op1,20,linear7,,30
p1322,,,op3,op2,2,sqrt,,55
p1322,,,op4,op3,1,const,,55
p1322,,,op5,op4,1,const,,55
p1323,1135.82,INTERACTIVE,op1,,1,const,,55
p1323,,,op2,op1,15,linear3,,37.5
p1323,,,op3,op2,1,const,,55
p1323,,,op4,op3,5,linear3,,45
p1323,,,op5,op4,1,const,,55
p1323,,,op6,op5,5,linear3,,45
p1323,,,op7,op6,2,sqrt,,55
p1323,,,op8,op7,1,const,,55
p1323,,,op9,op8,2,sqrt,,55
p1324,1135.82,BATCH_PIPELINE,op1,,1,const,,55
p1324,,,op2,op1,5,linear3,,45
p1324,,,op3,op2,1,const,,55
p1324,,,op4,op3,2,sqrt,,55
p1324,,,op5,op4,20,linear7,,30
p1325,1135.82,BATCH_PIPELINE,op1,,1,const,,55
p1325,,,op2,op1,20,linear7,,30
p1325,,,op3,op2,40,linear7,,20
p1325,,,op4,op3,15,linear3,,37.5
p1325,,,op5,op4,1,const,,55
p1325,,,op6,op5,2,sqrt,,55
p1325,,,op7,op6,40,linear7,,20
p1325,,,op8,op7,2,sqrt,,55
p1325,,,op9,op8,20,linear7,,30
p1325,,,op10,op9,5,linear3,,45
p1326,1135.82,INTERACTIVE,op1,,1,const,,55
p1326,,,op2,,2,sqrt,,55
p1326,,,op3,,15,linear3,,37.5
p1326,,,op4,,15,linear3,,37.5
p1326,,,op5,op1;op2;op3;op4,15,linear3,,37.5
p1327,1135.82,BATCH_PIPELINE,op1,,1,const,,55
p1327,,,op2,op1,1,const,,55
p1327,,,op3,op1,40,linear7,,20
p1327,,,op4,op1,5,linear3,,45
p1327,,,op5,op1,5,linear3,,45
p1327,,,op6,op1,15,linear3,,37.5
p1328,1135.82,QUERY,op1,,15,linear3,,35
p1329,1135.82,INTERACTIVE,op1,,1,const,,55
p1329,,,op2,op1,15,linear3,,37.5
p1329,,,op3,op1,1,const,,55
p1329,,,op4,op1,15,linear3,,37.5
p1329,,,op5,op1,2,sqrt,,55
p1330,1135.82,BATCH_PIPELINE,op1,,1,const,,55
p1330,,,op2,,1,const,,55
p1330,,,op3,,2,sqrt,,55
p1330,,,op4,,15,linear3,,37.5
p1330,,,op5,op1;op2;op3;op4,80,squared,,10
p1331,1146.067,INTERACTIVE,op1,,1,const,,55
p1331,,,op2,op1,15,linear3,,37.5
p1331,,,op3,op2,15,linear3,,37.5
p1331,,,op4,op3,2,sqrt,,55
p1331,,,op5,op4,20,linear7,,30
p1331,,,op6,op5,2,sqrt,,55
p1331,,,op7,op6,20,linear7,,30
p1331,,,op8,op7,1,const,,55
p1331,,,op9,op8,15,linear3,,37.5
p1331,,,op10,op9,5,linear3,,45
p1331,,,op11,op10,40,linear7,,20
p1332,1146.067,BATCH_PIPELINE,op1,,1,const,,55
p1332,,,op2,op1,5,linear3,,45
p1332,,,op3,op2,20,linear7,,30
p1332,,,op4,op3,20,linear7,,30
p1332,,,op5,op4,15,linear3,,37.5
p1332,,,op6,op5,1,const,,55
p1332,,,op7,op6,2,sqrt,,55
p1332,,,op8,op7,40,linear7,,20
p1332,,,op9,op8,1,const,,55
p1332,,,op10,op9,20,linear7,,30
p1333,1146.067,BATCH_PIPELINE,op1,,1,const,,55
p1333,,,op2,,2,sqrt,,55
p1333,,,op3,,80,squared,,10
p1333,,,op4,,2,sqrt,,55
p1333,,,op5,,2,sqrt,,55
p1333,,,op6,op1;op2;op3;op4;op5,2,sqrt,,55
p1334,1146.067,INTERACTIVE,op1,,1,const,,55
p1334,,,op2,op1,40,linear7,,20
p1334,,,op3,op2,20,linear7,,30
p1334,,,op4,op3,2,sqrt,,55
p1334,,,op5,op4,1,const,,55
p1334,,,op6,op5,40,linear7,,20
p1334,,,op7,op6,15,linear3,,37.5
p1335,1146.067,BATCH_PIPELINE,op1,,1,const,,55
p1335,,,op2,,15,linear3,,37.5
p1335,,,op3,,1,const,,55
p1335,,,op4,op1;op2;op3,1,const,,55
p1336,1146.067,INTERACTIVE,op1,,1,const,,55
p1336,,,op2,op1,5,linear3,,45
p1336,,,op3,op2,80,squared,,10
p1336,,,op4,op3,5,linear3,,45
p1336,,,op5,op4,5,linear3,,45
p1337,1146.067,BATCH_PIPELINE,op1,,1,const,,55
p1337,,,op2,op1,15,linear3,,37.5
p1337,,,op3,op2,15,linear3,,37.5
p1337,,,op4,op3,80,squared,,10
p1337,,,op5,op4,20,linear7,,30
p1337,,,op6,op5,1,const,,55
p1337,,,op7,op6,15,linear3,,37.5
p1338,1146.067,BATCH_PIPELINE,op1,,1,const,,55
p1338,,,op2,op1,1,const,,55
p1338,,,op3,op1,15,linear3,,37.5
p1338,,,op4,op1,20,linear7,,30
p1338,,,op5,op1,20,linear7,,30
p1338,,,op6,op1,20,linear7,,30
p1338,,,op7,op1,15,linear3,,37.5
p1338,,,op8,op1,15,linear3,,37.5
p1339,1146.067,BATCH_PIPELINE,op1,,1,const,,55
p1339,,,op2,op1,5,linear3,,45
p1339,,,op3,op2,5,linear3,,45
p1339,,,op4,op3,80,squared,,10
p1339,,,op5,op4,5,linear3,,45
p1339,,,op6,op5,15,linear3,,37.5
p1339,,,op7,op6,15,linear3,,37.5
p1339,,,op8,op7,5,linear3,,45
p1339,,,op9,op8,2,sqrt,,55
p1340,1146.067,QUERY,op1,,15,linear3,,35
p1341,1154.98,INTERACTIVE,op1,,1,const,,55
p1341,,,op2,op1,20,linear7,,30
p1341,,,op3,op1,15,linear3,,37.5
p1341,,,op4,op1,40,linear7,,20
p1341,,,op5,op1,2,sqrt,,55
p1341,,,op6,op1,15,linear3,,37.5
p1341,,,op7,op1,5,linear3,,45
p1341,,,op8,op1,15,linear3,,37.5
p1341,,,op9,op1,2,sqrt,,55
p1342,1154.98,BATCH_PIPELINE,op1,,1,const,,55
p1342,,,op2,,5,linear3,,45
p1342,,,op3,,5,linear3,,45
p1342,,,op4,,20,linear7,,30
p1342,,,op5,,2,sqrt,,55
p1342,,,op6,,40,linear7,,20
p1342,,,op7,,40,linear7,,20
p1342,,,op8,op1;op2;op3;op4;op5;op6;op7,40,linear7,,20
p1343,1154.98,INTERACTIVE,op1,,1,const,,55
p1343,,,op2,,15,linear3,,37.5
p1343,,,op3,,2,sqrt,,55
p1343,,,op4,,40,linear7,,20
p1343,,,op5,,20,linear7,,30
p1343,,,op6,,2,sqrt,,55
p1343,,,op7,op1;op2;op3;op4;op5;op6,80,squared,,10
p1344,1154.98,BATCH_PIPELINE,op1,,1,const,,55
p1344,,,op2,,40,linear7,,20
p1344,,,op3,,80,squared,,10
p1344,,,op4,,40,linear7,,20
p1344,,,op5,op1;op2;op3;op4,40,linear7,,20
p1345,1154.98,BATCH_PIPELINE,op1,,1,const,,55
p1345,,,op2,op1,20,linear7,,30
p1345,,,op3,op2,20,linear7,,30
p1345,,,op4,op3,2,sqrt,,55
p1345,,,op5,op4,20,linear7,,30
p1345,,,op6,op5,40,linear7,,20
p1345,,,op7,op6,5,linear3,,45
p1345,,,op8,op7,5,linear3,,45
p1345,,,op9,op8,15,linear3,,37.5
p1346,1154.98,INTERACTIVE,op1,,1,const,,55
p1346,,,op2,op1,5,linear3,,45
p1346,,,op3,op2,15,linear3,,37.5
p1346,,,op4,op3,2,sqrt,,55
p1346,,,op5,op4,40,linear7,,20
p1347,1154.98,BATCH_PIPELINE,op1,,1,const,,55
p1347,,,op2,op1,5,linear3,,45
p1347,,,op3,op1,20,linear7,,30
p1347,,,op4,op1,15,linear3,,37.5
p1347,,,op5,op1,15,linear3,,37.5
p1347,,,op6,op1,15,linear3,,37.5
p1347,,,op7,op1,20,linear7,,30
p1348,1154.98,BATCH_PIPELINE,op1,,1,const,,55
p1348,,,op2,op1,80,squared,,10
p1348,,,op3,op2,5,linear3,,45
p1348,,,op4,op3,15,linear3,,37.5
p1348,,,op5,op4,20,linear7,,30
p1348,,,op6,op5,5,linear3,,45
p1348,,,op7,op6,15,linear3,,37.5
p1348,,,op8,op7,5,linear3,,45
p1349,1154.98,INTERACTIVE,op1,,1,const,,55
p1349,,,op2,op1,80,squared,,10
p1349,,,op3,op2,20,linear7,,30
p1349,,,op4,op3,20,linear7,,30
p1349,,,op5,op4,1,const,,55
p1349,,,op6,op5,2,sqrt,,55
p1349,,,op7,op6,40,linear7,,20
p1349,,,op8,op7,80,squared,,10
p1350,1154.98,INTERACTIVE,op1,,1,const,,55
p1350,,,op2,op1,2,sqrt,,55
p1350,,,op3,op2,20,linear7,,30
p1350,,,op4,op3,1,const,,55
p1350,,,op5,op4,1,const,,55
p1350,,,op6,op5,1,const,,55
p1350,,,op7,op6,20,linear7,,30
p1350,,,op8,op7,5,linear3,,45
p1350,,,op9,op8,15,linear3,,37.5
p1350,,,op10,op9,5,linear3,,45
p1351,1161.448,QUERY,op1,,15,linear3,,35
p1352,1161.448,QUERY,op1,,15,linear3,,35
p1353,1161.448,BATCH_PIPELINE,op1,,1,const,,55
p1353,,,op2,,20,linear7,,30
p1353,,,op3,,20,linear7,,30
p1353,,,op4,,1,const,,55
p1353,,,op5,,5,linear3,,45
p1353,,,op6,op1;op2;op3;op4;op5,80,squared,,10
p1354,1161.448,INTERACTIVE,op1,,1,const,,55
p1354,,,op2,op1,40,linear7,,20
p1354,,,op3,op2,15,linear3,,37.5
p1354,,,op4,op3,5,linear3,,45
p1354,,,op5,op4,15,linear3,,37.5
p1354,,,op6,op5,15,linear3,,37.5
p1354,,,op7,op6,5,linear3,,45
p1354,,,op8,op7,1,const,,55
p1355,1161.448,INTERACTIVE,op1,,1,const,,55
p1355,,,op2,op1,5,linear3,,45
p1355,,,op3,op2,5,linear3,,45
p1355,,,op4,op3,1,const,,55
p1355,,,op5,op4,1,const,,55
p1355,,,op6,op5,2,sqrt,,55
p1355,,,op7,op6,5,linear3,,45
p1355,,,op8,op7,1,const,,55
p1355,,,op9,op8,15,linear3,,37.5
p1355,,,op10,op9,40,linear7,,20
p1356,1161.448,BATCH_PIPELINE,op1,,1,const,,55
p1356,,,op2,op1,20,linear7,,30
p1356,,,op3,op1,15,linear3,,37.5
p1356,,,op4,op1,15,linear3,,37.5
p1356,,,op5,op1,80,squared,,10
p1356,,,op6,op1,2,sqrt,,55
p1356,,,op7,op1,1,const,,55
p1357,1161.448,BATCH_PIPELINE,op1,,1,const,,55
p1357,,,op2,,1,const,,55
p1357,,,op3,,1,const,,55
p1357,,,op4,,5,linear3,,45
p1357,,,op5,,1,const,,55
p1357,,,op6,,20,linear7,,30
p1357,,,op7,,5,linear3,,45
p1357,,,op8,op1;op2;op3;op4;op5;op6;op7,2,sqrt,,55
p1358,1161.448,BATCH_PIPELINE,op1,,1,const,,55
p1358,,,op2,op1,15,linear3,,37.5
p1358,,,op3,op2,15,linear3,,37.5
p1358,,,op4,op3,5,linear3,,45
p1358,,,op5,op4,1,const,,55
p1358,,,op6,op5,2,sqrt,,55
p1358,,,op7,op6,5,linear3,,45
p1358,,,op8,op7,80,squared,,10
p1359,1161.448,INTERACTIVE,op1,,1,const,,55
p1359,,,op2,op1,5,linear3,,45
p1359,,,op3,op2,40,linear7,,20
p1359,,,op4,op3,5,linear3,,45
p1359,,,op5,op4,5,linear3,,45
p1359,,,op6,op5,20,linear7,,30
p1359,,,op7,op6,80,squared,,10
p1360,1161.448,QUERY,op1,,15,linear3,,35
p1361,1170.141,BATCH_PIPELINE,op1,,1,const,,55
p1361,,,op2,,2,sqrt,,55
p1361,,,op3,,20,linear7,,30
p1361,,,op4,,15,linear3,,37.5
p1361,,,op5,,5,linear3,,45
p1361,,,op6,,1,const,,55
p1361,,,op7,,15,linear3,,37.5
p1361,,,op8,op1;op2;op3;op4;op5;op6;op7,1,const,,55
p1362,1170.141,BATCH_PIPELINE,op1,,1,const,,55
p1362,,,op2,op1,80,squared,,10
p1362,,,op3,op2,20,linear7,,30
p1362,,,op4,op3,40,linear7,,20
p1362,,,op5,op4,20,linear7,,30
p1362,,,op6,op5,40,linear7,,20
p1363,1170.141,INTERACTIVE,op1,,1,const,,55
p1363,,,op2,op1,20,linear7,,30
p1363,,,op3,op2,5,linear3,,45
p1363,,,op4,op3,15,linear3,,37.5
p1363,,,op5,op4,5,linear3,,45
p1363,,,op6,op5,2,sqrt,,55
p1364,1170.141,BATCH_PIPELINE,op1,,1,const,,55
p1364,,,op2,op1,20,linear7,,30
p1364,,,op3,op2,1,const,,55
p1364,,,op4,op3,2,sqrt,,55
p1364,,,op5,op4,2,sqrt,,55
p1365,1170.141,BATCH_PIPELINE,op1,,1,const,,55
p1365,,,op2,op1,1,const,,55
p1365,,,op3,op2,80,squared,,10
p1365,,,op4,op3,15,linear3,,37.5
p1365,,,op5,op4,15,linear3,,37.5
p1365,,,op6,op5,2,sqrt,,55
p1365,,,op7,op6,2,sqrt,,55
p1366,1170.141,BATCH_PIPELINE,op1,,1,const,,55
p1366,,,op2,op1,1,const,,55
p1366,,,op3,op2,5,linear3,,45
p1366,,,op4,op3,2,sqrt,,55
p1367,1170.141,INTERACTIVE,op1,,1,const,,55
p1367,,,op2,op1,5,linear3,,45
p1367,,,op3,op2,5,linear3,,45
p1367,,,op4,op3,1,const,,55
p1367,,,op5,op4,80,squared,,10
p1367,,,op6,op5,2,sqrt,,55
p1367,,,op7,op6,5,linear3,,45
p1367,,,op8,op7,2,sqrt,,55
p1368,1170.141,INTERACTIVE,op1,,1,const,,55
p1368,,,op2,op1,20,linear7,,30
p1368,,,op3,op1,40,linear7,,20
p1368,,,op4,op1,80,squared,,10
p1368,,,op5,op1,15,linear3,,37.5
p1368,,,op6,op1,80,squared,,10
p1368,,,op7,op1,20,linear7,,30
p1368,,,op8,op1,15,linear3,,37.5
p1368,,,op9,op1,15,linear3,,37.5
p1368,,,op10,op1,1,const,,55
p1369,1170.141,BATCH_PIPELINE,op1,,1,const,,55
p1369,,,op2,op1,15,linear3,,37.5
p1369,,,op3,op2,1,const,,55
p1369,,,op4,op3,5,linear3,,45
p1370,1170.141,BATCH_PIPELINE,op1,,1,const,,55
p1370,,,op2,op1,20,linear7,,30
p1370,,,op3,op2,5,linear3,,45
p1370,,,op4,op3,15,linear3,,37.5
p1370,,,op5,op4,1,const,,55
p1370,,,op6,op5,5,linear3,,45
p1370,,,op7,op6,40,linear7,,20
p1370,,,op8,op7,20,linear7,,30
p1371,1177.348,QUERY,op1,,15,linear3,,35
p1372,1177.348,INTERACTIVE,op1,,1,const,,55
p1372,,,op2,op1,5,linear3,,45
p1372,,,op3,op2,20,linear7,,30
p1372,,,op4,op3,2,sqrt,,55
p1372,,,op5,op4,5,linear3,,45
p1372,,,op6,op5,5,linear3,,45
p1373,1177.348,QUERY,op1,,15,linear3,,35
p1374,1177.348,BATCH_PIPELINE,op1,,1,const,,55
p1374,,,op2,op1,1,const,,55
p1374,,,op3,op2,20,linear7,,30
p1374,,,op4,op3,5,linear3,,45
p1374,,,op5,op4,15,linear3,,37.5
p1374,,,op6,op5,40,linear7,,20
p1375,1177.348,BATCH_PIPELINE,op1,,1,const,,55
p1375,,,op2,,15,linear3,,37.5
p1375,,,op3,,5,linear3,,45
p1375,,,op4,op1;op2;op3,15,linear3,,37.5
p1376,1177.348,BATCH_PIPELINE,op1,,1,const,,55
p1376,,,op2,op1,2,sqrt,,55
p1376,,,op3,op2,2,sqrt,,55
p1376,,,op4,op3,1,const,,55
p1376,,,op5,op4,5,linear3,,45
p1376,,,op6,op5,5,linear3,,45
p1376,,,op7,op6,1,const,,55
p1376,,,op8,op7,20,linear7,,30
p1376,,,op9,op8,40,linear7,,20
p1376,,,op10,op9,5,linear3,,45
p1377,1177.348,INTERACTIVE,op1,,1,const,,55
p1377,,,op2,op1,1,const,,55
p1377,,,op3,op1,2,sqrt,,55
p1377,,,op4,op1,5,linear3,,45
p1377,,,op5,op1,15,linear3,,37.5
p1377,,,op6,op1,15,linear3,,37.5
p1377,,,op7,op1,15,linear3,,37.5
p1377,,,op8,op1,1,const,,55
p1378,1177.348,BATCH_PIPELINE,op1,,1,const,,55
p1378,,,op2,op1,5,linear3,,45
p1378,,,op3,op2,15,linear3,,37.5
p1378,,,op4,op3,80,squared,,10
p1378,,,op5,op4,15,linear3,,37.5
p1378,,,op6,op5,5,linear3,,45
p1378,,,op7,op6,2,sqrt,,55
p1378,,,op8,op7,80,squared,,10
p1379,1177.348,BATCH_PIPELINE,op1,,1,const,,55
p1379,,,op2,op1,5,linear3,,45
p1379,,,op3,op2,1,const,,55
p1379,,,op4,op3,40,linear7,,20
p1379,,,op5,op4,5,linear3,,45
p1379,,,op6,op5,1,const,,55
p1379,,,op7,op6,40,linear7,,20
p1379,,,op8,op7,2,sqrt,,55
p1380,1177.348,QUERY,op1,,15,linear3,,35
p1381,1188.242,BATCH_PIPELINE,op1,,1,const,,55
p1381,,,op2,op1,5,linear3,,45
p1381,,,op3,op2,5,linear3,,45
p1382,1188.242,INTERACTIVE,op1,,1,const,,55
p1382,,,op2,op1,1,const,,55
p1382,,,op3,op2,5,linear3,,45
p1382,,,op4,op3,15,linear3,,37.5
p1383,1188.242,BATCH_PIPELINE,op1,,1,const,,55
p1383,,,op2,,20,linear7,,30
p1383,,,op3,,5,linear3,,45
p1383,,,op4,,1,const,,55
p1383,,,op5,,1,const,,55
p1383,,,op6,op1;op2;op3;op4;op5,15,linear3,,37.5
p1384,1188.242,INTERACTIVE,op1,,1,const,,55
p1384,,,op2,,2,sqrt,,55
p1384,,,op3,,15,linear3,,37.5
p1384,,,op4,,2,sqrt,,55
p1384,,,op5,,15,linear3,,37.5
p1384,,,op6,,20,linear7,,30
p1384,,,op7,,15,linear3,,37.5
p1384,,,op8,,15,linear3,,37.5
p1384,,,op9,,15,linear3,,37.5
p1384,,,op10,op1;op2;op3;op4;op5;op6;op7;op8;op9,1,const,,55
p1385,1188.242,INTERACTIVE,op1,,1,const,,55
p1385,,,op2,op1,20,linear7,,30
p1385,,,op3,op2,5,linear3,,45
p1385,,,op4,op3,40,linear7,,20
p1385,,,op5,op4,5,linear3,,45
p1385,,,op6,op5,15,linear3,,37.5
p1385,,,op7,op6,5,linear3,,45
p1385,,,op8,op7,15,linear3,,37.5
p1386,1188.242,BATCH_PIPELINE,op1,,1,const,,55
p1386,,,op2,op1,20,linear7,,30
p1386,,,op3,op2,80,squared,,10
p1386,,,op4,op3,1,const,,55
p1386,,,op5,op4,1,const,,55
p1386,,,op6,op5,5,linear3,,45
p1386,,,op7,op6,15,linear3,,37.5
p1386,,,op8,op7,5,linear3,,45
p1386,,,op9,op8,1,const,,55
p1386,,,op10,op9,40,linear7,,20
p1386,,,op11,op10,80,squared,,10
p1387,1188.242,BATCH_PIPELINE,op1,,1,const,,55
p1387,,,op2,op1,2,sqrt,,55
p1387,,,op3,op2,15,linear3,,37.5
p1387,,,op4,op3,80,squared,,10
p1387,,,op5,op4,5,linear3,,45
p1387,,,op6,op5,5,linear3,,45
p1387,,,op7,op6,40,linear7,,20
p1387,,,op8,op7,40,linear7,,20
p1387,,,op9,op8,2,sqrt,,55
p1387,,,op10,op9,5,linear3,,45
p1388,1188.242,INTERACTIVE,op1,,1,const,,55
p1388,,,op2,op1,2,sqrt,,55
p1388,,,op3,op2,40,linear7,,20
p1388,,,op4,op3,15,linear3,,37.5
p1388,,,op5,op4,80,squared,,10
p1388,,,op6,op5,15,linear3,,37.5
p1388,,,op7,op6,5,linear3,,45
p1388,,,op8,op7,20,linear7,,30
p1389,1188.242,INTERACTIVE,op1,,1,const,,55
p1389,,,op2,op1,5,linear3,,45
p1389,,,op3,op2,1,const,,55
p1389,,,op4,op3,5,linear3,,45
p1390,1188.242,INTERACTIVE,op1,,1,const,,55
p1390,,,op2,op1,15,linear3,,37.5
p1390,,,op3,op2,5,linear3,,45
p1390,,,op4,op3,5,linear3,,45
p1390,,,op5,op4,2,sqrt,,55
p1390,,,op6,op5,15,linear3,,37.5
p1390,,,op7,op6,15,linear3,,37.5
p1391,1195.217,BATCH_PIPELINE,op1,,1,const,,55
p1391,,,op2,op1,80,squared,,10
p1391,,,op3,op2,5,linear3,,45
p1391,,,op4,op3,5,linear3,,45
p1391,,,op5,op4,5,linear3,,45
p1391,,,op6,op5,2,sqrt,,55
p1391,,,op7,op6,20,linear7,,30
p1391,,,op8,op7,2,sqrt,,55
p1392,1195.217,QUERY,op1,,15,linear3,,35
p1393,1195.217,BATCH_PIPELINE,op1,,1,const,,55
p1393,,,op2,op1,5,linear3,,45
p1393,,,op3,op1,20,linear7,,30
p1393,,,op4,op1,15,linear3,,37.5
p1393,,,op5,op1,80,squared,,10
p1393,,,op6,op1,20,linear7,,30
p1394,1195.217,QUERY,op1,,15,linear3,,35
p1395,1195.217,INTERACTIVE,op1,,1,const,,55
p1395,,,op2,op1,5,linear3,,45
p1395,,,op3,op2,80,squared,,10
p1395,,,op4,op3,15,linear3,,37.5
p1395,,,op5,op4,2,sqrt,,55
p1395,,,op6,op5,20,linear7,,30
p1395,,,op7,op6,2,sqrt,,55
p1396,1195.217,BATCH_PIPELINE,op1,,1,const,,55
p1396,,,op2,op1,20,linear7,,30
p1396,,,op3,op2,1,const,,55
p1396,,,op4,op3,15,linear3,,37.5
p1396,,,op5,op4,5,linear3,,45
p1396,,,op6,op5,80,squared,,10
p1396,,,op7,op6,15,linear3,,37.5
p1396,,,op8,op7,2,sqrt,,55
p1397,1195.217,BATCH_PIPELINE,op1,,1,const,,55
p1397,,,op2,op1,2,sqrt,,55
p1397,,,op3,op2,15,linear3,,37.5
p1397,,,op4,op3,20,linear7,,30
p1397,,,op5,op4,20,linear7,,30
p1397,,,op6,op5,15,linear3,,37.5
p1397,,,op7,op6,15,linear3,,37.5
p1397,,,op8,op7,15,linear3,,37.5
p1397,,,op9,op8,15,linear3,,37.5
p1397,,,op10,op9,15,linear3,,37.5
p1398,1195.217,BATCH_PIPELINE,op1,,1,const,,55
p1398,,,op2,op1,5,linear3,,45
p1398,,,op3,op2,20,linear7,,30
p1398,,,op4,op3,1,const,,55
p1398,,,op5,op4,1,const,,55
p1398,,,op6,op5,20,linear7,,30
p1398,,,op7,op6,80,squared,,10
p1398,,,op8,op7,1,const,,55
p1399,1195.217,BATCH_PIPELINE,op1,,1,const,,55
p1399,,,op2,op1,15,linear3,,37.5
p1399,,,op3,op2,1,const,,55
p1399,,,op4,op3,1,const,,55
p1399,,,op5,op4,5,linear3,,45
p1399,,,op6,op5,5,linear3,,45
p1399,,,op7,op6,1,const,,55
p1400,1195.217,BATCH_PIPELINE,op1,,1,const,,55
p1400,,,op2,op1,15,linear3,,37.5
p1400,,,op3,op2,5,linear3,,45
p1400,,,op4,op3,20,linear7,,30
p1400,,,op5,op4,2,sqrt,,55
p1400,,,op6,op5,1,const,,55
p1400,,,op7,op6,5,linear3,,45
p1401,1204.353,INTERACTIVE,op1,,1,const,,55
p1401,,,op2,,2,sqrt,,55
p1401,,,op3,,1,const,,55
p1401,,,op4,,20,linear7,,30
p1401,,,op5,op1;op2;op3;op4,2,sqrt,,55
p1402,1204.353,INTERACTIVE,op1,,1,const,,55
p1402,,,op2,op1,5,linear3,,45
p1402,,,op3,op2,1,const,,55
p1402,,,op4,op3,1,const,,55
p1402,,,op5,op4,5,linear3,,45
p1402,,,op6,op5,15,linear3,,37.5
p1402,,,op7,op6,1,const,,55
p1402,,,op8,op7,5,linear3,,45
p1403,1204.353,BATCH_PIPELINE,op1,,1,const,,55
p1403,,,op2,op1,20,linear7,,30
p1403,,,op3,op2,40,linear7,,20
p1403,,,op4,op3,15,linear3,,37.5
p1403,,,op5,op4,20,linear7,,30
p1403,,,op6,op5,5,linear3,,45
p1403,,,op7,op6,80,squared,,10
p1403,,,op8,op7,1,const,,55
p1404,1204.353,BATCH_PIPELINE,op1,,1,const,,55
p1404,,,op2,,15,linear3,,37.5
p1404,,,op3,,20,linear7,,30
p1404,,,op4,,1,const,,55
p1404,,,op5,,80,squared,,10
p1404,,,op6,,5,linear3,,45
p1404,,,op7,,40,linear7,,20
p1404,,,op8,,1,const,,55
p1404,,,op9,op1;op2;op3;op4;op5;op6;op7;op8,15,linear3,,37.5
p1405,1204.353,INTERACTIVE,op1,,1,const,,55
p1405,,,op2,op1,15,linear3,,37.5
p1405,,,op3,op2,1,const,,55
p1405,,,op4,op3,5,linear3,,45
p1405,,,op5,op4,5,linear3,,45
p1405,,,op6,op5,15,linear3,,37.5
p1405,,,op7,op6,20,linear7,,30
p1405,,,op8,op7,15,linear3,,37.5
p1405,,,op9,op8,1,const,,55
p1406,1204.353,BATCH_PIPELINE,op1,,1,const,,55
p1406,,,op2,op1,1,const,,55
p1406,,,op3,op2,15,linear3,,37.5
p1406,,,op4,op3,20,linear7,,30
p1406,,,op5,op4,5,linear3,,45
p1406,,,op6,op5,5,linear3,,45
p1406,,,op7,op6,5,linear3,,45
p1406,,,op8,op7,20,linear7,,30
p1406,,,op9,op8,1,const,,55
p1406,,,op10,op9,40,linear7,,20
p1406,,,op11,op10,5,linear3,,45
p1406,,,op12,op11,2,sqrt,,55
p1406,,,op13,op12,40,linear7,,20
p1407,1204.353,INTERACTIVE,op1,,1,const,,55
p1407,,,op2,op1,80,squared,,10
p1407,,,op3,op1,2,sqrt,,55
p1407,,,op4,op1,1,const,,55
p1407,,,op5,op1,2,sqrt,,55
p1407,,,op6,op1,15,linear3,,37.5
p1408,1204.353,INTERACTIVE,op1,,1,const,,55
p1408,,,op2,op1,15,linear3,,37.5
p1408,,,op3,op1,2,sqrt,,55
p1408,,,op4,op1,80,squared,,10
p1408,,,op5,op1,5,linear3,,45
p1408,,,op6,op1,2,sqrt,,55
p1408,,,op7,op1,5,linear3,,45
p1408,,,op8,op1,1,const,,55
p1408,,,op9,op1,5,linear3,,45
p1408,,,op10,op1,5,linear3,,45
p1408,,,op11,op1,20,linear7,,30
p1408,,,op12,op1,5,linear3,,45
p1409,1204.353,QUERY,op1,,15,linear3,,35
p1410,1204.353,BATCH_PIPELINE,op1,,1,const,,55
p1410,,,op2,op1,2,sqrt,,55
p1410,,,op3,op2,5,linear3,,45
p1410,,,op4,op3,15,linear3,,37.5
p1410,,,op5,op4,40,linear7,,20
p1410,,,op6,op5,2,sqrt,,55
p1410,,,op7,op6,15,linear3,,37.5
p1410,,,op8,op7,20,linear7,,30
p1411,1211.607,BATCH_PIPELINE,op1,,1,const,,55
p1411,,,op2,op1,15,linear3,,37.5
p1411,,,op3,op2,15,linear3,,37.5
p1411,,,op4,op3,20,linear7,,30
p1411,,,op5,op4,1,const,,55
p1411,,,op6,op5,15,linear3,,37.5
p1411,,,op7,op6,40,linear7,,20
p1412,1211.607,INTERACTIVE,op1,,1,const,,55
p1412,,,op2,op1,1,const,,55
p1412,,,op3,op2,15,linear3,,37.5
p1412,,,op4,op3,5,linear3,,45
p1412,,,op5,op4,15,linear3,,37.5
p1412,,,op6,op5,2,sqrt,,55
p1412,,,op7,op6,1,const,,55
p1412,,,op8,op7,5,linear3,,45
p1413,1211.607,INTERACTIVE,op1,,1,const,,55
p1413,,,op2,op1,15,linear3,,37.5
p1413,,,op3,op2,15,linear3,,37.5
p1413,,,op4,op3,20,linear7,,30
p1413,,,op5,op4,5,linear3,,45
p1413,,,op6,op5,15,linear3,,37.5
p1413,,,op7,op6,80,squared,,10
p1413,,,op8,op7,15,linear3,,37.5
p1414,1211.607,QUERY,op1,,15,linear3,,35
p1415,1211.607,BATCH_PIPELINE,op1,,1,const,,55
p1415,,,op2,op1,15,linear3,,37.5
p1415,,,op3,op2,2,sqrt,,55
p1415,,,op4,op3,5,linear3,,45
p1415,,,op5,op4,2,sqrt,,55
p1415,,,op6,op5,15,linear3,,37.5
p1415,,,op7,op6,20,linear7,,30
p1416,1211.607,BATCH_PIPELINE,op1,,1,const,,55
p1416,,,op2,op1,15,linear3,,37.5
p1416,,,op3,op2,2,sqrt,,55
p1417,1211.607,INTERACTIVE,op1,,1,const,,55
p1417,,,op2,,5,linear3,,45
p1417,,,op3,,1,const,,55
p1417,,,op4,,15,linear3,,37.5
p1417,,,op5,op1;op2;op3;op4,5,linear3,,45
p1418,1211.607,BATCH_PIPELINE,op1,,1,const,,55
p1418,,,op2,op1,5,linear3,,45
p1418,,,op3,op2,1,const,,55
p1418,,,op4,op3,40,linear7,,20
p1418,,,op5,op4,5,linear3,,45
p1418,,,op6,op5,2,sqrt,,55
p1419,1211.607,BATCH_PIPELINE,op1,,1,const,,55
p1419,,,op2,op1,15,linear3,,37.5
p1419,,,op3,op2,2,sqrt,,55
p1419,,,op4,op3,2,sqrt,,55
p1419,,,op5,op4,1,const,,55
p1419,,,op6,op5,2,sqrt,,55
p1419,,,op7,op6,15,linear3,,37.5
p1419,,,op8,op7,15,linear3,,37.5
p1419,,,op9,op8,2,sqrt,,55
p1420,1211.607,INTERACTIVE,op1,,1,const,,55
p1420,,,op2,op1,5,linear3,,45
p1420,,,op3,op2,2,sqrt,,55
p1420,,,op4,op3,1,const,,55
p1420,,,op5,op4,15,linear3,,37.5
p1420,,,op6,op5,2,sqrt,,55
p1420,,,op7,op6,1,const,,55
p1420,,,op8,op7,40,linear7,,20
p1420,,,op9,op8,20,linear7,,30
p1421,1216.26,INTERACTIVE,op1,,1,const,,55
p1421,,,op2,op1,80,squared,,10
p1421,,,op3,op2,20,linear7,,30
p1421,,,op4,op3,15,linear3,,37.5
p1421,,,op5,op4,1,const,,55
p1421,,,op6,op5,15,linear3,,37.5
p1421,,,op7,op6,1,const,,55
p1421,,,op8,op7,40,linear7,,20
p1421,,,op9,op8,15,linear3,,37.5
p1422,1216.26,QUERY,op1,,15,linear3,,35
p1423,1216.26,BATCH_PIPELINE,op1,,1,const,,55
p1423,,,op2,op1,20,linear7,,30
p1423,,,op3,op2,5,linear3,,45
p1423,,,op4,op3,15,linear3,,37.5
p1423,,,op5,op4,1,const,,55
p1423,,,op6,op5,5,linear3,,45
p1423,,,op7,op6,15,linear3,,37.5
p1423,,,op8,op7,80,squared,,10
p1423,,,op9,op8,1,const,,55
p1423,,,op10,op9,5,linear3,,45
p1423,,,op11,op10,40,linear7,,20
p1423,,,op12,op11,5,linear3,,45
p1424,1216.26,INTERACTIVE,op1,,1,const,,55
p1424,,,op2,op1,1,const,,55
p1424,,,op3,op2,2,sqrt,,55
p1424,,,op4,op3,2,sqrt,,55
p1424,,,op5,op4,15,linear3,,37.5
p1424,,,op6,op5,2,sqrt,,55
p1425,1216.26,QUERY,op1,,15,linear3,,35
p1426,1216.26,BATCH_PIPELINE,op1,,1,const,,55
p1426,,,op2,op1,1,const,,55
p1426,,,op3,op1,15,linear3,,37.5
p1426,,,op4,op1,40,linear7,,20
p1426,,,op5,op1,15,linear3,,37.5
p1426,,,op6,op1,2,sqrt,,55
p1426,,,op7,op1,5,linear3,,45
p1427,1216.26,BATCH_PIPELINE,op1,,1,const,,55
p1427,,,op2,op1,2,sqrt,,55
p1427,,,op3,op2,2,sqrt,,55
p1427,,,op4,op3,5,linear3,,45
p1427,,,op5,op4,20,linear7,,30
p1427,,,op6,op5,40,linear7,,20
p1427,,,op7,op6,2,sqrt,,55
p1428,1216.26,BATCH_PIPELINE,op1,,1,const,,55
p1428,,,op2,,15,linear3,,37.5
p1428,,,op3,,15,linear3,,37.5
p1428,,,op4,,20,linear7,,30
p1428,,,op5,,2,sqrt,,55
p1428,,,op6,,40,linear7,,20
p1428,,,op7,op1;op2;op3;op4;op5;op6,5,linear3,,45
p1429,1216.26,BATCH_PIPELINE,op1,,1,const,,55
p1429,,,op2,op1,5,linear3,,45
p1429,,,op3,op1,20,linear7,,30
p1429,,,op4,op1,2,sqrt,,55
p1429,,,op5,op1,2,sqrt,,55
p1429,,,op6,op1,20,linear7,,30
p1429,,,op7,op1,2,sqrt,,55
p1430,1216.26,QUERY,op1,,15,linear3,,35
p1431,1226.0520000000001,BATCH_PIPELINE,op1,,1,const,,55
p1431,,,op2,,15,linear3,,37.5
p1431,,,op3,,80,squared,,10
p1431,,,op4,,5,linear3,,45
p1431,,,op5,,20,linear7,,30
p1431,,,op6,,15,linear3,,37.5
p1431,,,op7,op1;op2;op3;op4;op5;op6,15,linear3,,37.5
p1432,1226.0520000000001,BATCH_PIPELINE,op1,,1,const,,55
p1432,,,op2,op1,5,linear3,,45
p1432,,,op3,op2,2,sqrt,,55
p1432,,,op4,op3,40,linear7,,20
p1432,,,op5,op4,15,linear3,,37.5
p1432,,,op6,op5,5,linear3,,45
p1433,1226.0520000000001,INTERACTIVE,op1,,1,const,,55
p1433,,,op2,op1,2,sqrt,,55
p1433,,,op3,op1,15,linear3,,37.5
p1433,,,op4,op1,2,sqrt,,55
p1434,1226.0520000000001,INTERACTIVE,op1,,1,const,,55
p1434,,,op2,op1,5,linear3,,45
p1434,,,op3,op2,15,linear3,,37.5
p1434,,,op4,op3,15,linear3,,37.5
p1434,,,op5,op4,80,squared,,10
p1434,,,op6,op5,1,const,,55
p1434,,,op7,op6,15,linear3,,37.5
p1434,,,op8,op7,2,sqrt,,55
p1434,,,op9,op8,1,const,,55
p1434,,,op10,op9,5,linear3,,45
p1435,1226.0520000000001,BATCH_PIPELINE,op1,,1,const,,55
p1435,,,op2,op1,40,linear7,,20
p1435,,,op3,op2,5,linear3,,45
p1435,,,op4,op3,15,linear3,,37.5
p1435,,,op5,op4,1,const,,55
p1435,,,op6,op5,2,sqrt,,55
p1436,1226.0520000000001,BATCH_PIPELINE,op1,,1,const,,55
p1436,,,op2,,15,linear3,,37.5
p1436,,,op3,,80,squared,,10
p1436,,,op4,,5,linear3,,45
p1436,,,op5,,80,squared,,10
p1436,,,op6,,15,linear3,,37.5
p1436,,,op7,,80,squared,,10
p1436,,,op8,op1;op2;op3;op4;op5;op6;op7,1,const,,55
p1437,1226.0520000000001,BATCH_PIPELINE,op1,,1,const,,55
p1437,,,op2,op1,40,linear7,,20
p1437,,,op3,op2,15,linear3,,37.5
p1437,,,op4,op3,40,linear7,,20
p1437,,,op5,op4,2,sqrt,,55
p1437,,,op6,op5,2,sqrt,,55
p1437,,,op7,op6,15,linear3,,37.5
p1438,1226.0520000000001,BATCH_PIPELINE,op1,,1,const,,55
p1438,,,op2,op1,40,linear7,,20
p1438,,,op3,op2,5,linear3,,45
p1438,,,op4,op3,40,linear7,,20
p1438,,,op5,op4,15,linear3,,37.5
p1438,,,op6,op5,20,linear7,,30
p1438,,,op7,op6,20,linear7,,30
p1439,1226.0520000000001,BATCH_PIPELINE,op1,,1,const,,55
p1439,,,op2,op1,15,linear3,,37.5
p1439,,,op3,op2,20,linear7,,30
p1439,,,op4,op3,20,linear7,,30
p1439,,,op5,op4,15,linear3,,37.5
p1439,,,op6,op5,15,linear3,,37.5
p1439,,,op7,op6,20,linear7,,30
p1439,,,op8,op7,20,linear7,,30
p1440,1226.0520000000001,BATCH_PIPELINE,op1,,1,const,,55
p1440,,,op2,op1,5,linear3,,45
p1440,,,op3,op2,40,linear7,,20
p1440,,,op4,op3,2,sqrt,,55
p1440,,,op5,op4,1,const,,55
p1440,,,op6,op5,20,linear7,,30
p1440,,,op7,op6,1,const,,55
p1440,,,op8,op7,1,const,,55
p1441,1237.096,QUERY,op1,,15,linear3,,35
p1442,1237.096,BATCH_PIPELINE,op1,,1,const,,55
p1442,,,op2,op1,1,const,,55
p1442,,,op3,op2,5,linear3,,45
p1442,,,op4,op3,1,const,,55
p1442,,,op5,op4,15,linear3,,37.5
p1442,,,op6,op5,5,linear3,,45
p1442,,,op7,op6,15,linear3,,37.5
p1443,1237.096,INTERACTIVE,op1,,1,const,,55
p1443,,,op2,op1,5,linear3,,45
p1443,,,op3,op2,15,linear3,,37.5
p1443,,,op4,op3,15,linear3,,37.5
p1443,,,op5,op4,1,const,,55
p1443,,,op6,op5,20,linear7,,30
p1443,,,op7,op6,15,linear3,,37.5
p1443,,,op8,op7,20,linear7,,30
p1444,1237.096,INTERACTIVE,op1,,1,const,,55
p1444,,,op2,op1,20,linear7,,30
p1444,,,op3,op1,1,const,,55
p1444,,,op4,op1,2,sqrt,,55
p1444,,,op5,op1,20,linear7,,30
p1444,,,op6,op1,2,sqrt,,55
p1444,,,op7,op1,2,sqrt,,55
p1445,1237.096,BATCH_PIPELINE,op1,,1,const,,55
p1445,,,op2,op1,20,linear7,,30
p1445,,,op3,op2,5,linear3,,45
p1445,,,op4,op3,5,linear3,,45
p1445,,,op5,op4,2,sqrt,,55
p1445,,,op6,op5,15,linear3,,37.5
p1445,,,op7,op6,2,sqrt,,55
p1445,,,op8,op7,5,linear3,,45
p1445,,,op9,op8,20,linear7,,30
p1446,1237.096,QUERY,op1,,15,linear3,,35
p1447,1237.096,BATCH_PIPELINE,op1,,1,const,,55
p1447,,,op2,op1,1,const,,55
p1447,,,op3,op2,20,linear7,,30
p1447,,,op4,op3,2,sqrt,,55
p1447,,,op5,op4,5,linear3,,45
p1447,,,op6,op5,1,const,,55
p1447,,,op7,op6,2,sqrt,,55
p1447,,,op8,op7,1,const,,55
p1447,,,op9,op8,5,linear3,,45
p1447,,,op10,op9,5,linear3,,45
p1447,,,op11,op10,15,linear3,,37.5
p1448,1237.096,INTERACTIVE,op1,,1,const,,55
p1448,,,op2,op1,20,linear7,,30
p1448,,,op3,op1,15,linear3,,37.5
p1448,,,op4,op1,5,linear3,,45
p1448,,,op5,op1,5,linear3,,45
p1448,,,op6,op1,15,linear3,,37.5
p1448,,,op7,op1,2,sqrt,,55
p1448,,,op8,op1,5,linear3,,45
p1448,,,op9,op1,40,linear7,,20
p1449,1237.096,BATCH_PIPELINE,op1,,1,const,,55
p1449,,,op2,op1,1,const,,55
p1449,,,op3,op2,1,const,,55
p1449,,,op4,op3,5,linear3,,45
p1449,,,op5,op4,40,linear7,,20
p1450,1237.096,INTERACTIVE,op1,,1,const,,55
p1450,,,op2,op1,15,linear3,,37.5
p1450,,,op3,op2,15,linear3,,37.5
p1450,,,op4,op3,2,sqrt,,55
p1450,,,op5,op4,15,linear3,,37.5
p1450,,,op6,op5,15,linear3,,37.5
p1450,,,op7,op6,1,const,,55
p1450,,,op8,op7,15,linear3,,37.5
p1451,1248.79,INTERACTIVE,op1,,1,const,,55
p1451,,,op2,op1,20,linear7,,30
p1451,,,op3,op2,1,const,,55
p1451,,,op4,op3,20,linear7,,30
p1451,,,op5,op4,2,sqrt,,55
p1451,,,op6,op5,15,linear3,,37.5
p1452,1248.79,BATCH_PIPELINE,op1,,1,const,,55
p1452,,,op2,op1,1,const,,55
p1452,,,op3,op2,15,linear3,,37.5
p1452,,,op4,op3,80,squared,,10
p1452,,,op5,op4,20,linear7,,30
p1452,,,op6,op5,1,const,,55
p1453,1248.79,INTERACTIVE,op1,,1,const,,55
p1453,,,op2,op1,15,linear3,,37.5
p1453,,,op3,op1,1,const,,55
p1453,,,op4,op1,2,sqrt,,55
p1453,,,op5,op1,2,sqrt,,55
p1453,,,op6,op1,5,linear3,,45
p1454,1248.79,BATCH_PIPELINE,op1,,1,const,,55
p1454,,,op2,op1,1,const,,55
p1454,,,op3,op2,20,linear7,,30
p1454,,,op4,op3,5,linear3,,45
p1454,,,op5,op4,2,sqrt,,55
p1454,,,op6,op5,5,linear3,,45
p1455,1248.79,BATCH_PIPELINE,op1,,1,const,,55
p1455,,,op2,op1,20,linear7,,30
p1455,,,op3,op2,5,linear3,,45
p1455,,,op4,op3,2,sqrt,,55
p1455,,,op5,op4,1,const,,55
p1455,,,op6,op5,20,linear7,,30
p1455,,,op7,op6,20,linear7,,30
p1455,,,op8,op7,5,linear3,,45
p1456,1248.79,BATCH_PIPELINE,op1,,1,const,,55
p1456,,,op2,op1,15,linear3,,37.5
p1456,,,op3,op2,5,linear3,,45
p1456,,,op4,op3,2,sqrt,,55
p1456,,,op5,op4,5,linear3,,45
p1456,,,op6,op5,20,linear7,,30
p1456,,,op7,op6,2,sqrt,,55
p1456,,,op8,op7,15,linear3,,37.5
p1457,1248.79,QUERY,op1,,15,linear3,,35
p1458,1248.79,INTERACTIVE,op1,,1,const,,55
p1458,,,op2,op1,5,linear3,,45
p1458,,,op3,op2,20,linear7,,30
p1458,,,op4,op3,1,const,,55
p1458,,,op5,op4,1,const,,55
p1458,,,op6,op5,5,linear3,,45
p1458,,,op7,op6,80,squared,,10
p1458,,,op8,op7,2,sqrt,,55
p1459,1248.79,BATCH_PIPELINE,op1,,1,const,,55
p1459,,,op2,,15,linear3,,37.5
p1459,,,op3,,5,linear3,,45
p1459,,,op4,,5,linear3,,45
p1459,,,op5,,1,const,,55
p1459,,,op6,,5,linear3,,45
p1459,,,op7,,20,linear7,,30
p1459,,,op8,op1;op2;op3;op4;op5;op6;op7,15,linear3,,37.5
p1460,1248.79,BATCH_PIPELINE,op1,,1,const,,55
p1460,,,op2,op1,5,linear3,,45
p1460,,,op3,op2,2,sqrt,,55
p1460,,,op4,op3,5,linear3,,45
p1460,,,op5,op4,1,const,,55
p1460,,,op6,op5,5,linear3,,45
p1460,,,op7,op6,15,linear3,,37.5
p1460,,,op8,op7,80,squared,,10
p1460,,,op9,op8,20,linear7,,30
p1461,1255.845,BATCH_PIPELINE,op1,,1,const,,55
p1461,,,op2,,5,linear3,,45
p1461,,,op3,,20,linear7,,30
p1461,,,op4,,5,linear3,,45
p1461,,,op5,,20,linear7,,30
p1461,,,op6,,1,const,,55
p1461,,,op7,op1;op2;op3;op4;op5;op6,80,squared,,10
p1462,1255.845,BATCH_PIPELINE,op1,,1,const,,55
p1462,,,op2,op1,5,linear3,,45
p1462,,,op3,op2,5,linear3,,45
p1462,,,op4,op3,15,linear3,,37.5
p1462,,,op5,op4,15,linear3,,37.5
p1462,,,op6,op5,40,linear7,,20
p1462,,,op7,op6,40,linear7,,20
p1462,,,op8,op7,15,linear3,,37.5
p1462,,,op9,op8,80,squared,,10
p1463,1255.845,INTERACTIVE,op1,,1,const,,55
p1463,,,op2,op1,2,sqrt,,55
p1463,,,op3,op2,15,linear3,,37.5
p1463,,,op4,op3,20,linear7,,30
p1463,,,op5,op4,5,linear3,,45
p1463,,,op6,op5,15,linear3,,37.5
p1463,,,op7,op6,20,linear7,,30
p1463,,,op8,op7,5,linear3,,45
p1463,,,op9,op8,1,const,,55
p1463,,,op10,op9,80,squared,,10
p1464,1255.845,BATCH_PIPELINE,op1,,1,const,,55
p1464,,,op2,op1,5,linear3,,45
p1464,,,op3,op2,2,sqrt,,55
p1464,,,op4,op3,2,sqrt,,55
p1464,,,op5,op4,2,sqrt,,55
p1464,,,op6,op5,20,linear7,,30
p1465,1255.845,BATCH_PIPELINE,op1,,1,const,,55
p1465,,,op2,op1,5,linear3,,45
p1465,,,op3,op1,15,linear3,,37.5
p1465,,,op4,op1,15,linear3,,37.5
p1465,,,op5,op1,2,sqrt,,55
p1465,,,op6,op1,5,linear3,,45
p1465,,,op7,op1,20,linear7,,30
p1465,,,op8,op1,40,linear7,,20
p1465,,,op9,op1,15,linear3,,37.5
p1466,1255.845,INTERACTIVE,op1,,1,const,,55
p1466,,,op2,op1,15,linear3,,37.5
p1466,,,op3,op2,15,linear3,,37.5
p1466,,,op4,op3,5,linear3,,45
p1466,,,op5,op4,15,linear3,,37.5
p1466,,,op6,op5,15,linear3,,37.5
p1466,,,op7,op6,15,linear3,,37.5
p1467,1255.845,INTERACTIVE,op1,,1,const,,55
p1467,,,op2,,80,squared,,10
p1467,,,op3,,5,linear3,,45
p1467,,,op4,,20,linear7,,30
p1467,,,op5,,20,linear7,,30
p1467,,,op6,,5,linear3,,45
p1467,,,op7,op1;op2;op3;op4;op5;op6,40,linear7,,20
p1468,1255.845,INTERACTIVE,op1,,1,const,,55
p1468,,,op2,op1,80,squared,,10
p1468,,,op3,op2,2,sqrt,,55
p1468,,,op4,op3,80,squared,,10
p1468,,,op5,op4,20,linear7,,30
p1468,,,op6,op5,40,linear7,,20
p1468,,,op7,op6,5,linear3,,45
p1468,,,op8,op7,20,linear7,,30
p1468,,,op9,op8,40,linear7,,20
p1468,,,op10,op9,1,const,,55
p1469,1255.845,INTERACTIVE,op1,,1,const,,55
p1469,,,op2,op1,20,linear7,,30
p1469,,,op3,op2,5,linear3,,45
p1470,1255.845,BATCH_PIPELINE,op1,,1,const,,55
p1470,,,op2,op1,80,squared,,10
p1470,,,op3,op2,1,const,,55
p1470,,,op4,op3,20,linear7,,30
p1470,,,op5,op4,20,linear7,,30
p1470,,,op6,op5,5,linear3,,45
p1470,,,op7,op6,15,linear3,,37.5
p1471,1265.4660000000001,BATCH_PIPELINE,op1,,1,const,,55
p1471,,,op2,op1,15,linear3,,37.5
p1471,,,op3,op2,2,sqrt,,55
p1471,,,op4,op3,2,sqrt,,55
p1471,,,op5,op4,5,linear3,,45
p1472,1265.4660000000001,BATCH_PIPELINE,op1,,1,const,,55
p1472,,,op2,,2,sqrt,,55
p1472,,,op3,,15,linear3,,37.5
p1472,,,op4,,5,linear3,,45
p1472,,,op5,,20,linear7,,30
p1472,,,op6,,2,sqrt,,55
p1472,,,op7,op1;op2;op3;op4;op5;op6,80,squared,,10
p1473,1265.4660000000001,BATCH_PIPELINE,op1,,1,const,,55
p1473,,,op2,op1,20,linear7,,30
p1473,,,op3,op2,40,linear7,,20
p1473,,,op4,op3,20,linear7,,30
p1473,,,op5,op4,2,sqrt,,55
p1473,,,op6,op5,20,linear7,,30
p1473,,,op7,op6,80,squared,,10
p1473,,,op8,op7,2,sqrt,,55
p1473,,,op9,op8,80,squared,,10
p1473,,,op10,op9,15,linear3,,37.5
p1473,,,op11,op10,5,linear3,,45
p1474,1265.4660000000001,INTERACTIVE,op1,,1,const,,55
p1474,,,op2,op1,5,linear3,,45
p1474,,,op3,op2,5,linear3,,45
p1474,,,op4,op3,1,const,,55
p1474,,,op5,op4,20,linear7,,30
p1474,,,op6,op5,5,linear3,,45
p1474,,,op7,op6,2,sqrt,,55
p1475,1265.4660000000001,INTERACTIVE,op1,,1,const,,55
p1475,,,op2,op1,2,sqrt,,55
p1475,,,op3,op2,15,linear3,,37.5
p1475,,,op4,op3,5,linear3,,45
p1475,,,op5,op4,1,const,,55
p1475,,,op6,op5,5,linear3,,45
p1475,,,op7,op6,20,linear7,,30
p1475,,,op8,op7,20,linear7,,30
p1476,1265.4660000000001,INTERACTIVE,op1,,1,const,,55
p1476,,,op2,op1,2,sqrt,,55
p1476,,,op3,op1,5,linear3,,45
p1476,,,op4,op1,40,linear7,,20
p1476,,,op5,op1,15,linear3,,37.5
p1476,,,op6,op1,5,linear3,,45
p1476,,,op7,op1,80,squared,,10
p1476,,,op8,op1,5,linear3,,45
p1476,,,op9,op1,80,squared,,10
p1477,1265.4660000000001,QUERY,op1,,15,linear3,,35
p1478,1265.4660000000001,INTERACTIVE,op1,,1,const,,55
p1478,,,op2,op1,2,sqrt,,55
p1478,,,op3,op2,80,squared,,10
p1478,,,op4,op3,15,linear3,,37.5
p1478,,,op5,op4,15,linear3,,37.5
p1478,,,op6,op5,5,linear3,,45
p1478,,,op7,op6,2,sqrt,,55
p1479,1265.4660000000001,INTERACTIVE,op1,,1,const,,55
p1479,,,op2,,1,const,,55
p1479,,,op3,,5,linear3,,45
p1479,,,op4,op1;op2;op3,40,linear7,,20
p1480,1265.4660000000001,BATCH_PIPELINE,op1,,1,const,,55
p1480,,,op2,op1,40,linear7,,20
p1480,,,op3,op2,1,const,,55
p1480,,,op4,op3,20,linear7,,30
p1480,,,op5,op4,5,linear3,,45
p1480,,,op6,op5,20,linear7,,30
p1480,,,op7,op6,2,sqrt,,55
p1480,,,op8,op7,15,linear3,,37.5
p1481,1274.236,INTERACTIVE,op1,,1,const,,55
p1481,,,op2,op1,15,linear3,,37.5
p1481,,,op3,op2,2,sqrt,,55
p1481,,,op4,op3,5,linear3,,45
p1481,,,op5,op4,1,const,,55
p1482,1274.236,BATCH_PIPELINE,op1,,1,const,,55
p1482,,,op2,op1,5,linear3,,45
p1482,,,op3,op2,15,linear3,,37.5
p1482,,,op4,op3,2,sqrt,,55
p1482,,,op5,op4,80,squared,,10
p1482,,,op6,op5,80,squared,,10
p1482,,,op7,op6,15,linear3,,37.5
p1482,,,op8,op7,80,squared,,10
p1482,,,op9,op8,2,sqrt,,55
p1482,,,op10,op9,1,const,,55
p1483,1274.236,BATCH_PIPELINE,op1,,1,const,,55
p1483,,,op2,op1,5,linear3,,45
p1483,,,op3,op2,2,sqrt,,55
p1483,,,op4,op3,2,sqrt,,55
p1483,,,op5,op4,40,linear7,,20
p1483,,,op6,op5,20,linear7,,30
p1483,,,op7,op6,5,linear3,,45
p1484,1274.236,INTERACTIVE,op1,,1,const,,55
p1484,,,op2,op1,20,linear7,,30
p1484,,,op3,op2,15,linear3,,37.5
p1484,,,op4,op3,80,squared,,10
p1484,,,op5,op4,80,squared,,10
p1485,1274.236,INTERACTIVE,op1,,1,const,,55
p1485,,,op2,op1,5,linear3,,45
p1485,,,op3,op2,1,const,,55
p1485,,,op4,op3,1,const,,55
p1485,,,op5,op4,1,const,,55
p1485,,,op6,op5,40,linear7,,20
p1485,,,op7,op6,1,const,,55
p1486,1274.236,INTERACTIVE,op1,,1,const,,55
p1486,,,op2,op1,5,linear3,,45
p1486,,,op3,op1,1,const,,55
p1486,,,op4,op1,40,linear7,,20
p1486,,,op5,op1,40,linear7,,20
p1486,,,op6,op1,2,sqrt,,55
p1487,1274.236,INTERACTIVE,op1,,1,const,,55
p1487,,,op2,op1,15,linear3,,37.5
p1487,,,op3,op2,5,linear3,,45
p1487,,,op4,op3,1,const,,55
p1487,,,op5,op4,2,sqrt,,55
p1487,,,op6,op5,20,linear7,,30
p1488,1274.236,BATCH_PIPELINE,op1,,1,const,,55
p1488,,,op2,op1,2,sqrt,,55
p1488,,,op3,op2,40,linear7,,20
p1488,,,op4,op3,1,const,,55
p1488,,,op5,op4,20,linear7,,30
p1488,,,op6,op5,15,linear3,,37.5
p1488,,,op7,op6,15,linear3,,37.5
p1489,1274.236,BATCH_PIPELINE,op1,,1,const,,55
p1489,,,op2,op1,2,sqrt,,55
p1489,,,op3,op2,15,linear3,,37.5
p1489,,,op4,op3,15,linear3,,37.5
p1489,,,op5,op4,80,squared,,10
p1489,,,op6,op5,15,linear3,,37.5
p1489,,,op7,op6,1,const,,55
p1490,1274.236,BATCH_PIPELINE,op1,,1,const,,55
p1490,,,op2,,40,linear7,,20
p1490,,,op3,,2,sqrt,,55
p1490,,,op4,,20,linear7,,30
p1490,,,op5,,2,sqrt,,55
p1490,,,op6,,15,linear3,,37.5
p1490,,,op7,op1;op2;op3;op4;op5;op6,20,linear7,,30
p1491,1285.741,INTERACTIVE,op1,,1,const,,55
p1491,,,op2,op1,5,linear3,,45
p1491,,,op3,op1,1,const,,55
p1491,,,op4,op1,1,const,,55
p1491,,,op5,op1,40,linear7,,20
p1491,,,op6,op1,5,linear3,,45
p1491,,,op7,op1,15,linear3,,37.5
p1491,,,op8,op1,2,sqrt,,55
p1492,1285.741,QUERY,op1,,15,linear3,,35
p1493,1285.741,INTERACTIVE,op1,,1,const,,55
p1493,,,op2,op1,15,linear3,,37.5
p1493,,,op3,op2,15,linear3,,37.5
p1493,,,op4,op3,5,linear3,,45
p1493,,,op5,op4,1,const,,55
p1493,,,op6,op5,1,const,,55
p1493,,,op7,op6,80,squared,,10
p1493,,,op8,op7,40,linear7,,20
p1494,1285.741,INTERACTIVE,op1,,1,const,,55
p1494,,,op2,op1,2,sqrt,,55
p1494,,,op3,op2,1,const,,55
p1494,,,op4,op3,2,sqrt,,55
p1494,,,op5,op4,40,linear7,,20
p1494,,,op6,op5,20,linear7,,30
p1495,1285.741,BATCH_PIPELINE,op1,,1,const,,55
p1495,,,op2,op1,2,sqrt,,55
p1495,,,op3,op1,15,linear3,,37.5
p1495,,,op4,op1,15,linear3,,37.5
p1495,,,op5,op1,15,linear3,,37.5
p1495,,,op6,op1,15,linear3,,37.5
p1495,,,op7,op1,2,sqrt,,55
p1496,1285.741,BATCH_PIPELINE,op1,,1,const,,55
p1496,,,op2,op1,5,linear3,,45
p1496,,,op3,op2,20,linear7,,30
p1496,,,op4,op3,1,const,,55
p1496,,,op5,op4,15,linear3,,37.5
p1497,1285.741,BATCH_PIPELINE,op1,,1,const,,55
p1497,,,op2,op1,80,squared,,10
p1497,,,op3,op2,20,linear7,,30
p1497,,,op4,op3,1,const,,55
p1498,1285.741,INTERACTIVE,op1,,1,const,,55
p1498,,,op2,,2,sqrt,,55
p1498,,,op3,,5,linear3,,45
p1498,,,op4,,2,sqrt,,55
p1498,,,op5,,15,linear3,,37.5
p1498,,,op6,op1;op2;op3;op4;op5,2,sqrt,,55
p1499,1285.741,QUERY,op1,,15,linear3,,35
p1500,1285.741,BATCH_PIPELINE,op1,,1,const,,55
p1500,,,op2,op1,1,const,,55
p1500,,,op3,op2,20,linear7,,30
p1500,,,op4,op3,5,linear3,,45
p1500,,,op5,op4,15,linear3,,37.5
p1500,,,op6,op5,20,linear7,,30
p1500,,,op7,op6,15,linear3,,37.5
p1500,,,op8,op7,40,linear7,,20
p1501,1294.082,BATCH_PIPELINE,op1,,1,const,,55
p1501,,,op2,op1,15,linear3,,37.5
p1501,,,op3,op2,40,linear7,,20
p1501,,,op4,op3,20,linear7,,30
p1501,,,op5,op4,5,linear3,,45
p1501,,,op6,op5,2,sqrt,,55
p1501,,,op7,op6,5,linear3,,45
p1501,,,op8,op7,2,sqrt,,55
p1502,1294.082,INTERACTIVE,op1,,1,const,,55
p1502,,,op2,op1,80,squared,,10
p1502,,,op3,op2,2,sqrt,,55
p1503,1294.082,BATCH_PIPELINE,op1,,1,const,,55
p1503,,,op2,op1,1,const,,55
p1503,,,op3,op2,15,linear3,,37.5
p1503,,,op4,op3,80,squared,,10
p1503,,,op5,op4,80,squared,,10
p1503,,,op6,op5,15,linear3,,37.5
p1503,,,op7,op6,1,const,,55
p1503,,,op8,op7,2,sqrt,,55
p1504,1294.082,INTERACTIVE,op1,,1,const,,55
p1504,,,op2,op1,15,linear3,,37.5
p1504,,,op3,op2,5,linear3,,45
p1504,,,op4,op3,80,squared,,10
p1504,,,op5,op4,2,sqrt,,55
p1504,,,op6,op5,15,linear3,,37.5
p1504,,,op7,op6,15,linear3,,37.5
p1504,,,op8,op7,2,sqrt,,55
p1504,,,op9,op8,2,sqrt,,55
p1504,,,op10,op9,2,sqrt,,55
p1505,1294.082,INTERACTIVE,op1,,1,const,,55
p1505,,,op2,op1,80,squared,,10
p1505,,,op3,op1,15,linear3,,37.5
p1505,,,op4,op1,5,linear3,,45
p1505,,,op5,op1,2,sqrt,,55
p1505,,,op6,op1,15,linear3,,37.5
p1505,,,op7,op1,2,sqrt,,55
p1505,,,op8,op1,5,linear3,,45
p1506,1294.082,BATCH_PIPELINE,op1,,1,const,,55
p1506,,,op2,op1,5,linear3,,45
p1506,,,op3,op2,5,linear3,,45
p1506,,,op4,op3,5,linear3,,45
p1506,,,op5,op4,20,linear7,,30
p1506,,,op6,op5,1,const,,55
p1506,,,op7,op6,80,squared,,10
p1507,1294.082,INTERACTIVE,op1,,1,const,,55
p1507,,,op2,op1,2,sqrt,,55
p1507,,,op3,op2,2,sqrt,,55
p1507,,,op4,op3,1,const,,55
p1507,,,op5,op4,5,linear3,,45
p1507,,,op6,op5,20,linear7,,30
p1507,,,op7,op6,2,sqrt,,55
p1507,,,op8,op7,20,linear7,,30
p1507,,,op9,op8,1,const,,55
p1508,1294.082,BATCH_PIPELINE,op1,,1,const,,55
p1508,,,op2,op1,2,sqrt,,55
p1508,,,op3,op2,2,sqrt,,55
p1508,,,op4,op3,1,const,,55
p1508,,,op5,op4,1,const,,55
p1508,,,op6,op5,40,linear7,,20
p1508,,,op7,op6,2,sqrt,,55
p1508,,,op8,op7,5,linear3,,45
p1508,,,op9,op8,1,const,,55
p1508,,,op10,op9,1,const,,55
p1509,1294.082,INTERACTIVE,op1,,1,const,,55
p1509,,,op2,op1,2,sqrt,,55
p1509,,,op3,op2,5,linear3,,45
p1509,,,op4,op3,1,const,,55
p1509,,,op5,op4,1,const,,55
p1509,,,op6,op5,5,linear3,,45
p1509,,,op7,op6,20,linear7,,30
p1509,,,op8,op7,20,linear7,,30
p1509,,,op9,op8,20,linear7,,30
p1510,1294.082,INTERACTIVE,op1,,1,const,,55
p1510,,,op2,op1,5,linear3,,45
p1510,,,op3,op2,5,linear3,,45
p1510,,,op4,op3,2,sqrt,,55
p1510,,,op5,op4,1,const,,55
p1510,,,op6,op5,40,linear7,,20
p1510,,,op7,op6,15,linear3,,37.5
p1510,,,op8,op7,1,const,,55
p1511,1304.147,QUERY,op1,,15,linear3,,35
p1512,1304.147,BATCH_PIPELINE,op1,,1,const,,55
p1512,,,op2,op1,2,sqrt,,55
p1512,,,op3,op2,1,const,,55
p1512,,,op4,op3,40,linear7,,20
p1512,,,op5,op4,5,linear3,,45
p1512,,,op6,op5,5,linear3,,45
p1513,1304.147,BATCH_PIPELINE,op1,,1,const,,55
p1513,,,op2,,15,linear3,,37.5
p1513,,,op3,,1,const,,55
p1513,,,op4,,15,linear3,,37.5
p1513,,,op5,,2,sqrt,,55
p1513,,,op6,op1;op2;op3;op4;op5,20,linear7,,30
p1514,1304.147,BATCH_PIPELINE,op1,,1,const,,55
p1514,,,op2,op1,5,linear3,,45
p1514,,,op3,op1,1,const,,55
p1514,,,op4,op1,5,linear3,,45
p1514,,,op5,op1,1,const,,55
p1514,,,op6,op1,1,const,,55
p1514,,,op7,op1,40,linear7,,20
p1514,,,op8,op1,15,linear3,,37.5
p1515,1304.147,BATCH_PIPELINE,op1,,1,const,,55
p1515,,,op2,op1,15,linear3,,37.5
p1515,,,op3,op2,5,linear3,,45
p1515,,,op4,op3,80,squared,,10
p1515,,,op5,op4,5,linear3,,45
p1515,,,op6,op5,15,linear3,,37.5
p1516,1304.147,BATCH_PIPELINE,op1,,1,const,,55
p1516,,,op2,op1,5,linear3,,45
p1516,,,op3,op2,5,linear3,,45
p1516,,,op4,op3,15,linear3,,37.5
p1516,,,op5,op4,80,squared,,10
p1516,,,op6,op5,15,linear3,,37.5
p1516,,,op7,op6,40,linear7,,20
p1517,1304.147,INTERACTIVE,op1,,1,const,,55
p1517,,,op2,op1,5,linear3,,45
p1517,,,op3,op2,5,linear3,,45
p1517,,,op4,op3,20,linear7,,30
p1517,,,op5,op4,20,linear7,,30
p1517,,,op6,op5,15,linear3,,37.5
p1517,,,op7,op6,20,linear7,,30
p1517,,,op8,op7,2,sqrt,,55
p1517,,,op9,op8,20,linear7,,30
p1517,,,op10,op9,40,linear7,,20
p1518,1304.147,INTERACTIVE,op1,,1,const,,55
p1518,,,op2,op1,2,sqrt,,55
p1518,,,op3,op2,15,linear3,,37.5
p1518,,,op4,op3,15,linear3,,37.5
p1518,,,op5,op4,1,const,,55
p1518,,,op6,op5,15,linear3,,37.5
p1518,,,op7,op6,1,const,,55
p1518,,,op8,op7,5,linear3,,45
p1519,1304.147,INTERACTIVE,op1,,1,const,,55
p1519,,,op2,op1,15,linear3,,37.5
p1519,,,op3,op2,2,sqrt,,55
p1519,,,op4,op3,20,linear7,,30
p1519,,,op5,op4,2,sqrt,,55
p1519,,,op6,op5,80,squared,,10
p1520,1304.147,INTERACTIVE,op1,,1,const,,55
p1520,,,op2,op1,40,linear7,,20
p1520,,,op3,op2,5,linear3,,45
p1520,,,op4,op3,1,const,,55
p1520,,,op5,op4,20,linear7,,30
p1521,1312.212,BATCH_PIPELINE,op1,,1,const,,55
p1521,,,op2,,80,squared,,10
p1521,,,op3,,1,const,,55
p1521,,,op4,,2,sqrt,,55
p1521,,,op5,,5,linear3,,45
p1521,,,op6,,80,squared,,10
p1521,,,op7,,80,squared,,10
p1521,,,op8,,40,linear7,,20
p1521,,,op9,op1;op2;op3;op4;op5;op6;op7;op8,2,sqrt,,55
p1522,1312.212,INTERACTIVE,op1,,1,const,,55
p1522,,,op2,op1,40,linear7,,20
p1522,,,op3,op2,5,linear3,,45
p1522,,,op4,op3,5,linear3,,45
p1522,,,op5,op4,20,linear7,,30
p1522,,,op6,op5,1,const,,55
p1523,1312.212,INTERACTIVE,op1,,1,const,,55
p1523,,,op2,op1,2,sqrt,,55
p1523,,,op3,op2,2,sqrt,,55
p1523,,,op4,op3,15,linear3,,37.5
p1523,,,op5,op4,15,linear3,,37.5
p1524,1312.212,BATCH_PIPELINE,op1,,1,const,,55
p1524,,,op2,op1,20,linear7,,30
p1524,,,op3,op2,5,linear3,,45
p1524,,,op4,op3,5,linear3,,45
p1524,,,op5,op4,2,sqrt,,55
p1524,,,op6,op5,5,linear3,,45
p1524,,,op7,op6,80,squared,,10
p1524,,,op8,op7,5,linear3,,45
p1525,1312.212,BATCH_PIPELINE,op1,,1,const,,55
p1525,,,op2,op1,15,linear3,,37.5
p1525,,,op3,op2,2,sqrt,,55
p1525,,,op4,op3,40,linear7,,20
p1525,,,op5,op4,2,sqrt,,55
p1525,,,op6,op5,40,linear7,,20
p1525,,,op7,op6,1,const,,55
p1525,,,op8,op7,5,linear3,,45
p1525,,,op9,op8,40,linear7,,20
p1526,1312.212,BATCH_PIPELINE,op1,,1,const,,55
p1526,,,op2,op1,15,linear3,,37.5
p1526,,,op3,op2,5,linear3,,45
p1526,,,op4,op3,15,linear3,,37.5
p1526,,,op5,op4,80,squared,,10
p1526,,,op6,op5,1,const,,55
p1526,,,op7,op6,1,const,,55
p1526,,,op8,op7,2,sqrt,,55
p1526,,,op9,op8,20,linear7,,30
p1526,,,op10,op9,1,const,,55
p1526,,,op11,op10,20,linear7,,30
p1526,,,op12,op11,20,linear7,,30
p1527,1312.212,INTERACTIVE,op1,,1,const,,55
p1527,,,op2,,40,linear7,,20
p1527,,,op3,,20,linear7,,30
p1527,,,op4,,5,linear3,,45
p1527,,,op5,,1,const,,55
p1527,,,op6,,2,sqrt,,55
p1527,,,op7,,5,linear3,,45
p1527,,,op8,,15,linear3,,37.5
p1527,,,op9,,1,const,,55
p1527,,,op10,op1;op2;op3;op4;op5;op6;op7;op8;op9,5,linear3,,45
p1528,1312.212,INTERACTIVE,op1,,1,const,,55
p1528,,,op2,op1,15,linear3,,37.5
p1528,,,op3,op1,2,sqrt,,55
p1528,,,op4,op1,1,const,,55
p1528,,,op5,op1,20,linear7,,30
p1528,,,op6,op1,2,sqrt,,55
p1528,,,op7,op1,20,linear7,,30
p1528,,,op8,op1,40,linear7,,20
p1528,,,op9,op1,1,const,,55
p1529,1312.212,BATCH_PIPELINE,op1,,1,const,,55
p1529,,,op2,op1,1,const,,55
p1529,,,op3,op2,2,sqrt,,55
p1529,,,op4,op3,1,const,,55
p1529,,,op5,op4,20,linear7,,30
p1529,,,op6,op5,15,linear3,,37.5
p1529,,,op7,op6,1,const,,55
p1529,,,op8,op7,5,linear3,,45
p1529,,,op9,op8,20,linear7,,30
p1529,,,op10,op9,15,linear3,,37.5
p1530,1312.212,BATCH_PIPELINE,op1,,1,const,,55
p1530,,,op2,op1,1,const,,55
p1530,,,op3,op2,5,linear3,,45
p1530,,,op4,op3,15,linear3,,37.5
p1530,,,op5,op4,20,linear7,,30
p1530,,,op6,op5,20,linear7,,30
p1530,,,op7,op6,15,linear3,,37.5
p1530,,,op8,op7,40,linear7,,20
p1531,1320.369,INTERACTIVE,op1,,1,const,,55
p1531,,,op2,op1,15,linear3,,37.5
p1531,,,op3,op2,1,const,,55
p1531,,,op4,op3,80,squared,,10
p1531,,,op5,op4,20,linear7,,30
p1531,,,op6,op5,5,linear3,,45
p1531,,,op7,op6,2,sqrt,,55
p1531,,,op8,op7,40,linear7,,20
p1532,1320.369,INTERACTIVE,op1,,1,const,,55
p1532,,,op2,op1,80,squared,,10
p1532,,,op3,op2,5,linear3,,45
p1532,,,op4,op3,80,squared,,10
p1532,,,op5,op4,2,sqrt,,55
p1532,,,op6,op5,15,linear3,,37.5
p1532,,,op7,op6,20,linear7,,30
p1532,,,op8,op7,20,linear7,,30
p1532,,,op9,op8,40,linear7,,20
p1532,,,op10,op9,5,linear3,,45
p1532,,,op11,op10,15,linear3,,37.5
p1532,,,op12,op11,40,linear7,,20
p1533,1320.369,INTERACTIVE,op1,,1,const,,55
p1533,,,op2,op1,15,linear3,,37.5
p1533,,,op3,op2,15,linear3,,37.5
p1533,,,op4,op3,2,sqrt,,55
p1533,,,op5,op4,5,linear3,,45
p1533,,,op6,op5,15,linear3,,37.5
p1533,,,op7,op6,5,linear3,,45
p1533,,,op8,op7,80,squared,,10
p1533,,,op9,op8,40,linear7,,20
p1534,1320.369,BATCH_PIPELINE,op1,,1,const,,55
p1534,,,op2,op1,80,squared,,10
p1534,,,op3,op2,1,const,,55
p1534,,,op4,op3,15,linear3,,37.5
p1534,,,op5,op4,15,linear3,,37.5
p1534,,,op6,op5,5,linear3,,45
p1535,1320.369,BATCH_PIPELINE,op1,,1,const,,55
p1535,,,op2,op1,2,sqrt,,55
p1535,,,op3,op2,40,linear7,,20
p1535,,,op4,op3,5,linear3,,45
p1535,,,op5,op4,2,sqrt,,55
p1535,,,op6,op5,15,linear3,,37.5
p1536,1320.369,BATCH_PIPELINE,op1,,1,const,,55
p1536,,,op2,,1,const,,55
p1536,,,op3,,40,linear7,,20
p1536,,,op4,,5,linear3,,45
p1536,,,op5,,5,linear3,,45
p1536,,,op6,,2,sqrt,,55
p1536,,,op7,op1;op2;op3;op4;op5;op6,1,const,,55
p1537,1320.369,INTERACTIVE,op1,,1,const,,55
p1537,,,op2,op1,2,sqrt,,55
p1537,,,op3,op2,1,const,,55
p1537,,,op4,op3,2,sqrt,,55
p1537,,,op5,op4,5,linear3,,45
p1537,,,op6,op5,5,linear3,,45
p1538,1320.369,INTERACTIVE,op1,,1,const,,55
p1538,,,op2,,80,squared,,10
p1538,,,op3,,1,const,,55
p1538,,,op4,,2,sqrt,,55
p1538,,,op5,,20,linear7,,30
p1538,,,op6,,5,linear3,,45
p1538,,,op7,,20,linear7,,30
p1538,,,op8,,15,linear3,,37.5
p1538,,,op9,,80,squared,,10
p1538,,,op10,op1;op2;op3;op4;op5;op6;op7;op8;op9,40,linear7,,20
p1539,1320.369,BATCH_PIPELINE,op1,,1,const,,55
p1539,,,op2,op1,5,linear3,,45
p1539,,,op3,op2,1,const,,55
p1539,,,op4,op3,40,linear7,,20
p1539,,,op5,op4,20,linear7,,30
p1539,,,op6,op5,5,linear3,,45
p1539,,,op7,op6,40,linear7,,20
p1540,1320.369,BATCH_PIPELINE,op1,,1,const,,55
p1540,,,op2,op1,1,const,,55
p1540,,,op3,op2,5,linear3,,45
p1540,,,op4,op3,15,linear3,,37.5
p1541,1330.237,QUERY,op1,,15,linear3,,35
p1542,1330.237,BATCH_PIPELINE,op1,,1,const,,55
p1542,,,op2,op1,15,linear3,,37.5
p1542,,,op3,op2,1,const,,55
p1542,,,op4,op3,80,squared,,10
p1542,,,op5,op4,1,const,,55
p1542,,,op6,op5,5,linear3,,45
p1542,,,op7,op6,1,const,,55
p1542,,,op8,op7,2,sqrt,,55
p1542,,,op9,op8,15,linear3,,37.5
p1543,1330.237,BATCH_PIPELINE,op1,,1,const,,55
p1543,,,op2,op1,5,linear3,,45
p1543,,,op3,op2,5,linear3,,45
p1543,,,op4,op3,40,linear7,,20
p1543,,,op5,op4,20,linear7,,30
p1543,,,op6,op5,1,const,,55
p1543,,,op7,op6,2,sqrt,,55
p1543,,,op8,op7,15,linear3,,37.5
p1543,,,op9,op8,15,linear3,,37.5
p1543,,,op10,op9,1,const,,55
p1544,1330.237,BATCH_PIPELINE,op1,,1,const,,55
p1544,,,op2,op1,20,linear7,,30
p1544,,,op3,op1,1,const,,55
p1544,,,op4,op1,2,sqrt,,55
p1544,,,op5,op1,2,sqrt,,55
p1544,,,op6,op1,15,linear3,,37.5
p1545,1330.237,BATCH_PIPELINE,op1,,1,const,,55
p1545,,,op2,op1,20,linear7,,30
p1545,,,op3,op2,15,linear3,,37.5
p1545,,,op4,op3,15,linear3,,37.5
p1545,,,op5,op4,15,linear3,,37.5
p1546,1330.237,BATCH_PIPELINE,op1,,1,const,,55
p1546,,,op2,op1,5,linear3,,45
p1546,,,op3,op2,80,squared,,10
p1546,,,op4,op3,40,linear7,,20
p1546,,,op5,op4,5,linear3,,45
p1546,,,op6,op5,2,sqrt,,55
p1546,,,op7,op6,1,const,,55
p1546,,,op8,op7,40,linear7,,20
p1547,1330.237,QUERY,op1,,15,linear3,,35
p1548,1330.237,BATCH_PIPELINE,op1,,1,const,,55
p1548,,,op2,op1,15,linear3,,37.5
p1548,,,op3,op2,5,linear3,,45
p1548,,,op4,op3,20,linear7,,30
p1548,,,op5,op4,15,linear3,,37.5
p1549,1330.237,INTERACTIVE,op1,,1,const,,55
p1549,,,op2,op1,1,const,,55
p1549,,,op3,op2,1,const,,55
p1549,,,op4,op3,5,linear3,,45
p1549,,,op5,op4,40,linear7,,20
p1549,,,op6,op5,80,squared,,10
p1549,,,op7,op6,5,linear3,,45
p1549,,,op8,op7,2,sqrt,,55
p1550,1330.237,BATCH_PIPELINE,op1,,1,const,,55
p1550,,,op2,,80,squared,,10
p1550,,,op3,,2,sqrt,,55
p1550,,,op4,,80,squared,,10
p1550,,,op5,,20,linear7,,30
p1550,,,op6,,1,const,,55
p1550,,,op7,,15,linear3,,37.5
p1550,,,op8,,20,linear7,,30
p1550,,,op9,op1;op2;op3;op4;op5;op6;op7;op8,5,linear3,,45
p1551,1341.123,BATCH_PIPELINE,op1,,1,const,,55
p1551,,,op2,,1,const,,55
p1551,,,op3,,5,linear3,,45
p1551,,,op4,,15,linear3,,37.5
p1551,,,op5,,1,const,,55
p1551,,,op6,,15,linear3,,37.5
p1551,,,op7,,5,linear3,,45
p1551,,,op8,,1,const,,55
p1551,,,op9,op1;op2;op3;op4;op5;op6;op7;op8,5,linear3,,45
p1552,1341.123,INTERACTIVE,op1,,1,const,,55
p1552,,,op2,,40,linear7,,20
p1552,,,op3,,5,linear3,,45
p1552,,,op4,,1,const,,55
p1552,,,op5,,20,linear7,,30
p1552,,,op6,,2,sqrt,,55
p1552,,,op7,,5,linear3,,45
p1552,,,op8,,1,const,,55
p1552,,,op9,,15,linear3,,37.5
p1552,,,op10,,40,linear7,,20
p1552,,,op11,op1;op2;op3;op4;op5;op6;op7;op8;op9;op10,20,linear7,,30
p1553,1341.123,BATCH_PIPELINE,op1,,1,const,,55
p1553,,,op2,op1,1,const,,55
p1553,,,op3,op2,1,const,,55
p1553,,,op4,op3,20,linear7,,30
p1553,,,op5,op4,2,sqrt,,55
p1553,,,op6,op5,5,linear3,,45
p1553,,,op7,op6,5,linear3,,45
p1553,,,op8,op7,15,linear3,,37.5
p1553,,,op9,op8,1,const,,55
p1553,,,op10,op9,1,const,,55
p1553,,,op11,op10,15,linear3,,37.5
p1554,1341.123,BATCH_PIPELINE,op1,,1,const,,55
p1554,,,op2,op1,1,const,,55
p1554,,,op3,op1,20,linear7,,30
p1554,,,op4,op1,2,sqrt,,55
p1554,,,op5,op1,1,const,,55
p1554,,,op6,op1,1,const,,55
p1554,,,op7,op1,1,const,,55
p1555,1341.123,BATCH_PIPELINE,op1,,1,const,,55
p1555,,,op2,op1,15,linear3,,37.5
p1555,,,op3,op2,5,linear3,,45
p1555,,,op4,op3,80,squared,,10
p1555,,,op5,op4,1,const,,55
p1555,,,op6,op5,15,linear3,,37.5
p1555,,,op7,op6,15,linear3,,37.5
p1556,1341.123,INTERACTIVE,op1,,1,const,,55
p1556,,,op2,op1,15,linear3,,37.5
p1556,,,op3,op2,40,linear7,,20
p1556,,,op4,op3,1,const,,55
p1556,,,op5,op4,2,sqrt,,55
p1556,,,op6,op5,40,linear7,,20
p1556,,,op7,op6,20,linear7,,30
p1556,,,op8,op7,20,linear7,,30
p1557,1341.123,INTERACTIVE,op1,,1,const,,55
p1557,,,op2,op1,40,linear7,,20
p1557,,,op3,op2,2,sqrt,,55
p1557,,,op4,op3,80,squared,,10
p1558,1341.123,BATCH_PIPELINE,op1,,1,const,,55
p1558,,,op2,,2,sqrt,,55
p1558,,,op3,op1;op2,40,linear7,,20
p1559,1341.123,BATCH_PIPELINE,op1,,1,const,,55
p1559,,,op2,op1,20,linear7,,30
p1559,,,op3,op2,2,sqrt,,55
p1559,,,op4,op3,5,linear3,,45
p1559,,,op5,op4,20,linear7,,30
p1559,,,op6,op5,5,linear3,,45
p1560,1341.123,BATCH_PIPELINE,op1,,1,const,,55
p1560,,,op2,op1,1,const,,55
p1560,,,op3,op2,15,linear3,,37.5
p1560,,,op4,op3,1,const,,55
p1560,,,op5,op4,2,sqrt,,55
p1560,,,op6,op5,1,const,,55
p1560,,,op7,op6,1,const,,55
p1560,,,op8,op7,15,linear3,,37.5
p1561,1349.623,BATCH_PIPELINE,op1,,1,const,,55
p1561,,,op2,op1,15,linear3,,37.5
p1561,,,op3,op2,5,linear3,,45
p1561,,,op4,op3,20,linear7,,30
p1561,,,op5,op4,20,linear7,,30
p1562,1349.623,BATCH_PIPELINE,op1,,1,const,,55
p1562,,,op2,op1,5,linear3,,45
p1562,,,op3,op1,2,sqrt,,55
p1562,,,op4,op1,1,const,,55
p1563,1349.623,BATCH_PIPELINE,op1,,1,const,,55
p1563,,,op2,op1,5,linear3,,45
p1563,,,op3,op2,1,const,,55
p1563,,,op4,op3,40,linear7,,20
p1563,,,op5,op4,20,linear7,,30
p1563,,,op6,op5,20,linear7,,30
p1563,,,op7,op6,40,linear7,,20
p1563,,,op8,op7,5,linear3,,45
p1563,,,op9,op8,5,linear3,,45
p1563,,,op10,op9,80,squared,,10
p1563,,,op11,op10,20,linear7,,30
p1563,,,op12,op11,1,const,,55
p1564,1349.623,BATCH_PIPELINE,op1,,1,const,,55
p1564,,,op2,op1,15,linear3,,37.5
p1564,,,op3,op2,1,const,,55
p1564,,,op4,op3,15,linear3,,37.5
p1564,,,op5,op4,15,linear3,,37.5
p1564,,,op6,op5,15,linear3,,37.5
p1565,1349.623,BATCH_PIPELINE,op1,,1,const,,55
p1565,,,op2,op1,15,linear3,,37.5
p1565,,,op3,op2,40,linear7,,20
p1565,,,op4,op3,80,squared,,10
p1565,,,op5,op4,20,linear7,,30
p1565,,,op6,op5,15,linear3,,37.5
p1565,,,op7,op6,15,linear3,,37.5
p1565,,,op8,op7,15,linear3,,37.5
p1565,,,op9,op8,15,linear3,,37.5
p1565,,,op10,op9,80,squared,,10
p1566,1349.623,BATCH_PIPELINE,op1,,1,const,,55
p1566,,,op2,op1,1,const,,55
p1566,,,op3,op2,5,linear3,,45
p1566,,,op4,op3,2,sqrt,,55
p1566,,,op5,op4,20,linear7,,30
p1566,,,op6,op5,15,linear3,,37.5
p1566,,,op7,op6,1,const,,55
p1566,,,op8,op7,40,linear7,,20
p1566,,,op9,op8,40,linear7,,20
p1566,,,op10,op9,80,squared,,10
p1567,1349.623,INTERACTIVE,op1,,1,const,,55
p1567,,,op2,op1,2,sqrt,,55
p1567,,,op3,op2,15,linear3,,37.5
p1567,,,op4,op3,5,linear3,,45
p1567,,,op5,op4,1,const,,55
p1567,,,op6,op5,15,linear3,,37.5
p1567,,,op7,op6,5,linear3,,45
p1568,1349.623,INTERACTIVE,op1,,1,const,,55
p1568,,,op2,op1,2,sqrt,,55
p1568,,,op3,op2,5,linear3,,45
p1568,,,op4,op3,2,sqrt,,55
p1568,,,op5,op4,2,sqrt,,55
p1568,,,op6,op5,2,sqrt,,55
p1568,,,op7,op6,5,linear3,,45
p1568,,,op8,op7,20,linear7,,30
p1569,1349.623,INTERACTIVE,op1,,1,const,,55
p1569,,,op2,op1,20,linear7,,30
p1569,,,op3,op1,2,sqrt,,55
p1569,,,op4,op1,40,linear7,,20
p1569,,,op5,op1,15,linear3,,37.5
p1570,1349.623,BATCH_PIPELINE,op1,,1,const,,55
p1570,,,op2,op1,20,linear7,,30
p1570,,,op3,op2,15,linear3,,37.5
p1570,,,op4,op3,5,linear3,,45
p1570,,,op5,op4,1,const,,55
p1570,,,op6,op5,20,linear7,,30
p1570,,,op7,op6,5,linear3,,45
p1570,,,op8,op7,20,linear7,,30
p1571,1359.707,BATCH_PIPELINE,op1,,1,const,,55
p1571,,,op2,op1,15,linear3,,37.5
p1571,,,op3,op2,5,linear3,,45
p1571,,,op4,op3,80,squared,,10
p1571,,,op5,op4,2,sqrt,,55
p1571,,,op6,op5,5,linear3,,45
p1571,,,op7,op6,1,const,,55
p1571,,,op8,op7,20,linear7,,30
p1571,,,op9,op8,2,sqrt,,55
p1571,,,op10,op9,5,linear3,,45
p1572,1359.707,INTERACTIVE,op1,,1,const,,55
p1572,,,op2,op1,1,const,,55
p1572,,,op3,op2,1,const,,55
p1572,,,op4,op3,15,linear3,,37.5
p1572,,,op5,op4,1,const,,55
p1572,,,op6,op5,20,linear7,,30
p1572,,,op7,op6,80,squared,,10
p1572,,,op8,op7,5,linear3,,45
p1573,1359.707,INTERACTIVE,op1,,1,const,,55
p1573,,,op2,op1,5,linear3,,45
p1573,,,op3,op2,1,const,,55
p1573,,,op4,op3,5,linear3,,45
p1573,,,op5,op4,80,squared,,10
p1573,,,op6,op5,20,linear7,,30
p1573,,,op7,op6,2,sqrt,,55
p1574,1359.707,BATCH_PIPELINE,op1,,1,const,,55
p1574,,,op2,op1,80,squared,,10
p1574,,,op3,op2,2,sqrt,,55
p1574,,,op4,op3,40,linear7,,20
p1574,,,op5,op4,20,linear7,,30
p1574,,,op6,op5,2,sqrt,,55
p1574,,,op7,op6,5,linear3,,45
p1574,,,op8,op7,40,linear7,,20
p1574,,,op9,op8,15,linear3,,37.5
p1575,1359.707,BATCH_PIPELINE,op1,,1,const,,55
p1575,,,op2,op1,15,linear3,,37.5
p1575,,,op3,op2,5,linear3,,45
p1575,,,op4,op3,15,linear3,,37.5
p1576,1359.707,INTERACTIVE,op1,,1,const,,55
p1576,,,op2,op1,5,linear3,,45
p1576,,,op3,op2,80,squared,,10
p1576,,,op4,op3,20,linear7,,30
p1576,,,op5,op4,2,sqrt,,55
p1576,,,op6,op5,80,squared,,10
p1577,1359.707,INTERACTIVE,op1,,1,const,,55
p1577,,,op2,op1,1,const,,55
p1577,,,op3,op2,5,linear3,,45
p1577,,,op4,op3,2,sqrt,,55
p1577,,,op5,op4,15,linear3,,37.5
p1577,,,op6,op5,15,linear3,,37.5
p1577,,,op7,op6,5,linear3,,45
p1577,,,op8,op7,5,linear3,,45
p1578,1359.707,BATCH_PIPELINE,op1,,1,const,,55
p1578,,,op2,,15,linear3,,37.5
p1578,,,op3,,80,squared,,10
p1578,,,op4,,15,linear3,,37.5
p1578,,,op5,,2,sqrt,,55
p1578,,,op6,,1,const,,55
p1578,,,op7,,1,const,,55
p1578,,,op8,op1;op2;op3;op4;op5;op6;op7,5,linear3,,45
p1579,1359.707,BATCH_PIPELINE,op1,,1,const,,55
p1579,,,op2,op1,2,sqrt,,55
p1579,,,op3,op1,2,sqrt,,55
p1579,,,op4,op1,20,linear7,,30
p1579,,,op5,op1,40,linear7,,20
p1579,,,op6,op1,1,const,,55
p1580,1359.707,QUERY,op1,,15,linear3,,35
p1581,1364.421,INTERACTIVE,op1,,1,const,,55
p1581,,,op2,op1,2,sqrt,,55
p1581,,,op3,op2,2,sqrt,,55
p1581,,,op4,op3,15,linear3,,37.5
p1581,,,op5,op4,15,linear3,,37.5
p1581,,,op6,op5,2,sqrt,,55
p1582,1364.421,BATCH_PIPELINE,op1,,1,const,,55
p1582,,,op2,op1,5,linear3,,45
p1582,,,op3,op2,15,linear3,,37.5
p1582,,,op4,op3,40,linear7,,20
p1582,,,op5,op4,80,squared,,10
p1582,,,op6,op5,2,sqrt,,55
p1582,,,op7,op6,40,linear7,,20
p1583,1364.421,BATCH_PIPELINE,op1,,1,const,,55
p1583,,,op2,,5,linear3,,45
p1583,,,op3,,20,linear7,,30
p1583,,,op4,,20,linear7,,30
p1583,,,op5,,80,squared,,10
p1583,,,op6,,15,linear3,,37.5
p1583,,,op7,,5,linear3,,45
p1583,,,op8,,1,const,,55
p1583,,,op9,op1;op2;op3;op4;op5;op6;op7;op8,1,const,,55
p1584,1364.421,INTERACTIVE,op1,,1,const,,55
p1584,,,op2,,1,const,,55
p1584,,,op3,,2,sqrt,,55
p1584,,,op4,,5,linear3,,45
p1584,,,op5,op1;op2;op3;op4,40,linear7,,20
p1585,1364.421,BATCH_PIPELINE,op1,,1,const,,55
p1585,,,op2,op1,20,linear7,,30
p1585,,,op3,op1,20,linear7,,30
p1585,,,op4,op1,5,linear3,,45
p1585,,,op5,op1,1,const,,55
p1585,,,op6,op1,5,linear3,,45
p1585,,,op7,op1,5,linear3,,45
p1585,,,op8,op1,15,linear3,,37.5
p1586,1364.421,BATCH_PIPELINE,op1,,1,const,,55
p1586,,,op2,op1,2,sqrt,,55
p1586,,,op3,op1,5,linear3,,45
p1586,,,op4,op1,80,squared,,10
p1586,,,op5,op1,20,linear7,,30
p1586,,,op6,op1,40,linear7,,20
p1586,,,op7,op1,1,const,,55
p1586,,,op8,op1,2,sqrt,,55
p1586,,,op9,op1,2,sqrt,,55
p1586,,,op10,op1,15,linear3,,37.5
p1587,1364.421,QUERY,op1,,15,linear3,,35
p1588,1364.421,BATCH_PIPELINE,op1,,1,const,,55
p1588,,,op2,,5,linear3,,45
p1588,,,op3,,40,linear7,,20
p1588,,,op4,,1,const,,55
p1588,,,op5,,15,linear3,,37.5
p1588,,,op6,,40,linear7,,20
p1588,,,op7,op1;op2;op3;op4;op5;op6,5,linear3,,45
p1589,1364.421,BATCH_PIPELINE,op1,,1,const,,55
p1589,,,op2,op1,5,linear3,,45
p1589,,,op3,op1,1,const,,55
p1589,,,op4,op1,1,const,,55
p1589,,,op5,op1,5,linear3,,45
p1589,,,op6,op1,1,const,,55
p1589,,,op7,op1,5,linear3,,45
p1589,,,op8,op1,40,linear7,,20
p1589,,,op9,op1,80,squared,,10
p1590,1364.421,INTERACTIVE,op1,,1,const,,55
p1590,,,op2,op1,5,linear3,,45
p1590,,,op3,op2,1,const,,55
p1590,,,op4,op3,80,squared,,10
p1590,,,op5,op4,1,const,,55
p1590,,,op6,op5,40,linear7,,20
p1590,,,op7,op6,20,linear7,,30
p1590,,,op8,op7,2,sqrt,,55
p1590,,,op9,op8,15,linear3,,37.5
p1590,,,op10,op9,80,squared,,10
p1591,1376.877,BATCH_PIPELINE,op1,,1,const,,55
p1591,,,op2,op1,5,linear3,,45
p1591,,,op3,op2,40,linear7,,20
p1591,,,op4,op3,20,linear7,,30
p1591,,,op5,op4,1,const,,55
p1591,,,op6,op5,15,linear3,,37.5
p1592,1376.877,BATCH_PIPELINE,op1,,1,const,,55
p1592,,,op2,op1,40,linear7,,20
p1592,,,op3,op2,20,linear7,,30
p1592,,,op4,op3,2,sqrt,,55
p1592,,,op5,op4,5,linear3,,45
p1592,,,op6,op5,5,linear3,,45
p1592,,,op7,op6,1,const,,55
p1592,,,op8,op7,5,linear3,,45
p1593,1376.877,BATCH_PIPELINE,op1,,1,const,,55
p1593,,,op2,,5,linear3,,45
p1593,,,op3,,15,linear3,,37.5
p1593,,,op4,op1;op2;op3,2,sqrt,,55
p1594,1376.877,BATCH_PIPELINE,op1,,1,const,,55
p1594,,,op2,op1,2,sqrt,,55
p1594,,,op3,op2,5,linear3,,45
p1594,,,op4,op3,80,squared,,10
p1594,,,op5,op4,2,sqrt,,55
p1595,1376.877,BATCH_PIPELINE,op1,,1,const,,55
p1595,,,op2,,1,const,,55
p1595,,,op3,,2,sqrt,,55
p1595,,,op4,,15,linear3,,37.5
p1595,,,op5,,80,squared,,10
p1595,,,op6,,2,sqrt,,55
p1595,,,op7,,5,linear3,,45
p1595,,,op8,,15,linear3,,37.5
p1595,,,op9,,20,linear7,,30
p1595,,,op10,op1;op2;op3;op4;op5;op6;op7;op8;op9,20,linear7,,30
p1596,1376.877,BATCH_PIPELINE,op1,,1,const,,55
p1596,,,op2,op1,40,linear7,,20
p1596,,,op3,op2,5,linear3,,45
p1596,,,op4,op3,5,linear3,,45
p1596,,,op5,op4,1,const,,55
p1596,,,op6,op5,80,squared,,10
p1597,1376.877,INTERACTIVE,op1,,1,const,,55
p1597,,,op2,,15,linear3,,37.5
p1597,,,op3,,1,const,,55
p1597,,,op4,,1,const,,55
p1597,,,op5,,40,linear7,,20
p1597,,,op6,,15,linear3,,37.5
p1597,,,op7,,15,linear3,,37.5
p1597,,,op8,,1,const,,55
p1597,,,op9,,2,sqrt,,55
p1597,,,op10,op1;op2;op3;op4;op5;op6;op7;op8;op9,40,linear7,,20
p1598,1376.877,BATCH_PIPELINE,op1,,1,const,,55
p1598,,,op2,op1,15,linear3,,37.5
p1598,,,op3,op2,5,linear3,,45
p1598,,,op4,op3,80,squared,,10
p1598,,,op5,op4,5,linear3,,45
p1598,,,op6,op5,40,linear7,,20
p1599,1376.877,BATCH_PIPELINE,op1,,1,const,,55
p1599,,,op2,op1,5,linear3,,45
p1599,,,op3,op2,40,linear7,,20
p1599,,,op4,op3,15,linear3,,37.5
p1599,,,op5,op4,5,linear3,,45
p1599,,,op6,op5,40,linear7,,20
p1600,1376.877,BATCH_PIPELINE,op1,,1,const,,55
p1600,,,op2,op1,20,linear7,,30
p1600,,,op3,op2,5,linear3,,45
p1600,,,op4,op3,15,linear3,,37.5
p1600,,,op5,op4,15,linear3,,37.5
p1600,,,op6,op5,5,linear3,,45
p1600,,,op7,op6,20,linear7,,30
p1600,,,op8,op7,15,linear3,,37.5
p1600,,,op9,op8,20,linear7,,30
p1600,,,op10,op9,5,linear3,,45
p1601,1389.248,INTERACTIVE,op1,,1,const,,55
p1601,,,op2,op1,40,linear7,,20
p1601,,,op3,op1,40,linear7,,20
p1601,,,op4,op1,5,linear3,,45
p1601,,,op5,op1,20,linear7,,30
p1601,,,op6,op1,15,linear3,,37.5
p1601,,,op7,op1,80,squared,,10
p1601,,,op8,op1,40,linear7,,20
p1601,,,op9,op1,2,sqrt,,55
p1602,1389.248,BATCH_PIPELINE,op1,,1,const,,55
p1602,,,op2,op1,2,sqrt,,55
p1602,,,op3,op2,80,squared,,10
p1603,1389.248,QUERY,op1,,15,linear3,,35
p1604,1389.248,BATCH_PIPELINE,op1,,1,const,,55
p1604,,,op2,op1,5,linear3,,45
p1604,,,op3,op2,5,linear3,,45
p1604,,,op4,op3,2,sqrt,,55
p1604,,,op5,op4,15,linear3,,37.5
p1604,,,op6,op5,15,linear3,,37.5
p1604,,,op7,op6,2,sqrt,,55
p1605,1389.248,BATCH_PIPELINE,op1,,1,const,,55
p1605,,,op2,op1,20,linear7,,30
p1605,,,op3,op2,20,linear7,,30
p1605,,,op4,op3,80,squared,,10
p1605,,,op5,op4,20,linear7,,30
p1605,,,op6,op5,80,squared,,10
p1605,,,op7,op6,80,squared,,10
p1605,,,op8,op7,1,const,,55
p1606,1389.248,BATCH_PIPELINE,op1,,1,const,,55
p1606,,,op2,,5,linear3,,45
p1606,,,op3,,20,linear7,,30
p1606,,,op4,,5,linear3,,45
p1606,,,op5,,2,sqrt,,55
p1606,,,op6,,2,sqrt,,55
p1606,,,op7,op1;op2;op3;op4;op5;op6,5,linear3,,45
p1607,1389.248,INTERACTIVE,op1,,1,const,,55
p1607,,,op2,op1,20,linear7,,30
p1607,,,op3,op2,5,linear3,,45
p1607,,,op4,op3,40,linear7,,20
p1607,,,op5,op4,2,sqrt,,55
p1607,,,op6,op5,1,const,,55
p1607,,,op7,op6,15,linear3,,37.5
p1608,1389.248,BATCH_PIPELINE,op1,,1,const,,55
p1608,,,op2,op1,80,squared,,10
p1608,,,op3,op1,2,sqrt,,55
p1608,,,op4,op1,40,linear7,,20
p1608,,,op5,op1,1,const,,55
p1608,,,op6,op1,40,linear7,,20
p1609,1389.248,INTERACTIVE,op1,,1,const,,55
p1609,,,op2,op1,5,linear3,,45
p1609,,,op3,op2,2,sqrt,,55
p1609,,,op4,op3,5,linear3,,45
p1609,,,op5,op4,80,squared,,10
p1609,,,op6,op5,5,linear3,,45
p1609,,,op7,op6,80,squared,,10
p1609,,,op8,op7,5,linear3,,45
p1609,,,op9,op8,40,linear7,,20
p1610,1389.248,BATCH_PIPELINE,op1,,1,const,,55
p1610,,,op2,,80,squared,,10
p1610,,,op3,,15,linear3,,37.5
p1610,,,op4,,1,const,,55
p1610,,,op5,,1,const,,55
p1610,,,op6,,1,const,,55
p1610,,,op7,op1;op2;op3;op4;op5;op6,20,linear7,,30
p1611,1400.06,INTERACTIVE,op1,,1,const,,55
p1611,,,op2,op1,1,const,,55
p1611,,,op3,op2,15,linear3,,37.5
p1611,,,op4,op3,15,linear3,,37.5
p1611,,,op5,op4,5,linear3,,45
p1611,,,op6,op5,15,linear3,,37.5
p1612,1400.06,BATCH_PIPELINE,op1,,1,const,,55
p1612,,,op2,op1,20,linear7,,30
p1612,,,op3,op2,40,linear7,,20
p1612,,,op4,op3,15,linear3,,37.5
p1612,,,op5,op4,20,linear7,,30
p1612,,,op6,op5,5,linear3,,45
p1612,,,op7,op6,20,linear7,,30
p1612,,,op8,op7,15,linear3,,37.5
p1613,1400.06,BATCH_PIPELINE,op1,,1,const,,55
p1613,,,op2,op1,15,linear3,,37.5
p1613,,,op3,op2,5,linear3,,45
p1613,,,op4,op3,5,linear3,,45
p1613,,,op5,op4,15,linear3,,37.5
p1613,,,op6,op5,2,sqrt,,55
p1613,,,op7,op6,20,linear7,,30
p1613,,,op8,op7,15,linear3,,37.5
p1613,,,op9,op8,2,sqrt,,55
p1614,1400.06,BATCH_PIPELINE,op1,,1,const,,55
p1614,,,op2,op1,40,linear7,,20
p1614,,,op3,op2,40,linear7,,20
p1614,,,op4,op3,20,linear7,,30
p1614,,,op5,op4,5,linear3,,45
p1614,,,op6,op5,1,const,,55
p1614,,,op7,op6,15,linear3,,37.5
p1614,,,op8,op7,40,linear7,,20
p1615,1400.06,BATCH_PIPELINE,op1,,1,const,,55
p1616,1400.06,INTERACTIVE,op1,,1,const,,55
p1616,,,op2,op1,20,linear7,,30
p1616,,,op3,op2,2,sqrt,,55
p1616,,,op4,op3,40,linear7,,20
p1616,,,op5,op4,1,const,,55
p1616,,,op6,op5,5,linear3,,45
p1616,,,op7,op6,5,linear3,,45
p1617,1400.06,QUERY,op1,,15,linear3,,35
p1618,1400.06,QUERY,op1,,15,linear3,,35
p1619,1400.06,BATCH_PIPELINE,op1,,1,const,,55
p1619,,,op2,op1,1,const,,55
p1619,,,op3,op2,1,const,,55
p1619,,,op4,op3,15,linear3,,37.5
p1619,,,op5,op4,5,linear3,,45
p1619,,,op6,op5,5,linear3,,45
p1619,,,op7,op6,80,squared,,10
p1619,,,op8,op7,15,linear3,,37.5
p1619,,,op9,op8,20,linear7,,30
p1619,,,op10,op9,20,linear7,,30
p1620,1400.06,QUERY,op1,,15,linear3,,35
p1621,1414.89,BATCH_PIPELINE,op1,,1,const,,55
p1621,,,op2,op1,80,squared,,10
p1621,,,op3,op2,20,linear7,,30
p1621,,,op4,op3,2,sqrt,,55
p1621,,,op5,op4,2,sqrt,,55
p1621,,,op6,op5,40,linear7,,20
p1622,1414.89,BATCH_PIPELINE,op1,,1,const,,55
p1622,,,op2,op1,20,linear7,,30
p1622,,,op3,op2,15,linear3,,37.5
p1622,,,op4,op3,2,sqrt,,55
p1622,,,op5,op4,5,linear3,,45
p1622,,,op6,op5,1,const,,55
p1622,,,op7,op6,15,linear3,,37.5
p1622,,,op8,op7,20,linear7,,30
p1622,,,op9,op8,20,linear7,,30
p1622,,,op10,op9,20,linear7,,30
p1623,1414.89,BATCH_PIPELINE,op1,,1,const,,55
p1623,,,op2,op1,40,linear7,,20
p1623,,,op3,op2,40,linear7,,20
p1623,,,op4,op3,5,linear3,,45
p1623,,,op5,op4,15,linear3,,37.5
p1623,,,op6,op5,20,linear7,,30
p1623,,,op7,op6,1,const,,55
p1623,,,op8,op7,1,const,,55
p1623,,,op9,op8,1,const,,55
p1623,,,op10,op9,5,linear3,,45
p1623,,,op11,op10,5,linear3,,45
p1624,1414.89,BATCH_PIPELINE,op1,,1,const,,55
p1624,,,op2,op1,40,linear7,,20
p1624,,,op3,op2,80,squared,,10
p1624,,,op4,op3,15,linear3,,37.5
p1624,,,op5,op4,2,sqrt,,55
p1624,,,op6,op5,20,linear7,,30
p1624,,,op7,op6,15,linear3,,37.5
p1624,,,op8,op7,5,linear3,,45
p1625,1414.89,BATCH_PIPELINE,op1,,1,const,,55
p1625,,,op2,op1,20,linear7,,30
p1625,,,op3,op2,20,linear7,,30
p1625,,,op4,op3,80,squared,,10
p1625,,,op5,op4,20,linear7,,30
p1625,,,op6,op5,15,linear3,,37.5
p1625,,,op7,op6,5,linear3,,45
p1626,1414.89,BATCH_PIPELINE,op1,,1,const,,55
p1626,,,op2,op1,1,const,,55
p1626,,,op3,op2,1,const,,55
p1626,,,op4,op3,80,squared,,10
p1626,,,op5,op4,15,linear3,,37.5
p1626,,,op6,op5,5,linear3,,45
p1627,1414.89,BATCH_PIPELINE,op1,,1,const,,55
p1627,,,op2,op1,40,linear7,,20
p1627,,,op3,op2,5,linear3,,45
p1627,,,op4,op3,1,const,,55
p1628,1414.89,INTERACTIVE,op1,,1,const,,55
p1628,,,op2,op1,1,const,,55
p1628,,,op3,op2,80,squared,,10
p1628,,,op4,op3,1,const,,55
p1628,,,op5,op4,5,linear3,,45
p1628,,,op6,op5,1,const,,55
p1628,,,op7,op6,1,const,,55
p1628,,,op8,op7,5,linear3,,45
p1628,,,op9,op8,20,linear7,,30
p1628,,,op10,op9,40,linear7,,20
p1629,1414.89,BATCH_PIPELINE,op1,,1,const,,55
p1629,,,op2,op1,20,linear7,,30
p1629,,,op3,op2,15,linear3,,37.5
p1629,,,op4,op3,15,linear3,,37.5
p1629,,,op5,op4,5,linear3,,45
p1630,1414.89,QUERY,op1,,15,linear3,,35
p1631,1423.482,BATCH_PIPELINE,op1,,1,const,,55
p1631,,,op2,op1,5,linear3,,45
p1631,,,op3,op2,15,linear3,,37.5
p1631,,,op4,op3,2,sqrt,,55
p1631,,,op5,op4,20,linear7,,30
p1631,,,op6,op5,15,linear3,,37.5
p1631,,,op7,op6,5,linear3,,45
p1631,,,op8,op7,20,linear7,,30
p1631,,,op9,op8,15,linear3,,37.5
p1631,,,op10,op9,2,sqrt,,55
p1631,,,op11,op10,15,linear3,,37.5
p1631,,,op12,op11,15,linear3,,37.5
p1632,1423.482,BATCH_PIPELINE,op1,,1,const,,55
p1632,,,op2,op1,5,linear3,,45
p1632,,,op3,op2,15,linear3,,37.5
p1632,,,op4,op3,15,linear3,,37.5
p1632,,,op5,op4,15,linear3,,37.5
p1632,,,op6,op5,15,linear3,,37.5
p1632,,,op7,op6,5,linear3,,45
p1632,,,op8,op7,20,linear7,,30
p1632,,,op9,op8,2,sqrt,,55
p1633,1423.482,INTERACTIVE,op1,,1,const,,55
p1633,,,op2,op1,15,linear3,,37.5
p1633,,,op3,op2,20,linear7,,30
p1633,,,op4,op3,5,linear3,,45
p1633,,,op5,op4,1,const,,55
p1633,,,op6,op5,1,const,,55
p1633,,,op7,op6,20,linear7,,30
p1633,,,op8,op7,1,const,,55
p1633,,,op9,op8,1,const,,55
p1634,1423.482,QUERY,op1,,15,linear3,,35
p1635,1423.482,BATCH_PIPELINE,op1,,1,const,,55
p1635,,,op2,op1,1,const,,55
p1635,,,op3,op2,15,linear3,,37.5
p1635,,,op4,op3,2,sqrt,,55
p1635,,,op5,op4,2,sqrt,,55
p1635,,,op6,op5,15,linear3,,37.5
p1636,1423.482,BATCH_PIPELINE,op1,,1,const,,55
p1636,,,op2,op1,15,linear3,,37.5
p1636,,,op3,op2,15,linear3,,37.5
p1636,,,op4,op3,2,sqrt,,55
p1636,,,op5,op4,1,const,,55
p1636,,,op6,op5,15,linear3,,37.5
p1637,1423.482,INTERACTIVE,op1,,1,const,,55
p1637,,,op2,,20,linear7,,30
p1637,,,op3,,5,linear3,,45
p1637,,,op4,,20,linear7,,30
p1637,,,op5,,15,linear3,,37.5
p1637,,,op6,,15,linear3,,37.5
p1637,,,op7,,40,linear7,,20
p1637,,,op8,op1;op2;op3;op4;op5;op6;op7,2,sqrt,,55
p1638,1423.482,QUERY,op1,,15,linear3,,35
p1639,1423.482,QUERY,op1,,15,linear3,,35
p1640,1423.482,BATCH_PIPELINE,op1,,1,const,,55
p1640,,,op2,op1,1,const,,55
p1640,,,op3,op2,80,squared,,10
p1640,,,op4,op3,15,linear3,,37.5
p1640,,,op5,op4,2,sqrt,,55
p1640,,,op6,op5,15,linear3,,37.5
p1640,,,op7,op6,2,sqrt,,55
p1641,1431.737,BATCH_PIPELINE,op1,,1,const,,55
p1641,,,op2,op1,1,const,,55
p1641,,,op3,op2,40,linear7,,20
p1641,,,op4,op3,2,sqrt,,55
p1641,,,op5,op4,20,linear7,,30
p1642,1431.737,BATCH_PIPELINE,op1,,1,const,,55
p1642,,,op2,op1,15,linear3,,37.5
p1642,,,op3,op2,5,linear3,,45
p1642,,,op4,op3,40,linear7,,20
p1642,,,op5,op4,80,squared,,10
p1642,,,op6,op5,40,linear7,,20
p1642,,,op7,op6,1,const,,55
p1642,,,op8,op7,5,linear3,,45
p1643,1431.737,INTERACTIVE,op1,,1,const,,55
p1643,,,op2,op1,1,const,,55
p1643,,,op3,op2,40,linear7,,20
p1643,,,op4,op3,2,sqrt,,55
p1643,,,op5,op4,1,const,,55
p1643,,,op6,op5,1,const,,55
p1643,,,op7,op6,15,linear3,,37.5
p1643,,,op8,op7,2,sqrt,,55
p1644,1431.737,QUERY,op1,,15,linear3,,35
p1645,1431.737,BATCH_PIPELINE,op1,,1,const,,55
p1645,,,op2,op1,15,linear3,,37.5
p1645,,,op3,op2,5,linear3,,45
p1645,,,op4,op3,2,sqrt,,55
p1646,1431.737,INTERACTIVE,op1,,1,const,,55
p1646,,,op2,op1,2,sqrt,,55
p1646,,,op3,op2,15,linear3,,37.5
p1646,,,op4,op3,15,linear3,,37.5
p1646,,,op5,op4,2,sqrt,,55
p1646,,,op6,op5,5,linear3,,45
p1646,,,op7,op6,2,sqrt,,55
p1646,,,op8,op7,15,linear3,,37.5
p1646,,,op9,op8,1,const,,55
p1647,1431.737,INTERACTIVE,op1,,1,const,,55
p1647,,,op2,op1,15,linear3,,37.5
p1647,,,op3,op2,5,linear3,,45
p1647,,,op4,op3,2,sqrt,,55
p1647,,,op5,op4,20,linear7,,30
p1647,,,op6,op5,20,linear7,,30
p1647,,,op7,op6,2,sqrt,,55
p1647,,,op8,op7,2,sqrt,,55
p1648,1431.737,BATCH_PIPELINE,op1,,1,const,,55
p1648,,,op2,op1,15,linear3,,37.5
p1648,,,op3,op1,15,linear3,,37.5
p1648,,,op4,op1,2,sqrt,,55
p1648,,,op5,op1,20,linear7,,30
p1648,,,op6,op1,2,sqrt,,55
p1649,1431.737,INTERACTIVE,op1,,1,const,,55
p1649,,,op2,,1,const,,55
p1649,,,op3,,5,linear3,,45
p1649,,,op4,,15,linear3,,37.5
p1649,,,op5,,5,linear3,,45
p1649,,,op6,,15,linear3,,37.5
p1649,,,op7,,1,const,,55
p1649,,,op8,,1,const,,55
p1649,,,op9,op1;op2;op3;op4;op5;op6;op7;op8,2,sqrt,,55
p1650,1431.737,BATCH_PIPELINE,op1,,1,const,,55
p1651,1436.411,BATCH_PIPELINE,op1,,1,const,,55
p1651,,,op2,op1,5,linear3,,45
p1651,,,op3,op2,20,linear7,,30
p1651,,,op4,op3,15,linear3,,37.5
p1651,,,op5,op4,5,linear3,,45
p1651,,,op6,op5,20,linear7,,30
p1651,,,op7,op6,15,linear3,,37.5
p1651,,,op8,op7,15,linear3,,37.5
p1651,,,op9,op8,5,linear3,,45
p1651,,,op10,op9,5,linear3,,45
p1651,,,op11,op10,20,linear7,,30
p1652,1436.411,BATCH_PIPELINE,op1,,1,const,,55
p1652,,,op2,op1,1,const,,55
p1652,,,op3,op2,40,linear7,,20
p1652,,,op4,op3,15,linear3,,37.5
p1652,,,op5,op4,2,sqrt,,55
p1652,,,op6,op5,20,linear7,,30
p1652,,,op7,op6,2,sqrt,,55
p1653,1436.411,BATCH_PIPELINE,op1,,1,const,,55
p1653,,,op2,op1,20,linear7,,30
p1653,,,op3,op1,20,linear7,,30
p1653,,,op4,op1,1,const,,55
p1653,,,op5,op1,1,const,,55
p1653,,,op6,op1,15,linear3,,37.5
p1653,,,op7,op1,15,linear3,,37.5
p1654,1436.411,BATCH_PIPELINE,op1,,1,const,,55
p1654,,,op2,op1,2,sqrt,,55
p1654,,,op3,op2,2,sqrt,,55
p1654,,,op4,op3,5,linear3,,45
p1654,,,op5,op4,5,linear3,,45
p1654,,,op6,op5,40,linear7,,20
p1654,,,op7,op6,20,linear7,,30
p1654,,,op8,op7,15,linear3,,37.5
p1654,,,op9,op8,20,linear7,,30
p1654,,,op10,op9,20,linear7,,30
p1654,,,op11,op10,15,linear3,,37.5
p1655,1436.411,QUERY,op1,,15,linear3,,35
p1656,1436.411,QUERY,op1,,15,linear3,,35
p1657,1436.411,QUERY,op1,,15,linear3,,35
p1658,1436.411,INTERACTIVE,op1,,1,const,,55
p1658,,,op2,op1,2,sqrt,,55
p1658,,,op3,op2,1,const,,55
p1658,,,op4,op3,20,linear7,,30
p1658,,,op5,op4,15,linear3,,37.5
p1658,,,op6,op5,1,const,,55
p1659,1436.411,INTERACTIVE,op1,,1,const,,55
p1659,,,op2,op1,1,const,,55
p1659,,,op3,op2,1,const,,55
p1659,,,op4,op3,20,linear7,,30
p1659,,,op5,op4,1,const,,55
p1659,,,op6,op5,5,linear3,,45
p1659,,,op7,op6,5,linear3,,45
p1660,1436.411,INTERACTIVE,op1,,1,const,,55
p1660,,,op2,op1,1,const,,55
p1660,,,op3,op1,20,linear7,,30
p1660,,,op4,op1,1,const,,55
p1660,,,op5,op1,40,linear7,,20
p1660,,,op6,op1,1,const,,55
p1660,,,op7,op1,80,squared,,10
p1660,,,op8,op1,5,linear3,,45
p1661,1448.315,INTERACTIVE,op1,,1,const,,55
p1661,,,op2,,2,sqrt,,55
p1661,,,op3,,20,linear7,,30
p1661,,,op4,,5,linear3,,45
p1661,,,op5,,2,sqrt,,55
p1661,,,op6,,20,linear7,,30
p1661,,,op7,op1;op2;op3;op4;op5;op6,2,sqrt,,55
p1662,1448.315,INTERACTIVE,op1,,1,const,,55
p1662,,,op2,op1,5,linear3,,45
p1662,,,op3,op2,80,squared,,10
p1662,,,op4,op3,5,linear3,,45
p1662,,,op5,op4,5,linear3,,45
p1662,,,op6,op5,5,linear3,,45
p1662,,,op7,op6,15,linear3,,37.5
p1662,,,op8,op7,1,const,,55
p1663,1448.315,INTERACTIVE,op1,,1,const,,55
p1663,,,op2,,80,squared,,10
p1663,,,op3,,40,linear7,,20
p1663,,,op4,,2,sqrt,,55
p1663,,,op5,,1,const,,55
p1663,,,op6,,15,linear3,,37.5
p1663,,,op7,,1,const,,55
p1663,,,op8,op1;op2;op3;op4;op5;op6;op7,40,linear7,,20
p1664,1448.315,BATCH_PIPELINE,op1,,1,const,,55
p1664,,,op2,op1,5,linear3,,45
p1664,,,op3,op1,40,linear7,,20
p1664,,,op4,op1,5,linear3,,45
p1664,,,op5,op1,15,linear3,,37.5
p1664,,,op6,op1,40,linear7,,20
p1664,,,op7,op1,2,sqrt,,55
p1664,,,op8,op1,1,const,,55
p1664,,,op9,op1,1,const,,55
p1664,,,op10,op1,20,linear7,,30
p1664,,,op11,op1,15,linear3,,37.5
p1665,1448.315,BATCH_PIPELINE,op1,,1,const,,55
p1665,,,op2,op1,1,const,,55
p1665,,,op3,op1,80,squared,,10
p1665,,,op4,op1,20,linear7,,30
p1665,,,op5,op1,15,linear3,,37.5
p1665,,,op6,op1,15,linear3,,37.5
p1665,,,op7,op1,1,const,,55
p1666,1448.315,BATCH_PIPELINE,op1,,1,const,,55
p1666,,,op2,op1,2,sqrt,,55
p1666,,,op3,op2,1,const,,55
p1666,,,op4,op3,2,sqrt,,55
p1666,,,op5,op4,5,linear3,,45
p1666,,,op6,op5,80,squared,,10
p1666,,,op7,op6,5,linear3,,45
p1666,,,op8,op7,1,const,,55
p1666,,,op9,op8,5,linear3,,45
p1666,,,op10,op9,15,linear3,,37.5
p1666,,,op11,op10,1,const,,55
p1667,1448.315,BATCH_PIPELINE,op1,,1,const,,55
p1667,,,op2,op1,2,sqrt,,55
p1667,,,op3,op2,2,sqrt,,55
p1667,,,op4,op3,1,const,,55
p1667,,,op5,op4,5,linear3,,45
p1667,,,op6,op5,15,linear3,,37.5
p1667,,,op7,op6,2,sqrt,,55
p1667,,,op8,op7,80,squared,,10
p1667,,,op9,op8,20,linear7,,30
p1667,,,op10,op9,1,const,,55
p1668,1448.315,QUERY,op1,,15,linear3,,35
p1669,1448.315,INTERACTIVE,op1,,1,const,,55
p1669,,,op2,op1,80,squared,,10
p1669,,,op3,op2,15,linear3,,37.5
p1669,,,op4,op3,5,linear3,,45
p1669,,,op5,op4,1,const,,55
p1669,,,op6,op5,15,linear3,,37.5
p1669,,,op7,op6,5,linear3,,45
p1669,,,op8,op7,5,linear3,,45
p1669,,,op9,op8,80,squared,,10
p1669,,,op10,op9,5,linear3,,45
p1669,,,op11,op10,40,linear7,,20
p1670,1448.315,INTERACTIVE,op1,,1,const,,55
p1670,,,op2,op1,20,linear7,,30
p1670,,,op3,op2,20,linear7,,30
p1670,,,op4,op3,5,linear3,,45
p1670,,,op5,op4,20,linear7,,30
p1670,,,op6,op5,20,linear7,,30
p1670,,,op7,op6,2,sqrt,,55
p1670,,,op8,op7,2,sqrt,,55
p1670,,,op9,op8,15,linear3,,37.5
p1670,,,op10,op9,5,linear3,,45
p1670,,,op11,op10,40,linear7,,20
p1670,,,op12,op11,20,linear7,,30
p1670,,,op13,op12,5,linear3,,45
p1671,1458.679,INTERACTIVE,op1,,1,const,,55
p1671,,,op2,,40,linear7,,20
p1671,,,op3,,15,linear3,,37.5
p1671,,,op4,,40,linear7,,20
p1671,,,op5,,20,linear7,,30
p1671,,,op6,op1;op2;op3;op4;op5,5,linear3,,45
p1672,1458.679,BATCH_PIPELINE,op1,,1,const,,55
p1672,,,op2,op1,80,squared,,10
p1672,,,op3,op2,1,const,,55
p1672,,,op4,op3,15,linear3,,37.5
p1672,,,op5,op4,20,linear7,,30
p1672,,,op6,op5,5,linear3,,45
p1672,,,op7,op6,2,sqrt,,55
p1672,,,op8,op7,5,linear3,,45
p1673,1458.679,INTERACTIVE,op1,,1,const,,55
p1673,,,op2,op1,40,linear7,,20
p1673,,,op3,op2,15,linear3,,37.5
p1673,,,op4,op3,40,linear7,,20
p1673,,,op5,op4,20,linear7,,30
p1673,,,op6,op5,80,squared,,10
p1673,,,op7,op6,40,linear7,,20
p1674,1458.679,INTERACTIVE,op1,,1,const,,55
p1674,,,op2,op1,5,linear3,,45
p1674,,,op3,op2,1,const,,55
p1674,,,op4,op3,5,linear3,,45
p1674,,,op5,op4,20,linear7,,30
p1674,,,op6,op5,5,linear3,,45
p1674,,,op7,op6,1,const,,55
p1674,,,op8,op7,1,const,,55
p1675,1458.679,BATCH_PIPELINE,op1,,1,const,,55
p1675,,,op2,,15,linear3,,37.5
p1675,,,op3,,80,squared,,10
p1675,,,op4,,20,linear7,,30
p1675,,,op5,,1,const,,55
p1675,,,op6,,80,squared,,10
p1675,,,op7,,1,const,,55
p1675,,,op8,op1;op2;op3;op4;op5;op6;op7,5,linear3,,45
p1676,1458.679,BATCH_PIPELINE,op1,,1,const,,55
p1676,,,op2,op1,1,const,,55
p1676,,,op3,op2,5,linear3,,45
p1676,,,op4,op3,40,linear7,,20
p1676,,,op5,op4,2,sqrt,,55
p1676,,,op6,op5,1,const,,55
p1677,1458.679,BATCH_PIPELINE,op1,,1,const,,55
p1677,,,op2,op1,1,const,,55
p1677,,,op3,op2,20,linear7,,30
p1677,,,op4,op3,20,linear7,,30
p1677,,,op5,op4,1,const,,55
p1677,,,op6,op5,2,sqrt,,55
p1677,,,op7,op6,15,linear3,,37.5
p1678,1458.679,INTERACTIVE,op1,,1,const,,55
p1678,,,op2,op1,5,linear3,,45
p1678,,,op3,op2,1,const,,55
p1678,,,op4,op3,15,linear3,,37.5
p1678,,,op5,op4,5,linear3,,45
p1678,,,op6,op5,5,linear3,,45
p1678,,,op7,op6,15,linear3,,37.5
p1678,,,op8,op7,20,linear7,,30
p1679,1458.679,INTERACTIVE,op1,,1,const,,55
p1679,,,op2,op1,40,linear7,,20
p1679,,,op3,op2,20,linear7,,30
p1679,,,op4,op3,15,linear3,,37.5
p1679,,,op5,op4,1,const,,55
p1679,,,op6,op5,40,linear7,,20
p1679,,,op7,op6,15,linear3,,37.5
p1680,1458.679,BATCH_PIPELINE,op1,,1,const,,55
p1680,,,op2,op1,40,linear7,,20
p1680,,,op3,op2,20,linear7,,30
p1680,,,op4,op3,15,linear3,,37.5
p1680,,,op5,op4,5,linear3,,45
p1680,,,op6,op5,2,sqrt,,55
p1680,,,op7,op6,1,const,,55
p1681,1464.5,BATCH_PIPELINE,op1,,1,const,,55
p1681,,,op2,op1,20,linear7,,30
p1681,,,op3,op2,5,linear3,,45
p1681,,,op4,op3,40,linear7,,20
p1681,,,op5,op4,2,sqrt,,55
p1681,,,op6,op5,5,linear3,,45
p1682,1464.5,BATCH_PIPELINE,op1,,1,const,,55
p1682,,,op2,,15,linear3,,37.5
p1682,,,op3,,15,linear3,,37.5
p1682,,,op4,,1,const,,55
p1682,,,op5,,2,sqrt,,55
p1682,,,op6,,40,linear7,,20
p1682,,,op7,op1;op2;op3;op4;op5;op6,1,const,,55
p1683,1464.5,QUERY,op1,,15,linear3,,35
p1684,1464.5,BATCH_PIPELINE,op1,,1,const,,55
p1684,,,op2,op1,80,squared,,10
p1684,,,op3,op2,40,linear7,,20
p1684,,,op4,op3,5,linear3,,45
p1684,,,op5,op4,15,linear3,,37.5
p1684,,,op6,op5,2,sqrt,,55
p1685,1464.5,QUERY,op1,,15,linear3,,35
p1686,1464.5,BATCH_PIPELINE,op1,,1,const,,55
p1686,,,op2,op1,5,linear3,,45
p1686,,,op3,op1,1,const,,55
p1686,,,op4,op1,1,const,,55
p1686,,,op5,op1,15,linear3,,37.5
p1686,,,op6,op1,2,sqrt,,55
p1686,,,op7,op1,15,linear3,,37.5
p1687,1464.5,INTERACTIVE,op1,,1,const,,55
p1687,,,op2,op1,15,linear3,,37.5
p1687,,,op3,op2,5,linear3,,45
p1687,,,op4,op3,80,squared,,10
p1687,,,op5,op4,15,linear3,,37.5
p1687,,,op6,op5,80,squared,,10
p1687,,,op7,op6,20,linear7,,30
p1687,,,op8,op7,40,linear7,,20
p1687,,,op9,op8,5,linear3,,45
p1688,1464.5,BATCH_PIPELINE,op1,,1,const,,55
p1688,,,op2,op1,20,linear7,,30
p1688,,,op3,op1,5,linear3,,45
p1688,,,op4,op1,5,linear3,,45
p1688,,,op5,op1,40,linear7,,20
p1688,,,op6,op1,40,linear7,,20
p1688,,,op7,op1,2,sqrt,,55
p1688,,,op8,op1,2,sqrt,,55
p1688,,,op9,op1,2,sqrt,,55
p1688,,,op10,op1,20,linear7,,30
p1689,1464.5,INTERACTIVE,op1,,1,const,,55
p1689,,,op2,op1,2,sqrt,,55
p1689,,,op3,op2,80,squared,,10
p1689,,,op4,op3,1,const,,55
p1689,,,op5,op4,80,squared,,10
p1689,,,op6,op5,15,linear3,,37.5
p1689,,,op7,op6,1,const,,55
p1689,,,op8,op7,80,squared,,10
p1689,,,op9,op8,20,linear7,,30
p1690,1464.5,INTERACTIVE,op1,,1,const,,55
p1690,,,op2,op1,80,squared,,10
p1690,,,op3,op2,2,sqrt,,55
p1690,,,op4,op3,1,const,,55
p1690,,,op5,op4,15,linear3,,37.5
p1690,,,op6,op5,1,const,,55
p1691,1471.2920000000001,INTERACTIVE,op1,,1,const,,55
p1691,,,op2,op1,15,linear3,,37.5
p1691,,,op3,op2,5,linear3,,45
p1691,,,op4,op3,5,linear3,,45
p1691,,,op5,op4,2,sqrt,,55
p1691,,,op6,op5,2,sqrt,,55
p1691,,,op7,op6,2,sqrt,,55
p1691,,,op8,op7,2,sqrt,,55
p1692,1471.2920000000001,BATCH_PIPELINE,op1,,1,const,,55
p1692,,,op2,op1,1,const,,55
p1692,,,op3,op2,5,linear3,,45
p1692,,,op4,op3,80,squared,,10
p1692,,,op5,op4,1,const,,55
p1692,,,op6,op5,5,linear3,,45
p1692,,,op7,op6,15,linear3,,37.5
p1692,,,op8,op7,5,linear3,,45
p1692,,,op9,op8,5,linear3,,45
p1693,1471.2920000000001,INTERACTIVE,op1,,1,const,,55
p1693,,,op2,op1,20,linear7,,30
p1693,,,op3,op2,20,linear7,,30
p1693,,,op4,op3,80,squared,,10
p1693,,,op5,op4,40,linear7,,20
p1693,,,op6,op5,80,squared,,10
p1693,,,op7,op6,40,linear7,,20
p1693,,,op8,op7,2,sqrt,,55
p1694,1471.2920000000001,BATCH_PIPELINE,op1,,1,const,,55
p1694,,,op2,op1,5,linear3,,45
p1694,,,op3,op1,2,sqrt,,55
p1694,,,op4,op1,20,linear7,,30
p1694,,,op5,op1,2,sqrt,,55
p1694,,,op6,op1,20,linear7,,30
p1694,,,op7,op1,5,linear3,,45
p1694,,,op8,op1,15,linear3,,37.5
p1694,,,op9,op1,1,const,,55
p1695,1471.2920000000001,INTERACTIVE,op1,,1,const,,55
p1695,,,op2,op1,80,squared,,10
p1695,,,op3,op2,5,linear3,,45
p1695,,,op4,op3,15,linear3,,37.5
p1695,,,op5,op4,15,linear3,,37.5
p1695,,,op6,op5,15,linear3,,37.5
p1695,,,op7,op6,80,squared,,10
p1695,,,op8,op7,15,linear3,,37.5
p1696,1471.2920000000001,QUERY,op1,,15,linear3,,35
p1697,1471.2920000000001,INTERACTIVE,op1,,1,const,,55
p1697,,,op2,op1,2,sqrt,,55
p1697,,,op3,op2,1,const,,55
p1697,,,op4,op3,1,const,,55
p1697,,,op5,op4,5,linear3,,45
p1697,,,op6,op5,5,linear3,,45
p1697,,,op7,op6,40,linear7,,20
p1698,1471.2920000000001,INTERACTIVE,op1,,1,const,,55
p1698,,,op2,op1,20,linear7,,30
p1698,,,op3,op2,40,linear7,,20
p1698,,,op4,op3,15,linear3,,37.5
p1698,,,op5,op4,15,linear3,,37.5
p1698,,,op6,op5,1,const,,55
p1698,,,op7,op6,40,linear7,,20
p1698,,,op8,op7,80,squared,,10
p1698,,,op9,op8,15,linear3,,37.5
p1699,1471.2920000000001,QUERY,op1,,15,linear3,,35
p1700,1471.2920000000001,BATCH_PIPELINE,op1,,1,const,,55
p1700,,,op2,,20,linear7,,30
p1700,,,op3,,15,linear3,,37.5
p1700,,,op4,,40,linear7,,20
p1700,,,op5,,15,linear3,,37.5
p1700,,,op6,,2,sqrt,,55
p1700,,,op7,op1;op2;op3;op4;op5;op6,2,sqrt,,55
p1701,1479.026,QUERY,op1,,15,linear3,,35
p1702,1479.026,BATCH_PIPELINE,op1,,1,const,,55
p1702,,,op2,op1,15,linear3,,37.5
p1702,,,op3,op2,1,const,,55
p1702,,,op4,op3,15,linear3,,37.5
p1702,,,op5,op4,2,sqrt,,55
p1702,,,op6,op5,80,squared,,10
p1702,,,op7,op6,1,const,,55
p1702,,,op8,op7,15,linear3,,37.5
p1702,,,op9,op8,2,sqrt,,55
p1702,,,op10,op9,5,linear3,,45
p1702,,,op11,op10,20,linear7,,30
p1703,1479.026,INTERACTIVE,op1,,1,const,,55
p1703,,,op2,op1,2,sqrt,,55
p1703,,,op3,op2,15,linear3,,37.5
p1703,,,op4,op3,40,linear7,,20
p1703,,,op5,op4,15,linear3,,37.5
p1703,,,op6,op5,2,sqrt,,55
p1703,,,op7,op6,5,linear3,,45
p1704,1479.026,BATCH_PIPELINE,op1,,1,const,,55
p1704,,,op2,,20,linear7,,30
p1704,,,op3,,5,linear3,,45
p1704,,,op4,,1,const,,55
p1704,,,op5,op1;op2;op3;op4,40,linear7,,20
p1705,1479.026,BATCH_PIPELINE,op1,,1,const,,55
p1705,,,op2,op1,5,linear3,,45
p1705,,,op3,op2,2,sqrt,,55
p1705,,,op4,op3,20,linear7,,30
p1705,,,op5,op4,15,linear3,,37.5
p1705,,,op6,op5,20,linear7,,30
p1705,,,op7,op6,2,sqrt,,55
p1706,1479.026,BATCH_PIPELINE,op1,,1,const,,55
p1706,,,op2,op1,80,squared,,10
p1706,,,op3,op2,15,linear3,,37.5
p1706,,,op4,op3,15,linear3,,37.5
p1707,1479.026,INTERACTIVE,op1,,1,const,,55
p1707,,,op2,,2,sqrt,,55
p1707,,,op3,,20,linear7,,30
p1707,,,op4,,20,linear7,,30
p1707,,,op5,,40,linear7,,20
p1707,,,op6,,80,squared,,10
p1707,,,op7,,15,linear3,,37.5
p1707,,,op8,,1,const,,55
p1707,,,op9,op1;op2;op3;op4;op5;op6;op7;op8,80,squared,,10
p1708,1479.026,INTERACTIVE,op1,,1,const,,55
p1708,,,op2,op1,5,linear3,,45
p1708,,,op3,op1,20,linear7,,30
p1708,,,op4,op1,15,linear3,,37.5
p1708,,,op5,op1,20,linear7,,30
p1708,,,op6,op1,2,sqrt,,55
p1708,,,op7,op1,5,linear3,,45
p1708,,,op8,op1,2,sqrt,,55
p1709,1479.026,BATCH_PIPELINE,op1,,1,const,,55
p1709,,,op2,op1,5,linear3,,45
p1709,,,op3,op1,1,const,,55
p1709,,,op4,op1,40,linear7,,20
p1709,,,op5,op1,15,linear3,,37.5
p1709,,,op6,op1,5,linear3,,45
p1709,,,op7,op1,5,linear3,,45
p1710,1479.026,BATCH_PIPELINE,op1,,1,const,,55
p1710,,,op2,op1,1,const,,55
p1710,,,op3,op2,15,linear3,,37.5
p1710,,,op4,op3,40,linear7,,20
p1710,,,op5,op4,15,linear3,,37.5
p1710,,,op6,op5,2,sqrt,,55
p1710,,,op7,op6,2,sqrt,,55
p1710,,,op8,op7,2,sqrt,,55
p1710,,,op9,op8,80,squared,,10
p1710,,,op10,op9,5,linear3,,45
p1710,,,op11,op10,1,const,,55
p1711,1488.891,INTERACTIVE,op1,,1,const,,55
p1711,,,op2,op1,1,const,,55
p1711,,,op3,op2,40,linear7,,20
p1711,,,op4,op3,15,linear3,,37.5
p1711,,,op5,op4,15,linear3,,37.5
p1711,,,op6,op5,15,linear3,,37.5
p1711,,,op7,op6,15,linear3,,37.5
p1712,1488.891,INTERACTIVE,op1,,1,const,,55
p1712,,,op2,op1,40,linear7,,20
p1712,,,op3,op1,1,const,,55
p1712,,,op4,op1,5,linear3,,45
p1712,,,op5,op1,20,linear7,,30
p1712,,,op6,op1,80,squared,,10
p1712,,,op7,op1,80,squared,,10
p1713,1488.891,BATCH_PIPELINE,op1,,1,const,,55
p1713,,,op2,op1,40,linear7,,20
p1713,,,op3,op1,20,linear7,,30
p1713,,,op4,op1,1,const,,55
p1713,,,op5,op1,20,linear7,,30
p1713,,,op6,op1,40,linear7,,20
p1713,,,op7,op1,5,linear3,,45
p1713,,,op8,op1,5,linear3,,45
p1713,,,op9,op1,1,const,,55
p1713,,,op10,op1,20,linear7,,30
p1714,1488.891,QUERY,op1,,15,linear3,,35
p1715,1488.891,BATCH_PIPELINE,op1,,1,const,,55
p1715,,,op2,op1,2,sqrt,,55
p1715,,,op3,op1,15,linear3,,37.5
p1715,,,op4,op1,1,const,,55
p1715,,,op5,op1,40,linear7,,20
p1715,,,op6,op1,15,linear3,,37.5
p1715,,,op7,op1,1,const,,55
p1716,1488.891,INTERACTIVE,op1,,1,const,,55
p1716,,,op2,op1,15,linear3,,37.5
p1716,,,op3,op2,20,linear7,,30
p1716,,,op4,op3,20,linear7,,30
p1716,,,op5,op4,15,linear3,,37.5
p1716,,,op6,op5,5,linear3,,45
p1716,,,op7,op6,5,linear3,,45
p1716,,,op8,op7,15,linear3,,37.5
p1716,,,op9,op8,40,linear7,,20
p1716,,,op10,op9,5,linear3,,45
p1717,1488.891,INTERACTIVE,op1,,1,const,,55
p1717,,,op2,op1,80,squared,,10
p1717,,,op3,op2,80,squared,,10
p1717,,,op4,op3,80,squared,,10
p1717,,,op5,op4,2,sqrt,,55
p1717,,,op6,op5,80,squared,,10
p1717,,,op7,op6,5,linear3,,45
p1717,,,op8,op7,5,linear3,,45
p1718,1488.891,BATCH_PIPELINE,op1,,1,const,,55
p1718,,,op2,op1,15,linear3,,37.5
p1718,,,op3,op2,1,const,,55
p1718,,,op4,op3,80,squared,,10
p1718,,,op5,op4,20,linear7,,30
p1718,,,op6,op5,80,squared,,10
p1718,,,op7,op6,1,const,,55
p1718,,,op8,op7,80,squared,,10
p1719,1488.891,BATCH_PIPELINE,op1,,1,const,,55
p1719,,,op2,op1,5,linear3,,45
p1719,,,op3,op2,2,sqrt,,55
p1719,,,op4,op3,2,sqrt,,55
p1719,,,op5,op4,1,const,,55
p1719,,,op6,op5,5,linear3,,45
p1719,,,op7,op6,15,linear3,,37.5
p1719,,,op8,op7,40,linear7,,20
p1720,1488.891,INTERACTIVE,op1,,1,const,,55
p1720,,,op2,op1,5,linear3,,45
p1720,,,op3,op2,20,linear7,,30
p1720,,,op4,op3,15,linear3,,37.5
p1720,,,op5,op4,2,sqrt,,55
p1720,,,op6,op5,20,linear7,,30
p1720,,,op7,op6,2,sqrt,,55
p1720,,,op8,op7,2,sqrt,,55
p1720,,,op9,op8,15,linear3,,37.5
p1720,,,op10,op9,15,linear3,,37.5
p1721,1496.715,BATCH_PIPELINE,op1,,1,const,,55
p1721,,,op2,op1,15,linear3,,37.5
p1721,,,op3,op2,5,linear3,,45
p1721,,,op4,op3,40,linear7,,20
p1721,,,op5,op4,15,linear3,,37.5
p1722,1496.715,QUERY,op1,,15,linear3,,35
p1723,1496.715,BATCH_PIPELINE,op1,,1,const,,55
p1723,,,op2,op1,2,sqrt,,55
p1723,,,op3,op2,2,sqrt,,55
p1723,,,op4,op3,2,sqrt,,55
p1723,,,op5,op4,20,linear7,,30
p1723,,,op6,op5,20,linear7,,30
p1724,1496.715,BATCH_PIPELINE,op1,,1,const,,55
p1724,,,op2,op1,80,squared,,10
p1724,,,op3,op2,5,linear3,,45
p1724,,,op4,op3,15,linear3,,37.5
p1724,,,op5,op4,40,linear7,,20
p1724,,,op6,op5,5,linear3,,45
p1725,1496.715,INTERACTIVE,op1,,1,const,,55
p1725,,,op2,op1,15,linear3,,37.5
p1725,,,op3,op2,2,sqrt,,55
p1725,,,op4,op3,1,const,,55
p1725,,,op5,op4,15,linear3,,37.5
p1725,,,op6,op5,1,const,,55
p1726,1496.715,BATCH_PIPELINE,op1,,1,const,,55
p1726,,,op2,op1,5,linear3,,45
p1726,,,op3,op2,1,const,,55
p1726,,,op4,op3,20,linear7,,30
p1726,,,op5,op4,15,linear3,,37.5
p1726,,,op6,op5,15,linear3,,37.5
p1726,,,op7,op6,20,linear7,,30
p1726,,,op8,op7,2,sqrt,,55
p1727,1496.715,INTERACTIVE,op1,,1,const,,55
p1727,,,op2,,2,sqrt,,55
p1727,,,op3,,15,linear3,,37.5
p1727,,,op4,,40,linear7,,20
p1727,,,op5,,40,linear7,,20
p1727,,,op6,,2,sqrt,,55
p1727,,,op7,,1,const,,55
p1727,,,op8,,1,const,,55
p1727,,,op9,op1;op2;op3;op4;op5;op6;op7;op8,5,linear3,,45
p1728,1496.715,QUERY,op1,,15,linear3,,35
p1729,1496.715,INTERACTIVE,op1,,1,const,,55
p1729,,,op2,op1,2,sqrt,,55
p1729,,,op3,op2,5,linear3,,45
p1729,,,op4,op3,1,const,,55
p1729,,,op5,op4,40,linear7,,20
p1729,,,op6,op5,5,linear3,,45
p1730,1496.715,BATCH_PIPELINE,op1,,1,const,,55
p1730,,,op2,op1,40,linear7,,20
p1730,,,op3,op2,5,linear3,,45
p1730,,,op4,op3,5,linear3,,45
p1730,,,op5,op4,2,sqrt,,55
p1731,1503.6680000000001,BATCH_PIPELINE,op1,,1,const,,55
p1731,,,op2,op1,80,squared,,10
p1731,,,op3,op2,5,linear3,,45
p1731,,,op4,op3,15,linear3,,37.5
p1731,,,op5,op4,2,sqrt,,55
p1731,,,op6,op5,5,linear3,,45
p1731,,,op7,op6,5,linear3,,45
p1731,,,op8,op7,5,linear3,,45
p1732,1503.6680000000001,BATCH_PIPELINE,op1,,1,const,,55
p1732,,,op2,op1,20,linear7,,30
p1732,,,op3,op2,5,linear3,,45
p1732,,,op4,op3,15,linear3,,37.5
p1732,,,op5,op4,5,linear3,,45
p1732,,,op6,op5,40,linear7,,20
p1732,,,op7,op6,15,linear3,,37.5
p1732,,,op8,op7,5,linear3,,45
p1732,,,op9,op8,5,linear3,,45
p1733,1503.6680000000001,BATCH_PIPELINE,op1,,1,const,,55
p1733,,,op2,op1,2,sqrt,,55
p1733,,,op3,op2,20,linear7,,30
p1733,,,op4,op3,20,linear7,,30
p1733,,,op5,op4,80,squared,,10
p1733,,,op6,op5,2,sqrt,,55
p1733,,,op7,op6,20,linear7,,30
p1733,,,op8,op7,1,const,,55
p1734,1503.6680000000001,BATCH_PIPELINE,op1,,1,const,,55
p1734,,,op2,op1,15,linear3,,37.5
p1734,,,op3,op1,2,sqrt,,55
p1734,,,op4,op1,2,sqrt,,55
p1734,,,op5,op1,5,linear3,,45
p1735,1503.6680000000001,BATCH_PIPELINE,op1,,1,const,,55
p1735,,,op2,,5,linear3,,45
p1735,,,op3,,20,linear7,,30
p1735,,,op4,,20,linear7,,30
p1735,,,op5,,1,const,,55
p1735,,,op6,op1;op2;op3;op4;op5,40,linear7,,20
p1736,1503.6680000000001,INTERACTIVE,op1,,1,const,,55
p1736,,,op2,op1,15,linear3,,37.5
p1736,,,op3,op2,80,squared,,10
p1736,,,op4,op3,15,linear3,,37.5
p1736,,,op5,op4,5,linear3,,45
p1736,,,op6,op5,5,linear3,,45
p1736,,,op7,op6,1,const,,55
p1736,,,op8,op7,40,linear7,,20
p1737,1503.6680000000001,QUERY,op1,,15,linear3,,35
p1738,1503.6680000000001,INTERACTIVE,op1,,1,const,,55
p1738,,,op2,,20,linear7,,30
p1738,,,op3,,1,const,,55
p1738,,,op4,,40,linear7,,20
p1738,,,op5,op1;op2;op3;op4,5,linear3,,45
p1739,1503.6680000000001,INTERACTIVE,op1,,1,const,,55
p1739,,,op2,op1,1,const,,55
p1739,,,op3,op1,2,sqrt,,55
p1739,,,op4,op1,20,linear7,,30
p1739,,,op5,op1,15,linear3,,37.5
p1739,,,op6,op1,2,sqrt,,55
p1739,,,op7,op1,20,linear7,,30
p1740,1503.6680000000001,INTERACTIVE,op1,,1,const,,55
p1740,,,op2,op1,5,linear3,,45
p1740,,,op3,op2,15,linear3,,37.5
p1740,,,op4,op3,1,const,,55
p1740,,,op5,op4,40,linear7,,20
p1740,,,op6,op5,80,squared,,10
p1740,,,op7,op6,5,linear3,,45
p1740,,,op8,op7,15,linear3,,37.5
p1741,1515.337,INTERACTIVE,op1,,1,const,,55
p1741,,,op2,op1,5,linear3,,45
p1741,,,op3,op2,20,linear7,,30
p1741,,,op4,op3,5,linear3,,45
p1741,,,op5,op4,80,squared,,10
p1741,,,op6,op5,80,squared,,10
p1741,,,op7,op6,2,sqrt,,55
p1741,,,op8,op7,5,linear3,,45
p1741,,,op9,op8,2,sqrt,,55
p1741,,,op10,op9,5,linear3,,45
p1741,,,op11,op10,5,linear3,,45
p1742,1515.337,BATCH_PIPELINE,op1,,1,const,,55
p1742,,,op2,op1,1,const,,55
p1742,,,op3,op2,1,const,,55
p1742,,,op4,op3,2,sqrt,,55
p1742,,,op5,op4,15,linear3,,37.5
p1742,,,op6,op5,1,const,,55
p1743,1515.337,QUERY,op1,,15,linear3,,35
p1744,1515.337,BATCH_PIPELINE,op1,,1,const,,55
p1744,,,op2,op1,2,sqrt,,55
p1744,,,op3,op2,20,linear7,,30
p1744,,,op4,op3,2,sqrt,,55
p1744,,,op5,op4,5,linear3,,45
p1745,1515.337,INTERACTIVE,op1,,1,const,,55
p1745,,,op2,op1,40,linear7,,20
p1745,,,op3,op2,1,const,,55
p1745,,,op4,op3,5,linear3,,45
p1745,,,op5,op4,2,sqrt,,55
p1745,,,op6,op5,1,const,,55
p1745,,,op7,op6,5,linear3,,45
p1745,,,op8,op7,80,squared,,10
p1745,,,op9,op8,2,sqrt,,55
p1746,1515.337,BATCH_PIPELINE,op1,,1,const,,55
p1746,,,op2,op1,2,sqrt,,55
p1746,,,op3,op2,5,linear3,,45
p1746,,,op4,op3,5,linear3,,45
p1746,,,op5,op4,5,linear3,,45
p1747,1515.337,BATCH_PIPELINE,op1,,1,const,,55
p1747,,,op2,op1,1,const,,55
p1747,,,op3,op2,5,linear3,,45
p1747,,,op4,op3,15,linear3,,37.5
p1747,,,op5,op4,2,sqrt,,55
p1747,,,op6,op5,15,linear3,,37.5
p1748,1515.337,BATCH_PIPELINE,op1,,1,const,,55
p1748,,,op2,op1,15,linear3,,37.5
p1748,,,op3,op2,40,linear7,,20
p1748,,,op4,op3,5,linear3,,45
p1748,,,op5,op4,2,sqrt,,55
p1748,,,op6,op5,40,linear7,,20
p1748,,,op7,op6,80,squared,,10
p1748,,,op8,op7,2,sqrt,,55
p1748,,,op9,op8,5,linear3,,45
p1749,1515.337,BATCH_PIPELINE,op1,,1,const,,55
p1749,,,op2,,20,linear7,,30
p1749,,,op3,,2,sqrt,,55
p1749,,,op4,,15,linear3,,37.5
p1749,,,op5,,5,linear3,,45
p1749,,,op6,,1,const,,55
p1749,,,op7,op1;op2;op3;op4;op5;op6,2,sqrt,,55
p1750,1515.337,INTERACTIVE,op1,,1,const,,55
p1750,,,op2,op1,20,linear7,,30
p1750,,,op3,op2,15,linear3,,37.5
p1750,,,op4,op3,15,linear3,,37.5
p1750,,,op5,op4,15,linear3,,37.5
p1750,,,op6,op5,15,linear3,,37.5
p1750,,,op7,op6,15,linear3,,37.5
p1750,,,op8,op7,1,const,,55
p1750,,,op9,op8,2,sqrt,,55
p1751,1522.022,INTERACTIVE,op1,,1,const,,55
p1751,,,op2,op1,80,squared,,10
p1751,,,op3,op2,15,linear3,,37.5
p1751,,,op4,op3,40,linear7,,20
p1751,,,op5,op4,20,linear7,,30
p1751,,,op6,op5,40,linear7,,20
p1751,,,op7,op6,15,linear3,,37.5
p1751,,,op8,op7,1,const,,55
p1751,,,op9,op8,5,linear3,,45
p1751,,,op10,op9,20,linear7,,30
p1751,,,op11,op10,5,linear3,,45
p1752,1522.022,INTERACTIVE,op1,,1,const,,55
p1752,,,op2,op1,1,const,,55
p1752,,,op3,op2,5,linear3,,45
p1752,,,op4,op3,15,linear3,,37.5
p1752,,,op5,op4,1,const,,55
p1752,,,op6,op5,2,sqrt,,55
p1752,,,op7,op6,1,const,,55
p1753,1522.022,INTERACTIVE,op1,,1,const,,55
p1753,,,op2,,20,linear7,,30
p1753,,,op3,,80,squared,,10
p1753,,,op4,,40,linear7,,20
p1753,,,op5,,15,linear3,,37.5
p1753,,,op6,,20,linear7,,30
p1753,,,op7,,1,const,,55
p1753,,,op8,,1,const,,55
p1753,,,op9,,15,linear3,,37.5
p1753,,,op10,op1;op2;op3;op4;op5;op6;op7;op8;op9,15,linear3,,37.5
p1754,1522.022,INTERACTIVE,op1,,1,const,,55
p1754,,,op2,op1,15,linear3,,37.5
p1754,,,op3,op2,5,linear3,,45
p1754,,,op4,op3,5,linear3,,45
p1754,,,op5,op4,2,sqrt,,55
p1754,,,op6,op5,15,linear3,,37.5
p1755,1522.022,BATCH_PIPELINE,op1,,1,const,,55
p1755,,,op2,op1,40,linear7,,20
p1755,,,op3,op2,20,linear7,,30
p1755,,,op4,op3,1,const,,55
p1755,,,op5,op4,15,linear3,,37.5
p1755,,,op6,op5,2,sqrt,,55
p1755,,,op7,op6,15,linear3,,37.5
p1756,1522.022,BATCH_PIPELINE,op1,,1,const,,55
p1756,,,op2,op1,40,linear7,,20
p1756,,,op3,op2,40,linear7,,20
p1756,,,op4,op3,5,linear3,,45
p1756,,,op5,op4,5,linear3,,45
p1756,,,op6,op5,80,squared,,10
p1756,,,op7,op6,5,linear3,,45
p1756,,,op8,op7,1,const,,55
p1756,,,op9,op8,40,linear7,,20
p1756,,,op10,op9,15,linear3,,37.5
p1757,1522.022,INTERACTIVE,op1,,1,const,,55
p1757,,,op2,op1,2,sqrt,,55
p1757,,,op3,op1,80,squared,,10
p1757,,,op4,op1,1,const,,55
p1757,,,op5,op1,2,sqrt,,55
p1757,,,op6,op1,2,sqrt,,55
p1757,,,op7,op1,1,const,,55
p1757,,,op8,op1,20,linear7,,30
p1758,1522.022,BATCH_PIPELINE,op1,,1,const,,55
p1758,,,op2,,20,linear7,,30
p1758,,,op3,,5,linear3,,45
p1758,,,op4,,2,sqrt,,55
p1758,,,op5,,15,linear3,,37.5
p1758,,,op6,,20,linear7,,30
p1758,,,op7,,5,linear3,,45
p1758,,,op8,,2,sqrt,,55
p1758,,,op9,op1;op2;op3;op4;op5;op6;op7;op8,1,const,,55
p1759,1522.022,BATCH_PIPELINE,op1,,1,const,,55
p1759,,,op2,op1,5,linear3,,45
p1759,,,op3,op1,5,linear3,,45
p1759,,,op4,op1,15,linear3,,37.5
p1759,,,op5,op1,20,linear7,,30
p1759,,,op6,op1,80,squared,,10
p1760,1522.022,INTERACTIVE,op1,,1,const,,55
p1760,,,op2,op1,1,const,,55
p1760,,,op3,op2,5,linear3,,45
p1760,,,op4,op3,20,linear7,,30
p1760,,,op5,op4,20,linear7,,30
p1760,,,op6,op5,40,linear7,,20
p1760,,,op7,op6,1,const,,55
p1760,,,op8,op7,40,linear7,,20
p1760,,,op9,op8,15,linear3,,37.5
p1760,,,op10,op9,1,const,,55
p1760,,,op11,op10,20,linear7,,30
p1761,1531.404,BATCH_PIPELINE,op1,,1,const,,55
p1761,,,op2,op1,1,const,,55
p1761,,,op3,op2,5,linear3,,45
p1761,,,op4,op3,1,const,,55
p1761,,,op5,op4,20,linear7,,30
p1761,,,op6,op5,40,linear7,,20
p1761,,,op7,op6,1,const,,55
p1761,,,op8,op7,2,sqrt,,55
p1761,,,op9,op8,2,sqrt,,55
p1762,1531.404,INTERACTIVE,op1,,1,const,,55
p1762,,,op2,op1,20,linear7,,30
p1762,,,op3,op1,40,linear7,,20
p1762,,,op4,op1,40,linear7,,20
p1762,,,op5,op1,1,const,,55
p1762,,,op6,op1,40,linear7,,20
p1762,,,op7,op1,40,linear7,,20
p1762,,,op8,op1,80,squared,,10
p1763,1531.404,INTERACTIVE,op1,,1,const,,55
p1763,,,op2,op1,1,const,,55
p1763,,,op3,op2,15,linear3,,37.5
p1763,,,op4,op3,20,linear7,,30
p1763,,,op5,op4,40,linear7,,20
p1763,,,op6,op5,5,linear3,,45
p1764,1531.404,INTERACTIVE,op1,,1,const,,55
p1764,,,op2,op1,20,linear7,,30
p1764,,,op3,op2,15,linear3,,37.5
p1764,,,op4,op3,15,linear3,,37.5
p1764,,,op5,op4,15,linear3,,37.5
p1764,,,op6,op5,20,linear7,,30
p1764,,,op7,op6,20,linear7,,30
p1765,1531.404,QUERY,op1,,15,linear3,,35
p1766,1531.404,BATCH_PIPELINE,op1,,1,const,,55
p1766,,,op2,op1,15,linear3,,37.5
p1766,,,op3,op2,15,linear3,,37.5
p1766,,,op4,op3,40,linear7,,20
p1766,,,op5,op4,1,const,,55
p1766,,,op6,op5,40,linear7,,20
p1766,,,op7,op6,15,linear3,,37.5
p1766,,,op8,op7,2,sqrt,,55
p1767,1531.404,BATCH_PIPELINE,op1,,1,const,,55
p1767,,,op2,op1,20,linear7,,30
p1767,,,op3,op2,80,squared,,10
p1767,,,op4,op3,1,const,,55
p1767,,,op5,op4,2,sqrt,,55
p1768,1531.404,BATCH_PIPELINE,op1,,1,const,,55
p1768,,,op2,op1,5,linear3,,45
p1768,,,op3,op2,2,sqrt,,55
p1768,,,op4,op3,5,linear3,,45
p1768,,,op5,op4,1,const,,55
p1768,,,op6,op5,1,const,,55
p1768,,,op7,op6,20,linear7,,30
p1769,1531.404,BATCH_PIPELINE,op1,,1,const,,55
p1769,,,op2,op1,1,const,,55
p1769,,,op3,op1,2,sqrt,,55
p1769,,,op4,op1,40,linear7,,20
p1769,,,op5,op1,80,squared,,10
p1769,,,op6,op1,40,linear7,,20
p1769,,,op7,op1,5,linear3,,45
p1769,,,op8,op1,1,const,,55
p1769,,,op9,op1,5,linear3,,45
p1769,,,op10,op1,15,linear3,,37.5
p1770,1531.404,BATCH_PIPELINE,op1,,1,const,,55
p1770,,,op2,,15,linear3,,37.5
p1770,,,op3,,15,linear3,,37.5
p1770,,,op4,,20,linear7,,30
p1770,,,op5,,2,sqrt,,55
p1770,,,op6,,1,const,,55
p1770,,,op7,,40,linear7,,20
p1770,,,op8,op1;op2;op3;op4;op5;op6;op7,1,const,,55
p1771,1544.089,BATCH_PIPELINE,op1,,1,const,,55
p1771,,,op2,,15,linear3,,37.5
p1771,,,op3,,1,const,,55
p1771,,,op4,,15,linear3,,37.5
p1771,,,op5,,15,linear3,,37.5
p1771,,,op6,op1;op2;op3;op4;op5,5,linear3,,45
p1772,1544.089,BATCH_PIPELINE,op1,,1,const,,55
p1772,,,op2,op1,80,squared,,10
p1772,,,op3,op2,5,linear3,,45
p1772,,,op4,op3,5,linear3,,45
p1772,,,op5,op4,2,sqrt,,55
p1772,,,op6,op5,80,squared,,10
p1772,,,op7,op6,1,const,,55
p1773,1544.089,BATCH_PIPELINE,op1,,1,const,,55
p1773,,,op2,op1,2,sqrt,,55
p1773,,,op3,op2,15,linear3,,37.5
p1773,,,op4,op3,2,sqrt,,55
p1773,,,op5,op4,15,linear3,,37.5
p1773,,,op6,op5,80,squared,,10
p1773,,,op7,op6,15,linear3,,37.5
p1774,1544.089,INTERACTIVE,op1,,1,const,,55
p1774,,,op2,op1,5,linear3,,45
p1774,,,op3,op2,15,linear3,,37.5
p1774,,,op4,op3,15,linear3,,37.5
p1774,,,op5,op4,80,squared,,10
p1774,,,op6,op5,5,linear3,,45
p1775,1544.089,BATCH_PIPELINE,op1,,1,const,,55
p1775,,,op2,op1,15,linear3,,37.5
p1775,,,op3,op2,5,linear3,,45
p1775,,,op4,op3,20,linear7,,30
p1775,,,op5,op4,5,linear3,,45
p1775,,,op6,op5,1,const,,55
p1775,,,op7,op6,20,linear7,,30
p1775,,,op8,op7,20,linear7,,30
p1775,,,op9,op8,40,linear7,,20
p1775,,,op10,op9,2,sqrt,,55
p1776,1544.089,BATCH_PIPELINE,op1,,1,const,,55
p1776,,,op2,op1,15,linear3,,37.5
p1776,,,op3,op2,15,linear3,,37.5
p1776,,,op4,op3,15,linear3,,37.5
p1776,,,op5,op4,20,linear7,,30
p1776,,,op6,op5,40,linear7,,20
p1776,,,op7,op6,2,sqrt,,55
p1776,,,op8,op7,5,linear3,,45
p1777,1544.089,QUERY,op1,,15,linear3,,35
p1778,1544.089,BATCH_PIPELINE,op1,,1,const,,55
p1778,,,op2,op1,15,linear3,,37.5
p1778,,,op3,op2,5,linear3,,45
p1778,,,op4,op3,5,linear3,,45
p1779,1544.089,BATCH_PIPELINE,op1,,1,const,,55
p1779,,,op2,op1,1,const,,55
p1779,,,op3,op2,5,linear3,,45
p1779,,,op4,op3,80,squared,,10
p1779,,,op5,op4,1,const,,55
p1779,,,op6,op5,20,linear7,,30
p1779,,,op7,op6,40,linear7,,20
p1779,,,op8,op7,1,const,,55
p1779,,,op9,op8,15,linear3,,37.5
p1779,,,op10,op9,20,linear7,,30
p1780,1544.089,BATCH_PIPELINE,op1,,1,const,,55
p1780,,,op2,op1,5,linear3,,45
p1780,,,op3,op2,5,linear3,,45
p1780,,,op4,op3,5,linear3,,45
p1780,,,op5,op4,5,linear3,,45
p1780,,,op6,op5,40,linear7,,20
p1781,1550.357,INTERACTIVE,op1,,1,const,,55
p1781,,,op2,,5,linear3,,45
p1781,,,op3,,5,linear3,,45
p1781,,,op4,,15,linear3,,37.5
p1781,,,op5,,2,sqrt,,55
p1781,,,op6,,20,linear7,,30
p1781,,,op7,,2,sqrt,,55
p1781,,,op8,,5,linear3,,45
p1781,,,op9,,1,const,,55
p1781,,,op10,op1;op2;op3;op4;op5;op6;op7;op8;op9,40,linear7,,20
p1782,1550.357,BATCH_PIPELINE,op1,,1,const,,55
p1782,,,op2,op1,20,linear7,,30
p1782,,,op3,op2,5,linear3,,45
p1782,,,op4,op3,15,linear3,,37.5
p1782,,,op5,op4,2,sqrt,,55
p1782,,,op6,op5,1,const,,55
p1782,,,op7,op6,5,linear3,,45
p1782,,,op8,op7,2,sqrt,,55
p1782,,,op9,op8,40,linear7,,20
p1783,1550.357,INTERACTIVE,op1,,1,const,,55
p1783,,,op2,,15,linear3,,37.5
p1783,,,op3,,5,linear3,,45
p1783,,,op4,,15,linear3,,37.5
p1783,,,op5,,15,linear3,,37.5
p1783,,,op6,op1;op2;op3;op4;op5,1,const,,55
p1784,1550.357,INTERACTIVE,op1,,1,const,,55
p1784,,,op2,op1,5,linear3,,45
p1784,,,op3,op1,40,linear7,,20
p1784,,,op4,op1,5,linear3,,45
p1784,,,op5,op1,40,linear7,,20
p1784,,,op6,op1,40,linear7,,20
p1784,,,op7,op1,40,linear7,,20
p1785,1550.357,INTERACTIVE,op1,,1,const,,55
p1785,,,op2,op1,15,linear3,,37.5
p1785,,,op3,op1,20,linear7,,30
p1785,,,op4,op1,1,const,,55
p1785,,,op5,op1,80,squared,,10
p1785,,,op6,op1,2,sqrt,,55
p1785,,,op7,op1,1,const,,55
p1785,,,op8,op1,5,linear3,,45
p1786,1550.357,BATCH_PIPELINE,op1,,1,const,,55
p1786,,,op2,op1,5,linear3,,45
p1786,,,op3,op1,1,const,,55
p1786,,,op4,op1,15,linear3,,37.5
p1786,,,op5,op1,2,sqrt,,55
p1787,1550.357,INTERACTIVE,op1,,1,const,,55
p1787,,,op2,op1,1,const,,55
p1787,,,op3,op2,80,squared,,10
p1787,,,op4,op3,20,linear7,,30
p1787,,,op5,op4,5,linear3,,45
p1787,,,op6,op5,5,linear3,,45
p1788,1550.357,BATCH_PIPELINE,op1,,1,const,,55
p1788,,,op2,,80,squared,,10
p1788,,,op3,,2,sqrt,,55
p1788,,,op4,,1,const,,55
p1788,,,op5,,1,const,,55
p1788,,,op6,op1;op2;op3;op4;op5,20,linear7,,30
p1789,1550.357,BATCH_PIPELINE,op1,,1,const,,55
p1789,,,op2,op1,2,sqrt,,55
p1789,,,op3,op2,20,linear7,,30
p1789,,,op4,op3,2,sqrt,,55
p1789,,,op5,op4,20,linear7,,30
p1789,,,op6,op5,5,linear3,,45
p1789,,,op7,op6,5,linear3,,45
p1790,1550.357,BATCH_PIPELINE,op1,,1,const,,55
p1790,,,op2,op1,5,linear3,,45
p1790,,,op3,op2,80,squared,,10
p1790,,,op4,op3,20,linear7,,30
p1790,,,op5,op4,5,linear3,,45
p1790,,,op6,op5,2,sqrt,,55
p1790,,,op7,op6,40,linear7,,20
p1790,,,op8,op7,15,linear3,,37.5
p1790,,,op9,op8,5,linear3,,45
p1791,1559.616,INTERACTIVE,op1,,1,const,,55
p1791,,,op2,op1,40,linear7,,20
p1791,,,op3,op1,20,linear7,,30
p1791,,,op4,op1,40,linear7,,20
p1791,,,op5,op1,15,linear3,,37.5
p1791,,,op6,op1,20,linear7,,30
p1791,,,op7,op1,40,linear7,,20
p1792,1559.616,BATCH_PIPELINE,op1,,1,const,,55
p1792,,,op2,op1,80,squared,,10
p1792,,,op3,op2,2,sqrt,,55
p1792,,,op4,op3,5,linear3,,45
p1792,,,op5,op4,5,linear3,,45
p1792,,,op6,op5,5,linear3,,45
p1792,,,op7,op6,1,const,,55
p1792,,,op8,op7,40,linear7,,20
p1792,,,op9,op8,1,const,,55
p1793,1559.616,QUERY,op1,,15,linear3,,35
p1794,1559.616,BATCH_PIPELINE,op1,,1,const,,55
p1794,,,op2,op1,2,sqrt,,55
p1794,,,op3,op2,1,const,,55
p1794,,,op4,op3,15,linear3,,37.5
p1794,,,op5,op4,2,sqrt,,55
p1794,,,op6,op5,2,sqrt,,55
p1794,,,op7,op6,15,linear3,,37.5
p1794,,,op8,op7,20,linear7,,30
p1794,,,op9,op8,2,sqrt,,55
p1794,,,op10,op9,2,sqrt,,55
p1795,1559.616,QUERY,op1,,15,linear3,,35
p1796,1559.616,BATCH_PIPELINE,op1,,1,const,,55
p1796,,,op2,op1,5,linear3,,45
p1796,,,op3,op2,40,linear7,,20
p1796,,,op4,op3,80,squared,,10
p1796,,,op5,op4,2,sqrt,,55
p1796,,,op6,op5,2,sqrt,,55
p1796,,,op7,op6,15,linear3,,37.5
p1796,,,op8,op7,2,sqrt,,55
p1796,,,op9,op8,2,sqrt,,55
p1796,,,op10,op9,15,linear3,,37.5
p1797,1559.616,BATCH_PIPELINE,op1,,1,const,,55
p1797,,,op2,op1,2,sqrt,,55
p1797,,,op3,op1,15,linear3,,37.5
p1797,,,op4,op1,80,squared,,10
p1797,,,op5,op1,15,linear3,,37.5
p1798,1559.616,QUERY,op1,,15,linear3,,35
p1799,1559.616,BATCH_PIPELINE,op1,,1,const,,55
p1799,,,op2,op1,5,linear3,,45
p1799,,,op3,op2,20,linear7,,30
p1799,,,op4,op3,1,const,,55
p1799,,,op5,op4,1,const,,55
p1799,,,op6,op5,1,const,,55
p1799,,,op7,op6,5,linear3,,45
p1800,1559.616,BATCH_PIPELINE,op1,,1,const,,55
p1800,,,op2,,40,linear7,,20
p1800,,,op3,,2,sqrt,,55
p1800,,,op4,,1,const,,55
p1800,,,op5,,15,linear3,,37.5
p1800,,,op6,op1;op2;op3;op4;op5,80,squared,,10
p1801,1568.355,BATCH_PIPELINE,op1,,1,const,,55
p1801,,,op2,op1,15,linear3,,37.5
p1801,,,op3,op2,2,sqrt,,55
p1801,,,op4,op3,15,linear3,,37.5
p1801,,,op5,op4,1,const,,55
p1801,,,op6,op5,2,sqrt,,55
p1801,,,op7,op6,40,linear7,,20
p1801,,,op8,op7,40,linear7,,20
p1801,,,op9,op8,15,linear3,,37.5
p1801,,,op10,op9,1,const,,55
p1802,1568.355,BATCH_PIPELINE,op1,,1,const,,55
p1802,,,op2,op1,1,const,,55
p1802,,,op3,op2,5,linear3,,45
p1802,,,op4,op3,80,squared,,10
p1802,,,op5,op4,15,linear3,,37.5
p1802,,,op6,op5,15,linear3,,37.5
p1803,1568.355,QUERY,op1,,15,linear3,,35
p1804,1568.355,BATCH_PIPELINE,op1,,1,const,,55
p1804,,,op2,op1,15,linear3,,37.5
p1804,,,op3,op2,15,linear3,,37.5
p1804,,,op4,op3,2,sqrt,,55
p1804,,,op5,op4,15,linear3,,37.5
p1805,1568.355,QUERY,op1,,15,linear3,,35
p1806,1568.355,BATCH_PIPELINE,op1,,1,const,,55
p1806,,,op2,op1,20,linear7,,30
p1806,,,op3,op2,40,linear7,,20
p1806,,,op4,op3,1,const,,55
p1806,,,op5,op4,40,linear7,,20
p1806,,,op6,op5,2,sqrt,,55
p1806,,,op7,op6,2,sqrt,,55
p1806,,,op8,op7,5,linear3,,45
p1806,,,op9,op8,15,linear3,,37.5
p1807,1568.355,BATCH_PIPELINE,op1,,1,const,,55
p1807,,,op2,,15,linear3,,37.5
p1807,,,op3,,15,linear3,,37.5
p1807,,,op4,,5,linear3,,45
p1807,,,op5,,20,linear7,,30
p1807,,,op6,,40,linear7,,20
p1807,,,op7,op1;op2;op3;op4;op5;op6,20,linear7,,30
p1808,1568.355,BATCH_PIPELINE,op1,,1,const,,55
p1808,,,op2,op1,80,squared,,10
p1808,,,op3,op1,40,linear7,,20
p1808,,,op4,op1,5,linear3,,45
p1808,,,op5,op1,2,sqrt,,55
p1808,,,op6,op1,5,linear3,,45
p1808,,,op7,op1,5,linear3,,45
p1808,,,op8,op1,20,linear7,,30
p1808,,,op9,op1,2,sqrt,,55
p1809,1568.355,INTERACTIVE,op1,,1,const,,55
p1809,,,op2,op1,5,linear3,,45
p1809,,,op3,op2,2,sqrt,,55
p1809,,,op4,op3,1,const,,55
p1809,,,op5,op4,2,sqrt,,55
p1810,1568.355,BATCH_PIPELINE,op1,,1,const,,55
p1810,,,op2,op1,2,sqrt,,55
p1810,,,op3,op2,5,linear3,,45
p1810,,,op4,op3,40,linear7,,20
p1810,,,op5,op4,40,linear7,,20
p1810,,,op6,op5,15,linear3,,37.5
p1810,,,op7,op6,15,linear3,,37.5
p1810,,,op8,op7,5,linear3,,45
p1811,1578.438,QUERY,op1,,15,linear3,,35
p1812,1578.438,BATCH_PIPELINE,op1,,1,const,,55
p1812,,,op2,op1,15,linear3,,37.5
p1812,,,op3,op2,5,linear3,,45
p1812,,,op4,op3,2,sqrt,,55
p1813,1578.438,QUERY,op1,,15,linear3,,35
p1814,1578.438,BATCH_PIPELINE,op1,,1,const,,55
p1814,,,op2,op1,20,linear7,,30
p1814,,,op3,op1,15,linear3,,37.5
p1814,,,op4,op1,5,linear3,,45
p1814,,,op5,op1,2,sqrt,,55
p1814,,,op6,op1,5,linear3,,45
p1815,1578.438,BATCH_PIPELINE,op1,,1,const,,55
p1815,,,op2,op1,2,sqrt,,55
p1815,,,op3,op1,5,linear3,,45
p1815,,,op4,op1,5,linear3,,45
p1816,1578.438,BATCH_PIPELINE,op1,,1,const,,55
p1816,,,op2,op1,20,linear7,,30
p1816,,,op3,op2,15,linear3,,37.5
p1816,,,op4,op3,15,linear3,,37.5
p1816,,,op5,op4,1,const,,55
p1816,,,op6,op5,1,const,,55
p1816,,,op7,op6,1,const,,55
p1816,,,op8,op7,5,linear3,,45
p1816,,,op9,op8,15,linear3,,37.5
p1816,,,op10,op9,1,const,,55
p1817,1578.438,BATCH_PIPELINE,op1,,1,const,,55
p1817,,,op2,op1,2,sqrt,,55
p1817,,,op3,op2,1,const,,55
p1817,,,op4,op3,20,linear7,,30
p1817,,,op5,op4,5,linear3,,45
p1817,,,op6,op5,20,linear7,,30
p1818,1578.438,BATCH_PIPELINE,op1,,1,const,,55
p1818,,,op2,op1,5,linear3,,45
p1818,,,op3,op2,80,squared,,10
p1818,,,op4,op3,1,const,,55
p1818,,,op5,op4,40,linear7,,20
p1818,,,op6,op5,80,squared,,10
p1818,,,op7,op6,20,linear7,,30
p1819,1578.438,BATCH_PIPELINE,op1,,1,const,,55
p1819,,,op2,op1,2,sqrt,,55
p1819,,,op3,op2,5,linear3,,45
p1819,,,op4,op3,2,sqrt,,55
p1819,,,op5,op4,2,sqrt,,55
p1819,,,op6,op5,40,linear7,,20
p1819,,,op7,op6,2,sqrt,,55
p1819,,,op8,op7,5,linear3,,45
p1819,,,op9,op8,1,const,,55
p1819,,,op10,op9,15,linear3,,37.5
p1820,1578.438,QUERY,op1,,15,linear3,,35
p1821,1584.782,QUERY,op1,,15,linear3,,35
p1822,1584.782,INTERACTIVE,op1,,1,const,,55
p1822,,,op2,op1,5,linear3,,45
p1822,,,op3,op2,5,linear3,,45
p1822,,,op4,op3,20,linear7,,30
p1822,,,op5,op4,2,sqrt,,55
p1822,,,op6,op5,20,linear7,,30
p1822,,,op7,op6,40,linear7,,20
p1822,,,op8,op7,2,sqrt,,55
p1823,1584.782,BATCH_PIPELINE,op1,,1,const,,55
p1823,,,op2,op1,5,linear3,,45
p1823,,,op3,op2,40,linear7,,20
p1823,,,op4,op3,1,const,,55
p1823,,,op5,op4,40,linear7,,20
p1823,,,op6,op5,5,linear3,,45
p1824,1584.782,INTERACTIVE,op1,,1,const,,55
p1824,,,op2,op1,80,squared,,10
p1824,,,op3,op2,2,sqrt,,55
p1824,,,op4,op3,2,sqrt,,55
p1824,,,op5,op4,40,linear7,,20
p1824,,,op6,op5,15,linear3,,37.5
p1825,1584.782,BATCH_PIPELINE,op1,,1,const,,55
p1825,,,op2,op1,2,sqrt,,55
p1825,,,op3,op2,1,const,,55
p1825,,,op4,op3,15,linear3,,37.5
p1825,,,op5,op4,15,linear3,,37.5
p1826,1584.782,QUERY,op1,,15,linear3,,35
p1827,1584.782,BATCH_PIPELINE,op1,,1,const,,55
p1827,,,op2,op1,1,const,,55
p1827,,,op3,op1,80,squared,,10
p1827,,,op4,op1,80,squared,,10
p1827,,,op5,op1,5,linear3,,45
p1827,,,op6,op1,1,const,,55
p1827,,,op7,op1,1,const,,55
p1827,,,op8,op1,5,linear3,,45
p1827,,,op9,op1,80,squared,,10
p1828,1584.782,BATCH_PIPELINE,op1,,1,const,,55
p1828,,,op2,,1,const,,55
p1828,,,op3,,20,linear7,,30
p1828,,,op4,,5,linear3,,45
p1828,,,op5,,80,squared,,10
p1828,,,op6,op1;op2;op3;op4;op5,20,linear7,,30
p1829,1584.782,INTERACTIVE,op1,,1,const,,55
p1829,,,op2,op1,2,sqrt,,55
p1829,,,op3,op2,1,const,,55
p1829,,,op4,op3,20,linear7,,30
p1829,,,op5,op4,5,linear3,,45
p1829,,,op6,op5,20,linear7,,30
p1829,,,op7,op6,15,linear3,,37.5
p1830,1584.782,BATCH_PIPELINE,op1,,1,const,,55
p1830,,,op2,op1,5,linear3,,45
p1830,,,op3,op1,20,linear7,,30
p1830,,,op4,op1,2,sqrt,,55
p1830,,,op5,op1,20,linear7,,30
p1831,1597.474,BATCH_PIPELINE,op1,,1,const,,55
p1831,,,op2,op1,80,squared,,10
p1831,,,op3,op1,15,linear3,,37.5
p1831,,,op4,op1,20,linear7,,30
p1831,,,op5,op1,5,linear3,,45
p1831,,,op6,op1,2,sqrt,,55
p1831,,,op7,op1,1,const,,55
p1831,,,op8,op1,40,linear7,,20
p1831,,,op9,op1,1,const,,55
p1832,1597.474,BATCH_PIPELINE,op1,,1,const,,55
p1832,,,op2,,2,sqrt,,55
p1832,,,op3,,2,sqrt,,55
p1832,,,op4,,15,linear3,,37.5
p1832,,,op5,,5,linear3,,45
p1832,,,op6,,1,const,,55
p1832,,,op7,,80,squared,,10
p1832,,,op8,op1;op2;op3;op4;op5;op6;op7,2,sqrt,,55
p1833,1597.474,BATCH_PIPELINE,op1,,1,const,,55
p1833,,,op2,op1,1,const,,55
p1833,,,op3,op2,40,linear7,,20
p1833,,,op4,op3,2,sqrt,,55
p1833,,,op5,op4,15,linear3,,37.5
p1833,,,op6,op5,2,sqrt,,55
p1833,,,op7,op6,80,squared,,10
p1834,1597.474,BATCH_PIPELINE,op1,,1,const,,55
p1834,,,op2,op1,15,linear3,,37.5
p1834,,,op3,op2,15,linear3,,37.5
p1834,,,op4,op3,15,linear3,,37.5
p1834,,,op5,op4,5,linear3,,45
p1834,,,op6,op5,1,const,,55
p1835,1597.474,INTERACTIVE,op1,,1,const,,55
p1835,,,op2,op1,20,linear7,,30
p1835,,,op3,op1,15,linear3,,37.5
p1835,,,op4,op1,5,linear3,,45
p1835,,,op5,op1,40,linear7,,20
p1835,,,op6,op1,1,const,,55
p1835,,,op7,op1,2,sqrt,,55
p1835,,,op8,op1,40,linear7,,20
p1835,,,op9,op1,80,squared,,10
p1836,1597.474,BATCH_PIPELINE,op1,,1,const,,55
p1836,,,op2,op1,20,linear7,,30
p1836,,,op3,op2,40,linear7,,20
p1836,,,op4,op3,15,linear3,,37.5
p1836,,,op5,op4,20,linear7,,30
p1836,,,op6,op5,15,linear3,,37.5
p1836,,,op7,op6,20,linear7,,30
p1836,,,op8,op7,2,sqrt,,55
p1837,1597.474,QUERY,op1,,15,linear3,,35
p1838,1597.474,BATCH_PIPELINE,op1,,1,const,,55
p1838,,,op2,op1,5,linear3,,45
p1838,,,op3,op1,5,linear3,,45
p1838,,,op4,op1,15,linear3,,37.5
p1838,,,op5,op1,20,linear7,,30
p1839,1597.474,QUERY,op1,,15,linear3,,35
p1840,1597.474,INTERACTIVE,op1,,1,const,,55
p1840,,,op2,,5,linear3,,45
p1840,,,op3,,5,linear3,,45
p1840,,,op4,,5,linear3,,45
p1840,,,op5,,2,sqrt,,55
p1840,,,op6,op1;op2;op3;op4;op5,2,sqrt,,55
p1841,1605.209,INTERACTIVE,op1,,1,const,,55
p1841,,,op2,op1,80,squared,,10
p1841,,,op3,op2,40,linear7,,20
p1841,,,op4,op3,80,squared,,10
p1841,,,op5,op4,20,linear7,,30
p1841,,,op6,op5,20,linear7,,30
p1841,,,op7,op6,5,linear3,,45
p1841,,,op8,op7,20,linear7,,30
p1841,,,op9,op8,2,sqrt,,55
p1842,1605.209,BATCH_PIPELINE,op1,,1,const,,55
p1842,,,op2,op1,15,linear3,,37.5
p1842,,,op3,op2,2,sqrt,,55
p1842,,,op4,op3,40,linear7,,20
p1842,,,op5,op4,40,linear7,,20
p1842,,,op6,op5,20,linear7,,30
p1842,,,op7,op6,40,linear7,,20
p1842,,,op8,op7,15,linear3,,37.5
p1842,,,op9,op8,80,squared,,10
p1842,,,op10,op9,20,linear7,,30
p1842,,,op11,op10,2,sqrt,,55
p1843,1605.209,INTERACTIVE,op1,,1,const,,55
p1843,,,op2,op1,1,const,,55
p1843,,,op3,op1,15,linear3,,37.5
p1843,,,op4,op1,1,const,,55
p1843,,,op5,op1,1,const,,55
p1843,,,op6,op1,5,linear3,,45
p1843,,,op7,op1,2,sqrt,,55
p1844,1605.209,QUERY,op1,,15,linear3,,35
p1845,1605.209,BATCH_PIPELINE,op1,,1,const,,55
p1845,,,op2,op1,2,sqrt,,55
p1845,,,op3,op2,15,linear3,,37.5
p1845,,,op4,op3,40,linear7,,20
p1845,,,op5,op4,20,linear7,,30
p1845,,,op6,op5,40,linear7,,20
p1846,1605.209,BATCH_PIPELINE,op1,,1,const,,55
p1846,,,op2,op1,20,linear7,,30
p1846,,,op3,op2,5,linear3,,45
p1846,,,op4,op3,2,sqrt,,55
p1846,,,op5,op4,20,linear7,,30
p1847,1605.209,BATCH_PIPELINE,op1,,1,const,,55
p1847,,,op2,op1,15,linear3,,37.5
p1847,,,op3,op2,15,linear3,,37.5
p1847,,,op4,op3,40,linear7,,20
p1847,,,op5,op4,2,sqrt,,55
p1848,1605.209,BATCH_PIPELINE,op1,,1,const,,55
p1848,,,op2,op1,2,sqrt,,55
p1848,,,op3,op2,1,const,,55
p1848,,,op4,op3,15,linear3,,37.5
p1848,,,op5,op4,80,squared,,10
p1848,,,op6,op5,1,const,,55
p1848,,,op7,op6,40,linear7,,20
p1848,,,op8,op7,5,linear3,,45
p1848,,,op9,op8,1,const,,55
p1849,1605.209,INTERACTIVE,op1,,1,const,,55
p1849,,,op2,op1,15,linear3,,37.5
p1849,,,op3,op2,80,squared,,10
p1849,,,op4,op3,1,const,,55
p1849,,,op5,op4,5,linear3,,45
p1849,,,op6,op5,2,sqrt,,55
p1850,1605.209,INTERACTIVE,op1,,1,const,,55
p1850,,,op2,op1,1,const,,55
p1850,,,op3,op2,15,linear3,,37.5
p1850,,,op4,op3,1,const,,55
p1850,,,op5,op4,15,linear3,,37.5
p1850,,,op6,op5,40,linear7,,20
p1850,,,op7,op6,15,linear3,,37.5
p1850,,,op8,op7,15,linear3,,37.5
p1851,1613.02,BATCH_PIPELINE,op1,,1,const,,55
p1851,,,op2,op1,5,linear3,,45
p1851,,,op3,op2,15,linear3,,37.5
p1851,,,op4,op3,1,const,,55
p1851,,,op5,op4,2,sqrt,,55
p1851,,,op6,op5,20,linear7,,30
p1851,,,op7,op6,20,linear7,,30
p1851,,,op8,op7,15,linear3,,37.5
p1851,,,op9,op8,40,linear7,,20
p1852,1613.02,BATCH_PIPELINE,op1,,1,const,,55
p1852,,,op2,op1,40,linear7,,20
p1852,,,op3,op1,20,linear7,,30
p1852,,,op4,op1,80,squared,,10
p1852,,,op5,op1,80,squared,,10
p1852,,,op6,op1,1,const,,55
p1852,,,op7,op1,1,const,,55
p1853,1613.02,INTERACTIVE,op1,,1,const,,55
p1853,,,op2,op1,15,linear3,,37.5
p1853,,,op3,op2,1,const,,55
p1853,,,op4,op3,5,linear3,,45
p1853,,,op5,op4,15,linear3,,37.5
p1853,,,op6,op5,20,linear7,,30
p1853,,,op7,op6,15,linear3,,37.5
p1853,,,op8,op7,20,linear7,,30
p1853,,,op9,op8,5,linear3,,45
p1854,1613.02,BATCH_PIPELINE,op1,,1,const,,55
p1854,,,op2,,40,linear7,,20
p1854,,,op3,,40,linear7,,20
p1854,,,op4,,15,linear3,,37.5
p1854,,,op5,,15,linear3,,37.5
p1854,,,op6,,80,squared,,10
p1854,,,op7,,1,const,,55
p1854,,,op8,,40,linear7,,20
p1854,,,op9,op1;op2;op3;op4;op5;op6;op7;op8,5,linear3,,45
p1855,1613.02,QUERY,op1,,15,linear3,,35
p1856,1613.02,BATCH_PIPELINE,op1,,1,const,,55
p1856,,,op2,op1,40,linear7,,20
p1856,,,op3,op2,5,linear3,,45
p1856,,,op4,op3,2,sqrt,,55
p1856,,,op5,op4,2,sqrt,,55
p1857,1613.02,BATCH_PIPELINE,op1,,1,const,,55
p1857,,,op2,op1,80,squared,,10
p1857,,,op3,op1,15,linear3,,37.5
p1857,,,op4,op1,20,linear7,,30
p1857,,,op5,op1,5,linear3,,45
p1857,,,op6,op1,5,linear3,,45
p1857,,,op7,op1,15,linear3,,37.5
p1857,,,op8,op1,1,const,,55
p1857,,,op9,op1,2,sqrt,,55
p1857,,,op10,op1,40,linear7,,20
p1857,,,op11,op1,1,const,,55
p1858,1613.02,BATCH_PIPELINE,op1,,1,const,,55
p1858,,,op2,op1,80,squared,,10
p1858,,,op3,op2,2,sqrt,,55
p1858,,,op4,op3,1,const,,55
p1858,,,op5,op4,5,linear3,,45
p1858,,,op6,op5,2,sqrt,,55
p1858,,,op7,op6,15,linear3,,37.5
p1859,1613.02,INTERACTIVE,op1,,1,const,,55
p1859,,,op2,op1,5,linear3,,45
p1859,,,op3,op2,2,sqrt,,55
p1859,,,op4,op3,20,linear7,,30
p1859,,,op5,op4,5,linear3,,45
p1859,,,op6,op5,5,linear3,,45
p1859,,,op7,op6,40,linear7,,20
p1859,,,op8,op7,5,linear3,,45
p1859,,,op9,op8,40,linear7,,20
p1860,1613.02,BATCH_PIPELINE,op1,,1,const,,55
p1860,,,op2,op1,5,linear3,,45
p1860,,,op3,op2,5,linear3,,45
p1860,,,op4,op3,5,linear3,,45
p1860,,,op5,op4,1,const,,55
p1860,,,op6,op5,20,linear7,,30
p1860,,,op7,op6,15,linear3,,37.5
p1860,,,op8,op7,20,linear7,,30
p1860,,,op9,op8,5,linear3,,45
p1860,,,op10,op9,20,linear7,,30
p1861,1618.921,QUERY,op1,,15,linear3,,35
p1862,1618.921,BATCH_PIPELINE,op1,,1,const,,55
p1862,,,op2,op1,2,sqrt,,55
p1862,,,op3,op2,15,linear3,,37.5
p1862,,,op4,op3,5,linear3,,45
p1862,,,op5,op4,1,const,,55
p1862,,,op6,op5,80,squared,,10
p1862,,,op7,op6,5,linear3,,45
p1863,1618.921,BATCH_PIPELINE,op1,,1,const,,55
p1863,,,op2,op1,5,linear3,,45
p1863,,,op3,op2,40,linear7,,20
p1863,,,op4,op3,5,linear3,,45
p1863,,,op5,op4,80,squared,,10
p1863,,,op6,op5,5,linear3,,45
p1864,1618.921,BATCH_PIPELINE,op1,,1,const,,55
p1864,,,op2,op1,40,linear7,,20
p1864,,,op3,op2,5,linear3,,45
p1864,,,op4,op3,5,linear3,,45
p1864,,,op5,op4,1,const,,55
p1864,,,op6,op5,5,linear3,,45
p1864,,,op7,op6,40,linear7,,20
p1864,,,op8,op7,20,linear7,,30
p1864,,,op9,op8,5,linear3,,45
p1864,,,op10,op9,80,squared,,10
p1865,1618.921,QUERY,op1,,15,linear3,,35
p1866,1618.921,BATCH_PIPELINE,op1,,1,const,,55
p1866,,,op2,op1,20,linear7,,30
p1866,,,op3,op1,15,linear3,,37.5
p1866,,,op4,op1,20,linear7,,30
p1866,,,op5,op1,5,linear3,,45
p1866,,,op6,op1,5,linear3,,45
p1866,,,op7,op1,1,const,,55
p1867,1618.921,BATCH_PIPELINE,op1,,1,const,,55
p1867,,,op2,op1,5,linear3,,45
p1867,,,op3,op2,5,linear3,,45
p1867,,,op4,op3,80,squared,,10
p1867,,,op5,op4,1,const,,55
p1867,,,op6,op5,15,linear3,,37.5
p1867,,,op7,op6,1,const,,55
p1867,,,op8,op7,2,sqrt,,55
p1868,1618.921,QUERY,op1,,15,linear3,,35
p1869,1618.921,BATCH_PIPELINE,op1,,1,const,,55
p1869,,,op2,op1,5,linear3,,45
p1869,,,op3,op2,20,linear7,,30
p1869,,,op4,op3,5,linear3,,45
p1869,,,op5,op4,5,linear3,,45
p1869,,,op6,op5,15,linear3,,37.5
p1869,,,op7,op6,15,linear3,,37.5
p1870,1618.921,BATCH_PIPELINE,op1,,1,const,,55
p1870,,,op2,op1,5,linear3,,45
p1870,,,op3,op2,1,const,,55
p1870,,,op4,op3,1,const,,55
p1870,,,op5,op4,1,const,,55
p1870,,,op6,op5,80,squared,,10
p1870,,,op7,op6,1,const,,55
p1870,,,op8,op7,40,linear7,,20
p1871,1626.075,INTERACTIVE,op1,,1,const,,55
p1871,,,op2,op1,40,linear7,,20
p1871,,,op3,op2,20,linear7,,30
p1872,1626.075,BATCH_PIPELINE,op1,,1,const,,55
p1872,,,op2,op1,40,linear7,,20
p1872,,,op3,op1,5,linear3,,45
p1872,,,op4,op1,5,linear3,,45
p1873,1626.075,BATCH_PIPELINE,op1,,1,const,,55
p1873,,,op2,op1,5,linear3,,45
p1873,,,op3,op1,15,linear3,,37.5
p1873,,,op4,op1,2,sqrt,,55
p1873,,,op5,op1,1,const,,55
p1874,1626.075,INTERACTIVE,op1,,1,const,,55
p1874,,,op2,op1,15,linear3,,37.5
p1874,,,op3,op2,20,linear7,,30
p1874,,,op4,op3,5,linear3,,45
p1874,,,op5,op4,15,linear3,,37.5
p1874,,,op6,op5,5,linear3,,45
p1874,,,op7,op6,20,linear7,,30
p1874,,,op8,op7,15,linear3,,37.5
p1874,,,op9,op8,2,sqrt,,55
p1875,1626.075,BATCH_PIPELINE,op1,,1,const,,55
p1875,,,op2,op1,15,linear3,,37.5
p1875,,,op3,op2,80,squared,,10
p1875,,,op4,op3,20,linear7,,30
p1875,,,op5,op4,80,squared,,10
p1875,,,op6,op5,2,sqrt,,55
p1875,,,op7,op6,40,linear7,,20
p1875,,,op8,op7,15,linear3,,37.5
p1875,,,op9,op8,15,linear3,,37.5
p1875,,,op10,op9,80,squared,,10
p1876,1626.075,QUERY,op1,,15,linear3,,35
p1877,1626.075,BATCH_PIPELINE,op1,,1,const,,55
p1877,,,op2,,2,sqrt,,55
p1877,,,op3,,40,linear7,,20
p1877,,,op4,,1,const,,55
p1877,,,op5,,20,linear7,,30
p1877,,,op6,op1;op2;op3;op4;op5,2,sqrt,,55
p1878,1626.075,BATCH_PIPELINE,op1,,1,const,,55
p1878,,,op2,op1,5,linear3,,45
p1878,,,op3,op2,2,sqrt,,55
p1878,,,op4,op3,20,linear7,,30
p1878,,,op5,op4,1,const,,55
p1878,,,op6,op5,5,linear3,,45
p1878,,,op7,op6,15,linear3,,37.5
p1879,1626.075,INTERACTIVE,op1,,1,const,,55
p1879,,,op2,op1,15,linear3,,37.5
p1879,,,op3,op2,1,const,,55
p1879,,,op4,op3,1,const,,55
p1879,,,op5,op4,5,linear3,,45
p1879,,,op6,op5,2,sqrt,,55
p1879,,,op7,op6,1,const,,55
p1880,1626.075,BATCH_PIPELINE,op1,,1,const,,55
p1880,,,op2,op1,2,sqrt,,55
p1880,,,op3,op1,15,linear3,,37.5
p1880,,,op4,op1,20,linear7,,30
p1880,,,op5,op1,5,linear3,,45
p1880,,,op6,op1,15,linear3,,37.5
p1880,,,op7,op1,2,sqrt,,55
p1880,,,op8,op1,15,linear3,,37.5
p1881,1637.646,BATCH_PIPELINE,op1,,1,const,,55
p1881,,,op2,op1,15,linear3,,37.5
p1881,,,op3,op2,5,linear3,,45
p1881,,,op4,op3,1,const,,55
p1881,,,op5,op4,1,const,,55
p1881,,,op6,op5,5,linear3,,45
p1881,,,op7,op6,5,linear3,,45
p1881,,,op8,op7,40,linear7,,20
p1881,,,op9,op8,40,linear7,,20
p1881,,,op10,op9,2,sqrt,,55
p1882,1637.646,INTERACTIVE,op1,,1,const,,55
p1882,,,op2,,20,linear7,,30
p1882,,,op3,,40,linear7,,20
p1882,,,op4,,5,linear3,,45
p1882,,,op5,,40,linear7,,20
p1882,,,op6,,1,const,,55
p1882,,,op7,op1;op2;op3;op4;op5;op6,40,linear7,,20
p1883,1637.646,BATCH_PIPELINE,op1,,1,const,,55
p1883,,,op2,op1,5,linear3,,45
p1883,,,op3,op2,40,linear7,,20
p1883,,,op4,op3,5,linear3,,45
p1883,,,op5,op4,20,linear7,,30
p1883,,,op6,op5,15,linear3,,37.5
p1883,,,op7,op6,40,linear7,,20
p1884,1637.646,BATCH_PIPELINE,op1,,1,const,,55
p1884,,,op2,op1,80,squared,,10
p1884,,,op3,op2,15,linear3,,37.5
p1884,,,op4,op3,5,linear3,,45
p1884,,,op5,op4,80,squared,,10
p1884,,,op6,op5,40,linear7,,20
p1885,1637.646,BATCH_PIPELINE,op1,,1,const,,55
p1885,,,op2,op1,20,linear7,,30
p1885,,,op3,op2,1,const,,55
p1885,,,op4,op3,15,linear3,,37.5
p1885,,,op5,op4,5,linear3,,45
p1885,,,op6,op5,5,linear3,,45
p1885,,,op7,op6,5,linear3,,45
p1885,,,op8,op7,1,const,,55
p1886,1637.646,BATCH_PIPELINE,op1,,1,const,,55
p1886,,,op2,op1,1,const,,55
p1886,,,op3,op2,2,sqrt,,55
p1886,,,op4,op3,20,linear7,,30
p1886,,,op5,op4,5,linear3,,45
p1886,,,op6,op5,40,linear7,,20
p1886,,,op7,op6,40,linear7,,20
p1886,,,op8,op7,1,const,,55
p1886,,,op9,op8,5,linear3,,45
p1886,,,op10,op9,5,linear3,,45
p1887,1637.646,QUERY,op1,,15,linear3,,35
p1888,1637.646,QUERY,op1,,15,linear3,,35
p1889,1637.646,QUERY,op1,,15,linear3,,35
p1890,1637.646,BATCH_PIPELINE,op1,,1,const,,55
p1890,,,op2,,20,linear7,,30
p1890,,,op3,,20,linear7,,30
p1890,,,op4,,5,linear3,,45
p1890,,,op5,,20,linear7,,30
p1890,,,op6,,5,linear3,,45
p1890,,,op7,,5,linear3,,45
p1890,,,op8,op1;op2;op3;op4;op5;op6;op7,80,squared,,10
p1891,1641.403,BATCH_PIPELINE,op1,,1,const,,55
p1891,,,op2,op1,5,linear3,,45
p1891,,,op3,op1,1,const,,55
p1891,,,op4,op1,1,const,,55
p1891,,,op5,op1,2,sqrt,,55
p1892,1641.403,INTERACTIVE,op1,,1,const,,55
p1892,,,op2,op1,1,const,,55
p1892,,,op3,op2,1,const,,55
p1892,,,op4,op3,1,const,,55
p1892,,,op5,op4,40,linear7,,20
p1892,,,op6,op5,15,linear3,,37.5
p1892,,,op7,op6,15,linear3,,37.5
p1892,,,op8,op7,15,linear3,,37.5
p1892,,,op9,op8,5,linear3,,45
p1892,,,op10,op9,1,const,,55
p1893,1641.403,QUERY,op1,,15,linear3,,35
p1894,1641.403,BATCH_PIPELINE,op1,,1,const,,55
p1894,,,op2,op1,5,linear3,,45
p1894,,,op3,op2,15,linear3,,37.5
p1894,,,op4,op3,5,linear3,,45
p1894,,,op5,op4,20,linear7,,30
p1895,1641.403,BATCH_PIPELINE,op1,,1,const,,55
p1895,,,op2,,15,linear3,,37.5
p1895,,,op3,,20,linear7,,30
p1895,,,op4,,40,linear7,,20
p1895,,,op5,,2,sqrt,,55
p1895,,,op6,op1;op2;op3;op4;op5,20,linear7,,30
p1896,1641.403,BATCH_PIPELINE,op1,,1,const,,55
p1896,,,op2,,40,linear7,,20
p1896,,,op3,,5,linear3,,45
p1896,,,op4,,20,linear7,,30
p1896,,,op5,,1,const,,55
p1896,,,op6,,5,linear3,,45
p1896,,,op7,op1;op2;op3;op4;op5;op6,2,sqrt,,55
p1897,1641.403,BATCH_PIPELINE,op1,,1,const,,55
p1897,,,op2,op1,15,linear3,,37.5
p1897,,,op3,op2,1,const,,55
p1897,,,op4,op3,2,sqrt,,55
p1897,,,op5,op4,15,linear3,,37.5
p1897,,,op6,op5,15,linear3,,37.5
p1898,1641.403,INTERACTIVE,op1,,1,const,,55
p1898,,,op2,op1,20,linear7,,30
p1898,,,op3,op2,40,linear7,,20
p1898,,,op4,op3,2,sqrt,,55
p1898,,,op5,op4,40,linear7,,20
p1898,,,op6,op5,5,linear3,,45
p1899,1641.403,INTERACTIVE,op1,,1,const,,55
p1899,,,op2,op1,20,linear7,,30
p1899,,,op3,op2,5,linear3,,45
p1899,,,op4,op3,5,linear3,,45
p1899,,,op5,op4,1,const,,55
p1899,,,op6,op5,80,squared,,10
p1899,,,op7,op6,2,sqrt,,55
p1899,,,op8,op7,80,squared,,10
p1900,1641.403,BATCH_PIPELINE,op1,,1,const,,55
p1900,,,op2,,5,linear3,,45
p1900,,,op3,,5,linear3,,45
p1900,,,op4,,1,const,,55
p1900,,,op5,,5,linear3,,45
p1900,,,op6,op1;op2;op3;op4;op5,15,linear3,,37.5
p1901,1647.48,BATCH_PIPELINE,op1,,1,const,,55
p1901,,,op2,op1,40,linear7,,20
p1901,,,op3,op2,5,linear3,,45
p1901,,,op4,op3,2,sqrt,,55
p1901,,,op5,op4,80,squared,,10
p1901,,,op6,op5,5,linear3,,45
p1901,,,op7,op6,5,linear3,,45
p1902,1647.48,INTERACTIVE,op1,,1,const,,55
p1902,,,op2,op1,20,linear7,,30
p1902,,,op3,op2,15,linear3,,37.5
p1902,,,op4,op3,40,linear7,,20
p1902,,,op5,op4,40,linear7,,20
p1902,,,op6,op5,15,linear3,,37.5
p1902,,,op7,op6,15,linear3,,37.5
p1903,1647.48,BATCH_PIPELINE,op1,,1,const,,55
p1903,,,op2,op1,2,sqrt,,55
p1903,,,op3,op2,5,linear3,,45
p1903,,,op4,op3,1,const,,55
p1903,,,op5,op4,1,const,,55
p1904,1647.48,INTERACTIVE,op1,,1,const,,55
p1904,,,op2,op1,15,linear3,,37.5
p1904,,,op3,op1,15,linear3,,37.5
p1904,,,op4,op1,40,linear7,,20
p1904,,,op5,op1,80,squared,,10
p1904,,,op6,op1,80,squared,,10
p1904,,,op7,op1,5,linear3,,45
p1904,,,op8,op1,20,linear7,,30
p1904,,,op9,op1,20,linear7,,30
p1904,,,op10,op1,5,linear3,,45
p1904,,,op11,op1,1,const,,55
p1904,,,op12,op1,2,sqrt,,55
p1905,1647.48,BATCH_PIPELINE,op1,,1,const,,55
p1905,,,op2,op1,15,linear3,,37.5
p1905,,,op3,op2,40,linear7,,20
p1905,,,op4,op3,1,const,,55
p1905,,,op5,op4,5,linear3,,45
p1905,,,op6,op5,80,squared,,10
p1905,,,op7,op6,15,linear3,,37.5
p1905,,,op8,op7,1,const,,55
p1905,,,op9,op8,15,linear3,,37.5
p1905,,,op10,op9,40,linear7,,20
p1906,1647.48,INTERACTIVE,op1,,1,const,,55
p1906,,,op2,op1,1,const,,55
p1906,,,op3,op1,15,linear3,,37.5
p1906,,,op4,op1,5,linear3,,45
p1906,,,op5,op1,5,linear3,,45
p1906,,,op6,op1,5,linear3,,45
p1906,,,op7,op1,1,const,,55
p1906,,,op8,op1,1,const,,55
p1907,1647.48,BATCH_PIPELINE,op1,,1,const,,55
p1907,,,op2,,20,linear7,,30
p1907,,,op3,,15,linear3,,37.5
p1907,,,op4,,5,linear3,,45
p1907,,,op5,,1,const,,55
p1907,,,op6,,5,linear3,,45
p1907,,,op7,,20,linear7,,30
p1907,,,op8,op1;op2;op3;op4;op5;op6;op7,20,linear7,,30
p1908,1647.48,INTERACTIVE,op1,,1,const,,55
p1908,,,op2,op1,5,linear3,,45
p1909,1647.48,INTERACTIVE,op1,,1,const,,55
p1909,,,op2,op1,5,linear3,,45
p1909,,,op3,op1,20,linear7,,30
p1909,,,op4,op1,1,const,,55
p1909,,,op5,op1,5,linear3,,45
p1909,,,op6,op1,1,const,,55
p1909,,,op7,op1,5,linear3,,45
p1910,1647.48,INTERACTIVE,op1,,1,const,,55
p1910,,,op2,op1,40,linear7,,20
p1910,,,op3,op2,5,linear3,,45
p1910,,,op4,op3,1,const,,55
p1910,,,op5,op4,1,const,,55
p1910,,,op6,op5,15,linear3,,37.5
p1910,,,op7,op6,80,squared,,10
p1910,,,op8,op7,15,linear3,,37.5
p1910,,,op9,op8,5,linear3,,45
p1910,,,op10,op9,5,linear3,,45
p1911,1656.41,INTERACTIVE,op1,,1,const,,55
p1911,,,op2,op1,15,linear3,,37.5
p1911,,,op3,op2,15,linear3,,37.5
p1911,,,op4,op3,15,linear3,,37.5
p1911,,,op5,op4,5,linear3,,45
p1911,,,op6,op5,2,sqrt,,55
p1911,,,op7,op6,40,linear7,,20
p1911,,,op8,op7,15,linear3,,37.5
p1911,,,op9,op8,20,linear7,,30
p1911,,,op10,op9,80,squared,,10
p1912,1656.41,BATCH_PIPELINE,op1,,1,const,,55
p1912,,,op2,op1,15,linear3,,37.5
p1912,,,op3,op2,1,const,,55
p1912,,,op4,op3,5,linear3,,45
p1912,,,op5,op4,80,squared,,10
p1912,,,op6,op5,1,const,,55
p1912,,,op7,op6,2,sqrt,,55
p1912,,,op8,op7,40,linear7,,20
p1913,1656.41,BATCH_PIPELINE,op1,,1,const,,55
p1913,,,op2,op1,2,sqrt,,55
p1913,,,op3,op2,1,const,,55
p1913,,,op4,op3,1,const,,55
p1913,,,op5,op4,20,linear7,,30
p1913,,,op6,op5,15,linear3,,37.5
p1913,,,op7,op6,2,sqrt,,55
p1914,1656.41,INTERACTIVE,op1,,1,const,,55
p1914,,,op2,op1,2,sqrt,,55
p1914,,,op3,op2,2,sqrt,,55
p1914,,,op4,op3,1,const,,55
p1914,,,op5,op4,5,linear3,,45
p1914,,,op6,op5,15,linear3,,37.5
p1914,,,op7,op6,80,squared,,10
p1915,1656.41,BATCH_PIPELINE,op1,,1,const,,55
p1915,,,op2,op1,20,linear7,,30
p1915,,,op3,op2,2,sqrt,,55
p1915,,,op4,op3,80,squared,,10
p1915,,,op5,op4,5,linear3,,45
p1915,,,op6,op5,15,linear3,,37.5
p1915,,,op7,op6,20,linear7,,30
p1916,1656.41,INTERACTIVE,op1,,1,const,,55
p1916,,,op2,op1,20,linear7,,30
p1916,,,op3,op1,15,linear3,,37.5
p1916,,,op4,op1,20,linear7,,30
p1916,,,op5,op1,5,linear3,,45
p1916,,,op6,op1,5,linear3,,45
p1916,,,op7,op1,20,linear7,,30
p1916,,,op8,op1,15,linear3,,37.5
p1916,,,op9,op1,2,sqrt,,55
p1916,,,op10,op1,40,linear7,,20
p1916,,,op11,op1,20,linear7,,30
p1917,1656.41,QUERY,op1,,15,linear3,,35
p1918,1656.41,INTERACTIVE,op1,,1,const,,55
p1918,,,op2,op1,1,const,,55
p1918,,,op3,op2,15,linear3,,37.5
p1918,,,op4,op3,20,linear7,,30
p1918,,,op5,op4,1,const,,55
p1918,,,op6,op5,15,linear3,,37.5
p1918,,,op7,op6,20,linear7,,30
p1918,,,op8,op7,20,linear7,,30
p1919,1656.41,BATCH_PIPELINE,op1,,1,const,,55
p1919,,,op2,op1,1,const,,55
p1919,,,op3,op2,40,linear7,,20
p1919,,,op4,op3,20,linear7,,30
p1919,,,op5,op4,40,linear7,,20
p1919,,,op6,op5,2,sqrt,,55
p1919,,,op7,op6,20,linear7,,30
p1920,1656.41,INTERACTIVE,op1,,1,const,,55
p1920,,,op2,op1,20,linear7,,30
p1920,,,op3,op2,80,squared,,10
p1920,,,op4,op3,5,linear3,,45
p1920,,,op5,op4,2,sqrt,,55
p1920,,,op6,op5,2,sqrt,,55
p1921,1663.863,BATCH_PIPELINE,op1,,1,const,,55
p1921,,,op2,op1,5,linear3,,45
p1921,,,op3,op1,5,linear3,,45
p1921,,,op4,op1,20,linear7,,30
p1921,,,op5,op1,2,sqrt,,55
p1921,,,op6,op1,5,linear3,,45
p1921,,,op7,op1,2,sqrt,,55
p1921,,,op8,op1,5,linear3,,45
p1921,,,op9,op1,15,linear3,,37.5
p1922,1663.863,BATCH_PIPELINE,op1,,1,const,,55
p1922,,,op2,op1,5,linear3,,45
p1922,,,op3,op2,2,sqrt,,55
p1922,,,op4,op3,15,linear3,,37.5
p1922,,,op5,op4,2,sqrt,,55
p1922,,,op6,op5,15,linear3,,37.5
p1922,,,op7,op6,40,linear7,,20
p1922,,,op8,op7,1,const,,55
p1923,1663.863,BATCH_PIPELINE,op1,,1,const,,55
p1923,,,op2,op1,2,sqrt,,55
p1923,,,op3,op2,40,linear7,,20
p1923,,,op4,op3,5,linear3,,45
p1923,,,op5,op4,5,linear3,,45
p1923,,,op6,op5,2,sqrt,,55
p1923,,,op7,op6,5,linear3,,45
p1924,1663.863,BATCH_PIPELINE,op1,,1,const,,55
p1924,,,op2,op1,2,sqrt,,55
p1924,,,op3,op2,2,sqrt,,55
p1924,,,op4,op3,5,linear3,,45
p1924,,,op5,op4,15,linear3,,37.5
p1924,,,op6,op5,20,linear7,,30
p1924,,,op7,op6,20,linear7,,30
p1924,,,op8,op7,5,linear3,,45
p1925,1663.863,BATCH_PIPELINE,op1,,1,const,,55
p1925,,,op2,op1,5,linear3,,45
p1925,,,op3,op2,5,linear3,,45
p1925,,,op4,op3,1,const,,55
p1925,,,op5,op4,2,sqrt,,55
p1925,,,op6,op5,15,linear3,,37.5
p1925,,,op7,op6,1,const,,55
p1926,1663.863,INTERACTIVE,op1,,1,const,,55
p1926,,,op2,op1,5,linear3,,45
p1926,,,op3,op2,1,const,,55
p1926,,,op4,op3,2,sqrt,,55
p1926,,,op5,op4,5,linear3,,45
p1926,,,op6,op5,2,sqrt,,55
p1926,,,op7,op6,20,linear7,,30
p1926,,,op8,op7,40,linear7,,20
p1926,,,op9,op8,20,linear7,,30
p1926,,,op10,op9,40,linear7,,20
p1926,,,op11,op10,1,const,,55
p1927,1663.863,BATCH_PIPELINE,op1,,1,const,,55
p1927,,,op2,op1,80,squared,,10
p1927,,,op3,op2,40,linear7,,20
p1927,,,op4,op3,20,linear7,,30
p1927,,,op5,op4,80,squared,,10
p1927,,,op6,op5,15,linear3,,37.5
p1927,,,op7,op6,5,linear3,,45
p1927,,,op8,op7,15,linear3,,37.5
p1928,1663.863,BATCH_PIPELINE,op1,,1,const,,55
p1928,,,op2,op1,2,sqrt,,55
p1928,,,op3,op2,5,linear3,,45
p1928,,,op4,op3,20,linear7,,30
p1928,,,op5,op4,40,linear7,,20
p1928,,,op6,op5,2,sqrt,,55
p1928,,,op7,op6,80,squared,,10
p1928,,,op8,op7,15,linear3,,37.5
p1929,1663.863,BATCH_PIPELINE,op1,,1,const,,55
p1929,,,op2,op1,40,linear7,,20
p1929,,,op3,op1,15,linear3,,37.5
p1929,,,op4,op1,15,linear3,,37.5
p1930,1663.863,BATCH_PIPELINE,op1,,1,const,,55
p1930,,,op2,op1,40,linear7,,20
p1930,,,op3,op2,40,linear7,,20
p1930,,,op4,op3,5,linear3,,45
p1930,,,op5,op4,80,squared,,10
p1931,1670.031,BATCH_PIPELINE,op1,,1,const,,55
p1931,,,op2,op1,5,linear3,,45
p1931,,,op3,op2,5,linear3,,45
p1931,,,op4,op3,2,sqrt,,55
p1931,,,op5,op4,15,linear3,,37.5
p1931,,,op6,op5,15,linear3,,37.5
p1931,,,op7,op6,15,linear3,,37.5
p1931,,,op8,op7,1,const,,55
p1931,,,op9,op8,15,linear3,,37.5
p1931,,,op10,op9,2,sqrt,,55
p1931,,,op11,op10,2,sqrt,,55
p1932,1670.031,BATCH_PIPELINE,op1,,1,const,,55
p1932,,,op2,op1,20,linear7,,30
p1932,,,op3,op1,5,linear3,,45
p1932,,,op4,op1,5,linear3,,45
p1932,,,op5,op1,15,linear3,,37.5
p1932,,,op6,op1,5,linear3,,45
p1932,,,op7,op1,40,linear7,,20
p1932,,,op8,op1,1,const,,55
p1932,,,op9,op1,5,linear3,,45
p1932,,,op10,op1,20,linear7,,30
p1932,,,op11,op1,2,sqrt,,55
p1932,,,op12,op1,5,linear3,,45
p1933,1670.031,BATCH_PIPELINE,op1,,1,const,,55
p1933,,,op2,op1,1,const,,55
p1933,,,op3,op2,2,sqrt,,55
p1933,,,op4,op3,1,const,,55
p1933,,,op5,op4,1,const,,55
p1933,,,op6,op5,2,sqrt,,55
p1933,,,op7,op6,40,linear7,,20
p1933,,,op8,op7,5,linear3,,45
p1933,,,op9,op8,15,linear3,,37.5
p1933,,,op10,op9,2,sqrt,,55
p1933,,,op11,op10,20,linear7,,30
p1934,1670.031,BATCH_PIPELINE,op1,,1,const,,55
p1934,,,op2,op1,15,linear3,,37.5
p1934,,,op3,op1,15,linear3,,37.5
p1934,,,op4,op1,15,linear3,,37.5
p1934,,,op5,op1,15,linear3,,37.5
p1934,,,op6,op1,80,squared,,10
p1935,1670.031,BATCH_PIPELINE,op1,,1,const,,55
p1935,,,op2,op1,20,linear7,,30
p1935,,,op3,op1,2,sqrt,,55
p1935,,,op4,op1,15,linear3,,37.5
p1935,,,op5,op1,80,squared,,10
p1935,,,op6,op1,1,const,,55
p1935,,,op7,op1,15,linear3,,37.5
p1935,,,op8,op1,15,linear3,,37.5
p1935,,,op9,op1,5,linear3,,45
p1936,1670.031,BATCH_PIPELINE,op1,,1,const,,55
p1936,,,op2,op1,15,linear3,,37.5
p1936,,,op3,op1,5,linear3,,45
p1936,,,op4,op1,80,squared,,10
p1936,,,op5,op1,5,linear3,,45
p1936,,,op6,op1,20,linear7,,30
p1936,,,op7,op1,2,sqrt,,55
p1936,,,op8,op1,20,linear7,,30
p1937,1670.031,INTERACTIVE,op1,,1,const,,55
p1937,,,op2,op1,2,sqrt,,55
p1937,,,op3,op2,80,squared,,10
p1937,,,op4,op3,2,sqrt,,55
p1937,,,op5,op4,20,linear7,,30
p1937,,,op6,op5,2,sqrt,,55
p1937,,,op7,op6,40,linear7,,20
p1937,,,op8,op7,2,sqrt,,55
p1938,1670.031,INTERACTIVE,op1,,1,const,,55
p1938,,,op2,op1,15,linear3,,37.5
p1938,,,op3,op2,15,linear3,,37.5
p1938,,,op4,op3,1,const,,55
p1938,,,op5,op4,5,linear3,,45
p1938,,,op6,op5,1,const,,55
p1939,1670.031,BATCH_PIPELINE,op1,,1,const,,55
p1939,,,op2,op1,15,linear3,,37.5
p1939,,,op3,op2,80,squared,,10
p1939,,,op4,op3,5,linear3,,45
p1939,,,op5,op4,2,sqrt,,55
p1939,,,op6,op5,20,linear7,,30
p1939,,,op7,op6,1,const,,55
p1939,,,op8,op7,5,linear3,,45
p1939,,,op9,op8,2,sqrt,,55
p1940,1670.031,QUERY,op1,,15,linear3,,35
p1941,1678.469,BATCH_PIPELINE,op1,,1,const,,55
p1941,,,op2,,15,linear3,,37.5
p1941,,,op3,,5,linear3,,45
p1941,,,op4,,1,const,,55
p1941,,,op5,,15,linear3,,37.5
p1941,,,op6,,1,const,,55
p1941,,,op7,,1,const,,55
p1941,,,op8,,5,linear3,,45
p1941,,,op9,,15,linear3,,37.5
p1941,,,op10,op1;op2;op3;op4;op5;op6;op7;op8;op9,5,linear3,,45
p1942,1678.469,INTERACTIVE,op1,,1,const,,55
p1942,,,op2,op1,5,linear3,,45
p1942,,,op3,op1,40,linear7,,20
p1942,,,op4,op1,80,squared,,10
p1942,,,op5,op1,20,linear7,,30
p1942,,,op6,op1,2,sqrt,,55
p1942,,,op7,op1,2,sqrt,,55
p1943,1678.469,INTERACTIVE,op1,,1,const,,55
p1943,,,op2,op1,5,linear3,,45
p1943,,,op3,op1,15,linear3,,37.5
p1943,,,op4,op1,1,const,,55
p1943,,,op5,op1,1,const,,55
p1943,,,op6,op1,2,sqrt,,55
p1943,,,op7,op1,5,linear3,,45
p1944,1678.469,QUERY,op1,,15,linear3,,35
p1945,1678.469,BATCH_PIPELINE,op1,,1,const,,55
p1945,,,op2,op1,2,sqrt,,55
p1945,,,op3,op2,5,linear3,,45
p1945,,,op4,op3,5,linear3,,45
p1945,,,op5,op4,15,linear3,,37.5
p1945,,,op6,op5,15,linear3,,37.5
p1946,1678.469,BATCH_PIPELINE,op1,,1,const,,55
p1946,,,op2,op1,40,linear7,,20
p1946,,,op3,op2,15,linear3,,37.5
p1946,,,op4,op3,2,sqrt,,55
p1946,,,op5,op4,15,linear3,,37.5
p1946,,,op6,op5,40,linear7,,20
p1947,1678.469,BATCH_PIPELINE,op1,,1,const,,55
p1947,,,op2,,1,const,,55
p1947,,,op3,,5,linear3,,45
p1947,,,op4,,5,linear3,,45
p1947,,,op5,,15,linear3,,37.5
p1947,,,op6,,80,squared,,10
p1947,,,op7,,15,linear3,,37.5
p1947,,,op8,op1;op2;op3;op4;op5;op6;op7,2,sqrt,,55
p1948,1678.469,BATCH_PIPELINE,op1,,1,const,,55
p1948,,,op2,op1,15,linear3,,37.5
p1948,,,op3,op2,5,linear3,,45
p1948,,,op4,op3,15,linear3,,37.5
p1948,,,op5,op4,2,sqrt,,55
p1948,,,op6,op5,15,linear3,,37.5
p1948,,,op7,op6,1,const,,55
p1948,,,op8,op7,5,linear3,,45
p1948,,,op9,op8,2,sqrt,,55
p1948,,,op10,op9,1,const,,55
p1948,,,op11,op10,5,linear3,,45
p1949,1678.469,BATCH_PIPELINE,op1,,1,const,,55
p1949,,,op2,op1,80,squared,,10
p1949,,,op3,op2,15,linear3,,37.5
p1949,,,op4,op3,15,linear3,,37.5
p1949,,,op5,op4,15,linear3,,37.5
p1949,,,op6,op5,20,linear7,,30
p1949,,,op7,op6,15,linear3,,37.5
p1950,1678.469,BATCH_PIPELINE,op1,,1,const,,55
p1950,,,op2,op1,80,squared,,10
p1950,,,op3,op1,80,squared,,10
p1950,,,op4,op1,15,linear3,,37.5
p1950,,,op5,op1,1,const,,55
p1950,,,op6,op1,40,linear7,,20
p1950,,,op7,op1,2,sqrt,,55
p1950,,,op8,op1,20,linear7,,30
p1950,,,op9,op1,1,const,,55
p1951,1692.479,QUERY,op1,,15,linear3,,35
p1952,1692.479,BATCH_PIPELINE,op1,,1,const,,55
p1952,,,op2,op1,5,linear3,,45
p1952,,,op3,op2,40,linear7,,20
p1953,1692.479,BATCH_PIPELINE,op1,,1,const,,55
p1953,,,op2,op1,5,linear3,,45
p1953,,,op3,op2,5,linear3,,45
p1953,,,op4,op3,15,linear3,,37.5
p1953,,,op5,op4,15,linear3,,37.5
p1953,,,op6,op5,20,linear7,,30
p1953,,,op7,op6,15,linear3,,37.5
p1953,,,op8,op7,20,linear7,,30
p1953,,,op9,op8,2,sqrt,,55
p1953,,,op10,op9,15,linear3,,37.5
p1954,1692.479,BATCH_PIPELINE,op1,,1,const,,55
p1954,,,op2,op1,20,linear7,,30
p1954,,,op3,op2,40,linear7,,20
p1954,,,op4,op3,20,linear7,,30
p1955,1692.479,INTERACTIVE,op1,,1,const,,55
p1955,,,op2,op1,5,linear3,,45
p1955,,,op3,op1,1,const,,55
p1955,,,op4,op1,40,linear7,,20
p1955,,,op5,op1,15,linear3,,37.5
p1955,,,op6,op1,2,sqrt,,55
p1955,,,op7,op1,15,linear3,,37.5
p1955,,,op8,op1,40,linear7,,20
p1956,1692.479,BATCH_PIPELINE,op1,,1,const,,55
p1956,,,op2,op1,40,linear7,,20
p1956,,,op3,op1,15,linear3,,37.5
p1956,,,op4,op1,2,sqrt,,55
p1956,,,op5,op1,20,linear7,,30
p1956,,,op6,op1,20,linear7,,30
p1957,1692.479,BATCH_PIPELINE,op1,,1,const,,55
p1957,,,op2,op1,80,squared,,10
p1957,,,op3,op2,40,linear7,,20
p1957,,,op4,op3,40,linear7,,20
p1957,,,op5,op4,5,linear3,,45
p1957,,,op6,op5,1,const,,55
p1957,,,op7,op6,80,squared,,10
p1957,,,op8,op7,15,linear3,,37.5
p1957,,,op9,op8,40,linear7,,20
p1957,,,op10,op9,2,sqrt,,55
p1957,,,op11,op10,20,linear7,,30
p1958,1692.479,BATCH_PIPELINE,op1,,1,const,,55
p1958,,,op2,op1,15,linear3,,37.5
p1958,,,op3,op2,40,linear7,,20
p1958,,,op4,op3,1,const,,55
p1958,,,op5,op4,20,linear7,,30
p1958,,,op6,op5,40,linear7,,20
p1958,,,op7,op6,80,squared,,10
p1959,1692.479,BATCH_PIPELINE,op1,,1,const,,55
p1959,,,op2,op1,80,squared,,10
p1959,,,op3,op2,20,linear7,,30
p1959,,,op4,op3,5,linear3,,45
p1959,,,op5,op4,1,const,,55
p1959,,,op6,op5,2,sqrt,,55
p1959,,,op7,op6,20,linear7,,30
p1960,1692.479,BATCH_PIPELINE,op1,,1,const,,55
p1960,,,op2,op1,1,const,,55
p1960,,,op3,op2,20,linear7,,30
p1960,,,op4,op3,1,const,,55
p1961,1704.526,BATCH_PIPELINE,op1,,1,const,,55
p1961,,,op2,op1,15,linear3,,37.5
p1961,,,op3,op2,40,linear7,,20
p1961,,,op4,op3,15,linear3,,37.5
p1961,,,op5,op4,15,linear3,,37.5
p1961,,,op6,op5,5,linear3,,45
p1961,,,op7,op6,15,linear3,,37.5
p1962,1704.526,INTERACTIVE,op1,,1,const,,55
p1962,,,op2,op1,2,sqrt,,55
p1962,,,op3,op1,1,const,,55
p1962,,,op4,op1,15,linear3,,37.5
p1962,,,op5,op1,15,linear3,,37.5
p1962,,,op6,op1,5,linear3,,45
p1963,1704.526,QUERY,op1,,15,linear3,,35
p1964,1704.526,BATCH_PIPELINE,op1,,1,const,,55
p1964,,,op2,op1,1,const,,55
p1964,,,op3,op2,5,linear3,,45
p1964,,,op4,op3,20,linear7,,30
p1964,,,op5,op4,15,linear3,,37.5
p1964,,,op6,op5,2,sqrt,,55
p1964,,,op7,op6,15,linear3,,37.5
p1964,,,op8,op7,20,linear7,,30
p1965,1704.526,INTERACTIVE,op1,,1,const,,55
p1965,,,op2,op1,1,const,,55
p1965,,,op3,op2,40,linear7,,20
p1965,,,op4,op3,80,squared,,10
p1965,,,op5,op4,5,linear3,,45
p1965,,,op6,op5,5,linear3,,45
p1965,,,op7,op6,40,linear7,,20
p1965,,,op8,op7,5,linear3,,45
p1966,1704.526,BATCH_PIPELINE,op1,,1,const,,55
p1966,,,op2,op1,20,linear7,,30
p1966,,,op3,op2,2,sqrt,,55
p1966,,,op4,op3,5,linear3,,45
p1966,,,op5,op4,20,linear7,,30
p1966,,,op6,op5,5,linear3,,45
p1966,,,op7,op6,1,const,,55
p1967,1704.526,BATCH_PIPELINE,op1,,1,const,,55
p1967,,,op2,op1,1,const,,55
p1967,,,op3,op2,5,linear3,,45
p1967,,,op4,op3,20,linear7,,30
p1967,,,op5,op4,5,linear3,,45
p1967,,,op6,op5,1,const,,55
p1967,,,op7,op6,1,const,,55
p1968,1704.526,INTERACTIVE,op1,,1,const,,55
p1968,,,op2,,20,linear7,,30
p1968,,,op3,,20,linear7,,30
p1968,,,op4,,5,linear3,,45
p1968,,,op5,,15,linear3,,37.5
p1968,,,op6,,40,linear7,,20
p1968,,,op7,,15,linear3,,37.5
p1968,,,op8,op1;op2;op3;op4;op5;op6;op7,80,squared,,10
p1969,1704.526,BATCH_PIPELINE,op1,,1,const,,55
p1969,,,op2,op1,2,sqrt,,55
p1969,,,op3,op2,80,squared,,10
p1969,,,op4,op3,40,linear7,,20
p1970,1704.526,INTERACTIVE,op1,,1,const,,55
p1970,,,op2,op1,1,const,,55
p1970,,,op3,op2,40,linear7,,20
p1970,,,op4,op3,1,const,,55
p1970,,,op5,op4,80,squared,,10
p1970,,,op6,op5,20,linear7,,30
p1970,,,op7,op6,5,linear3,,45
p1970,,,op8,op7,15,linear3,,37.5
p1970,,,op9,op8,15,linear3,,37.5
p1971,1713.0710000000001,BATCH_PIPELINE,op1,,1,const,,55
p1971,,,op2,op1,2,sqrt,,55
p1971,,,op3,op2,40,linear7,,20
p1971,,,op4,op3,1,const,,55
p1971,,,op5,op4,15,linear3,,37.5
p1971,,,op6,op5,20,linear7,,30
p1971,,,op7,op6,2,sqrt,,55
p1971,,,op8,op7,20,linear7,,30
p1971,,,op9,op8,5,linear3,,45
p1971,,,op10,op9,2,sqrt,,55
p1972,1713.0710000000001,INTERACTIVE,op1,,1,const,,55
p1972,,,op2,op1,1,const,,55
p1972,,,op3,op2,15,linear3,,37.5
p1972,,,op4,op3,15,linear3,,37.5
p1972,,,op5,op4,2,sqrt,,55
p1973,1713.0710000000001,BATCH_PIPELINE,op1,,1,const,,55
p1973,,,op2,op1,40,linear7,,20
p1973,,,op3,op2,20,linear7,,30
p1973,,,op4,op3,15,linear3,,37.5
p1973,,,op5,op4,15,linear3,,37.5
p1973,,,op6,op5,5,linear3,,45
p1974,1713.0710000000001,INTERACTIVE,op1,,1,const,,55
p1974,,,op2,op1,40,linear7,,20
p1974,,,op3,op2,15,linear3,,37.5
p1974,,,op4,op3,15,linear3,,37.5
p1974,,,op5,op4,1,const,,55
p1974,,,op6,op5,20,linear7,,30
p1974,,,op7,op6,2,sqrt,,55
p1974,,,op8,op7,1,const,,55
p1975,1713.0710000000001,BATCH_PIPELINE,op1,,1,const,,55
p1975,,,op2,op1,15,linear3,,37.5
p1975,,,op3,op2,5,linear3,,45
p1975,,,op4,op3,5,linear3,,45
p1975,,,op5,op4,20,linear7,,30
p1975,,,op6,op5,40,linear7,,20
p1975,,,op7,op6,5,linear3,,45
p1975,,,op8,op7,80,squared,,10
p1975,,,op9,op8,5,linear3,,45
p1976,1713.0710000000001,BATCH_PIPELINE,op1,,1,const,,55
p1976,,,op2,op1,5,linear3,,45
p1976,,,op3,op2,5,linear3,,45
p1976,,,op4,op3,20,linear7,,30
p1977,1713.0710000000001,BATCH_PIPELINE,op1,,1,const,,55
p1977,,,op2,op1,15,linear3,,37.5
p1977,,,op3,op2,2,sqrt,,55
p1977,,,op4,op3,40,linear7,,20
p1977,,,op5,op4,1,const,,55
p1977,,,op6,op5,15,linear3,,37.5
p1977,,,op7,op6,5,linear3,,45
p1977,,,op8,op7,20,linear7,,30
p1977,,,op9,op8,5,linear3,,45
p1978,1713.0710000000001,BATCH_PIPELINE,op1,,1,const,,55
p1978,,,op2,op1,15,linear3,,37.5
p1978,,,op3,op2,80,squared,,10
p1978,,,op4,op3,15,linear3,,37.5
p1978,,,op5,op4,15,linear3,,37.5
p1978,,,op6,op5,5,linear3,,45
p1978,,,op7,op6,20,linear7,,30
p1979,1713.0710000000001,BATCH_PIPELINE,op1,,1,const,,55
p1979,,,op2,op1,15,linear3,,37.5
p1979,,,op3,op2,15,linear3,,37.5
p1979,,,op4,op3,15,linear3,,37.5
p1979,,,op5,op4,15,linear3,,37.5
p1979,,,op6,op5,80,squared,,10
p1979,,,op7,op6,15,linear3,,37.5
p1979,,,op8,op7,80,squared,,10
p1980,1713.0710000000001,BATCH_PIPELINE,op1,,1,const,,55
p1980,,,op2,op1,40,linear7,,20
p1980,,,op3,op2,2,sqrt,,55
p1980,,,op4,op3,15,linear3,,37.5
p1980,,,op5,op4,5,linear3,,45
p1980,,,op6,op5,15,linear3,,37.5
p1980,,,op7,op6,5,linear3,,45
p1980,,,op8,op7,2,sqrt,,55
p1980,,,op9,op8,5,linear3,,45
p1981,1725.54,BATCH_PIPELINE,op1,,1,const,,55
p1981,,,op2,op1,2,sqrt,,55
p1981,,,op3,op2,20,linear7,,30
p1981,,,op4,op3,20,linear7,,30
p1981,,,op5,op4,20,linear7,,30
p1982,1725.54,BATCH_PIPELINE,op1,,1,const,,55
p1982,,,op2,op1,40,linear7,,20
p1982,,,op3,op1,2,sqrt,,55
p1982,,,op4,op1,2,sqrt,,55
p1982,,,op5,op1,5,linear3,,45
p1982,,,op6,op1,15,linear3,,37.5
p1983,1725.54,BATCH_PIPELINE,op1,,1,const,,55
p1983,,,op2,op1,40,linear7,,20
p1983,,,op3,op2,20,linear7,,30
p1983,,,op4,op3,80,squared,,10
p1983,,,op5,op4,20,linear7,,30
p1983,,,op6,op5,5,linear3,,45
p1983,,,op7,op6,2,sqrt,,55
p1983,,,op8,op7,15,linear3,,37.5
p1983,,,op9,op8,5,linear3,,45
p1984,1725.54,BATCH_PIPELINE,op1,,1,const,,55
p1984,,,op2,op1,40,linear7,,20
p1984,,,op3,op2,5,linear3,,45
p1984,,,op4,op3,80,squared,,10
p1984,,,op5,op4,2,sqrt,,55
p1984,,,op6,op5,15,linear3,,37.5
p1985,1725.54,BATCH_PIPELINE,op1,,1,const,,55
p1985,,,op2,op1,1,const,,55
p1985,,,op3,op2,2,sqrt,,55
p1985,,,op4,op3,40,linear7,,20
p1985,,,op5,op4,20,linear7,,30
p1985,,,op6,op5,15,linear3,,37.5
p1985,,,op7,op6,40,linear7,,20
p1985,,,op8,op7,5,linear3,,45
p1985,,,op9,op8,15,linear3,,37.5
p1985,,,op10,op9,80,squared,,10
p1985,,,op11,op10,5,linear3,,45
p1986,1725.54,QUERY,op1,,15,linear3,,35
p1987,1725.54,BATCH_PIPELINE,op1,,1,const,,55
p1987,,,op2,op1,40,linear7,,20
p1987,,,op3,op2,5,linear3,,45
p1987,,,op4,op3,15,linear3,,37.5
p1987,,,op5,op4,15,linear3,,37.5
p1987,,,op6,op5,15,linear3,,37.5
p1987,,,op7,op6,80,squared,,10
p1987,,,op8,op7,15,linear3,,37.5
p1987,,,op9,op8,5,linear3,,45
p1988,1725.54,INTERACTIVE,op1,,1,const,,55
p1988,,,op2,op1,20,linear7,,30
p1988,,,op3,op2,1,const,,55
p1988,,,op4,op3,1,const,,55
p1988,,,op5,op4,40,linear7,,20
p1988,,,op6,op5,15,linear3,,37.5
p1988,,,op7,op6,5,linear3,,45
p1988,,,op8,op7,20,linear7,,30
p1988,,,op9,op8,80,squared,,10
p1988,,,op10,op9,40,linear7,,20
p1989,1725.54,BATCH_PIPELINE,op1,,1,const,,55
p1989,,,op2,op1,1,const,,55
p1989,,,op3,op2,20,linear7,,30
p1989,,,op4,op3,40,linear7,,20
p1989,,,op5,op4,40,linear7,,20
p1989,,,op6,op5,20,linear7,,30
p1990,1725.54,QUERY,op1,,15,linear3,,35
p1991,1733.271,QUERY,op1,,15,linear3,,35
p1992,1733.271,INTERACTIVE,op1,,1,const,,55
p1992,,,op2,,1,const,,55
p1992,,,op3,,5,linear3,,45
p1992,,,op4,,1,const,,55
p1992,,,op5,,15,linear3,,37.5
p1992,,,op6,op1;op2;op3;op4;op5,5,linear3,,45
p1993,1733.271,BATCH_PIPELINE,op1,,1,const,,55
p1993,,,op2,op1,2,sqrt,,55
p1993,,,op3,op2,5,linear3,,45
p1993,,,op4,op3,80,squared,,10
p1993,,,op5,op4,15,linear3,,37.5
p1993,,,op6,op5,20,linear7,,30
p1994,1733.271,BATCH_PIPELINE,op1,,1,const,,55
p1994,,,op2,op1,80,squared,,10
p1994,,,op3,op2,5,linear3,,45
p1994,,,op4,op3,15,linear3,,37.5
p1994,,,op5,op4,2,sqrt,,55
p1994,,,op6,op5,1,const,,55
p1995,1733.271,BATCH_PIPELINE,op1,,1,const,,55
p1995,,,op2,op1,80,squared,,10
p1995,,,op3,op2,5,linear3,,45
p1995,,,op4,op3,1,const,,55
p1995,,,op5,op4,1,const,,55
p1995,,,op6,op5,15,linear3,,37.5
p1995,,,op7,op6,15,linear3,,37.5
p1995,,,op8,op7,5,linear3,,45
p1995,,,op9,op8,2,sqrt,,55
p1995,,,op10,op9,20,linear7,,30
p1995,,,op11,op10,2,sqrt,,55
p1995,,,op12,op11,15,linear3,,37.5
p1996,1733.271,BATCH_PIPELINE,op1,,1,const,,55
p1996,,,op2,op1,5,linear3,,45
p1996,,,op3,op1,80,squared,,10
p1996,,,op4,op1,40,linear7,,20
p1996,,,op5,op1,40,linear7,,20
p1996,,,op6,op1,2,sqrt,,55
p1996,,,op7,op1,1,const,,55
p1997,1733.271,BATCH_PIPELINE,op1,,1,const,,55
p1997,,,op2,op1,5,linear3,,45
p1997,,,op3,op2,1,const,,55
p1997,,,op4,op3,20,linear7,,30
p1997,,,op5,op4,40,linear7,,20
p1997,,,op6,op5,2,sqrt,,55
p1997,,,op7,op6,2,sqrt,,55
p1997,,,op8,op7,40,linear7,,20
p1997,,,op9,op8,2,sqrt,,55
p1998,1733.271,BATCH_PIPELINE,op1,,1,const,,55
p1998,,,op2,op1,15,linear3,,37.5
p1998,,,op3,op2,5,linear3,,45
p1998,,,op4,op3,40,linear7,,20
p1998,,,op5,op4,20,linear7,,30
p1998,,,op6,op5,40,linear7,,20
p1998,,,op7,op6,15,linear3,,37.5
p1999,1733.271,BATCH_PIPELINE,op1,,1,const,,55
p1999,,,op2,op1,40,linear7,,20
p1999,,,op3,op2,40,linear7,,20
p1999,,,op4,op3,5,linear3,,45
p1999,,,op5,op4,2,sqrt,,55
p1999,,,op6,op5,80,squared,,10
p1999,,,op7,op6,15,linear3,,37.5
p2000,1733.271,BATCH_PIPELINE,op1,,1,const,,55
p2000,,,op2,op1,5,linear3,,45
p2000,,,op3,op2,5,linear3,,45
p2000,,,op4,op3,1,const,,55
p2000,,,op5,op4,15,linear3,,37.5
p2000,,,op6,op5,2,sqrt,,55
p2000,,,op7,op6,2,sqrt,,55
p2000,,,op8,op7,2,sqrt,,55
p2000,,,op9,op8,2,sqrt,,55
p2000,,,op10,op9,2,sqrt,,55
p2000,,,op11,op10,15,linear3,,37.5
p2001,1741.921,INTERACTIVE,op1,,1,const,,55
p2001,,,op2,op1,20,linear7,,30
p2001,,,op3,op2,20,linear7,,30
p2001,,,op4,op3,5,linear3,,45
p2001,,,op5,op4,15,linear3,,37.5
p2001,,,op6,op5,15,linear3,,37.5
p2001,,,op7,op6,15,linear3,,37.5
p2001,,,op8,op7,2,sqrt,,55
p2001,,,op9,op8,5,linear3,,45
p2001,,,op10,op9,15,linear3,,37.5
p2001,,,op11,op10,1,const,,55
p2001,,,op12,op11,40,linear7,,20
p2002,1741.921,INTERACTIVE,op1,,1,const,,55
p2002,,,op2,op1,40,linear7,,20
p2002,,,op3,op2,1,const,,55
p2002,,,op4,op3,20,linear7,,30
p2002,,,op5,op4,5,linear3,,45
p2002,,,op6,op5,80,squared,,10
p2002,,,op7,op6,5,linear3,,45
p2002,,,op8,op7,20,linear7,,30
p2003,1741.921,QUERY,op1,,15,linear3,,35
p2004,1741.921,BATCH_PIPELINE,op1,,1,const,,55
p2004,,,op2,op1,20,linear7,,30
p2004,,,op3,op2,15,linear3,,37.5
p2004,,,op4,op3,15,linear3,,37.5
p2004,,,op5,op4,2,sqrt,,55
p2004,,,op6,op5,1,const,,55
p2005,1741.921,BATCH_PIPELINE,op1,,1,const,,55
p2005,,,op2,op1,15,linear3,,37.5
p2005,,,op3,op2,40,linear7,,20
p2005,,,op4,op3,20,linear7,,30
p2005,,,op5,op4,1,const,,55
p2005,,,op6,op5,20,linear7,,30
p2005,,,op7,op6,5,linear3,,45
p2006,1741.921,INTERACTIVE,op1,,1,const,,55
p2006,,,op2,op1,5,linear3,,45
p2006,,,op3,op1,2,sqrt,,55
p2006,,,op4,op1,5,linear3,,45
p2006,,,op5,op1,1,const,,55
p2006,,,op6,op1,2,sqrt,,55
p2006,,,op7,op1,1,const,,55
p2006,,,op8,op1,1,const,,55
p2006,,,op9,op1,15,linear3,,37.5
p2007,1741.921,BATCH_PIPELINE,op1,,1,const,,55
p2007,,,op2,,2,sqrt,,55
p2007,,,op3,,5,linear3,,45
p2007,,,op4,,2,sqrt,,55
p2007,,,op5,,5,linear3,,45
p2007,,,op6,,1,const,,55
p2007,,,op7,op1;op2;op3;op4;op5;op6,20,linear7,,30
p2008,1741.921,BATCH_PIPELINE,op1,,1,const,,55
p2008,,,op2,op1,15,linear3,,37.5
p2008,,,op3,op2,20,linear7,,30
p2008,,,op4,op3,1,const,,55
p2008,,,op5,op4,5,linear3,,45
p2008,,,op6,op5,40,linear7,,20
p2008,,,op7,op6,20,linear7,,30
p2008,,,op8,op7,80,squared,,10
p2009,1741.921,BATCH_PIPELINE,op1,,1,const,,55
p2009,,,op2,op1,2,sqrt,,55
p2009,,,op3,op1,5,linear3,,45
p2009,,,op4,op1,5,linear3,,45
p2009,,,op5,op1,2,sqrt,,55
p2009,,,op6,op1,2,sqrt,,55
p2009,,,op7,op1,15,linear3,,37.5
p2009,,,op8,op1,80,squared,,10
p2010,1741.921,INTERACTIVE,op1,,1,const,,55
p2010,,,op2,op1,15,linear3,,37.5
p2010,,,op3,op1,5,linear3,,45
p2010,,,op4,op1,5,linear3,,45
p2010,,,op5,op1,5,linear3,,45
p2010,,,op6,op1,20,linear7,,30
p2010,,,op7,op1,15,linear3,,37.5
p2011,1749.2830000000001,BATCH_PIPELINE,op1,,1,const,,55
p2011,,,op2,op1,5,linear3,,45
p2011,,,op3,op2,1,const,,55
p2011,,,op4,op3,40,linear7,,20
p2011,,,op5,op4,40,linear7,,20
p2011,,,op6,op5,1,const,,55
p2011,,,op7,op6,40,linear7,,20
p2011,,,op8,op7,5,linear3,,45
p2012,1749.2830000000001,INTERACTIVE,op1,,1,const,,55
p2012,,,op2,op1,40,linear7,,20
p2012,,,op3,op2,15,linear3,,37.5
p2012,,,op4,op3,1,const,,55
p2012,,,op5,op4,1,const,,55
p2012,,,op6,op5,20,linear7,,30
p2012,,,op7,op6,40,linear7,,20
p2012,,,op8,op7,2,sqrt,,55
p2012,,,op9,op8,5,linear3,,45
p2012,,,op10,op9,2,sqrt,,55
p2013,1749.2830000000001,BATCH_PIPELINE,op1,,1,const,,55
p2013,,,op2,op1,5,linear3,,45
p2013,,,op3,op2,80,squared,,10
p2013,,,op4,op3,1,const,,55
p2013,,,op5,op4,20,linear7,,30
p2013,,,op6,op5,1,const,,55
p2013,,,op7,op6,5,linear3,,45
p2013,,,op8,op7,15,linear3,,37.5
p2013,,,op9,op8,20,linear7,,30
p2013,,,op10,op9,5,linear3,,45
p2014,1749.2830000000001,BATCH_PIPELINE,op1,,1,const,,55
p2014,,,op2,op1,20,linear7,,30
p2014,,,op3,op2,15,linear3,,37.5
p2014,,,op4,op3,15,linear3,,37.5
p2014,,,op5,op4,5,linear3,,45
p2014,,,op6,op5,5,linear3,,45
p2014,,,op7,op6,40,linear7,,20
p2015,1749.2830000000001,BATCH_PIPELINE,op1,,1,const,,55
p2015,,,op2,,40,linear7,,20
p2015,,,op3,,5,linear3,,45
p2015,,,op4,,5,linear3,,45
p2015,,,op5,,40,linear7,,20
p2015,,,op6,,20,linear7,,30
p2015,,,op7,,5,linear3,,45
p2015,,,op8,,1,const,,55
p2015,,,op9,,5,linear3,,45
p2015,,,op10,op1;op2;op3;op4;op5;op6;op7;op8;op9,2,sqrt,,55
p2016,1749.2830000000001,INTERACTIVE,op1,,1,const,,55
p2016,,,op2,,1,const,,55
p2016,,,op3,,2,sqrt,,55
p2016,,,op4,,2,sqrt,,55
p2016,,,op5,,5,linear3,,45
p2016,,,op6,,40,linear7,,20
p2016,,,op7,,2,sqrt,,55
p2016,,,op8,,80,squared,,10
p2016,,,op9,op1;op2;op3;op4;op5;op6;op7;op8,2,sqrt,,55
p2017,1749.2830000000001,INTERACTIVE,op1,,1,const,,55
p2017,,,op2,,5,linear3,,45
p2017,,,op3,,15,linear3,,37.5
p2017,,,op4,,15,linear3,,37.5
p2017,,,op5,,15,linear3,,37.5
p2017,,,op6,,1,const,,55
p2017,,,op7,,1,const,,55
p2017,,,op8,,2,sqrt,,55
p2017,,,op9,,80,squared,,10
p2017,,,op10,,80,squared,,10
p2017,,,op11,op1;op2;op3;op4;op5;op6;op7;op8;op9;op10,5,linear3,,45
p2018,1749.2830000000001,QUERY,op1,,15,linear3,,35
p2019,1749.2830000000001,BATCH_PIPELINE,op1,,1,const,,55
p2019,,,op2,op1,1,const,,55
p2019,,,op3,op1,80,squared,,10
p2019,,,op4,op1,40,linear7,,20
p2019,,,op5,op1,5,linear3,,45
p2019,,,op6,op1,2,sqrt,,55
p2019,,,op7,op1,20,linear7,,30
p2019,,,op8,op1,15,linear3,,37.5
p2020,1749.2830000000001,BATCH_PIPELINE,op1,,1,const,,55
p2020,,,op2,op1,15,linear3,,37.5
p2020,,,op3,op2,20,linear7,,30
p2020,,,op4,op3,15,linear3,,37.5
p2020,,,op5,op4,15,linear3,,37.5
p2020,,,op6,op5,40,linear7,,20
p2020,,,op7,op6,1,const,,55
p2020,,,op8,op7,2,sqrt,,55
p2021,1758.343,BATCH_PIPELINE,op1,,1,const,,55
p2021,,,op2,op1,5,linear3,,45
p2021,,,op3,op2,1,const,,55
p2021,,,op4,op3,5,linear3,,45
p2021,,,op5,op4,15,linear3,,37.5
p2021,,,op6,op5,15,linear3,,37.5
p2021,,,op7,op6,20,linear7,,30
p2022,1758.343,BATCH_PIPELINE,op1,,1,const,,55
p2022,,,op2,op1,5,linear3,,45
p2022,,,op3,op2,2,sqrt,,55
p2022,,,op4,op3,5,linear3,,45
p2022,,,op5,op4,20,linear7,,30
p2022,,,op6,op5,15,linear3,,37.5
p2022,,,op7,op6,20,linear7,,30
p2023,1758.343,BATCH_PIPELINE,op1,,1,const,,55
p2023,,,op2,,15,linear3,,37.5
p2023,,,op3,,20,linear7,,30
p2023,,,op4,,2,sqrt,,55
p2023,,,op5,,1,const,,55
p2023,,,op6,,2,sqrt,,55
p2023,,,op7,,20,linear7,,30
p2023,,,op8,,15,linear3,,37.5
p2023,,,op9,,5,linear3,,45
p2023,,,op10,,2,sqrt,,55
p2023,,,op11,op1;op2;op3;op4;op5;op6;op7;op8;op9;op10,1,const,,55
p2024,1758.343,INTERACTIVE,op1,,1,const,,55
p2024,,,op2,op1,2,sqrt,,55
p2024,,,op3,op2,40,linear7,,20
p2024,,,op4,op3,20,linear7,,30
p2024,,,op5,op4,2,sqrt,,55
p2024,,,op6,op5,40,linear7,,20
p2024,,,op7,op6,5,linear3,,45
p2025,1758.343,BATCH_PIPELINE,op1,,1,const,,55
p2025,,,op2,op1,1,const,,55
p2025,,,op3,op1,20,linear7,,30
p2025,,,op4,op1,5,linear3,,45
p2025,,,op5,op1,20,linear7,,30
p2025,,,op6,op1,15,linear3,,37.5
p2025,,,op7,op1,20,linear7,,30
p2026,1758.343,BATCH_PIPELINE,op1,,1,const,,55
p2026,,,op2,op1,5,linear3,,45
p2026,,,op3,op1,20,linear7,,30
p2026,,,op4,op1,1,const,,55
p2026,,,op5,op1,15,linear3,,37.5
p2026,,,op6,op1,1,const,,55
p2027,1758.343,BATCH_PIPELINE,op1,,1,const,,55
p2027,,,op2,op1,1,const,,55
p2027,,,op3,op2,20,linear7,,30
p2027,,,op4,op3,80,squared,,10
p2027,,,op5,op4,80,squared,,10
p2027,,,op6,op5,15,linear3,,37.5
p2027,,,op7,op6,1,const,,55
p2027,,,op8,op7,15,linear3,,37.5
p2027,,,op9,op8,80,squared,,10
p2027,,,op10,op9,5,linear3,,45
p2027,,,op11,op10,40,linear7,,20
p2028,1758.343,BATCH_PIPELINE,op1,,1,const,,55
p2028,,,op2,op1,2,sqrt,,55
p2028,,,op3,op2,5,linear3,,45
p2028,,,op4,op3,5,linear3,,45
p2028,,,op5,op4,1,const,,55
p2028,,,op6,op5,5,linear3,,45
p2028,,,op7,op6,15,linear3,,37.5
p2028,,,op8,op7,5,linear3,,45
p2029,1758.343,BATCH_PIPELINE,op1,,1,const,,55
p2029,,,op2,op1,40,linear7,,20
p2029,,,op3,op2,2,sqrt,,55
p2029,,,op4,op3,80,squared,,10
p2029,,,op5,op4,40,linear7,,20
p2029,,,op6,op5,5,linear3,,45
p2029,,,op7,op6,5,linear3,,45
p2029,,,op8,op7,15,linear3,,37.5
p2029,,,op9,op8,20,linear7,,30
p2030,1758.343,QUERY,op1,,15,linear3,,35
p2031,1764.327,BATCH_PIPELINE,op1,,1,const,,55
p2031,,,op2,op1,40,linear7,,20
p2031,,,op3,op2,1,const,,55
p2032,1764.327,BATCH_PIPELINE,op1,,1,const,,55
p2032,,,op2,,15,linear3,,37.5
p2032,,,op3,,1,const,,55
p2032,,,op4,,1,const,,55
p2032,,,op5,,15,linear3,,37.5
p2032,,,op6,,1,const,,55
p2032,,,op7,,15,linear3,,37.5
p2032,,,op8,op1;op2;op3;op4;op5;op6;op7,15,linear3,,37.5
p2033,1764.327,BATCH_PIPELINE,op1,,1,const,,55
p2033,,,op2,op1,40,linear7,,20
p2033,,,op3,op2,20,linear7,,30
p2033,,,op4,op3,5,linear3,,45
p2033,,,op5,op4,5,linear3,,45
p2033,,,op6,op5,5,linear3,,45
p2033,,,op7,op6,20,linear7,,30
p2033,,,op8,op7,2,sqrt,,55
p2033,,,op9,op8,80,squared,,10
p2033,,,op10,op9,2,sqrt,,55
p2033,,,op11,op10,15,linear3,,37.5
p2034,1764.327,BATCH_PIPELINE,op1,,1,const,,55
p2034,,,op2,op1,5,linear3,,45
p2034,,,op3,op2,5,linear3,,45
p2034,,,op4,op3,2,sqrt,,55
p2034,,,op5,op4,15,linear3,,37.5
p2034,,,op6,op5,5,linear3,,45
p2034,,,op7,op6,1,const,,55
p2035,1764.327,BATCH_PIPELINE,op1,,1,const,,55
p2035,,,op2,,15,linear3,,37.5
p2035,,,op3,,15,linear3,,37.5
p2035,,,op4,,5,linear3,,45
p2035,,,op5,,2,sqrt,,55
p2035,,,op6,,2,sqrt,,55
p2035,,,op7,,1,const,,55
p2035,,,op8,,2,sqrt,,55
p2035,,,op9,op1;op2;op3;op4;op5;op6;op7;op8,20,linear7,,30
p2036,1764.327,INTERACTIVE,op1,,1,const,,55
p2036,,,op2,op1,40,linear7,,20
p2036,,,op3,op2,2,sqrt,,55
p2036,,,op4,op3,15,linear3,,37.5
p2036,,,op5,op4,5,linear3,,45
p2036,,,op6,op5,15,linear3,,37.5
p2036,,,op7,op6,15,linear3,,37.5
p2037,1764.327,BATCH_PIPELINE,op1,,1,const,,55
p2037,,,op2,,80,squared,,10
p2037,,,op3,,15,linear3,,37.5
p2037,,,op4,,1,const,,55
p2037,,,op5,,20,linear7,,30
p2037,,,op6,,15,linear3,,37.5
p2037,,,op7,,15,linear3,,37.5
p2037,,,op8,,5,linear3,,45
p2037,,,op9,op1;op2;op3;op4;op5;op6;op7;op8,1,const,,55
p2038,1764.327,INTERACTIVE,op1,,1,const,,55
p2038,,,op2,op1,20,linear7,,30
p2038,,,op3,op1,1,const,,55
p2038,,,op4,op1,1,const,,55
p2038,,,op5,op1,20,linear7,,30
p2038,,,op6,op1,5,linear3,,45
p2038,,,op7,op1,20,linear7,,30
p2038,,,op8,op1,5,linear3,,45
p2038,,,op9,op1,5,linear3,,45
p2038,,,op10,op1,2,sqrt,,55
p2038,,,op11,op1,1,const,,55
p2039,1764.327,BATCH_PIPELINE,op1,,1,const,,55
p2039,,,op2,op1,1,const,,55
p2039,,,op3,op2,5,linear3,,45
p2039,,,op4,op3,15,linear3,,37.5
p2039,,,op5,op4,5,linear3,,45
p2039,,,op6,op5,15,linear3,,37.5
p2039,,,op7,op6,5,linear3,,45
p2039,,,op8,op7,5,linear3,,45
p2039,,,op9,op8,80,squared,,10
p2039,,,op10,op9,2,sqrt,,55
p2039,,,op11,op10,80,squared,,10
p2040,1764.327,INTERACTIVE,op1,,1,const,,55
p2040,,,op2,op1,15,linear3,,37.5
p2040,,,op3,op2,2,sqrt,,55
p2040,,,op4,op3,15,linear3,,37.5
p2040,,,op5,op4,1,const,,55
p2040,,,op6,op5,20,linear7,,30
p2040,,,op7,op6,20,linear7,,30
p2040,,,op8,op7,40,linear7,,20
p2040,,,op9,op8,5,linear3,,45
p2041,1770.944,BATCH_PIPELINE,op1,,1,const,,55
p2041,,,op2,op1,15,linear3,,37.5
p2041,,,op3,op2,5,linear3,,45
p2041,,,op4,op3,2,sqrt,,55
p2041,,,op5,op4,20,linear7,,30
p2041,,,op6,op5,5,linear3,,45
p2041,,,op7,op6,15,linear3,,37.5
p2041,,,op8,op7,20,linear7,,30
p2041,,,op9,op8,15,linear3,,37.5
p2041,,,op10,op9,20,linear7,,30
p2041,,,op11,op10,2,sqrt,,55
p2042,1770.944,BATCH_PIPELINE,op1,,1,const,,55
p2042,,,op2,op1,2,sqrt,,55
p2042,,,op3,op1,15,linear3,,37.5
p2042,,,op4,op1,20,linear7,,30
p2042,,,op5,op1,40,linear7,,20
p2042,,,op6,op1,40,linear7,,20
p2042,,,op7,op1,1,const,,55
p2043,1770.944,BATCH_PIPELINE,op1,,1,const,,55
p2043,,,op2,,5,linear3,,45
p2043,,,op3,,2,sqrt,,55
p2043,,,op4,,5,linear3,,45
p2043,,,op5,,15,linear3,,37.5
p2043,,,op6,,1,const,,55
p2043,,,op7,op1;op2;op3;op4;op5;op6,80,squared,,10
p2044,1770.944,QUERY,op1,,15,linear3,,35
p2045,1770.944,INTERACTIVE,op1,,1,const,,55
p2045,,,op2,op1,15,linear3,,37.5
p2045,,,op3,op2,20,linear7,,30
p2045,,,op4,op3,5,linear3,,45
p2045,,,op5,op4,80,squared,,10
p2045,,,op6,op5,1,const,,55
p2046,1770.944,INTERACTIVE,op1,,1,const,,55
p2046,,,op2,,80,squared,,10
p2046,,,op3,,80,squared,,10
p2046,,,op4,,1,const,,55
p2046,,,op5,,15,linear3,,37.5
p2046,,,op6,,20,linear7,,30
p2046,,,op7,,15,linear3,,37.5
p2046,,,op8,op1;op2;op3;op4;op5;op6;op7,80,squared,,10
p2047,1770.944,INTERACTIVE,op1,,1,const,,55
p2047,,,op2,op1,20,linear7,,30
p2047,,,op3,op1,5,linear3,,45
p2047,,,op4,op1,2,sqrt,,55
p2047,,,op5,op1,40,linear7,,20
p2047,,,op6,op1,2,sqrt,,55
p2047,,,op7,op1,5,linear3,,45
p2047,,,op8,op1,5,linear3,,45
p2048,1770.944,BATCH_PIPELINE,op1,,1,const,,55
p2048,,,op2,,40,linear7,,20
p2048,,,op3,,5,linear3,,45
p2048,,,op4,,80,squared,,10
p2048,,,op5,,15,linear3,,37.5
p2048,,,op6,,40,linear7,,20
p2048,,,op7,op1;op2;op3;op4;op5;op6,20,linear7,,30
p2049,1770.944,BATCH_PIPELINE,op1,,1,const,,55
p2049,,,op2,op1,40,linear7,,20
p2049,,,op3,op2,80,squared,,10
p2049,,,op4,op3,5,linear3,,45
p2049,,,op5,op4,20,linear7,,30
p2049,,,op6,op5,5,linear3,,45
p2049,,,op7,op6,20,linear7,,30
p2049,,,op8,op7,15,linear3,,37.5
p2049,,,op9,op8,1,const,,55
p2050,1770.944,BATCH_PIPELINE,op1,,1,const,,55
p2050,,,op2,op1,20,linear7,,30
p2050,,,op3,op1,15,linear3,,37.5
p2050,,,op4,op1,5,linear3,,45
p2050,,,op5,op1,20,linear7,,30
p2050,,,op6,op1,20,linear7,,30
p2050,,,op7,op1,15,linear3,,37.5
p2050,,,op8,op1,40,linear7,,20
p2050,,,op9,op1,15,linear3,,37.5
p2051,1776.2440000000001,QUERY,op1,,15,linear3,,35
p2052,1776.2440000000001,INTERACTIVE,op1,,1,const,,55
p2052,,,op2,op1,20,linear7,,30
p2052,,,op3,op2,15,linear3,,37.5
p2052,,,op4,op3,20,linear7,,30
p2052,,,op5,op4,1,const,,55
p2052,,,op6,op5,5,linear3,,45
p2052,,,op7,op6,1,const,,55
p2052,,,op8,op7,5,linear3,,45
p2052,,,op9,op8,80,squared,,10
p2053,1776.2440000000001,BATCH_PIPELINE,op1,,1,const,,55
p2053,,,op2,op1,2,sqrt,,55
p2053,,,op3,op2,15,linear3,,37.5
p2053,,,op4,op3,40,linear7,,20
p2053,,,op5,op4,15,linear3,,37.5
p2053,,,op6,op5,1,const,,55
p2053,,,op7,op6,15,linear3,,37.5
p2053,,,op8,op7,1,const,,55
p2053,,,op9,op8,20,linear7,,30
p2054,1776.2440000000001,BATCH_PIPELINE,op1,,1,const,,55
p2054,,,op2,op1,20,linear7,,30
p2054,,,op3,op2,15,linear3,,37.5
p2054,,,op4,op3,80,squared,,10
p2054,,,op5,op4,20,linear7,,30
p2055,1776.2440000000001,BATCH_PIPELINE,op1,,1,const,,55
p2055,,,op2,op1,40,linear7,,20
p2055,,,op3,op2,15,linear3,,37.5
p2055,,,op4,op3,15,linear3,,37.5
p2055,,,op5,op4,1,const,,55
p2055,,,op6,op5,15,linear3,,37.5
p2055,,,op7,op6,5,linear3,,45
p2055,,,op8,op7,1,const,,55
p2055,,,op9,op8,5,linear3,,45
p2056,1776.2440000000001,BATCH_PIPELINE,op1,,1,const,,55
p2056,,,op2,op1,5,linear3,,45
p2056,,,op3,op2,5,linear3,,45
p2056,,,op4,op3,15,linear3,,37.5
p2056,,,op5,op4,15,linear3,,37.5
p2056,,,op6,op5,5,linear3,,45
p2056,,,op7,op6,5,linear3,,45
p2057,1776.2440000000001,INTERACTIVE,op1,,1,const,,55
p2057,,,op2,op1,40,linear7,,20
p2057,,,op3,op2,40,linear7,,20
p2057,,,op4,op3,40,linear7,,20
p2057,,,op5,op4,40,linear7,,20
p2057,,,op6,op5,80,squared,,10
p2057,,,op7,op6,1,const,,55
p2057,,,op8,op7,20,linear7,,30
p2057,,,op9,op8,40,linear7,,20
p2058,1776.2440000000001,INTERACTIVE,op1,,1,const,,55
p2058,,,op2,op1,15,linear3,,37.5
p2058,,,op3,op2,80,squared,,10
p2058,,,op4,op3,1,const,,55
p2058,,,op5,op4,2,sqrt,,55
p2058,,,op6,op5,1,const,,55
p2059,1776.2440000000001,BATCH_PIPELINE,op1,,1,const,,55
p2059,,,op2,op1,15,linear3,,37.5
p2059,,,op3,op2,20,linear7,,30
p2059,,,op4,op3,5,linear3,,45
p2059,,,op5,op4,15,linear3,,37.5
p2059,,,op6,op5,15,linear3,,37.5
p2059,,,op7,op6,2,sqrt,,55
p2059,,,op8,op7,5,linear3,,45
p2059,,,op9,op8,20,linear7,,30
p2059,,,op10,op9,20,linear7,,30
p2059,,,op11,op10,40,linear7,,20
p2059,,,op12,op11,15,linear3,,37.5
p2060,1776.2440000000001,INTERACTIVE,op1,,1,const,,55
p2060,,,op2,op1,2,sqrt,,55
p2060,,,op3,op2,5,linear3,,45
p2060,,,op4,op3,1,const,,55
p2060,,,op5,op4,15,linear3,,37.5
p2060,,,op6,op5,40,linear7,,20
p2060,,,op7,op6,2,sqrt,,55
p2060,,,op8,op7,15,linear3,,37.5
p2060,,,op9,op8,2,sqrt,,55
p2061,1782.957,BATCH_PIPELINE,op1,,1,const,,55
p2061,,,op2,,15,linear3,,37.5
p2061,,,op3,,15,linear3,,37.5
p2061,,,op4,,20,linear7,,30
p2061,,,op5,op1;op2;op3;op4,80,squared,,10
p2062,1782.957,INTERACTIVE,op1,,1,const,,55
p2062,,,op2,,20,linear7,,30
p2062,,,op3,,20,linear7,,30
p2062,,,op4,,2,sqrt,,55
p2062,,,op5,,40,linear7,,20
p2062,,,op6,op1;op2;op3;op4;op5,20,linear7,,30
p2063,1782.957,BATCH_PIPELINE,op1,,1,const,,55
p2063,,,op2,op1,80,squared,,10
p2063,,,op3,op2,1,const,,55
p2063,,,op4,op3,2,sqrt,,55
p2063,,,op5,op4,2,sqrt,,55
p2063,,,op6,op5,5,linear3,,45
p2064,1782.957,BATCH_PIPELINE,op1,,1,const,,55
p2064,,,op2,op1,15,linear3,,37.5
p2064,,,op3,op1,15,linear3,,37.5
p2064,,,op4,op1,20,linear7,,30
p2064,,,op5,op1,1,const,,55
p2064,,,op6,op1,40,linear7,,20
p2064,,,op7,op1,2,sqrt,,55
p2064,,,op8,op1,5,linear3,,45
p2064,,,op9,op1,15,linear3,,37.5
p2065,1782.957,BATCH_PIPELINE,op1,,1,const,,55
p2065,,,op2,op1,5,linear3,,45
p2065,,,op3,op2,80,squared,,10
p2065,,,op4,op3,20,linear7,,30
p2065,,,op5,op4,15,linear3,,37.5
p2065,,,op6,op5,20,linear7,,30
p2065,,,op7,op6,2,sqrt,,55
p2065,,,op8,op7,80,squared,,10
p2066,1782.957,INTERACTIVE,op1,,1,const,,55
p2066,,,op2,op1,5,linear3,,45
p2066,,,op3,op2,5,linear3,,45
p2066,,,op4,op3,2,sqrt,,55
p2066,,,op5,op4,40,linear7,,20
p2066,,,op6,op5,1,const,,55
p2066,,,op7,op6,20,linear7,,30
p2066,,,op8,op7,20,linear7,,30
p2067,1782.957,INTERACTIVE,op1,,1,const,,55
p2067,,,op2,op1,1,const,,55
p2067,,,op3,op2,1,const,,55
p2067,,,op4,op3,20,linear7,,30
p2067,,,op5,op4,20,linear7,,30
p2067,,,op6,op5,15,linear3,,37.5
p2067,,,op7,op6,5,linear3,,45
p2067,,,op8,op7,5,linear3,,45
p2067,,,op9,op8,5,linear3,,45
p2068,1782.957,INTERACTIVE,op1,,1,const,,55
p2068,,,op2,op1,20,linear7,,30
p2068,,,op3,op1,20,linear7,,30
p2068,,,op4,op1,15,linear3,,37.5
p2068,,,op5,op1,80,squared,,10
p2068,,,op6,op1,1,const,,55
p2068,,,op7,op1,2,sqrt,,55
p2068,,,op8,op1,15,linear3,,37.5
p2069,1782.957,BATCH_PIPELINE,op1,,1,const,,55
p2069,,,op2,,15,linear3,,37.5
p2069,,,op3,,1,const,,55
p2069,,,op4,op1;op2;op3,5,linear3,,45
p2070,1782.957,BATCH_PIPELINE,op1,,1,const,,55
p2070,,,op2,op1,15,linear3,,37.5
p2070,,,op3,op2,80,squared,,10
p2070,,,op4,op3,15,linear3,,37.5
p2070,,,op5,op4,1,const,,55
p2070,,,op6,op5,15,linear3,,37.5
p2070,,,op7,op6,5,linear3,,45
p2071,1789.48,QUERY,op1,,15,linear3,,35
p2072,1789.48,BATCH_PIPELINE,op1,,1,const,,55
p2072,,,op2,op1,1,const,,55
p2072,,,op3,op2,2,sqrt,,55
p2072,,,op4,op3,5,linear3,,45
p2072,,,op5,op4,2,sqrt,,55
p2072,,,op6,op5,2,sqrt,,55
p2073,1789.48,BATCH_PIPELINE,op1,,1,const,,55
p2073,,,op2,op1,20,linear7,,30
p2073,,,op3,op2,2,sqrt,,55
p2073,,,op4,op3,1,const,,55
p2073,,,op5,op4,2,sqrt,,55
p2073,,,op6,op5,2,sqrt,,55
p2073,,,op7,op6,1,const,,55
p2073,,,op8,op7,2,sqrt,,55
p2074,1789.48,INTERACTIVE,op1,,1,const,,55
p2074,,,op2,op1,15,linear3,,37.5
p2074,,,op3,op2,40,linear7,,20
p2074,,,op4,op3,1,const,,55
p2074,,,op5,op4,2,sqrt,,55
p2074,,,op6,op5,40,linear7,,20
p2074,,,op7,op6,15,linear3,,37.5
p2074,,,op8,op7,2,sqrt,,55
p2074,,,op9,op8,20,linear7,,30
p2075,1789.48,BATCH_PIPELINE,op1,,1,const,,55
p2075,,,op2,op1,15,linear3,,37.5
p2075,,,op3,op1,15,linear3,,37.5
p2075,,,op4,op1,80,squared,,10
p2075,,,op5,op1,5,linear3,,45
p2075,,,op6,op1,5,linear3,,45
p2076,1789.48,BATCH_PIPELINE,op1,,1,const,,55
p2076,,,op2,op1,1,const,,55
p2076,,,op3,op2,2,sqrt,,55
p2076,,,op4,op3,1,const,,55
p2076,,,op5,op4,15,linear3,,37.5
p2076,,,op6,op5,2,sqrt,,55
p2076,,,op7,op6,80,squared,,10
p2076,,,op8,op7,1,const,,55
p2076,,,op9,op8,1,const,,55
p2077,1789.48,QUERY,op1,,15,linear3,,35
p2078,1789.48,BATCH_PIPELINE,op1,,1,const,,55
p2078,,,op2,op1,5,linear3,,45
p2079,1789.48,INTERACTIVE,op1,,1,const,,55
p2079,,,op2,op1,5,linear3,,45
p2079,,,op3,op1,2,sqrt,,55
p2079,,,op4,op1,20,linear7,,30
p2079,,,op5,op1,80,squared,,10
p2079,,,op6,op1,40,linear7,,20
p2079,,,op7,op1,5,linear3,,45
p2079,,,op8,op1,2,sqrt,,55
p2079,,,op9,op1,15,linear3,,37.5
p2079,,,op10,op1,40,linear7,,20
p2079,,,op11,op1,5,linear3,,45
p2080,1789.48,BATCH_PIPELINE,op1,,1,const,,55
p2080,,,op2,op1,1,const,,55
p2080,,,op3,op2,15,linear3,,37.5
p2080,,,op4,op3,20,linear7,,30
p2080,,,op5,op4,80,squared,,10
p2080,,,op6,op5,1,const,,55
p2080,,,op7,op6,20,linear7,,30
p2081,1800.656,QUERY,op1,,15,linear3,,35
p2082,1800.656,BATCH_PIPELINE,op1,,1,const,,55
p2082,,,op2,op1,15,linear3,,37.5
p2082,,,op3,op2,2,sqrt,,55
p2082,,,op4,op3,40,linear7,,20
p2082,,,op5,op4,5,linear3,,45
p2083,1800.656,INTERACTIVE,op1,,1,const,,55
p2083,,,op2,op1,15,linear3,,37.5
p2083,,,op3,op2,15,linear3,,37.5
p2083,,,op4,op3,40,linear7,,20
p2083,,,op5,op4,1,const,,55
p2083,,,op6,op5,5,linear3,,45
p2083,,,op7,op6,80,squared,,10
p2084,1800.656,BATCH_PIPELINE,op1,,1,const,,55
p2084,,,op2,op1,40,linear7,,20
p2084,,,op3,op2,20,linear7,,30
p2084,,,op4,op3,20,linear7,,30
p2084,,,op5,op4,1,const,,55
p2084,,,op6,op5,40,linear7,,20
p2084,,,op7,op6,1,const,,55
p2085,1800.656,INTERACTIVE,op1,,1,const,,55
p2085,,,op2,,15,linear3,,37.5
p2085,,,op3,,15,linear3,,37.5
p2085,,,op4,,80,squared,,10
p2085,,,op5,,15,linear3,,37.5
p2085,,,op6,,2,sqrt,,55
p2085,,,op7,,20,linear7,,30
p2085,,,op8,op1;op2;op3;op4;op5;op6;op7,2,sqrt,,55
p2086,1800.656,INTERACTIVE,op1,,1,const,,55
p2086,,,op2,op1,1,const,,55
p2086,,,op3,op2,1,const,,55
p2086,,,op4,op3,1,const,,55
p2086,,,op5,op4,80,squared,,10
p2086,,,op6,op5,1,const,,55
p2086,,,op7,op6,20,linear7,,30
p2086,,,op8,op7,2,sqrt,,55
p2087,1800.656,INTERACTIVE,op1,,1,const,,55
p2087,,,op2,op1,20,linear7,,30
p2087,,,op3,op1,15,linear3,,37.5
p2087,,,op4,op1,40,linear7,,20
p2087,,,op5,op1,2,sqrt,,55
p2087,,,op6,op1,40,linear7,,20
p2087,,,op7,op1,20,linear7,,30
p2088,1800.656,BATCH_PIPELINE,op1,,1,const,,55
p2088,,,op2,op1,2,sqrt,,55
p2088,,,op3,op2,2,sqrt,,55
p2088,,,op4,op3,2,sqrt,,55
p2088,,,op5,op4,15,linear3,,37.5
p2088,,,op6,op5,5,linear3,,45
p2088,,,op7,op6,15,linear3,,37.5
p2089,1800.656,INTERACTIVE,op1,,1,const,,55
p2089,,,op2,op1,5,linear3,,45
p2089,,,op3,op2,2,sqrt,,55
p2089,,,op4,op3,2,sqrt,,55
p2089,,,op5,op4,80,squared,,10
p2090,1800.656,BATCH_PIPELINE,op1,,1,const,,55
p2090,,,op2,op1,20,linear7,,30
p2090,,,op3,op2,20,linear7,,30
p2090,,,op4,op3,20,linear7,,30
p2090,,,op5,op4,20,linear7,,30
p2090,,,op6,op5,80,squared,,10
p2090,,,op7,op6,1,const,,55
p2090,,,op8,op7,5,linear3,,45
p2090,,,op9,op8,2,sqrt,,55
p2090,,,op10,op9,1,const,,55
p2090,,,op11,op10,2,sqrt,,55
p2090,,,op12,op11,80,squared,,10
p2091,1809.266,INTERACTIVE,op1,,1,const,,55
p2091,,,op2,op1,5,linear3,,45
p2091,,,op3,op2,80,squared,,10
p2091,,,op4,op3,80,squared,,10
p2091,,,op5,op4,15,linear3,,37.5
p2091,,,op6,op5,15,linear3,,37.5
p2091,,,op7,op6,15,linear3,,37.5
p2091,,,op8,op7,15,linear3,,37.5
p2091,,,op9,op8,15,linear3,,37.5
p2091,,,op10,op9,20,linear7,,30
p2091,,,op11,op10,5,linear3,,45
p2091,,,op12,op11,1,const,,55
p2092,1809.266,BATCH_PIPELINE,op1,,1,const,,55
p2092,,,op2,op1,5,linear3,,45
p2092,,,op3,op2,5,linear3,,45
p2092,,,op4,op3,40,linear7,,20
p2092,,,op5,op4,5,linear3,,45
p2092,,,op6,op5,40,linear7,,20
p2093,1809.266,BATCH_PIPELINE,op1,,1,const,,55
p2093,,,op2,op1,1,const,,55
p2093,,,op3,op2,15,linear3,,37.5
p2093,,,op4,op3,20,linear7,,30
p2093,,,op5,op4,20,linear7,,30
p2093,,,op6,op5,1,const,,55
p2093,,,op7,op6,1,const,,55
p2094,1809.266,BATCH_PIPELINE,op1,,1,const,,55
p2094,,,op2,op1,2,sqrt,,55
p2094,,,op3,op2,1,const,,55
p2094,,,op4,op3,2,sqrt,,55
p2094,,,op5,op4,2,sqrt,,55
p2094,,,op6,op5,20,linear7,,30
p2094,,,op7,op6,40,linear7,,20
p2094,,,op8,op7,1,const,,55
p2094,,,op9,op8,20,linear7,,30
p2094,,,op10,op9,20,linear7,,30
p2095,1809.266,INTERACTIVE,op1,,1,const,,55
p2095,,,op2,op1,15,linear3,,37.5
p2095,,,op3,op1,1,const,,55
p2095,,,op4,op1,15,linear3,,37.5
p2095,,,op5,op1,20,linear7,,30
p2095,,,op6,op1,80,squared,,10
p2095,,,op7,op1,2,sqrt,,55
p2096,1809.266,BATCH_PIPELINE,op1,,1,const,,55
p2096,,,op2,op1,15,linear3,,37.5
p2096,,,op3,op2,20,linear7,,30
p2096,,,op4,op3,1,const,,55
p2096,,,op5,op4,15,linear3,,37.5
p2096,,,op6,op5,2,sqrt,,55
p2096,,,op7,op6,5,linear3,,45
p2097,1809.266,QUERY,op1,,15,linear3,,35
p2098,1809.266,BATCH_PIPELINE,op1,,1,const,,55
p2098,,,op2,op1,15,linear3,,37.5
p2098,,,op3,op2,40,linear7,,20
p2098,,,op4,op3,15,linear3,,37.5
p2098,,,op5,op4,5,linear3,,45
p2098,,,op6,op5,40,linear7,,20
p2098,,,op7,op6,15,linear3,,37.5
p2099,1809.266,BATCH_PIPELINE,op1,,1,const,,55
p2099,,,op2,op1,5,linear3,,45
p2099,,,op3,op2,1,const,,55
p2099,,,op4,op3,2,sqrt,,55
p2099,,,op5,op4,40,linear7,,20
p2099,,,op6,op5,5,linear3,,45
p2099,,,op7,op6,80,squared,,10
p2099,,,op8,op7,1,const,,55
p2099,,,op9,op8,1,const,,55
p2100,1809.266,BATCH_PIPELINE,op1,,1,const,,55
p2100,,,op2,op1,5,linear3,,45
p2100,,,op3,op2,5,linear3,,45
p2100,,,op4,op3,5,linear3,,45
p2100,,,op5,op4,15,linear3,,37.5
p2100,,,op6,op5,20,linear7,,30
p2100,,,op7,op6,80,squared,,10
p2101,1817.8110000000001,BATCH_PIPELINE,op1,,1,const,,55
p2101,,,op2,op1,20,linear7,,30
p2101,,,op3,op2,1,const,,55
p2101,,,op4,op3,1,const,,55
p2101,,,op5,op4,2,sqrt,,55
p2101,,,op6,op5,15,linear3,,37.5
p2102,1817.8110000000001,BATCH_PIPELINE,op1,,1,const,,55
p2102,,,op2,op1,40,linear7,,20
p2102,,,op3,op2,20,linear7,,30
p2102,,,op4,op3,15,linear3,,37.5
p2102,,,op5,op4,40,linear7,,20
p2102,,,op6,op5,1,const,,55
p2102,,,op7,op6,5,linear3,,45
p2102,,,op8,op7,15,linear3,,37.5
p2102,,,op9,op8,20,linear7,,30
p2103,1817.8110000000001,BATCH_PIPELINE,op1,,1,const,,55
p2103,,,op2,op1,15,linear3,,37.5
p2103,,,op3,op2,40,linear7,,20
p2103,,,op4,op3,20,linear7,,30
p2103,,,op5,op4,5,linear3,,45
p2103,,,op6,op5,20,linear7,,30
p2103,,,op7,op6,5,linear3,,45
p2104,1817.8110000000001,INTERACTIVE,op1,,1,const,,55
p2104,,,op2,op1,15,linear3,,37.5
p2104,,,op3,op2,20,linear7,,30
p2104,,,op4,op3,20,linear7,,30
p2104,,,op5,op4,40,linear7,,20
p2104,,,op6,op5,80,squared,,10
p2104,,,op7,op6,20,linear7,,30
p2104,,,op8,op7,5,linear3,,45
p2104,,,op9,op8,20,linear7,,30
p2105,1817.8110000000001,BATCH_PIPELINE,op1,,1,const,,55
p2105,,,op2,op1,1,const,,55
p2105,,,op3,op2,80,squared,,10
p2105,,,op4,op3,80,squared,,10
p2105,,,op5,op4,20,linear7,,30
p2105,,,op6,op5,20,linear7,,30
p2105,,,op7,op6,5,linear3,,45
p2105,,,op8,op7,15,linear3,,37.5
p2105,,,op9,op8,20,linear7,,30
p2106,1817.8110000000001,INTERACTIVE,op1,,1,const,,55
p2106,,,op2,op1,20,linear7,,30
p2106,,,op3,op2,20,linear7,,30
p2106,,,op4,op3,1,const,,55
p2106,,,op5,op4,20,linear7,,30
p2106,,,op6,op5,80,squared,,10
p2106,,,op7,op6,5,linear3,,45
p2106,,,op8,op7,40,linear7,,20
p2106,,,op9,op8,2,sqrt,,55
p2107,1817.8110000000001,BATCH_PIPELINE,op1,,1,const,,55
p2107,,,op2,,80,squared,,10
p2107,,,op3,,5,linear3,,45
p2107,,,op4,,40,linear7,,20
p2107,,,op5,,80,squared,,10
p2107,,,op6,op1;op2;op3;op4;op5,5,linear3,,45
p2108,1817.8110000000001,INTERACTIVE,op1,,1,const,,55
p2108,,,op2,op1,15,linear3,,37.5
p2108,,,op3,op2,80,squared,,10
p2108,,,op4,op3,2,sqrt,,55
p2108,,,op5,op4,20,linear7,,30
p2108,,,op6,op5,20,linear7,,30
p2108,,,op7,op6,5,linear3,,45
p2108,,,op8,op7,15,linear3,,37.5
p2108,,,op9,op8,80,squared,,10
p2109,1817.8110000000001,BATCH_PIPELINE,op1,,1,const,,55
p2109,,,op2,op1,5,linear3,,45
p2109,,,op3,op2,1,const,,55
p2109,,,op4,op3,80,squared,,10
p2109,,,op5,op4,15,linear3,,37.5
p2109,,,op6,op5,20,linear7,,30
p2109,,,op7,op6,2,sqrt,,55
p2109,,,op8,op7,15,linear3,,37.5
p2109,,,op9,op8,1,const,,55
p2110,1817.8110000000001,QUERY,op1,,15,linear3,,35
p2111,1825.354,INTERACTIVE,op1,,1,const,,55
p2111,,,op2,op1,1,const,,55
p2111,,,op3,op2,20,linear7,,30
p2111,,,op4,op3,15,linear3,,37.5
p2111,,,op5,op4,1,const,,55
p2111,,,op6,op5,20,linear7,,30
p2111,,,op7,op6,2,sqrt,,55
p2112,1825.354,BATCH_PIPELINE,op1,,1,const,,55
p2112,,,op2,op1,5,linear3,,45
p2112,,,op3,op2,80,squared,,10
p2112,,,op4,op3,2,sqrt,,55
p2112,,,op5,op4,15,linear3,,37.5
p2112,,,op6,op5,20,linear7,,30
p2112,,,op7,op6,2,sqrt,,55
p2113,1825.354,BATCH_PIPELINE,op1,,1,const,,55
p2113,,,op2,op1,5,linear3,,45
p2113,,,op3,op2,5,linear3,,45
p2113,,,op4,op3,20,linear7,,30
p2113,,,op5,op4,2,sqrt,,55
p2113,,,op6,op5,5,linear3,,45
p2114,1825.354,BATCH_PIPELINE,op1,,1,const,,55
p2114,,,op2,,20,linear7,,30
p2114,,,op3,,1,const,,55
p2114,,,op4,,5,linear3,,45
p2114,,,op5,,1,const,,55
p2114,,,op6,,5,linear3,,45
p2114,,,op7,,40,linear7,,20
p2114,,,op8,op1;op2;op3;op4;op5;op6;op7,5,linear3,,45
p2115,1825.354,INTERACTIVE,op1,,1,const,,55
p2115,,,op2,,1,const,,55
p2115,,,op3,,20,linear7,,30
p2115,,,op4,,1,const,,55
p2115,,,op5,,15,linear3,,37.5
p2115,,,op6,op1;op2;op3;op4;op5,15,linear3,,37.5
p2116,1825.354,BATCH_PIPELINE,op1,,1,const,,55
p2116,,,op2,,20,linear7,,30
p2116,,,op3,,2,sqrt,,55
p2116,,,op4,,5,linear3,,45
p2116,,,op5,,2,sqrt,,55
p2116,,,op6,,20,linear7,,30
p2116,,,op7,,20,linear7,,30
p2116,,,op8,op1;op2;op3;op4;op5;op6;op7,1,const,,55
p2117,1825.354,INTERACTIVE,op1,,1,const,,55
p2117,,,op2,op1,5,linear3,,45
p2117,,,op3,op1,5,linear3,,45
p2117,,,op4,op1,20,linear7,,30
p2118,1825.354,BATCH_PIPELINE,op1,,1,const,,55
p2118,,,op2,op1,5,linear3,,45
p2118,,,op3,op2,1,const,,55
p2118,,,op4,op3,5,linear3,,45
p2118,,,op5,op4,40,linear7,,20
p2118,,,op6,op5,1,const,,55
p2119,1825.354,BATCH_PIPELINE,op1,,1,const,,55
p2119,,,op2,op1,2,sqrt,,55
p2119,,,op3,op2,5,linear3,,45
p2119,,,op4,op3,1,const,,55
p2119,,,op5,op4,15,linear3,,37.5
p2119,,,op6,op5,15,linear3,,37.5
p2120,1825.354,BATCH_PIPELINE,op1,,1,const,,55
p2120,,,op2,op1,20,linear7,,30
p2120,,,op3,op2,5,linear3,,45
p2120,,,op4,op3,15,linear3,,37.5
p2120,,,op5,op4,5,linear3,,45
p2120,,,op6,op5,40,linear7,,20
p2120,,,op7,op6,15,linear3,,37.5
p2120,,,op8,op7,15,linear3,,37.5
p2120,,,op9,op8,5,linear3,,45
p2121,1833.194,BATCH_PIPELINE,op1,,1,const,,55
p2121,,,op2,op1,15,linear3,,37.5
p2121,,,op3,op2,15,linear3,,37.5
p2121,,,op4,op3,15,linear3,,37.5
p2121,,,op5,op4,1,const,,55
p2121,,,op6,op5,2,sqrt,,55
p2121,,,op7,op6,1,const,,55
p2121,,,op8,op7,15,linear3,,37.5
p2121,,,op9,op8,2,sqrt,,55
p2122,1833.194,INTERACTIVE,op1,,1,const,,55
p2122,,,op2,op1,1,const,,55
p2122,,,op3,op2,20,linear7,,30
p2122,,,op4,op3,15,linear3,,37.5
p2122,,,op5,op4,15,linear3,,37.5
p2123,1833.194,BATCH_PIPELINE,op1,,1,const,,55
p2123,,,op2,op1,2,sqrt,,55
p2123,,,op3,op2,15,linear3,,37.5
p2124,1833.194,BATCH_PIPELINE,op1,,1,const,,55
p2124,,,op2,op1,2,sqrt,,55
p2124,,,op3,op2,2,sqrt,,55
p2124,,,op4,op3,40,linear7,,20
p2124,,,op5,op4,15,linear3,,37.5
p2124,,,op6,op5,5,linear3,,45
p2124,,,op7,op6,80,squared,,10
p2124,,,op8,op7,20,linear7,,30
p2125,1833.194,QUERY,op1,,15,linear3,,35
p2126,1833.194,BATCH_PIPELINE,op1,,1,const,,55
p2126,,,op2,op1,15,linear3,,37.5
p2126,,,op3,op1,20,linear7,,30
p2126,,,op4,op1,20,linear7,,30
p2126,,,op5,op1,20,linear7,,30
p2126,,,op6,op1,20,linear7,,30
p2126,,,op7,op1,15,linear3,,37.5
p2126,,,op8,op1,20,linear7,,30
p2126,,,op9,op1,2,sqrt,,55
p2126,,,op10,op1,80,squared,,10
p2127,1833.194,BATCH_PIPELINE,op1,,1,const,,55
p2127,,,op2,op1,5,linear3,,45
p2127,,,op3,op2,2,sqrt,,55
p2127,,,op4,op3,15,linear3,,37.5
p2127,,,op5,op4,15,linear3,,37.5
p2127,,,op6,op5,2,sqrt,,55
p2127,,,op7,op6,5,linear3,,45
p2127,,,op8,op7,40,linear7,,20
p2128,1833.194,BATCH_PIPELINE,op1,,1,const,,55
p2128,,,op2,op1,15,linear3,,37.5
p2128,,,op3,op2,15,linear3,,37.5
p2128,,,op4,op3,40,linear7,,20
p2128,,,op5,op4,2,sqrt,,55
p2128,,,op6,op5,2,sqrt,,55
p2129,1833.194,BATCH_PIPELINE,op1,,1,const,,55
p2129,,,op2,op1,1,const,,55
p2129,,,op3,op2,1,const,,55
p2129,,,op4,op3,1,const,,55
p2129,,,op5,op4,40,linear7,,20
p2129,,,op6,op5,2,sqrt,,55
p2129,,,op7,op6,5,linear3,,45
p2130,1833.194,QUERY,op1,,15,linear3,,35
p2131,1841.604,BATCH_PIPELINE,op1,,1,const,,55
p2131,,,op2,op1,1,const,,55
p2131,,,op3,op2,5,linear3,,45
p2131,,,op4,op3,15,linear3,,37.5
p2131,,,op5,op4,2,sqrt,,55
p2131,,,op6,op5,20,linear7,,30
p2131,,,op7,op6,20,linear7,,30
p2131,,,op8,op7,2,sqrt,,55
p2132,1841.604,INTERACTIVE,op1,,1,const,,55
p2132,,,op2,op1,80,squared,,10
p2132,,,op3,op2,1,const,,55
p2132,,,op4,op3,20,linear7,,30
p2132,,,op5,op4,40,linear7,,20
p2132,,,op6,op5,2,sqrt,,55
p2132,,,op7,op6,2,sqrt,,55
p2133,1841.604,BATCH_PIPELINE,op1,,1,const,,55
p2133,,,op2,op1,5,linear3,,45
p2133,,,op3,op2,20,linear7,,30
p2133,,,op4,op3,1,const,,55
p2133,,,op5,op4,2,sqrt,,55
p2133,,,op6,op5,20,linear7,,30
p2133,,,op7,op6,20,linear7,,30
p2134,1841.604,INTERACTIVE,op1,,1,const,,55
p2134,,,op2,op1,5,linear3,,45
p2134,,,op3,op2,1,const,,55
p2134,,,op4,op3,20,linear7,,30
p2134,,,op5,op4,80,squared,,10
p2134,,,op6,op5,2,sqrt,,55
p2134,,,op7,op6,15,linear3,,37.5
p2134,,,op8,op7,40,linear7,,20
p2134,,,op9,op8,15,linear3,,37.5
p2135,1841.604,BATCH_PIPELINE,op1,,1,const,,55
p2135,,,op2,op1,1,const,,55
p2135,,,op3,op2,1,const,,55
p2135,,,op4,op3,40,linear7,,20
p2135,,,op5,op4,2,sqrt,,55
p2135,,,op6,op5,15,linear3,,37.5
p2135,,,op7,op6,20,linear7,,30
p2135,,,op8,op7,15,linear3,,37.5
p2136,1841.604,BATCH_PIPELINE,op1,,1,const,,55
p2136,,,op2,op1,2,sqrt,,55
p2136,,,op3,op2,2,sqrt,,55
p2136,,,op4,op3,5,linear3,,45
p2136,,,op5,op4,5,linear3,,45
p2136,,,op6,op5,15,linear3,,37.5
p2136,,,op7,op6,40,linear7,,20
p2136,,,op8,op7,15,linear3,,37.5
p2137,1841.604,BATCH_PIPELINE,op1,,1,const,,55
p2137,,,op2,op1,1,const,,55
p2137,,,op3,op2,2,sqrt,,55
p2138,1841.604,INTERACTIVE,op1,,1,const,,55
p2138,,,op2,,15,linear3,,37.5
p2138,,,op3,,80,squared,,10
p2138,,,op4,,20,linear7,,30
p2138,,,op5,,40,linear7,,20
p2138,,,op6,,5,linear3,,45
p2138,,,op7,,1,const,,55
p2138,,,op8,op1;op2;op3;op4;op5;op6;op7,5,linear3,,45
p2139,1841.604,BATCH_PIPELINE,op1,,1,const,,55
p2139,,,op2,,15,linear3,,37.5
p2139,,,op3,,1,const,,55
p2139,,,op4,,1,const,,55
p2139,,,op5,,1,const,,55
p2139,,,op6,op1;op2;op3;op4;op5,5,linear3,,45
p2140,1841.604,QUERY,op1,,15,linear3,,35
p2141,1850.0910000000001,BATCH_PIPELINE,op1,,1,const,,55
p2141,,,op2,op1,1,const,,55
p2141,,,op3,op2,2,sqrt,,55
p2141,,,op4,op3,20,linear7,,30
p2141,,,op5,op4,20,linear7,,30
p2141,,,op6,op5,15,linear3,,37.5
p2141,,,op7,op6,40,linear7,,20
p2141,,,op8,op7,80,squared,,10
p2141,,,op9,op8,5,linear3,,45
p2142,1850.0910000000001,BATCH_PIPELINE,op1,,1,const,,55
p2142,,,op2,,20,linear7,,30
p2142,,,op3,,1,const,,55
p2142,,,op4,,2,sqrt,,55
p2142,,,op5,,1,const,,55
p2142,,,op6,,1,const,,55
p2142,,,op7,op1;op2;op3;op4;op5;op6,20,linear7,,30
p2143,1850.0910000000001,BATCH_PIPELINE,op1,,1,const,,55
p2143,,,op2,op1,40,linear7,,20
p2143,,,op3,op1,15,linear3,,37.5
p2143,,,op4,op1,5,linear3,,45
p2143,,,op5,op1,5,linear3,,45
p2143,,,op6,op1,20,linear7,,30
p2143,,,op7,op1,20,linear7,,30
p2144,1850.0910000000001,INTERACTIVE,op1,,1,const,,55
p2144,,,op2,op1,1,const,,55
p2144,,,op3,op2,20,linear7,,30
p2144,,,op4,op3,1,const,,55
p2144,,,op5,op4,20,linear7,,30
p2144,,,op6,op5,20,linear7,,30
p2144,,,op7,op6,1,const,,55
p2144,,,op8,op7,2,sqrt,,55
p2145,1850.0910000000001,BATCH_PIPELINE,op1,,1,const,,55
p2145,,,op2,op1,5,linear3,,45
p2145,,,op3,op2,1,const,,55
p2145,,,op4,op3,20,linear7,,30
p2145,,,op5,op4,2,sqrt,,55
p2145,,,op6,op5,1,const,,55
p2145,,,op7,op6,20,linear7,,30
p2145,,,op8,op7,2,sqrt,,55
p2145,,,op9,op8,15,linear3,,37.5
p2146,1850.0910000000001,QUERY,op1,,15,linear3,,35
p2147,1850.0910000000001,BATCH_PIPELINE,op1,,1,const,,55
p2147,,,op2,op1,15,linear3,,37.5
p2147,,,op3,op2,5,linear3,,45
p2147,,,op4,op3,40,linear7,,20
p2147,,,op5,op4,15,linear3,,37.5
p2147,,,op6,op5,20,linear7,,30
p2147,,,op7,op6,2,sqrt,,55
p2147,,,op8,op7,2,sqrt,,55
p2148,1850.0910000000001,INTERACTIVE,op1,,1,const,,55
p2148,,,op2,op1,5,linear3,,45
p2148,,,op3,op1,1,const,,55
p2148,,,op4,op1,2,sqrt,,55
p2148,,,op5,op1,20,linear7,,30
p2148,,,op6,op1,5,linear3,,45
p2148,,,op7,op1,5,linear3,,45
p2149,1850.0910000000001,QUERY,op1,,15,linear3,,35
p2150,1850.0910000000001,INTERACTIVE,op1,,1,const,,55
p2150,,,op2,,15,linear3,,37.5
p2150,,,op3,op1;op2,5,linear3,,45
p2151,1855.5810000000001,BATCH_PIPELINE,op1,,1,const,,55
p2151,,,op2,op1,15,linear3,,37.5
p2151,,,op3,op2,1,const,,55
p2151,,,op4,op3,15,linear3,,37.5
p2151,,,op5,op4,20,linear7,,30
p2151,,,op6,op5,40,linear7,,20
p2151,,,op7,op6,20,linear7,,30
p2151,,,op8,op7,20,linear7,,30
p2152,1855.5810000000001,BATCH_PIPELINE,op1,,1,const,,55
p2152,,,op2,op1,40,linear7,,20
p2152,,,op3,op2,40,linear7,,20
p2152,,,op4,op3,2,sqrt,,55
p2152,,,op5,op4,5,linear3,,45
p2152,,,op6,op5,15,linear3,,37.5
p2152,,,op7,op6,20,linear7,,30
p2153,1855.5810000000001,INTERACTIVE,op1,,1,const,,55
p2153,,,op2,op1,1,const,,55
p2153,,,op3,op2,15,linear3,,37.5
p2154,1855.5810000000001,INTERACTIVE,op1,,1,const,,55
p2154,,,op2,op1,15,linear3,,37.5
p2154,,,op3,op2,20,linear7,,30
p2154,,,op4,op3,1,const,,55
p2154,,,op5,op4,20,linear7,,30
p2154,,,op6,op5,15,linear3,,37.5
p2154,,,op7,op6,2,sqrt,,55
p2154,,,op8,op7,15,linear3,,37.5
p2154,,,op9,op8,5,linear3,,45
p2154,,,op10,op9,20,linear7,,30
p2155,1855.5810000000001,QUERY,op1,,15,linear3,,35
p2156,1855.5810000000001,BATCH_PIPELINE,op1,,1,const,,55
p2156,,,op2,op1,15,linear3,,37.5
p2156,,,op3,op2,2,sqrt,,55
p2156,,,op4,op3,20,linear7,,30
p2156,,,op5,op4,20,linear7,,30
p2156,,,op6,op5,2,sqrt,,55
p2157,1855.5810000000001,BATCH_PIPELINE,op1,,1,const,,55
p2157,,,op2,op1,2,sqrt,,55
p2157,,,op3,op2,5,linear3,,45
p2157,,,op4,op3,20,linear7,,30
p2157,,,op5,op4,15,linear3,,37.5
p2157,,,op6,op5,20,linear7,,30
p2158,1855.5810000000001,BATCH_PIPELINE,op1,,1,const,,55
p2158,,,op2,op1,1,const,,55
p2158,,,op3,op2,5,linear3,,45
p2158,,,op4,op3,1,const,,55
p2158,,,op5,op4,5,linear3,,45
p2158,,,op6,op5,5,linear3,,45
p2158,,,op7,op6,20,linear7,,30
p2159,1855.5810000000001,BATCH_PIPELINE,op1,,1,const,,55
p2159,,,op2,op1,5,linear3,,45
p2159,,,op3,op2,20,linear7,,30
p2159,,,op4,op3,80,squared,,10
p2159,,,op5,op4,20,linear7,,30
p2160,1855.5810000000001,INTERACTIVE,op1,,1,const,,55
p2160,,,op2,op1,2,sqrt,,55
p2160,,,op3,op2,15,linear3,,37.5
p2160,,,op4,op3,1,const,,55
p2160,,,op5,op4,20,linear7,,30
p2160,,,op6,op5,5,linear3,,45
p2160,,,op7,op6,5,linear3,,45
p2161,1867.8790000000001,BATCH_PIPELINE,op1,,1,const,,55
p2161,,,op2,op1,15,linear3,,37.5
p2161,,,op3,op2,1,const,,55
p2161,,,op4,op3,40,linear7,,20
p2161,,,op5,op4,5,linear3,,45
p2161,,,op6,op5,2,sqrt,,55
p2161,,,op7,op6,5,linear3,,45
p2161,,,op8,op7,5,linear3,,45
p2162,1867.8790000000001,BATCH_PIPELINE,op1,,1,const,,55
p2162,,,op2,op1,20,linear7,,30
p2162,,,op3,op2,20,linear7,,30
p2162,,,op4,op3,80,squared,,10
p2162,,,op5,op4,5,linear3,,45
p2162,,,op6,op5,2,sqrt,,55
p2162,,,op7,op6,1,const,,55
p2162,,,op8,op7,80,squared,,10
p2163,1867.8790000000001,INTERACTIVE,op1,,1,const,,55
p2163,,,op2,op1,40,linear7,,20
p2163,,,op3,op2,1,const,,55
p2163,,,op4,op3,2,sqrt,,55
p2163,,,op5,op4,5,linear3,,45
p2163,,,op6,op5,1,const,,55
p2164,1867.8790000000001,BATCH_PIPELINE,op1,,1,const,,55
p2164,,,op2,op1,15,linear3,,37.5
p2164,,,op3,op2,40,linear7,,20
p2164,,,op4,op3,15,linear3,,37.5
p2164,,,op5,op4,5,linear3,,45
p2164,,,op6,op5,2,sqrt,,55
p2164,,,op7,op6,20,linear7,,30
p2164,,,op8,op7,1,const,,55
p2164,,,op9,op8,15,linear3,,37.5
p2165,1867.8790000000001,INTERACTIVE,op1,,1,const,,55
p2165,,,op2,op1,15,linear3,,37.5
p2165,,,op3,op2,2,sqrt,,55
p2165,,,op4,op3,5,linear3,,45
p2165,,,op5,op4,1,const,,55
p2165,,,op6,op5,15,linear3,,37.5
p2165,,,op7,op6,5,linear3,,45
p2165,,,op8,op7,2,sqrt,,55
p2165,,,op9,op8,2,sqrt,,55
p2165,,,op10,op9,20,linear7,,30
p2166,1867.8790000000001,INTERACTIVE,op1,,1,const,,55
p2166,,,op2,op1,5,linear3,,45
p2166,,,op3,op2,20,linear7,,30
p2166,,,op4,op3,5,linear3,,45
p2166,,,op5,op4,5,linear3,,45
p2167,1867.8790000000001,BATCH_PIPELINE,op1,,1,const,,55
p2167,,,op2,op1,40,linear7,,20
p2167,,,op3,op2,2,sqrt,,55
p2167,,,op4,op3,2,sqrt,,55
p2167,,,op5,op4,20,linear7,,30
p2167,,,op6,op5,40,linear7,,20
p2167,,,op7,op6,40,linear7,,20
p2167,,,op8,op7,15,linear3,,37.5
p2167,,,op9,op8,20,linear7,,30
p2167,,,op10,op9,20,linear7,,30
p2168,1867.8790000000001,BATCH_PIPELINE,op1,,1,const,,55
p2168,,,op2,op1,2,sqrt,,55
p2168,,,op3,op2,2,sqrt,,55
p2168,,,op4,op3,2,sqrt,,55
p2168,,,op5,op4,1,const,,55
p2168,,,op6,op5,15,linear3,,37.5
p2168,,,op7,op6,5,linear3,,45
p2168,,,op8,op7,20,linear7,,30
p2169,1867.8790000000001,BATCH_PIPELINE,op1,,1,const,,55
p2169,,,op2,op1,2,sqrt,,55
p2169,,,op3,op2,1,const,,55
p2169,,,op4,op3,20,linear7,,30
p2169,,,op5,op4,40,linear7,,20
p2169,,,op6,op5,80,squared,,10
p2169,,,op7,op6,15,linear3,,37.5
p2169,,,op8,op7,1,const,,55
p2169,,,op9,op8,15,linear3,,37.5
p2169,,,op10,op9,20,linear7,,30
p2170,1867.8790000000001,BATCH_PIPELINE,op1,,1,const,,55
p2170,,,op2,op1,2,sqrt,,55
p2170,,,op3,op2,1,const,,55
p2170,,,op4,op3,20,linear7,,30
p2170,,,op5,op4,2,sqrt,,55
p2170,,,op6,op5,40,linear7,,20
p2170,,,op7,op6,1,const,,55
p2170,,,op8,op7,20,linear7,,30
p2170,,,op9,op8,15,linear3,,37.5
p2170,,,op10,op9,5,linear3,,45
p2171,1874.798,BATCH_PIPELINE,op1,,1,const,,55
p2171,,,op2,op1,40,linear7,,20
p2171,,,op3,op2,2,sqrt,,55
p2171,,,op4,op3,15,linear3,,37.5
p2171,,,op5,op4,1,const,,55
p2171,,,op6,op5,15,linear3,,37.5
p2172,1874.798,INTERACTIVE,op1,,1,const,,55
p2172,,,op2,op1,1,const,,55
p2172,,,op3,op2,2,sqrt,,55
p2172,,,op4,op3,2,sqrt,,55
p2172,,,op5,op4,2,sqrt,,55
p2172,,,op6,op5,5,linear3,,45
p2172,,,op7,op6,2,sqrt,,55
p2172,,,op8,op7,2,sqrt,,55
p2172,,,op9,op8,1,const,,55
p2172,,,op10,op9,20,linear7,,30
p2172,,,op11,op10,40,linear7,,20
p2172,,,op12,op11,5,linear3,,45
p2173,1874.798,INTERACTIVE,op1,,1,const,,55
p2173,,,op2,op1,15,linear3,,37.5
p2173,,,op3,op2,5,linear3,,45
p2173,,,op4,op3,15,linear3,,37.5
p2173,,,op5,op4,15,linear3,,37.5
p2174,1874.798,BATCH_PIPELINE,op1,,1,const,,55
p2174,,,op2,op1,80,squared,,10
p2174,,,op3,op2,15,linear3,,37.5
p2174,,,op4,op3,80,squared,,10
p2174,,,op5,op4,40,linear7,,20
p2174,,,op6,op5,15,linear3,,37.5
p2174,,,op7,op6,2,sqrt,,55
p2174,,,op8,op7,2,sqrt,,55
p2174,,,op9,op8,20,linear7,,30
p2174,,,op10,op9,15,linear3,,37.5
p2175,1874.798,BATCH_PIPELINE,op1,,1,const,,55
p2175,,,op2,op1,20,linear7,,30
p2175,,,op3,op1,2,sqrt,,55
p2175,,,op4,op1,20,linear7,,30
p2175,,,op5,op1,20,linear7,,30
p2175,,,op6,op1,40,linear7,,20
p2175,,,op7,op1,20,linear7,,30
p2175,,,op8,op1,5,linear3,,45
p2175,,,op9,op1,5,linear3,,45
p2176,1874.798,BATCH_PIPELINE,op1,,1,const,,55
p2176,,,op2,op1,5,linear3,,45
p2176,,,op3,op2,1,const,,55
p2176,,,op4,op3,1,const,,55
p2176,,,op5,op4,15,linear3,,37.5
p2176,,,op6,op5,20,linear7,,30
p2176,,,op7,op6,15,linear3,,37.5
p2177,1874.798,INTERACTIVE,op1,,1,const,,55
p2177,,,op2,op1,15,linear3,,37.5
p2177,,,op3,op2,2,sqrt,,55
p2177,,,op4,op3,20,linear7,,30
p2177,,,op5,op4,15,linear3,,37.5
p2178,1874.798,BATCH_PIPELINE,op1,,1,const,,55
p2178,,,op2,op1,2,sqrt,,55
p2178,,,op3,op2,5,linear3,,45
p2178,,,op4,op3,40,linear7,,20
p2178,,,op5,op4,40,linear7,,20
p2178,,,op6,op5,15,linear3,,37.5
p2178,,,op7,op6,15,linear3,,37.5
p2178,,,op8,op7,1,const,,55
p2179,1874.798,BATCH_PIPELINE,op1,,1,const,,55
p2179,,,op2,op1,1,const,,55
p2179,,,op3,op2,15,linear3,,37.5
p2179,,,op4,op3,5,linear3,,45
p2179,,,op5,op4,20,linear7,,30
p2179,,,op6,op5,5,linear3,,45
p2179,,,op7,op6,5,linear3,,45
p2179,,,op8,op7,20,linear7,,30
p2179,,,op9,op8,2,sqrt,,55
p2179,,,op10,op9,2,sqrt,,55
p2180,1874.798,BATCH_PIPELINE,op1,,1,const,,55
p2180,,,op2,op1,40,linear7,,20
p2180,,,op3,op1,15,linear3,,37.5
p2180,,,op4,op1,40,linear7,,20
p2180,,,op5,op1,1,const,,55
p2180,,,op6,op1,80,squared,,10
p2180,,,op7,op1,80,squared,,10
p2180,,,op8,op1,15,linear3,,37.5
p2180,,,op9,op1,20,linear7,,30
p2180,,,op10,op1,5,linear3,,45
p2181,1883.327,BATCH_PIPELINE,op1,,1,const,,55
p2181,,,op2,,15,linear3,,37.5
p2181,,,op3,,80,squared,,10
p2181,,,op4,,15,linear3,,37.5
p2181,,,op5,,1,const,,55
p2181,,,op6,,80,squared,,10
p2181,,,op7,op1;op2;op3;op4;op5;op6,1,const,,55
p2182,1883.327,BATCH_PIPELINE,op1,,1,const,,55
p2182,,,op2,op1,1,const,,55
p2182,,,op3,op2,2,sqrt,,55
p2182,,,op4,op3,1,const,,55
p2182,,,op5,op4,20,linear7,,30
p2182,,,op6,op5,40,linear7,,20
p2182,,,op7,op6,1,const,,55
p2182,,,op8,op7,20,linear7,,30
p2183,1883.327,BATCH_PIPELINE,op1,,1,const,,55
p2183,,,op2,op1,1,const,,55
p2183,,,op3,op2,2,sqrt,,55
p2183,,,op4,op3,80,squared,,10
p2183,,,op5,op4,5,linear3,,45
p2183,,,op6,op5,1,const,,55
p2184,1883.327,BATCH_PIPELINE,op1,,1,const,,55
p2184,,,op2,op1,2,sqrt,,55
p2184,,,op3,op2,2,sqrt,,55
p2184,,,op4,op3,15,linear3,,37.5
p2184,,,op5,op4,80,squared,,10
p2185,1883.327,BATCH_PIPELINE,op1,,1,const,,55
p2185,,,op2,,20,linear7,,30
p2185,,,op3,,40,linear7,,20
p2185,,,op4,,1,const,,55
p2185,,,op5,op1;op2;op3;op4,15,linear3,,37.5
p2186,1883.327,BATCH_PIPELINE,op1,,1,const,,55
p2186,,,op2,op1,2,sqrt,,55
p2186,,,op3,op2,15,linear3,,37.5
p2186,,,op4,op3,40,linear7,,20
p2187,1883.327,INTERACTIVE,op1,,1,const,,55
p2187,,,op2,op1,2,sqrt,,55
p2187,,,op3,op2,5,linear3,,45
p2187,,,op4,op3,20,linear7,,30
p2187,,,op5,op4,40,linear7,,20
p2187,,,op6,op5,5,linear3,,45
p2187,,,op7,op6,2,sqrt,,55
p2187,,,op8,op7,15,linear3,,37.5
p2187,,,op9,op8,15,linear3,,37.5
p2188,1883.327,QUERY,op1,,15,linear3,,35
p2189,1883.327,BATCH_PIPELINE,op1,,1,const,,55
p2189,,,op2,op1,5,linear3,,45
p2189,,,op3,op2,5,linear3,,45
p2189,,,op4,op3,40,linear7,,20
p2189,,,op5,op4,1,const,,55
p2189,,,op6,op5,80,squared,,10
p2190,1883.327,INTERACTIVE,op1,,1,const,,55
p2190,,,op2,op1,15,linear3,,37.5
p2190,,,op3,op2,5,linear3,,45
p2190,,,op4,op3,20,linear7,,30
p2190,,,op5,op4,5,linear3,,45
p2190,,,op6,op5,2,sqrt,,55
p2190,,,op7,op6,80,squared,,10
p2190,,,op8,op7,15,linear3,,37.5
p2190,,,op9,op8,2,sqrt,,55
p2191,1888.974,BATCH_PIPELINE,op1,,1,const,,55
p2191,,,op2,op1,15,linear3,,37.5
p2191,,,op3,op2,15,linear3,,37.5
p2191,,,op4,op3,15,linear3,,37.5
p2191,,,op5,op4,80,squared,,10
p2191,,,op6,op5,1,const,,55
p2192,1888.974,QUERY,op1,,15,linear3,,35
p2193,1888.974,INTERACTIVE,op1,,1,const,,55
p2193,,,op2,op1,5,linear3,,45
p2193,,,op3,op2,15,linear3,,37.5
p2193,,,op4,op3,5,linear3,,45
p2193,,,op5,op4,1,const,,55
p2193,,,op6,op5,15,linear3,,37.5
p2193,,,op7,op6,20,linear7,,30
p2194,1888.974,BATCH_PIPELINE,op1,,1,const,,55
p2194,,,op2,op1,20,linear7,,30
p2194,,,op3,op2,20,linear7,,30
p2194,,,op4,op3,15,linear3,,37.5
p2194,,,op5,op4,40,linear7,,20
p2194,,,op6,op5,80,squared,,10
p2194,,,op7,op6,20,linear7,,30
p2194,,,op8,op7,2,sqrt,,55
p2194,,,op9,op8,5,linear3,,45
p2194,,,op10,op9,20,linear7,,30
p2194,,,op11,op10,20,linear7,,30
p2195,1888.974,BATCH_PIPELINE,op1,,1,const,,55
p2195,,,op2,op1,1,const,,55
p2195,,,op3,op2,2,sqrt,,55
p2195,,,op4,op3,1,const,,55
p2195,,,op5,op4,2,sqrt,,55
p2195,,,op6,op5,40,linear7,,20
p2196,1888.974,BATCH_PIPELINE,op1,,1,const,,55
p2196,,,op2,op1,5,linear3,,45
p2196,,,op3,op1,1,const,,55
p2196,,,op4,op1,80,squared,,10
p2196,,,op5,op1,40,linear7,,20
p2196,,,op6,op1,15,linear3,,37.5
p2196,,,op7,op1,2,sqrt,,55
p2197,1888.974,BATCH_PIPELINE,op1,,1,const,,55
p2197,,,op2,op1,15,linear3,,37.5
p2197,,,op3,op2,5,linear3,,45
p2197,,,op4,op3,1,const,,55
p2197,,,op5,op4,80,squared,,10
p2197,,,op6,op5,15,linear3,,37.5
p2198,1888.974,BATCH_PIPELINE,op1,,1,const,,55
p2198,,,op2,op1,5,linear3,,45
p2198,,,op3,op1,5,linear3,,45
p2198,,,op4,op1,20,linear7,,30
p2198,,,op5,op1,20,linear7,,30
p2198,,,op6,op1,20,linear7,,30
p2198,,,op7,op1,20,linear7,,30
p2199,1888.974,INTERACTIVE,op1,,1,const,,55
p2199,,,op2,,15,linear3,,37.5
p2199,,,op3,,1,const,,55
p2199,,,op4,,5,linear3,,45
p2199,,,op5,,2,sqrt,,55
p2199,,,op6,,15,linear3,,37.5
p2199,,,op7,,2,sqrt,,55
p2199,,,op8,op1;op2;op3;op4;op5;op6;op7,20,linear7,,30
p2200,1888.974,BATCH_PIPELINE,op1,,1,const,,55
p2200,,,op2,op1,1,const,,55
p2200,,,op3,op2,1,const,,55
p2200,,,op4,op3,80,squared,,10
p2200,,,op5,op4,40,linear7,,20
p2200,,,op6,op5,15,linear3,,37.5
p2200,,,op7,op6,15,linear3,,37.5
p2200,,,op8,op7,5,linear3,,45
p2200,,,op9,op8,1,const,,55
p2200,,,op10,op9,2,sqrt,,55
p2201,1897.723,BATCH_PIPELINE,op1,,1,const,,55
p2201,,,op2,op1,5,linear3,,45
p2201,,,op3,op2,15,linear3,,37.5
p2201,,,op4,op3,15,linear3,,37.5
p2201,,,op5,op4,20,linear7,,30
p2201,,,op6,op5,5,linear3,,45
p2202,1897.723,BATCH_PIPELINE,op1,,1,const,,55
p2202,,,op2,,5,linear3,,45
p2202,,,op3,,5,linear3,,45
p2202,,,op4,,5,linear3,,45
p2202,,,op5,,20,linear7,,30
p2202,,,op6,,20,linear7,,30
p2202,,,op7,,20,linear7,,30
p2202,,,op8,op1;op2;op3;op4;op5;op6;op7,15,linear3,,37.5
p2203,1897.723,INTERACTIVE,op1,,1,const,,55
p2203,,,op2,op1,15,linear3,,37.5
p2203,,,op3,op2,2,sqrt,,55
p2204,1897.723,BATCH_PIPELINE,op1,,1,const,,55
p2204,,,op2,op1,20,linear7,,30
p2204,,,op3,op1,15,linear3,,37.5
p2204,,,op4,op1,20,linear7,,30
p2204,,,op5,op1,5,linear3,,45
p2204,,,op6,op1,15,linear3,,37.5
p2204,,,op7,op1,2,sqrt,,55
p2204,,,op8,op1,40,linear7,,20
p2204,,,op9,op1,1,const,,55
p2205,1897.723,INTERACTIVE,op1,,1,const,,55
p2205,,,op2,op1,2,sqrt,,55
p2205,,,op3,op1,15,linear3,,37.5
p2205,,,op4,op1,15,linear3,,37.5
p2205,,,op5,op1,15,linear3,,37.5
p2205,,,op6,op1,1,const,,55
p2205,,,op7,op1,20,linear7,,30
p2205,,,op8,op1,1,const,,55
p2206,1897.723,BATCH_PIPELINE,op1,,1,const,,55
p2206,,,op2,,15,linear3,,37.5
p2206,,,op3,,15,linear3,,37.5
p2206,,,op4,op1;op2;op3,40,linear7,,20
p2207,1897.723,QUERY,op1,,15,linear3,,35
p2208,1897.723,BATCH_PIPELINE,op1,,1,const,,55
p2208,,,op2,op1,40,linear7,,20
p2208,,,op3,op2,80,squared,,10
p2208,,,op4,op3,5,linear3,,45
p2208,,,op5,op4,20,linear7,,30
p2208,,,op6,op5,15,linear3,,37.5
p2208,,,op7,op6,15,linear3,,37.5
p2208,,,op8,op7,15,linear3,,37.5
p2209,1897.723,BATCH_PIPELINE,op1,,1,const,,55
p2210,1897.723,INTERACTIVE,op1,,1,const,,55
p2210,,,op2,op1,2,sqrt,,55
p2210,,,op3,op2,15,linear3,,37.5
p2210,,,op4,op3,5,linear3,,45
p2210,,,op5,op4,2,sqrt,,55
p2210,,,op6,op5,15,linear3,,37.5
p2210,,,op7,op6,5,linear3,,45
p2211,1908.8110000000001,BATCH_PIPELINE,op1,,1,const,,55
p2211,,,op2,op1,2,sqrt,,55
p2211,,,op3,op2,2,sqrt,,55
p2211,,,op4,op3,2,sqrt,,55
p2211,,,op5,op4,5,linear3,,45
p2211,,,op6,op5,5,linear3,,45
p2212,1908.8110000000001,BATCH_PIPELINE,op1,,1,const,,55
p2212,,,op2,op1,40,linear7,,20
p2212,,,op3,op2,1,const,,55
p2212,,,op4,op3,1,const,,55
p2212,,,op5,op4,40,linear7,,20
p2213,1908.8110000000001,INTERACTIVE,op1,,1,const,,55
p2213,,,op2,op1,80,squared,,10
p2213,,,op3,op2,2,sqrt,,55
p2214,1908.8110000000001,INTERACTIVE,op1,,1,const,,55
p2214,,,op2,,2,sqrt,,55
p2214,,,op3,,40,linear7,,20
p2214,,,op4,,20,linear7,,30
p2214,,,op5,,80,squared,,10
p2214,,,op6,,40,linear7,,20
p2214,,,op7,op1;op2;op3;op4;op5;op6,5,linear3,,45
p2215,1908.8110000000001,INTERACTIVE,op1,,1,const,,55
p2215,,,op2,,2,sqrt,,55
p2215,,,op3,,1,const,,55
p2215,,,op4,,1,const,,55
p2215,,,op5,,2,sqrt,,55
p2215,,,op6,,40,linear7,,20
p2215,,,op7,,15,linear3,,37.5
p2215,,,op8,,2,sqrt,,55
p2215,,,op9,,5,linear3,,45
p2215,,,op10,op1;op2;op3;op4;op5;op6;op7;op8;op9,5,linear3,,45
p2216,1908.8110000000001,BATCH_PIPELINE,op1,,1,const,,55
p2216,,,op2,op1,15,linear3,,37.5
p2216,,,op3,op2,2,sqrt,,55
p2216,,,op4,op3,80,squared,,10
p2216,,,op5,op4,5,linear3,,45
p2216,,,op6,op5,2,sqrt,,55
p2217,1908.8110000000001,INTERACTIVE,op1,,1,const,,55
p2217,,,op2,op1,1,const,,55
p2217,,,op3,op1,20,linear7,,30
p2217,,,op4,op1,80,squared,,10
p2217,,,op5,op1,1,const,,55
p2217,,,op6,op1,15,linear3,,37.5
p2217,,,op7,op1,2,sqrt,,55
p2217,,,op8,op1,80,squared,,10
p2218,1908.8110000000001,INTERACTIVE,op1,,1,const,,55
p2218,,,op2,op1,2,sqrt,,55
p2218,,,op3,op2,20,linear7,,30
p2218,,,op4,op3,1,const,,55
p2218,,,op5,op4,1,const,,55
p2218,,,op6,op5,15,linear3,,37.5
p2218,,,op7,op6,15,linear3,,37.5
p2218,,,op8,op7,15,linear3,,37.5
p2219,1908.8110000000001,BATCH_PIPELINE,op1,,1,const,,55
p2219,,,op2,op1,20,linear7,,30
p2219,,,op3,op2,15,linear3,,37.5
p2219,,,op4,op3,20,linear7,,30
p2219,,,op5,op4,40,linear7,,20
p2219,,,op6,op5,5,linear3,,45
p2219,,,op7,op6,2,sqrt,,55
p2219,,,op8,op7,1,const,,55
p2219,,,op9,op8,1,const,,55
p2220,1908.8110000000001,BATCH_PIPELINE,op1,,1,const,,55
p2220,,,op2,,2,sqrt,,55
p2220,,,op3,,80,squared,,10
p2220,,,op4,,20,linear7,,30
p2220,,,op5,,1,const,,55
p2220,,,op6,,5,linear3,,45
p2220,,,op7,op1;op2;op3;op4;op5;op6,15,linear3,,37.5
p2221,1916.402,BATCH_PIPELINE,op1,,1,const,,55
p2221,,,op2,,40,linear7,,20
p2221,,,op3,,2,sqrt,,55
p2221,,,op4,,15,linear3,,37.5
p2221,,,op5,,5,linear3,,45
p2221,,,op6,,1,const,,55
p2221,,,op7,op1;op2;op3;op4;op5;op6,5,linear3,,45
p2222,1916.402,BATCH_PIPELINE,op1,,1,const,,55
p2222,,,op2,,5,linear3,,45
p2222,,,op3,,2,sqrt,,55
p2222,,,op4,,40,linear7,,20
p2222,,,op5,,40,linear7,,20
p2222,,,op6,,1,const,,55
p2222,,,op7,,5,linear3,,45
p2222,,,op8,,5,linear3,,45
p2222,,,op9,,2,sqrt,,55
p2222,,,op10,op1;op2;op3;op4;op5;op6;op7;op8;op9,15,linear3,,37.5
p2223,1916.402,QUERY,op1,,15,linear3,,35
p2224,1916.402,BATCH_PIPELINE,op1,,1,const,,55
p2224,,,op2,op1,1,const,,55
p2224,,,op3,op2,20,linear7,,30
p2224,,,op4,op3,2,sqrt,,55
p2224,,,op5,op4,80,squared,,10
p2224,,,op6,op5,80,squared,,10
p2224,,,op7,op6,2,sqrt,,55
p2225,1916.402,BATCH_PIPELINE,op1,,1,const,,55
p2225,,,op2,op1,1,const,,55
p2225,,,op3,op1,20,linear7,,30
p2225,,,op4,op1,15,linear3,,37.5
p2225,,,op5,op1,15,linear3,,37.5
p2225,,,op6,op1,5,linear3,,45
p2225,,,op7,op1,1,const,,55
p2225,,,op8,op1,5,linear3,,45
p2225,,,op9,op1,20,linear7,,30
p2226,1916.402,INTERACTIVE,op1,,1,const,,55
p2226,,,op2,op1,15,linear3,,37.5
p2226,,,op3,op2,1,const,,55
p2226,,,op4,op3,20,linear7,,30
p2226,,,op5,op4,2,sqrt,,55
p2226,,,op6,op5,5,linear3,,45
p2226,,,op7,op6,80,squared,,10
p2227,1916.402,INTERACTIVE,op1,,1,const,,55
p2227,,,op2,op1,1,const,,55
p2227,,,op3,op2,40,linear7,,20
p2227,,,op4,op3,20,linear7,,30
p2227,,,op5,op4,20,linear7,,30
p2227,,,op6,op5,1,const,,55
p2227,,,op7,op6,5,linear3,,45
p2228,1916.402,BATCH_PIPELINE,op1,,1,const,,55
p2228,,,op2,op1,15,linear3,,37.5
p2228,,,op3,op2,1,const,,55
p2228,,,op4,op3,40,linear7,,20
p2228,,,op5,op4,5,linear3,,45
p2228,,,op6,op5,80,squared,,10
p2228,,,op7,op6,15,linear3,,37.5
p2228,,,op8,op7,20,linear7,,30
p2228,,,op9,op8,5,linear3,,45
p2228,,,op10,op9,40,linear7,,20
p2229,1916.402,INTERACTIVE,op1,,1,const,,55
p2229,,,op2,op1,5,linear3,,45
p2229,,,op3,op2,20,linear7,,30
p2229,,,op4,op3,40,linear7,,20
p2229,,,op5,op4,40,linear7,,20
p2229,,,op6,op5,15,linear3,,37.5
p2229,,,op7,op6,1,const,,55
p2229,,,op8,op7,20,linear7,,30
p2229,,,op9,op8,1,const,,55
p2229,,,op10,op9,15,linear3,,37.5
p2230,1916.402,QUERY,op1,,15,linear3,,35
p2231,1922.213,BATCH_PIPELINE,op1,,1,const,,55
p2231,,,op2,,20,linear7,,30
p2231,,,op3,,80,squared,,10
p2231,,,op4,,20,linear7,,30
p2231,,,op5,,2,sqrt,,55
p2231,,,op6,,15,linear3,,37.5
p2231,,,op7,,15,linear3,,37.5
p2231,,,op8,,40,linear7,,20
p2231,,,op9,,40,linear7,,20
p2231,,,op10,,1,const,,55
p2231,,,op11,,2,sqrt,,55
p2231,,,op12,op1;op2;op3;op4;op5;op6;op7;op8;op9;op10;op11,5,linear3,,45
p2232,1922.213,BATCH_PIPELINE,op1,,1,const,,55
p2233,1922.213,BATCH_PIPELINE,op1,,1,const,,55
p2233,,,op2,op1,15,linear3,,37.5
p2233,,,op3,op2,15,linear3,,37.5
p2233,,,op4,op3,5,linear3,,45
p2233,,,op5,op4,40,linear7,,20
p2233,,,op6,op5,15,linear3,,37.5
p2234,1922.213,BATCH_PIPELINE,op1,,1,const,,55
p2234,,,op2,op1,40,linear7,,20
p2234,,,op3,op2,2,sqrt,,55
p2234,,,op4,op3,20,linear7,,30
p2234,,,op5,op4,15,linear3,,37.5
p2235,1922.213,BATCH_PIPELINE,op1,,1,const,,55
p2235,,,op2,op1,20,linear7,,30
p2235,,,op3,op2,20,linear7,,30
p2235,,,op4,op3,5,linear3,,45
p2235,,,op5,op4,1,const,,55
p2235,,,op6,op5,20,linear7,,30
p2235,,,op7,op6,15,linear3,,37.5
p2235,,,op8,op7,1,const,,55
p2236,1922.213,BATCH_PIPELINE,op1,,1,const,,55
p2236,,,op2,,5,linear3,,45
p2236,,,op3,,40,linear7,,20
p2236,,,op4,,40,linear7,,20
p2236,,,op5,,20,linear7,,30
p2236,,,op6,op1;op2;op3;op4;op5,15,linear3,,37.5
p2237,1922.213,INTERACTIVE,op1,,1,const,,55
p2237,,,op2,op1,2,sqrt,,55
p2237,,,op3,op2,2,sqrt,,55
p2237,,,op4,op3,40,linear7,,20
p2237,,,op5,op4,40,linear7,,20
p2237,,,op6,op5,1,const,,55
p2237,,,op7,op6,15,linear3,,37.5
p2237,,,op8,op7,5,linear3,,45
p2238,1922.213,BATCH_PIPELINE,op1,,1,const,,55
p2238,,,op2,,5,linear3,,45
p2238,,,op3,,15,linear3,,37.5
p2238,,,op4,,15,linear3,,37.5
p2238,,,op5,,1,const,,55
p2238,,,op6,op1;op2;op3;op4;op5,15,linear3,,37.5
p2239,1922.213,QUERY,op1,,15,linear3,,35
p2240,1922.213,BATCH_PIPELINE,op1,,1,const,,55
p2240,,,op2,op1,15,linear3,,37.5
p2240,,,op3,op2,40,linear7,,20
p2240,,,op4,op3,15,linear3,,37.5
p2240,,,op5,op4,20,linear7,,30
p2241,1928.153,BATCH_PIPELINE,op1,,1,const,,55
p2241,,,op2,op1,1,const,,55
p2241,,,op3,op2,40,linear7,,20
p2242,1928.153,INTERACTIVE,op1,,1,const,,55
p2242,,,op2,,15,linear3,,37.5
p2242,,,op3,,80,squared,,10
p2242,,,op4,,15,linear3,,37.5
p2242,,,op5,,40,linear7,,20
p2242,,,op6,,5,linear3,,45
p2242,,,op7,,2,sqrt,,55
p2242,,,op8,op1;op2;op3;op4;op5;op6;op7,5,linear3,,45
p2243,1928.153,INTERACTIVE,op1,,1,const,,55
p2243,,,op2,op1,20,linear7,,30
p2243,,,op3,op2,5,linear3,,45
p2243,,,op4,op3,1,const,,55
p2243,,,op5,op4,40,linear7,,20
p2243,,,op6,op5,1,const,,55
p2243,,,op7,op6,15,linear3,,37.5
p2243,,,op8,op7,15,linear3,,37.5
p2243,,,op9,op8,15,linear3,,37.5
p2243,,,op10,op9,2,sqrt,,55
p2243,,,op11,op10,5,linear3,,45
p2243,,,op12,op11,2,sqrt,,55
p2244,1928.153,INTERACTIVE,op1,,1,const,,55
p2244,,,op2,op1,2,sqrt,,55
p2244,,,op3,op2,80,squared,,10
p2244,,,op4,op3,1,const,,55
p2244,,,op5,op4,1,const,,55
p2244,,,op6,op5,5,linear3,,45
p2244,,,op7,op6,5,linear3,,45
p2244,,,op8,op7,40,linear7,,20
p2244,,,op9,op8,20,linear7,,30
p2245,1928.153,BATCH_PIPELINE,op1,,1,const,,55
p2245,,,op2,,80,squared,,10
p2245,,,op3,,15,linear3,,37.5
p2245,,,op4,,2,sqrt,,55
p2245,,,op5,,15,linear3,,37.5
p2245,,,op6,,1,const,,55
p2245,,,op7,,5,linear3,,45
p2245,,,op8,,40,linear7,,20
p2245,,,op9,op1;op2;op3;op4;op5;op6;op7;op8,20,linear7,,30
p2246,1928.153,BATCH_PIPELINE,op1,,1,const,,55
p2246,,,op2,op1,40,linear7,,20
p2246,,,op3,op2,15,linear3,,37.5
p2246,,,op4,op3,5,linear3,,45
p2246,,,op5,op4,1,const,,55
p2246,,,op6,op5,20,linear7,,30
p2246,,,op7,op6,20,linear7,,30
p2246,,,op8,op7,15,linear3,,37.5
p2246,,,op9,op8,2,sqrt,,55
p2247,1928.153,QUERY,op1,,15,linear3,,35
p2248,1928.153,BATCH_PIPELINE,op1,,1,const,,55
p2248,,,op2,op1,15,linear3,,37.5
p2248,,,op3,op2,1,const,,55
p2248,,,op4,op3,20,linear7,,30
p2248,,,op5,op4,2,sqrt,,55
p2248,,,op6,op5,2,sqrt,,55
p2248,,,op7,op6,20,linear7,,30
p2249,1928.153,BATCH_PIPELINE,op1,,1,const,,55
p2249,,,op2,op1,1,const,,55
p2249,,,op3,op2,40,linear7,,20
p2249,,,op4,op3,15,linear3,,37.5
p2249,,,op5,op4,15,linear3,,37.5
p2249,,,op6,op5,40,linear7,,20
p2249,,,op7,op6,40,linear7,,20
p2249,,,op8,op7,15,linear3,,37.5
p2249,,,op9,op8,20,linear7,,30
p2250,1928.153,BATCH_PIPELINE,op1,,1,const,,55
p2250,,,op2,,15,linear3,,37.5
p2250,,,op3,,40,linear7,,20
p2250,,,op4,,20,linear7,,30
p2250,,,op5,,1,const,,55
p2250,,,op6,,40,linear7,,20
p2250,,,op7,op1;op2;op3;op4;op5;op6,5,linear3,,45
p2251,1932.4460000000001,BATCH_PIPELINE,op1,,1,const,,55
p2251,,,op2,op1,40,linear7,,20
p2251,,,op3,op2,5,linear3,,45
p2251,,,op4,op3,15,linear3,,37.5
p2251,,,op5,op4,80,squared,,10
p2251,,,op6,op5,40,linear7,,20
p2252,1932.4460000000001,INTERACTIVE,op1,,1,const,,55
p2252,,,op2,op1,20,linear7,,30
p2252,,,op3,op2,2,sqrt,,55
p2252,,,op4,op3,1,const,,55
p2252,,,op5,op4,5,linear3,,45
p2252,,,op6,op5,15,linear3,,37.5
p2252,,,op7,op6,15,linear3,,37.5
p2252,,,op8,op7,1,const,,55
p2252,,,op9,op8,20,linear7,,30
p2252,,,op10,op9,2,sqrt,,55
p2252,,,op11,op10,20,linear7,,30
p2252,,,op12,op11,20,linear7,,30
p2252,,,op13,op12,5,linear3,,45
p2253,1932.4460000000001,BATCH_PIPELINE,op1,,1,const,,55
p2253,,,op2,op1,15,linear3,,37.5
p2253,,,op3,op2,40,linear7,,20
p2253,,,op4,op3,15,linear3,,37.5
p2253,,,op5,op4,2,sqrt,,55
p2253,,,op6,op5,1,const,,55
p2253,,,op7,op6,5,linear3,,45
p2253,,,op8,op7,20,linear7,,30
p2253,,,op9,op8,40,linear7,,20
p2253,,,op10,op9,15,linear3,,37.5
p2253,,,op11,op10,40,linear7,,20
p2254,1932.4460000000001,INTERACTIVE,op1,,1,const,,55
p2254,,,op2,op1,2,sqrt,,55
p2254,,,op3,op1,1,const,,55
p2254,,,op4,op1,80,squared,,10
p2254,,,op5,op1,15,linear3,,37.5
p2254,,,op6,op1,5,linear3,,45
p2255,1932.4460000000001,BATCH_PIPELINE,op1,,1,const,,55
p2255,,,op2,op1,80,squared,,10
p2255,,,op3,op2,5,linear3,,45
p2255,,,op4,op3,80,squared,,10
p2255,,,op5,op4,20,linear7,,30
p2256,1932.4460000000001,INTERACTIVE,op1,,1,const,,55
p2256,,,op2,,5,linear3,,45
p2256,,,op3,,5,linear3,,45
p2256,,,op4,,2,sqrt,,55
p2256,,,op5,,5,linear3,,45
p2256,,,op6,,5,linear3,,45
p2256,,,op7,,80,squared,,10
p2256,,,op8,,20,linear7,,30
p2256,,,op9,,80,squared,,10
p2256,,,op10,op1;op2;op3;op4;op5;op6;op7;op8;op9,1,const,,55
p2257,1932.4460000000001,INTERACTIVE,op1,,1,const,,55
p2257,,,op2,op1,5,linear3,,45
p2257,,,op3,op2,1,const,,55
p2257,,,op4,op3,5,linear3,,45
p2257,,,op5,op4,1,const,,55
p2257,,,op6,op5,1,const,,55
p2257,,,op7,op6,80,squared,,10
p2258,1932.4460000000001,BATCH_PIPELINE,op1,,1,const,,55
p2258,,,op2,op1,5,linear3,,45
p2258,,,op3,op2,2,sqrt,,55
p2258,,,op4,op3,5,linear3,,45
p2258,,,op5,op4,15,linear3,,37.5
p2258,,,op6,op5,40,linear7,,20
p2258,,,op7,op6,20,linear7,,30
p2258,,,op8,op7,1,const,,55
p2259,1932.4460000000001,INTERACTIVE,op1,,1,const,,55
p2259,,,op2,op1,15,linear3,,37.5
p2259,,,op3,op2,20,linear7,,30
p2259,,,op4,op3,15,linear3,,37.5
p2259,,,op5,op4,15,linear3,,37.5
p2259,,,op6,op5,2,sqrt,,55
p2259,,,op7,op6,80,squared,,10
p2259,,,op8,op7,1,const,,55
p2260,1932.4460000000001,BATCH_PIPELINE,op1,,1,const,,55
p2260,,,op2,op1,2,sqrt,,55
p2260,,,op3,op2,40,linear7,,20
p2260,,,op4,op3,5,linear3,,45
p2260,,,op5,op4,1,const,,55
p2260,,,op6,op5,1,const,,55
p2260,,,op7,op6,15,linear3,,37.5
p2260,,,op8,op7,1,const,,55
p2261,1945.498,INTERACTIVE,op1,,1,const,,55
p2261,,,op2,op1,5,linear3,,45
p2261,,,op3,op2,2,sqrt,,55
p2261,,,op4,op3,1,const,,55
p2261,,,op5,op4,5,linear3,,45
p2261,,,op6,op5,80,squared,,10
p2261,,,op7,op6,2,sqrt,,55
p2261,,,op8,op7,5,linear3,,45
p2261,,,op9,op8,2,sqrt,,55
p2261,,,op10,op9,15,linear3,,37.5
p2261,,,op11,op10,40,linear7,,20
p2262,1945.498,QUERY,op1,,15,linear3,,35
p2263,1945.498,BATCH_PIPELINE,op1,,1,const,,55
p2263,,,op2,op1,5,linear3,,45
p2263,,,op3,op2,80,squared,,10
p2263,,,op4,op3,1,const,,55
p2263,,,op5,op4,20,linear7,,30
p2263,,,op6,op5,5,linear3,,45
p2263,,,op7,op6,20,linear7,,30
p2263,,,op8,op7,1,const,,55
p2263,,,op9,op8,5,linear3,,45
p2263,,,op10,op9,20,linear7,,30
p2264,1945.498,INTERACTIVE,op1,,1,const,,55
p2264,,,op2,op1,2,sqrt,,55
p2264,,,op3,op1,20,linear7,,30
p2264,,,op4,op1,2,sqrt,,55
p2264,,,op5,op1,15,linear3,,37.5
p2264,,,op6,op1,20,linear7,,30
p2264,,,op7,op1,2,sqrt,,55
p2264,,,op8,op1,20,linear7,,30
p2264,,,op9,op1,2,sqrt,,55
p2264,,,op10,op1,2,sqrt,,55
p2265,1945.498,BATCH_PIPELINE,op1,,1,const,,55
p2265,,,op2,op1,40,linear7,,20
p2265,,,op3,op2,15,linear3,,37.5
p2265,,,op4,op3,1,const,,55
p2265,,,op5,op4,20,linear7,,30
p2265,,,op6,op5,5,linear3,,45
p2266,1945.498,BATCH_PIPELINE,op1,,1,const,,55
p2266,,,op2,op1,2,sqrt,,55
p2267,1945.498,INTERACTIVE,op1,,1,const,,55
p2267,,,op2,op1,2,sqrt,,55
p2267,,,op3,op1,20,linear7,,30
p2267,,,op4,op1,80,squared,,10
p2267,,,op5,op1,40,linear7,,20
p2267,,,op6,op1,40,linear7,,20
p2267,,,op7,op1,15,linear3,,37.5
p2267,,,op8,op1,5,linear3,,45
p2267,,,op9,op1,5,linear3,,45
p2268,1945.498,BATCH_PIPELINE,op1,,1,const,,55
p2268,,,op2,op1,1,const,,55
p2268,,,op3,op1,15,linear3,,37.5
p2268,,,op4,op1,15,linear3,,37.5
p2268,,,op5,op1,2,sqrt,,55
p2269,1945.498,INTERACTIVE,op1,,1,const,,55
p2269,,,op2,op1,20,linear7,,30
p2269,,,op3,op2,20,linear7,,30
p2269,,,op4,op3,2,sqrt,,55
p2269,,,op5,op4,15,linear3,,37.5
p2270,1945.498,BATCH_PIPELINE,op1,,1,const,,55
p2270,,,op2,op1,20,linear7,,30
p2270,,,op3,op2,15,linear3,,37.5
p2270,,,op4,op3,15,linear3,,37.5
p2270,,,op5,op4,1,const,,55
p2270,,,op6,op5,15,linear3,,37.5
p2270,,,op7,op6,20,linear7,,30
p2271,1956.049,BATCH_PIPELINE,op1,,1,const,,55
p2271,,,op2,op1,5,linear3,,45
p2271,,,op3,op1,5,linear3,,45
p2271,,,op4,op1,1,const,,55
p2271,,,op5,op1,5,linear3,,45
p2271,,,op6,op1,15,linear3,,37.5
p2271,,,op7,op1,1,const,,55
p2271,,,op8,op1,5,linear3,,45
p2271,,,op9,op1,1,const,,55
p2272,1956.049,BATCH_PIPELINE,op1,,1,const,,55
p2272,,,op2,op1,15,linear3,,37.5
p2272,,,op3,op2,20,linear7,,30
p2272,,,op4,op3,20,linear7,,30
p2272,,,op5,op4,1,const,,55
p2272,,,op6,op5,40,linear7,,20
p2272,,,op7,op6,40,linear7,,20
p2272,,,op8,op7,5,linear3,,45
p2273,1956.049,QUERY,op1,,15,linear3,,35
p2274,1956.049,INTERACTIVE,op1,,1,const,,55
p2274,,,op2,op1,40,linear7,,20
p2274,,,op3,op2,20,linear7,,30
p2274,,,op4,op3,5,linear3,,45
p2274,,,op5,op4,80,squared,,10
p2275,1956.049,INTERACTIVE,op1,,1,const,,55
p2275,,,op2,op1,1,const,,55
p2275,,,op3,op1,1,const,,55
p2275,,,op4,op1,5,linear3,,45
p2275,,,op5,op1,2,sqrt,,55
p2275,,,op6,op1,5,linear3,,45
p2275,,,op7,op1,20,linear7,,30
p2276,1956.049,BATCH_PIPELINE,op1,,1,const,,55
p2276,,,op2,op1,1,const,,55
p2276,,,op3,op2,1,const,,55
p2276,,,op4,op3,5,linear3,,45
p2276,,,op5,op4,2,sqrt,,55
p2276,,,op6,op5,5,linear3,,45
p2276,,,op7,op6,40,linear7,,20
p2277,1956.049,BATCH_PIPELINE,op1,,1,const,,55
p2277,,,op2,op1,80,squared,,10
p2277,,,op3,op1,80,squared,,10
p2277,,,op4,op1,20,linear7,,30
p2277,,,op5,op1,1,const,,55
p2278,1956.049,INTERACTIVE,op1,,1,const,,55
p2278,,,op2,op1,2,sqrt,,55
p2278,,,op3,op2,5,linear3,,45
p2278,,,op4,op3,2,sqrt,,55
p2278,,,op5,op4,1,const,,55
p2278,,,op6,op5,40,linear7,,20
p2278,,,op7,op6,20,linear7,,30
p2278,,,op8,op7,5,linear3,,45
p2279,1956.049,BATCH_PIPELINE,op1,,1,const,,55
p2279,,,op2,op1,20,linear7,,30
p2279,,,op3,op1,20,linear7,,30
p2279,,,op4,op1,15,linear3,,37.5
p2279,,,op5,op1,5,linear3,,45
p2279,,,op6,op1,40,linear7,,20
p2279,,,op7,op1,20,linear7,,30
p2279,,,op8,op1,2,sqrt,,55
p2280,1956.049,BATCH_PIPELINE,op1,,1,const,,55
p2280,,,op2,op1,2,sqrt,,55
p2280,,,op3,op2,15,linear3,,37.5
p2280,,,op4,op3,1,const,,55
p2280,,,op5,op4,1,const,,55
p2280,,,op6,op5,5,linear3,,45
p2280,,,op7,op6,15,linear3,,37.5
p2280,,,op8,op7,20,linear7,,30
p2280,,,op9,op8,80,squared,,10
p2281,1965.2350000000001,BATCH_PIPELINE,op1,,1,const,,55
p2281,,,op2,op1,20,linear7,,30
p2281,,,op3,op1,20,linear7,,30
p2281,,,op4,op1,15,linear3,,37.5
p2281,,,op5,op1,20,linear7,,30
p2282,1965.2350000000001,INTERACTIVE,op1,,1,const,,55
p2282,,,op2,,2,sqrt,,55
p2282,,,op3,,5,linear3,,45
p2282,,,op4,,5,linear3,,45
p2282,,,op5,,20,linear7,,30
p2282,,,op6,,1,const,,55
p2282,,,op7,,5,linear3,,45
p2282,,,op8,op1;op2;op3;op4;op5;op6;op7,1,const,,55
p2283,1965.2350000000001,INTERACTIVE,op1,,1,const,,55
p2283,,,op2,op1,20,linear7,,30
p2283,,,op3,op1,20,linear7,,30
p2283,,,op4,op1,20,linear7,,30
p2283,,,op5,op1,20,linear7,,30
p2283,,,op6,op1,20,linear7,,30
p2283,,,op7,op1,2,sqrt,,55
p2283,,,op8,op1,5,linear3,,45
p2283,,,op9,op1,15,linear3,,37.5
p2283,,,op10,op1,5,linear3,,45
p2284,1965.2350000000001,INTERACTIVE,op1,,1,const,,55
p2284,,,op2,op1,20,linear7,,30
p2284,,,op3,op2,15,linear3,,37.5
p2284,,,op4,op3,80,squared,,10
p2284,,,op5,op4,2,sqrt,,55
p2285,1965.2350000000001,INTERACTIVE,op1,,1,const,,55
p2285,,,op2,op1,20,linear7,,30
p2285,,,op3,op2,40,linear7,,20
p2285,,,op4,op3,15,linear3,,37.5
p2285,,,op5,op4,80,squared,,10
p2285,,,op6,op5,40,linear7,,20
p2285,,,op7,op6,2,sqrt,,55
p2285,,,op8,op7,15,linear3,,37.5
p2285,,,op9,op8,1,const,,55
p2285,,,op10,op9,80,squared,,10
p2286,1965.2350000000001,BATCH_PIPELINE,op1,,1,const,,55
p2286,,,op2,op1,1,const,,55
p2286,,,op3,op2,80,squared,,10
p2286,,,op4,op3,15,linear3,,37.5
p2286,,,op5,op4,1,const,,55
p2286,,,op6,op5,40,linear7,,20
p2286,,,op7,op6,80,squared,,10
p2286,,,op8,op7,5,linear3,,45
p2286,,,op9,op8,5,linear3,,45
p2286,,,op10,op9,15,linear3,,37.5
p2287,1965.2350000000001,BATCH_PIPELINE,op1,,1,const,,55
p2287,,,op2,,5,linear3,,45
p2287,,,op3,,2,sqrt,,55
p2287,,,op4,,5,linear3,,45
p2287,,,op5,,40,linear7,,20
p2287,,,op6,op1;op2;op3;op4;op5,1,const,,55
p2288,1965.2350000000001,INTERACTIVE,op1,,1,const,,55
p2288,,,op2,,20,linear7,,30
p2288,,,op3,,40,linear7,,20
p2288,,,op4,,40,linear7,,20
p2288,,,op5,,5,linear3,,45
p2288,,,op6,,20,linear7,,30
p2288,,,op7,,80,squared,,10
p2288,,,op8,,1,const,,55
p2288,,,op9,,20,linear7,,30
p2288,,,op10,,15,linear3,,37.5
p2288,,,op11,,15,linear3,,37.5
p2288,,,op12,op1;op2;op3;op4;op5;op6;op7;op8;op9;op10;op11,15,linear3,,37.5
p2289,1965.2350000000001,BATCH_PIPELINE,op1,,1,const,,55
p2289,,,op2,op1,15,linear3,,37.5
p2289,,,op3,op2,5,linear3,,45
p2289,,,op4,op3,2,sqrt,,55
p2289,,,op5,op4,5,linear3,,45
p2289,,,op6,op5,15,linear3,,37.5
p2289,,,op7,op6,2,sqrt,,55
p2289,,,op8,op7,20,linear7,,30
p2290,1965.2350000000001,BATCH_PIPELINE,op1,,1,const,,55
p2290,,,op2,,2,sqrt,,55
p2290,,,op3,,40,linear7,,20
p2290,,,op4,,15,linear3,,37.5
p2290,,,op5,,5,linear3,,45
p2290,,,op6,,20,linear7,,30
p2290,,,op7,,20,linear7,,30
p2290,,,op8,,1,const,,55
p2290,,,op9,,40,linear7,,20
p2290,,,op10,op1;op2;op3;op4;op5;op6;op7;op8;op9,5,linear3,,45
p2291,1978.0610000000001,INTERACTIVE,op1,,1,const,,55
p2291,,,op2,op1,1,const,,55
p2291,,,op3,op2,20,linear7,,30
p2291,,,op4,op3,1,const,,55
p2291,,,op5,op4,5,linear3,,45
p2291,,,op6,op5,40,linear7,,20
p2291,,,op7,op6,2,sqrt,,55
p2291,,,op8,op7,2,sqrt,,55
p2292,1978.0610000000001,INTERACTIVE,op1,,1,const,,55
p2292,,,op2,op1,40,linear7,,20
p2292,,,op3,op1,1,const,,55
p2292,,,op4,op1,5,linear3,,45
p2292,,,op5,op1,20,linear7,,30
p2292,,,op6,op1,1,const,,55
p2292,,,op7,op1,80,squared,,10
p2293,1978.0610000000001,BATCH_PIPELINE,op1,,1,const,,55
p2293,,,op2,op1,5,linear3,,45
p2293,,,op3,op2,5,linear3,,45
p2293,,,op4,op3,5,linear3,,45
p2293,,,op5,op4,20,linear7,,30
p2293,,,op6,op5,2,sqrt,,55
p2293,,,op7,op6,1,const,,55
p2293,,,op8,op7,40,linear7,,20
p2293,,,op9,op8,2,sqrt,,55
p2294,1978.0610000000001,QUERY,op1,,15,linear3,,35
p2295,1978.0610000000001,BATCH_PIPELINE,op1,,1,const,,55
p2295,,,op2,op1,5,linear3,,45
p2295,,,op3,op1,5,linear3,,45
p2295,,,op4,op1,5,linear3,,45
p2295,,,op5,op1,2,sqrt,,55
p2295,,,op6,op1,2,sqrt,,55
p2295,,,op7,op1,5,linear3,,45
p2296,1978.0610000000001,INTERACTIVE,op1,,1,const,,55
p2296,,,op2,op1,20,linear7,,30
p2296,,,op3,op2,1,const,,55
p2296,,,op4,op3,40,linear7,,20
p2296,,,op5,op4,40,linear7,,20
p2296,,,op6,op5,80,squared,,10
p2296,,,op7,op6,40,linear7,,20
p2296,,,op8,op7,15,linear3,,37.5
p2296,,,op9,op8,40,linear7,,20
p2297,1978.0610000000001,INTERACTIVE,op1,,1,const,,55
p2297,,,op2,op1,40,linear7,,20
p2297,,,op3,op2,2,sqrt,,55
p2297,,,op4,op3,2,sqrt,,55
p2297,,,op5,op4,15,linear3,,37.5
p2297,,,op6,op5,20,linear7,,30
p2297,,,op7,op6,2,sqrt,,55
p2298,1978.0610000000001,BATCH_PIPELINE,op1,,1,const,,55
p2298,,,op2,op1,15,linear3,,37.5
p2298,,,op3,op2,5,linear3,,45
p2298,,,op4,op3,80,squared,,10
p2298,,,op5,op4,15,linear3,,37.5
p2298,,,op6,op5,20,linear7,,30
p2298,,,op7,op6,80,squared,,10
p2298,,,op8,op7,20,linear7,,30
p2298,,,op9,op8,2,sqrt,,55
p2298,,,op10,op9,1,const,,55
p2299,1978.0610000000001,INTERACTIVE,op1,,1,const,,55
p2299,,,op2,op1,80,squared,,10
p2299,,,op3,op2,15,linear3,,37.5
p2299,,,op4,op3,5,linear3,,45
p2299,,,op5,op4,1,const,,55
p2299,,,op6,op5,40,linear7,,20
p2299,,,op7,op6,5,linear3,,45
p2299,,,op8,op7,1,const,,55
p2299,,,op9,op8,15,linear3,,37.5
p2300,1978.0610000000001,INTERACTIVE,op1,,1,const,,55
p2300,,,op2,op1,2,sqrt,,55
p2300,,,op3,op2,5,linear3,,45
p2300,,,op4,op3,2,sqrt,,55
p2300,,,op5,op4,2,sqrt,,55
p2300,,,op6,op5,1,const,,55
p2300,,,op7,op6,5,linear3,,45
p2301,1985.048,QUERY,op1,,15,linear3,,35
p2302,1985.048,BATCH_PIPELINE,op1,,1,const,,55
p2302,,,op2,,20,linear7,,30
p2302,,,op3,,15,linear3,,37.5
p2302,,,op4,,20,linear7,,30
p2302,,,op5,,15,linear3,,37.5
p2302,,,op6,,15,linear3,,37.5
p2302,,,op7,,5,linear3,,45
p2302,,,op8,,1,const,,55
p2302,,,op9,,20,linear7,,30
p2302,,,op10,op1;op2;op3;op4;op5;op6;op7;op8;op9,5,linear3,,45
p2303,1985.048,INTERACTIVE,op1,,1,const,,55
p2303,,,op2,op1,15,linear3,,37.5
p2303,,,op3,op1,2,sqrt,,55
p2303,,,op4,op1,40,linear7,,20
p2303,,,op5,op1,1,const,,55
p2303,,,op6,op1,80,squared,,10
p2303,,,op7,op1,1,const,,55
p2303,,,op8,op1,15,linear3,,37.5
p2303,,,op9,op1,15,linear3,,37.5
p2304,1985.048,INTERACTIVE,op1,,1,const,,55
p2304,,,op2,op1,5,linear3,,45
p2304,,,op3,op2,5,linear3,,45
p2304,,,op4,op3,1,const,,55
p2304,,,op5,op4,15,linear3,,37.5
p2304,,,op6,op5,1,const,,55
p2304,,,op7,op6,20,linear7,,30
p2305,1985.048,BATCH_PIPELINE,op1,,1,const,,55
p2305,,,op2,op1,15,linear3,,37.5
p2305,,,op3,op2,5,linear3,,45
p2305,,,op4,op3,1,const,,55
p2305,,,op5,op4,5,linear3,,45
p2305,,,op6,op5,20,linear7,,30
p2305,,,op7,op6,20,linear7,,30
p2305,,,op8,op7,5,linear3,,45
p2305,,,op9,op8,1,const,,55
p2305,,,op10,op9,20,linear7,,30
p2305,,,op11,op10,15,linear3,,37.5
p2306,1985.048,BATCH_PIPELINE,op1,,1,const,,55
p2306,,,op2,op1,20,linear7,,30
p2306,,,op3,op2,5,linear3,,45
p2306,,,op4,op3,40,linear7,,20
p2306,,,op5,op4,15,linear3,,37.5
p2306,,,op6,op5,5,linear3,,45
p2306,,,op7,op6,15,linear3,,37.5
p2307,1985.048,BATCH_PIPELINE,op1,,1,const,,55
p2307,,,op2,op1,2,sqrt,,55
p2307,,,op3,op2,5,linear3,,45
p2307,,,op4,op3,80,squared,,10
p2307,,,op5,op4,40,linear7,,20
p2307,,,op6,op5,15,linear3,,37.5
p2308,1985.048,BATCH_PIPELINE,op1,,1,const,,55
p2308,,,op2,op1,5,linear3,,45
p2308,,,op3,op2,80,squared,,10
p2308,,,op4,op3,80,squared,,10
p2308,,,op5,op4,1,const,,55
p2308,,,op6,op5,40,linear7,,20
p2309,1985.048,QUERY,op1,,15,linear3,,35
p2310,1985.048,QUERY,op1,,15,linear3,,35
p2311,1995.229,BATCH_PIPELINE,op1,,1,const,,55
p2311,,,op2,,15,linear3,,37.5
p2311,,,op3,,40,linear7,,20
p2311,,,op4,,15,linear3,,37.5
p2311,,,op5,,5,linear3,,45
p2311,,,op6,,20,linear7,,30
p2311,,,op7,,1,const,,55
p2311,,,op8,,2,sqrt,,55
p2311,,,op9,op1;op2;op3;op4;op5;op6;op7;op8,5,linear3,,45
p2312,1995.229,BATCH_PIPELINE,op1,,1,const,,55
p2312,,,op2,op1,5,linear3,,45
p2312,,,op3,op2,2,sqrt,,55
p2312,,,op4,op3,40,linear7,,20
p2312,,,op5,op4,2,sqrt,,55
p2312,,,op6,op5,15,linear3,,37.5
p2312,,,op7,op6,5,linear3,,45
p2312,,,op8,op7,20,linear7,,30
p2313,1995.229,BATCH_PIPELINE,op1,,1,const,,55
p2313,,,op2,op1,20,linear7,,30
p2313,,,op3,op2,15,linear3,,37.5
p2313,,,op4,op3,5,linear3,,45
p2313,,,op5,op4,80,squared,,10
p2313,,,op6,op5,2,sqrt,,55
p2313,,,op7,op6,20,linear7,,30
p2313,,,op8,op7,15,linear3,,37.5
p2313,,,op9,op8,5,linear3,,45
p2313,,,op10,op9,15,linear3,,37.5
p2314,1995.229,BATCH_PIPELINE,op1,,1,const,,55
p2314,,,op2,op1,80,squared,,10
p2314,,,op3,op2,40,linear7,,20
p2314,,,op4,op3,20,linear7,,30
p2314,,,op5,op4,20,linear7,,30
p2314,,,op6,op5,80,squared,,10
p2314,,,op7,op6,2,sqrt,,55
p2314,,,op8,op7,5,linear3,,45
p2315,1995.229,INTERACTIVE,op1,,1,const,,55
p2315,,,op2,op1,2,sqrt,,55
p2315,,,op3,op1,40,linear7,,20
p2315,,,op4,op1,2,sqrt,,55
p2315,,,op5,op1,5,linear3,,45
p2315,,,op6,op1,15,linear3,,37.5
p2315,,,op7,op1,80,squared,,10
p2315,,,op8,op1,2,sqrt,,55
p2315,,,op9,op1,15,linear3,,37.5
p2316,1995.229,INTERACTIVE,op1,,1,const,,55
p2316,,,op2,,20,linear7,,30
p2316,,,op3,,20,linear7,,30
p2316,,,op4,,2,sqrt,,55
p2316,,,op5,,80,squared,,10
p2316,,,op6,,5,linear3,,45
p2316,,,op7,,5,linear3,,45
p2316,,,op8,,40,linear7,,20
p2316,,,op9,,2,sqrt,,55
p2316,,,op10,op1;op2;op3;op4;op5;op6;op7;op8;op9,15,linear3,,37.5
p2317,1995.229,BATCH_PIPELINE,op1,,1,const,,55
p2317,,,op2,op1,5,linear3,,45
p2317,,,op3,op2,20,linear7,,30
p2317,,,op4,op3,15,linear3,,37.5
p2317,,,op5,op4,5,linear3,,45
p2317,,,op6,op5,15,linear3,,37.5
p2317,,,op7,op6,5,linear3,,45
p2317,,,op8,op7,1,const,,55
p2317,,,op9,op8,15,linear3,,37.5
p2317,,,op10,op9,5,linear3,,45
p2317,,,op11,op10,15,linear3,,37.5
p2317,,,op12,op11,5,linear3,,45
p2317,,,op13,op12,5,linear3,,45
p2318,1995.229,BATCH_PIPELINE,op1,,1,const,,55
p2318,,,op2,op1,15,linear3,,37.5
p2318,,,op3,op2,5,linear3,,45
p2318,,,op4,op3,20,linear7,,30
p2318,,,op5,op4,1,const,,55
p2318,,,op6,op5,80,squared,,10
p2318,,,op7,op6,15,linear3,,37.5
p2318,,,op8,op7,80,squared,,10
p2318,,,op9,op8,2,sqrt,,55
p2319,1995.229,INTERACTIVE,op1,,1,const,,55
p2319,,,op2,op1,15,linear3,,37.5
p2319,,,op3,op2,15,linear3,,37.5
p2319,,,op4,op3,2,sqrt,,55
p2319,,,op5,op4,1,const,,55
p2319,,,op6,op5,15,linear3,,37.5
p2319,,,op7,op6,1,const,,55
p2319,,,op8,op7,1,const,,55
p2320,1995.229,BATCH_PIPELINE,op1,,1,const,,55
p2320,,,op2,,20,linear7,,30
p2320,,,op3,,40,linear7,,20
p2320,,,op4,,20,linear7,,30
p2320,,,op5,,15,linear3,,37.5
p2320,,,op6,,80,squared,,10
p2320,,,op7,,1,const,,55
p2320,,,op8,op1;op2;op3;op4;op5;op6;op7,5,linear3,,45
p2321,2003.4750000000001,BATCH_PIPELINE,op1,,1,const,,55
p2321,,,op2,op1,20,linear7,,30
p2321,,,op3,op1,20,linear7,,30
p2321,,,op4,op1,20,linear7,,30
p2321,,,op5,op1,80,squared,,10
p2321,,,op6,op1,5,linear3,,45
p2322,2003.4750000000001,BATCH_PIPELINE,op1,,1,const,,55
p2322,,,op2,op1,80,squared,,10
p2322,,,op3,op1,2,sqrt,,55
p2322,,,op4,op1,20,linear7,,30
p2322,,,op5,op1,20,linear7,,30
p2322,,,op6,op1,40,linear7,,20
p2323,2003.4750000000001,INTERACTIVE,op1,,1,const,,55
p2323,,,op2,op1,2,sqrt,,55
p2323,,,op3,op2,5,linear3,,45
p2323,,,op4,op3,40,linear7,,20
p2323,,,op5,op4,20,linear7,,30
p2323,,,op6,op5,5,linear3,,45
p2323,,,op7,op6,1,const,,55
p2323,,,op8,op7,1,const,,55
p2323,,,op9,op8,20,linear7,,30
p2324,2003.4750000000001,BATCH_PIPELINE,op1,,1,const,,55
p2324,,,op2,,15,linear3,,37.5
p2324,,,op3,,20,linear7,,30
p2324,,,op4,,1,const,,55
p2324,,,op5,,1,const,,55
p2324,,,op6,,20,linear7,,30
p2324,,,op7,op1;op2;op3;op4;op5;op6,5,linear3,,45
p2325,2003.4750000000001,BATCH_PIPELINE,op1,,1,const,,55
p2325,,,op2,op1,5,linear3,,45
p2325,,,op3,op1,15,linear3,,37.5
p2325,,,op4,op1,2,sqrt,,55
p2325,,,op5,op1,40,linear7,,20
p2325,,,op6,op1,20,linear7,,30
p2325,,,op7,op1,2,sqrt,,55
p2325,,,op8,op1,5,linear3,,45
p2326,2003.4750000000001,BATCH_PIPELINE,op1,,1,const,,55
p2326,,,op2,op1,5,linear3,,45
p2326,,,op3,op2,80,squared,,10
p2326,,,op4,op3,5,linear3,,45
p2326,,,op5,op4,15,linear3,,37.5
p2326,,,op6,op5,40,linear7,,20
p2326,,,op7,op6,1,const,,55
p2326,,,op8,op7,2,sqrt,,55
p2326,,,op9,op8,5,linear3,,45
p2326,,,op10,op9,40,linear7,,20
p2327,2003.4750000000001,BATCH_PIPELINE,op1,,1,const,,55
p2327,,,op2,op1,40,linear7,,20
p2327,,,op3,op2,5,linear3,,45
p2327,,,op4,op3,20,linear7,,30
p2327,,,op5,op4,40,linear7,,20
p2327,,,op6,op5,80,squared,,10
p2327,,,op7,op6,15,linear3,,37.5
p2327,,,op8,op7,5,linear3,,45
p2327,,,op9,op8,40,linear7,,20
p2328,2003.4750000000001,BATCH_PIPELINE,op1,,1,const,,55
p2328,,,op2,op1,40,linear7,,20
p2328,,,op3,op2,1,const,,55
p2328,,,op4,op3,1,const,,55
p2328,,,op5,op4,5,linear3,,45
p2328,,,op6,op5,15,linear3,,37.5
p2328,,,op7,op6,1,const,,55
p2329,2003.4750000000001,INTERACTIVE,op1,,1,const,,55
p2329,,,op2,op1,80,squared,,10
p2329,,,op3,op2,15,linear3,,37.5
p2329,,,op4,op3,40,linear7,,20
p2329,,,op5,op4,1,const,,55
p2329,,,op6,op5,1,const,,55
p2329,,,op7,op6,15,linear3,,37.5
p2329,,,op8,op7,80,squared,,10
p2330,2003.4750000000001,BATCH_PIPELINE,op1,,1,const,,55
p2330,,,op2,op1,2,sqrt,,55
p2330,,,op3,op2,15,linear3,,37.5
p2330,,,op4,op3,5,linear3,,45
p2330,,,op5,op4,1,const,,55
p2330,,,op6,op5,1,const,,55
p2330,,,op7,op6,1,const,,55
p2330,,,op8,op7,15,linear3,,37.5
p2331,2013.82,QUERY,op1,,15,linear3,,35
p2332,2013.82,INTERACTIVE,op1,,1,const,,55
p2332,,,op2,op1,15,linear3,,37.5
p2332,,,op3,op2,5,linear3,,45
p2332,,,op4,op3,2,sqrt,,55
p2332,,,op5,op4,15,linear3,,37.5
p2332,,,op6,op5,80,squared,,10
p2332,,,op7,op6,40,linear7,,20
p2332,,,op8,op7,5,linear3,,45
p2332,,,op9,op8,20,linear7,,30
p2332,,,op10,op9,1,const,,55
p2333,2013.82,QUERY,op1,,15,linear3,,35
p2334,2013.82,QUERY,op1,,15,linear3,,35
p2335,2013.82,BATCH_PIPELINE,op1,,1,const,,55
p2335,,,op2,op1,80,squared,,10
p2335,,,op3,op2,15,linear3,,37.5
p2335,,,op4,op3,2,sqrt,,55
p2335,,,op5,op4,2,sqrt,,55
p2335,,,op6,op5,80,squared,,10
p2335,,,op7,op6,15,linear3,,37.5
p2335,,,op8,op7,2,sqrt,,55
p2335,,,op9,op8,5,linear3,,45
p2335,,,op10,op9,15,linear3,,37.5
p2335,,,op11,op10,5,linear3,,45
p2335,,,op12,op11,15,linear3,,37.5
p2335,,,op13,op12,80,squared,,10
p2336,2013.82,BATCH_PIPELINE,op1,,1,const,,55
p2336,,,op2,op1,5,linear3,,45
p2336,,,op3,op2,40,linear7,,20
p2336,,,op4,op3,1,const,,55
p2336,,,op5,op4,1,const,,55
p2336,,,op6,op5,15,linear3,,37.5
p2336,,,op7,op6,5,linear3,,45
p2336,,,op8,op7,1,const,,55
p2336,,,op9,op8,1,const,,55
p2337,2013.82,BATCH_PIPELINE,op1,,1,const,,55
p2337,,,op2,op1,80,squared,,10
p2337,,,op3,op1,40,linear7,,20
p2337,,,op4,op1,80,squared,,10
p2337,,,op5,op1,1,const,,55
p2337,,,op6,op1,1,const,,55
p2337,,,op7,op1,20,linear7,,30
p2337,,,op8,op1,15,linear3,,37.5
p2338,2013.82,QUERY,op1,,15,linear3,,35
p2339,2013.82,BATCH_PIPELINE,op1,,1,const,,55
p2339,,,op2,op1,20,linear7,,30
p2339,,,op3,op1,5,linear3,,45
p2339,,,op4,op1,20,linear7,,30
p2339,,,op5,op1,2,sqrt,,55
p2339,,,op6,op1,5,linear3,,45
p2339,,,op7,op1,1,const,,55
p2339,,,op8,op1,2,sqrt,,55
p2339,,,op9,op1,5,linear3,,45
p2340,2013.82,BATCH_PIPELINE,op1,,1,const,,55
p2340,,,op2,op1,80,squared,,10
p2340,,,op3,op1,2,sqrt,,55
p2340,,,op4,op1,15,linear3,,37.5
p2340,,,op5,op1,1,const,,55
p2340,,,op6,op1,40,linear7,,20
p2341,2023.1970000000001,BATCH_PIPELINE,op1,,1,const,,55
p2341,,,op2,op1,1,const,,55
p2341,,,op3,op2,2,sqrt,,55
p2341,,,op4,op3,5,linear3,,45
p2341,,,op5,op4,5,linear3,,45
p2341,,,op6,op5,80,squared,,10
p2341,,,op7,op6,5,linear3,,45
p2342,2023.1970000000001,INTERACTIVE,op1,,1,const,,55
p2342,,,op2,op1,2,sqrt,,55
p2342,,,op3,op2,1,const,,55
p2342,,,op4,op3,20,linear7,,30
p2342,,,op5,op4,80,squared,,10
p2342,,,op6,op5,20,linear7,,30
p2342,,,op7,op6,40,linear7,,20
p2342,,,op8,op7,80,squared,,10
p2342,,,op9,op8,20,linear7,,30
p2342,,,op10,op9,1,const,,55
p2342,,,op11,op10,15,linear3,,37.5
p2343,2023.1970000000001,BATCH_PIPELINE,op1,,1,const,,55
p2343,,,op2,op1,5,linear3,,45
p2343,,,op3,op1,15,linear3,,37.5
p2343,,,op4,op1,5,linear3,,45
p2343,,,op5,op1,15,linear3,,37.5
p2343,,,op6,op1,15,linear3,,37.5
p2343,,,op7,op1,1,const,,55
p2344,2023.1970000000001,INTERACTIVE,op1,,1,const,,55
p2344,,,op2,,5,linear3,,45
p2344,,,op3,,5,linear3,,45
p2344,,,op4,,2,sqrt,,55
p2344,,,op5,op1;op2;op3;op4,40,linear7,,20
p2345,2023.1970000000001,BATCH_PIPELINE,op1,,1,const,,55
p2345,,,op2,op1,5,linear3,,45
p2345,,,op3,op2,1,const,,55
p2345,,,op4,op3,5,linear3,,45
p2345,,,op5,op4,20,linear7,,30
p2345,,,op6,op5,20,linear7,,30
p2345,,,op7,op6,15,linear3,,37.5
p2345,,,op8,op7,40,linear7,,20
p2345,,,op9,op8,15,linear3,,37.5
p2346,2023.1970000000001,BATCH_PIPELINE,op1,,1,const,,55
p2346,,,op2,op1,2,sqrt,,55
p2346,,,op3,op2,15,linear3,,37.5
p2346,,,op4,op3,5,linear3,,45
p2346,,,op5,op4,1,const,,55
p2346,,,op6,op5,15,linear3,,37.5
p2346,,,op7,op6,1,const,,55
p2346,,,op8,op7,15,linear3,,37.5
p2346,,,op9,op8,1,const,,55
p2347,2023.1970000000001,BATCH_PIPELINE,op1,,1,const,,55
p2347,,,op2,op1,2,sqrt,,55
p2347,,,op3,op1,1,const,,55
p2347,,,op4,op1,15,linear3,,37.5
p2347,,,op5,op1,5,linear3,,45
p2347,,,op6,op1,20,linear7,,30
p2347,,,op7,op1,1,const,,55
p2348,2023.1970000000001,BATCH_PIPELINE,op1,,1,const,,55
p2348,,,op2,op1,15,linear3,,37.5
p2348,,,op3,op2,1,const,,55
p2348,,,op4,op3,2,sqrt,,55
p2348,,,op5,op4,15,linear3,,37.5
p2348,,,op6,op5,5,linear3,,45
p2348,,,op7,op6,20,linear7,,30
p2348,,,op8,op7,15,linear3,,37.5
p2348,,,op9,op8,1,const,,55
p2348,,,op10,op9,40,linear7,,20
p2348,,,op11,op10,1,const,,55
p2348,,,op12,op11,2,sqrt,,55
p2349,2023.1970000000001,INTERACTIVE,op1,,1,const,,55
p2349,,,op2,,15,linear3,,37.5
p2349,,,op3,,15,linear3,,37.5
p2349,,,op4,,20,linear7,,30
p2349,,,op5,,40,linear7,,20
p2349,,,op6,,5,linear3,,45
p2349,,,op7,,40,linear7,,20
p2349,,,op8,,40,linear7,,20
p2349,,,op9,,80,squared,,10
p2349,,,op10,,20,linear7,,30
p2349,,,op11,op1;op2;op3;op4;op5;op6;op7;op8;op9;op10,15,linear3,,37.5
p2350,2023.1970000000001,INTERACTIVE,op1,,1,const,,55
p2350,,,op2,op1,15,linear3,,37.5
p2350,,,op3,op2,5,linear3,,45
p2350,,,op4,op3,20,linear7,,30
p2350,,,op5,op4,1,const,,55
p2351,2031.788,BATCH_PIPELINE,op1,,1,const,,55
p2351,,,op2,op1,15,linear3,,37.5
p2351,,,op3,op2,5,linear3,,45
p2351,,,op4,op3,1,const,,55
p2351,,,op5,op4,15,linear3,,37.5
p2351,,,op6,op5,1,const,,55
p2351,,,op7,op6,5,linear3,,45
p2351,,,op8,op7,5,linear3,,45
p2351,,,op9,op8,5,linear3,,45
p2352,2031.788,INTERACTIVE,op1,,1,const,,55
p2352,,,op2,,2,sqrt,,55
p2352,,,op3,,80,squared,,10
p2352,,,op4,,20,linear7,,30
p2352,,,op5,,2,sqrt,,55
p2352,,,op6,,15,linear3,,37.5
p2352,,,op7,,20,linear7,,30
p2352,,,op8,,2,sqrt,,55
p2352,,,op9,,15,linear3,,37.5
p2352,,,op10,,15,linear3,,37.5
p2352,,,op11,op1;op2;op3;op4;op5;op6;op7;op8;op9;op10,1,const,,55
p2353,2031.788,BATCH_PIPELINE,op1,,1,const,,55
p2353,,,op2,,2,sqrt,,55
p2353,,,op3,,15,linear3,,37.5
p2353,,,op4,,1,const,,55
p2353,,,op5,op1;op2;op3;op4,1,const,,55
p2354,2031.788,BATCH_PIPELINE,op1,,1,const,,55
p2354,,,op2,op1,15,linear3,,37.5
p2354,,,op3,op2,1,const,,55
p2354,,,op4,op3,5,linear3,,45
p2354,,,op5,op4,2,sqrt,,55
p2354,,,op6,op5,20,linear7,,30
p2354,,,op7,op6,5,linear3,,45
p2355,2031.788,BATCH_PIPELINE,op1,,1,const,,55
p2355,,,op2,op1,1,const,,55
p2355,,,op3,op2,5,linear3,,45
p2355,,,op4,op3,15,linear3,,37.5
p2355,,,op5,op4,5,linear3,,45
p2355,,,op6,op5,2,sqrt,,55
p2356,2031.788,BATCH_PIPELINE,op1,,1,const,,55
p2356,,,op2,,80,squared,,10
p2356,,,op3,,80,squared,,10
p2356,,,op4,,5,linear3,,45
p2356,,,op5,,1,const,,55
p2356,,,op6,op1;op2;op3;op4;op5,20,linear7,,30
p2357,2031.788,INTERACTIVE,op1,,1,const,,55
p2357,,,op2,op1,2,sqrt,,55
p2357,,,op3,op1,5,linear3,,45
p2357,,,op4,op1,1,const,,55
p2357,,,op5,op1,2,sqrt,,55
p2357,,,op6,op1,40,linear7,,20
p2358,2031.788,BATCH_PIPELINE,op1,,1,const,,55
p2358,,,op2,op1,20,linear7,,30
p2358,,,op3,op2,2,sqrt,,55
p2358,,,op4,op3,40,linear7,,20
p2358,,,op5,op4,15,linear3,,37.5
p2358,,,op6,op5,2,sqrt,,55
p2358,,,op7,op6,1,const,,55
p2358,,,op8,op7,80,squared,,10
p2359,2031.788,BATCH_PIPELINE,op1,,1,const,,55
p2359,,,op2,op1,15,linear3,,37.5
p2359,,,op3,op2,40,linear7,,20
p2359,,,op4,op3,5,linear3,,45
p2359,,,op5,op4,20,linear7,,30
p2359,,,op6,op5,2,sqrt,,55
p2359,,,op7,op6,2,sqrt,,55
p2359,,,op8,op7,15,linear3,,37.5
p2359,,,op9,op8,1,const,,55
p2360,2031.788,BATCH_PIPELINE,op1,,1,const,,55
p2360,,,op2,op1,5,linear3,,45
p2360,,,op3,op2,5,linear3,,45
p2360,,,op4,op3,20,linear7,,30
p2360,,,op5,op4,15,linear3,,37.5
p2360,,,op6,op5,40,linear7,,20
p2360,,,op7,op6,20,linear7,,30
p2361,2039.5420000000001,INTERACTIVE,op1,,1,const,,55
p2361,,,op2,op1,15,linear3,,37.5
p2361,,,op3,op2,2,sqrt,,55
p2361,,,op4,op3,15,linear3,,37.5
p2361,,,op5,op4,15,linear3,,37.5
p2361,,,op6,op5,1,const,,55
p2361,,,op7,op6,15,linear3,,37.5
p2362,2039.5420000000001,QUERY,op1,,15,linear3,,35
p2363,2039.5420000000001,INTERACTIVE,op1,,1,const,,55
p2363,,,op2,op1,1,const,,55
p2363,,,op3,op2,40,linear7,,20
p2363,,,op4,op3,20,linear7,,30
p2363,,,op5,op4,5,linear3,,45
p2363,,,op6,op5,5,linear3,,45
p2363,,,op7,op6,1,const,,55
p2363,,,op8,op7,1,const,,55
p2363,,,op9,op8,2,sqrt,,55
p2364,2039.5420000000001,BATCH_PIPELINE,op1,,1,const,,55
p2364,,,op2,op1,15,linear3,,37.5
p2364,,,op3,op2,15,linear3,,37.5
p2364,,,op4,op3,15,linear3,,37.5
p2364,,,op5,op4,15,linear3,,37.5
p2364,,,op6,op5,20,linear7,,30
p2364,,,op7,op6,5,linear3,,45
p2364,,,op8,op7,15,linear3,,37.5
p2364,,,op9,op8,5,linear3,,45
p2364,,,op10,op9,40,linear7,,20
p2364,,,op11,op10,80,squared,,10
p2365,2039.5420000000001,INTERACTIVE,op1,,1,const,,55
p2365,,,op2,op1,40,linear7,,20
p2365,,,op3,op2,80,squared,,10
p2366,2039.5420000000001,QUERY,op1,,15,linear3,,35
p2367,2039.5420000000001,BATCH_PIPELINE,op1,,1,const,,55
p2367,,,op2,op1,20,linear7,,30
p2367,,,op3,op2,1,const,,55
p2367,,,op4,op3,5,linear3,,45
p2367,,,op5,op4,15,linear3,,37.5
p2367,,,op6,op5,5,linear3,,45
p2367,,,op7,op6,5,linear3,,45
p2367,,,op8,op7,80,squared,,10
p2367,,,op9,op8,2,sqrt,,55
p2367,,,op10,op9,20,linear7,,30
p2367,,,op11,op10,15,linear3,,37.5
p2368,2039.5420000000001,BATCH_PIPELINE,op1,,1,const,,55
p2368,,,op2,op1,15,linear3,,37.5
p2368,,,op3,op2,5,linear3,,45
p2368,,,op4,op3,2,sqrt,,55
p2368,,,op5,op4,1,const,,55
p2369,2039.5420000000001,BATCH_PIPELINE,op1,,1,const,,55
p2369,,,op2,op1,2,sqrt,,55
p2369,,,op3,op2,5,linear3,,45
p2369,,,op4,op3,15,linear3,,37.5
p2369,,,op5,op4,5,linear3,,45
p2369,,,op6,op5,1,const,,55
p2369,,,op7,op6,5,linear3,,45
p2370,2039.5420000000001,BATCH_PIPELINE,op1,,1,const,,55
p2370,,,op2,op1,5,linear3,,45
p2370,,,op3,op2,2,sqrt,,55
p2370,,,op4,op3,2,sqrt,,55
p2370,,,op5,op4,1,const,,55
p2370,,,op6,op5,40,linear7,,20
p2370,,,op7,op6,15,linear3,,37.5
p2370,,,op8,op7,15,linear3,,37.5
p2371,2049.208,BATCH_PIPELINE,op1,,1,const,,55
p2371,,,op2,op1,5,linear3,,45
p2371,,,op3,op2,80,squared,,10
p2371,,,op4,op3,40,linear7,,20
p2371,,,op5,op4,15,linear3,,37.5
p2371,,,op6,op5,40,linear7,,20
p2372,2049.208,BATCH_PIPELINE,op1,,1,const,,55
p2372,,,op2,,5,linear3,,45
p2372,,,op3,,20,linear7,,30
p2372,,,op4,,5,linear3,,45
p2372,,,op5,op1;op2;op3;op4,5,linear3,,45
p2373,2049.208,INTERACTIVE,op1,,1,const,,55
p2373,,,op2,op1,5,linear3,,45
p2373,,,op3,op1,1,const,,55
p2373,,,op4,op1,1,const,,55
p2373,,,op5,op1,15,linear3,,37.5
p2373,,,op6,op1,15,linear3,,37.5
p2373,,,op7,op1,5,linear3,,45
p2373,,,op8,op1,40,linear7,,20
p2373,,,op9,op1,40,linear7,,20
p2373,,,op10,op1,5,linear3,,45
p2374,2049.208,BATCH_PIPELINE,op1,,1,const,,55
p2374,,,op2,op1,1,const,,55
p2374,,,op3,op2,80,squared,,10
p2374,,,op4,op3,40,linear7,,20
p2374,,,op5,op4,1,const,,55
p2374,,,op6,op5,2,sqrt,,55
p2374,,,op7,op6,15,linear3,,37.5
p2375,2049.208,QUERY,op1,,15,linear3,,35
p2376,2049.208,BATCH_PIPELINE,op1,,1,const,,55
p2376,,,op2,op1,15,linear3,,37.5
p2376,,,op3,op2,80,squared,,10
p2376,,,op4,op3,20,linear7,,30
p2376,,,op5,op4,1,const,,55
p2376,,,op6,op5,80,squared,,10
p2376,,,op7,op6,40,linear7,,20
p2377,2049.208,BATCH_PIPELINE,op1,,1,const,,55
p2377,,,op2,,1,const,,55
p2377,,,op3,,5,linear3,,45
p2377,,,op4,,40,linear7,,20
p2377,,,op5,,15,linear3,,37.5
p2377,,,op6,,80,squared,,10
p2377,,,op7,,40,linear7,,20
p2377,,,op8,,15,linear3,,37.5
p2377,,,op9,op1;op2;op3;op4;op5;op6;op7;op8,40,linear7,,20
p2378,2049.208,INTERACTIVE,op1,,1,const,,55
p2378,,,op2,op1,15,linear3,,37.5
p2378,,,op3,op2,1,const,,55
p2378,,,op4,op3,15,linear3,,37.5
p2378,,,op5,op4,20,linear7,,30
p2378,,,op6,op5,15,linear3,,37.5
p2378,,,op7,op6,15,linear3,,37.5
p2379,2049.208,INTERACTIVE,op1,,1,const,,55
p2379,,,op2,,5,linear3,,45
p2379,,,op3,,2,sqrt,,55
p2379,,,op4,op1;op2;op3,40,linear7,,20
p2380,2049.208,INTERACTIVE,op1,,1,const,,55
p2380,,,op2,op1,1,const,,55
p2380,,,op3,op1,5,linear3,,45
p2380,,,op4,op1,40,linear7,,20
p2380,,,op5,op1,2,sqrt,,55
p2380,,,op6,op1,2,sqrt,,55
p2380,,,op7,op1,15,linear3,,37.5
p2380,,,op8,op1,15,linear3,,37.5
p2381,2059.666,BATCH_PIPELINE,op1,,1,const,,55
p2381,,,op2,op1,1,const,,55
p2382,2059.666,BATCH_PIPELINE,op1,,1,const,,55
p2382,,,op2,,15,linear3,,37.5
p2382,,,op3,op1;op2,15,linear3,,37.5
p2383,2059.666,BATCH_PIPELINE,op1,,1,const,,55
p2383,,,op2,,1,const,,55
p2383,,,op3,,2,sqrt,,55
p2383,,,op4,,5,linear3,,45
p2383,,,op5,,2,sqrt,,55
p2383,,,op6,,5,linear3,,45
p2383,,,op7,,15,linear3,,37.5
p2383,,,op8,,40,linear7,,20
p2383,,,op9,,1,const,,55
p2383,,,op10,op1;op2;op3;op4;op5;op6;op7;op8;op9,5,linear3,,45
p2384,2059.666,INTERACTIVE,op1,,1,const,,55
p2384,,,op2,op1,15,linear3,,37.5
p2384,,,op3,op2,15,linear3,,37.5
p2384,,,op4,op3,20,linear7,,30
p2384,,,op5,op4,15,linear3,,37.5
p2384,,,op6,op5,5,linear3,,45
p2385,2059.666,BATCH_PIPELINE,op1,,1,const,,55
p2385,,,op2,op1,2,sqrt,,55
p2385,,,op3,op2,20,linear7,,30
p2385,,,op4,op3,40,linear7,,20
p2385,,,op5,op4,2,sqrt,,55
p2385,,,op6,op5,2,sqrt,,55
p2385,,,op7,op6,2,sqrt,,55
p2385,,,op8,op7,1,const,,55
p2386,2059.666,BATCH_PIPELINE,op1,,1,const,,55
p2386,,,op2,,1,const,,55
p2386,,,op3,,5,linear3,,45
p2386,,,op4,,2,sqrt,,55
p2386,,,op5,,40,linear7,,20
p2386,,,op6,,1,const,,55
p2386,,,op7,op1;op2;op3;op4;op5;op6,1,const,,55
p2387,2059.666,BATCH_PIPELINE,op1,,1,const,,55
p2387,,,op2,op1,20,linear7,,30
p2387,,,op3,op2,15,linear3,,37.5
p2387,,,op4,op3,5,linear3,,45
p2387,,,op5,op4,1,const,,55
p2387,,,op6,op5,1,const,,55
p2387,,,op7,op6,2,sqrt,,55
p2388,2059.666,QUERY,op1,,15,linear3,,35
p2389,2059.666,INTERACTIVE,op1,,1,const,,55
p2389,,,op2,op1,5,linear3,,45
p2389,,,op3,op2,5,linear3,,45
p2389,,,op4,op3,15,linear3,,37.5
p2390,2059.666,BATCH_PIPELINE,op1,,1,const,,55
p2390,,,op2,op1,5,linear3,,45
p2390,,,op3,op1,40,linear7,,20
p2390,,,op4,op1,5,linear3,,45
p2390,,,op5,op1,5,linear3,,45
p2390,,,op6,op1,5,linear3,,45
p2391,2069.187,BATCH_PIPELINE,op1,,1,const,,55
p2391,,,op2,,40,linear7,,20
p2391,,,op3,,40,linear7,,20
p2391,,,op4,,1,const,,55
p2391,,,op5,,1,const,,55
p2391,,,op6,,15,linear3,,37.5
p2391,,,op7,,20,linear7,,30
p2391,,,op8,op1;op2;op3;op4;op5;op6;op7,2,sqrt,,55
p2392,2069.187,BATCH_PIPELINE,op1,,1,const,,55
p2392,,,op2,op1,40,linear7,,20
p2392,,,op3,op2,5,linear3,,45
p2392,,,op4,op3,2,sqrt,,55
p2392,,,op5,op4,20,linear7,,30
p2392,,,op6,op5,5,linear3,,45
p2392,,,op7,op6,2,sqrt,,55
p2392,,,op8,op7,2,sqrt,,55
p2392,,,op9,op8,2,sqrt,,55
p2392,,,op10,op9,20,linear7,,30
p2393,2069.187,BATCH_PIPELINE,op1,,1,const,,55
p2393,,,op2,op1,5,linear3,,45
p2393,,,op3,op2,5,linear3,,45
p2393,,,op4,op3,5,linear3,,45
p2393,,,op5,op4,5,linear3,,45
p2393,,,op6,op5,5,linear3,,45
p2393,,,op7,op6,2,sqrt,,55
p2393,,,op8,op7,40,linear7,,20
p2393,,,op9,op8,15,linear3,,37.5
p2394,2069.187,BATCH_PIPELINE,op1,,1,const,,55
p2394,,,op2,op1,2,sqrt,,55
p2394,,,op3,op2,20,linear7,,30
p2394,,,op4,op3,2,sqrt,,55
p2394,,,op5,op4,1,const,,55
p2394,,,op6,op5,15,linear3,,37.5
p2395,2069.187,BATCH_PIPELINE,op1,,1,const,,55
p2395,,,op2,op1,1,const,,55
p2395,,,op3,op1,80,squared,,10
p2395,,,op4,op1,40,linear7,,20
p2395,,,op5,op1,2,sqrt,,55
p2395,,,op6,op1,5,linear3,,45
p2396,2069.187,BATCH_PIPELINE,op1,,1,const,,55
p2396,,,op2,op1,1,const,,55
p2396,,,op3,op2,80,squared,,10
p2396,,,op4,op3,20,linear7,,30
p2396,,,op5,op4,15,linear3,,37.5
p2396,,,op6,op5,15,linear3,,37.5
p2396,,,op7,op6,20,linear7,,30
p2396,,,op8,op7,20,linear7,,30
p2396,,,op9,op8,1,const,,55
p2397,2069.187,BATCH_PIPELINE,op1,,1,const,,55
p2397,,,op2,op1,20,linear7,,30
p2397,,,op3,op2,1,const,,55
p2397,,,op4,op3,1,const,,55
p2397,,,op5,op4,2,sqrt,,55
p2397,,,op6,op5,15,linear3,,37.5
p2397,,,op7,op6,20,linear7,,30
p2398,2069.187,QUERY,op1,,15,linear3,,35
p2399,2069.187,INTERACTIVE,op1,,1,const,,55
p2399,,,op2,op1,20,linear7,,30
p2399,,,op3,op2,5,linear3,,45
p2399,,,op4,op3,5,linear3,,45
p2399,,,op5,op4,1,const,,55
p2399,,,op6,op5,1,const,,55
p2399,,,op7,op6,15,linear3,,37.5
p2399,,,op8,op7,5,linear3,,45
p2399,,,op9,op8,5,linear3,,45
p2400,2069.187,BATCH_PIPELINE,op1,,1,const,,55
p2400,,,op2,,5,linear3,,45
p2400,,,op3,,20,linear7,,30
p2400,,,op4,,1,const,,55
p2400,,,op5,,15,linear3,,37.5
p2400,,,op6,,5,linear3,,45
p2400,,,op7,op1;op2;op3;op4;op5;op6,2,sqrt,,55
p2401,2077.527,INTERACTIVE,op1,,1,const,,55
p2401,,,op2,op1,40,linear7,,20
p2401,,,op3,op1,5,linear3,,45
p2401,,,op4,op1,2,sqrt,,55
p2401,,,op5,op1,40,linear7,,20
p2401,,,op6,op1,1,const,,55
p2401,,,op7,op1,2,sqrt,,55
p2401,,,op8,op1,1,const,,55
p2402,2077.527,BATCH_PIPELINE,op1,,1,const,,55
p2402,,,op2,,2,sqrt,,55
p2402,,,op3,,15,linear3,,37.5
p2402,,,op4,,2,sqrt,,55
p2402,,,op5,,5,linear3,,45
p2402,,,op6,,5,linear3,,45
p2402,,,op7,,15,linear3,,37.5
p2402,,,op8,,2,sqrt,,55
p2402,,,op9,,15,linear3,,37.5
p2402,,,op10,,1,const,,55
p2402,,,op11,op1;op2;op3;op4;op5;op6;op7;op8;op9;op10,5,linear3,,45
p2403,2077.527,BATCH_PIPELINE,op1,,1,const,,55
p2403,,,op2,op1,20,linear7,,30
p2403,,,op3,op2,5,linear3,,45
p2403,,,op4,op3,15,linear3,,37.5
p2403,,,op5,op4,5,linear3,,45
p2403,,,op6,op5,1,const,,55
p2403,,,op7,op6,1,const,,55
p2404,2077.527,BATCH_PIPELINE,op1,,1,const,,55
p2404,,,op2,op1,2,sqrt,,55
p2404,,,op3,op2,5,linear3,,45
p2404,,,op4,op3,5,linear3,,45
p2404,,,op5,op4,20,linear7,,30
p2404,,,op6,op5,20,linear7,,30
p2404,,,op7,op6,2,sqrt,,55
p2404,,,op8,op7,5,linear3,,45
p2405,2077.527,INTERACTIVE,op1,,1,const,,55
p2405,,,op2,op1,5,linear3,,45
p2405,,,op3,op2,40,linear7,,20
p2405,,,op4,op3,1,const,,55
p2405,,,op5,op4,2,sqrt,,55
p2405,,,op6,op5,1,const,,55
p2405,,,op7,op6,15,linear3,,37.5
p2405,,,op8,op7,20,linear7,,30
p2406,2077.527,BATCH_PIPELINE,op1,,1,const,,55
p2406,,,op2,op1,20,linear7,,30
p2406,,,op3,op1,1,const,,55
p2406,,,op4,op1,20,linear7,,30
p2406,,,op5,op1,15,linear3,,37.5
p2406,,,op6,op1,20,linear7,,30
p2406,,,op7,op1,5,linear3,,45
p2406,,,op8,op1,15,linear3,,37.5
p2407,2077.527,BATCH_PIPELINE,op1,,1,const,,55
p2407,,,op2,,40,linear7,,20
p2407,,,op3,,5,linear3,,45
p2407,,,op4,,1,const,,55
p2407,,,op5,,20,linear7,,30
p2407,,,op6,,40,linear7,,20
p2407,,,op7,op1;op2;op3;op4;op5;op6,40,linear7,,20
p2408,2077.527,QUERY,op1,,15,linear3,,35
p2409,2077.527,BATCH_PIPELINE,op1,,1,const,,55
p2409,,,op2,op1,15,linear3,,37.5
p2409,,,op3,op2,80,squared,,10
p2409,,,op4,op3,1,const,,55
p2409,,,op5,op4,80,squared,,10
p2409,,,op6,op5,5,linear3,,45
p2410,2077.527,BATCH_PIPELINE,op1,,1,const,,55
p2410,,,op2,op1,20,linear7,,30
p2410,,,op3,op1,2,sqrt,,55
p2410,,,op4,op1,20,linear7,,30
p2410,,,op5,op1,1,const,,55
p2410,,,op6,op1,2,sqrt,,55
p2410,,,op7,op1,5,linear3,,45
p2410,,,op8,op1,2,sqrt,,55
p2410,,,op9,op1,40,linear7,,20
p2411,2085.227,BATCH_PIPELINE,op1,,1,const,,55
p2411,,,op2,op1,2,sqrt,,55
p2411,,,op3,op2,40,linear7,,20
p2411,,,op4,op3,40,linear7,,20
p2411,,,op5,op4,5,linear3,,45
p2411,,,op6,op5,15,linear3,,37.5
p2412,2085.227,BATCH_PIPELINE,op1,,1,const,,55
p2412,,,op2,op1,5,linear3,,45
p2412,,,op3,op2,15,linear3,,37.5
p2412,,,op4,op3,1,const,,55
p2412,,,op5,op4,5,linear3,,45
p2412,,,op6,op5,20,linear7,,30
p2412,,,op7,op6,15,linear3,,37.5
p2412,,,op8,op7,20,linear7,,30
p2412,,,op9,op8,5,linear3,,45
p2413,2085.227,INTERACTIVE,op1,,1,const,,55
p2413,,,op2,op1,80,squared,,10
p2413,,,op3,op2,15,linear3,,37.5
p2413,,,op4,op3,2,sqrt,,55
p2413,,,op5,op4,1,const,,55
p2414,2085.227,BATCH_PIPELINE,op1,,1,const,,55
p2414,,,op2,,5,linear3,,45
p2414,,,op3,,2,sqrt,,55
p2414,,,op4,,2,sqrt,,55
p2414,,,op5,,20,linear7,,30
p2414,,,op6,op1;op2;op3;op4;op5,5,linear3,,45
p2415,2085.227,BATCH_PIPELINE,op1,,1,const,,55
p2415,,,op2,,40,linear7,,20
p2415,,,op3,,40,linear7,,20
p2415,,,op4,,1,const,,55
p2415,,,op5,,5,linear3,,45
p2415,,,op6,,2,sqrt,,55
p2415,,,op7,op1;op2;op3;op4;op5;op6,20,linear7,,30
p2416,2085.227,BATCH_PIPELINE,op1,,1,const,,55
p2416,,,op2,op1,2,sqrt,,55
p2416,,,op3,op2,20,linear7,,30
p2416,,,op4,op3,20,linear7,,30
p2416,,,op5,op4,15,linear3,,37.5
p2416,,,op6,op5,15,linear3,,37.5
p2416,,,op7,op6,15,linear3,,37.5
p2416,,,op8,op7,15,linear3,,37.5
p2417,2085.227,BATCH_PIPELINE,op1,,1,const,,55
p2417,,,op2,op1,5,linear3,,45
p2417,,,op3,op1,5,linear3,,45
p2417,,,op4,op1,2,sqrt,,55
p2417,,,op5,op1,2,sqrt,,55
p2417,,,op6,op1,20,linear7,,30
p2417,,,op7,op1,2,sqrt,,55
p2417,,,op8,op1,20,linear7,,30
p2417,,,op9,op1,5,linear3,,45
p2418,2085.227,BATCH_PIPELINE,op1,,1,const,,55
p2418,,,op2,op1,5,linear3,,45
p2418,,,op3,op2,15,linear3,,37.5
p2418,,,op4,op3,20,linear7,,30
p2418,,,op5,op4,1,const,,55
p2418,,,op6,op5,80,squared,,10
p2418,,,op7,op6,80,squared,,10
p2418,,,op8,op7,20,linear7,,30
p2418,,,op9,op8,20,linear7,,30
p2419,2085.227,QUERY,op1,,15,linear3,,35
p2420,2085.227,QUERY,op1,,15,linear3,,35
p2421,2093.98,BATCH_PIPELINE,op1,,1,const,,55
p2421,,,op2,op1,5,linear3,,45
p2421,,,op3,op2,20,linear7,,30
p2421,,,op4,op3,2,sqrt,,55
p2421,,,op5,op4,5,linear3,,45
p2421,,,op6,op5,5,linear3,,45
p2422,2093.98,BATCH_PIPELINE,op1,,1,const,,55
p2422,,,op2,op1,15,linear3,,37.5
p2422,,,op3,op2,15,linear3,,37.5
p2423,2093.98,BATCH_PIPELINE,op1,,1,const,,55
p2423,,,op2,,2,sqrt,,55
p2423,,,op3,,15,linear3,,37.5
p2423,,,op4,,5,linear3,,45
p2423,,,op5,,20,linear7,,30
p2423,,,op6,,15,linear3,,37.5
p2423,,,op7,,40,linear7,,20
p2423,,,op8,,5,linear3,,45
p2423,,,op9,op1;op2;op3;op4;op5;op6;op7;op8,40,linear7,,20
p2424,2093.98,BATCH_PIPELINE,op1,,1,const,,55
p2424,,,op2,op1,2,sqrt,,55
p2424,,,op3,op2,20,linear7,,30
p2424,,,op4,op3,40,linear7,,20
p2424,,,op5,op4,5,linear3,,45
p2424,,,op6,op5,20,linear7,,30
p2424,,,op7,op6,15,linear3,,37.5
p2424,,,op8,op7,15,linear3,,37.5
p2425,2093.98,INTERACTIVE,op1,,1,const,,55
p2425,,,op2,op1,20,linear7,,30
p2425,,,op3,op2,40,linear7,,20
p2425,,,op4,op3,2,sqrt,,55
p2425,,,op5,op4,5,linear3,,45
p2425,,,op6,op5,1,const,,55
p2425,,,op7,op6,20,linear7,,30
p2425,,,op8,op7,40,linear7,,20
p2425,,,op9,op8,5,linear3,,45
p2426,2093.98,BATCH_PIPELINE,op1,,1,const,,55
p2426,,,op2,op1,15,linear3,,37.5
p2426,,,op3,op2,2,sqrt,,55
p2426,,,op4,op3,5,linear3,,45
p2426,,,op5,op4,2,sqrt,,55
p2426,,,op6,op5,20,linear7,,30
p2426,,,op7,op6,15,linear3,,37.5
p2427,2093.98,BATCH_PIPELINE,op1,,1,const,,55
p2427,,,op2,op1,40,linear7,,20
p2427,,,op3,op1,5,linear3,,45
p2427,,,op4,op1,20,linear7,,30
p2427,,,op5,op1,2,sqrt,,55
p2427,,,op6,op1,20,linear7,,30
p2427,,,op7,op1,40,linear7,,20
p2427,,,op8,op1,40,linear7,,20
p2428,2093.98,INTERACTIVE,op1,,1,const,,55
p2428,,,op2,op1,80,squared,,10
p2428,,,op3,op2,1,const,,55
p2428,,,op4,op3,2,sqrt,,55
p2428,,,op5,op4,1,const,,55
p2428,,,op6,op5,40,linear7,,20
p2428,,,op7,op6,1,const,,55
p2428,,,op8,op7,1,const,,55
p2429,2093.98,INTERACTIVE,op1,,1,const,,55
p2429,,,op2,op1,1,const,,55
p2429,,,op3,op2,1,const,,55
p2429,,,op4,op3,5,linear3,,45
p2430,2093.98,INTERACTIVE,op1,,1,const,,55
p2430,,,op2,op1,5,linear3,,45
p2430,,,op3,op2,5,linear3,,45
p2430,,,op4,op3,5,linear3,,45
p2431,2105.634,BATCH_PIPELINE,op1,,1,const,,55
p2431,,,op2,op1,5,linear3,,45
p2431,,,op3,op2,15,linear3,,37.5
p2431,,,op4,op3,5,linear3,,45
p2431,,,op5,op4,20,linear7,,30
p2431,,,op6,op5,80,squared,,10
p2431,,,op7,op6,1,const,,55
p2432,2105.634,BATCH_PIPELINE,op1,,1,const,,55
p2432,,,op2,,20,linear7,,30
p2432,,,op3,,20,linear7,,30
p2432,,,op4,,40,linear7,,20
p2432,,,op5,,80,squared,,10
p2432,,,op6,,15,linear3,,37.5
p2432,,,op7,,1,const,,55
p2432,,,op8,,2,sqrt,,55
p2432,,,op9,,80,squared,,10
p2432,,,op10,,1,const,,55
p2432,,,op11,op1;op2;op3;op4;op5;op6;op7;op8;op9;op10,15,linear3,,37.5
p2433,2105.634,BATCH_PIPELINE,op1,,1,const,,55
p2433,,,op2,op1,15,linear3,,37.5
p2433,,,op3,op2,5,linear3,,45
p2433,,,op4,op3,2,sqrt,,55
p2433,,,op5,op4,1,const,,55
p2434,2105.634,BATCH_PIPELINE,op1,,1,const,,55
p2434,,,op2,,15,linear3,,37.5
p2434,,,op3,,20,linear7,,30
p2434,,,op4,,5,linear3,,45
p2434,,,op5,,15,linear3,,37.5
p2434,,,op6,,15,linear3,,37.5
p2434,,,op7,op1;op2;op3;op4;op5;op6,2,sqrt,,55
p2435,2105.634,BATCH_PIPELINE,op1,,1,const,,55
p2435,,,op2,op1,20,linear7,,30
p2435,,,op3,op2,2,sqrt,,55
p2435,,,op4,op3,20,linear7,,30
p2435,,,op5,op4,15,linear3,,37.5
p2435,,,op6,op5,2,sqrt,,55
p2435,,,op7,op6,5,linear3,,45
p2435,,,op8,op7,20,linear7,,30
p2435,,,op9,op8,40,linear7,,20
p2436,2105.634,BATCH_PIPELINE,op1,,1,const,,55
p2436,,,op2,,15,linear3,,37.5
p2436,,,op3,,5,linear3,,45
p2436,,,op4,,15,linear3,,37.5
p2436,,,op5,,2,sqrt,,55
p2436,,,op6,,5,linear3,,45
p2436,,,op7,,1,const,,55
p2436,,,op8,,1,const,,55
p2436,,,op9,,80,squared,,10
p2436,,,op10,,15,linear3,,37.5
p2436,,,op11,op1;op2;op3;op4;op5;op6;op7;op8;op9;op10,15,linear3,,37.5
p2437,2105.634,BATCH_PIPELINE,op1,,1,const,,55
p2437,,,op2,op1,15,linear3,,37.5
p2437,,,op3,op2,5,linear3,,45
p2437,,,op4,op3,2,sqrt,,55
p2437,,,op5,op4,15,linear3,,37.5
p2437,,,op6,op5,15,linear3,,37.5
p2438,2105.634,BATCH_PIPELINE,op1,,1,const,,55
p2438,,,op2,op1,5,linear3,,45
p2438,,,op3,op1,40,linear7,,20
p2438,,,op4,op1,2,sqrt,,55
p2438,,,op5,op1,1,const,,55
p2438,,,op6,op1,20,linear7,,30
p2438,,,op7,op1,2,sqrt,,55
p2438,,,op8,op1,1,const,,55
p2438,,,op9,op1,20,linear7,,30
p2439,2105.634,BATCH_PIPELINE,op1,,1,const,,55
p2439,,,op2,op1,1,const,,55
p2439,,,op3,op1,5,linear3,,45
p2439,,,op4,op1,1,const,,55
p2439,,,op5,op1,15,linear3,,37.5
p2440,2105.634,INTERACTIVE,op1,,1,const,,55
p2440,,,op2,op1,40,linear7,,20
p2440,,,op3,op2,5,linear3,,45
p2440,,,op4,op3,1,const,,55
p2440,,,op5,op4,15,linear3,,37.5
p2440,,,op6,op5,5,linear3,,45
p2440,,,op7,op6,1,const,,55
p2440,,,op8,op7,1,const,,55
p2440,,,op9,op8,2,sqrt,,55
p2441,2118.134,BATCH_PIPELINE,op1,,1,const,,55
p2441,,,op2,op1,1,const,,55
p2441,,,op3,op2,2,sqrt,,55
p2441,,,op4,op3,15,linear3,,37.5
p2441,,,op5,op4,15,linear3,,37.5
p2441,,,op6,op5,2,sqrt,,55
p2441,,,op7,op6,5,linear3,,45
p2442,2118.134,INTERACTIVE,op1,,1,const,,55
p2442,,,op2,op1,15,linear3,,37.5
p2442,,,op3,op2,20,linear7,,30
p2442,,,op4,op3,80,squared,,10
p2442,,,op5,op4,20,linear7,,30
p2442,,,op6,op5,80,squared,,10
p2442,,,op7,op6,2,sqrt,,55
p2443,2118.134,BATCH_PIPELINE,op1,,1,const,,55
p2443,,,op2,op1,40,linear7,,20
p2443,,,op3,op2,1,const,,55
p2443,,,op4,op3,5,linear3,,45
p2443,,,op5,op4,15,linear3,,37.5
p2443,,,op6,op5,15,linear3,,37.5
p2443,,,op7,op6,5,linear3,,45
p2444,2118.134,INTERACTIVE,op1,,1,const,,55
p2444,,,op2,,15,linear3,,37.5
p2444,,,op3,,2,sqrt,,55
p2444,,,op4,,80,squared,,10
p2444,,,op5,,1,const,,55
p2444,,,op6,,80,squared,,10
p2444,,,op7,,40,linear7,,20
p2444,,,op8,,40,linear7,,20
p2444,,,op9,,20,linear7,,30
p2444,,,op10,op1;op2;op3;op4;op5;op6;op7;op8;op9,1,const,,55
p2445,2118.134,QUERY,op1,,15,linear3,,35
p2446,2118.134,BATCH_PIPELINE,op1,,1,const,,55
p2446,,,op2,op1,5,linear3,,45
p2446,,,op3,op2,20,linear7,,30
p2446,,,op4,op3,5,linear3,,45
p2446,,,op5,op4,1,const,,55
p2446,,,op6,op5,20,linear7,,30
p2446,,,op7,op6,20,linear7,,30
p2446,,,op8,op7,5,linear3,,45
p2447,2118.134,BATCH_PIPELINE,op1,,1,const,,55
p2447,,,op2,op1,15,linear3,,37.5
p2447,,,op3,op2,40,linear7,,20
p2447,,,op4,op3,1,const,,55
p2447,,,op5,op4,15,linear3,,37.5
p2447,,,op6,op5,5,linear3,,45
p2447,,,op7,op6,2,sqrt,,55
p2447,,,op8,op7,40,linear7,,20
p2448,2118.134,BATCH_PIPELINE,op1,,1,const,,55
p2448,,,op2,op1,20,linear7,,30
p2448,,,op3,op2,2,sqrt,,55
p2449,2118.134,INTERACTIVE,op1,,1,const,,55
p2449,,,op2,op1,5,linear3,,45
p2449,,,op3,op2,20,linear7,,30
p2449,,,op4,op3,15,linear3,,37.5
p2450,2118.134,INTERACTIVE,op1,,1,const,,55
p2450,,,op2,op1,2,sqrt,,55
p2450,,,op3,op2,1,const,,55
p2450,,,op4,op3,20,linear7,,30
p2450,,,op5,op4,15,linear3,,37.5
p2450,,,op6,op5,20,linear7,,30
p2450,,,op7,op6,2,sqrt,,55
p2450,,,op8,op7,15,linear3,,37.5
p2451,2124.04,INTERACTIVE,op1,,1,const,,55
p2451,,,op2,,1,const,,55
p2451,,,op3,,1,const,,55
p2451,,,op4,,5,linear3,,45
p2451,,,op5,,20,linear7,,30
p2451,,,op6,,2,sqrt,,55
p2451,,,op7,,15,linear3,,37.5
p2451,,,op8,op1;op2;op3;op4;op5;op6;op7,15,linear3,,37.5
p2452,2124.04,BATCH_PIPELINE,op1,,1,const,,55
p2452,,,op2,op1,2,sqrt,,55
p2452,,,op3,op2,40,linear7,,20
p2452,,,op4,op3,80,squared,,10
p2452,,,op5,op4,20,linear7,,30
p2452,,,op6,op5,40,linear7,,20
p2452,,,op7,op6,1,const,,55
p2452,,,op8,op7,2,sqrt,,55
p2453,2124.04,BATCH_PIPELINE,op1,,1,const,,55
p2453,,,op2,op1,20,linear7,,30
p2453,,,op3,op2,15,linear3,,37.5
p2453,,,op4,op3,15,linear3,,37.5
p2453,,,op5,op4,5,linear3,,45
p2453,,,op6,op5,1,const,,55
p2453,,,op7,op6,1,const,,55
p2453,,,op8,op7,40,linear7,,20
p2453,,,op9,op8,2,sqrt,,55
p2453,,,op10,op9,1,const,,55
p2453,,,op11,op10,15,linear3,,37.5
p2453,,,op12,op11,15,linear3,,37.5
p2454,2124.04,BATCH_PIPELINE,op1,,1,const,,55
p2454,,,op2,op1,2,sqrt,,55
p2454,,,op3,op2,5,linear3,,45
p2454,,,op4,op3,20,linear7,,30
p2454,,,op5,op4,1,const,,55
p2454,,,op6,op5,15,linear3,,37.5
p2454,,,op7,op6,20,linear7,,30
p2454,,,op8,op7,20,linear7,,30
p2454,,,op9,op8,20,linear7,,30
p2454,,,op10,op9,40,linear7,,20
p2455,2124.04,QUERY,op1,,15,linear3,,35
p2456,2124.04,BATCH_PIPELINE,op1,,1,const,,55
p2456,,,op2,,1,const,,55
p2456,,,op3,,1,const,,55
p2456,,,op4,,80,squared,,10
p2456,,,op5,,2,sqrt,,55
p2456,,,op6,,5,linear3,,45
p2456,,,op7,,20,linear7,,30
p2456,,,op8,op1;op2;op3;op4;op5;op6;op7,20,linear7,,30
p2457,2124.04,BATCH_PIPELINE,op1,,1,const,,55
p2457,,,op2,op1,20,linear7,,30
p2457,,,op3,op2,20,linear7,,30
p2457,,,op4,op3,1,const,,55
p2457,,,op5,op4,40,linear7,,20
p2457,,,op6,op5,1,const,,55
p2457,,,op7,op6,40,linear7,,20
p2457,,,op8,op7,2,sqrt,,55
p2458,2124.04,BATCH_PIPELINE,op1,,1,const,,55
p2458,,,op2,,15,linear3,,37.5
p2458,,,op3,,5,linear3,,45
p2458,,,op4,,20,linear7,,30
p2458,,,op5,,80,squared,,10
p2458,,,op6,,1,const,,55
p2458,,,op7,,1,const,,55
p2458,,,op8,,5,linear3,,45
p2458,,,op9,op1;op2;op3;op4;op5;op6;op7;op8,5,linear3,,45
p2459,2124.04,BATCH_PIPELINE,op1,,1,const,,55
p2459,,,op2,op1,1,const,,55
p2459,,,op3,op2,15,linear3,,37.5
p2459,,,op4,op3,20,linear7,,30
p2459,,,op5,op4,15,linear3,,37.5
p2459,,,op6,op5,15,linear3,,37.5
p2460,2124.04,BATCH_PIPELINE,op1,,1,const,,55
p2460,,,op2,op1,15,linear3,,37.5
p2460,,,op3,op1,20,linear7,,30
p2460,,,op4,op1,20,linear7,,30
p2460,,,op5,op1,1,const,,55
p2460,,,op6,op1,5,linear3,,45
p2460,,,op7,op1,1,const,,55
p2460,,,op8,op1,20,linear7,,30
p2461,2134.676,BATCH_PIPELINE,op1,,1,const,,55
p2461,,,op2,,5,linear3,,45
p2461,,,op3,,40,linear7,,20
p2461,,,op4,,80,squared,,10
p2461,,,op5,,40,linear7,,20
p2461,,,op6,op1;op2;op3;op4;op5,15,linear3,,37.5
p2462,2134.676,INTERACTIVE,op1,,1,const,,55
p2462,,,op2,op1,2,sqrt,,55
p2462,,,op3,op1,2,sqrt,,55
p2462,,,op4,op1,5,linear3,,45
p2462,,,op5,op1,15,linear3,,37.5
p2462,,,op6,op1,1,const,,55
p2462,,,op7,op1,5,linear3,,45
p2462,,,op8,op1,15,linear3,,37.5
p2463,2134.676,BATCH_PIPELINE,op1,,1,const,,55
p2463,,,op2,op1,1,const,,55
p2463,,,op3,op2,2,sqrt,,55
p2463,,,op4,op3,5,linear3,,45
p2463,,,op5,op4,20,linear7,,30
p2463,,,op6,op5,15,linear3,,37.5
p2463,,,op7,op6,2,sqrt,,55
p2464,2134.676,BATCH_PIPELINE,op1,,1,const,,55
p2464,,,op2,op1,5,linear3,,45
p2464,,,op3,op2,1,const,,55
p2464,,,op4,op3,2,sqrt,,55
p2464,,,op5,op4,15,linear3,,37.5
p2464,,,op6,op5,15,linear3,,37.5
p2464,,,op7,op6,20,linear7,,30
p2464,,,op8,op7,15,linear3,,37.5
p2464,,,op9,op8,5,linear3,,45
p2464,,,op10,op9,2,sqrt,,55
p2464,,,op11,op10,80,squared,,10
p2465,2134.676,BATCH_PIPELINE,op1,,1,const,,55
p2465,,,op2,op1,5,linear3,,45
p2465,,,op3,op2,20,linear7,,30
p2465,,,op4,op3,2,sqrt,,55
p2465,,,op5,op4,40,linear7,,20
p2466,2134.676,QUERY,op1,,15,linear3,,35
p2467,2134.676,BATCH_PIPELINE,op1,,1,const,,55
p2467,,,op2,op1,15,linear3,,37.5
p2467,,,op3,op2,15,linear3,,37.5
p2467,,,op4,op3,5,linear3,,45
p2467,,,op5,op4,15,linear3,,37.5
p2467,,,op6,op5,20,linear7,,30
p2468,2134.676,BATCH_PIPELINE,op1,,1,const,,55
p2468,,,op2,op1,5,linear3,,45
p2468,,,op3,op2,15,linear3,,37.5
p2468,,,op4,op3,2,sqrt,,55
p2468,,,op5,op4,1,const,,55
p2468,,,op6,op5,5,linear3,,45
p2468,,,op7,op6,1,const,,55
p2469,2134.676,BATCH_PIPELINE,op1,,1,const,,55
p2469,,,op2,,2,sqrt,,55
p2469,,,op3,,15,linear3,,37.5
p2469,,,op4,,1,const,,55
p2469,,,op5,,20,linear7,,30
p2469,,,op6,,40,linear7,,20
p2469,,,op7,,5,linear3,,45
p2469,,,op8,,2,sqrt,,55
p2469,,,op9,op1;op2;op3;op4;op5;op6;op7;op8,1,const,,55
p2470,2134.676,BATCH_PIPELINE,op1,,1,const,,55
p2470,,,op2,op1,5,linear3,,45
p2470,,,op3,op2,1,const,,55
p2470,,,op4,op3,20,linear7,,30
p2470,,,op5,op4,5,linear3,,45
p2470,,,op6,op5,15,linear3,,37.5
p2470,,,op7,op6,15,linear3,,37.5
p2470,,,op8,op7,15,linear3,,37.5
p2470,,,op9,op8,40,linear7,,20
p2470,,,op10,op9,40,linear7,,20
p2470,,,op11,op10,2,sqrt,,55
p2470,,,op12,op11,2,sqrt,,55
p2471,2138.053,QUERY,op1,,15,linear3,,35
p2472,2138.053,BATCH_PIPELINE,op1,,1,const,,55
p2472,,,op2,op1,5,linear3,,45
p2472,,,op3,op2,20,linear7,,30
p2472,,,op4,op3,15,linear3,,37.5
p2472,,,op5,op4,5,linear3,,45
p2472,,,op6,op5,80,squared,,10
p2472,,,op7,op6,20,linear7,,30
p2472,,,op8,op7,5,linear3,,45
p2473,2138.053,BATCH_PIPELINE,op1,,1,const,,55
p2473,,,op2,op1,1,const,,55
p2473,,,op3,op2,20,linear7,,30
p2473,,,op4,op3,40,linear7,,20
p2473,,,op5,op4,40,linear7,,20
p2473,,,op6,op5,80,squared,,10
p2473,,,op7,op6,80,squared,,10
p2473,,,op8,op7,80,squared,,10
p2473,,,op9,op8,15,linear3,,37.5
p2474,2138.053,BATCH_PIPELINE,op1,,1,const,,55
p2474,,,op2,,20,linear7,,30
p2474,,,op3,,15,linear3,,37.5
p2474,,,op4,op1;op2;op3,1,const,,55
p2475,2138.053,INTERACTIVE,op1,,1,const,,55
p2475,,,op2,,15,linear3,,37.5
p2475,,,op3,,15,linear3,,37.5
p2475,,,op4,,40,linear7,,20
p2475,,,op5,,80,squared,,10
p2475,,,op6,,5,linear3,,45
p2475,,,op7,,15,linear3,,37.5
p2475,,,op8,,15,linear3,,37.5
p2475,,,op9,op1;op2;op3;op4;op5;op6;op7;op8,20,linear7,,30
p2476,2138.053,BATCH_PIPELINE,op1,,1,const,,55
p2476,,,op2,op1,15,linear3,,37.5
p2476,,,op3,op2,15,linear3,,37.5
p2476,,,op4,op3,5,linear3,,45
p2476,,,op5,op4,1,const,,55
p2476,,,op6,op5,5,linear3,,45
p2476,,,op7,op6,2,sqrt,,55
p2476,,,op8,op7,80,squared,,10
p2476,,,op9,op8,15,linear3,,37.5
p2476,,,op10,op9,2,sqrt,,55
p2477,2138.053,INTERACTIVE,op1,,1,const,,55
p2477,,,op2,op1,5,linear3,,45
p2477,,,op3,op2,20,linear7,,30
p2477,,,op4,op3,5,linear3,,45
p2477,,,op5,op4,40,linear7,,20
p2477,,,op6,op5,20,linear7,,30
p2477,,,op7,op6,1,const,,55
p2477,,,op8,op7,1,const,,55
p2477,,,op9,op8,80,squared,,10
p2478,2138.053,BATCH_PIPELINE,op1,,1,const,,55
p2478,,,op2,op1,15,linear3,,37.5
p2478,,,op3,op2,1,const,,55
p2478,,,op4,op3,5,linear3,,45
p2478,,,op5,op4,5,linear3,,45
p2479,2138.053,INTERACTIVE,op1,,1,const,,55
p2479,,,op2,op1,5,linear3,,45
p2479,,,op3,op2,1,const,,55
p2479,,,op4,op3,15,linear3,,37.5
p2479,,,op5,op4,80,squared,,10
p2479,,,op6,op5,5,linear3,,45
p2479,,,op7,op6,20,linear7,,30
p2479,,,op8,op7,2,sqrt,,55
p2479,,,op9,op8,15,linear3,,37.5
p2479,,,op10,op9,1,const,,55
p2480,2138.053,BATCH_PIPELINE,op1,,1,const,,55
p2480,,,op2,op1,80,squared,,10
p2480,,,op3,op2,5,linear3,,45
p2480,,,op4,op3,1,const,,55
p2480,,,op5,op4,5,linear3,,45
p2480,,,op6,op5,15,linear3,,37.5
p2480,,,op7,op6,15,linear3,,37.5
p2481,2146.699,BATCH_PIPELINE,op1,,1,const,,55
p2481,,,op2,op1,2,sqrt,,55
p2481,,,op3,op2,1,const,,55
p2481,,,op4,op3,15,linear3,,37.5
p2481,,,op5,op4,15,linear3,,37.5
p2481,,,op6,op5,1,const,,55
p2481,,,op7,op6,5,linear3,,45
p2481,,,op8,op7,5,linear3,,45
p2482,2146.699,BATCH_PIPELINE,op1,,1,const,,55
p2482,,,op2,op1,5,linear3,,45
p2482,,,op3,op2,2,sqrt,,55
p2482,,,op4,op3,2,sqrt,,55
p2482,,,op5,op4,5,linear3,,45
p2482,,,op6,op5,20,linear7,,30
p2483,2146.699,INTERACTIVE,op1,,1,const,,55
p2483,,,op2,,40,linear7,,20
p2483,,,op3,,15,linear3,,37.5
p2483,,,op4,,15,linear3,,37.5
p2483,,,op5,,20,linear7,,30
p2483,,,op6,,5,linear3,,45
p2483,,,op7,op1;op2;op3;op4;op5;op6,15,linear3,,37.5
p2484,2146.699,BATCH_PIPELINE,op1,,1,const,,55
p2484,,,op2,op1,15,linear3,,37.5
p2484,,,op3,op2,5,linear3,,45
p2484,,,op4,op3,40,linear7,,20
p2485,2146.699,BATCH_PIPELINE,op1,,1,const,,55
p2485,,,op2,op1,1,const,,55
p2485,,,op3,op2,15,linear3,,37.5
p2485,,,op4,op3,2,sqrt,,55
p2486,2146.699,INTERACTIVE,op1,,1,const,,55
p2486,,,op2,op1,2,sqrt,,55
p2486,,,op3,op2,20,linear7,,30
p2486,,,op4,op3,20,linear7,,30
p2486,,,op5,op4,1,const,,55
p2486,,,op6,op5,15,linear3,,37.5
p2486,,,op7,op6,1,const,,55
p2486,,,op8,op7,2,sqrt,,55
p2486,,,op9,op8,40,linear7,,20
p2487,2146.699,INTERACTIVE,op1,,1,const,,55
p2487,,,op2,op1,2,sqrt,,55
p2487,,,op3,op2,15,linear3,,37.5
p2487,,,op4,op3,2,sqrt,,55
p2487,,,op5,op4,2,sqrt,,55
p2487,,,op6,op5,5,linear3,,45
p2487,,,op7,op6,15,linear3,,37.5
p2488,2146.699,INTERACTIVE,op1,,1,const,,55
p2488,,,op2,op1,5,linear3,,45
p2488,,,op3,op2,2,sqrt,,55
p2488,,,op4,op3,2,sqrt,,55
p2488,,,op5,op4,20,linear7,,30
p2488,,,op6,op5,5,linear3,,45
p2489,2146.699,INTERACTIVE,op1,,1,const,,55
p2489,,,op2,op1,1,const,,55
p2489,,,op3,op2,5,linear3,,45
p2489,,,op4,op3,2,sqrt,,55
p2489,,,op5,op4,20,linear7,,30
p2489,,,op6,op5,5,linear3,,45
p2489,,,op7,op6,5,linear3,,45
p2489,,,op8,op7,5,linear3,,45
p2489,,,op9,op8,1,const,,55
p2489,,,op10,op9,40,linear7,,20
p2490,2146.699,INTERACTIVE,op1,,1,const,,55
p2490,,,op2,op1,20,linear7,,30
p2490,,,op3,op2,15,linear3,,37.5
p2490,,,op4,op3,80,squared,,10
p2490,,,op5,op4,80,squared,,10
p2490,,,op6,op5,5,linear3,,45
p2491,2154.389,BATCH_PIPELINE,op1,,1,const,,55
p2491,,,op2,op1,5,linear3,,45
p2491,,,op3,op2,20,linear7,,30
p2492,2154.389,BATCH_PIPELINE,op1,,1,const,,55
p2492,,,op2,op1,80,squared,,10
p2492,,,op3,op1,5,linear3,,45
p2492,,,op4,op1,2,sqrt,,55
p2492,,,op5,op1,1,const,,55
p2493,2154.389,BATCH_PIPELINE,op1,,1,const,,55
p2493,,,op2,op1,15,linear3,,37.5
p2493,,,op3,op2,80,squared,,10
p2493,,,op4,op3,40,linear7,,20
p2493,,,op5,op4,15,linear3,,37.5
p2493,,,op6,op5,80,squared,,10
p2493,,,op7,op6,5,linear3,,45
p2493,,,op8,op7,40,linear7,,20
p2493,,,op9,op8,5,linear3,,45
p2493,,,op10,op9,20,linear7,,30
p2493,,,op11,op10,5,linear3,,45
p2494,2154.389,INTERACTIVE,op1,,1,const,,55
p2494,,,op2,op1,15,linear3,,37.5
p2494,,,op3,op2,2,sqrt,,55
p2494,,,op4,op3,15,linear3,,37.5
p2494,,,op5,op4,1,const,,55
p2494,,,op6,op5,20,linear7,,30
p2494,,,op7,op6,20,linear7,,30
p2494,,,op8,op7,5,linear3,,45
p2494,,,op9,op8,80,squared,,10
p2494,,,op10,op9,80,squared,,10
p2494,,,op11,op10,15,linear3,,37.5
p2494,,,op12,op11,20,linear7,,30
p2495,2154.389,BATCH_PIPELINE,op1,,1,const,,55
p2495,,,op2,op1,5,linear3,,45
p2495,,,op3,op2,5,linear3,,45
p2495,,,op4,op3,1,const,,55
p2495,,,op5,op4,20,linear7,,30
p2495,,,op6,op5,40,linear7,,20
p2495,,,op7,op6,5,linear3,,45
p2496,2154.389,BATCH_PIPELINE,op1,,1,const,,55
p2496,,,op2,,2,sqrt,,55
p2496,,,op3,,40,linear7,,20
p2496,,,op4,,1,const,,55
p2496,,,op5,,2,sqrt,,55
p2496,,,op6,,20,linear7,,30
p2496,,,op7,op1;op2;op3;op4;op5;op6,2,sqrt,,55
p2497,2154.389,BATCH_PIPELINE,op1,,1,const,,55
p2497,,,op2,,20,linear7,,30
p2497,,,op3,,15,linear3,,37.5
p2497,,,op4,,15,linear3,,37.5
p2497,,,op5,,40,linear7,,20
p2497,,,op6,,80,squared,,10
p2497,,,op7,,1,const,,55
p2497,,,op8,,5,linear3,,45
p2497,,,op9,,5,linear3,,45
p2497,,,op10,,5,linear3,,45
p2497,,,op11,,20,linear7,,30
p2497,,,op12,op1;op2;op3;op4;op5;op6;op7;op8;op9;op10;op11,15,linear3,,37.5
p2498,2154.389,INTERACTIVE,op1,,1,const,,55
p2498,,,op2,,1,const,,55
p2498,,,op3,,2,sqrt,,55
p2498,,,op4,,2,sqrt,,55
p2498,,,op5,,40,linear7,,20
p2498,,,op6,,2,sqrt,,55
p2498,,,op7,,2,sqrt,,55
p2498,,,op8,,1,const,,55
p2498,,,op9,,80,squared,,10
p2498,,,op10,op1;op2;op3;op4;op5;op6;op7;op8;op9,5,linear3,,45
p2499,2154.389,BATCH_PIPELINE,op1,,1,const,,55
p2499,,,op2,op1,1,const,,55
p2499,,,op3,op2,2,sqrt,,55
p2499,,,op4,op3,2,sqrt,,55
p2499,,,op5,op4,15,linear3,,37.5
p2500,2154.389,BATCH_PIPELINE,op1,,1,const,,55
p2500,,,op2,op1,2,sqrt,,55
p2500,,,op3,op2,20,linear7,,30
p2500,,,op4,op3,5,linear3,,45
p2500,,,op5,op4,2,sqrt,,55
p2500,,,op6,op5,20,linear7,,30
p2500,,,op7,op6,1,const,,55
p2500,,,op8,op7,20,linear7,,30
p2500,,,op9,op8,2,sqrt,,55
p2500,,,op10,op9,2,sqrt,,55
p2500,,,op11,op10,80,squared,,10
p2501,2162.194,BATCH_PIPELINE,op1,,1,const,,55
p2501,,,op2,op1,5,linear3,,45
p2501,,,op3,op2,5,linear3,,45
p2501,,,op4,op3,80,squared,,10
p2501,,,op5,op4,20,linear7,,30
p2501,,,op6,op5,5,linear3,,45
p2501,,,op7,op6,1,const,,55
p2501,,,op8,op7,2,sqrt,,55
p2502,2162.194,INTERACTIVE,op1,,1,const,,55
p2502,,,op2,op1,1,const,,55
p2502,,,op3,op1,20,linear7,,30
p2502,,,op4,op1,40,linear7,,20
p2502,,,op5,op1,15,linear3,,37.5
p2502,,,op6,op1,80,squared,,10
p2502,,,op7,op1,1,const,,55
p2502,,,op8,op1,20,linear7,,30
p2502,,,op9,op1,1,const,,55
p2502,,,op10,op1,40,linear7,,20
p2503,2162.194,INTERACTIVE,op1,,1,const,,55
p2503,,,op2,,5,linear3,,45
p2503,,,op3,,5,linear3,,45
p2503,,,op4,,5,linear3,,45
p2503,,,op5,,2,sqrt,,55
p2503,,,op6,,40,linear7,,20
p2503,,,op7,,40,linear7,,20
p2503,,,op8,,1,const,,55
p2503,,,op9,,15,linear3,,37.5
p2503,,,op10,,15,linear3,,37.5
p2503,,,op11,op1;op2;op3;op4;op5;op6;op7;op8;op9;op10,2,sqrt,,55
p2504,2162.194,BATCH_PIPELINE,op1,,1,const,,55
p2504,,,op2,op1,40,linear7,,20
p2504,,,op3,op1,2,sqrt,,55
p2504,,,op4,op1,15,linear3,,37.5
p2504,,,op5,op1,2,sqrt,,55
p2504,,,op6,op1,15,linear3,,37.5
p2504,,,op7,op1,15,linear3,,37.5
p2504,,,op8,op1,20,linear7,,30
p2504,,,op9,op1,40,linear7,,20
p2504,,,op10,op1,20,linear7,,30
p2505,2162.194,INTERACTIVE,op1,,1,const,,55
p2505,,,op2,op1,80,squared,,10
p2505,,,op3,op2,5,linear3,,45
p2505,,,op4,op3,1,const,,55
p2505,,,op5,op4,80,squared,,10
p2506,2162.194,BATCH_PIPELINE,op1,,1,const,,55
p2506,,,op2,op1,15,linear3,,37.5
p2506,,,op3,op2,20,linear7,,30
p2506,,,op4,op3,20,linear7,,30
p2506,,,op5,op4,2,sqrt,,55
p2506,,,op6,op5,5,linear3,,45
p2506,,,op7,op6,2,sqrt,,55
p2506,,,op8,op7,80,squared,,10
p2507,2162.194,INTERACTIVE,op1,,1,const,,55
p2507,,,op2,op1,15,linear3,,37.5
p2507,,,op3,op2,5,linear3,,45
p2507,,,op4,op3,5,linear3,,45
p2507,,,op5,op4,1,const,,55
p2507,,,op6,op5,1,const,,55
p2508,2162.194,INTERACTIVE,op1,,1,const,,55
p2508,,,op2,op1,20,linear7,,30
p2508,,,op3,op2,1,const,,55
p2508,,,op4,op3,1,const,,55
p2508,,,op5,op4,15,linear3,,37.5
p2508,,,op6,op5,5,linear3,,45
p2508,,,op7,op6,40,linear7,,20
p2509,2162.194,INTERACTIVE,op1,,1,const,,55
p2509,,,op2,op1,2,sqrt,,55
p2509,,,op3,op2,15,linear3,,37.5
p2509,,,op4,op3,1,const,,55
p2510,2162.194,QUERY,op1,,15,linear3,,35
p2511,2168.188,QUERY,op1,,15,linear3,,35
p2512,2168.188,BATCH_PIPELINE,op1,,1,const,,55
p2512,,,op2,op1,2,sqrt,,55
p2512,,,op3,op2,40,linear7,,20
p2512,,,op4,op3,5,linear3,,45
p2512,,,op5,op4,20,linear7,,30
p2512,,,op6,op5,2,sqrt,,55
p2512,,,op7,op6,15,linear3,,37.5
p2512,,,op8,op7,2,sqrt,,55
p2512,,,op9,op8,15,linear3,,37.5
p2512,,,op10,op9,20,linear7,,30
p2513,2168.188,BATCH_PIPELINE,op1,,1,const,,55
p2513,,,op2,,2,sqrt,,55
p2513,,,op3,,1,const,,55
p2513,,,op4,,15,linear3,,37.5
p2513,,,op5,,5,linear3,,45
p2513,,,op6,op1;op2;op3;op4;op5,5,linear3,,45
p2514,2168.188,BATCH_PIPELINE,op1,,1,const,,55
p2514,,,op2,op1,1,const,,55
p2514,,,op3,op2,2,sqrt,,55
p2514,,,op4,op3,20,linear7,,30
p2514,,,op5,op4,15,linear3,,37.5
p2514,,,op6,op5,2,sqrt,,55
p2514,,,op7,op6,2,sqrt,,55
p2514,,,op8,op7,20,linear7,,30
p2514,,,op9,op8,5,linear3,,45
p2515,2168.188,INTERACTIVE,op1,,1,const,,55
p2515,,,op2,op1,20,linear7,,30
p2515,,,op3,op2,15,linear3,,37.5
p2515,,,op4,op3,15,linear3,,37.5
p2515,,,op5,op4,1,const,,55
p2515,,,op6,op5,2,sqrt,,55
p2515,,,op7,op6,2,sqrt,,55
p2515,,,op8,op7,5,linear3,,45
p2515,,,op9,op8,15,linear3,,37.5
p2516,2168.188,INTERACTIVE,op1,,1,const,,55
p2516,,,op2,op1,20,linear7,,30
p2516,,,op3,op2,80,squared,,10
p2516,,,op4,op3,5,linear3,,45
p2516,,,op5,op4,2,sqrt,,55
p2516,,,op6,op5,2,sqrt,,55
p2516,,,op7,op6,15,linear3,,37.5
p2516,,,op8,op7,2,sqrt,,55
p2517,2168.188,INTERACTIVE,op1,,1,const,,55
p2517,,,op2,op1,40,linear7,,20
p2517,,,op3,op2,80,squared,,10
p2517,,,op4,op3,15,linear3,,37.5
p2517,,,op5,op4,2,sqrt,,55
p2518,2168.188,BATCH_PIPELINE,op1,,1,const,,55
p2518,,,op2,op1,15,linear3,,37.5
p2518,,,op3,op2,20,linear7,,30
p2518,,,op4,op3,80,squared,,10
p2518,,,op5,op4,5,linear3,,45
p2519,2168.188,BATCH_PIPELINE,op1,,1,const,,55
p2519,,,op2,,5,linear3,,45
p2519,,,op3,,15,linear3,,37.5
p2519,,,op4,,1,const,,55
p2519,,,op5,,15,linear3,,37.5
p2519,,,op6,,20,linear7,,30
p2519,,,op7,op1;op2;op3;op4;op5;op6,40,linear7,,20
p2520,2168.188,INTERACTIVE,op1,,1,const,,55
p2520,,,op2,op1,5,linear3,,45
p2520,,,op3,op2,40,linear7,,20
p2520,,,op4,op3,1,const,,55
p2520,,,op5,op4,5,linear3,,45
p2520,,,op6,op5,40,linear7,,20
p2520,,,op7,op6,5,linear3,,45
p2520,,,op8,op7,5,linear3,,45
p2520,,,op9,op8,5,linear3,,45
p2520,,,op10,op9,15,linear3,,37.5
p2521,2179.632,BATCH_PIPELINE,op1,,1,const,,55
p2521,,,op2,op1,15,linear3,,37.5
p2521,,,op3,op2,20,linear7,,30
p2521,,,op4,op3,1,const,,55
p2521,,,op5,op4,80,squared,,10
p2521,,,op6,op5,15,linear3,,37.5
p2521,,,op7,op6,1,const,,55
p2521,,,op8,op7,80,squared,,10
p2522,2179.632,BATCH_PIPELINE,op1,,1,const,,55
p2522,,,op2,op1,15,linear3,,37.5
p2522,,,op3,op2,2,sqrt,,55
p2522,,,op4,op3,2,sqrt,,55
p2522,,,op5,op4,2,sqrt,,55
p2522,,,op6,op5,5,linear3,,45
p2522,,,op7,op6,2,sqrt,,55
p2523,2179.632,QUERY,op1,,15,linear3,,35
p2524,2179.632,BATCH_PIPELINE,op1,,1,const,,55
p2524,,,op2,op1,15,linear3,,37.5
p2524,,,op3,op2,20,linear7,,30
p2524,,,op4,op3,5,linear3,,45
p2524,,,op5,op4,1,const,,55
p2524,,,op6,op5,80,squared,,10
p2524,,,op7,op6,20,linear7,,30
p2524,,,op8,op7,80,squared,,10
p2524,,,op9,op8,40,linear7,,20
p2524,,,op10,op9,5,linear3,,45
p2525,2179.632,BATCH_PIPELINE,op1,,1,const,,55
p2525,,,op2,op1,5,linear3,,45
p2525,,,op3,op2,5,linear3,,45
p2525,,,op4,op3,1,const,,55
p2525,,,op5,op4,5,linear3,,45
p2526,2179.632,BATCH_PIPELINE,op1,,1,const,,55
p2526,,,op2,op1,1,const,,55
p2526,,,op3,op2,2,sqrt,,55
p2526,,,op4,op3,15,linear3,,37.5
p2526,,,op5,op4,20,linear7,,30
p2526,,,op6,op5,5,linear3,,45
p2527,2179.632,INTERACTIVE,op1,,1,const,,55
p2527,,,op2,op1,1,const,,55
p2527,,,op3,op2,1,const,,55
p2527,,,op4,op3,15,linear3,,37.5
p2527,,,op5,op4,2,sqrt,,55
p2528,2179.632,BATCH_PIPELINE,op1,,1,const,,55
p2528,,,op2,,40,linear7,,20
p2528,,,op3,,20,linear7,,30
p2528,,,op4,,2,sqrt,,55
p2528,,,op5,,15,linear3,,37.5
p2528,,,op6,,15,linear3,,37.5
p2528,,,op7,,5,linear3,,45
p2528,,,op8,op1;op2;op3;op4;op5;op6;op7,15,linear3,,37.5
p2529,2179.632,BATCH_PIPELINE,op1,,1,const,,55
p2529,,,op2,op1,80,squared,,10
p2529,,,op3,op2,40,linear7,,20
p2529,,,op4,op3,20,linear7,,30
p2529,,,op5,op4,15,linear3,,37.5
p2529,,,op6,op5,5,linear3,,45
p2530,2179.632,INTERACTIVE,op1,,1,const,,55
p2530,,,op2,op1,20,linear7,,30
p2530,,,op3,op2,20,linear7,,30
p2530,,,op4,op3,20,linear7,,30
p2530,,,op5,op4,40,linear7,,20
p2530,,,op6,op5,15,linear3,,37.5
p2531,2186.421,INTERACTIVE,op1,,1,const,,55
p2531,,,op2,op1,5,linear3,,45
p2531,,,op3,op2,5,linear3,,45
p2531,,,op4,op3,20,linear7,,30
p2531,,,op5,op4,2,sqrt,,55
p2531,,,op6,op5,20,linear7,,30
p2532,2186.421,BATCH_PIPELINE,op1,,1,const,,55
p2532,,,op2,op1,20,linear7,,30
p2532,,,op3,op2,1,const,,55
p2532,,,op4,op3,1,const,,55
p2532,,,op5,op4,20,linear7,,30
p2532,,,op6,op5,5,linear3,,45
p2532,,,op7,op6,5,linear3,,45
p2532,,,op8,op7,2,sqrt,,55
p2533,2186.421,BATCH_PIPELINE,op1,,1,const,,55
p2533,,,op2,op1,2,sqrt,,55
p2533,,,op3,op1,15,linear3,,37.5
p2533,,,op4,op1,1,const,,55
p2533,,,op5,op1,20,linear7,,30
p2533,,,op6,op1,2,sqrt,,55
p2533,,,op7,op1,2,sqrt,,55
p2533,,,op8,op1,1,const,,55
p2534,2186.421,INTERACTIVE,op1,,1,const,,55
p2534,,,op2,op1,5,linear3,,45
p2534,,,op3,op2,15,linear3,,37.5
p2534,,,op4,op3,15,linear3,,37.5
p2534,,,op5,op4,15,linear3,,37.5
p2534,,,op6,op5,15,linear3,,37.5
p2534,,,op7,op6,1,const,,55
p2534,,,op8,op7,15,linear3,,37.5
p2534,,,op9,op8,1,const,,55
p2534,,,op10,op9,20,linear7,,30
p2535,2186.421,BATCH_PIPELINE,op1,,1,const,,55
p2535,,,op2,op1,80,squared,,10
p2535,,,op3,op1,1,const,,55
p2535,,,op4,op1,1,const,,55
p2535,,,op5,op1,15,linear3,,37.5
p2535,,,op6,op1,20,linear7,,30
p2535,,,op7,op1,5,linear3,,45
p2535,,,op8,op1,20,linear7,,30
p2535,,,op9,op1,2,sqrt,,55
p2535,,,op10,op1,5,linear3,,45
p2536,2186.421,BATCH_PIPELINE,op1,,1,const,,55
p2536,,,op2,op1,5,linear3,,45
p2536,,,op3,op1,5,linear3,,45
p2536,,,op4,op1,40,linear7,,20
p2536,,,op5,op1,1,const,,55
p2536,,,op6,op1,2,sqrt,,55
p2537,2186.421,BATCH_PIPELINE,op1,,1,const,,55
p2537,,,op2,op1,15,linear3,,37.5
p2537,,,op3,op2,15,linear3,,37.5
p2537,,,op4,op3,80,squared,,10
p2537,,,op5,op4,15,linear3,,37.5
p2537,,,op6,op5,1,const,,55
p2537,,,op7,op6,20,linear7,,30
p2537,,,op8,op7,2,sqrt,,55
p2538,2186.421,BATCH_PIPELINE,op1,,1,const,,55
p2538,,,op2,,2,sqrt,,55
p2538,,,op3,,15,linear3,,37.5
p2538,,,op4,,2,sqrt,,55
p2538,,,op5,,20,linear7,,30
p2538,,,op6,,2,sqrt,,55
p2538,,,op7,,2,sqrt,,55
p2538,,,op8,op1;op2;op3;op4;op5;op6;op7,80,squared,,10
p2539,2186.421,INTERACTIVE,op1,,1,const,,55
p2539,,,op2,op1,5,linear3,,45
p2539,,,op3,op2,40,linear7,,20
p2539,,,op4,op3,20,linear7,,30
p2539,,,op5,op4,5,linear3,,45
p2539,,,op6,op5,5,linear3,,45
p2539,,,op7,op6,1,const,,55
p2540,2186.421,BATCH_PIPELINE,op1,,1,const,,55
p2540,,,op2,op1,80,squared,,10
p2540,,,op3,op2,15,linear3,,37.5
p2540,,,op4,op3,20,linear7,,30
p2540,,,op5,op4,40,linear7,,20
p2540,,,op6,op5,20,linear7,,30
p2540,,,op7,op6,5,linear3,,45
p2540,,,op8,op7,5,linear3,,45
p2541,2194.6330000000003,BATCH_PIPELINE,op1,,1,const,,55
p2541,,,op2,,1,const,,55
p2541,,,op3,,15,linear3,,37.5
p2541,,,op4,,80,squared,,10
p2541,,,op5,,5,linear3,,45
p2541,,,op6,,80,squared,,10
p2541,,,op7,op1;op2;op3;op4;op5;op6,15,linear3,,37.5
p2542,2194.6330000000003,INTERACTIVE,op1,,1,const,,55
p2542,,,op2,,1,const,,55
p2542,,,op3,,20,linear7,,30
p2542,,,op4,,80,squared,,10
p2542,,,op5,,15,linear3,,37.5
p2542,,,op6,,20,linear7,,30
p2542,,,op7,,5,linear3,,45
p2542,,,op8,op1;op2;op3;op4;op5;op6;op7,40,linear7,,20
p2543,2194.6330000000003,QUERY,op1,,15,linear3,,35
p2544,2194.6330000000003,BATCH_PIPELINE,op1,,1,const,,55
p2544,,,op2,op1,15,linear3,,37.5
p2544,,,op3,op1,20,linear7,,30
p2544,,,op4,op1,20,linear7,,30
p2545,2194.6330000000003,BATCH_PIPELINE,op1,,1,const,,55
p2545,,,op2,op1,2,sqrt,,55
p2545,,,op3,op2,20,linear7,,30
p2545,,,op4,op3,1,const,,55
p2545,,,op5,op4,5,linear3,,45
p2546,2194.6330000000003,BATCH_PIPELINE,op1,,1,const,,55
p2546,,,op2,,1,const,,55
p2546,,,op3,,15,linear3,,37.5
p2546,,,op4,,20,linear7,,30
p2546,,,op5,,40,linear7,,20
p2546,,,op6,,5,linear3,,45
p2546,,,op7,,20,linear7,,30
p2546,,,op8,op1;op2;op3;op4;op5;op6;op7,15,linear3,,37.5
p2547,2194.6330000000003,INTERACTIVE,op1,,1,const,,55
p2547,,,op2,op1,5,linear3,,45
p2547,,,op3,op2,15,linear3,,37.5
p2547,,,op4,op3,20,linear7,,30
p2547,,,op5,op4,1,const,,55
p2547,,,op6,op5,5,linear3,,45
p2547,,,op7,op6,20,linear7,,30
p2548,2194.6330000000003,BATCH_PIPELINE,op1,,1,const,,55
p2548,,,op2,,1,const,,55
p2548,,,op3,,40,linear7,,20
p2548,,,op4,,40,linear7,,20
p2548,,,op5,,5,linear3,,45
p2548,,,op6,,5,linear3,,45
p2548,,,op7,op1;op2;op3;op4;op5;op6,5,linear3,,45
p2549,2194.6330000000003,QUERY,op1,,15,linear3,,35
p2550,2194.6330000000003,BATCH_PIPELINE,op1,,1,const,,55
p2550,,,op2,op1,5,linear3,,45
p2550,,,op3,op2,5,linear3,,45
p2550,,,op4,op3,1,const,,55
p2550,,,op5,op4,15,linear3,,37.5
p2550,,,op6,op5,2,sqrt,,55
p2550,,,op7,op6,1,const,,55
p2551,2202.846,INTERACTIVE,op1,,1,const,,55
p2551,,,op2,op1,20,linear7,,30
p2551,,,op3,op2,40,linear7,,20
p2551,,,op4,op3,2,sqrt,,55
p2551,,,op5,op4,5,linear3,,45
p2551,,,op6,op5,80,squared,,10
p2551,,,op7,op6,15,linear3,,37.5
p2551,,,op8,op7,15,linear3,,37.5
p2551,,,op9,op8,5,linear3,,45
p2551,,,op10,op9,20,linear7,,30
p2552,2202.846,BATCH_PIPELINE,op1,,1,const,,55
p2552,,,op2,op1,1,const,,55
p2552,,,op3,op2,15,linear3,,37.5
p2552,,,op4,op3,2,sqrt,,55
p2553,2202.846,BATCH_PIPELINE,op1,,1,const,,55
p2553,,,op2,op1,5,linear3,,45
p2553,,,op3,op2,20,linear7,,30
p2553,,,op4,op3,40,linear7,,20
p2553,,,op5,op4,2,sqrt,,55
p2553,,,op6,op5,1,const,,55
p2553,,,op7,op6,80,squared,,10
p2553,,,op8,op7,5,linear3,,45
p2554,2202.846,INTERACTIVE,op1,,1,const,,55
p2554,,,op2,,80,squared,,10
p2554,,,op3,,15,linear3,,37.5
p2554,,,op4,,40,linear7,,20
p2554,,,op5,,15,linear3,,37.5
p2554,,,op6,op1;op2;op3;op4;op5,1,const,,55
p2555,2202.846,QUERY,op1,,15,linear3,,35
p2556,2202.846,BATCH_PIPELINE,op1,,1,const,,55
p2556,,,op2,,15,linear3,,37.5
p2556,,,op3,,5,linear3,,45
p2556,,,op4,,2,sqrt,,55
p2556,,,op5,,15,linear3,,37.5
p2556,,,op6,,1,const,,55
p2556,,,op7,,1,const,,55
p2556,,,op8,op1;op2;op3;op4;op5;op6;op7,20,linear7,,30
p2557,2202.846,BATCH_PIPELINE,op1,,1,const,,55
p2557,,,op2,op1,5,linear3,,45
p2557,,,op3,op2,20,linear7,,30
p2557,,,op4,op3,15,linear3,,37.5
p2557,,,op5,op4,2,sqrt,,55
p2557,,,op6,op5,2,sqrt,,55
p2557,,,op7,op6,5,linear3,,45
p2558,2202.846,BATCH_PIPELINE,op1,,1,const,,55
p2558,,,op2,op1,15,linear3,,37.5
p2558,,,op3,op2,5,linear3,,45
p2558,,,op4,op3,2,sqrt,,55
p2558,,,op5,op4,40,linear7,,20
p2558,,,op6,op5,5,linear3,,45
p2558,,,op7,op6,15,linear3,,37.5
p2559,2202.846,INTERACTIVE,op1,,1,const,,55
p2559,,,op2,op1,2,sqrt,,55
p2559,,,op3,op2,80,squared,,10
p2559,,,op4,op3,15,linear3,,37.5
p2559,,,op5,op4,40,linear7,,20
p2559,,,op6,op5,20,linear7,,30
p2559,,,op7,op6,20,linear7,,30
p2560,2202.846,QUERY,op1,,15,linear3,,35
p2561,2215.4610000000002,BATCH_PIPELINE,op1,,1,const,,55
p2561,,,op2,op1,5,linear3,,45
p2561,,,op3,op2,15,linear3,,37.5
p2561,,,op4,op3,5,linear3,,45
p2561,,,op5,op4,15,linear3,,37.5
p2561,,,op6,op5,80,squared,,10
p2561,,,op7,op6,1,const,,55
p2561,,,op8,op7,40,linear7,,20
p2562,2215.4610000000002,BATCH_PIPELINE,op1,,1,const,,55
p2562,,,op2,op1,15,linear3,,37.5
p2562,,,op3,op2,5,linear3,,45
p2562,,,op4,op3,1,const,,55
p2562,,,op5,op4,80,squared,,10
p2562,,,op6,op5,2,sqrt,,55
p2562,,,op7,op6,15,linear3,,37.5
p2562,,,op8,op7,1,const,,55
p2562,,,op9,op8,1,const,,55
p2562,,,op10,op9,5,linear3,,45
p2563,2215.4610000000002,BATCH_PIPELINE,op1,,1,const,,55
p2563,,,op2,op1,1,const,,55
p2563,,,op3,op2,15,linear3,,37.5
p2563,,,op4,op3,5,linear3,,45
p2563,,,op5,op4,1,const,,55
p2564,2215.4610000000002,INTERACTIVE,op1,,1,const,,55
p2564,,,op2,op1,20,linear7,,30
p2564,,,op3,op2,15,linear3,,37.5
p2564,,,op4,op3,1,const,,55
p2564,,,op5,op4,5,linear3,,45
p2564,,,op6,op5,20,linear7,,30
p2564,,,op7,op6,2,sqrt,,55
p2564,,,op8,op7,5,linear3,,45
p2565,2215.4610000000002,BATCH_PIPELINE,op1,,1,const,,55
p2565,,,op2,op1,1,const,,55
p2565,,,op3,op2,5,linear3,,45
p2565,,,op4,op3,15,linear3,,37.5
p2565,,,op5,op4,1,const,,55
p2565,,,op6,op5,2,sqrt,,55
p2566,2215.4610000000002,BATCH_PIPELINE,op1,,1,const,,55
p2566,,,op2,op1,1,const,,55
p2566,,,op3,op2,20,linear7,,30
p2566,,,op4,op3,5,linear3,,45
p2566,,,op5,op4,20,linear7,,30
p2566,,,op6,op5,15,linear3,,37.5
p2566,,,op7,op6,5,linear3,,45
p2566,,,op8,op7,40,linear7,,20
p2567,2215.4610000000002,BATCH_PIPELINE,op1,,1,const,,55
p2567,,,op2,op1,40,linear7,,20
p2567,,,op3,op2,5,linear3,,45
p2567,,,op4,op3,80,squared,,10
p2567,,,op5,op4,15,linear3,,37.5
p2567,,,op6,op5,15,linear3,,37.5
p2567,,,op7,op6,5,linear3,,45
p2567,,,op8,op7,1,const,,55
p2567,,,op9,op8,40,linear7,,20
p2567,,,op10,op9,2,sqrt,,55
p2568,2215.4610000000002,BATCH_PIPELINE,op1,,1,const,,55
p2568,,,op2,op1,2,sqrt,,55
p2568,,,op3,op2,5,linear3,,45
p2568,,,op4,op3,1,const,,55
p2568,,,op5,op4,5,linear3,,45
p2568,,,op6,op5,20,linear7,,30
p2568,,,op7,op6,5,linear3,,45
p2568,,,op8,op7,2,sqrt,,55
p2568,,,op9,op8,5,linear3,,45
p2568,,,op10,op9,40,linear7,,20
p2569,2215.4610000000002,BATCH_PIPELINE,op1,,1,const,,55
p2569,,,op2,op1,15,linear3,,37.5
p2569,,,op3,op1,5,linear3,,45
p2569,,,op4,op1,80,squared,,10
p2569,,,op5,op1,15,linear3,,37.5
p2569,,,op6,op1,80,squared,,10
p2569,,,op7,op1,5,linear3,,45
p2569,,,op8,op1,80,squared,,10
p2569,,,op9,op1,15,linear3,,37.5
p2569,,,op10,op1,20,linear7,,30
p2569,,,op11,op1,1,const,,55
p2570,2215.4610000000002,BATCH_PIPELINE,op1,,1,const,,55
p2570,,,op2,op1,1,const,,55
p2570,,,op3,op2,5,linear3,,45
p2570,,,op4,op3,40,linear7,,20
p2570,,,op5,op4,20,linear7,,30
p2571,2221.685,BATCH_PIPELINE,op1,,1,const,,55
p2571,,,op2,op1,2,sqrt,,55
p2571,,,op3,op2,80,squared,,10
p2571,,,op4,op3,5,linear3,,45
p2571,,,op5,op4,1,const,,55
p2571,,,op6,op5,1,const,,55
p2571,,,op7,op6,20,linear7,,30
p2571,,,op8,op7,15,linear3,,37.5
p2572,2221.685,BATCH_PIPELINE,op1,,1,const,,55
p2572,,,op2,op1,15,linear3,,37.5
p2572,,,op3,op2,5,linear3,,45
p2572,,,op4,op3,5,linear3,,45
p2572,,,op5,op4,5,linear3,,45
p2573,2221.685,BATCH_PIPELINE,op1,,1,const,,55
p2573,,,op2,,15,linear3,,37.5
p2573,,,op3,,15,linear3,,37.5
p2573,,,op4,,40,linear7,,20
p2573,,,op5,,1,const,,55
p2573,,,op6,op1;op2;op3;op4;op5,1,const,,55
p2574,2221.685,INTERACTIVE,op1,,1,const,,55
p2574,,,op2,op1,2,sqrt,,55
p2574,,,op3,op2,2,sqrt,,55
p2574,,,op4,op3,1,const,,55
p2574,,,op5,op4,2,sqrt,,55
p2574,,,op6,op5,20,linear7,,30
p2575,2221.685,BATCH_PIPELINE,op1,,1,const,,55
p2575,,,op2,op1,20,linear7,,30
p2575,,,op3,op2,2,sqrt,,55
p2575,,,op4,op3,1,const,,55
p2575,,,op5,op4,15,linear3,,37.5
p2575,,,op6,op5,20,linear7,,30
p2575,,,op7,op6,2,sqrt,,55
p2575,,,op8,op7,40,linear7,,20
p2575,,,op9,op8,2,sqrt,,55
p2576,2221.685,INTERACTIVE,op1,,1,const,,55
p2576,,,op2,op1,5,linear3,,45
p2576,,,op3,op2,5,linear3,,45
p2576,,,op4,op3,80,squared,,10
p2576,,,op5,op4,15,linear3,,37.5
p2576,,,op6,op5,80,squared,,10
p2576,,,op7,op6,15,linear3,,37.5
p2576,,,op8,op7,2,sqrt,,55
p2576,,,op9,op8,2,sqrt,,55
p2576,,,op10,op9,15,linear3,,37.5
p2576,,,op11,op10,1,const,,55
p2577,2221.685,QUERY,op1,,15,linear3,,35
p2578,2221.685,INTERACTIVE,op1,,1,const,,55
p2578,,,op2,op1,15,linear3,,37.5
p2578,,,op3,op2,1,const,,55
p2578,,,op4,op3,2,sqrt,,55
p2578,,,op5,op4,15,linear3,,37.5
p2578,,,op6,op5,15,linear3,,37.5
p2578,,,op7,op6,80,squared,,10
p2578,,,op8,op7,20,linear7,,30
p2579,2221.685,INTERACTIVE,op1,,1,const,,55
p2579,,,op2,op1,2,sqrt,,55
p2579,,,op3,op1,20,linear7,,30
p2579,,,op4,op1,5,linear3,,45
p2579,,,op5,op1,1,const,,55
p2579,,,op6,op1,20,linear7,,30
p2579,,,op7,op1,40,linear7,,20
p2580,2221.685,BATCH_PIPELINE,op1,,1,const,,55
p2580,,,op2,op1,1,const,,55
p2580,,,op3,op2,5,linear3,,45
p2580,,,op4,op3,5,linear3,,45
p2580,,,op5,op4,2,sqrt,,55
p2580,,,op6,op5,15,linear3,,37.5
p2580,,,op7,op6,2,sqrt,,55
p2580,,,op8,op7,5,linear3,,45
p2580,,,op9,op8,15,linear3,,37.5
p2580,,,op10,op9,2,sqrt,,55
p2580,,,op11,op10,5,linear3,,45
p2581,2229.233,BATCH_PIPELINE,op1,,1,const,,55
p2581,,,op2,op1,40,linear7,,20
p2581,,,op3,op2,15,linear3,,37.5
p2581,,,op4,op3,2,sqrt,,55
p2581,,,op5,op4,5,linear3,,45
p2581,,,op6,op5,40,linear7,,20
p2581,,,op7,op6,1,const,,55
p2581,,,op8,op7,5,linear3,,45
p2581,,,op9,op8,20,linear7,,30
p2582,2229.233,BATCH_PIPELINE,op1,,1,const,,55
p2582,,,op2,,1,const,,55
p2582,,,op3,,15,linear3,,37.5
p2582,,,op4,,2,sqrt,,55
p2582,,,op5,,15,linear3,,37.5
p2582,,,op6,,20,linear7,,30
p2582,,,op7,,15,linear3,,37.5
p2582,,,op8,op1;op2;op3;op4;op5;op6;op7,15,linear3,,37.5
p2583,2229.233,BATCH_PIPELINE,op1,,1,const,,55
p2583,,,op2,op1,2,sqrt,,55
p2583,,,op3,op1,40,linear7,,20
p2583,,,op4,op1,20,linear7,,30
p2583,,,op5,op1,20,linear7,,30
p2584,2229.233,BATCH_PIPELINE,op1,,1,const,,55
p2584,,,op2,,5,linear3,,45
p2584,,,op3,,1,const,,55
p2584,,,op4,,1,const,,55
p2584,,,op5,,20,linear7,,30
p2584,,,op6,,1,const,,55
p2584,,,op7,op1;op2;op3;op4;op5;op6,1,const,,55
p2585,2229.233,INTERACTIVE,op1,,1,const,,55
p2585,,,op2,,15,linear3,,37.5
p2585,,,op3,,2,sqrt,,55
p2585,,,op4,,20,linear7,,30
p2585,,,op5,,20,linear7,,30
p2585,,,op6,,1,const,,55
p2585,,,op7,op1;op2;op3;op4;op5;op6,15,linear3,,37.5
p2586,2229.233,INTERACTIVE,op1,,1,const,,55
p2586,,,op2,,15,linear3,,37.5
p2586,,,op3,,5,linear3,,45
p2586,,,op4,,15,linear3,,37.5
p2586,,,op5,,20,linear7,,30
p2586,,,op6,op1;op2;op3;op4;op5,2,sqrt,,55
p2587,2229.233,BATCH_PIPELINE,op1,,1,const,,55
p2587,,,op2,op1,20,linear7,,30
p2587,,,op3,op2,1,const,,55
p2587,,,op4,op3,5,linear3,,45
p2587,,,op5,op4,1,const,,55
p2587,,,op6,op5,1,const,,55
p2587,,,op7,op6,40,linear7,,20
p2587,,,op8,op7,40,linear7,,20
p2587,,,op9,op8,40,linear7,,20
p2588,2229.233,INTERACTIVE,op1,,1,const,,55
p2588,,,op2,op1,20,linear7,,30
p2588,,,op3,op2,2,sqrt,,55
p2588,,,op4,op3,2,sqrt,,55
p2588,,,op5,op4,1,const,,55
p2589,2229.233,BATCH_PIPELINE,op1,,1,const,,55
p2589,,,op2,op1,15,linear3,,37.5
p2589,,,op3,op2,40,linear7,,20
p2589,,,op4,op3,2,sqrt,,55
p2589,,,op5,op4,40,linear7,,20
p2589,,,op6,op5,1,const,,55
p2589,,,op7,op6,40,linear7,,20
p2590,2229.233,BATCH_PIPELINE,op1,,1,const,,55
p2590,,,op2,op1,20,linear7,,30
p2590,,,op3,op2,15,linear3,,37.5
p2590,,,op4,op3,1,const,,55
p2590,,,op5,op4,2,sqrt,,55
p2590,,,op6,op5,40,linear7,,20
p2590,,,op7,op6,15,linear3,,37.5
p2591,2240.237,INTERACTIVE,op1,,1,const,,55
p2591,,,op2,op1,15,linear3,,37.5
p2591,,,op3,op2,5,linear3,,45
p2591,,,op4,op3,1,const,,55
p2591,,,op5,op4,20,linear7,,30
p2591,,,op6,op5,15,linear3,,37.5
p2591,,,op7,op6,2,sqrt,,55
p2592,2240.237,QUERY,op1,,15,linear3,,35
p2593,2240.237,INTERACTIVE,op1,,1,const,,55
p2593,,,op2,op1,20,linear7,,30
p2593,,,op3,op2,15,linear3,,37.5
p2593,,,op4,op3,5,linear3,,45
p2593,,,op5,op4,80,squared,,10
p2593,,,op6,op5,2,sqrt,,55
p2593,,,op7,op6,20,linear7,,30
p2593,,,op8,op7,5,linear3,,45
p2594,2240.237,BATCH_PIPELINE,op1,,1,const,,55
p2594,,,op2,,20,linear7,,30
p2594,,,op3,,15,linear3,,37.5
p2594,,,op4,,2,sqrt,,55
p2594,,,op5,,40,linear7,,20
p2594,,,op6,,20,linear7,,30
p2594,,,op7,,5,linear3,,45
p2594,,,op8,,40,linear7,,20
p2594,,,op9,,2,sqrt,,55
p2594,,,op10,op1;op2;op3;op4;op5;op6;op7;op8;op9,5,linear3,,45
p2595,2240.237,QUERY,op1,,15,linear3,,35
p2596,2240.237,INTERACTIVE,op1,,1,const,,55
p2596,,,op2,op1,20,linear7,,30
p2596,,,op3,op2,5,linear3,,45
p2596,,,op4,op3,80,squared,,10
p2596,,,op5,op4,2,sqrt,,55
p2596,,,op6,op5,1,const,,55
p2596,,,op7,op6,20,linear7,,30
p2597,2240.237,BATCH_PIPELINE,op1,,1,const,,55
p2597,,,op2,op1,1,const,,55
p2597,,,op3,op1,2,sqrt,,55
p2597,,,op4,op1,1,const,,55
p2597,,,op5,op1,15,linear3,,37.5
p2597,,,op6,op1,1,const,,55
p2597,,,op7,op1,20,linear7,,30
p2597,,,op8,op1,5,linear3,,45
p2597,,,op9,op1,5,linear3,,45
p2597,,,op10,op1,20,linear7,,30
p2598,2240.237,INTERACTIVE,op1,,1,const,,55
p2598,,,op2,op1,5,linear3,,45
p2598,,,op3,op2,2,sqrt,,55
p2598,,,op4,op3,15,linear3,,37.5
p2598,,,op5,op4,2,sqrt,,55
p2598,,,op6,op5,5,linear3,,45
p2598,,,op7,op6,5,linear3,,45
p2598,,,op8,op7,15,linear3,,37.5
p2598,,,op9,op8,15,linear3,,37.5
p2598,,,op10,op9,20,linear7,,30
p2599,2240.237,BATCH_PIPELINE,op1,,1,const,,55
p2599,,,op2,op1,2,sqrt,,55
p2599,,,op3,op2,20,linear7,,30
p2599,,,op4,op3,5,linear3,,45
p2599,,,op5,op4,15,linear3,,37.5
p2599,,,op6,op5,15,linear3,,37.5
p2600,2240.237,BATCH_PIPELINE,op1,,1,const,,55
p2600,,,op2,op1,2,sqrt,,55
p2600,,,op3,op1,20,linear7,,30
p2600,,,op4,op1,5,linear3,,45
p2600,,,op5,op1,1,const,,55
p2600,,,op6,op1,5,linear3,,45
p2600,,,op7,op1,15,linear3,,37.5
p2600,,,op8,op1,2,sqrt,,55
p2601,2248.972,BATCH_PIPELINE,op1,,1,const,,55
p2601,,,op2,op1,40,linear7,,20
p2601,,,op3,op2,1,const,,55
p2601,,,op4,op3,80,squared,,10
p2601,,,op5,op4,5,linear3,,45
p2601,,,op6,op5,20,linear7,,30
p2601,,,op7,op6,15,linear3,,37.5
p2602,2248.972,INTERACTIVE,op1,,1,const,,55
p2602,,,op2,op1,20,linear7,,30
p2602,,,op3,op1,1,const,,55
p2602,,,op4,op1,2,sqrt,,55
p2602,,,op5,op1,15,linear3,,37.5
p2603,2248.972,INTERACTIVE,op1,,1,const,,55
p2603,,,op2,,1,const,,55
p2603,,,op3,,20,linear7,,30
p2603,,,op4,,40,linear7,,20
p2603,,,op5,,5,linear3,,45
p2603,,,op6,,1,const,,55
p2603,,,op7,,5,linear3,,45
p2603,,,op8,op1;op2;op3;op4;op5;op6;op7,15,linear3,,37.5
p2604,2248.972,BATCH_PIPELINE,op1,,1,const,,55
p2604,,,op2,,15,linear3,,37.5
p2604,,,op3,,1,const,,55
p2604,,,op4,,2,sqrt,,55
p2604,,,op5,,2,sqrt,,55
p2604,,,op6,,2,sqrt,,55
p2604,,,op7,,15,linear3,,37.5
p2604,,,op8,,15,linear3,,37.5
p2604,,,op9,,1,const,,55
p2604,,,op10,op1;op2;op3;op4;op5;op6;op7;op8;op9,20,linear7,,30
p2605,2248.972,INTERACTIVE,op1,,1,const,,55
p2605,,,op2,op1,2,sqrt,,55
p2605,,,op3,op2,40,linear7,,20
p2605,,,op4,op3,5,linear3,,45
p2605,,,op5,op4,80,squared,,10
p2605,,,op6,op5,2,sqrt,,55
p2605,,,op7,op6,40,linear7,,20
p2605,,,op8,op7,2,sqrt,,55
p2606,2248.972,INTERACTIVE,op1,,1,const,,55
p2606,,,op2,,5,linear3,,45
p2606,,,op3,,20,linear7,,30
p2606,,,op4,,5,linear3,,45
p2606,,,op5,,1,const,,55
p2606,,,op6,op1;op2;op3;op4;op5,1,const,,55
p2607,2248.972,BATCH_PIPELINE,op1,,1,const,,55
p2607,,,op2,op1,15,linear3,,37.5
p2607,,,op3,op1,20,linear7,,30
p2607,,,op4,op1,2,sqrt,,55
p2607,,,op5,op1,2,sqrt,,55
p2607,,,op6,op1,5,linear3,,45
p2607,,,op7,op1,40,linear7,,20
p2607,,,op8,op1,15,linear3,,37.5
p2608,2248.972,BATCH_PIPELINE,op1,,1,const,,55
p2608,,,op2,,1,const,,55
p2608,,,op3,,5,linear3,,45
p2608,,,op4,,20,linear7,,30
p2608,,,op5,,15,linear3,,37.5
p2608,,,op6,,20,linear7,,30
p2608,,,op7,,20,linear7,,30
p2608,,,op8,,20,linear7,,30
p2608,,,op9,,5,linear3,,45
p2608,,,op10,op1;op2;op3;op4;op5;op6;op7;op8;op9,20,linear7,,30
p2609,2248.972,BATCH_PIPELINE,op1,,1,const,,55
p2609,,,op2,op1,80,squared,,10
p2609,,,op3,op1,1,const,,55
p2609,,,op4,op1,40,linear7,,20
p2609,,,op5,op1,40,linear7,,20
p2610,2248.972,INTERACTIVE,op1,,1,const,,55
p2610,,,op2,op1,5,linear3,,45
p2610,,,op3,op2,5,linear3,,45
p2610,,,op4,op3,40,linear7,,20
p2610,,,op5,op4,5,linear3,,45
p2610,,,op6,op5,5,linear3,,45
p2610,,,op7,op6,5,linear3,,45
p2610,,,op8,op7,5,linear3,,45
p2610,,,op9,op8,1,const,,55
p2611,2256.91,INTERACTIVE,op1,,1,const,,55
p2611,,,op2,,15,linear3,,37.5
p2611,,,op3,,5,linear3,,45
p2611,,,op4,,1,const,,55
p2611,,,op5,,15,linear3,,37.5
p2611,,,op6,,5,linear3,,45
p2611,,,op7,,5,linear3,,45
p2611,,,op8,op1;op2;op3;op4;op5;op6;op7,15,linear3,,37.5
p2612,2256.91,INTERACTIVE,op1,,1,const,,55
p2612,,,op2,op1,2,sqrt,,55
p2612,,,op3,op2,2,sqrt,,55
p2612,,,op4,op3,20,linear7,,30
p2612,,,op5,op4,5,linear3,,45
p2612,,,op6,op5,1,const,,55
p2612,,,op7,op6,40,linear7,,20
p2612,,,op8,op7,2,sqrt,,55
p2613,2256.91,INTERACTIVE,op1,,1,const,,55
p2613,,,op2,op1,1,const,,55
p2613,,,op3,op1,15,linear3,,37.5
p2613,,,op4,op1,40,linear7,,20
p2613,,,op5,op1,20,linear7,,30
p2613,,,op6,op1,1,const,,55
p2613,,,op7,op1,80,squared,,10
p2613,,,op8,op1,1,const,,55
p2614,2256.91,INTERACTIVE,op1,,1,const,,55
p2614,,,op2,op1,15,linear3,,37.5
p2614,,,op3,op2,2,sqrt,,55
p2614,,,op4,op3,40,linear7,,20
p2614,,,op5,op4,5,linear3,,45
p2614,,,op6,op5,1,const,,55
p2614,,,op7,op6,40,linear7,,20
p2614,,,op8,op7,15,linear3,,37.5
p2614,,,op9,op8,40,linear7,,20
p2615,2256.91,BATCH_PIPELINE,op1,,1,const,,55
p2615,,,op2,op1,15,linear3,,37.5
p2615,,,op3,op2,20,linear7,,30
p2615,,,op4,op3,5,linear3,,45
p2615,,,op5,op4,20,linear7,,30
p2615,,,op6,op5,1,const,,55
p2615,,,op7,op6,5,linear3,,45
p2615,,,op8,op7,5,linear3,,45
p2615,,,op9,op8,5,linear3,,45
p2615,,,op10,op9,2,sqrt,,55
p2615,,,op11,op10,20,linear7,,30
p2615,,,op12,op11,2,sqrt,,55
p2616,2256.91,BATCH_PIPELINE,op1,,1,const,,55
p2616,,,op2,,40,linear7,,20
p2616,,,op3,,15,linear3,,37.5
p2616,,,op4,,20,linear7,,30
p2616,,,op5,,15,linear3,,37.5
p2616,,,op6,,2,sqrt,,55
p2616,,,op7,op1;op2;op3;op4;op5;op6,5,linear3,,45
p2617,2256.91,INTERACTIVE,op1,,1,const,,55
p2617,,,op2,op1,2,sqrt,,55
p2617,,,op3,op2,5,linear3,,45
p2617,,,op4,op3,1,const,,55
p2617,,,op5,op4,5,linear3,,45
p2617,,,op6,op5,15,linear3,,37.5
p2617,,,op7,op6,80,squared,,10
p2617,,,op8,op7,40,linear7,,20
p2617,,,op9,op8,1,const,,55
p2618,2256.91,BATCH_PIPELINE,op1,,1,const,,55
p2618,,,op2,op1,5,linear3,,45
p2618,,,op3,op2,5,linear3,,45
p2618,,,op4,op3,80,squared,,10
p2618,,,op5,op4,5,linear3,,45
p2618,,,op6,op5,15,linear3,,37.5
p2618,,,op7,op6,1,const,,55
p2618,,,op8,op7,20,linear7,,30
p2619,2256.91,INTERACTIVE,op1,,1,const,,55
p2619,,,op2,op1,15,linear3,,37.5
p2619,,,op3,op2,15,linear3,,37.5
p2619,,,op4,op3,15,linear3,,37.5
p2619,,,op5,op4,5,linear3,,45
p2620,2256.91,INTERACTIVE,op1,,1,const,,55
p2620,,,op2,op1,40,linear7,,20
p2620,,,op3,op2,20,linear7,,30
p2620,,,op4,op3,1,const,,55
p2620,,,op5,op4,20,linear7,,30
p2620,,,op6,op5,20,linear7,,30
p2621,2261.141,BATCH_PIPELINE,op1,,1,const,,55
p2621,,,op2,op1,2,sqrt,,55
p2621,,,op3,op2,40,linear7,,20
p2621,,,op4,op3,2,sqrt,,55
p2621,,,op5,op4,5,linear3,,45
p2621,,,op6,op5,2,sqrt,,55
p2621,,,op7,op6,20,linear7,,30
p2621,,,op8,op7,1,const,,55
p2622,2261.141,BATCH_PIPELINE,op1,,1,const,,55
p2622,,,op2,op1,20,linear7,,30
p2622,,,op3,op2,20,linear7,,30
p2622,,,op4,op3,2,sqrt,,55
p2623,2261.141,INTERACTIVE,op1,,1,const,,55
p2623,,,op2,op1,5,linear3,,45
p2623,,,op3,op1,1,const,,55
p2623,,,op4,op1,20,linear7,,30
p2623,,,op5,op1,5,linear3,,45
p2623,,,op6,op1,5,linear3,,45
p2623,,,op7,op1,15,linear3,,37.5
p2624,2261.141,INTERACTIVE,op1,,1,const,,55
p2624,,,op2,op1,15,linear3,,37.5
p2624,,,op3,op2,2,sqrt,,55
p2624,,,op4,op3,20,linear7,,30
p2624,,,op5,op4,2,sqrt,,55
p2624,,,op6,op5,2,sqrt,,55
p2624,,,op7,op6,5,linear3,,45
p2624,,,op8,op7,15,linear3,,37.5
p2625,2261.141,QUERY,op1,,15,linear3,,35
p2626,2261.141,BATCH_PIPELINE,op1,,1,const,,55
p2626,,,op2,op1,15,linear3,,37.5
p2626,,,op3,op1,20,linear7,,30
p2626,,,op4,op1,15,linear3,,37.5
p2626,,,op5,op1,1,const,,55
p2626,,,op6,op1,40,linear7,,20
p2626,,,op7,op1,15,linear3,,37.5
p2626,,,op8,op1,20,linear7,,30
p2627,2261.141,BATCH_PIPELINE,op1,,1,const,,55
p2627,,,op2,op1,2,sqrt,,55
p2627,,,op3,op2,20,linear7,,30
p2627,,,op4,op3,40,linear7,,20
p2628,2261.141,QUERY,op1,,15,linear3,,35
p2629,2261.141,BATCH_PIPELINE,op1,,1,const,,55
p2629,,,op2,,1,const,,55
p2629,,,op3,,80,squared,,10
p2629,,,op4,,80,squared,,10
p2629,,,op5,,80,squared,,10
p2629,,,op6,op1;op2;op3;op4;op5,15,linear3,,37.5
p2630,2261.141,BATCH_PIPELINE,op1,,1,const,,55
p2630,,,op2,op1,2,sqrt,,55
p2630,,,op3,op2,1,const,,55
p2630,,,op4,op3,5,linear3,,45
p2630,,,op5,op4,2,sqrt,,55
p2630,,,op6,op5,40,linear7,,20
p2630,,,op7,op6,2,sqrt,,55
p2630,,,op8,op7,15,linear3,,37.5
p2631,2272.353,BATCH_PIPELINE,op1,,1,const,,55
p2631,,,op2,op1,1,const,,55
p2631,,,op3,op2,40,linear7,,20
p2631,,,op4,op3,40,linear7,,20
p2631,,,op5,op4,1,const,,55
p2631,,,op6,op5,80,squared,,10
p2631,,,op7,op6,2,sqrt,,55
p2631,,,op8,op7,20,linear7,,30
p2632,2272.353,BATCH_PIPELINE,op1,,1,const,,55
p2632,,,op2,op1,2,sqrt,,55
p2632,,,op3,op2,20,linear7,,30
p2632,,,op4,op3,5,linear3,,45
p2632,,,op5,op4,1,const,,55
p2632,,,op6,op5,1,const,,55
p2632,,,op7,op6,1,const,,55
p2633,2272.353,BATCH_PIPELINE,op1,,1,const,,55
p2633,,,op2,op1,20,linear7,,30
p2633,,,op3,op2,5,linear3,,45
p2633,,,op4,op3,5,linear3,,45
p2633,,,op5,op4,15,linear3,,37.5
p2633,,,op6,op5,40,linear7,,20
p2633,,,op7,op6,1,const,,55
p2633,,,op8,op7,80,squared,,10
p2634,2272.353,BATCH_PIPELINE,op1,,1,const,,55
p2634,,,op2,op1,5,linear3,,45
p2634,,,op3,op2,15,linear3,,37.5
p2634,,,op4,op3,2,sqrt,,55
p2634,,,op5,op4,20,linear7,,30
p2634,,,op6,op5,2,sqrt,,55
p2634,,,op7,op6,5,linear3,,45
p2635,2272.353,INTERACTIVE,op1,,1,const,,55
p2635,,,op2,op1,20,linear7,,30
p2635,,,op3,op2,2,sqrt,,55
p2635,,,op4,op3,1,const,,55
p2635,,,op5,op4,2,sqrt,,55
p2635,,,op6,op5,20,linear7,,30
p2635,,,op7,op6,5,linear3,,45
p2635,,,op8,op7,2,sqrt,,55
p2635,,,op9,op8,15,linear3,,37.5
p2635,,,op10,op9,15,linear3,,37.5
p2636,2272.353,QUERY,op1,,15,linear3,,35
p2637,2272.353,BATCH_PIPELINE,op1,,1,const,,55
p2637,,,op2,op1,1,const,,55
p2637,,,op3,op2,1,const,,55
p2637,,,op4,op3,5,linear3,,45
p2637,,,op5,op4,15,linear3,,37.5
p2637,,,op6,op5,15,linear3,,37.5
p2637,,,op7,op6,2,sqrt,,55
p2638,2272.353,BATCH_PIPELINE,op1,,1,const,,55
p2638,,,op2,op1,40,linear7,,20
p2638,,,op3,op2,1,const,,55
p2638,,,op4,op3,20,linear7,,30
p2638,,,op5,op4,5,linear3,,45
p2638,,,op6,op5,20,linear7,,30
p2638,,,op7,op6,40,linear7,,20
p2639,2272.353,QUERY,op1,,15,linear3,,35
p2640,2272.353,BATCH_PIPELINE,op1,,1,const,,55
p2640,,,op2,op1,5,linear3,,45
p2640,,,op3,op2,15,linear3,,37.5
p2640,,,op4,op3,2,sqrt,,55
p2640,,,op5,op4,15,linear3,,37.5
p2641,2284.9230000000002,BATCH_PIPELINE,op1,,1,const,,55
p2641,,,op2,op1,5,linear3,,45
p2641,,,op3,op2,40,linear7,,20
p2641,,,op4,op3,5,linear3,,45
p2641,,,op5,op4,5,linear3,,45
p2641,,,op6,op5,2,sqrt,,55
p2641,,,op7,op6,15,linear3,,37.5
p2641,,,op8,op7,15,linear3,,37.5
p2642,2284.9230000000002,INTERACTIVE,op1,,1,const,,55
p2642,,,op2,,15,linear3,,37.5
p2642,,,op3,,40,linear7,,20
p2642,,,op4,,20,linear7,,30
p2642,,,op5,,80,squared,,10
p2642,,,op6,op1;op2;op3;op4;op5,20,linear7,,30
p2643,2284.9230000000002,BATCH_PIPELINE,op1,,1,const,,55
p2643,,,op2,op1,40,linear7,,20
p2643,,,op3,op2,1,const,,55
p2643,,,op4,op3,20,linear7,,30
p2643,,,op5,op4,15,linear3,,37.5
p2643,,,op6,op5,5,linear3,,45
p2643,,,op7,op6,1,const,,55
p2643,,,op8,op7,1,const,,55
p2643,,,op9,op8,5,linear3,,45
p2644,2284.9230000000002,BATCH_PIPELINE,op1,,1,const,,55
p2644,,,op2,,2,sqrt,,55
p2644,,,op3,,15,linear3,,37.5
p2644,,,op4,,1,const,,55
p2644,,,op5,,15,linear3,,37.5
p2644,,,op6,,20,linear7,,30
p2644,,,op7,op1;op2;op3;op4;op5;op6,1,const,,55
p2645,2284.9230000000002,BATCH_PIPELINE,op1,,1,const,,55
p2645,,,op2,op1,15,linear3,,37.5
p2645,,,op3,op2,5,linear3,,45
p2645,,,op4,op3,5,linear3,,45
p2645,,,op5,op4,15,linear3,,37.5
p2646,2284.9230000000002,BATCH_PIPELINE,op1,,1,const,,55
p2646,,,op2,op1,5,linear3,,45
p2646,,,op3,op2,5,linear3,,45
p2646,,,op4,op3,80,squared,,10
p2646,,,op5,op4,5,linear3,,45
p2646,,,op6,op5,15,linear3,,37.5
p2646,,,op7,op6,15,linear3,,37.5
p2647,2284.9230000000002,INTERACTIVE,op1,,1,const,,55
p2647,,,op2,,5,linear3,,45
p2647,,,op3,,80,squared,,10
p2647,,,op4,,15,linear3,,37.5
p2647,,,op5,,1,const,,55
p2647,,,op6,op1;op2;op3;op4;op5,5,linear3,,45
p2648,2284.9230000000002,BATCH_PIPELINE,op1,,1,const,,55
p2648,,,op2,,20,linear7,,30
p2648,,,op3,,5,linear3,,45
p2648,,,op4,,5,linear3,,45
p2648,,,op5,,2,sqrt,,55
p2648,,,op6,,80,squared,,10
p2648,,,op7,,1,const,,55
p2648,,,op8,op1;op2;op3;op4;op5;op6;op7,15,linear3,,37.5
p2649,2284.9230000000002,BATCH_PIPELINE,op1,,1,const,,55
p2649,,,op2,op1,2,sqrt,,55
p2649,,,op3,op1,20,linear7,,30
p2649,,,op4,op1,2,sqrt,,55
p2649,,,op5,op1,1,const,,55
p2649,,,op6,op1,15,linear3,,37.5
p2649,,,op7,op1,2,sqrt,,55
p2650,2284.9230000000002,BATCH_PIPELINE,op1,,1,const,,55
p2650,,,op2,op1,15,linear3,,37.5
p2650,,,op3,op2,1,const,,55
p2650,,,op4,op3,2,sqrt,,55
p2650,,,op5,op4,5,linear3,,45
p2650,,,op6,op5,1,const,,55
p2650,,,op7,op6,20,linear7,,30
p2651,2293.232,BATCH_PIPELINE,op1,,1,const,,55
p2651,,,op2,op1,5,linear3,,45
p2651,,,op3,op2,15,linear3,,37.5
p2651,,,op4,op3,20,linear7,,30
p2651,,,op5,op4,80,squared,,10
p2651,,,op6,op5,40,linear7,,20
p2652,2293.232,BATCH_PIPELINE,op1,,1,const,,55
p2652,,,op2,op1,20,linear7,,30
p2652,,,op3,op2,2,sqrt,,55
p2652,,,op4,op3,2,sqrt,,55
p2652,,,op5,op4,1,const,,55
p2652,,,op6,op5,2,sqrt,,55
p2652,,,op7,op6,2,sqrt,,55
p2653,2293.232,BATCH_PIPELINE,op1,,1,const,,55
p2653,,,op2,op1,15,linear3,,37.5
p2653,,,op3,op1,1,const,,55
p2653,,,op4,op1,15,linear3,,37.5
p2653,,,op5,op1,1,const,,55
p2654,2293.232,BATCH_PIPELINE,op1,,1,const,,55
p2654,,,op2,,2,sqrt,,55
p2654,,,op3,,2,sqrt,,55
p2654,,,op4,,5,linear3,,45
p2654,,,op5,,5,linear3,,45
p2654,,,op6,,40,linear7,,20
p2654,,,op7,,20,linear7,,30
p2654,,,op8,,20,linear7,,30
p2654,,,op9,,15,linear3,,37.5
p2654,,,op10,,1,const,,55
p2654,,,op11,op1;op2;op3;op4;op5;op6;op7;op8;op9;op10,2,sqrt,,55
p2655,2293.232,BATCH_PIPELINE,op1,,1,const,,55
p2655,,,op2,op1,20,linear7,,30
p2655,,,op3,op2,20,linear7,,30
p2655,,,op4,op3,20,linear7,,30
p2655,,,op5,op4,1,const,,55
p2656,2293.232,BATCH_PIPELINE,op1,,1,const,,55
p2656,,,op2,op1,20,linear7,,30
p2656,,,op3,op1,15,linear3,,37.5
p2656,,,op4,op1,1,const,,55
p2657,2293.232,INTERACTIVE,op1,,1,const,,55
p2657,,,op2,op1,1,const,,55
p2657,,,op3,op2,15,linear3,,37.5
p2657,,,op4,op3,1,const,,55
p2657,,,op5,op4,20,linear7,,30
p2657,,,op6,op5,2,sqrt,,55
p2657,,,op7,op6,15,linear3,,37.5
p2657,,,op8,op7,5,linear3,,45
p2658,2293.232,BATCH_PIPELINE,op1,,1,const,,55
p2658,,,op2,,15,linear3,,37.5
p2658,,,op3,,80,squared,,10
p2658,,,op4,,20,linear7,,30
p2658,,,op5,,5,linear3,,45
p2658,,,op6,,2,sqrt,,55
p2658,,,op7,,2,sqrt,,55
p2658,,,op8,op1;op2;op3;op4;op5;op6;op7,20,linear7,,30
p2659,2293.232,INTERACTIVE,op1,,1,const,,55
p2659,,,op2,op1,15,linear3,,37.5
p2659,,,op3,op2,1,const,,55
p2659,,,op4,op3,80,squared,,10
p2659,,,op5,op4,80,squared,,10
p2659,,,op6,op5,20,linear7,,30
p2659,,,op7,op6,40,linear7,,20
p2659,,,op8,op7,5,linear3,,45
p2660,2293.232,BATCH_PIPELINE,op1,,1,const,,55
p2660,,,op2,op1,5,linear3,,45
p2660,,,op3,op1,80,squared,,10
p2660,,,op4,op1,1,const,,55
p2660,,,op5,op1,15,linear3,,37.5
p2660,,,op6,op1,15,linear3,,37.5
p2660,,,op7,op1,20,linear7,,30
p2661,2302.031,BATCH_PIPELINE,op1,,1,const,,55
p2661,,,op2,op1,5,linear3,,45
p2661,,,op3,op2,5,linear3,,45
p2661,,,op4,op3,1,const,,55
p2661,,,op5,op4,80,squared,,10
p2661,,,op6,op5,20,linear7,,30
p2661,,,op7,op6,15,linear3,,37.5
p2661,,,op8,op7,2,sqrt,,55
p2662,2302.031,BATCH_PIPELINE,op1,,1,const,,55
p2662,,,op2,op1,20,linear7,,30
p2662,,,op3,op2,1,const,,55
p2662,,,op4,op3,80,squared,,10
p2662,,,op5,op4,20,linear7,,30
p2662,,,op6,op5,5,linear3,,45
p2662,,,op7,op6,15,linear3,,37.5
p2662,,,op8,op7,20,linear7,,30
p2662,,,op9,op8,1,const,,55
p2663,2302.031,BATCH_PIPELINE,op1,,1,const,,55
p2663,,,op2,op1,1,const,,55
p2663,,,op3,op2,20,linear7,,30
p2663,,,op4,op3,15,linear3,,37.5
p2663,,,op5,op4,15,linear3,,37.5
p2663,,,op6,op5,15,linear3,,37.5
p2663,,,op7,op6,1,const,,55
p2663,,,op8,op7,20,linear7,,30
p2664,2302.031,QUERY,op1,,15,linear3,,35
p2665,2302.031,QUERY,op1,,15,linear3,,35
p2666,2302.031,BATCH_PIPELINE,op1,,1,const,,55
p2666,,,op2,op1,80,squared,,10
p2666,,,op3,op2,15,linear3,,37.5
p2666,,,op4,op3,15,linear3,,37.5
p2666,,,op5,op4,2,sqrt,,55
p2666,,,op6,op5,5,linear3,,45
p2666,,,op7,op6,1,const,,55
p2666,,,op8,op7,20,linear7,,30
p2666,,,op9,op8,1,const,,55
p2667,2302.031,INTERACTIVE,op1,,1,const,,55
p2667,,,op2,op1,5,linear3,,45
p2667,,,op3,op2,40,linear7,,20
p2667,,,op4,op3,40,linear7,,20
p2667,,,op5,op4,5,linear3,,45
p2667,,,op6,op5,2,sqrt,,55
p2667,,,op7,op6,20,linear7,,30
p2668,2302.031,BATCH_PIPELINE,op1,,1,const,,55
p2668,,,op2,op1,40,linear7,,20
p2668,,,op3,op2,5,linear3,,45
p2668,,,op4,op3,15,linear3,,37.5
p2669,2302.031,BATCH_PIPELINE,op1,,1,const,,55
p2669,,,op2,op1,5,linear3,,45
p2669,,,op3,op2,1,const,,55
p2669,,,op4,op3,1,const,,55
p2669,,,op5,op4,20,linear7,,30
p2669,,,op6,op5,1,const,,55
p2669,,,op7,op6,15,linear3,,37.5
p2669,,,op8,op7,20,linear7,,30
p2669,,,op9,op8,2,sqrt,,55
p2670,2302.031,BATCH_PIPELINE,op1,,1,const,,55
p2670,,,op2,op1,2,sqrt,,55
p2670,,,op3,op2,2,sqrt,,55
p2670,,,op4,op3,5,linear3,,45
p2670,,,op5,op4,40,linear7,,20
p2670,,,op6,op5,80,squared,,10
p2670,,,op7,op6,5,linear3,,45
p2671,2309.429,BATCH_PIPELINE,op1,,1,const,,55
p2671,,,op2,op1,5,linear3,,45
p2671,,,op3,op2,40,linear7,,20
p2671,,,op4,op3,40,linear7,,20
p2672,2309.429,INTERACTIVE,op1,,1,const,,55
p2672,,,op2,op1,5,linear3,,45
p2672,,,op3,op2,20,linear7,,30
p2672,,,op4,op3,5,linear3,,45
p2672,,,op5,op4,15,linear3,,37.5
p2672,,,op6,op5,20,linear7,,30
p2672,,,op7,op6,80,squared,,10
p2672,,,op8,op7,15,linear3,,37.5
p2673,2309.429,BATCH_PIPELINE,op1,,1,const,,55
p2673,,,op2,op1,15,linear3,,37.5
p2673,,,op3,op1,15,linear3,,37.5
p2673,,,op4,op1,15,linear3,,37.5
p2673,,,op5,op1,15,linear3,,37.5
p2674,2309.429,BATCH_PIPELINE,op1,,1,const,,55
p2674,,,op2,op1,15,linear3,,37.5
p2674,,,op3,op1,80,squared,,10
p2674,,,op4,op1,40,linear7,,20
p2674,,,op5,op1,5,linear3,,45
p2674,,,op6,op1,1,const,,55
p2674,,,op7,op1,15,linear3,,37.5
p2674,,,op8,op1,80,squared,,10
p2674,,,op9,op1,2,sqrt,,55
p2675,2309.429,INTERACTIVE,op1,,1,const,,55
p2675,,,op2,op1,5,linear3,,45
p2675,,,op3,op2,2,sqrt,,55
p2675,,,op4,op3,20,linear7,,30
p2675,,,op5,op4,2,sqrt,,55
p2675,,,op6,op5,1,const,,55
p2675,,,op7,op6,80,squared,,10
p2675,,,op8,op7,20,linear7,,30
p2676,2309.429,BATCH_PIPELINE,op1,,1,const,,55
p2676,,,op2,op1,15,linear3,,37.5
p2676,,,op3,op2,5,linear3,,45
p2676,,,op4,op3,20,linear7,,30
p2676,,,op5,op4,2,sqrt,,55
p2676,,,op6,op5,1,const,,55
p2676,,,op7,op6,5,linear3,,45
p2676,,,op8,op7,40,linear7,,20
p2676,,,op9,op8,1,const,,55
p2677,2309.429,BATCH_PIPELINE,op1,,1,const,,55
p2677,,,op2,op1,15,linear3,,37.5
p2677,,,op3,op2,20,linear7,,30
p2677,,,op4,op3,15,linear3,,37.5
p2677,,,op5,op4,2,sqrt,,55
p2677,,,op6,op5,40,linear7,,20
p2677,,,op7,op6,20,linear7,,30
p2677,,,op8,op7,15,linear3,,37.5
p2677,,,op9,op8,5,linear3,,45
p2678,2309.429,BATCH_PIPELINE,op1,,1,const,,55
p2678,,,op2,op1,20,linear7,,30
p2678,,,op3,op1,20,linear7,,30
p2678,,,op4,op1,1,const,,55
p2678,,,op5,op1,20,linear7,,30
p2678,,,op6,op1,80,squared,,10
p2678,,,op7,op1,1,const,,55
p2679,2309.429,INTERACTIVE,op1,,1,const,,55
p2679,,,op2,op1,40,linear7,,20
p2679,,,op3,op2,2,sqrt,,55
p2679,,,op4,op3,15,linear3,,37.5
p2679,,,op5,op4,80,squared,,10
p2679,,,op6,op5,2,sqrt,,55
p2679,,,op7,op6,5,linear3,,45
p2680,2309.429,BATCH_PIPELINE,op1,,1,const,,55
p2680,,,op2,op1,5,linear3,,45
p2680,,,op3,op2,1,const,,55
p2680,,,op4,op3,2,sqrt,,55
p2680,,,op5,op4,20,linear7,,30
p2680,,,op6,op5,2,sqrt,,55
p2681,2319.109,INTERACTIVE,op1,,1,const,,55
p2681,,,op2,op1,15,linear3,,37.5
p2681,,,op3,op1,20,linear7,,30
p2681,,,op4,op1,2,sqrt,,55
p2681,,,op5,op1,15,linear3,,37.5
p2682,2319.109,INTERACTIVE,op1,,1,const,,55
p2682,,,op2,op1,5,linear3,,45
p2682,,,op3,op2,15,linear3,,37.5
p2682,,,op4,op3,5,linear3,,45
p2682,,,op5,op4,15,linear3,,37.5
p2682,,,op6,op5,15,linear3,,37.5
p2682,,,op7,op6,80,squared,,10
p2682,,,op8,op7,5,linear3,,45
p2682,,,op9,op8,5,linear3,,45
p2683,2319.109,QUERY,op1,,15,linear3,,35
p2684,2319.109,INTERACTIVE,op1,,1,const,,55
p2684,,,op2,,20,linear7,,30
p2684,,,op3,,15,linear3,,37.5
p2684,,,op4,,5,linear3,,45
p2684,,,op5,,5,linear3,,45
p2684,,,op6,,2,sqrt,,55
p2684,,,op7,op1;op2;op3;op4;op5;op6,2,sqrt,,55
p2685,2319.109,INTERACTIVE,op1,,1,const,,55
p2685,,,op2,,1,const,,55
p2685,,,op3,,15,linear3,,37.5
p2685,,,op4,,15,linear3,,37.5
p2685,,,op5,,15,linear3,,37.5
p2685,,,op6,,2,sqrt,,55
p2685,,,op7,,40,linear7,,20
p2685,,,op8,,15,linear3,,37.5
p2685,,,op9,,40,linear7,,20
p2685,,,op10,op1;op2;op3;op4;op5;op6;op7;op8;op9,2,sqrt,,55
p2686,2319.109,INTERACTIVE,op1,,1,const,,55
p2686,,,op2,op1,40,linear7,,20
p2686,,,op3,op2,1,const,,55
p2686,,,op4,op3,5,linear3,,45
p2686,,,op5,op4,2,sqrt,,55
p2686,,,op6,op5,5,linear3,,45
p2686,,,op7,op6,15,linear3,,37.5
p2686,,,op8,op7,15,linear3,,37.5
p2687,2319.109,INTERACTIVE,op1,,1,const,,55
p2687,,,op2,op1,80,squared,,10
p2687,,,op3,op2,40,linear7,,20
p2687,,,op4,op3,5,linear3,,45
p2687,,,op5,op4,5,linear3,,45
p2687,,,op6,op5,5,linear3,,45
p2687,,,op7,op6,15,linear3,,37.5
p2687,,,op8,op7,2,sqrt,,55
p2687,,,op9,op8,2,sqrt,,55
p2688,2319.109,INTERACTIVE,op1,,1,const,,55
p2688,,,op2,op1,5,linear3,,45
p2688,,,op3,op2,5,linear3,,45
p2688,,,op4,op3,15,linear3,,37.5
p2688,,,op5,op4,1,const,,55
p2688,,,op6,op5,15,linear3,,37.5
p2688,,,op7,op6,20,linear7,,30
p2689,2319.109,QUERY,op1,,15,linear3,,35
p2690,2319.109,INTERACTIVE,op1,,1,const,,55
p2690,,,op2,op1,2,sqrt,,55
p2690,,,op3,op2,5,linear3,,45
p2690,,,op4,op3,80,squared,,10
p2690,,,op5,op4,15,linear3,,37.5
p2690,,,op6,op5,15,linear3,,37.5
p2690,,,op7,op6,2,sqrt,,55
p2690,,,op8,op7,5,linear3,,45
p2690,,,op9,op8,20,linear7,,30
p2690,,,op10,op9,15,linear3,,37.5
p2691,2326.9410000000003,BATCH_PIPELINE,op1,,1,const,,55
p2691,,,op2,op1,20,linear7,,30
p2691,,,op3,op2,15,linear3,,37.5
p2691,,,op4,op3,1,const,,55
p2691,,,op5,op4,15,linear3,,37.5
p2691,,,op6,op5,40,linear7,,20
p2691,,,op7,op6,5,linear3,,45
p2691,,,op8,op7,20,linear7,,30
p2691,,,op9,op8,20,linear7,,30
p2691,,,op10,op9,20,linear7,,30
p2692,2326.9410000000003,INTERACTIVE,op1,,1,const,,55
p2692,,,op2,op1,15,linear3,,37.5
p2692,,,op3,op1,20,linear7,,30
p2692,,,op4,op1,15,linear3,,37.5
p2692,,,op5,op1,40,linear7,,20
p2692,,,op6,op1,5,linear3,,45
p2692,,,op7,op1,2,sqrt,,55
p2692,,,op8,op1,1,const,,55
p2692,,,op9,op1,5,linear3,,45
p2693,2326.9410000000003,BATCH_PIPELINE,op1,,1,const,,55
p2693,,,op2,op1,40,linear7,,20
p2693,,,op3,op2,2,sqrt,,55
p2693,,,op4,op3,5,linear3,,45
p2693,,,op5,op4,2,sqrt,,55
p2693,,,op6,op5,15,linear3,,37.5
p2693,,,op7,op6,15,linear3,,37.5
p2693,,,op8,op7,20,linear7,,30
p2693,,,op9,op8,80,squared,,10
p2694,2326.9410000000003,QUERY,op1,,15,linear3,,35
p2695,2326.9410000000003,INTERACTIVE,op1,,1,const,,55
p2695,,,op2,op1,20,linear7,,30
p2695,,,op3,op2,20,linear7,,30
p2695,,,op4,op3,1,const,,55
p2695,,,op5,op4,15,linear3,,37.5
p2695,,,op6,op5,5,linear3,,45
p2695,,,op7,op6,2,sqrt,,55
p2695,,,op8,op7,5,linear3,,45
p2696,2326.9410000000003,BATCH_PIPELINE,op1,,1,const,,55
p2696,,,op2,op1,5,linear3,,45
p2696,,,op3,op2,20,linear7,,30
p2696,,,op4,op3,15,linear3,,37.5
p2696,,,op5,op4,15,linear3,,37.5
p2696,,,op6,op5,20,linear7,,30
p2697,2326.9410000000003,INTERACTIVE,op1,,1,const,,55
p2697,,,op2,op1,20,linear7,,30
p2697,,,op3,op2,2,sqrt,,55
p2697,,,op4,op3,5,linear3,,45
p2697,,,op5,op4,15,linear3,,37.5
p2697,,,op6,op5,40,linear7,,20
p2697,,,op7,op6,80,squared,,10
p2698,2326.9410000000003,BATCH_PIPELINE,op1,,1,const,,55
p2698,,,op2,op1,15,linear3,,37.5
p2698,,,op3,op2,1,const,,55
p2698,,,op4,op3,5,linear3,,45
p2698,,,op5,op4,20,linear7,,30
p2699,2326.9410000000003,BATCH_PIPELINE,op1,,1,const,,55
p2699,,,op2,op1,5,linear3,,45
p2699,,,op3,op2,20,linear7,,30
p2699,,,op4,op3,5,linear3,,45
p2699,,,op5,op4,15,linear3,,37.5
p2699,,,op6,op5,80,squared,,10
p2700,2326.9410000000003,INTERACTIVE,op1,,1,const,,55
p2700,,,op2,op1,20,linear7,,30
p2700,,,op3,op1,15,linear3,,37.5
p2700,,,op4,op1,80,squared,,10
p2700,,,op5,op1,15,linear3,,37.5
p2700,,,op6,op1,1,const,,55
p2701,2336.16,BATCH_PIPELINE,op1,,1,const,,55
p2701,,,op2,op1,1,const,,55
p2701,,,op3,op2,40,linear7,,20
p2701,,,op4,op3,20,linear7,,30
p2701,,,op5,op4,5,linear3,,45
p2701,,,op6,op5,5,linear3,,45
p2701,,,op7,op6,40,linear7,,20
p2701,,,op8,op7,1,const,,55
p2701,,,op9,op8,15,linear3,,37.5
p2701,,,op10,op9,40,linear7,,20
p2702,2336.16,BATCH_PIPELINE,op1,,1,const,,55
p2702,,,op2,op1,2,sqrt,,55
p2702,,,op3,op1,2,sqrt,,55
p2702,,,op4,op1,20,linear7,,30
p2702,,,op5,op1,2,sqrt,,55
p2702,,,op6,op1,1,const,,55
p2702,,,op7,op1,15,linear3,,37.5
p2702,,,op8,op1,2,sqrt,,55
p2702,,,op9,op1,1,const,,55
p2703,2336.16,BATCH_PIPELINE,op1,,1,const,,55
p2703,,,op2,op1,1,const,,55
p2703,,,op3,op2,15,linear3,,37.5
p2703,,,op4,op3,40,linear7,,20
p2703,,,op5,op4,80,squared,,10
p2703,,,op6,op5,40,linear7,,20
p2703,,,op7,op6,1,const,,55
p2703,,,op8,op7,20,linear7,,30
p2703,,,op9,op8,15,linear3,,37.5
p2704,2336.16,BATCH_PIPELINE,op1,,1,const,,55
p2704,,,op2,op1,40,linear7,,20
p2704,,,op3,op2,1,const,,55
p2704,,,op4,op3,15,linear3,,37.5
p2704,,,op5,op4,15,linear3,,37.5
p2704,,,op6,op5,1,const,,55
p2704,,,op7,op6,1,const,,55
p2704,,,op8,op7,15,linear3,,37.5
p2705,2336.16,BATCH_PIPELINE,op1,,1,const,,55
p2705,,,op2,op1,40,linear7,,20
p2705,,,op3,op2,5,linear3,,45
p2705,,,op4,op3,15,linear3,,37.5
p2706,2336.16,BATCH_PIPELINE,op1,,1,const,,55
p2706,,,op2,op1,2,sqrt,,55
p2706,,,op3,op2,5,linear3,,45
p2706,,,op4,op3,2,sqrt,,55
p2706,,,op5,op4,40,linear7,,20
p2706,,,op6,op5,20,linear7,,30
p2706,,,op7,op6,1,const,,55
p2706,,,op8,op7,5,linear3,,45
p2707,2336.16,INTERACTIVE,op1,,1,const,,55
p2707,,,op2,op1,40,linear7,,20
p2707,,,op3,op2,40,linear7,,20
p2707,,,op4,op3,15,linear3,,37.5
p2707,,,op5,op4,40,linear7,,20
p2707,,,op6,op5,2,sqrt,,55
p2708,2336.16,INTERACTIVE,op1,,1,const,,55
p2708,,,op2,op1,5,linear3,,45
p2708,,,op3,op1,15,linear3,,37.5
p2708,,,op4,op1,20,linear7,,30
p2708,,,op5,op1,2,sqrt,,55
p2708,,,op6,op1,2,sqrt,,55
p2708,,,op7,op1,5,linear3,,45
p2708,,,op8,op1,40,linear7,,20
p2709,2336.16,BATCH_PIPELINE,op1,,1,const,,55
p2709,,,op2,,1,const,,55
p2709,,,op3,,40,linear7,,20
p2709,,,op4,,1,const,,55
p2709,,,op5,,2,sqrt,,55
p2709,,,op6,,5,linear3,,45
p2709,,,op7,op1;op2;op3;op4;op5;op6,80,squared,,10
p2710,2336.16,BATCH_PIPELINE,op1,,1,const,,55
p2710,,,op2,op1,20,linear7,,30
p2710,,,op3,op2,1,const,,55
p2710,,,op4,op3,40,linear7,,20
p2711,2345.318,INTERACTIVE,op1,,1,const,,55
p2711,,,op2,op1,15,linear3,,37.5
p2711,,,op3,op1,1,const,,55
p2711,,,op4,op1,40,linear7,,20
p2711,,,op5,op1,1,const,,55
p2711,,,op6,op1,15,linear3,,37.5
p2711,,,op7,op1,1,const,,55
p2711,,,op8,op1,2,sqrt,,55
p2712,2345.318,INTERACTIVE,op1,,1,const,,55
p2712,,,op2,,2,sqrt,,55
p2712,,,op3,,5,linear3,,45
p2712,,,op4,,1,const,,55
p2712,,,op5,,5,linear3,,45
p2712,,,op6,,80,squared,,10
p2712,,,op7,,15,linear3,,37.5
p2712,,,op8,,20,linear7,,30
p2712,,,op9,,2,sqrt,,55
p2712,,,op10,,5,linear3,,45
p2712,,,op11,,15,linear3,,37.5
p2712,,,op12,,2,sqrt,,55
p2712,,,op13,op1;op2;op3;op4;op5;op6;op7;op8;op9;op10;op11;op12,15,linear3,,37.5
p2713,2345.318,INTERACTIVE,op1,,1,const,,55
p2713,,,op2,op1,40,linear7,,20
p2713,,,op3,op2,5,linear3,,45
p2713,,,op4,op3,5,linear3,,45
p2713,,,op5,op4,40,linear7,,20
p2713,,,op6,op5,1,const,,55
p2713,,,op7,op6,1,const,,55
p2713,,,op8,op7,2,sqrt,,55
p2713,,,op9,op8,15,linear3,,37.5
p2714,2345.318,BATCH_PIPELINE,op1,,1,const,,55
p2714,,,op2,op1,15,linear3,,37.5
p2714,,,op3,op2,5,linear3,,45
p2714,,,op4,op3,2,sqrt,,55
p2714,,,op5,op4,80,squared,,10
p2714,,,op6,op5,5,linear3,,45
p2715,2345.318,INTERACTIVE,op1,,1,const,,55
p2715,,,op2,op1,20,linear7,,30
p2715,,,op3,op2,80,squared,,10
p2715,,,op4,op3,20,linear7,,30
p2715,,,op5,op4,20,linear7,,30
p2715,,,op6,op5,15,linear3,,37.5
p2715,,,op7,op6,20,linear7,,30
p2715,,,op8,op7,5,linear3,,45
p2715,,,op9,op8,5,linear3,,45
p2715,,,op10,op9,15,linear3,,37.5
p2715,,,op11,op10,5,linear3,,45
p2715,,,op12,op11,20,linear7,,30
p2716,2345.318,BATCH_PIPELINE,op1,,1,const,,55
p2716,,,op2,op1,80,squared,,10
p2716,,,op3,op2,40,linear7,,20
p2716,,,op4,op3,5,linear3,,45
p2716,,,op5,op4,15,linear3,,37.5
p2716,,,op6,op5,40,linear7,,20
p2716,,,op7,op6,2,sqrt,,55
p2716,,,op8,op7,80,squared,,10
p2716,,,op9,op8,2,sqrt,,55
p2717,2345.318,INTERACTIVE,op1,,1,const,,55
p2717,,,op2,op1,1,const,,55
p2717,,,op3,op2,20,linear7,,30
p2717,,,op4,op3,1,const,,55
p2717,,,op5,op4,1,const,,55
p2717,,,op6,op5,40,linear7,,20
p2717,,,op7,op6,80,squared,,10
p2717,,,op8,op7,2,sqrt,,55
p2718,2345.318,BATCH_PIPELINE,op1,,1,const,,55
p2718,,,op2,op1,40,linear7,,20
p2718,,,op3,op2,5,linear3,,45
p2718,,,op4,op3,20,linear7,,30
p2718,,,op5,op4,1,const,,55
p2718,,,op6,op5,1,const,,55
p2718,,,op7,op6,40,linear7,,20
p2718,,,op8,op7,20,linear7,,30
p2718,,,op9,op8,5,linear3,,45
p2719,2345.318,BATCH_PIPELINE,op1,,1,const,,55
p2719,,,op2,op1,1,const,,55
p2719,,,op3,op2,5,linear3,,45
p2719,,,op4,op3,2,sqrt,,55
p2719,,,op5,op4,15,linear3,,37.5
p2719,,,op6,op5,2,sqrt,,55
p2719,,,op7,op6,1,const,,55
p2719,,,op8,op7,1,const,,55
p2719,,,op9,op8,15,linear3,,37.5
p2719,,,op10,op9,1,const,,55
p2719,,,op11,op10,5,linear3,,45
p2720,2345.318,BATCH_PIPELINE,op1,,1,const,,55
p2720,,,op2,op1,5,linear3,,45
p2720,,,op3,op2,2,sqrt,,55
p2720,,,op4,op3,15,linear3,,37.5
p2720,,,op5,op4,1,const,,55
p2720,,,op6,op5,5,linear3,,45
p2721,2353.539,BATCH_PIPELINE,op1,,1,const,,55
p2721,,,op2,op1,20,linear7,,30
p2721,,,op3,op2,2,sqrt,,55
p2721,,,op4,op3,15,linear3,,37.5
p2721,,,op5,op4,5,linear3,,45
p2721,,,op6,op5,15,linear3,,37.5
p2721,,,op7,op6,20,linear7,,30
p2721,,,op8,op7,2,sqrt,,55
p2721,,,op9,op8,5,linear3,,45
p2721,,,op10,op9,5,linear3,,45
p2721,,,op11,op10,2,sqrt,,55
p2722,2353.539,BATCH_PIPELINE,op1,,1,const,,55
p2722,,,op2,op1,80,squared,,10
p2722,,,op3,op2,2,sqrt,,55
p2722,,,op4,op3,15,linear3,,37.5
p2722,,,op5,op4,40,linear7,,20
p2722,,,op6,op5,5,linear3,,45
p2722,,,op7,op6,2,sqrt,,55
p2723,2353.539,INTERACTIVE,op1,,1,const,,55
p2723,,,op2,,40,linear7,,20
p2723,,,op3,,20,linear7,,30
p2723,,,op4,,5,linear3,,45
p2723,,,op5,,2,sqrt,,55
p2723,,,op6,,5,linear3,,45
p2723,,,op7,,40,linear7,,20
p2723,,,op8,,20,linear7,,30
p2723,,,op9,op1;op2;op3;op4;op5;op6;op7;op8,5,linear3,,45
p2724,2353.539,BATCH_PIPELINE,op1,,1,const,,55
p2724,,,op2,op1,15,linear3,,37.5
p2724,,,op3,op2,80,squared,,10
p2724,,,op4,op3,20,linear7,,30
p2724,,,op5,op4,15,linear3,,37.5
p2724,,,op6,op5,5,linear3,,45
p2724,,,op7,op6,5,linear3,,45
p2725,2353.539,QUERY,op1,,15,linear3,,35
p2726,2353.539,BATCH_PIPELINE,op1,,1,const,,55
p2726,,,op2,op1,2,sqrt,,55
p2726,,,op3,op2,5,linear3,,45
p2726,,,op4,op3,15,linear3,,37.5
p2726,,,op5,op4,15,linear3,,37.5
p2726,,,op6,op5,80,squared,,10
p2726,,,op7,op6,20,linear7,,30
p2726,,,op8,op7,80,squared,,10
p2727,2353.539,BATCH_PIPELINE,op1,,1,const,,55
p2727,,,op2,op1,2,sqrt,,55
p2727,,,op3,op2,80,squared,,10
p2727,,,op4,op3,2,sqrt,,55
p2727,,,op5,op4,1,const,,55
p2727,,,op6,op5,2,sqrt,,55
p2727,,,op7,op6,1,const,,55
p2727,,,op8,op7,2,sqrt,,55
p2727,,,op9,op8,2,sqrt,,55
p2728,2353.539,INTERACTIVE,op1,,1,const,,55
p2728,,,op2,op1,1,const,,55
p2728,,,op3,op2,5,linear3,,45
p2729,2353.539,INTERACTIVE,op1,,1,const,,55
p2729,,,op2,op1,40,linear7,,20
p2729,,,op3,op2,5,linear3,,45
p2729,,,op4,op3,5,linear3,,45
p2729,,,op5,op4,15,linear3,,37.5
p2729,,,op6,op5,40,linear7,,20
p2729,,,op7,op6,20,linear7,,30
p2729,,,op8,op7,15,linear3,,37.5
p2729,,,op9,op8,15,linear3,,37.5
p2730,2353.539,INTERACTIVE,op1,,1,const,,55
p2730,,,op2,op1,5,linear3,,45
p2730,,,op3,op2,5,linear3,,45
p2730,,,op4,op3,5,linear3,,45
p2730,,,op5,op4,15,linear3,,37.5
p2730,,,op6,op5,1,const,,55
p2730,,,op7,op6,5,linear3,,45
p2730,,,op8,op7,20,linear7,,30
p2731,2361.355,INTERACTIVE,op1,,1,const,,55
p2731,,,op2,op1,1,const,,55
p2731,,,op3,op2,1,const,,55
p2731,,,op4,op3,5,linear3,,45
p2731,,,op5,op4,2,sqrt,,55
p2731,,,op6,op5,15,linear3,,37.5
p2731,,,op7,op6,5,linear3,,45
p2731,,,op8,op7,40,linear7,,20
p2731,,,op9,op8,1,const,,55
p2731,,,op10,op9,5,linear3,,45
p2731,,,op11,op10,15,linear3,,37.5
p2731,,,op12,op11,15,linear3,,37.5
p2732,2361.355,BATCH_PIPELINE,op1,,1,const,,55
p2732,,,op2,op1,5,linear3,,45
p2732,,,op3,op2,20,linear7,,30
p2733,2361.355,BATCH_PIPELINE,op1,,1,const,,55
p2733,,,op2,op1,40,linear7,,20
p2733,,,op3,op2,40,linear7,,20
p2733,,,op4,op3,15,linear3,,37.5
p2733,,,op5,op4,80,squared,,10
p2733,,,op6,op5,2,sqrt,,55
p2733,,,op7,op6,1,const,,55
p2733,,,op8,op7,5,linear3,,45
p2734,2361.355,INTERACTIVE,op1,,1,const,,55
p2734,,,op2,op1,15,linear3,,37.5
p2734,,,op3,op2,5,linear3,,45
p2735,2361.355,BATCH_PIPELINE,op1,,1,const,,55
p2735,,,op2,op1,20,linear7,,30
p2735,,,op3,op2,2,sqrt,,55
p2735,,,op4,op3,20,linear7,,30
p2735,,,op5,op4,1,const,,55
p2735,,,op6,op5,2,sqrt,,55
p2735,,,op7,op6,80,squared,,10
p2735,,,op8,op7,1,const,,55
p2736,2361.355,BATCH_PIPELINE,op1,,1,const,,55
p2736,,,op2,,15,linear3,,37.5
p2736,,,op3,,20,linear7,,30
p2736,,,op4,,5,linear3,,45
p2736,,,op5,op1;op2;op3;op4,5,linear3,,45
p2737,2361.355,INTERACTIVE,op1,,1,const,,55
p2737,,,op2,op1,20,linear7,,30
p2737,,,op3,op2,20,linear7,,30
p2737,,,op4,op3,5,linear3,,45
p2737,,,op5,op4,15,linear3,,37.5
p2737,,,op6,op5,20,linear7,,30
p2738,2361.355,INTERACTIVE,op1,,1,const,,55
p2738,,,op2,op1,5,linear3,,45
p2738,,,op3,op2,5,linear3,,45
p2738,,,op4,op3,20,linear7,,30
p2738,,,op5,op4,1,const,,55
p2738,,,op6,op5,40,linear7,,20
p2738,,,op7,op6,20,linear7,,30
p2738,,,op8,op7,80,squared,,10
p2738,,,op9,op8,5,linear3,,45
p2738,,,op10,op9,2,sqrt,,55
p2739,2361.355,BATCH_PIPELINE,op1,,1,const,,55
p2739,,,op2,op1,1,const,,55
p2739,,,op3,op2,1,const,,55
p2739,,,op4,op3,15,linear3,,37.5
p2739,,,op5,op4,80,squared,,10
p2739,,,op6,op5,1,const,,55
p2739,,,op7,op6,5,linear3,,45
p2739,,,op8,op7,5,linear3,,45
p2739,,,op9,op8,80,squared,,10
p2739,,,op10,op9,80,squared,,10
p2740,2361.355,BATCH_PIPELINE,op1,,1,const,,55
p2740,,,op2,op1,1,const,,55
p2740,,,op3,op2,20,linear7,,30
p2740,,,op4,op3,1,const,,55
p2740,,,op5,op4,5,linear3,,45
p2740,,,op6,op5,40,linear7,,20
p2740,,,op7,op6,15,linear3,,37.5
p2740,,,op8,op7,40,linear7,,20
p2740,,,op9,op8,40,linear7,,20
p2741,2366.402,BATCH_PIPELINE,op1,,1,const,,55
p2741,,,op2,op1,15,linear3,,37.5
p2741,,,op3,op2,15,linear3,,37.5
p2741,,,op4,op3,20,linear7,,30
p2741,,,op5,op4,20,linear7,,30
p2741,,,op6,op5,5,linear3,,45
p2741,,,op7,op6,20,linear7,,30
p2741,,,op8,op7,5,linear3,,45
p2741,,,op9,op8,15,linear3,,37.5
p2741,,,op10,op9,15,linear3,,37.5
p2742,2366.402,BATCH_PIPELINE,op1,,1,const,,55
p2742,,,op2,op1,2,sqrt,,55
p2742,,,op3,op2,15,linear3,,37.5
p2742,,,op4,op3,20,linear7,,30
p2742,,,op5,op4,5,linear3,,45
p2742,,,op6,op5,20,linear7,,30
p2743,2366.402,INTERACTIVE,op1,,1,const,,55
p2743,,,op2,op1,2,sqrt,,55
p2743,,,op3,op2,80,squared,,10
p2743,,,op4,op3,15,linear3,,37.5
p2743,,,op5,op4,2,sqrt,,55
p2743,,,op6,op5,15,linear3,,37.5
p2744,2366.402,INTERACTIVE,op1,,1,const,,55
p2744,,,op2,op1,2,sqrt,,55
p2744,,,op3,op1,2,sqrt,,55
p2744,,,op4,op1,80,squared,,10
p2744,,,op5,op1,15,linear3,,37.5
p2744,,,op6,op1,5,linear3,,45
p2744,,,op7,op1,2,sqrt,,55
p2744,,,op8,op1,15,linear3,,37.5
p2745,2366.402,QUERY,op1,,15,linear3,,35
p2746,2366.402,BATCH_PIPELINE,op1,,1,const,,55
p2746,,,op2,op1,5,linear3,,45
p2746,,,op3,op2,2,sqrt,,55
p2746,,,op4,op3,5,linear3,,45
p2746,,,op5,op4,5,linear3,,45
p2746,,,op6,op5,2,sqrt,,55
p2746,,,op7,op6,15,linear3,,37.5
p2747,2366.402,BATCH_PIPELINE,op1,,1,const,,55
p2747,,,op2,op1,2,sqrt,,55
p2747,,,op3,op2,80,squared,,10
p2747,,,op4,op3,15,linear3,,37.5
p2747,,,op5,op4,20,linear7,,30
p2747,,,op6,op5,15,linear3,,37.5
p2747,,,op7,op6,5,linear3,,45
p2747,,,op8,op7,20,linear7,,30
p2747,,,op9,op8,15,linear3,,37.5
p2747,,,op10,op9,1,const,,55
p2748,2366.402,BATCH_PIPELINE,op1,,1,const,,55
p2748,,,op2,op1,15,linear3,,37.5
p2748,,,op3,op2,2,sqrt,,55
p2748,,,op4,op3,15,linear3,,37.5
p2748,,,op5,op4,5,linear3,,45
p2748,,,op6,op5,5,linear3,,45
p2748,,,op7,op6,2,sqrt,,55
p2748,,,op8,op7,20,linear7,,30
p2748,,,op9,op8,15,linear3,,37.5
p2749,2366.402,BATCH_PIPELINE,op1,,1,const,,55
p2749,,,op2,op1,40,linear7,,20
p2749,,,op3,op2,15,linear3,,37.5
p2749,,,op4,op3,5,linear3,,45
p2749,,,op5,op4,1,const,,55
p2749,,,op6,op5,15,linear3,,37.5
p2749,,,op7,op6,1,const,,55
p2749,,,op8,op7,15,linear3,,37.5
p2749,,,op9,op8,15,linear3,,37.5
p2749,,,op10,op9,5,linear3,,45
p2749,,,op11,op10,5,linear3,,45
p2749,,,op12,op11,1,const,,55
p2750,2366.402,INTERACTIVE,op1,,1,const,,55
p2750,,,op2,,20,linear7,,30
p2750,,,op3,,15,linear3,,37.5
p2750,,,op4,,5,linear3,,45
p2750,,,op5,,5,linear3,,45
p2750,,,op6,,5,linear3,,45
p2750,,,op7,op1;op2;op3;op4;op5;op6,40,linear7,,20
p2751,2376.459,INTERACTIVE,op1,,1,const,,55
p2751,,,op2,op1,15,linear3,,37.5
p2751,,,op3,op2,15,linear3,,37.5
p2751,,,op4,op3,20,linear7,,30
p2751,,,op5,op4,5,linear3,,45
p2751,,,op6,op5,1,const,,55
p2751,,,op7,op6,20,linear7,,30
p2751,,,op8,op7,80,squared,,10
p2751,,,op9,op8,1,const,,55
p2752,2376.459,BATCH_PIPELINE,op1,,1,const,,55
p2752,,,op2,op1,15,linear3,,37.5
p2752,,,op3,op2,80,squared,,10
p2752,,,op4,op3,5,linear3,,45
p2752,,,op5,op4,80,squared,,10
p2752,,,op6,op5,80,squared,,10
p2752,,,op7,op6,20,linear7,,30
p2753,2376.459,INTERACTIVE,op1,,1,const,,55
p2753,,,op2,,40,linear7,,20
p2753,,,op3,,2,sqrt,,55
p2753,,,op4,,5,linear3,,45
p2753,,,op5,,5,linear3,,45
p2753,,,op6,,1,const,,55
p2753,,,op7,,20,linear7,,30
p2753,,,op8,op1;op2;op3;op4;op5;op6;op7,40,linear7,,20
p2754,2376.459,INTERACTIVE,op1,,1,const,,55
p2754,,,op2,,15,linear3,,37.5
p2754,,,op3,,5,linear3,,45
p2754,,,op4,,15,linear3,,37.5
p2754,,,op5,,15,linear3,,37.5
p2754,,,op6,,5,linear3,,45
p2754,,,op7,,5,linear3,,45
p2754,,,op8,,5,linear3,,45
p2754,,,op9,,40,linear7,,20
p2754,,,op10,op1;op2;op3;op4;op5;op6;op7;op8;op9,2,sqrt,,55
p2755,2376.459,BATCH_PIPELINE,op1,,1,const,,55
p2755,,,op2,op1,20,linear7,,30
p2755,,,op3,op1,5,linear3,,45
p2755,,,op4,op1,40,linear7,,20
p2755,,,op5,op1,20,linear7,,30
p2755,,,op6,op1,5,linear3,,45
p2756,2376.459,INTERACTIVE,op1,,1,const,,55
p2756,,,op2,op1,20,linear7,,30
p2756,,,op3,op1,20,linear7,,30
p2756,,,op4,op1,15,linear3,,37.5
p2756,,,op5,op1,5,linear3,,45
p2757,2376.459,INTERACTIVE,op1,,1,const,,55
p2757,,,op2,op1,2,sqrt,,55
p2757,,,op3,op1,2,sqrt,,55
p2757,,,op4,op1,80,squared,,10
p2757,,,op5,op1,2,sqrt,,55
p2757,,,op6,op1,15,linear3,,37.5
p2757,,,op7,op1,40,linear7,,20
p2757,,,op8,op1,20,linear7,,30
p2757,,,op9,op1,2,sqrt,,55
p2757,,,op10,op1,1,const,,55
p2758,2376.459,BATCH_PIPELINE,op1,,1,const,,55
p2758,,,op2,op1,15,linear3,,37.5
p2758,,,op3,op1,5,linear3,,45
p2758,,,op4,op1,20,linear7,,30
p2758,,,op5,op1,1,const,,55
p2759,2376.459,INTERACTIVE,op1,,1,const,,55
p2759,,,op2,,2,sqrt,,55
p2759,,,op3,,1,const,,55
p2759,,,op4,,15,linear3,,37.5
p2759,,,op5,,1,const,,55
p2759,,,op6,,40,linear7,,20
p2759,,,op7,,15,linear3,,37.5
p2759,,,op8,,2,sqrt,,55
p2759,,,op9,op1;op2;op3;op4;op5;op6;op7;op8,1,const,,55
p2760,2376.459,QUERY,op1,,15,linear3,,35
p2761,2381.945,BATCH_PIPELINE,op1,,1,const,,55
p2761,,,op2,op1,20,linear7,,30
p2761,,,op3,op1,20,linear7,,30
p2761,,,op4,op1,15,linear3,,37.5
p2761,,,op5,op1,40,linear7,,20
p2761,,,op6,op1,40,linear7,,20
p2762,2381.945,BATCH_PIPELINE,op1,,1,const,,55
p2762,,,op2,op1,2,sqrt,,55
p2762,,,op3,op2,40,linear7,,20
p2762,,,op4,op3,20,linear7,,30
p2762,,,op5,op4,20,linear7,,30
p2762,,,op6,op5,2,sqrt,,55
p2762,,,op7,op6,80,squared,,10
p2762,,,op8,op7,5,linear3,,45
p2763,2381.945,INTERACTIVE,op1,,1,const,,55
p2763,,,op2,op1,1,const,,55
p2763,,,op3,op2,2,sqrt,,55
p2763,,,op4,op3,80,squared,,10
p2763,,,op5,op4,20,linear7,,30
p2763,,,op6,op5,2,sqrt,,55
p2764,2381.945,QUERY,op1,,15,linear3,,35
p2765,2381.945,BATCH_PIPELINE,op1,,1,const,,55
p2765,,,op2,op1,80,squared,,10
p2765,,,op3,op2,1,const,,55
p2765,,,op4,op3,1,const,,55
p2765,,,op5,op4,5,linear3,,45
p2765,,,op6,op5,80,squared,,10
p2765,,,op7,op6,20,linear7,,30
p2765,,,op8,op7,15,linear3,,37.5
p2766,2381.945,BATCH_PIPELINE,op1,,1,const,,55
p2766,,,op2,op1,5,linear3,,45
p2766,,,op3,op2,5,linear3,,45
p2767,2381.945,INTERACTIVE,op1,,1,const,,55
p2767,,,op2,op1,40,linear7,,20
p2767,,,op3,op2,2,sqrt,,55
p2767,,,op4,op3,5,linear3,,45
p2767,,,op5,op4,5,linear3,,45
p2767,,,op6,op5,20,linear7,,30
p2768,2381.945,INTERACTIVE,op1,,1,const,,55
p2768,,,op2,op1,5,linear3,,45
p2768,,,op3,op2,80,squared,,10
p2768,,,op4,op3,2,sqrt,,55
p2768,,,op5,op4,20,linear7,,30
p2768,,,op6,op5,40,linear7,,20
p2768,,,op7,op6,15,linear3,,37.5
p2768,,,op8,op7,5,linear3,,45
p2768,,,op9,op8,80,squared,,10
p2769,2381.945,INTERACTIVE,op1,,1,const,,55
p2769,,,op2,op1,15,linear3,,37.5
p2769,,,op3,op2,20,linear7,,30
p2769,,,op4,op3,5,linear3,,45
p2769,,,op5,op4,1,const,,55
p2769,,,op6,op5,20,linear7,,30
p2769,,,op7,op6,1,const,,55
p2769,,,op8,op7,20,linear7,,30
p2770,2381.945,BATCH_PIPELINE,op1,,1,const,,55
p2770,,,op2,op1,2,sqrt,,55
p2770,,,op3,op2,5,linear3,,45
p2770,,,op4,op3,1,const,,55
p2770,,,op5,op4,40,linear7,,20
p2770,,,op6,op5,1,const,,55
p2770,,,op7,op6,40,linear7,,20
p2770,,,op8,op7,15,linear3,,37.5
p2770,,,op9,op8,5,linear3,,45
p2771,2391.722,BATCH_PIPELINE,op1,,1,const,,55
p2771,,,op2,op1,20,linear7,,30
p2771,,,op3,op2,2,sqrt,,55
p2771,,,op4,op3,15,linear3,,37.5
p2771,,,op5,op4,1,const,,55
p2771,,,op6,op5,1,const,,55
p2771,,,op7,op6,20,linear7,,30
p2772,2391.722,INTERACTIVE,op1,,1,const,,55
p2772,,,op2,op1,5,linear3,,45
p2772,,,op3,op2,2,sqrt,,55
p2772,,,op4,op3,1,const,,55
p2772,,,op5,op4,1,const,,55
p2772,,,op6,op5,20,linear7,,30
p2773,2391.722,QUERY,op1,,15,linear3,,35
p2774,2391.722,BATCH_PIPELINE,op1,,1,const,,55
p2774,,,op2,op1,5,linear3,,45
p2774,,,op3,op2,15,linear3,,37.5
p2774,,,op4,op3,15,linear3,,37.5
p2774,,,op5,op4,5,linear3,,45
p2774,,,op6,op5,1,const,,55
p2774,,,op7,op6,20,linear7,,30
p2775,2391.722,QUERY,op1,,15,linear3,,35
p2776,2391.722,INTERACTIVE,op1,,1,const,,55
p2776,,,op2,op1,2,sqrt,,55
p2776,,,op3,op2,5,linear3,,45
p2776,,,op4,op3,5,linear3,,45
p2776,,,op5,op4,2,sqrt,,55
p2776,,,op6,op5,1,const,,55
p2777,2391.722,BATCH_PIPELINE,op1,,1,const,,55
p2778,2391.722,QUERY,op1,,15,linear3,,35
p2779,2391.722,INTERACTIVE,op1,,1,const,,55
p2779,,,op2,op1,40,linear7,,20
p2779,,,op3,op2,5,linear3,,45
p2779,,,op4,op3,1,const,,55
p2779,,,op5,op4,2,sqrt,,55
p2779,,,op6,op5,15,linear3,,37.5
p2779,,,op7,op6,1,const,,55
p2779,,,op8,op7,40,linear7,,20
p2779,,,op9,op8,5,linear3,,45
p2780,2391.722,INTERACTIVE,op1,,1,const,,55
p2780,,,op2,op1,1,const,,55
p2780,,,op3,op2,40,linear7,,20
p2780,,,op4,op3,5,linear3,,45
p2781,2402.0080000000003,INTERACTIVE,op1,,1,const,,55
p2781,,,op2,op1,5,linear3,,45
p2781,,,op3,op2,5,linear3,,45
p2781,,,op4,op3,15,linear3,,37.5
p2781,,,op5,op4,15,linear3,,37.5
p2781,,,op6,op5,80,squared,,10
p2781,,,op7,op6,80,squared,,10
p2781,,,op8,op7,1,const,,55
p2782,2402.0080000000003,BATCH_PIPELINE,op1,,1,const,,55
p2782,,,op2,op1,5,linear3,,45
p2782,,,op3,op2,15,linear3,,37.5
p2782,,,op4,op3,1,const,,55
p2782,,,op5,op4,1,const,,55
p2782,,,op6,op5,80,squared,,10
p2782,,,op7,op6,15,linear3,,37.5
p2783,2402.0080000000003,BATCH_PIPELINE,op1,,1,const,,55
p2783,,,op2,op1,5,linear3,,45
p2783,,,op3,op2,1,const,,55
p2783,,,op4,op3,2,sqrt,,55
p2783,,,op5,op4,5,linear3,,45
p2783,,,op6,op5,40,linear7,,20
p2783,,,op7,op6,15,linear3,,37.5
p2783,,,op8,op7,20,linear7,,30
p2784,2402.0080000000003,INTERACTIVE,op1,,1,const,,55
p2784,,,op2,op1,2,sqrt,,55
p2784,,,op3,op1,15,linear3,,37.5
p2784,,,op4,op1,5,linear3,,45
p2784,,,op5,op1,5,linear3,,45
p2784,,,op6,op1,5,linear3,,45
p2784,,,op7,op1,40,linear7,,20
p2784,,,op8,op1,40,linear7,,20
p2784,,,op9,op1,2,sqrt,,55
p2785,2402.0080000000003,BATCH_PIPELINE,op1,,1,const,,55
p2785,,,op2,op1,20,linear7,,30
p2785,,,op3,op1,20,linear7,,30
p2785,,,op4,op1,1,const,,55
p2785,,,op5,op1,2,sqrt,,55
p2785,,,op6,op1,1,const,,55
p2786,2402.0080000000003,BATCH_PIPELINE,op1,,1,const,,55
p2786,,,op2,,15,linear3,,37.5
p2786,,,op3,,20,linear7,,30
p2786,,,op4,,1,const,,55
p2786,,,op5,,2,sqrt,,55
p2786,,,op6,,20,linear7,,30
p2786,,,op7,op1;op2;op3;op4;op5;op6,2,sqrt,,55
p2787,2402.0080000000003,BATCH_PIPELINE,op1,,1,const,,55
p2787,,,op2,op1,40,linear7,,20
p2787,,,op3,op2,5,linear3,,45
p2787,,,op4,op3,5,linear3,,45
p2787,,,op5,op4,40,linear7,,20
p2787,,,op6,op5,1,const,,55
p2787,,,op7,op6,40,linear7,,20
p2787,,,op8,op7,2,sqrt,,55
p2787,,,op9,op8,15,linear3,,37.5
p2788,2402.0080000000003,INTERACTIVE,op1,,1,const,,55
p2788,,,op2,,5,linear3,,45
p2788,,,op3,,1,const,,55
p2788,,,op4,,80,squared,,10
p2788,,,op5,,5,linear3,,45
p2788,,,op6,,40,linear7,,20
p2788,,,op7,op1;op2;op3;op4;op5;op6,40,linear7,,20
p2789,2402.0080000000003,BATCH_PIPELINE,op1,,1,const,,55
p2789,,,op2,,20,linear7,,30
p2789,,,op3,,15,linear3,,37.5
p2789,,,op4,,1,const,,55
p2789,,,op5,,1,const,,55
p2789,,,op6,,80,squared,,10
p2789,,,op7,op1;op2;op3;op4;op5;op6,1,const,,55
p2790,2402.0080000000003,QUERY,op1,,15,linear3,,35
p2791,2410.48,INTERACTIVE,op1,,1,const,,55
p2791,,,op2,op1,15,linear3,,37.5
p2791,,,op3,op1,80,squared,,10
p2791,,,op4,op1,15,linear3,,37.5
p2791,,,op5,op1,40,linear7,,20
p2792,2410.48,INTERACTIVE,op1,,1,const,,55
p2792,,,op2,op1,15,linear3,,37.5
p2792,,,op3,op1,15,linear3,,37.5
p2792,,,op4,op1,80,squared,,10
p2792,,,op5,op1,15,linear3,,37.5
p2792,,,op6,op1,2,sqrt,,55
p2792,,,op7,op1,2,sqrt,,55
p2792,,,op8,op1,20,linear7,,30
p2792,,,op9,op1,15,linear3,,37.5
p2792,,,op10,op1,1,const,,55
p2793,2410.48,BATCH_PIPELINE,op1,,1,const,,55
p2793,,,op2,,2,sqrt,,55
p2793,,,op3,,5,linear3,,45
p2793,,,op4,,2,sqrt,,55
p2793,,,op5,op1;op2;op3;op4,80,squared,,10
p2794,2410.48,INTERACTIVE,op1,,1,const,,55
p2794,,,op2,op1,15,linear3,,37.5
p2794,,,op3,op2,80,squared,,10
p2794,,,op4,op3,2,sqrt,,55
p2794,,,op5,op4,40,linear7,,20
p2794,,,op6,op5,2,sqrt,,55
p2794,,,op7,op6,5,linear3,,45
p2794,,,op8,op7,20,linear7,,30
p2794,,,op9,op8,20,linear7,,30
p2794,,,op10,op9,1,const,,55
p2795,2410.48,BATCH_PIPELINE,op1,,1,const,,55
p2795,,,op2,op1,1,const,,55
p2795,,,op3,op2,5,linear3,,45
p2795,,,op4,op3,5,linear3,,45
p2795,,,op5,op4,15,linear3,,37.5
p2795,,,op6,op5,20,linear7,,30
p2795,,,op7,op6,15,linear3,,37.5
p2795,,,op8,op7,2,sqrt,,55
p2795,,,op9,op8,5,linear3,,45
p2796,2410.48,INTERACTIVE,op1,,1,const,,55
p2796,,,op2,op1,1,const,,55
p2796,,,op3,op2,5,linear3,,45
p2796,,,op4,op3,15,linear3,,37.5
p2796,,,op5,op4,1,const,,55
p2796,,,op6,op5,1,const,,55
p2797,2410.48,BATCH_PIPELINE,op1,,1,const,,55
p2797,,,op2,op1,5,linear3,,45
p2797,,,op3,op2,20,linear7,,30
p2797,,,op4,op3,15,linear3,,37.5
p2797,,,op5,op4,5,linear3,,45
p2797,,,op6,op5,15,linear3,,37.5
p2797,,,op7,op6,40,linear7,,20
p2797,,,op8,op7,5,linear3,,45
p2797,,,op9,op8,1,const,,55
p2798,2410.48,INTERACTIVE,op1,,1,const,,55
p2798,,,op2,op1,1,const,,55
p2798,,,op3,op2,5,linear3,,45
p2798,,,op4,op3,2,sqrt,,55
p2798,,,op5,op4,1,const,,55
p2798,,,op6,op5,5,linear3,,45
p2798,,,op7,op6,2,sqrt,,55
p2798,,,op8,op7,5,linear3,,45
p2799,2410.48,BATCH_PIPELINE,op1,,1,const,,55
p2799,,,op2,op1,2,sqrt,,55
p2799,,,op3,op2,5,linear3,,45
p2799,,,op4,op3,5,linear3,,45
p2799,,,op5,op4,20,linear7,,30
p2799,,,op6,op5,1,const,,55
p2799,,,op7,op6,40,linear7,,20
p2799,,,op8,op7,20,linear7,,30
p2800,2410.48,BATCH_PIPELINE,op1,,1,const,,55
p2800,,,op2,op1,15,linear3,,37.5
p2800,,,op3,op2,5,linear3,,45
p2800,,,op4,op3,5,linear3,,45
p2800,,,op5,op4,15,linear3,,37.5
p2800,,,op6,op5,20,linear7,,30
p2800,,,op7,op6,1,const,,55
p2800,,,op8,op7,2,sqrt,,55
p2801,2423.167,BATCH_PIPELINE,op1,,1,const,,55
p2801,,,op2,op1,5,linear3,,45
p2801,,,op3,op2,1,const,,55
p2801,,,op4,op3,5,linear3,,45
p2801,,,op5,op4,40,linear7,,20
p2801,,,op6,op5,40,linear7,,20
p2801,,,op7,op6,80,squared,,10
p2801,,,op8,op7,5,linear3,,45
p2801,,,op9,op8,15,linear3,,37.5
p2801,,,op10,op9,2,sqrt,,55
p2801,,,op11,op10,1,const,,55
p2802,2423.167,INTERACTIVE,op1,,1,const,,55
p2802,,,op2,op1,1,const,,55
p2802,,,op3,op1,2,sqrt,,55
p2802,,,op4,op1,15,linear3,,37.5
p2802,,,op5,op1,15,linear3,,37.5
p2803,2423.167,QUERY,op1,,15,linear3,,35
p2804,2423.167,BATCH_PIPELINE,op1,,1,const,,55
p2804,,,op2,op1,80,squared,,10
p2804,,,op3,op2,80,squared,,10
p2804,,,op4,op3,5,linear3,,45
p2804,,,op5,op4,15,linear3,,37.5
p2804,,,op6,op5,5,linear3,,45
p2804,,,op7,op6,2,sqrt,,55
p2804,,,op8,op7,2,sqrt,,55
p2804,,,op9,op8,40,linear7,,20
p2804,,,op10,op9,15,linear3,,37.5
p2804,,,op11,op10,2,sqrt,,55
p2805,2423.167,BATCH_PIPELINE,op1,,1,const,,55
p2805,,,op2,op1,20,linear7,,30
p2805,,,op3,op2,2,sqrt,,55
p2805,,,op4,op3,20,linear7,,30
p2805,,,op5,op4,15,linear3,,37.5
p2805,,,op6,op5,15,linear3,,37.5
p2806,2423.167,BATCH_PIPELINE,op1,,1,const,,55
p2806,,,op2,op1,1,const,,55
p2806,,,op3,op2,5,linear3,,45
p2806,,,op4,op3,15,linear3,,37.5
p2806,,,op5,op4,40,linear7,,20
p2806,,,op6,op5,15,linear3,,37.5
p2806,,,op7,op6,80,squared,,10
p2806,,,op8,op7,2,sqrt,,55
p2806,,,op9,op8,2,sqrt,,55
p2807,2423.167,BATCH_PIPELINE,op1,,1,const,,55
p2807,,,op2,,1,const,,55
p2807,,,op3,,2,sqrt,,55
p2807,,,op4,,40,linear7,,20
p2807,,,op5,,5,linear3,,45
p2807,,,op6,op1;op2;op3;op4;op5,40,linear7,,20
p2808,2423.167,BATCH_PIPELINE,op1,,1,const,,55
p2808,,,op2,op1,80,squared,,10
p2808,,,op3,op2,15,linear3,,37.5
p2808,,,op4,op3,5,linear3,,45
p2808,,,op5,op4,20,linear7,,30
p2808,,,op6,op5,40,linear7,,20
p2808,,,op7,op6,5,linear3,,45
p2808,,,op8,op7,5,linear3,,45
p2809,2423.167,INTERACTIVE,op1,,1,const,,55
p2809,,,op2,op1,15,linear3,,37.5
p2809,,,op3,op2,80,squared,,10
p2809,,,op4,op3,2,sqrt,,55
p2809,,,op5,op4,2,sqrt,,55
p2809,,,op6,op5,20,linear7,,30
p2809,,,op7,op6,1,const,,55
p2810,2423.167,BATCH_PIPELINE,op1,,1,const,,55
p2810,,,op2,op1,15,linear3,,37.5
p2810,,,op3,op2,40,linear7,,20
p2810,,,op4,op3,5,linear3,,45
p2810,,,op5,op4,2,sqrt,,55
p2810,,,op6,op5,5,linear3,,45
p2810,,,op7,op6,2,sqrt,,55
p2810,,,op8,op7,15,linear3,,37.5
p2810,,,op9,op8,5,linear3,,45
p2810,,,op10,op9,2,sqrt,,55
p2810,,,op11,op10,15,linear3,,37.5
p2811,2435.721,QUERY,op1,,15,linear3,,35
p2812,2435.721,INTERACTIVE,op1,,1,const,,55
p2812,,,op2,op1,15,linear3,,37.5
p2812,,,op3,op2,5,linear3,,45
p2812,,,op4,op3,1,const,,55
p2812,,,op5,op4,15,linear3,,37.5
p2812,,,op6,op5,1,const,,55
p2812,,,op7,op6,15,linear3,,37.5
p2812,,,op8,op7,1,const,,55
p2812,,,op9,op8,15,linear3,,37.5
p2812,,,op10,op9,1,const,,55
p2812,,,op11,op10,20,linear7,,30
p2813,2435.721,BATCH_PIPELINE,op1,,1,const,,55
p2813,,,op2,,5,linear3,,45
p2813,,,op3,,15,linear3,,37.5
p2813,,,op4,,5,linear3,,45
p2813,,,op5,,20,linear7,,30
p2813,,,op6,,40,linear7,,20
p2813,,,op7,op1;op2;op3;op4;op5;op6,20,linear7,,30
p2814,2435.721,BATCH_PIPELINE,op1,,1,const,,55
p2814,,,op2,op1,2,sqrt,,55
p2814,,,op3,op2,5,linear3,,45
p2814,,,op4,op3,40,linear7,,20
p2814,,,op5,op4,1,const,,55
p2814,,,op6,op5,20,linear7,,30
p2814,,,op7,op6,5,linear3,,45
p2814,,,op8,op7,5,linear3,,45
p2814,,,op9,op8,40,linear7,,20
p2814,,,op10,op9,2,sqrt,,55
p2815,2435.721,BATCH_PIPELINE,op1,,1,const,,55
p2815,,,op2,op1,80,squared,,10
p2815,,,op3,op2,15,linear3,,37.5
p2815,,,op4,op3,40,linear7,,20
p2815,,,op5,op4,1,const,,55
p2815,,,op6,op5,5,linear3,,45
p2815,,,op7,op6,15,linear3,,37.5
p2816,2435.721,BATCH_PIPELINE,op1,,1,const,,55
p2816,,,op2,op1,40,linear7,,20
p2816,,,op3,op2,15,linear3,,37.5
p2816,,,op4,op3,1,const,,55
p2816,,,op5,op4,40,linear7,,20
p2816,,,op6,op5,2,sqrt,,55
p2816,,,op7,op6,15,linear3,,37.5
p2816,,,op8,op7,15,linear3,,37.5
p2816,,,op9,op8,15,linear3,,37.5
p2817,2435.721,INTERACTIVE,op1,,1,const,,55
p2817,,,op2,op1,20,linear7,,30
p2817,,,op3,op2,1,const,,55
p2817,,,op4,op3,2,sqrt,,55
p2818,2435.721,INTERACTIVE,op1,,1,const,,55
p2818,,,op2,op1,15,linear3,,37.5
p2818,,,op3,op2,15,linear3,,37.5
p2818,,,op4,op3,1,const,,55
p2818,,,op5,op4,15,linear3,,37.5
p2819,2435.721,INTERACTIVE,op1,,1,const,,55
p2819,,,op2,op1,2,sqrt,,55
p2819,,,op3,op2,15,linear3,,37.5
p2819,,,op4,op3,20,linear7,,30
p2819,,,op5,op4,5,linear3,,45
p2820,2435.721,BATCH_PIPELINE,op1,,1,const,,55
p2820,,,op2,op1,15,linear3,,37.5
p2820,,,op3,op2,40,linear7,,20
p2820,,,op4,op3,15,linear3,,37.5
p2820,,,op5,op4,1,const,,55
p2820,,,op6,op5,2,sqrt,,55
p2820,,,op7,op6,5,linear3,,45
p2820,,,op8,op7,5,linear3,,45
p2820,,,op9,op8,15,linear3,,37.5
p2821,2442.906,BATCH_PIPELINE,op1,,1,const,,55
p2821,,,op2,op1,2,sqrt,,55
p2821,,,op3,op2,1,const,,55
p2821,,,op4,op3,5,linear3,,45
p2821,,,op5,op4,15,linear3,,37.5
p2821,,,op6,op5,5,linear3,,45
p2821,,,op7,op6,80,squared,,10
p2822,2442.906,BATCH_PIPELINE,op1,,1,const,,55
p2822,,,op2,,5,linear3,,45
p2822,,,op3,,20,linear7,,30
p2822,,,op4,,1,const,,55
p2822,,,op5,,1,const,,55
p2822,,,op6,,15,linear3,,37.5
p2822,,,op7,op1;op2;op3;op4;op5;op6,5,linear3,,45
p2823,2442.906,INTERACTIVE,op1,,1,const,,55
p2823,,,op2,op1,2,sqrt,,55
p2823,,,op3,op2,2,sqrt,,55
p2823,,,op4,op3,15,linear3,,37.5
p2823,,,op5,op4,1,const,,55
p2823,,,op6,op5,2,sqrt,,55
p2823,,,op7,op6,20,linear7,,30
p2823,,,op8,op7,5,linear3,,45
p2824,2442.906,INTERACTIVE,op1,,1,const,,55
p2824,,,op2,op1,5,linear3,,45
p2824,,,op3,op2,80,squared,,10
p2824,,,op4,op3,20,linear7,,30
p2824,,,op5,op4,1,const,,55
p2824,,,op6,op5,20,linear7,,30
p2825,2442.906,QUERY,op1,,15,linear3,,35
p2826,2442.906,BATCH_PIPELINE,op1,,1,const,,55
p2826,,,op2,op1,1,const,,55
p2826,,,op3,op2,15,linear3,,37.5
p2826,,,op4,op3,2,sqrt,,55
p2826,,,op5,op4,20,linear7,,30
p2826,,,op6,op5,15,linear3,,37.5
p2827,2442.906,INTERACTIVE,op1,,1,const,,55
p2827,,,op2,op1,80,squared,,10
p2827,,,op3,op2,20,linear7,,30
p2827,,,op4,op3,2,sqrt,,55
p2827,,,op5,op4,15,linear3,,37.5
p2827,,,op6,op5,20,linear7,,30
p2827,,,op7,op6,20,linear7,,30
p2827,,,op8,op7,15,linear3,,37.5
p2827,,,op9,op8,20,linear7,,30
p2828,2442.906,QUERY,op1,,15,linear3,,35
p2829,2442.906,BATCH_PIPELINE,op1,,1,const,,55
p2829,,,op2,op1,20,linear7,,30
p2829,,,op3,op1,15,linear3,,37.5
p2829,,,op4,op1,15,linear3,,37.5
p2829,,,op5,op1,5,linear3,,45
p2829,,,op6,op1,5,linear3,,45
p2829,,,op7,op1,1,const,,55
p2829,,,op8,op1,80,squared,,10
p2829,,,op9,op1,40,linear7,,20
p2829,,,op10,op1,1,const,,55
p2829,,,op11,op1,20,linear7,,30
p2829,,,op12,op1,5,linear3,,45
p2830,2442.906,BATCH_PIPELINE,op1,,1,const,,55
p2830,,,op2,op1,5,linear3,,45
p2830,,,op3,op1,15,linear3,,37.5
p2830,,,op4,op1,15,linear3,,37.5
p2830,,,op5,op1,1,const,,55
p2830,,,op6,op1,15,linear3,,37.5
p2830,,,op7,op1,40,linear7,,20
p2830,,,op8,op1,15,linear3,,37.5
p2831,2451.391,BATCH_PIPELINE,op1,,1,const,,55
p2831,,,op2,op1,15,linear3,,37.5
p2831,,,op3,op2,80,squared,,10
p2831,,,op4,op3,15,linear3,,37.5
p2831,,,op5,op4,20,linear7,,30
p2831,,,op6,op5,20,linear7,,30
p2832,2451.391,BATCH_PIPELINE,op1,,1,const,,55
p2832,,,op2,op1,20,linear7,,30
p2832,,,op3,op2,15,linear3,,37.5
p2832,,,op4,op3,5,linear3,,45
p2832,,,op5,op4,40,linear7,,20
p2832,,,op6,op5,1,const,,55
p2833,2451.391,INTERACTIVE,op1,,1,const,,55
p2833,,,op2,op1,5,linear3,,45
p2833,,,op3,op1,20,linear7,,30
p2834,2451.391,QUERY,op1,,15,linear3,,35
p2835,2451.391,BATCH_PIPELINE,op1,,1,const,,55
p2835,,,op2,op1,15,linear3,,37.5
p2835,,,op3,op2,15,linear3,,37.5
p2835,,,op4,op3,80,squared,,10
p2835,,,op5,op4,1,const,,55
p2835,,,op6,op5,5,linear3,,45
p2835,,,op7,op6,15,linear3,,37.5
p2836,2451.391,QUERY,op1,,15,linear3,,35
p2837,2451.391,BATCH_PIPELINE,op1,,1,const,,55
p2837,,,op2,,5,linear3,,45
p2837,,,op3,,80,squared,,10
p2837,,,op4,,20,linear7,,30
p2837,,,op5,,5,linear3,,45
p2837,,,op6,op1;op2;op3;op4;op5,20,linear7,,30
p2838,2451.391,BATCH_PIPELINE,op1,,1,const,,55
p2838,,,op2,op1,1,const,,55
p2838,,,op3,op2,15,linear3,,37.5
p2838,,,op4,op3,20,linear7,,30
p2838,,,op5,op4,15,linear3,,37.5
p2838,,,op6,op5,20,linear7,,30
p2838,,,op7,op6,20,linear7,,30
p2838,,,op8,op7,1,const,,55
p2838,,,op9,op8,15,linear3,,37.5
p2838,,,op10,op9,40,linear7,,20
p2839,2451.391,BATCH_PIPELINE,op1,,1,const,,55
p2839,,,op2,op1,20,linear7,,30
p2839,,,op3,op2,80,squared,,10
p2839,,,op4,op3,1,const,,55
p2839,,,op5,op4,15,linear3,,37.5
p2840,2451.391,INTERACTIVE,op1,,1,const,,55
p2840,,,op2,,5,linear3,,45
p2840,,,op3,,20,linear7,,30
p2840,,,op4,,40,linear7,,20
p2840,,,op5,,5,linear3,,45
p2840,,,op6,,1,const,,55
p2840,,,op7,,40,linear7,,20
p2840,,,op8,,20,linear7,,30
p2840,,,op9,op1;op2;op3;op4;op5;op6;op7;op8,20,linear7,,30
p2841,2458.837,BATCH_PIPELINE,op1,,1,const,,55
p2841,,,op2,op1,15,linear3,,37.5
p2841,,,op3,op2,1,const,,55
p2841,,,op4,op3,2,sqrt,,55
p2841,,,op5,op4,1,const,,55
p2841,,,op6,op5,15,linear3,,37.5
p2841,,,op7,op6,5,linear3,,45
p2841,,,op8,op7,15,linear3,,37.5
p2841,,,op9,op8,2,sqrt,,55
p2841,,,op10,op9,5,linear3,,45
p2841,,,op11,op10,2,sqrt,,55
p2841,,,op12,op11,15,linear3,,37.5
p2842,2458.837,BATCH_PIPELINE,op1,,1,const,,55
p2842,,,op2,op1,15,linear3,,37.5
p2842,,,op3,op2,1,const,,55
p2842,,,op4,op3,20,linear7,,30
p2842,,,op5,op4,5,linear3,,45
p2842,,,op6,op5,15,linear3,,37.5
p2842,,,op7,op6,1,const,,55
p2842,,,op8,op7,1,const,,55
p2843,2458.837,QUERY,op1,,15,linear3,,35
p2844,2458.837,BATCH_PIPELINE,op1,,1,const,,55
p2844,,,op2,,2,sqrt,,55
p2844,,,op3,,1,const,,55
p2844,,,op4,,15,linear3,,37.5
p2844,,,op5,,20,linear7,,30
p2844,,,op6,,15,linear3,,37.5
p2844,,,op7,,80,squared,,10
p2844,,,op8,,2,sqrt,,55
p2844,,,op9,op1;op2;op3;op4;op5;op6;op7;op8,15,linear3,,37.5
p2845,2458.837,INTERACTIVE,op1,,1,const,,55
p2845,,,op2,op1,1,const,,55
p2845,,,op3,op2,20,linear7,,30
p2845,,,op4,op3,40,linear7,,20
p2845,,,op5,op4,2,sqrt,,55
p2845,,,op6,op5,15,linear3,,37.5
p2845,,,op7,op6,80,squared,,10
p2845,,,op8,op7,15,linear3,,37.5
p2846,2458.837,BATCH_PIPELINE,op1,,1,const,,55
p2846,,,op2,op1,20,linear7,,30
p2846,,,op3,op2,1,const,,55
p2846,,,op4,op3,2,sqrt,,55
p2847,2458.837,INTERACTIVE,op1,,1,const,,55
p2847,,,op2,op1,15,linear3,,37.5
p2847,,,op3,op1,15,linear3,,37.5
p2847,,,op4,op1,5,linear3,,45
p2847,,,op5,op1,15,linear3,,37.5
p2847,,,op6,op1,20,linear7,,30
p2847,,,op7,op1,20,linear7,,30
p2848,2458.837,BATCH_PIPELINE,op1,,1,const,,55
p2848,,,op2,,15,linear3,,37.5
p2848,,,op3,,15,linear3,,37.5
p2848,,,op4,,20,linear7,,30
p2848,,,op5,,1,const,,55
p2848,,,op6,,15,linear3,,37.5
p2848,,,op7,,80,squared,,10
p2848,,,op8,,15,linear3,,37.5
p2848,,,op9,,15,linear3,,37.5
p2848,,,op10,op1;op2;op3;op4;op5;op6;op7;op8;op9,2,sqrt,,55
p2849,2458.837,BATCH_PIPELINE,op1,,1,const,,55
p2849,,,op2,op1,2,sqrt,,55
p2849,,,op3,op2,5,linear3,,45
p2849,,,op4,op3,2,sqrt,,55
p2849,,,op5,op4,80,squared,,10
p2849,,,op6,op5,5,linear3,,45
p2849,,,op7,op6,2,sqrt,,55
p2850,2458.837,BATCH_PIPELINE,op1,,1,const,,55
p2850,,,op2,op1,20,linear7,,30
p2850,,,op3,op2,2,sqrt,,55
p2850,,,op4,op3,2,sqrt,,55
p2850,,,op5,op4,80,squared,,10
p2850,,,op6,op5,80,squared,,10
p2851,2470.424,INTERACTIVE,op1,,1,const,,55
p2851,,,op2,op1,5,linear3,,45
p2851,,,op3,op1,2,sqrt,,55
p2851,,,op4,op1,80,squared,,10
p2851,,,op5,op1,2,sqrt,,55
p2851,,,op6,op1,1,const,,55
p2851,,,op7,op1,1,const,,55
p2851,,,op8,op1,5,linear3,,45
p2851,,,op9,op1,1,const,,55
p2851,,,op10,op1,1,const,,55
p2851,,,op11,op1,2,sqrt,,55
p2852,2470.424,BATCH_PIPELINE,op1,,1,const,,55
p2852,,,op2,op1,20,linear7,,30
p2852,,,op3,op2,15,linear3,,37.5
p2852,,,op4,op3,5,linear3,,45
p2852,,,op5,op4,20,linear7,,30
p2852,,,op6,op5,15,linear3,,37.5
p2852,,,op7,op6,5,linear3,,45
p2852,,,op8,op7,1,const,,55
p2852,,,op9,op8,20,linear7,,30
p2852,,,op10,op9,1,const,,55
p2853,2470.424,BATCH_PIPELINE,op1,,1,const,,55
p2853,,,op2,op1,15,linear3,,37.5
p2853,,,op3,op2,15,linear3,,37.5
p2853,,,op4,op3,15,linear3,,37.5
p2853,,,op5,op4,15,linear3,,37.5
p2853,,,op6,op5,2,sqrt,,55
p2853,,,op7,op6,20,linear7,,30
p2853,,,op8,op7,2,sqrt,,55
p2854,2470.424,INTERACTIVE,op1,,1,const,,55
p2854,,,op2,op1,20,linear7,,30
p2854,,,op3,op1,5,linear3,,45
p2854,,,op4,op1,1,const,,55
p2854,,,op5,op1,40,linear7,,20
p2854,,,op6,op1,1,const,,55
p2854,,,op7,op1,20,linear7,,30
p2854,,,op8,op1,80,squared,,10
p2854,,,op9,op1,15,linear3,,37.5
p2855,2470.424,BATCH_PIPELINE,op1,,1,const,,55
p2855,,,op2,op1,80,squared,,10
p2855,,,op3,op2,2,sqrt,,55
p2855,,,op4,op3,2,sqrt,,55
p2855,,,op5,op4,5,linear3,,45
p2855,,,op6,op5,80,squared,,10
p2855,,,op7,op6,2,sqrt,,55
p2855,,,op8,op7,15,linear3,,37.5
p2856,2470.424,INTERACTIVE,op1,,1,const,,55
p2856,,,op2,op1,40,linear7,,20
p2856,,,op3,op2,15,linear3,,37.5
p2856,,,op4,op3,5,linear3,,45
p2856,,,op5,op4,15,linear3,,37.5
p2856,,,op6,op5,5,linear3,,45
p2856,,,op7,op6,80,squared,,10
p2856,,,op8,op7,2,sqrt,,55
p2856,,,op9,op8,15,linear3,,37.5
p2857,2470.424,BATCH_PIPELINE,op1,,1,const,,55
p2857,,,op2,op1,20,linear7,,30
p2857,,,op3,op2,20,linear7,,30
p2857,,,op4,op3,40,linear7,,20
p2857,,,op5,op4,40,linear7,,20
p2857,,,op6,op5,5,linear3,,45
p2857,,,op7,op6,2,sqrt,,55
p2857,,,op8,op7,2,sqrt,,55
p2858,2470.424,QUERY,op1,,15,linear3,,35
p2859,2470.424,INTERACTIVE,op1,,1,const,,55
p2859,,,op2,,40,linear7,,20
p2859,,,op3,,1,const,,55
p2859,,,op4,,2,sqrt,,55
p2859,,,op5,,1,const,,55
p2859,,,op6,,5,linear3,,45
p2859,,,op7,,40,linear7,,20
p2859,,,op8,op1;op2;op3;op4;op5;op6;op7,5,linear3,,45
p2860,2470.424,BATCH_PIPELINE,op1,,1,const,,55
p2860,,,op2,op1,15,linear3,,37.5
p2860,,,op3,op2,15,linear3,,37.5
p2860,,,op4,op3,1,const,,55
p2860,,,op5,op4,5,linear3,,45
p2860,,,op6,op5,15,linear3,,37.5
p2860,,,op7,op6,40,linear7,,20
p2860,,,op8,op7,40,linear7,,20
p2860,,,op9,op8,80,squared,,10
p2861,2480.517,INTERACTIVE,op1,,1,const,,55
p2861,,,op2,op1,5,linear3,,45
p2861,,,op3,op2,15,linear3,,37.5
p2861,,,op4,op3,15,linear3,,37.5
p2861,,,op5,op4,1,const,,55
p2861,,,op6,op5,40,linear7,,20
p2861,,,op7,op6,1,const,,55
p2862,2480.517,BATCH_PIPELINE,op1,,1,const,,55
p2862,,,op2,op1,5,linear3,,45
p2862,,,op3,op1,80,squared,,10
p2862,,,op4,op1,5,linear3,,45
p2862,,,op5,op1,1,const,,55
p2862,,,op6,op1,15,linear3,,37.5
p2862,,,op7,op1,1,const,,55
p2862,,,op8,op1,2,sqrt,,55
p2862,,,op9,op1,20,linear7,,30
p2862,,,op10,op1,5,linear3,,45
p2863,2480.517,BATCH_PIPELINE,op1,,1,const,,55
p2863,,,op2,,1,const,,55
p2863,,,op3,,40,linear7,,20
p2863,,,op4,,5,linear3,,45
p2863,,,op5,op1;op2;op3;op4,80,squared,,10
p2864,2480.517,BATCH_PIPELINE,op1,,1,const,,55
p2864,,,op2,op1,1,const,,55
p2864,,,op3,op2,15,linear3,,37.5
p2864,,,op4,op3,40,linear7,,20
p2864,,,op5,op4,20,linear7,,30
p2864,,,op6,op5,40,linear7,,20
p2864,,,op7,op6,20,linear7,,30
p2864,,,op8,op7,2,sqrt,,55
p2864,,,op9,op8,20,linear7,,30
p2864,,,op10,op9,15,linear3,,37.5
p2864,,,op11,op10,2,sqrt,,55
p2865,2480.517,BATCH_PIPELINE,op1,,1,const,,55
p2865,,,op2,op1,2,sqrt,,55
p2865,,,op3,op1,2,sqrt,,55
p2865,,,op4,op1,2,sqrt,,55
p2865,,,op5,op1,80,squared,,10
p2865,,,op6,op1,2,sqrt,,55
p2865,,,op7,op1,40,linear7,,20
p2866,2480.517,INTERACTIVE,op1,,1,const,,55
p2866,,,op2,op1,40,linear7,,20
p2866,,,op3,op2,40,linear7,,20
p2866,,,op4,op3,15,linear3,,37.5
p2866,,,op5,op4,2,sqrt,,55
p2866,,,op6,op5,80,squared,,10
p2866,,,op7,op6,2,sqrt,,55
p2866,,,op8,op7,1,const,,55
p2866,,,op9,op8,1,const,,55
p2867,2480.517,BATCH_PIPELINE,op1,,1,const,,55
p2867,,,op2,op1,1,const,,55
p2867,,,op3,op1,2,sqrt,,55
p2867,,,op4,op1,15,linear3,,37.5
p2867,,,op5,op1,80,squared,,10
p2867,,,op6,op1,2,sqrt,,55
p2867,,,op7,op1,20,linear7,,30
p2867,,,op8,op1,5,linear3,,45
p2867,,,op9,op1,80,squared,,10
p2868,2480.517,INTERACTIVE,op1,,1,const,,55
p2868,,,op2,op1,5,linear3,,45
p2868,,,op3,op2,20,linear7,,30
p2868,,,op4,op3,1,const,,55
p2868,,,op5,op4,1,const,,55
p2868,,,op6,op5,5,linear3,,45
p2868,,,op7,op6,20,linear7,,30
p2868,,,op8,op7,2,sqrt,,55
p2869,2480.517,BATCH_PIPELINE,op1,,1,const,,55
p2869,,,op2,op1,20,linear7,,30
p2869,,,op3,op2,15,linear3,,37.5
p2869,,,op4,op3,15,linear3,,37.5
p2869,,,op5,op4,1,const,,55
p2870,2480.517,BATCH_PIPELINE,op1,,1,const,,55
p2870,,,op2,op1,20,linear7,,30
p2870,,,op3,op2,5,linear3,,45
p2870,,,op4,op3,20,linear7,,30
p2870,,,op5,op4,40,linear7,,20
p2870,,,op6,op5,5,linear3,,45
p2870,,,op7,op6,15,linear3,,37.5
p2871,2489.05,INTERACTIVE,op1,,1,const,,55
p2871,,,op2,op1,20,linear7,,30
p2871,,,op3,op2,20,linear7,,30
p2871,,,op4,op3,5,linear3,,45
p2871,,,op5,op4,2,sqrt,,55
p2871,,,op6,op5,15,linear3,,37.5
p2871,,,op7,op6,40,linear7,,20
p2871,,,op8,op7,80,squared,,10
p2872,2489.05,BATCH_PIPELINE,op1,,1,const,,55
p2872,,,op2,op1,20,linear7,,30
p2872,,,op3,op2,1,const,,55
p2872,,,op4,op3,5,linear3,,45
p2872,,,op5,op4,20,linear7,,30
p2872,,,op6,op5,1,const,,55
p2872,,,op7,op6,1,const,,55
p2872,,,op8,op7,15,linear3,,37.5
p2872,,,op9,op8,5,linear3,,45
p2872,,,op10,op9,40,linear7,,20
p2872,,,op11,op10,5,linear3,,45
p2872,,,op12,op11,5,linear3,,45
p2873,2489.05,BATCH_PIPELINE,op1,,1,const,,55
p2873,,,op2,op1,20,linear7,,30
p2873,,,op3,op2,2,sqrt,,55
p2873,,,op4,op3,15,linear3,,37.5
p2873,,,op5,op4,20,linear7,,30
p2873,,,op6,op5,20,linear7,,30
p2873,,,op7,op6,15,linear3,,37.5
p2873,,,op8,op7,1,const,,55
p2873,,,op9,op8,1,const,,55
p2873,,,op10,op9,5,linear3,,45
p2874,2489.05,BATCH_PIPELINE,op1,,1,const,,55
p2874,,,op2,op1,5,linear3,,45
p2874,,,op3,op1,15,linear3,,37.5
p2874,,,op4,op1,2,sqrt,,55
p2874,,,op5,op1,20,linear7,,30
p2874,,,op6,op1,20,linear7,,30
p2874,,,op7,op1,5,linear3,,45
p2874,,,op8,op1,15,linear3,,37.5
p2875,2489.05,BATCH_PIPELINE,op1,,1,const,,55
p2875,,,op2,op1,40,linear7,,20
p2875,,,op3,op2,5,linear3,,45
p2875,,,op4,op3,20,linear7,,30
p2875,,,op5,op4,5,linear3,,45
p2875,,,op6,op5,1,const,,55
p2875,,,op7,op6,5,linear3,,45
p2875,,,op8,op7,15,linear3,,37.5
p2876,2489.05,QUERY,op1,,15,linear3,,35
p2877,2489.05,INTERACTIVE,op1,,1,const,,55
p2877,,,op2,op1,1,const,,55
p2877,,,op3,op2,1,const,,55
p2877,,,op4,op3,5,linear3,,45
p2877,,,op5,op4,2,sqrt,,55
p2877,,,op6,op5,40,linear7,,20
p2878,2489.05,BATCH_PIPELINE,op1,,1,const,,55
p2878,,,op2,op1,5,linear3,,45
p2878,,,op3,op1,5,linear3,,45
p2878,,,op4,op1,15,linear3,,37.5
p2878,,,op5,op1,20,linear7,,30
p2878,,,op6,op1,5,linear3,,45
p2878,,,op7,op1,1,const,,55
p2878,,,op8,op1,20,linear7,,30
p2879,2489.05,BATCH_PIPELINE,op1,,1,const,,55
p2879,,,op2,op1,15,linear3,,37.5
p2879,,,op3,op2,2,sqrt,,55
p2879,,,op4,op3,40,linear7,,20
p2879,,,op5,op4,15,linear3,,37.5
p2879,,,op6,op5,5,linear3,,45
p2879,,,op7,op6,5,linear3,,45
p2879,,,op8,op7,5,linear3,,45
p2879,,,op9,op8,80,squared,,10
p2880,2489.05,BATCH_PIPELINE,op1,,1,const,,55
p2880,,,op2,op1,80,squared,,10
p2880,,,op3,op2,20,linear7,,30
p2880,,,op4,op3,15,linear3,,37.5
p2880,,,op5,op4,40,linear7,,20
p2880,,,op6,op5,15,linear3,,37.5
p2880,,,op7,op6,20,linear7,,30
p2880,,,op8,op7,40,linear7,,20
p2880,,,op9,op8,15,linear3,,37.5
p2880,,,op10,op9,5,linear3,,45
p2881,2496.602,QUERY,op1,,15,linear3,,35
p2882,2496.602,QUERY,op1,,15,linear3,,35
p2883,2496.602,BATCH_PIPELINE,op1,,1,const,,55
p2883,,,op2,op1,2,sqrt,,55
p2883,,,op3,op2,1,const,,55
p2883,,,op4,op3,1,const,,55
p2883,,,op5,op4,2,sqrt,,55
p2883,,,op6,op5,5,linear3,,45
p2884,2496.602,INTERACTIVE,op1,,1,const,,55
p2884,,,op2,op1,15,linear3,,37.5
p2884,,,op3,op2,20,linear7,,30
p2884,,,op4,op3,1,const,,55
p2884,,,op5,op4,1,const,,55
p2884,,,op6,op5,20,linear7,,30
p2884,,,op7,op6,15,linear3,,37.5
p2885,2496.602,INTERACTIVE,op1,,1,const,,55
p2885,,,op2,op1,5,linear3,,45
p2885,,,op3,op2,15,linear3,,37.5
p2885,,,op4,op3,15,linear3,,37.5
p2886,2496.602,BATCH_PIPELINE,op1,,1,const,,55
p2886,,,op2,op1,80,squared,,10
p2886,,,op3,op2,1,const,,55
p2886,,,op4,op3,15,linear3,,37.5
p2886,,,op5,op4,20,linear7,,30
p2886,,,op6,op5,20,linear7,,30
p2886,,,op7,op6,5,linear3,,45
p2887,2496.602,INTERACTIVE,op1,,1,const,,55
p2887,,,op2,op1,1,const,,55
p2887,,,op3,op2,20,linear7,,30
p2887,,,op4,op3,1,const,,55
p2888,2496.602,INTERACTIVE,op1,,1,const,,55
p2888,,,op2,op1,2,sqrt,,55
p2888,,,op3,op2,5,linear3,,45
p2888,,,op4,op3,40,linear7,,20
p2888,,,op5,op4,5,linear3,,45
p2888,,,op6,op5,15,linear3,,37.5
p2888,,,op7,op6,2,sqrt,,55
p2888,,,op8,op7,40,linear7,,20
p2889,2496.602,INTERACTIVE,op1,,1,const,,55
p2889,,,op2,,5,linear3,,45
p2889,,,op3,,40,linear7,,20
p2889,,,op4,,5,linear3,,45
p2889,,,op5,,1,const,,55
p2889,,,op6,op1;op2;op3;op4;op5,15,linear3,,37.5
p2890,2496.602,BATCH_PIPELINE,op1,,1,const,,55
p2890,,,op2,op1,5,linear3,,45
p2890,,,op3,op2,5,linear3,,45
p2890,,,op4,op3,5,linear3,,45
p2890,,,op5,op4,15,linear3,,37.5
p2890,,,op6,op5,5,linear3,,45
p2890,,,op7,op6,2,sqrt,,55
p2890,,,op8,op7,20,linear7,,30
p2890,,,op9,op8,1,const,,55
p2890,,,op10,op9,2,sqrt,,55
p2891,2503.06,BATCH_PIPELINE,op1,,1,const,,55
p2891,,,op2,op1,2,sqrt,,55
p2891,,,op3,op2,1,const,,55
p2891,,,op4,op3,5,linear3,,45
p2891,,,op5,op4,5,linear3,,45
p2891,,,op6,op5,15,linear3,,37.5
p2891,,,op7,op6,1,const,,55
p2891,,,op8,op7,15,linear3,,37.5
p2892,2503.06,BATCH_PIPELINE,op1,,1,const,,55
p2892,,,op2,op1,1,const,,55
p2892,,,op3,op1,15,linear3,,37.5
p2892,,,op4,op1,15,linear3,,37.5
p2892,,,op5,op1,2,sqrt,,55
p2892,,,op6,op1,5,linear3,,45
p2893,2503.06,BATCH_PIPELINE,op1,,1,const,,55
p2893,,,op2,op1,80,squared,,10
p2893,,,op3,op2,2,sqrt,,55
p2893,,,op4,op3,1,const,,55
p2893,,,op5,op4,5,linear3,,45
p2893,,,op6,op5,20,linear7,,30
p2893,,,op7,op6,1,const,,55
p2893,,,op8,op7,2,sqrt,,55
p2893,,,op9,op8,2,sqrt,,55
p2893,,,op10,op9,15,linear3,,37.5
p2893,,,op11,op10,15,linear3,,37.5
p2894,2503.06,BATCH_PIPELINE,op1,,1,const,,55
p2894,,,op2,op1,5,linear3,,45
p2894,,,op3,op2,1,const,,55
p2894,,,op4,op3,5,linear3,,45
p2894,,,op5,op4,2,sqrt,,55
p2894,,,op6,op5,20,linear7,,30
p2894,,,op7,op6,5,linear3,,45
p2894,,,op8,op7,5,linear3,,45
p2895,2503.06,BATCH_PIPELINE,op1,,1,const,,55
p2895,,,op2,op1,2,sqrt,,55
p2895,,,op3,op2,1,const,,55
p2895,,,op4,op3,5,linear3,,45
p2895,,,op5,op4,15,linear3,,37.5
p2895,,,op6,op5,1,const,,55
p2895,,,op7,op6,1,const,,55
p2895,,,op8,op7,2,sqrt,,55
p2896,2503.06,INTERACTIVE,op1,,1,const,,55
p2896,,,op2,op1,5,linear3,,45
p2896,,,op3,op2,20,linear7,,30
p2896,,,op4,op3,2,sqrt,,55
p2896,,,op5,op4,5,linear3,,45
p2896,,,op6,op5,1,const,,55
p2896,,,op7,op6,15,linear3,,37.5
p2896,,,op8,op7,15,linear3,,37.5
p2897,2503.06,BATCH_PIPELINE,op1,,1,const,,55
p2897,,,op2,,15,linear3,,37.5
p2897,,,op3,,15,linear3,,37.5
p2897,,,op4,,2,sqrt,,55
p2897,,,op5,,20,linear7,,30
p2897,,,op6,,20,linear7,,30
p2897,,,op7,op1;op2;op3;op4;op5;op6,2,sqrt,,55
p2898,2503.06,BATCH_PIPELINE,op1,,1,const,,55
p2898,,,op2,,15,linear3,,37.5
p2898,,,op3,,40,linear7,,20
p2898,,,op4,,40,linear7,,20
p2898,,,op5,,1,const,,55
p2898,,,op6,op1;op2;op3;op4;op5,20,linear7,,30
p2899,2503.06,INTERACTIVE,op1,,1,const,,55
p2899,,,op2,op1,5,linear3,,45
p2899,,,op3,op1,40,linear7,,20
p2900,2503.06,INTERACTIVE,op1,,1,const,,55
p2900,,,op2,op1,1,const,,55
p2900,,,op3,op2,2,sqrt,,55
p2900,,,op4,op3,80,squared,,10
p2900,,,op5,op4,5,linear3,,45
p2900,,,op6,op5,20,linear7,,30
p2900,,,op7,op6,20,linear7,,30
p2900,,,op8,op7,5,linear3,,45
p2900,,,op9,op8,1,const,,55
p2901,2509.469,INTERACTIVE,op1,,1,const,,55
p2901,,,op2,op1,15,linear3,,37.5
p2901,,,op3,op1,20,linear7,,30
p2901,,,op4,op1,1,const,,55
p2901,,,op5,op1,2,sqrt,,55
p2901,,,op6,op1,15,linear3,,37.5
p2901,,,op7,op1,80,squared,,10
p2901,,,op8,op1,20,linear7,,30
p2902,2509.469,QUERY,op1,,15,linear3,,35
p2903,2509.469,BATCH_PIPELINE,op1,,1,const,,55
p2903,,,op2,op1,5,linear3,,45
p2903,,,op3,op1,5,linear3,,45
p2903,,,op4,op1,2,sqrt,,55
p2903,,,op5,op1,20,linear7,,30
p2903,,,op6,op1,40,linear7,,20
p2903,,,op7,op1,1,const,,55
p2903,,,op8,op1,5,linear3,,45
p2903,,,op9,op1,1,const,,55
p2904,2509.469,BATCH_PIPELINE,op1,,1,const,,55
p2904,,,op2,op1,40,linear7,,20
p2904,,,op3,op2,5,linear3,,45
p2904,,,op4,op3,5,linear3,,45
p2904,,,op5,op4,15,linear3,,37.5
p2905,2509.469,BATCH_PIPELINE,op1,,1,const,,55
p2905,,,op2,op1,5,linear3,,45
p2905,,,op3,op2,40,linear7,,20
p2905,,,op4,op3,5,linear3,,45
p2905,,,op5,op4,5,linear3,,45
p2905,,,op6,op5,15,linear3,,37.5
p2905,,,op7,op6,80,squared,,10
p2906,2509.469,INTERACTIVE,op1,,1,const,,55
p2906,,,op2,op1,40,linear7,,20
p2906,,,op3,op2,40,linear7,,20
p2906,,,op4,op3,2,sqrt,,55
p2906,,,op5,op4,2,sqrt,,55
p2906,,,op6,op5,1,const,,55
p2906,,,op7,op6,20,linear7,,30
p2907,2509.469,QUERY,op1,,15,linear3,,35
p2908,2509.469,INTERACTIVE,op1,,1,const,,55
p2908,,,op2,op1,2,sqrt,,55
p2908,,,op3,op2,5,linear3,,45
p2908,,,op4,op3,5,linear3,,45
p2908,,,op5,op4,1,const,,55
p2908,,,op6,op5,15,linear3,,37.5
p2908,,,op7,op6,20,linear7,,30
p2908,,,op8,op7,5,linear3,,45
p2908,,,op9,op8,5,linear3,,45
p2908,,,op10,op9,80,squared,,10
p2909,2509.469,BATCH_PIPELINE,op1,,1,const,,55
p2909,,,op2,op1,1,const,,55
p2909,,,op3,op2,1,const,,55
p2909,,,op4,op3,40,linear7,,20
p2909,,,op5,op4,20,linear7,,30
p2909,,,op6,op5,15,linear3,,37.5
p2910,2509.469,BATCH_PIPELINE,op1,,1,const,,55
p2910,,,op2,op1,5,linear3,,45
p2910,,,op3,op2,20,linear7,,30
p2910,,,op4,op3,15,linear3,,37.5
p2910,,,op5,op4,2,sqrt,,55
p2910,,,op6,op5,20,linear7,,30
p2911,2514.693,INTERACTIVE,op1,,1,const,,55
p2911,,,op2,,80,squared,,10
p2911,,,op3,,1,const,,55
p2911,,,op4,,2,sqrt,,55
p2911,,,op5,op1;op2;op3;op4,20,linear7,,30
p2912,2514.693,BATCH_PIPELINE,op1,,1,const,,55
p2912,,,op2,op1,20,linear7,,30
p2912,,,op3,op1,5,linear3,,45
p2912,,,op4,op1,5,linear3,,45
p2912,,,op5,op1,20,linear7,,30
p2912,,,op6,op1,20,linear7,,30
p2912,,,op7,op1,15,linear3,,37.5
p2912,,,op8,op1,15,linear3,,37.5
p2913,2514.693,QUERY,op1,,15,linear3,,35
p2914,2514.693,BATCH_PIPELINE,op1,,1,const,,55
p2914,,,op2,,15,linear3,,37.5
p2914,,,op3,,1,const,,55
p2914,,,op4,,2,sqrt,,55
p2914,,,op5,,5,linear3,,45
p2914,,,op6,op1;op2;op3;op4;op5,5,linear3,,45
p2915,2514.693,INTERACTIVE,op1,,1,const,,55
p2915,,,op2,op1,15,linear3,,37.5
p2915,,,op3,op1,15,linear3,,37.5
p2915,,,op4,op1,5,linear3,,45
p2915,,,op5,op1,20,linear7,,30
p2915,,,op6,op1,15,linear3,,37.5
p2915,,,op7,op1,5,linear3,,45
p2915,,,op8,op1,15,linear3,,37.5
p2915,,,op9,op1,20,linear7,,30
p2915,,,op10,op1,15,linear3,,37.5
p2915,,,op11,op1,15,linear3,,37.5
p2915,,,op12,op1,2,sqrt,,55
p2915,,,op13,op1,80,squared,,10
p2915,,,op14,op1,15,linear3,,37.5
p2916,2514.693,BATCH_PIPELINE,op1,,1,const,,55
p2916,,,op2,op1,15,linear3,,37.5
p2916,,,op3,op2,1,const,,55
p2916,,,op4,op3,2,sqrt,,55
p2916,,,op5,op4,2,sqrt,,55
p2916,,,op6,op5,2,sqrt,,55
p2917,2514.693,BATCH_PIPELINE,op1,,1,const,,55
p2917,,,op2,op1,15,linear3,,37.5
p2917,,,op3,op2,1,const,,55
p2917,,,op4,op3,1,const,,55
p2917,,,op5,op4,5,linear3,,45
p2917,,,op6,op5,1,const,,55
p2917,,,op7,op6,15,linear3,,37.5
p2917,,,op8,op7,40,linear7,,20
p2918,2514.693,INTERACTIVE,op1,,1,const,,55
p2918,,,op2,op1,2,sqrt,,55
p2918,,,op3,op2,15,linear3,,37.5
p2918,,,op4,op3,2,sqrt,,55
p2918,,,op5,op4,2,sqrt,,55
p2918,,,op6,op5,1,const,,55
p2918,,,op7,op6,15,linear3,,37.5
p2918,,,op8,op7,40,linear7,,20
p2919,2514.693,BATCH_PIPELINE,op1,,1,const,,55
p2919,,,op2,op1,20,linear7,,30
p2919,,,op3,op1,1,const,,55
p2919,,,op4,op1,20,linear7,,30
p2919,,,op5,op1,80,squared,,10
p2919,,,op6,op1,15,linear3,,37.5
p2919,,,op7,op1,80,squared,,10
p2919,,,op8,op1,2,sqrt,,55
p2919,,,op9,op1,5,linear3,,45
p2919,,,op10,op1,2,sqrt,,55
p2920,2514.693,BATCH_PIPELINE,op1,,1,const,,55
p2920,,,op2,op1,5,linear3,,45
p2920,,,op3,op2,5,linear3,,45
p2920,,,op4,op3,15,linear3,,37.5
p2920,,,op5,op4,5,linear3,,45
p2920,,,op6,op5,1,const,,55
p2920,,,op7,op6,1,const,,55
p2920,,,op8,op7,2,sqrt,,55
p2921,2520.583,BATCH_PIPELINE,op1,,1,const,,55
p2921,,,op2,op1,2,sqrt,,55
p2921,,,op3,op1,80,squared,,10
p2921,,,op4,op1,1,const,,55
p2921,,,op5,op1,40,linear7,,20
p2921,,,op6,op1,5,linear3,,45
p2921,,,op7,op1,2,sqrt,,55
p2922,2520.583,BATCH_PIPELINE,op1,,1,const,,55
p2922,,,op2,op1,80,squared,,10
p2922,,,op3,op1,1,const,,55
p2922,,,op4,op1,5,linear3,,45
p2922,,,op5,op1,15,linear3,,37.5
p2922,,,op6,op1,40,linear7,,20
p2922,,,op7,op1,5,linear3,,45
p2923,2520.583,BATCH_PIPELINE,op1,,1,const,,55
p2923,,,op2,op1,1,const,,55
p2923,,,op3,op2,15,linear3,,37.5
p2923,,,op4,op3,1,const,,55
p2923,,,op5,op4,20,linear7,,30
p2923,,,op6,op5,5,linear3,,45
p2923,,,op7,op6,1,const,,55
p2923,,,op8,op7,2,sqrt,,55
p2923,,,op9,op8,20,linear7,,30
p2924,2520.583,BATCH_PIPELINE,op1,,1,const,,55
p2924,,,op2,op1,5,linear3,,45
p2924,,,op3,op2,1,const,,55
p2924,,,op4,op3,20,linear7,,30
p2924,,,op5,op4,5,linear3,,45
p2924,,,op6,op5,1,const,,55
p2924,,,op7,op6,80,squared,,10
p2924,,,op8,op7,2,sqrt,,55
p2924,,,op9,op8,1,const,,55
p2924,,,op10,op9,15,linear3,,37.5
p2925,2520.583,INTERACTIVE,op1,,1,const,,55
p2925,,,op2,op1,5,linear3,,45
p2925,,,op3,op2,15,linear3,,37.5
p2925,,,op4,op3,15,linear3,,37.5
p2925,,,op5,op4,15,linear3,,37.5
p2925,,,op6,op5,15,linear3,,37.5
p2925,,,op7,op6,15,linear3,,37.5
p2925,,,op8,op7,5,linear3,,45
p2925,,,op9,op8,20,linear7,,30
p2925,,,op10,op9,5,linear3,,45
p2926,2520.583,BATCH_PIPELINE,op1,,1,const,,55
p2926,,,op2,op1,2,sqrt,,55
p2926,,,op3,op2,80,squared,,10
p2926,,,op4,op3,2,sqrt,,55
p2926,,,op5,op4,2,sqrt,,55
p2926,,,op6,op5,20,linear7,,30
p2926,,,op7,op6,15,linear3,,37.5
p2926,,,op8,op7,15,linear3,,37.5
p2926,,,op9,op8,20,linear7,,30
p2927,2520.583,BATCH_PIPELINE,op1,,1,const,,55
p2927,,,op2,op1,2,sqrt,,55
p2927,,,op3,op2,2,sqrt,,55
p2927,,,op4,op3,15,linear3,,37.5
p2927,,,op5,op4,15,linear3,,37.5
p2927,,,op6,op5,15,linear3,,37.5
p2927,,,op7,op6,2,sqrt,,55
p2927,,,op8,op7,40,linear7,,20
p2927,,,op9,op8,80,squared,,10
p2927,,,op10,op9,15,linear3,,37.5
p2927,,,op11,op10,80,squared,,10
p2927,,,op12,op11,20,linear7,,30
p2928,2520.583,INTERACTIVE,op1,,1,const,,55
p2928,,,op2,op1,20,linear7,,30
p2928,,,op3,op2,5,linear3,,45
p2928,,,op4,op3,15,linear3,,37.5
p2928,,,op5,op4,40,linear7,,20
p2928,,,op6,op5,20,linear7,,30
p2928,,,op7,op6,5,linear3,,45
p2928,,,op8,op7,15,linear3,,37.5
p2929,2520.583,INTERACTIVE,op1,,1,const,,55
p2929,,,op2,op1,15,linear3,,37.5
p2929,,,op3,op1,2,sqrt,,55
p2929,,,op4,op1,2,sqrt,,55
p2929,,,op5,op1,15,linear3,,37.5
p2929,,,op6,op1,20,linear7,,30
p2929,,,op7,op1,20,linear7,,30
p2929,,,op8,op1,2,sqrt,,55
p2929,,,op9,op1,5,linear3,,45
p2930,2520.583,BATCH_PIPELINE,op1,,1,const,,55
p2930,,,op2,op1,40,linear7,,20
p2930,,,op3,op1,15,linear3,,37.5
p2930,,,op4,op1,80,squared,,10
p2930,,,op5,op1,5,linear3,,45
p2931,2529.654,INTERACTIVE,op1,,1,const,,55
p2931,,,op2,op1,1,const,,55
p2931,,,op3,op2,1,const,,55
p2931,,,op4,op3,15,linear3,,37.5
p2931,,,op5,op4,2,sqrt,,55
p2931,,,op6,op5,5,linear3,,45
p2931,,,op7,op6,15,linear3,,37.5
p2932,2529.654,BATCH_PIPELINE,op1,,1,const,,55
p2932,,,op2,op1,20,linear7,,30
p2932,,,op3,op2,20,linear7,,30
p2932,,,op4,op3,5,linear3,,45
p2932,,,op5,op4,2,sqrt,,55
p2932,,,op6,op5,5,linear3,,45
p2932,,,op7,op6,80,squared,,10
p2932,,,op8,op7,15,linear3,,37.5
p2933,2529.654,BATCH_PIPELINE,op1,,1,const,,55
p2933,,,op2,op1,15,linear3,,37.5
p2933,,,op3,op1,5,linear3,,45
p2933,,,op4,op1,5,linear3,,45
p2933,,,op5,op1,20,linear7,,30
p2933,,,op6,op1,1,const,,55
p2933,,,op7,op1,15,linear3,,37.5
p2933,,,op8,op1,5,linear3,,45
p2933,,,op9,op1,1,const,,55
p2934,2529.654,INTERACTIVE,op1,,1,const,,55
p2934,,,op2,op1,20,linear7,,30
p2934,,,op3,op2,20,linear7,,30
p2934,,,op4,op3,1,const,,55
p2934,,,op5,op4,15,linear3,,37.5
p2934,,,op6,op5,20,linear7,,30
p2934,,,op7,op6,15,linear3,,37.5
p2935,2529.654,INTERACTIVE,op1,,1,const,,55
p2935,,,op2,op1,40,linear7,,20
p2935,,,op3,op1,5,linear3,,45
p2935,,,op4,op1,80,squared,,10
p2936,2529.654,INTERACTIVE,op1,,1,const,,55
p2936,,,op2,op1,20,linear7,,30
p2936,,,op3,op2,5,linear3,,45
p2936,,,op4,op3,15,linear3,,37.5
p2936,,,op5,op4,20,linear7,,30
p2936,,,op6,op5,2,sqrt,,55
p2936,,,op7,op6,20,linear7,,30
p2936,,,op8,op7,5,linear3,,45
p2936,,,op9,op8,15,linear3,,37.5
p2936,,,op10,op9,1,const,,55
p2936,,,op11,op10,5,linear3,,45
p2937,2529.654,BATCH_PIPELINE,op1,,1,const,,55
p2937,,,op2,,15,linear3,,37.5
p2937,,,op3,,80,squared,,10
p2937,,,op4,,15,linear3,,37.5
p2937,,,op5,,2,sqrt,,55
p2937,,,op6,,20,linear7,,30
p2937,,,op7,,20,linear7,,30
p2937,,,op8,,20,linear7,,30
p2937,,,op9,op1;op2;op3;op4;op5;op6;op7;op8,5,linear3,,45
p2938,2529.654,INTERACTIVE,op1,,1,const,,55
p2938,,,op2,op1,1,const,,55
p2938,,,op3,op1,2,sqrt,,55
p2938,,,op4,op1,2,sqrt,,55
p2938,,,op5,op1,2,sqrt,,55
p2938,,,op6,op1,1,const,,55
p2938,,,op7,op1,80,squared,,10
p2938,,,op8,op1,2,sqrt,,55
p2938,,,op9,op1,2,sqrt,,55
p2938,,,op10,op1,1,const,,55
p2939,2529.654,QUERY,op1,,15,linear3,,35
p2940,2529.654,BATCH_PIPELINE,op1,,1,const,,55
p2940,,,op2,,20,linear7,,30
p2940,,,op3,,5,linear3,,45
p2940,,,op4,,1,const,,55
p2940,,,op5,,1,const,,55
p2940,,,op6,,1,const,,55
p2940,,,op7,op1;op2;op3;op4;op5;op6,15,linear3,,37.5
p2941,2540.747,INTERACTIVE,op1,,1,const,,55
p2941,,,op2,op1,2,sqrt,,55
p2941,,,op3,op2,80,squared,,10
p2941,,,op4,op3,40,linear7,,20
p2942,2540.747,BATCH_PIPELINE,op1,,1,const,,55
p2942,,,op2,op1,5,linear3,,45
p2942,,,op3,op2,2,sqrt,,55
p2942,,,op4,op3,2,sqrt,,55
p2942,,,op5,op4,20,linear7,,30
p2942,,,op6,op5,80,squared,,10
p2942,,,op7,op6,5,linear3,,45
p2942,,,op8,op7,2,sqrt,,55
p2942,,,op9,op8,1,const,,55
p2943,2540.747,BATCH_PIPELINE,op1,,1,const,,55
p2943,,,op2,op1,40,linear7,,20
p2943,,,op3,op2,15,linear3,,37.5
p2943,,,op4,op3,15,linear3,,37.5
p2943,,,op5,op4,40,linear7,,20
p2943,,,op6,op5,1,const,,55
p2943,,,op7,op6,5,linear3,,45
p2943,,,op8,op7,80,squared,,10
p2943,,,op9,op8,1,const,,55
p2943,,,op10,op9,5,linear3,,45
p2944,2540.747,INTERACTIVE,op1,,1,const,,55
p2944,,,op2,op1,80,squared,,10
p2944,,,op3,op2,15,linear3,,37.5
p2944,,,op4,op3,40,linear7,,20
p2944,,,op5,op4,2,sqrt,,55
p2944,,,op6,op5,5,linear3,,45
p2944,,,op7,op6,80,squared,,10
p2944,,,op8,op7,80,squared,,10
p2945,2540.747,INTERACTIVE,op1,,1,const,,55
p2945,,,op2,op1,15,linear3,,37.5
p2945,,,op3,op2,40,linear7,,20
p2945,,,op4,op3,80,squared,,10
p2945,,,op5,op4,15,linear3,,37.5
p2945,,,op6,op5,40,linear7,,20
p2945,,,op7,op6,20,linear7,,30
p2946,2540.747,BATCH_PIPELINE,op1,,1,const,,55
p2946,,,op2,op1,20,linear7,,30
p2946,,,op3,op2,15,linear3,,37.5
p2946,,,op4,op3,2,sqrt,,55
p2947,2540.747,BATCH_PIPELINE,op1,,1,const,,55
p2947,,,op2,op1,1,const,,55
p2947,,,op3,op2,20,linear7,,30
p2947,,,op4,op3,20,linear7,,30
p2947,,,op5,op4,5,linear3,,45
p2947,,,op6,op5,15,linear3,,37.5
p2947,,,op7,op6,20,linear7,,30
p2947,,,op8,op7,15,linear3,,37.5
p2948,2540.747,BATCH_PIPELINE,op1,,1,const,,55
p2948,,,op2,op1,20,linear7,,30
p2948,,,op3,op1,2,sqrt,,55
p2948,,,op4,op1,1,const,,55
p2948,,,op5,op1,15,linear3,,37.5
p2948,,,op6,op1,20,linear7,,30
p2948,,,op7,op1,40,linear7,,20
p2948,,,op8,op1,20,linear7,,30
p2948,,,op9,op1,5,linear3,,45
p2949,2540.747,INTERACTIVE,op1,,1,const,,55
p2949,,,op2,op1,40,linear7,,20
p2949,,,op3,op2,5,linear3,,45
p2949,,,op4,op3,5,linear3,,45
p2949,,,op5,op4,80,squared,,10
p2949,,,op6,op5,80,squared,,10
p2949,,,op7,op6,2,sqrt,,55
p2950,2540.747,BATCH_PIPELINE,op1,,1,const,,55
p2950,,,op2,op1,5,linear3,,45
p2950,,,op3,op2,5,linear3,,45
p2950,,,op4,op3,5,linear3,,45
p2950,,,op5,op4,20,linear7,,30
p2951,2549.987,BATCH_PIPELINE,op1,,1,const,,55
p2951,,,op2,op1,15,linear3,,37.5
p2951,,,op3,op2,1,const,,55
p2951,,,op4,op3,15,linear3,,37.5
p2951,,,op5,op4,15,linear3,,37.5
p2951,,,op6,op5,2,sqrt,,55
p2951,,,op7,op6,5,linear3,,45
p2952,2549.987,BATCH_PIPELINE,op1,,1,const,,55
p2952,,,op2,op1,80,squared,,10
p2952,,,op3,op1,1,const,,55
p2952,,,op4,op1,15,linear3,,37.5
p2952,,,op5,op1,20,linear7,,30
p2952,,,op6,op1,5,linear3,,45
p2952,,,op7,op1,20,linear7,,30
p2953,2549.987,INTERACTIVE,op1,,1,const,,55
p2953,,,op2,op1,80,squared,,10
p2953,,,op3,op2,1,const,,55
p2953,,,op4,op3,5,linear3,,45
p2953,,,op5,op4,5,linear3,,45
p2954,2549.987,BATCH_PIPELINE,op1,,1,const,,55
p2954,,,op2,op1,15,linear3,,37.5
p2954,,,op3,op2,1,const,,55
p2954,,,op4,op3,40,linear7,,20
p2954,,,op5,op4,5,linear3,,45
p2954,,,op6,op5,5,linear3,,45
p2954,,,op7,op6,20,linear7,,30
p2954,,,op8,op7,15,linear3,,37.5
p2954,,,op9,op8,40,linear7,,20
p2954,,,op10,op9,20,linear7,,30
p2955,2549.987,BATCH_PIPELINE,op1,,1,const,,55
p2955,,,op2,op1,5,linear3,,45
p2955,,,op3,op1,40,linear7,,20
p2955,,,op4,op1,2,sqrt,,55
p2955,,,op5,op1,2,sqrt,,55
p2955,,,op6,op1,2,sqrt,,55
p2955,,,op7,op1,15,linear3,,37.5
p2955,,,op8,op1,40,linear7,,20
p2956,2549.987,BATCH_PIPELINE,op1,,1,const,,55
p2956,,,op2,op1,5,linear3,,45
p2956,,,op3,op2,20,linear7,,30
p2957,2549.987,BATCH_PIPELINE,op1,,1,const,,55
p2957,,,op2,op1,5,linear3,,45
p2957,,,op3,op2,15,linear3,,37.5
p2957,,,op4,op3,2,sqrt,,55
p2957,,,op5,op4,1,const,,55
p2957,,,op6,op5,20,linear7,,30
p2958,2549.987,BATCH_PIPELINE,op1,,1,const,,55
p2958,,,op2,op1,2,sqrt,,55
p2958,,,op3,op1,2,sqrt,,55
p2958,,,op4,op1,20,linear7,,30
p2958,,,op5,op1,2,sqrt,,55
p2958,,,op6,op1,20,linear7,,30
p2958,,,op7,op1,20,linear7,,30
p2958,,,op8,op1,40,linear7,,20
p2958,,,op9,op1,40,linear7,,20
p2959,2549.987,QUERY,op1,,15,linear3,,35
p2960,2549.987,BATCH_PIPELINE,op1,,1,const,,55
p2960,,,op2,op1,5,linear3,,45
p2960,,,op3,op2,40,linear7,,20
p2960,,,op4,op3,5,linear3,,45
p2960,,,op5,op4,2,sqrt,,55
p2960,,,op6,op5,40,linear7,,20
p2960,,,op7,op6,5,linear3,,45
p2960,,,op8,op7,2,sqrt,,55
p2960,,,op9,op8,1,const,,55
p2961,2557.1420000000003,BATCH_PIPELINE,op1,,1,const,,55
p2961,,,op2,op1,1,const,,55
p2961,,,op3,op2,15,linear3,,37.5
p2961,,,op4,op3,2,sqrt,,55
p2961,,,op5,op4,5,linear3,,45
p2961,,,op6,op5,40,linear7,,20
p2961,,,op7,op6,15,linear3,,37.5
p2961,,,op8,op7,80,squared,,10
p2961,,,op9,op8,5,linear3,,45
p2962,2557.1420000000003,INTERACTIVE,op1,,1,const,,55
p2962,,,op2,,2,sqrt,,55
p2962,,,op3,,2,sqrt,,55
p2962,,,op4,,5,linear3,,45
p2962,,,op5,,1,const,,55
p2962,,,op6,op1;op2;op3;op4;op5,15,linear3,,37.5
p2963,2557.1420000000003,BATCH_PIPELINE,op1,,1,const,,55
p2963,,,op2,op1,20,linear7,,30
p2963,,,op3,op2,80,squared,,10
p2963,,,op4,op3,40,linear7,,20
p2963,,,op5,op4,80,squared,,10
p2963,,,op6,op5,15,linear3,,37.5
p2963,,,op7,op6,5,linear3,,45
p2963,,,op8,op7,15,linear3,,37.5
p2964,2557.1420000000003,BATCH_PIPELINE,op1,,1,const,,55
p2964,,,op2,op1,5,linear3,,45
p2964,,,op3,op2,1,const,,55
p2964,,,op4,op3,2,sqrt,,55
p2965,2557.1420000000003,BATCH_PIPELINE,op1,,1,const,,55
p2965,,,op2,,40,linear7,,20
p2965,,,op3,,1,const,,55
p2965,,,op4,,5,linear3,,45
p2965,,,op5,,2,sqrt,,55
p2965,,,op6,,40,linear7,,20
p2965,,,op7,,2,sqrt,,55
p2965,,,op8,op1;op2;op3;op4;op5;op6;op7,5,linear3,,45
p2966,2557.1420000000003,BATCH_PIPELINE,op1,,1,const,,55
p2966,,,op2,op1,1,const,,55
p2966,,,op3,op1,15,linear3,,37.5
p2966,,,op4,op1,15,linear3,,37.5
p2966,,,op5,op1,5,linear3,,45
p2966,,,op6,op1,15,linear3,,37.5
p2966,,,op7,op1,40,linear7,,20
p2966,,,op8,op1,40,linear7,,20
p2966,,,op9,op1,20,linear7,,30
p2966,,,op10,op1,15,linear3,,37.5
p2967,2557.1420000000003,INTERACTIVE,op1,,1,const,,55
p2967,,,op2,op1,5,linear3,,45
p2967,,,op3,op2,15,linear3,,37.5
p2967,,,op4,op3,40,linear7,,20
p2967,,,op5,op4,2,sqrt,,55
p2967,,,op6,op5,15,linear3,,37.5
p2967,,,op7,op6,1,const,,55
p2968,2557.1420000000003,BATCH_PIPELINE,op1,,1,const,,55
p2968,,,op2,,80,squared,,10
p2968,,,op3,,40,linear7,,20
p2968,,,op4,,1,const,,55
p2968,,,op5,,5,linear3,,45
p2968,,,op6,,80,squared,,10
p2968,,,op7,,80,squared,,10
p2968,,,op8,op1;op2;op3;op4;op5;op6;op7,20,linear7,,30
p2969,2557.1420000000003,INTERACTIVE,op1,,1,const,,55
p2969,,,op2,op1,40,linear7,,20
p2969,,,op3,op2,2,sqrt,,55
p2969,,,op4,op3,15,linear3,,37.5
p2969,,,op5,op4,2,sqrt,,55
p2969,,,op6,op5,5,linear3,,45
p2969,,,op7,op6,20,linear7,,30
p2969,,,op8,op7,1,const,,55
p2969,,,op9,op8,80,squared,,10
p2969,,,op10,op9,1,const,,55
p2970,2557.1420000000003,BATCH_PIPELINE,op1,,1,const,,55
p2970,,,op2,op1,5,linear3,,45
p2970,,,op3,op1,1,const,,55
p2970,,,op4,op1,2,sqrt,,55
p2970,,,op5,op1,1,const,,55
p2970,,,op6,op1,15,linear3,,37.5
p2970,,,op7,op1,5,linear3,,45
p2970,,,op8,op1,15,linear3,,37.5
p2970,,,op9,op1,15,linear3,,37.5
p2971,2567.997,BATCH_PIPELINE,op1,,1,const,,55
p2971,,,op2,op1,5,linear3,,45
p2971,,,op3,op2,15,linear3,,37.5
p2971,,,op4,op3,2,sqrt,,55
p2971,,,op5,op4,20,linear7,,30
p2971,,,op6,op5,1,const,,55
p2972,2567.997,QUERY,op1,,15,linear3,,35
p2973,2567.997,INTERACTIVE,op1,,1,const,,55
p2973,,,op2,op1,1,const,,55
p2973,,,op3,op2,1,const,,55
p2973,,,op4,op3,1,const,,55
p2973,,,op5,op4,15,linear3,,37.5
p2974,2567.997,INTERACTIVE,op1,,1,const,,55
p2974,,,op2,,20,linear7,,30
p2974,,,op3,,2,sqrt,,55
p2974,,,op4,,2,sqrt,,55
p2974,,,op5,,20,linear7,,30
p2974,,,op6,,40,linear7,,20
p2974,,,op7,,1,const,,55
p2974,,,op8,,40,linear7,,20
p2974,,,op9,,1,const,,55
p2974,,,op10,op1;op2;op3;op4;op5;op6;op7;op8;op9,15,linear3,,37.5
p2975,2567.997,INTERACTIVE,op1,,1,const,,55
p2975,,,op2,op1,2,sqrt,,55
p2975,,,op3,op2,15,linear3,,37.5
p2975,,,op4,op3,15,linear3,,37.5
p2975,,,op5,op4,20,linear7,,30
p2975,,,op6,op5,80,squared,,10
p2975,,,op7,op6,15,linear3,,37.5
p2976,2567.997,BATCH_PIPELINE,op1,,1,const,,55
p2976,,,op2,op1,80,squared,,10
p2976,,,op3,op2,20,linear7,,30
p2976,,,op4,op3,15,linear3,,37.5
p2976,,,op5,op4,20,linear7,,30
p2977,2567.997,BATCH_PIPELINE,op1,,1,const,,55
p2977,,,op2,op1,1,const,,55
p2977,,,op3,op2,5,linear3,,45
p2977,,,op4,op3,80,squared,,10
p2977,,,op5,op4,40,linear7,,20
p2977,,,op6,op5,15,linear3,,37.5
p2978,2567.997,BATCH_PIPELINE,op1,,1,const,,55
p2978,,,op2,,5,linear3,,45
p2978,,,op3,,15,linear3,,37.5
p2978,,,op4,,15,linear3,,37.5
p2978,,,op5,,2,sqrt,,55
p2978,,,op6,op1;op2;op3;op4;op5,5,linear3,,45
p2979,2567.997,BATCH_PIPELINE,op1,,1,const,,55
p2979,,,op2,op1,5,linear3,,45
p2979,,,op3,op1,1,const,,55
p2979,,,op4,op1,80,squared,,10
p2979,,,op5,op1,2,sqrt,,55
p2979,,,op6,op1,20,linear7,,30
p2980,2567.997,INTERACTIVE,op1,,1,const,,55
p2980,,,op2,op1,40,linear7,,20
p2980,,,op3,op1,5,linear3,,45
p2980,,,op4,op1,2,sqrt,,55
p2980,,,op5,op1,15,linear3,,37.5
p2980,,,op6,op1,5,linear3,,45
p2980,,,op7,op1,1,const,,55
p2980,,,op8,op1,2,sqrt,,55
p2980,,,op9,op1,80,squared,,10
p2981,2572.899,BATCH_PIPELINE,op1,,1,const,,55
p2981,,,op2,op1,1,const,,55
p2981,,,op3,op2,15,linear3,,37.5
p2981,,,op4,op3,20,linear7,,30
p2981,,,op5,op4,5,linear3,,45
p2981,,,op6,op5,2,sqrt,,55
p2981,,,op7,op6,5,linear3,,45
p2982,2572.899,BATCH_PIPELINE,op1,,1,const,,55
p2982,,,op2,op1,20,linear7,,30
p2982,,,op3,op1,20,linear7,,30
p2982,,,op4,op1,15,linear3,,37.5
p2982,,,op5,op1,20,linear7,,30
p2982,,,op6,op1,15,linear3,,37.5
p2982,,,op7,op1,20,linear7,,30
p2983,2572.899,INTERACTIVE,op1,,1,const,,55
p2983,,,op2,,1,const,,55
p2983,,,op3,,1,const,,55
p2983,,,op4,,80,squared,,10
p2983,,,op5,,5,linear3,,45
p2983,,,op6,,15,linear3,,37.5
p2983,,,op7,op1;op2;op3;op4;op5;op6,1,const,,55
p2984,2572.899,BATCH_PIPELINE,op1,,1,const,,55
p2984,,,op2,op1,2,sqrt,,55
p2984,,,op3,op1,5,linear3,,45
p2984,,,op4,op1,2,sqrt,,55
p2984,,,op5,op1,40,linear7,,20
p2984,,,op6,op1,20,linear7,,30
p2985,2572.899,BATCH_PIPELINE,op1,,1,const,,55
p2985,,,op2,,5,linear3,,45
p2985,,,op3,,5,linear3,,45
p2985,,,op4,,20,linear7,,30
p2985,,,op5,,2,sqrt,,55
p2985,,,op6,,20,linear7,,30
p2985,,,op7,,80,squared,,10
p2985,,,op8,,15,linear3,,37.5
p2985,,,op9,op1;op2;op3;op4;op5;op6;op7;op8,15,linear3,,37.5
p2986,2572.899,QUERY,op1,,15,linear3,,35
p2987,2572.899,BATCH_PIPELINE,op1,,1,const,,55
p2987,,,op2,op1,20,linear7,,30
p2987,,,op3,op1,2,sqrt,,55
p2987,,,op4,op1,15,linear3,,37.5
p2988,2572.899,BATCH_PIPELINE,op1,,1,const,,55
p2988,,,op2,,15,linear3,,37.5
p2988,,,op3,,1,const,,55
p2988,,,op4,,5,linear3,,45
p2988,,,op5,,40,linear7,,20
p2988,,,op6,,2,sqrt,,55
p2988,,,op7,,1,const,,55
p2988,,,op8,op1;op2;op3;op4;op5;op6;op7,5,linear3,,45
p2989,2572.899,BATCH_PIPELINE,op1,,1,const,,55
p2989,,,op2,op1,5,linear3,,45
p2989,,,op3,op2,20,linear7,,30
p2989,,,op4,op3,1,const,,55
p2989,,,op5,op4,2,sqrt,,55
p2989,,,op6,op5,15,linear3,,37.5
p2989,,,op7,op6,80,squared,,10
p2989,,,op8,op7,5,linear3,,45
p2989,,,op9,op8,80,squared,,10
p2990,2572.899,BATCH_PIPELINE,op1,,1,const,,55
p2991,2583.1150000000002,BATCH_PIPELINE,op1,,1,const,,55
p2991,,,op2,op1,5,linear3,,45
p2991,,,op3,op2,5,linear3,,45
p2991,,,op4,op3,5,linear3,,45
p2991,,,op5,op4,5,linear3,,45
p2991,,,op6,op5,1,const,,55
p2991,,,op7,op6,1,const,,55
p2991,,,op8,op7,5,linear3,,45
p2991,,,op9,op8,1,const,,55
p2992,2583.1150000000002,INTERACTIVE,op1,,1,const,,55
p2992,,,op2,op1,5,linear3,,45
p2992,,,op3,op1,1,const,,55
p2992,,,op4,op1,80,squared,,10
p2992,,,op5,op1,1,const,,55
p2992,,,op6,op1,2,sqrt,,55
p2992,,,op7,op1,1,const,,55
p2993,2583.1150000000002,BATCH_PIPELINE,op1,,1,const,,55
p2993,,,op2,,2,sqrt,,55
p2993,,,op3,,15,linear3,,37.5
p2993,,,op4,,1,const,,55
p2993,,,op5,,15,linear3,,37.5
p2993,,,op6,,2,sqrt,,55
p2993,,,op7,,20,linear7,,30
p2993,,,op8,op1;op2;op3;op4;op5;op6;op7,15,linear3,,37.5
p2994,2583.1150000000002,INTERACTIVE,op1,,1,const,,55
p2994,,,op2,op1,1,const,,55
p2994,,,op3,op2,15,linear3,,37.5
p2995,2583.1150000000002,BATCH_PIPELINE,op1,,1,const,,55
p2995,,,op2,op1,40,linear7,,20
p2995,,,op3,op2,5,linear3,,45
p2995,,,op4,op3,80,squared,,10
p2995,,,op5,op4,15,linear3,,37.5
p2995,,,op6,op5,15,linear3,,37.5
p2996,2583.1150000000002,INTERACTIVE,op1,,1,const,,55
p2996,,,op2,op1,40,linear7,,20
p2996,,,op3,op2,1,const,,55
p2996,,,op4,op3,20,linear7,,30
p2996,,,op5,op4,15,linear3,,37.5
p2996,,,op6,op5,15,linear3,,37.5
p2996,,,op7,op6,80,squared,,10
p2996,,,op8,op7,80,squared,,10
p2997,2583.1150000000002,INTERACTIVE,op1,,1,const,,55
p2997,,,op2,op1,20,linear7,,30
p2997,,,op3,op2,40,linear7,,20
p2997,,,op4,op3,1,const,,55
p2997,,,op5,op4,40,linear7,,20
p2997,,,op6,op5,5,linear3,,45
p2998,2583.1150000000002,INTERACTIVE,op1,,1,const,,55
p2998,,,op2,op1,5,linear3,,45
p2998,,,op3,op2,1,const,,55
p2998,,,op4,op3,80,squared,,10
p2998,,,op5,op4,2,sqrt,,55
p2998,,,op6,op5,40,linear7,,20
p2998,,,op7,op6,1,const,,55
p2998,,,op8,op7,15,linear3,,37.5
p2999,2583.1150000000002,QUERY,op1,,15,linear3,,35
p3000,2583.1150000000002,INTERACTIVE,op1,,1,const,,55
p3000,,,op2,,20,linear7,,30
p3000,,,op3,,1,const,,55
p3000,,,op4,,1,const,,55
p3000,,,op5,,2,sqrt,,55
p3000,,,op6,,15,linear3,,37.5
p3000,,,op7,,80,squared,,10
p3000,,,op8,,80,squared,,10
p3000,,,op9,,5,linear3,,45
p3000,,,op10,op1;op2;op3;op4;op5;op6;op7;op8;op9,15,linear3,,37.5
p3001,2594.237,BATCH_PIPELINE,op1,,1,const,,55
p3001,,,op2,op1,5,linear3,,45
p3001,,,op3,op2,5,linear3,,45
p3001,,,op4,op3,5,linear3,,45
p3001,,,op5,op4,5,linear3,,45
p3001,,,op6,op5,5,linear3,,45
p3001,,,op7,op6,1,const,,55
p3002,2594.237,BATCH_PIPELINE,op1,,1,const,,55
p3002,,,op2,op1,15,linear3,,37.5
p3002,,,op3,op2,5,linear3,,45
p3002,,,op4,op3,2,sqrt,,55
p3002,,,op5,op4,15,linear3,,37.5
p3002,,,op6,op5,20,linear7,,30
p3002,,,op7,op6,5,linear3,,45
p3002,,,op8,op7,1,const,,55
p3002,,,op9,op8,2,sqrt,,55
p3003,2594.237,BATCH_PIPELINE,op1,,1,const,,55
p3003,,,op2,op1,15,linear3,,37.5
p3003,,,op3,op2,15,linear3,,37.5
p3003,,,op4,op3,5,linear3,,45
p3003,,,op5,op4,2,sqrt,,55
p3003,,,op6,op5,2,sqrt,,55
p3003,,,op7,op6,15,linear3,,37.5
p3003,,,op8,op7,40,linear7,,20
p3003,,,op9,op8,40,linear7,,20
p3004,2594.237,BATCH_PIPELINE,op1,,1,const,,55
p3004,,,op2,op1,15,linear3,,37.5
p3004,,,op3,op1,20,linear7,,30
p3004,,,op4,op1,80,squared,,10
p3004,,,op5,op1,1,const,,55
p3004,,,op6,op1,1,const,,55
p3004,,,op7,op1,15,linear3,,37.5
p3005,2594.237,QUERY,op1,,15,linear3,,35
p3006,2594.237,BATCH_PIPELINE,op1,,1,const,,55
p3006,,,op2,op1,15,linear3,,37.5
p3006,,,op3,op2,1,const,,55
p3006,,,op4,op3,40,linear7,,20
p3006,,,op5,op4,15,linear3,,37.5
p3006,,,op6,op5,2,sqrt,,55
p3006,,,op7,op6,1,const,,55
p3006,,,op8,op7,15,linear3,,37.5
p3006,,,op9,op8,40,linear7,,20
p3007,2594.237,BATCH_PIPELINE,op1,,1,const,,55
p3007,,,op2,op1,80,squared,,10
p3007,,,op3,op2,1,const,,55
p3007,,,op4,op3,40,linear7,,20
p3007,,,op5,op4,5,linear3,,45
p3007,,,op6,op5,5,linear3,,45
p3007,,,op7,op6,5,linear3,,45
p3008,2594.237,INTERACTIVE,op1,,1,const,,55
p3008,,,op2,op1,40,linear7,,20
p3008,,,op3,op2,2,sqrt,,55
p3008,,,op4,op3,20,linear7,,30
p3008,,,op5,op4,5,linear3,,45
p3008,,,op6,op5,15,linear3,,37.5
p3009,2594.237,BATCH_PIPELINE,op1,,1,const,,55
p3009,,,op2,op1,15,linear3,,37.5
p3009,,,op3,op1,5,linear3,,45
p3009,,,op4,op1,15,linear3,,37.5
p3009,,,op5,op1,15,linear3,,37.5
p3009,,,op6,op1,1,const,,55
p3010,2594.237,BATCH_PIPELINE,op1,,1,const,,55
p3010,,,op2,,40,linear7,,20
p3010,,,op3,,20,linear7,,30
p3010,,,op4,,1,const,,55
p3010,,,op5,op1;op2;op3;op4,5,linear3,,45
p3011,2603.763,BATCH_PIPELINE,op1,,1,const,,55
p3011,,,op2,op1,5,linear3,,45
p3011,,,op3,op2,20,linear7,,30
p3011,,,op4,op3,15,linear3,,37.5
p3011,,,op5,op4,2,sqrt,,55
p3011,,,op6,op5,80,squared,,10
p3012,2603.763,INTERACTIVE,op1,,1,const,,55
p3012,,,op2,op1,40,linear7,,20
p3012,,,op3,op2,20,linear7,,30
p3012,,,op4,op3,15,linear3,,37.5
p3012,,,op5,op4,1,const,,55
p3012,,,op6,op5,40,linear7,,20
p3012,,,op7,op6,20,linear7,,30
p3012,,,op8,op7,40,linear7,,20
p3013,2603.763,INTERACTIVE,op1,,1,const,,55
p3013,,,op2,,80,squared,,10
p3013,,,op3,,2,sqrt,,55
p3013,,,op4,,1,const,,55
p3013,,,op5,,5,linear3,,45
p3013,,,op6,,2,sqrt,,55
p3013,,,op7,op1;op2;op3;op4;op5;op6,40,linear7,,20
p3014,2603.763,QUERY,op1,,15,linear3,,35
p3015,2603.763,INTERACTIVE,op1,,1,const,,55
p3015,,,op2,op1,20,linear7,,30
p3015,,,op3,op2,80,squared,,10
p3015,,,op4,op3,15,linear3,,37.5
p3015,,,op5,op4,5,linear3,,45
p3015,,,op6,op5,20,linear7,,30
p3015,,,op7,op6,1,const,,55
p3015,,,op8,op7,1,const,,55
p3016,2603.763,BATCH_PIPELINE,op1,,1,const,,55
p3016,,,op2,,2,sqrt,,55
p3016,,,op3,,40,linear7,,20
p3016,,,op4,,20,linear7,,30
p3016,,,op5,,5,linear3,,45
p3016,,,op6,,15,linear3,,37.5
p3016,,,op7,,15,linear3,,37.5
p3016,,,op8,op1;op2;op3;op4;op5;op6;op7,2,sqrt,,55
p3017,2603.763,QUERY,op1,,15,linear3,,35
p3018,2603.763,BATCH_PIPELINE,op1,,1,const,,55
p3018,,,op2,op1,15,linear3,,37.5
p3018,,,op3,op2,20,linear7,,30
p3018,,,op4,op3,40,linear7,,20
p3018,,,op5,op4,20,linear7,,30
p3018,,,op6,op5,20,linear7,,30
p3018,,,op7,op6,20,linear7,,30
p3019,2603.763,INTERACTIVE,op1,,1,const,,55
p3019,,,op2,,2,sqrt,,55
p3019,,,op3,op1;op2,1,const,,55
p3020,2603.763,BATCH_PIPELINE,op1,,1,const,,55
p3020,,,op2,op1,1,const,,55
p3020,,,op3,op2,2,sqrt,,55
p3020,,,op4,op3,5,linear3,,45
p3020,,,op5,op4,20,linear7,,30
p3020,,,op6,op5,15,linear3,,37.5
p3020,,,op7,op6,2,sqrt,,55
p3020,,,op8,op7,15,linear3,,37.5
p3020,,,op9,op8,2,sqrt,,55
p3020,,,op10,op9,40,linear7,,20
p3020,,,op11,op10,15,linear3,,37.5
p3020,,,op12,op11,2,sqrt,,55
p3021,2614.314,BATCH_PIPELINE,op1,,1,const,,55
p3021,,,op2,op1,20,linear7,,30
p3021,,,op3,op2,40,linear7,,20
p3021,,,op4,op3,20,linear7,,30
p3021,,,op5,op4,5,linear3,,45
p3021,,,op6,op5,1,const,,55
p3021,,,op7,op6,15,linear3,,37.5
p3022,2614.314,BATCH_PIPELINE,op1,,1,const,,55
p3022,,,op2,op1,20,linear7,,30
p3022,,,op3,op2,2,sqrt,,55
p3022,,,op4,op3,20,linear7,,30
p3022,,,op5,op4,80,squared,,10
p3022,,,op6,op5,5,linear3,,45
p3022,,,op7,op6,15,linear3,,37.5
p3022,,,op8,op7,15,linear3,,37.5
p3023,2614.314,INTERACTIVE,op1,,1,const,,55
p3023,,,op2,op1,2,sqrt,,55
p3023,,,op3,op2,80,squared,,10
p3023,,,op4,op3,15,linear3,,37.5
p3023,,,op5,op4,20,linear7,,30
p3023,,,op6,op5,15,linear3,,37.5
p3023,,,op7,op6,20,linear7,,30
p3023,,,op8,op7,2,sqrt,,55
p3024,2614.314,BATCH_PIPELINE,op1,,1,const,,55
p3024,,,op2,,80,squared,,10
p3024,,,op3,,15,linear3,,37.5
p3024,,,op4,,2,sqrt,,55
p3024,,,op5,,1,const,,55
p3024,,,op6,,2,sqrt,,55
p3024,,,op7,,2,sqrt,,55
p3024,,,op8,,1,const,,55
p3024,,,op9,op1;op2;op3;op4;op5;op6;op7;op8,2,sqrt,,55
p3025,2614.314,BATCH_PIPELINE,op1,,1,const,,55
p3025,,,op2,op1,1,const,,55
p3025,,,op3,op2,40,linear7,,20
p3025,,,op4,op3,20,linear7,,30
p3025,,,op5,op4,5,linear3,,45
p3025,,,op6,op5,1,const,,55
p3025,,,op7,op6,5,linear3,,45
p3025,,,op8,op7,15,linear3,,37.5
p3026,2614.314,QUERY,op1,,15,linear3,,35
p3027,2614.314,BATCH_PIPELINE,op1,,1,const,,55
p3027,,,op2,op1,20,linear7,,30
p3027,,,op3,op2,2,sqrt,,55
p3027,,,op4,op3,1,const,,55
p3027,,,op5,op4,15,linear3,,37.5
p3027,,,op6,op5,20,linear7,,30
p3027,,,op7,op6,20,linear7,,30
p3027,,,op8,op7,15,linear3,,37.5
p3027,,,op9,op8,5,linear3,,45
p3028,2614.314,BATCH_PIPELINE,op1,,1,const,,55
p3028,,,op2,op1,80,squared,,10
p3028,,,op3,op2,2,sqrt,,55
p3028,,,op4,op3,80,squared,,10
p3028,,,op5,op4,1,const,,55
p3028,,,op6,op5,15,linear3,,37.5
p3028,,,op7,op6,1,const,,55
p3028,,,op8,op7,15,linear3,,37.5
p3029,2614.314,BATCH_PIPELINE,op1,,1,const,,55
p3029,,,op2,,5,linear3,,45
p3029,,,op3,,1,const,,55
p3029,,,op4,,20,linear7,,30
p3029,,,op5,,15,linear3,,37.5
p3029,,,op6,,5,linear3,,45
p3029,,,op7,,5,linear3,,45
p3029,,,op8,op1;op2;op3;op4;op5;op6;op7,15,linear3,,37.5
p3030,2614.314,INTERACTIVE,op1,,1,const,,55
p3030,,,op2,op1,80,squared,,10
p3030,,,op3,op2,40,linear7,,20
p3030,,,op4,op3,15,linear3,,37.5
p3030,,,op5,op4,15,linear3,,37.5
p3030,,,op6,op5,5,linear3,,45
p3030,,,op7,op6,5,linear3,,45
p3030,,,op8,op7,20,linear7,,30
p3031,2622.623,INTERACTIVE,op1,,1,const,,55
p3031,,,op2,op1,5,linear3,,45
p3031,,,op3,op1,40,linear7,,20
p3031,,,op4,op1,2,sqrt,,55
p3031,,,op5,op1,2,sqrt,,55
p3031,,,op6,op1,40,linear7,,20
p3032,2622.623,BATCH_PIPELINE,op1,,1,const,,55
p3032,,,op2,op1,20,linear7,,30
p3032,,,op3,op2,20,linear7,,30
p3032,,,op4,op3,2,sqrt,,55
p3033,2622.623,BATCH_PIPELINE,op1,,1,const,,55
p3033,,,op2,op1,5,linear3,,45
p3033,,,op3,op1,20,linear7,,30
p3033,,,op4,op1,20,linear7,,30
p3033,,,op5,op1,80,squared,,10
p3033,,,op6,op1,1,const,,55
p3033,,,op7,op1,2,sqrt,,55
p3033,,,op8,op1,2,sqrt,,55
p3033,,,op9,op1,20,linear7,,30
p3034,2622.623,BATCH_PIPELINE,op1,,1,const,,55
p3034,,,op2,op1,15,linear3,,37.5
p3034,,,op3,op2,15,linear3,,37.5
p3034,,,op4,op3,40,linear7,,20
p3034,,,op5,op4,2,sqrt,,55
p3034,,,op6,op5,5,linear3,,45
p3034,,,op7,op6,1,const,,55
p3034,,,op8,op7,15,linear3,,37.5
p3035,2622.623,BATCH_PIPELINE,op1,,1,const,,55
p3035,,,op2,op1,2,sqrt,,55
p3035,,,op3,op2,5,linear3,,45
p3035,,,op4,op3,5,linear3,,45
p3035,,,op5,op4,5,linear3,,45
p3035,,,op6,op5,80,squared,,10
p3035,,,op7,op6,1,const,,55
p3035,,,op8,op7,2,sqrt,,55
p3035,,,op9,op8,15,linear3,,37.5
p3035,,,op10,op9,2,sqrt,,55
p3036,2622.623,BATCH_PIPELINE,op1,,1,const,,55
p3036,,,op2,,15,linear3,,37.5
p3036,,,op3,,5,linear3,,45
p3036,,,op4,,1,const,,55
p3036,,,op5,,15,linear3,,37.5
p3036,,,op6,,1,const,,55
p3036,,,op7,op1;op2;op3;op4;op5;op6,2,sqrt,,55
p3037,2622.623,INTERACTIVE,op1,,1,const,,55
p3037,,,op2,,5,linear3,,45
p3037,,,op3,,2,sqrt,,55
p3037,,,op4,,20,linear7,,30
p3037,,,op5,,80,squared,,10
p3037,,,op6,,80,squared,,10
p3037,,,op7,,1,const,,55
p3037,,,op8,,5,linear3,,45
p3037,,,op9,,20,linear7,,30
p3037,,,op10,op1;op2;op3;op4;op5;op6;op7;op8;op9,20,linear7,,30
p3038,2622.623,BATCH_PIPELINE,op1,,1,const,,55
p3038,,,op2,op1,20,linear7,,30
p3038,,,op3,op2,2,sqrt,,55
p3038,,,op4,op3,40,linear7,,20
p3038,,,op5,op4,20,linear7,,30
p3038,,,op6,op5,2,sqrt,,55
p3038,,,op7,op6,20,linear7,,30
p3039,2622.623,INTERACTIVE,op1,,1,const,,55
p3039,,,op2,op1,5,linear3,,45
p3039,,,op3,op2,15,linear3,,37.5
p3039,,,op4,op3,1,const,,55
p3039,,,op5,op4,40,linear7,,20
p3039,,,op6,op5,40,linear7,,20
p3039,,,op7,op6,40,linear7,,20
p3039,,,op8,op7,2,sqrt,,55
p3039,,,op9,op8,20,linear7,,30
p3040,2622.623,BATCH_PIPELINE,op1,,1,const,,55
p3040,,,op2,op1,15,linear3,,37.5
p3040,,,op3,op2,1,const,,55
p3040,,,op4,op3,20,linear7,,30
p3040,,,op5,op4,2,sqrt,,55
p3040,,,op6,op5,1,const,,55
p3041,2632.448,BATCH_PIPELINE,op1,,1,const,,55
p3041,,,op2,op1,20,linear7,,30
p3041,,,op3,op2,20,linear7,,30
p3041,,,op4,op3,40,linear7,,20
p3041,,,op5,op4,2,sqrt,,55
p3041,,,op6,op5,15,linear3,,37.5
p3041,,,op7,op6,5,linear3,,45
p3041,,,op8,op7,20,linear7,,30
p3041,,,op9,op8,15,linear3,,37.5
p3041,,,op10,op9,2,sqrt,,55
p3042,2632.448,BATCH_PIPELINE,op1,,1,const,,55
p3042,,,op2,op1,20,linear7,,30
p3042,,,op3,op1,40,linear7,,20
p3042,,,op4,op1,20,linear7,,30
p3042,,,op5,op1,80,squared,,10
p3042,,,op6,op1,20,linear7,,30
p3042,,,op7,op1,15,linear3,,37.5
p3042,,,op8,op1,5,linear3,,45
p3042,,,op9,op1,15,linear3,,37.5
p3042,,,op10,op1,20,linear7,,30
p3042,,,op11,op1,15,linear3,,37.5
p3043,2632.448,BATCH_PIPELINE,op1,,1,const,,55
p3043,,,op2,,1,const,,55
p3043,,,op3,,5,linear3,,45
p3043,,,op4,,1,const,,55
p3043,,,op5,op1;op2;op3;op4,20,linear7,,30
p3044,2632.448,BATCH_PIPELINE,op1,,1,const,,55
p3044,,,op2,op1,40,linear7,,20
p3044,,,op3,op2,15,linear3,,37.5
p3044,,,op4,op3,5,linear3,,45
p3044,,,op5,op4,5,linear3,,45
p3044,,,op6,op5,20,linear7,,30
p3044,,,op7,op6,5,linear3,,45
p3044,,,op8,op7,20,linear7,,30
p3045,2632.448,QUERY,op1,,15,linear3,,35
p3046,2632.448,BATCH_PIPELINE,op1,,1,const,,55
p3046,,,op2,op1,15,linear3,,37.5
p3046,,,op3,op2,2,sqrt,,55
p3046,,,op4,op3,5,linear3,,45
p3046,,,op5,op4,80,squared,,10
p3046,,,op6,op5,2,sqrt,,55
p3046,,,op7,op6,15,linear3,,37.5
p3046,,,op8,op7,5,linear3,,45
p3046,,,op9,op8,1,const,,55
p3046,,,op10,op9,20,linear7,,30
p3047,2632.448,BATCH_PIPELINE,op1,,1,const,,55
p3047,,,op2,op1,15,linear3,,37.5
p3047,,,op3,op2,15,linear3,,37.5
p3047,,,op4,op3,2,sqrt,,55
p3047,,,op5,op4,20,linear7,,30
p3047,,,op6,op5,5,linear3,,45
p3047,,,op7,op6,1,const,,55
p3047,,,op8,op7,20,linear7,,30
p3048,2632.448,BATCH_PIPELINE,op1,,1,const,,55
p3048,,,op2,op1,20,linear7,,30
p3048,,,op3,op2,20,linear7,,30
p3048,,,op4,op3,40,linear7,,20
p3048,,,op5,op4,2,sqrt,,55
p3048,,,op6,op5,1,const,,55
p3048,,,op7,op6,5,linear3,,45
p3048,,,op8,op7,40,linear7,,20
p3048,,,op9,op8,2,sqrt,,55
p3048,,,op10,op9,15,linear3,,37.5
p3049,2632.448,BATCH_PIPELINE,op1,,1,const,,55
p3049,,,op2,,15,linear3,,37.5
p3049,,,op3,,5,linear3,,45
p3049,,,op4,,80,squared,,10
p3049,,,op5,,40,linear7,,20
p3049,,,op6,,5,linear3,,45
p3049,,,op7,,80,squared,,10
p3049,,,op8,op1;op2;op3;op4;op5;op6;op7,15,linear3,,37.5
p3050,2632.448,BATCH_PIPELINE,op1,,1,const,,55
p3050,,,op2,op1,2,sqrt,,55
p3050,,,op3,op1,5,linear3,,45
p3050,,,op4,op1,1,const,,55
p3050,,,op5,op1,1,const,,55
p3050,,,op6,op1,2,sqrt,,55
p3050,,,op7,op1,1,const,,55
p3051,2640.0570000000002,BATCH_PIPELINE,op1,,1,const,,55
p3051,,,op2,,40,linear7,,20
p3051,,,op3,,1,const,,55
p3051,,,op4,,2,sqrt,,55
p3051,,,op5,,20,linear7,,30
p3051,,,op6,,2,sqrt,,55
p3051,,,op7,op1;op2;op3;op4;op5;op6,20,linear7,,30
p3052,2640.0570000000002,INTERACTIVE,op1,,1,const,,55
p3052,,,op2,op1,5,linear3,,45
p3052,,,op3,op2,2,sqrt,,55
p3052,,,op4,op3,2,sqrt,,55
p3052,,,op5,op4,5,linear3,,45
p3053,2640.0570000000002,BATCH_PIPELINE,op1,,1,const,,55
p3053,,,op2,op1,5,linear3,,45
p3053,,,op3,op1,40,linear7,,20
p3053,,,op4,op1,2,sqrt,,55
p3053,,,op5,op1,1,const,,55
p3053,,,op6,op1,5,linear3,,45
p3053,,,op7,op1,15,linear3,,37.5
p3053,,,op8,op1,20,linear7,,30
p3054,2640.0570000000002,BATCH_PIPELINE,op1,,1,const,,55
p3054,,,op2,op1,40,linear7,,20
p3054,,,op3,op1,2,sqrt,,55
p3054,,,op4,op1,5,linear3,,45
p3054,,,op5,op1,80,squared,,10
p3054,,,op6,op1,20,linear7,,30
p3054,,,op7,op1,20,linear7,,30
p3054,,,op8,op1,20,linear7,,30
p3055,2640.0570000000002,INTERACTIVE,op1,,1,const,,55
p3055,,,op2,op1,15,linear3,,37.5
p3055,,,op3,op2,5,linear3,,45
p3055,,,op4,op3,15,linear3,,37.5
p3055,,,op5,op4,5,linear3,,45
p3055,,,op6,op5,1,const,,55
p3056,2640.0570000000002,BATCH_PIPELINE,op1,,1,const,,55
p3056,,,op2,op1,1,const,,55
p3056,,,op3,op1,2,sqrt,,55
p3056,,,op4,op1,15,linear3,,37.5
p3057,2640.0570000000002,BATCH_PIPELINE,op1,,1,const,,55
p3057,,,op2,op1,1,const,,55
p3057,,,op3,op1,2,sqrt,,55
p3057,,,op4,op1,15,linear3,,37.5
p3058,2640.0570000000002,BATCH_PIPELINE,op1,,1,const,,55
p3058,,,op2,op1,2,sqrt,,55
p3058,,,op3,op2,1,const,,55
p3059,2640.0570000000002,INTERACTIVE,op1,,1,const,,55
p3059,,,op2,op1,1,const,,55
p3059,,,op3,op2,5,linear3,,45
p3059,,,op4,op3,2,sqrt,,55
p3059,,,op5,op4,20,linear7,,30
p3059,,,op6,op5,40,linear7,,20
p3059,,,op7,op6,40,linear7,,20
p3059,,,op8,op7,5,linear3,,45
p3059,,,op9,op8,40,linear7,,20
p3060,2640.0570000000002,BATCH_PIPELINE,op1,,1,const,,55
p3060,,,op2,op1,1,const,,55
p3060,,,op3,op2,40,linear7,,20
p3060,,,op4,op3,2,sqrt,,55
p3060,,,op5,op4,15,linear3,,37.5
p3060,,,op6,op5,1,const,,55
p3060,,,op7,op6,80,squared,,10
p3060,,,op8,op7,80,squared,,10
p3060,,,op9,op8,80,squared,,10
p3060,,,op10,op9,15,linear3,,37.5
p3060,,,op11,op10,20,linear7,,30
p3061,2648.938,BATCH_PIPELINE,op1,,1,const,,55
p3061,,,op2,op1,5,linear3,,45
p3061,,,op3,op1,5,linear3,,45
p3061,,,op4,op1,5,linear3,,45
p3061,,,op5,op1,15,linear3,,37.5
p3061,,,op6,op1,5,linear3,,45
p3061,,,op7,op1,15,linear3,,37.5
p3062,2648.938,BATCH_PIPELINE,op1,,1,const,,55
p3062,,,op2,op1,15,linear3,,37.5
p3062,,,op3,op1,80,squared,,10
p3062,,,op4,op1,40,linear7,,20
p3062,,,op5,op1,80,squared,,10
p3062,,,op6,op1,5,linear3,,45
p3062,,,op7,op1,1,const,,55
p3062,,,op8,op1,2,sqrt,,55
p3062,,,op9,op1,2,sqrt,,55
p3063,2648.938,INTERACTIVE,op1,,1,const,,55
p3063,,,op2,op1,1,const,,55
p3063,,,op3,op1,20,linear7,,30
p3064,2648.938,BATCH_PIPELINE,op1,,1,const,,55
p3064,,,op2,op1,5,linear3,,45
p3064,,,op3,op2,20,linear7,,30
p3064,,,op4,op3,1,const,,55
p3064,,,op5,op4,5,linear3,,45
p3064,,,op6,op5,40,linear7,,20
p3065,2648.938,INTERACTIVE,op1,,1,const,,55
p3065,,,op2,op1,1,const,,55
p3065,,,op3,op2,40,linear7,,20
p3065,,,op4,op3,1,const,,55
p3065,,,op5,op4,15,linear3,,37.5
p3066,2648.938,INTERACTIVE,op1,,1,const,,55
p3066,,,op2,op1,20,linear7,,30
p3066,,,op3,op2,5,linear3,,45
p3066,,,op4,op3,20,linear7,,30
p3066,,,op5,op4,15,linear3,,37.5
p3066,,,op6,op5,15,linear3,,37.5
p3066,,,op7,op6,15,linear3,,37.5
p3066,,,op8,op7,5,linear3,,45
p3067,2648.938,BATCH_PIPELINE,op1,,1,const,,55
p3067,,,op2,op1,40,linear7,,20
p3067,,,op3,op1,2,sqrt,,55
p3067,,,op4,op1,15,linear3,,37.5
p3067,,,op5,op1,2,sqrt,,55
p3067,,,op6,op1,2,sqrt,,55
p3068,2648.938,BATCH_PIPELINE,op1,,1,const,,55
p3068,,,op2,op1,15,linear3,,37.5
p3068,,,op3,op2,2,sqrt,,55
p3068,,,op4,op3,1,const,,55
p3068,,,op5,op4,20,linear7,,30
p3068,,,op6,op5,2,sqrt,,55
p3068,,,op7,op6,1,const,,55
p3068,,,op8,op7,15,linear3,,37.5
p3068,,,op9,op8,5,linear3,,45
p3069,2648.938,INTERACTIVE,op1,,1,const,,55
p3069,,,op2,op1,2,sqrt,,55
p3069,,,op3,op1,20,linear7,,30
p3069,,,op4,op1,15,linear3,,37.5
p3069,,,op5,op1,40,linear7,,20
p3070,2648.938,BATCH_PIPELINE,op1,,1,const,,55
p3070,,,op2,op1,2,sqrt,,55
p3070,,,op3,op2,40,linear7,,20
p3070,,,op4,op3,1,const,,55
p3070,,,op5,op4,2,sqrt,,55
p3070,,,op6,op5,1,const,,55
p3070,,,op7,op6,2,sqrt,,55
p3070,,,op8,op7,5,linear3,,45
p3071,2659.809,QUERY,op1,,15,linear3,,35
p3072,2659.809,BATCH_PIPELINE,op1,,1,const,,55
p3072,,,op2,op1,15,linear3,,37.5
p3072,,,op3,op2,20,linear7,,30
p3072,,,op4,op3,5,linear3,,45
p3073,2659.809,INTERACTIVE,op1,,1,const,,55
p3073,,,op2,op1,1,const,,55
p3073,,,op3,op2,5,linear3,,45
p3073,,,op4,op3,80,squared,,10
p3073,,,op5,op4,15,linear3,,37.5
p3073,,,op6,op5,1,const,,55
p3074,2659.809,BATCH_PIPELINE,op1,,1,const,,55
p3074,,,op2,op1,2,sqrt,,55
p3074,,,op3,op2,20,linear7,,30
p3074,,,op4,op3,80,squared,,10
p3074,,,op5,op4,20,linear7,,30
p3074,,,op6,op5,1,const,,55
p3074,,,op7,op6,20,linear7,,30
p3074,,,op8,op7,15,linear3,,37.5
p3074,,,op9,op8,2,sqrt,,55
p3074,,,op10,op9,40,linear7,,20
p3074,,,op11,op10,15,linear3,,37.5
p3075,2659.809,QUERY,op1,,15,linear3,,35
p3076,2659.809,BATCH_PIPELINE,op1,,1,const,,55
p3076,,,op2,,15,linear3,,37.5
p3076,,,op3,,40,linear7,,20
p3076,,,op4,,1,const,,55
p3076,,,op5,,1,const,,55
p3076,,,op6,,20,linear7,,30
p3076,,,op7,,5,linear3,,45
p3076,,,op8,op1;op2;op3;op4;op5;op6;op7,40,linear7,,20
p3077,2659.809,BATCH_PIPELINE,op1,,1,const,,55
p3077,,,op2,op1,15,linear3,,37.5
p3077,,,op3,op2,1,const,,55
p3077,,,op4,op3,80,squared,,10
p3077,,,op5,op4,15,linear3,,37.5
p3077,,,op6,op5,1,const,,55
p3077,,,op7,op6,15,linear3,,37.5
p3077,,,op8,op7,15,linear3,,37.5
p3078,2659.809,QUERY,op1,,15,linear3,,35
p3079,2659.809,INTERACTIVE,op1,,1,const,,55
p3079,,,op2,op1,15,linear3,,37.5
p3079,,,op3,op2,1,const,,55
p3079,,,op4,op3,40,linear7,,20
p3079,,,op5,op4,2,sqrt,,55
p3079,,,op6,op5,20,linear7,,30
p3079,,,op7,op6,2,sqrt,,55
p3080,2659.809,BATCH_PIPELINE,op1,,1,const,,55
p3080,,,op2,op1,2,sqrt,,55
p3080,,,op3,op2,20,linear7,,30
p3080,,,op4,op3,2,sqrt,,55
p3080,,,op5,op4,5,linear3,,45
p3080,,,op6,op5,15,linear3,,37.5
p3081,2669.156,BATCH_PIPELINE,op1,,1,const,,55
p3081,,,op2,op1,20,linear7,,30
p3081,,,op3,op2,5,linear3,,45
p3081,,,op4,op3,20,linear7,,30
p3081,,,op5,op4,5,linear3,,45
p3081,,,op6,op5,2,sqrt,,55
p3081,,,op7,op6,15,linear3,,37.5
p3081,,,op8,op7,5,linear3,,45
p3081,,,op9,op8,40,linear7,,20
p3082,2669.156,BATCH_PIPELINE,op1,,1,const,,55
p3082,,,op2,op1,2,sqrt,,55
p3082,,,op3,op2,40,linear7,,20
p3082,,,op4,op3,20,linear7,,30
p3082,,,op5,op4,5,linear3,,45
p3083,2669.156,BATCH_PIPELINE,op1,,1,const,,55
p3083,,,op2,op1,20,linear7,,30
p3083,,,op3,op2,20,linear7,,30
p3083,,,op4,op3,5,linear3,,45
p3083,,,op5,op4,2,sqrt,,55
p3083,,,op6,op5,20,linear7,,30
p3083,,,op7,op6,80,squared,,10
p3084,2669.156,INTERACTIVE,op1,,1,const,,55
p3084,,,op2,op1,2,sqrt,,55
p3084,,,op3,op1,2,sqrt,,55
p3084,,,op4,op1,40,linear7,,20
p3084,,,op5,op1,1,const,,55
p3084,,,op6,op1,80,squared,,10
p3084,,,op7,op1,2,sqrt,,55
p3084,,,op8,op1,80,squared,,10
p3084,,,op9,op1,5,linear3,,45
p3084,,,op10,op1,20,linear7,,30
p3084,,,op11,op1,80,squared,,10
p3085,2669.156,BATCH_PIPELINE,op1,,1,const,,55
p3085,,,op2,op1,1,const,,55
p3085,,,op3,op2,5,linear3,,45
p3085,,,op4,op3,2,sqrt,,55
p3085,,,op5,op4,1,const,,55
p3085,,,op6,op5,5,linear3,,45
p3085,,,op7,op6,15,linear3,,37.5
p3086,2669.156,BATCH_PIPELINE,op1,,1,const,,55
p3086,,,op2,op1,1,const,,55
p3086,,,op3,op2,80,squared,,10
p3086,,,op4,op3,2,sqrt,,55
p3086,,,op5,op4,15,linear3,,37.5
p3086,,,op6,op5,40,linear7,,20
p3086,,,op7,op6,80,squared,,10
p3087,2669.156,BATCH_PIPELINE,op1,,1,const,,55
p3087,,,op2,op1,2,sqrt,,55
p3087,,,op3,op1,80,squared,,10
p3087,,,op4,op1,5,linear3,,45
p3087,,,op5,op1,15,linear3,,37.5
p3087,,,op6,op1,1,const,,55
p3088,2669.156,BATCH_PIPELINE,op1,,1,const,,55
p3088,,,op2,,5,linear3,,45
p3088,,,op3,,1,const,,55
p3088,,,op4,,5,linear3,,45
p3088,,,op5,,80,squared,,10
p3088,,,op6,,2,sqrt,,55
p3088,,,op7,,20,linear7,,30
p3088,,,op8,op1;op2;op3;op4;op5;op6;op7,1,const,,55
p3089,2669.156,BATCH_PIPELINE,op1,,1,const,,55
p3089,,,op2,op1,20,linear7,,30
p3089,,,op3,op1,1,const,,55
p3089,,,op4,op1,15,linear3,,37.5
p3090,2669.156,QUERY,op1,,15,linear3,,35
p3091,2681.21,BATCH_PIPELINE,op1,,1,const,,55
p3091,,,op2,op1,20,linear7,,30
p3091,,,op3,op2,80,squared,,10
p3092,2681.21,BATCH_PIPELINE,op1,,1,const,,55
p3092,,,op2,op1,15,linear3,,37.5
p3092,,,op3,op2,1,const,,55
p3092,,,op4,op3,5,linear3,,45
p3092,,,op5,op4,20,linear7,,30
p3092,,,op6,op5,5,linear3,,45
p3093,2681.21,BATCH_PIPELINE,op1,,1,const,,55
p3093,,,op2,op1,2,sqrt,,55
p3093,,,op3,op1,5,linear3,,45
p3093,,,op4,op1,15,linear3,,37.5
p3094,2681.21,QUERY,op1,,15,linear3,,35
p3095,2681.21,BATCH_PIPELINE,op1,,1,const,,55
p3095,,,op2,op1,2,sqrt,,55
p3095,,,op3,op2,40,linear7,,20
p3095,,,op4,op3,40,linear7,,20
p3095,,,op5,op4,5,linear3,,45
p3095,,,op6,op5,80,squared,,10
p3096,2681.21,QUERY,op1,,15,linear3,,35
p3097,2681.21,BATCH_PIPELINE,op1,,1,const,,55
p3097,,,op2,op1,20,linear7,,30
p3097,,,op3,op2,1,const,,55
p3097,,,op4,op3,20,linear7,,30
p3097,,,op5,op4,1,const,,55
p3097,,,op6,op5,20,linear7,,30
p3097,,,op7,op6,20,linear7,,30
p3097,,,op8,op7,40,linear7,,20
p3097,,,op9,op8,20,linear7,,30
p3097,,,op10,op9,15,linear3,,37.5
p3098,2681.21,BATCH_PIPELINE,op1,,1,const,,55
p3098,,,op2,op1,5,linear3,,45
p3098,,,op3,op2,5,linear3,,45
p3098,,,op4,op3,2,sqrt,,55
p3098,,,op5,op4,1,const,,55
p3098,,,op6,op5,1,const,,55
p3098,,,op7,op6,1,const,,55
p3099,2681.21,INTERACTIVE,op1,,1,const,,55
p3099,,,op2,op1,15,linear3,,37.5
p3099,,,op3,op2,5,linear3,,45
p3099,,,op4,op3,1,const,,55
p3099,,,op5,op4,5,linear3,,45
p3099,,,op6,op5,40,linear7,,20
p3099,,,op7,op6,2,sqrt,,55
p3099,,,op8,op7,15,linear3,,37.5
p3100,2681.21,INTERACTIVE,op1,,1,const,,55
p3100,,,op2,op1,15,linear3,,37.5
p3100,,,op3,op2,5,linear3,,45
p3100,,,op4,op3,80,squared,,10
p3100,,,op5,op4,40,linear7,,20
p3100,,,op6,op5,1,const,,55
p3101,2689.335,BATCH_PIPELINE,op1,,1,const,,55
p3101,,,op2,op1,40,linear7,,20
p3101,,,op3,op1,20,linear7,,30
p3101,,,op4,op1,20,linear7,,30
p3101,,,op5,op1,20,linear7,,30
p3101,,,op6,op1,15,linear3,,37.5
p3102,2689.335,BATCH_PIPELINE,op1,,1,const,,55
p3102,,,op2,op1,5,linear3,,45
p3102,,,op3,op2,40,linear7,,20
p3102,,,op4,op3,5,linear3,,45
p3102,,,op5,op4,80,squared,,10
p3102,,,op6,op5,15,linear3,,37.5
p3102,,,op7,op6,5,linear3,,45
p3102,,,op8,op7,1,const,,55
p3103,2689.335,INTERACTIVE,op1,,1,const,,55
p3103,,,op2,,20,linear7,,30
p3103,,,op3,,5,linear3,,45
p3103,,,op4,,2,sqrt,,55
p3103,,,op5,,20,linear7,,30
p3103,,,op6,,1,const,,55
p3103,,,op7,op1;op2;op3;op4;op5;op6,2,sqrt,,55
p3104,2689.335,INTERACTIVE,op1,,1,const,,55
p3104,,,op2,,5,linear3,,45
p3104,,,op3,,15,linear3,,37.5
p3104,,,op4,,80,squared,,10
p3104,,,op5,,15,linear3,,37.5
p3104,,,op6,,15,linear3,,37.5
p3104,,,op7,,1,const,,55
p3104,,,op8,,80,squared,,10
p3104,,,op9,op1;op2;op3;op4;op5;op6;op7;op8,2,sqrt,,55
p3105,2689.335,BATCH_PIPELINE,op1,,1,const,,55
p3105,,,op2,op1,5,linear3,,45
p3105,,,op3,op2,15,linear3,,37.5
p3105,,,op4,op3,80,squared,,10
p3105,,,op5,op4,80,squared,,10
p3105,,,op6,op5,5,linear3,,45
p3105,,,op7,op6,5,linear3,,45
p3105,,,op8,op7,2,sqrt,,55
p3106,2689.335,INTERACTIVE,op1,,1,const,,55
p3106,,,op2,op1,20,linear7,,30
p3106,,,op3,op2,80,squared,,10
p3106,,,op4,op3,5,linear3,,45
p3106,,,op5,op4,1,const,,55
p3106,,,op6,op5,80,squared,,10
p3106,,,op7,op6,20,linear7,,30
p3106,,,op8,op7,15,linear3,,37.5
p3107,2689.335,BATCH_PIPELINE,op1,,1,const,,55
p3107,,,op2,op1,15,linear3,,37.5
p3107,,,op3,op2,20,linear7,,30
p3107,,,op4,op3,20,linear7,,30
p3107,,,op5,op4,5,linear3,,45
p3107,,,op6,op5,5,linear3,,45
p3107,,,op7,op6,5,linear3,,45
p3107,,,op8,op7,15,linear3,,37.5
p3107,,,op9,op8,5,linear3,,45
p3108,2689.335,BATCH_PIPELINE,op1,,1,const,,55
p3108,,,op2,op1,15,linear3,,37.5
p3108,,,op3,op2,2,sqrt,,55
p3108,,,op4,op3,5,linear3,,45
p3108,,,op5,op4,1,const,,55
p3108,,,op6,op5,5,linear3,,45
p3108,,,op7,op6,2,sqrt,,55
p3108,,,op8,op7,15,linear3,,37.5
p3109,2689.335,INTERACTIVE,op1,,1,const,,55
p3109,,,op2,,5,linear3,,45
p3109,,,op3,op1;op2,40,linear7,,20
p3110,2689.335,QUERY,op1,,15,linear3,,35
p3111,2702.156,BATCH_PIPELINE,op1,,1,const,,55
p3111,,,op2,,80,squared,,10
p3111,,,op3,,5,linear3,,45
p3111,,,op4,,20,linear7,,30
p3111,,,op5,,15,linear3,,37.5
p3111,,,op6,,5,linear3,,45
p3111,,,op7,,20,linear7,,30
p3111,,,op8,op1;op2;op3;op4;op5;op6;op7,40,linear7,,20
p3112,2702.156,BATCH_PIPELINE,op1,,1,const,,55
p3112,,,op2,op1,80,squared,,10
p3112,,,op3,op2,5,linear3,,45
p3112,,,op4,op3,1,const,,55
p3112,,,op5,op4,1,const,,55
p3112,,,op6,op5,1,const,,55
p3112,,,op7,op6,2,sqrt,,55
p3112,,,op8,op7,2,sqrt,,55
p3113,2702.156,QUERY,op1,,15,linear3,,35
p3114,2702.156,INTERACTIVE,op1,,1,const,,55
p3114,,,op2,op1,20,linear7,,30
p3114,,,op3,op2,20,linear7,,30
p3114,,,op4,op3,80,squared,,10
p3114,,,op5,op4,20,linear7,,30
p3114,,,op6,op5,5,linear3,,45
p3114,,,op7,op6,40,linear7,,20
p3114,,,op8,op7,15,linear3,,37.5
p3115,2702.156,INTERACTIVE,op1,,1,const,,55
p3115,,,op2,op1,15,linear3,,37.5
p3115,,,op3,op2,5,linear3,,45
p3115,,,op4,op3,2,sqrt,,55
p3115,,,op5,op4,1,const,,55
p3115,,,op6,op5,2,sqrt,,55
p3115,,,op7,op6,15,linear3,,37.5
p3115,,,op8,op7,40,linear7,,20
p3115,,,op9,op8,20,linear7,,30
p3116,2702.156,BATCH_PIPELINE,op1,,1,const,,55
p3116,,,op2,op1,2,sqrt,,55
p3116,,,op3,op2,1,const,,55
p3116,,,op4,op3,1,const,,55
p3116,,,op5,op4,40,linear7,,20
p3116,,,op6,op5,80,squared,,10
p3117,2702.156,BATCH_PIPELINE,op1,,1,const,,55
p3117,,,op2,op1,5,linear3,,45
p3117,,,op3,op1,20,linear7,,30
p3117,,,op4,op1,20,linear7,,30
p3117,,,op5,op1,20,linear7,,30
p3117,,,op6,op1,40,linear7,,20
p3117,,,op7,op1,80,squared,,10
p3118,2702.156,BATCH_PIPELINE,op1,,1,const,,55
p3118,,,op2,op1,2,sqrt,,55
p3118,,,op3,op1,15,linear3,,37.5
p3118,,,op4,op1,20,linear7,,30
p3118,,,op5,op1,5,linear3,,45
p3118,,,op6,op1,5,linear3,,45
p3118,,,op7,op1,80,squared,,10
p3118,,,op8,op1,2,sqrt,,55
p3118,,,op9,op1,1,const,,55
p3118,,,op10,op1,80,squared,,10
p3118,,,op11,op1,20,linear7,,30
p3118,,,op12,op1,40,linear7,,20
p3118,,,op13,op1,15,linear3,,37.5
p3119,2702.156,INTERACTIVE,op1,,1,const,,55
p3119,,,op2,op1,15,linear3,,37.5
p3119,,,op3,op2,20,linear7,,30
p3119,,,op4,op3,40,linear7,,20
p3119,,,op5,op4,5,linear3,,45
p3119,,,op6,op5,20,linear7,,30
p3119,,,op7,op6,2,sqrt,,55
p3119,,,op8,op7,20,linear7,,30
p3120,2702.156,BATCH_PIPELINE,op1,,1,const,,55
p3120,,,op2,op1,40,linear7,,20
p3120,,,op3,op2,15,linear3,,37.5
p3120,,,op4,op3,2,sqrt,,55
p3120,,,op5,op4,15,linear3,,37.5
p3120,,,op6,op5,20,linear7,,30
p3121,2709.289,BATCH_PIPELINE,op1,,1,const,,55
p3121,,,op2,,80,squared,,10
p3121,,,op3,,20,linear7,,30
p3121,,,op4,,1,const,,55
p3121,,,op5,,80,squared,,10
p3121,,,op6,,40,linear7,,20
p3121,,,op7,,1,const,,55
p3121,,,op8,,1,const,,55
p3121,,,op9,op1;op2;op3;op4;op5;op6;op7;op8,5,linear3,,45
p3122,2709.289,INTERACTIVE,op1,,1,const,,55
p3122,,,op2,op1,20,linear7,,30
p3122,,,op3,op2,1,const,,55
p3123,2709.289,BATCH_PIPELINE,op1,,1,const,,55
p3123,,,op2,op1,1,const,,55
p3123,,,op3,op1,2,sqrt,,55
p3123,,,op4,op1,1,const,,55
p3123,,,op5,op1,5,linear3,,45
p3123,,,op6,op1,15,linear3,,37.5
p3123,,,op7,op1,1,const,,55
p3123,,,op8,op1,20,linear7,,30
p3123,,,op9,op1,15,linear3,,37.5
p3124,2709.289,BATCH_PIPELINE,op1,,1,const,,55
p3124,,,op2,op1,40,linear7,,20
p3124,,,op3,op2,5,linear3,,45
p3124,,,op4,op3,20,linear7,,30
p3124,,,op5,op4,20,linear7,,30
p3124,,,op6,op5,15,linear3,,37.5
p3124,,,op7,op6,80,squared,,10
p3125,2709.289,INTERACTIVE,op1,,1,const,,55
p3125,,,op2,op1,20,linear7,,30
p3125,,,op3,op2,5,linear3,,45
p3125,,,op4,op3,2,sqrt,,55
p3125,,,op5,op4,80,squared,,10
p3125,,,op6,op5,80,squared,,10
p3125,,,op7,op6,5,linear3,,45
p3126,2709.289,BATCH_PIPELINE,op1,,1,const,,55
p3126,,,op2,,15,linear3,,37.5
p3126,,,op3,,15,linear3,,37.5
p3126,,,op4,,2,sqrt,,55
p3126,,,op5,,5,linear3,,45
p3126,,,op6,,20,linear7,,30
p3126,,,op7,,5,linear3,,45
p3126,,,op8,,15,linear3,,37.5
p3126,,,op9,,15,linear3,,37.5
p3126,,,op10,,1,const,,55
p3126,,,op11,op1;op2;op3;op4;op5;op6;op7;op8;op9;op10,80,squared,,10
p3127,2709.289,INTERACTIVE,op1,,1,const,,55
p3127,,,op2,,1,const,,55
p3127,,,op3,,5,linear3,,45
p3127,,,op4,,1,const,,55
p3127,,,op5,,15,linear3,,37.5
p3127,,,op6,,15,linear3,,37.5
p3127,,,op7,,15,linear3,,37.5
p3127,,,op8,op1;op2;op3;op4;op5;op6;op7,40,linear7,,20
p3128,2709.289,BATCH_PIPELINE,op1,,1,const,,55
p3128,,,op2,op1,15,linear3,,37.5
p3128,,,op3,op2,1,const,,55
p3128,,,op4,op3,40,linear7,,20
p3128,,,op5,op4,80,squared,,10
p3128,,,op6,op5,15,linear3,,37.5
p3129,2709.289,BATCH_PIPELINE,op1,,1,const,,55
p3129,,,op2,op1,5,linear3,,45
p3129,,,op3,op2,40,linear7,,20
p3129,,,op4,op3,5,linear3,,45
p3129,,,op5,op4,80,squared,,10
p3129,,,op6,op5,20,linear7,,30
p3129,,,op7,op6,15,linear3,,37.5
p3129,,,op8,op7,20,linear7,,30
p3130,2709.289,BATCH_PIPELINE,op1,,1,const,,55
p3130,,,op2,op1,2,sqrt,,55
p3130,,,op3,op2,1,const,,55
p3130,,,op4,op3,1,const,,55
p3130,,,op5,op4,15,linear3,,37.5
p3130,,,op6,op5,5,linear3,,45
p3130,,,op7,op6,5,linear3,,45
p3130,,,op8,op7,40,linear7,,20
p3130,,,op9,op8,5,linear3,,45
p3131,2722.553,BATCH_PIPELINE,op1,,1,const,,55
p3131,,,op2,op1,20,linear7,,30
p3131,,,op3,op1,40,linear7,,20
p3131,,,op4,op1,2,sqrt,,55
p3131,,,op5,op1,1,const,,55
p3131,,,op6,op1,80,squared,,10
p3132,2722.553,INTERACTIVE,op1,,1,const,,55
p3132,,,op2,op1,15,linear3,,37.5
p3132,,,op3,op1,40,linear7,,20
p3132,,,op4,op1,15,linear3,,37.5
p3132,,,op5,op1,5,linear3,,45
p3132,,,op6,op1,40,linear7,,20
p3132,,,op7,op1,15,linear3,,37.5
p3132,,,op8,op1,80,squared,,10
p3132,,,op9,op1,1,const,,55
p3132,,,op10,op1,1,const,,55
p3133,2722.553,INTERACTIVE,op1,,1,const,,55
p3133,,,op2,op1,1,const,,55
p3133,,,op3,op2,15,linear3,,37.5
p3133,,,op4,op3,15,linear3,,37.5
p3133,,,op5,op4,2,sqrt,,55
p3133,,,op6,op5,15,linear3,,37.5
p3133,,,op7,op6,1,const,,55
p3134,2722.553,INTERACTIVE,op1,,1,const,,55
p3134,,,op2,op1,1,const,,55
p3134,,,op3,op1,40,linear7,,20
p3134,,,op4,op1,1,const,,55
p3134,,,op5,op1,20,linear7,,30
p3134,,,op6,op1,15,linear3,,37.5
p3134,,,op7,op1,5,linear3,,45
p3134,,,op8,op1,40,linear7,,20
p3134,,,op9,op1,20,linear7,,30
p3134,,,op10,op1,15,linear3,,37.5
p3135,2722.553,BATCH_PIPELINE,op1,,1,const,,55
p3135,,,op2,op1,5,linear3,,45
p3135,,,op3,op2,15,linear3,,37.5
p3135,,,op4,op3,80,squared,,10
p3135,,,op5,op4,5,linear3,,45
p3135,,,op6,op5,1,const,,55
p3135,,,op7,op6,40,linear7,,20
p3135,,,op8,op7,20,linear7,,30
p3135,,,op9,op8,20,linear7,,30
p3136,2722.553,INTERACTIVE,op1,,1,const,,55
p3136,,,op2,op1,1,const,,55
p3136,,,op3,op2,20,linear7,,30
p3136,,,op4,op3,5,linear3,,45
p3136,,,op5,op4,5,linear3,,45
p3136,,,op6,op5,1,const,,55
p3136,,,op7,op6,20,linear7,,30
p3136,,,op8,op7,15,linear3,,37.5
p3136,,,op9,op8,5,linear3,,45
p3136,,,op10,op9,1,const,,55
p3136,,,op11,op10,40,linear7,,20
p3137,2722.553,INTERACTIVE,op1,,1,const,,55
p3137,,,op2,op1,15,linear3,,37.5
p3137,,,op3,op2,2,sqrt,,55
p3137,,,op4,op3,15,linear3,,37.5
p3137,,,op5,op4,20,linear7,,30
p3137,,,op6,op5,15,linear3,,37.5
p3137,,,op7,op6,15,linear3,,37.5
p3137,,,op8,op7,15,linear3,,37.5
p3137,,,op9,op8,1,const,,55
p3137,,,op10,op9,2,sqrt,,55
p3138,2722.553,BATCH_PIPELINE,op1,,1,const,,55
p3138,,,op2,,20,linear7,,30
p3138,,,op3,,20,linear7,,30
p3138,,,op4,,15,linear3,,37.5
p3138,,,op5,,5,linear3,,45
p3138,,,op6,op1;op2;op3;op4;op5,5,linear3,,45
p3139,2722.553,BATCH_PIPELINE,op1,,1,const,,55
p3139,,,op2,op1,2,sqrt,,55
p3139,,,op3,op2,5,linear3,,45
p3140,2722.553,QUERY,op1,,15,linear3,,35
p3141,2731.464,INTERACTIVE,op1,,1,const,,55
p3141,,,op2,op1,1,const,,55
p3141,,,op3,op1,1,const,,55
p3141,,,op4,op1,20,linear7,,30
p3141,,,op5,op1,20,linear7,,30
p3141,,,op6,op1,15,linear3,,37.5
p3141,,,op7,op1,2,sqrt,,55
p3141,,,op8,op1,20,linear7,,30
p3142,2731.464,BATCH_PIPELINE,op1,,1,const,,55
p3142,,,op2,op1,5,linear3,,45
p3142,,,op3,op2,1,const,,55
p3142,,,op4,op3,20,linear7,,30
p3142,,,op5,op4,15,linear3,,37.5
p3142,,,op6,op5,2,sqrt,,55
p3142,,,op7,op6,40,linear7,,20
p3143,2731.464,INTERACTIVE,op1,,1,const,,55
p3143,,,op2,,20,linear7,,30
p3143,,,op3,,20,linear7,,30
p3143,,,op4,,40,linear7,,20
p3143,,,op5,,15,linear3,,37.5
p3143,,,op6,,1,const,,55
p3143,,,op7,op1;op2;op3;op4;op5;op6,5,linear3,,45
p3144,2731.464,BATCH_PIPELINE,op1,,1,const,,55
p3144,,,op2,op1,15,linear3,,37.5
p3144,,,op3,op1,20,linear7,,30
p3144,,,op4,op1,2,sqrt,,55
p3144,,,op5,op1,5,linear3,,45
p3144,,,op6,op1,2,sqrt,,55
p3144,,,op7,op1,20,linear7,,30
p3145,2731.464,BATCH_PIPELINE,op1,,1,const,,55
p3145,,,op2,op1,2,sqrt,,55
p3145,,,op3,op2,40,linear7,,20
p3145,,,op4,op3,20,linear7,,30
p3145,,,op5,op4,5,linear3,,45
p3146,2731.464,BATCH_PIPELINE,op1,,1,const,,55
p3146,,,op2,op1,20,linear7,,30
p3146,,,op3,op2,40,linear7,,20
p3146,,,op4,op3,5,linear3,,45
p3146,,,op5,op4,80,squared,,10
p3146,,,op6,op5,40,linear7,,20
p3146,,,op7,op6,15,linear3,,37.5
p3146,,,op8,op7,5,linear3,,45
p3146,,,op9,op8,15,linear3,,37.5
p3146,,,op10,op9,5,linear3,,45
p3147,2731.464,INTERACTIVE,op1,,1,const,,55
p3147,,,op2,op1,5,linear3,,45
p3147,,,op3,op2,5,linear3,,45
p3147,,,op4,op3,1,const,,55
p3147,,,op5,op4,20,linear7,,30
p3147,,,op6,op5,5,linear3,,45
p3147,,,op7,op6,40,linear7,,20
p3147,,,op8,op7,5,linear3,,45
p3147,,,op9,op8,5,linear3,,45
p3148,2731.464,BATCH_PIPELINE,op1,,1,const,,55
p3148,,,op2,op1,20,linear7,,30
p3148,,,op3,op2,15,linear3,,37.5
p3148,,,op4,op3,80,squared,,10
p3148,,,op5,op4,15,linear3,,37.5
p3148,,,op6,op5,2,sqrt,,55
p3148,,,op7,op6,1,const,,55
p3148,,,op8,op7,20,linear7,,30
p3149,2731.464,BATCH_PIPELINE,op1,,1,const,,55
p3149,,,op2,op1,20,linear7,,30
p3149,,,op3,op2,2,sqrt,,55
p3149,,,op4,op3,20,linear7,,30
p3149,,,op5,op4,15,linear3,,37.5
p3149,,,op6,op5,2,sqrt,,55
p3149,,,op7,op6,5,linear3,,45
p3149,,,op8,op7,15,linear3,,37.5
p3149,,,op9,op8,2,sqrt,,55
p3150,2731.464,BATCH_PIPELINE,op1,,1,const,,55
p3150,,,op2,,15,linear3,,37.5
p3150,,,op3,,15,linear3,,37.5
p3150,,,op4,,2,sqrt,,55
p3150,,,op5,,2,sqrt,,55
p3150,,,op6,,1,const,,55
p3150,,,op7,,15,linear3,,37.5
p3150,,,op8,,20,linear7,,30
p3150,,,op9,,5,linear3,,45
p3150,,,op10,op1;op2;op3;op4;op5;op6;op7;op8;op9,2,sqrt,,55
p3151,2740.6130000000003,BATCH_PIPELINE,op1,,1,const,,55
p3151,,,op2,op1,80,squared,,10
p3151,,,op3,op2,80,squared,,10
p3151,,,op4,op3,5,linear3,,45
p3151,,,op5,op4,5,linear3,,45
p3151,,,op6,op5,20,linear7,,30
p3151,,,op7,op6,2,sqrt,,55
p3151,,,op8,op7,20,linear7,,30
p3151,,,op9,op8,15,linear3,,37.5
p3152,2740.6130000000003,INTERACTIVE,op1,,1,const,,55
p3152,,,op2,op1,1,const,,55
p3152,,,op3,op2,40,linear7,,20
p3152,,,op4,op3,20,linear7,,30
p3152,,,op5,op4,20,linear7,,30
p3152,,,op6,op5,15,linear3,,37.5
p3153,2740.6130000000003,INTERACTIVE,op1,,1,const,,55
p3153,,,op2,op1,1,const,,55
p3153,,,op3,op1,1,const,,55
p3153,,,op4,op1,2,sqrt,,55
p3153,,,op5,op1,15,linear3,,37.5
p3153,,,op6,op1,15,linear3,,37.5
p3154,2740.6130000000003,BATCH_PIPELINE,op1,,1,const,,55
p3154,,,op2,op1,5,linear3,,45
p3154,,,op3,op2,80,squared,,10
p3154,,,op4,op3,1,const,,55
p3154,,,op5,op4,1,const,,55
p3154,,,op6,op5,2,sqrt,,55
p3154,,,op7,op6,20,linear7,,30
p3154,,,op8,op7,15,linear3,,37.5
p3154,,,op9,op8,1,const,,55
p3154,,,op10,op9,2,sqrt,,55
p3154,,,op11,op10,1,const,,55
p3154,,,op12,op11,1,const,,55
p3155,2740.6130000000003,INTERACTIVE,op1,,1,const,,55
p3155,,,op2,op1,2,sqrt,,55
p3155,,,op3,op2,15,linear3,,37.5
p3155,,,op4,op3,15,linear3,,37.5
p3155,,,op5,op4,20,linear7,,30
p3155,,,op6,op5,15,linear3,,37.5
p3155,,,op7,op6,20,linear7,,30
p3156,2740.6130000000003,BATCH_PIPELINE,op1,,1,const,,55
p3156,,,op2,op1,5,linear3,,45
p3156,,,op3,op2,2,sqrt,,55
p3156,,,op4,op3,20,linear7,,30
p3156,,,op5,op4,20,linear7,,30
p3157,2740.6130000000003,BATCH_PIPELINE,op1,,1,const,,55
p3157,,,op2,op1,1,const,,55
p3157,,,op3,op2,5,linear3,,45
p3157,,,op4,op3,20,linear7,,30
p3157,,,op5,op4,2,sqrt,,55
p3157,,,op6,op5,40,linear7,,20
p3157,,,op7,op6,5,linear3,,45
p3158,2740.6130000000003,BATCH_PIPELINE,op1,,1,const,,55
p3158,,,op2,op1,2,sqrt,,55
p3158,,,op3,op1,5,linear3,,45
p3158,,,op4,op1,2,sqrt,,55
p3158,,,op5,op1,2,sqrt,,55
p3158,,,op6,op1,15,linear3,,37.5
p3158,,,op7,op1,5,linear3,,45
p3159,2740.6130000000003,BATCH_PIPELINE,op1,,1,const,,55
p3159,,,op2,op1,15,linear3,,37.5
p3159,,,op3,op2,40,linear7,,20
p3159,,,op4,op3,5,linear3,,45
p3159,,,op5,op4,5,linear3,,45
p3159,,,op6,op5,20,linear7,,30
p3159,,,op7,op6,5,linear3,,45
p3160,2740.6130000000003,INTERACTIVE,op1,,1,const,,55
p3160,,,op2,op1,80,squared,,10
p3160,,,op3,op2,5,linear3,,45
p3160,,,op4,op3,40,linear7,,20
p3160,,,op5,op4,20,linear7,,30
p3160,,,op6,op5,20,linear7,,30
p3160,,,op7,op6,5,linear3,,45
p3160,,,op8,op7,5,linear3,,45
p3160,,,op9,op8,2,sqrt,,55
p3160,,,op10,op9,15,linear3,,37.5
p3160,,,op11,op10,5,linear3,,45
p3160,,,op12,op11,15,linear3,,37.5
p3161,2746.44,BATCH_PIPELINE,op1,,1,const,,55
p3161,,,op2,op1,15,linear3,,37.5
p3161,,,op3,op2,80,squared,,10
p3161,,,op4,op3,2,sqrt,,55
p3161,,,op5,op4,5,linear3,,45
p3161,,,op6,op5,1,const,,55
p3161,,,op7,op6,5,linear3,,45
p3161,,,op8,op7,80,squared,,10
p3161,,,op9,op8,5,linear3,,45
p3161,,,op10,op9,1,const,,55
p3162,2746.44,INTERACTIVE,op1,,1,const,,55
p3162,,,op2,,5,linear3,,45
p3162,,,op3,,1,const,,55
p3162,,,op4,,5,linear3,,45
p3162,,,op5,,20,linear7,,30
p3162,,,op6,,5,linear3,,45
p3162,,,op7,,15,linear3,,37.5
p3162,,,op8,op1;op2;op3;op4;op5;op6;op7,2,sqrt,,55
p3163,2746.44,QUERY,op1,,15,linear3,,35
p3164,2746.44,INTERACTIVE,op1,,1,const,,55
p3164,,,op2,op1,5,linear3,,45
p3164,,,op3,op2,20,linear7,,30
p3164,,,op4,op3,20,linear7,,30
p3164,,,op5,op4,20,linear7,,30
p3164,,,op6,op5,1,const,,55
p3165,2746.44,INTERACTIVE,op1,,1,const,,55
p3165,,,op2,op1,2,sqrt,,55
p3165,,,op3,op2,20,linear7,,30
p3165,,,op4,op3,20,linear7,,30
p3165,,,op5,op4,5,linear3,,45
p3165,,,op6,op5,20,linear7,,30
p3166,2746.44,BATCH_PIPELINE,op1,,1,const,,55
p3166,,,op2,op1,2,sqrt,,55
p3166,,,op3,op2,15,linear3,,37.5
p3166,,,op4,op3,1,const,,55
p3166,,,op5,op4,1,const,,55
p3166,,,op6,op5,1,const,,55
p3166,,,op7,op6,2,sqrt,,55
p3167,2746.44,INTERACTIVE,op1,,1,const,,55
p3167,,,op2,op1,5,linear3,,45
p3167,,,op3,op2,80,squared,,10
p3167,,,op4,op3,1,const,,55
p3167,,,op5,op4,1,const,,55
p3167,,,op6,op5,2,sqrt,,55
p3167,,,op7,op6,5,linear3,,45
p3168,2746.44,BATCH_PIPELINE,op1,,1,const,,55
p3168,,,op2,op1,5,linear3,,45
p3168,,,op3,op1,5,linear3,,45
p3168,,,op4,op1,80,squared,,10
p3168,,,op5,op1,1,const,,55
p3168,,,op6,op1,15,linear3,,37.5
p3168,,,op7,op1,15,linear3,,37.5
p3168,,,op8,op1,80,squared,,10
p3168,,,op9,op1,1,const,,55
p3169,2746.44,BATCH_PIPELINE,op1,,1,const,,55
p3169,,,op2,op1,5,linear3,,45
p3169,,,op3,op2,20,linear7,,30
p3169,,,op4,op3,40,linear7,,20
p3169,,,op5,op4,2,sqrt,,55
p3170,2746.44,BATCH_PIPELINE,op1,,1,const,,55
p3170,,,op2,op1,40,linear7,,20
p3170,,,op3,op1,5,linear3,,45
p3170,,,op4,op1,40,linear7,,20
p3170,,,op5,op1,1,const,,55
p3170,,,op6,op1,20,linear7,,30
p3170,,,op7,op1,40,linear7,,20
p3171,2757.533,INTERACTIVE,op1,,1,const,,55
p3171,,,op2,op1,15,linear3,,37.5
p3171,,,op3,op2,15,linear3,,37.5
p3171,,,op4,op3,40,linear7,,20
p3171,,,op5,op4,1,const,,55
p3171,,,op6,op5,5,linear3,,45
p3171,,,op7,op6,1,const,,55
p3172,2757.533,BATCH_PIPELINE,op1,,1,const,,55
p3172,,,op2,op1,5,linear3,,45
p3172,,,op3,op2,80,squared,,10
p3172,,,op4,op3,40,linear7,,20
p3172,,,op5,op4,15,linear3,,37.5
p3172,,,op6,op5,15,linear3,,37.5
p3172,,,op7,op6,5,linear3,,45
p3172,,,op8,op7,15,linear3,,37.5
p3172,,,op9,op8,15,linear3,,37.5
p3173,2757.533,BATCH_PIPELINE,op1,,1,const,,55
p3173,,,op2,,80,squared,,10
p3173,,,op3,,5,linear3,,45
p3173,,,op4,,2,sqrt,,55
p3173,,,op5,,15,linear3,,37.5
p3173,,,op6,,15,linear3,,37.5
p3173,,,op7,,5,linear3,,45
p3173,,,op8,op1;op2;op3;op4;op5;op6;op7,1,const,,55
p3174,2757.533,INTERACTIVE,op1,,1,const,,55
p3174,,,op2,op1,20,linear7,,30
p3174,,,op3,op2,2,sqrt,,55
p3174,,,op4,op3,5,linear3,,45
p3174,,,op5,op4,20,linear7,,30
p3174,,,op6,op5,5,linear3,,45
p3175,2757.533,INTERACTIVE,op1,,1,const,,55
p3175,,,op2,op1,2,sqrt,,55
p3175,,,op3,op2,2,sqrt,,55
p3175,,,op4,op3,2,sqrt,,55
p3175,,,op5,op4,20,linear7,,30
p3175,,,op6,op5,1,const,,55
p3175,,,op7,op6,5,linear3,,45
p3175,,,op8,op7,40,linear7,,20
p3176,2757.533,BATCH_PIPELINE,op1,,1,const,,55
p3176,,,op2,op1,5,linear3,,45
p3176,,,op3,op2,2,sqrt,,55
p3176,,,op4,op3,15,linear3,,37.5
p3176,,,op5,op4,1,const,,55
p3176,,,op6,op5,80,squared,,10
p3176,,,op7,op6,1,const,,55
p3176,,,op8,op7,40,linear7,,20
p3176,,,op9,op8,20,linear7,,30
p3177,2757.533,QUERY,op1,,15,linear3,,35
p3178,2757.533,INTERACTIVE,op1,,1,const,,55
p3178,,,op2,,5,linear3,,45
p3178,,,op3,,15,linear3,,37.5
p3178,,,op4,,2,sqrt,,55
p3178,,,op5,,1,const,,55
p3178,,,op6,,15,linear3,,37.5
p3178,,,op7,,15,linear3,,37.5
p3178,,,op8,,1,const,,55
p3178,,,op9,,15,linear3,,37.5
p3178,,,op10,,15,linear3,,37.5
p3178,,,op11,op1;op2;op3;op4;op5;op6;op7;op8;op9;op10,2,sqrt,,55
p3179,2757.533,BATCH_PIPELINE,op1,,1,const,,55
p3179,,,op2,op1,15,linear3,,37.5
p3179,,,op3,op2,20,linear7,,30
p3179,,,op4,op3,2,sqrt,,55
p3179,,,op5,op4,5,linear3,,45
p3179,,,op6,op5,20,linear7,,30
p3179,,,op7,op6,1,const,,55
p3179,,,op8,op7,15,linear3,,37.5
p3180,2757.533,INTERACTIVE,op1,,1,const,,55
p3180,,,op2,op1,15,linear3,,37.5
p3180,,,op3,op2,2,sqrt,,55
p3180,,,op4,op3,1,const,,55
p3180,,,op5,op4,5,linear3,,45
p3180,,,op6,op5,40,linear7,,20
p3180,,,op7,op6,40,linear7,,20
p3181,2765.757,QUERY,op1,,15,linear3,,35
p3182,2765.757,INTERACTIVE,op1,,1,const,,55
p3182,,,op2,op1,40,linear7,,20
p3182,,,op3,op1,80,squared,,10
p3182,,,op4,op1,2,sqrt,,55
p3182,,,op5,op1,20,linear7,,30
p3182,,,op6,op1,20,linear7,,30
p3182,,,op7,op1,5,linear3,,45
p3183,2765.757,INTERACTIVE,op1,,1,const,,55
p3183,,,op2,op1,15,linear3,,37.5
p3183,,,op3,op2,2,sqrt,,55
p3183,,,op4,op3,5,linear3,,45
p3183,,,op5,op4,1,const,,55
p3183,,,op6,op5,15,linear3,,37.5
p3183,,,op7,op6,20,linear7,,30
p3183,,,op8,op7,2,sqrt,,55
p3184,2765.757,INTERACTIVE,op1,,1,const,,55
p3184,,,op2,op1,2,sqrt,,55
p3184,,,op3,op1,2,sqrt,,55
p3184,,,op4,op1,15,linear3,,37.5
p3184,,,op5,op1,5,linear3,,45
p3184,,,op6,op1,20,linear7,,30
p3184,,,op7,op1,20,linear7,,30
p3184,,,op8,op1,5,linear3,,45
p3185,2765.757,BATCH_PIPELINE,op1,,1,const,,55
p3185,,,op2,,1,const,,55
p3185,,,op3,,80,squared,,10
p3185,,,op4,,20,linear7,,30
p3185,,,op5,,5,linear3,,45
p3185,,,op6,,1,const,,55
p3185,,,op7,,5,linear3,,45
p3185,,,op8,op1;op2;op3;op4;op5;op6;op7,2,sqrt,,55
p3186,2765.757,INTERACTIVE,op1,,1,const,,55
p3186,,,op2,,5,linear3,,45
p3186,,,op3,op1;op2,5,linear3,,45
p3187,2765.757,QUERY,op1,,15,linear3,,35
p3188,2765.757,INTERACTIVE,op1,,1,const,,55
p3188,,,op2,op1,2,sqrt,,55
p3188,,,op3,op2,1,const,,55
p3188,,,op4,op3,2,sqrt,,55
p3188,,,op5,op4,1,const,,55
p3188,,,op6,op5,20,linear7,,30
p3188,,,op7,op6,5,linear3,,45
p3188,,,op8,op7,20,linear7,,30
p3188,,,op9,op8,40,linear7,,20
p3188,,,op10,op9,2,sqrt,,55
p3188,,,op11,op10,5,linear3,,45
p3189,2765.757,BATCH_PIPELINE,op1,,1,const,,55
p3189,,,op2,op1,40,linear7,,20
p3189,,,op3,op2,20,linear7,,30
p3189,,,op4,op3,15,linear3,,37.5
p3189,,,op5,op4,40,linear7,,20
p3189,,,op6,op5,5,linear3,,45
p3189,,,op7,op6,20,linear7,,30
p3189,,,op8,op7,5,linear3,,45
p3190,2765.757,BATCH_PIPELINE,op1,,1,const,,55
p3190,,,op2,op1,20,linear7,,30
p3190,,,op3,op2,1,const,,55
p3190,,,op4,op3,1,const,,55
p3190,,,op5,op4,40,linear7,,20
p3190,,,op6,op5,20,linear7,,30
p3191,2773.987,INTERACTIVE,op1,,1,const,,55
p3191,,,op2,op1,20,linear7,,30
p3191,,,op3,op2,15,linear3,,37.5
p3191,,,op4,op3,5,linear3,,45
p3191,,,op5,op4,5,linear3,,45
p3191,,,op6,op5,1,const,,55
p3191,,,op7,op6,2,sqrt,,55
p3191,,,op8,op7,15,linear3,,37.5
p3191,,,op9,op8,15,linear3,,37.5
p3192,2773.987,BATCH_PIPELINE,op1,,1,const,,55
p3192,,,op2,op1,5,linear3,,45
p3192,,,op3,op1,1,const,,55
p3192,,,op4,op1,15,linear3,,37.5
p3192,,,op5,op1,1,const,,55
p3193,2773.987,BATCH_PIPELINE,op1,,1,const,,55
p3193,,,op2,op1,20,linear7,,30
p3193,,,op3,op2,1,const,,55
p3193,,,op4,op3,80,squared,,10
p3193,,,op5,op4,15,linear3,,37.5
p3193,,,op6,op5,15,linear3,,37.5
p3194,2773.987,QUERY,op1,,15,linear3,,35
p3195,2773.987,BATCH_PIPELINE,op1,,1,const,,55
p3195,,,op2,,5,linear3,,45
p3195,,,op3,,15,linear3,,37.5
p3195,,,op4,,20,linear7,,30
p3195,,,op5,,20,linear7,,30
p3195,,,op6,,15,linear3,,37.5
p3195,,,op7,,2,sqrt,,55
p3195,,,op8,,2,sqrt,,55
p3195,,,op9,op1;op2;op3;op4;op5;op6;op7;op8,1,const,,55
p3196,2773.987,BATCH_PIPELINE,op1,,1,const,,55
p3196,,,op2,op1,15,linear3,,37.5
p3196,,,op3,op2,15,linear3,,37.5
p3196,,,op4,op3,5,linear3,,45
p3196,,,op5,op4,2,sqrt,,55
p3196,,,op6,op5,15,linear3,,37.5
p3197,2773.987,BATCH_PIPELINE,op1,,1,const,,55
p3197,,,op2,op1,20,linear7,,30
p3197,,,op3,op2,2,sqrt,,55
p3197,,,op4,op3,5,linear3,,45
p3197,,,op5,op4,80,squared,,10
p3197,,,op6,op5,5,linear3,,45
p3197,,,op7,op6,15,linear3,,37.5
p3198,2773.987,BATCH_PIPELINE,op1,,1,const,,55
p3198,,,op2,op1,2,sqrt,,55
p3198,,,op3,op2,5,linear3,,45
p3198,,,op4,op3,20,linear7,,30
p3198,,,op5,op4,40,linear7,,20
p3198,,,op6,op5,1,const,,55
p3198,,,op7,op6,80,squared,,10
p3198,,,op8,op7,5,linear3,,45
p3199,2773.987,INTERACTIVE,op1,,1,const,,55
p3199,,,op2,op1,1,const,,55
p3199,,,op3,op2,5,linear3,,45
p3199,,,op4,op3,20,linear7,,30
p3199,,,op5,op4,15,linear3,,37.5
p3199,,,op6,op5,5,linear3,,45
p3200,2773.987,INTERACTIVE,op1,,1,const,,55
p3200,,,op2,op1,80,squared,,10
p3200,,,op3,op2,5,linear3,,45
p3200,,,op4,op3,2,sqrt,,55
p3200,,,op5,op4,15,linear3,,37.5
p3200,,,op6,op5,20,linear7,,30
p3200,,,op7,op6,15,linear3,,37.5
p3200,,,op8,op7,15,linear3,,37.5
p3201,2786.323,BATCH_PIPELINE,op1,,1,const,,55
p3201,,,op2,op1,15,linear3,,37.5
p3201,,,op3,op2,2,sqrt,,55
p3201,,,op4,op3,20,linear7,,30
p3201,,,op5,op4,15,linear3,,37.5
p3201,,,op6,op5,80,squared,,10
p3201,,,op7,op6,40,linear7,,20
p3202,2786.323,INTERACTIVE,op1,,1,const,,55
p3202,,,op2,op1,1,const,,55
p3202,,,op3,op2,15,linear3,,37.5
p3202,,,op4,op3,1,const,,55
p3202,,,op5,op4,80,squared,,10
p3202,,,op6,op5,40,linear7,,20
p3203,2786.323,BATCH_PIPELINE,op1,,1,const,,55
p3203,,,op2,op1,80,squared,,10
p3203,,,op3,op2,2,sqrt,,55
p3203,,,op4,op3,1,const,,55
p3203,,,op5,op4,5,linear3,,45
p3203,,,op6,op5,15,linear3,,37.5
p3203,,,op7,op6,2,sqrt,,55
p3204,2786.323,BATCH_PIPELINE,op1,,1,const,,55
p3204,,,op2,,5,linear3,,45
p3204,,,op3,,1,const,,55
p3204,,,op4,,2,sqrt,,55
p3204,,,op5,,5,linear3,,45
p3204,,,op6,,2,sqrt,,55
p3204,,,op7,,20,linear7,,30
p3204,,,op8,,15,linear3,,37.5
p3204,,,op9,,15,linear3,,37.5
p3204,,,op10,,5,linear3,,45
p3204,,,op11,op1;op2;op3;op4;op5;op6;op7;op8;op9;op10,5,linear3,,45
p3205,2786.323,INTERACTIVE,op1,,1,const,,55
p3205,,,op2,op1,1,const,,55
p3205,,,op3,op1,15,linear3,,37.5
p3205,,,op4,op1,2,sqrt,,55
p3205,,,op5,op1,5,linear3,,45
p3205,,,op6,op1,1,const,,55
p3205,,,op7,op1,5,linear3,,45
p3206,2786.323,BATCH_PIPELINE,op1,,1,const,,55
p3206,,,op2,op1,15,linear3,,37.5
p3206,,,op3,op2,40,linear7,,20
p3206,,,op4,op3,5,linear3,,45
p3206,,,op5,op4,15,linear3,,37.5
p3206,,,op6,op5,1,const,,55
p3206,,,op7,op6,2,sqrt,,55
p3206,,,op8,op7,15,linear3,,37.5
p3207,2786.323,BATCH_PIPELINE,op1,,1,const,,55
p3207,,,op2,op1,15,linear3,,37.5
p3207,,,op3,op2,1,const,,55
p3207,,,op4,op3,40,linear7,,20
p3207,,,op5,op4,1,const,,55
p3207,,,op6,op5,15,linear3,,37.5
p3208,2786.323,BATCH_PIPELINE,op1,,1,const,,55
p3208,,,op2,op1,5,linear3,,45
p3208,,,op3,op2,80,squared,,10
p3208,,,op4,op3,1,const,,55
p3208,,,op5,op4,1,const,,55
p3209,2786.323,BATCH_PIPELINE,op1,,1,const,,55
p3209,,,op2,op1,20,linear7,,30
p3209,,,op3,op2,20,linear7,,30
p3209,,,op4,op3,5,linear3,,45
p3209,,,op5,op4,80,squared,,10
p3209,,,op6,op5,15,linear3,,37.5
p3209,,,op7,op6,15,linear3,,37.5
p3209,,,op8,op7,20,linear7,,30
p3209,,,op9,op8,1,const,,55
p3209,,,op10,op9,2,sqrt,,55
p3209,,,op11,op10,5,linear3,,45
p3209,,,op12,op11,20,linear7,,30
p3209,,,op13,op12,1,const,,55
p3210,2786.323,INTERACTIVE,op1,,1,const,,55
p3210,,,op2,,2,sqrt,,55
p3210,,,op3,,20,linear7,,30
p3210,,,op4,,1,const,,55
p3210,,,op5,,40,linear7,,20
p3210,,,op6,,15,linear3,,37.5
p3210,,,op7,op1;op2;op3;op4;op5;op6,15,linear3,,37.5
p3211,2795.342,INTERACTIVE,op1,,1,const,,55
p3211,,,op2,op1,2,sqrt,,55
p3211,,,op3,op2,15,linear3,,37.5
p3211,,,op4,op3,2,sqrt,,55
p3211,,,op5,op4,15,linear3,,37.5
p3211,,,op6,op5,20,linear7,,30
p3212,2795.342,BATCH_PIPELINE,op1,,1,const,,55
p3212,,,op2,op1,1,const,,55
p3212,,,op3,op2,2,sqrt,,55
p3212,,,op4,op3,80,squared,,10
p3212,,,op5,op4,20,linear7,,30
p3212,,,op6,op5,40,linear7,,20
p3212,,,op7,op6,20,linear7,,30
p3212,,,op8,op7,15,linear3,,37.5
p3213,2795.342,BATCH_PIPELINE,op1,,1,const,,55
p3213,,,op2,op1,40,linear7,,20
p3213,,,op3,op2,20,linear7,,30
p3213,,,op4,op3,40,linear7,,20
p3213,,,op5,op4,15,linear3,,37.5
p3213,,,op6,op5,80,squared,,10
p3214,2795.342,BATCH_PIPELINE,op1,,1,const,,55
p3214,,,op2,op1,5,linear3,,45
p3214,,,op3,op2,1,const,,55
p3214,,,op4,op3,2,sqrt,,55
p3214,,,op5,op4,2,sqrt,,55
p3214,,,op6,op5,5,linear3,,45
p3214,,,op7,op6,1,const,,55
p3214,,,op8,op7,40,linear7,,20
p3214,,,op9,op8,15,linear3,,37.5
p3214,,,op10,op9,15,linear3,,37.5
p3214,,,op11,op10,1,const,,55
p3214,,,op12,op11,2,sqrt,,55
p3215,2795.342,INTERACTIVE,op1,,1,const,,55
p3215,,,op2,op1,1,const,,55
p3215,,,op3,op1,40,linear7,,20
p3215,,,op4,op1,15,linear3,,37.5
p3215,,,op5,op1,15,linear3,,37.5
p3215,,,op6,op1,15,linear3,,37.5
p3215,,,op7,op1,20,linear7,,30
p3215,,,op8,op1,15,linear3,,37.5
p3215,,,op9,op1,1,const,,55
p3215,,,op10,op1,20,linear7,,30
p3215,,,op11,op1,15,linear3,,37.5
p3216,2795.342,INTERACTIVE,op1,,1,const,,55
p3216,,,op2,op1,15,linear3,,37.5
p3216,,,op3,op2,2,sqrt,,55
p3216,,,op4,op3,1,const,,55
p3216,,,op5,op4,15,linear3,,37.5
p3217,2795.342,QUERY,op1,,15,linear3,,35
p3218,2795.342,BATCH_PIPELINE,op1,,1,const,,55
p3218,,,op2,op1,15,linear3,,37.5
p3218,,,op3,op2,15,linear3,,37.5
p3218,,,op4,op3,40,linear7,,20
p3218,,,op5,op4,2,sqrt,,55
p3218,,,op6,op5,20,linear7,,30
p3218,,,op7,op6,1,const,,55
p3218,,,op8,op7,2,sqrt,,55
p3218,,,op9,op8,40,linear7,,20
p3219,2795.342,INTERACTIVE,op1,,1,const,,55
p3219,,,op2,op1,40,linear7,,20
p3219,,,op3,op2,2,sqrt,,55
p3219,,,op4,op3,2,sqrt,,55
p3219,,,op5,op4,5,linear3,,45
p3219,,,op6,op5,40,linear7,,20
p3219,,,op7,op6,1,const,,55
p3220,2795.342,BATCH_PIPELINE,op1,,1,const,,55
p3220,,,op2,op1,2,sqrt,,55
p3220,,,op3,op1,5,linear3,,45
p3220,,,op4,op1,5,linear3,,45
p3220,,,op5,op1,1,const,,55
p3220,,,op6,op1,15,linear3,,37.5
p3220,,,op7,op1,20,linear7,,30
p3220,,,op8,op1,2,sqrt,,55
p3220,,,op9,op1,80,squared,,10
p3221,2805.107,BATCH_PIPELINE,op1,,1,const,,55
p3221,,,op2,op1,15,linear3,,37.5
p3221,,,op3,op2,5,linear3,,45
p3221,,,op4,op3,20,linear7,,30
p3221,,,op5,op4,5,linear3,,45
p3221,,,op6,op5,5,linear3,,45
p3221,,,op7,op6,5,linear3,,45
p3221,,,op8,op7,2,sqrt,,55
p3221,,,op9,op8,40,linear7,,20
p3221,,,op10,op9,1,const,,55
p3221,,,op11,op10,5,linear3,,45
p3222,2805.107,INTERACTIVE,op1,,1,const,,55
p3222,,,op2,op1,1,const,,55
p3222,,,op3,op2,20,linear7,,30
p3222,,,op4,op3,1,const,,55
p3222,,,op5,op4,2,sqrt,,55
p3222,,,op6,op5,1,const,,55
p3222,,,op7,op6,5,linear3,,45
p3223,2805.107,BATCH_PIPELINE,op1,,1,const,,55
p3223,,,op2,op1,15,linear3,,37.5
p3223,,,op3,op2,1,const,,55
p3223,,,op4,op3,20,linear7,,30
p3223,,,op5,op4,80,squared,,10
p3223,,,op6,op5,20,linear7,,30
p3223,,,op7,op6,1,const,,55
p3223,,,op8,op7,5,linear3,,45
p3223,,,op9,op8,15,linear3,,37.5
p3223,,,op10,op9,2,sqrt,,55
p3223,,,op11,op10,80,squared,,10
p3224,2805.107,INTERACTIVE,op1,,1,const,,55
p3224,,,op2,op1,15,linear3,,37.5
p3224,,,op3,op2,40,linear7,,20
p3224,,,op4,op3,15,linear3,,37.5
p3224,,,op5,op4,5,linear3,,45
p3224,,,op6,op5,1,const,,55
p3224,,,op7,op6,40,linear7,,20
p3225,2805.107,INTERACTIVE,op1,,1,const,,55
p3225,,,op2,op1,5,linear3,,45
p3225,,,op3,op2,5,linear3,,45
p3225,,,op4,op3,1,const,,55
p3225,,,op5,op4,20,linear7,,30
p3225,,,op6,op5,2,sqrt,,55
p3225,,,op7,op6,80,squared,,10
p3226,2805.107,INTERACTIVE,op1,,1,const,,55
p3226,,,op2,op1,80,squared,,10
p3226,,,op3,op1,2,sqrt,,55
p3226,,,op4,op1,1,const,,55
p3226,,,op5,op1,1,const,,55
p3226,,,op6,op1,15,linear3,,37.5
p3227,2805.107,BATCH_PIPELINE,op1,,1,const,,55
p3227,,,op2,op1,2,sqrt,,55
p3227,,,op3,op2,2,sqrt,,55
p3227,,,op4,op3,1,const,,55
p3227,,,op5,op4,2,sqrt,,55
p3227,,,op6,op5,2,sqrt,,55
p3227,,,op7,op6,5,linear3,,45
p3227,,,op8,op7,15,linear3,,37.5
p3228,2805.107,INTERACTIVE,op1,,1,const,,55
p3228,,,op2,op1,80,squared,,10
p3228,,,op3,op2,15,linear3,,37.5
p3228,,,op4,op3,15,linear3,,37.5
p3228,,,op5,op4,5,linear3,,45
p3228,,,op6,op5,20,linear7,,30
p3228,,,op7,op6,15,linear3,,37.5
p3228,,,op8,op7,20,linear7,,30
p3228,,,op9,op8,80,squared,,10
p3228,,,op10,op9,2,sqrt,,55
p3229,2805.107,BATCH_PIPELINE,op1,,1,const,,55
p3229,,,op2,op1,5,linear3,,45
p3229,,,op3,op2,5,linear3,,45
p3229,,,op4,op3,2,sqrt,,55
p3229,,,op5,op4,2,sqrt,,55
p3229,,,op6,op5,2,sqrt,,55
p3229,,,op7,op6,5,linear3,,45
p3229,,,op8,op7,2,sqrt,,55
p3229,,,op9,op8,15,linear3,,37.5
p3230,2805.107,QUERY,op1,,15,linear3,,35
p3231,2814.4880000000003,QUERY,op1,,15,linear3,,35
p3232,2814.4880000000003,BATCH_PIPELINE,op1,,1,const,,55
p3232,,,op2,op1,5,linear3,,45
p3232,,,op3,op1,15,linear3,,37.5
p3232,,,op4,op1,1,const,,55
p3232,,,op5,op1,20,linear7,,30
p3232,,,op6,op1,2,sqrt,,55
p3232,,,op7,op1,2,sqrt,,55
p3233,2814.4880000000003,BATCH_PIPELINE,op1,,1,const,,55
p3233,,,op2,op1,40,linear7,,20
p3233,,,op3,op2,2,sqrt,,55
p3233,,,op4,op3,1,const,,55
p3233,,,op5,op4,15,linear3,,37.5
p3234,2814.4880000000003,BATCH_PIPELINE,op1,,1,const,,55
p3234,,,op2,op1,5,linear3,,45
p3234,,,op3,op2,40,linear7,,20
p3234,,,op4,op3,20,linear7,,30
p3234,,,op5,op4,1,const,,55
p3234,,,op6,op5,1,const,,55
p3234,,,op7,op6,1,const,,55
p3234,,,op8,op7,80,squared,,10
p3234,,,op9,op8,2,sqrt,,55
p3235,2814.4880000000003,INTERACTIVE,op1,,1,const,,55
p3235,,,op2,op1,15,linear3,,37.5
p3235,,,op3,op2,5,linear3,,45
p3235,,,op4,op3,20,linear7,,30
p3235,,,op5,op4,20,linear7,,30
p3235,,,op6,op5,2,sqrt,,55
p3236,2814.4880000000003,INTERACTIVE,op1,,1,const,,55
p3236,,,op2,op1,5,linear3,,45
p3236,,,op3,op1,5,linear3,,45
p3236,,,op4,op1,1,const,,55
p3236,,,op5,op1,1,const,,55
p3237,2814.4880000000003,INTERACTIVE,op1,,1,const,,55
p3237,,,op2,,5,linear3,,45
p3237,,,op3,,15,linear3,,37.5
p3237,,,op4,,2,sqrt,,55
p3237,,,op5,,5,linear3,,45
p3237,,,op6,op1;op2;op3;op4;op5,1,const,,55
p3238,2814.4880000000003,BATCH_PIPELINE,op1,,1,const,,55
p3238,,,op2,op1,80,squared,,10
p3238,,,op3,op2,15,linear3,,37.5
p3238,,,op4,op3,5,linear3,,45
p3238,,,op5,op4,15,linear3,,37.5
p3238,,,op6,op5,80,squared,,10
p3238,,,op7,op6,15,linear3,,37.5
p3238,,,op8,op7,1,const,,55
p3239,2814.4880000000003,BATCH_PIPELINE,op1,,1,const,,55
p3239,,,op2,op1,80,squared,,10
p3239,,,op3,op2,40,linear7,,20
p3239,,,op4,op3,2,sqrt,,55
p3239,,,op5,op4,2,sqrt,,55
p3239,,,op6,op5,15,linear3,,37.5
p3240,2814.4880000000003,INTERACTIVE,op1,,1,const,,55
p3240,,,op2,op1,5,linear3,,45
p3240,,,op3,op2,1,const,,55
p3240,,,op4,op3,20,linear7,,30
p3240,,,op5,op4,40,linear7,,20
p3240,,,op6,op5,5,linear3,,45
p3240,,,op7,op6,5,linear3,,45
p3241,2824.904,BATCH_PIPELINE,op1,,1,const,,55
p3241,,,op2,op1,20,linear7,,30
p3241,,,op3,op2,5,linear3,,45
p3241,,,op4,op3,1,const,,55
p3241,,,op5,op4,80,squared,,10
p3241,,,op6,op5,80,squared,,10
p3241,,,op7,op6,5,linear3,,45
p3241,,,op8,op7,15,linear3,,37.5
p3241,,,op9,op8,5,linear3,,45
p3241,,,op10,op9,5,linear3,,45
p3241,,,op11,op10,1,const,,55
p3242,2824.904,INTERACTIVE,op1,,1,const,,55
p3242,,,op2,op1,15,linear3,,37.5
p3242,,,op3,op2,2,sqrt,,55
p3242,,,op4,op3,15,linear3,,37.5
p3242,,,op5,op4,1,const,,55
p3242,,,op6,op5,2,sqrt,,55
p3242,,,op7,op6,1,const,,55
p3242,,,op8,op7,40,linear7,,20
p3242,,,op9,op8,1,const,,55
p3242,,,op10,op9,1,const,,55
p3242,,,op11,op10,1,const,,55
p3243,2824.904,BATCH_PIPELINE,op1,,1,const,,55
p3243,,,op2,op1,5,linear3,,45
p3243,,,op3,op2,5,linear3,,45
p3243,,,op4,op3,15,linear3,,37.5
p3243,,,op5,op4,5,linear3,,45
p3243,,,op6,op5,80,squared,,10
p3243,,,op7,op6,2,sqrt,,55
p3244,2824.904,BATCH_PIPELINE,op1,,1,const,,55
p3244,,,op2,op1,15,linear3,,37.5
p3244,,,op3,op2,2,sqrt,,55
p3244,,,op4,op3,15,linear3,,37.5
p3244,,,op5,op4,15,linear3,,37.5
p3244,,,op6,op5,5,linear3,,45
p3244,,,op7,op6,1,const,,55
p3244,,,op8,op7,80,squared,,10
p3244,,,op9,op8,20,linear7,,30
p3245,2824.904,BATCH_PIPELINE,op1,,1,const,,55
p3245,,,op2,op1,20,linear7,,30
p3245,,,op3,op2,5,linear3,,45
p3245,,,op4,op3,15,linear3,,37.5
p3245,,,op5,op4,2,sqrt,,55
p3245,,,op6,op5,5,linear3,,45
p3245,,,op7,op6,20,linear7,,30
p3246,2824.904,BATCH_PIPELINE,op1,,1,const,,55
p3246,,,op2,op1,5,linear3,,45
p3246,,,op3,op2,15,linear3,,37.5
p3246,,,op4,op3,2,sqrt,,55
p3246,,,op5,op4,1,const,,55
p3246,,,op6,op5,1,const,,55
p3246,,,op7,op6,40,linear7,,20
p3246,,,op8,op7,1,const,,55
p3246,,,op9,op8,15,linear3,,37.5
p3247,2824.904,BATCH_PIPELINE,op1,,1,const,,55
p3247,,,op2,op1,20,linear7,,30
p3247,,,op3,op1,15,linear3,,37.5
p3247,,,op4,op1,2,sqrt,,55
p3247,,,op5,op1,15,linear3,,37.5
p3247,,,op6,op1,1,const,,55
p3247,,,op7,op1,15,linear3,,37.5
p3248,2824.904,BATCH_PIPELINE,op1,,1,const,,55
p3248,,,op2,op1,5,linear3,,45
p3248,,,op3,op2,5,linear3,,45
p3248,,,op4,op3,40,linear7,,20
p3248,,,op5,op4,2,sqrt,,55
p3248,,,op6,op5,15,linear3,,37.5
p3249,2824.904,BATCH_PIPELINE,op1,,1,const,,55
p3249,,,op2,op1,2,sqrt,,55
p3249,,,op3,op2,2,sqrt,,55
p3249,,,op4,op3,20,linear7,,30
p3249,,,op5,op4,20,linear7,,30
p3249,,,op6,op5,2,sqrt,,55
p3249,,,op7,op6,15,linear3,,37.5
p3249,,,op8,op7,80,squared,,10
p3249,,,op9,op8,15,linear3,,37.5
p3249,,,op10,op9,20,linear7,,30
p3250,2824.904,BATCH_PIPELINE,op1,,1,const,,55
p3250,,,op2,op1,40,linear7,,20
p3250,,,op3,op2,2,sqrt,,55
p3250,,,op4,op3,15,linear3,,37.5
p3250,,,op5,op4,5,linear3,,45
p3250,,,op6,op5,1,const,,55
p3250,,,op7,op6,1,const,,55
p3250,,,op8,op7,15,linear3,,37.5
p3250,,,op9,op8,15,linear3,,37.5
p3250,,,op10,op9,1,const,,55
p3250,,,op11,op10,80,squared,,10
p3250,,,op12,op11,1,const,,55
p3250,,,op13,op12,15,linear3,,37.5
p3251,2832.9700000000003,QUERY,op1,,15,linear3,,35
p3252,2832.9700000000003,BATCH_PIPELINE,op1,,1,const,,55
p3252,,,op2,op1,20,linear7,,30
p3252,,,op3,op2,1,const,,55
p3252,,,op4,op3,40,linear7,,20
p3252,,,op5,op4,1,const,,55
p3252,,,op6,op5,5,linear3,,45
p3252,,,op7,op6,5,linear3,,45
p3252,,,op8,op7,15,linear3,,37.5
p3252,,,op9,op8,5,linear3,,45
p3253,2832.9700000000003,BATCH_PIPELINE,op1,,1,const,,55
p3253,,,op2,op1,5,linear3,,45
p3253,,,op3,op1,1,const,,55
p3253,,,op4,op1,20,linear7,,30
p3253,,,op5,op1,2,sqrt,,55
p3253,,,op6,op1,15,linear3,,37.5
p3253,,,op7,op1,1,const,,55
p3253,,,op8,op1,40,linear7,,20
p3253,,,op9,op1,15,linear3,,37.5
p3253,,,op10,op1,15,linear3,,37.5
p3253,,,op11,op1,20,linear7,,30
p3254,2832.9700000000003,BATCH_PIPELINE,op1,,1,const,,55
p3254,,,op2,op1,1,const,,55
p3254,,,op3,op2,1,const,,55
p3254,,,op4,op3,2,sqrt,,55
p3254,,,op5,op4,1,const,,55
p3254,,,op6,op5,5,linear3,,45
p3255,2832.9700000000003,BATCH_PIPELINE,op1,,1,const,,55
p3255,,,op2,op1,5,linear3,,45
p3255,,,op3,op2,15,linear3,,37.5
p3255,,,op4,op3,5,linear3,,45
p3255,,,op5,op4,15,linear3,,37.5
p3255,,,op6,op5,15,linear3,,37.5
p3255,,,op7,op6,20,linear7,,30
p3255,,,op8,op7,20,linear7,,30
p3255,,,op9,op8,20,linear7,,30
p3256,2832.9700000000003,BATCH_PIPELINE,op1,,1,const,,55
p3256,,,op2,op1,5,linear3,,45
p3256,,,op3,op2,5,linear3,,45
p3256,,,op4,op3,1,const,,55
p3256,,,op5,op4,2,sqrt,,55
p3256,,,op6,op5,1,const,,55
p3256,,,op7,op6,15,linear3,,37.5
p3256,,,op8,op7,15,linear3,,37.5
p3257,2832.9700000000003,INTERACTIVE,op1,,1,const,,55
p3257,,,op2,op1,20,linear7,,30
p3257,,,op3,op2,15,linear3,,37.5
p3257,,,op4,op3,2,sqrt,,55
p3257,,,op5,op4,15,linear3,,37.5
p3257,,,op6,op5,5,linear3,,45
p3258,2832.9700000000003,QUERY,op1,,15,linear3,,35
p3259,2832.9700000000003,INTERACTIVE,op1,,1,const,,55
p3259,,,op2,op1,1,const,,55
p3259,,,op3,op2,5,linear3,,45
p3259,,,op4,op3,2,sqrt,,55
p3259,,,op5,op4,5,linear3,,45
p3259,,,op6,op5,1,const,,55
p3259,,,op7,op6,20,linear7,,30
p3260,2832.9700000000003,BATCH_PIPELINE,op1,,1,const,,55
p3260,,,op2,op1,20,linear7,,30
p3260,,,op3,op2,15,linear3,,37.5
p3260,,,op4,op3,15,linear3,,37.5
p3260,,,op5,op4,2,sqrt,,55
p3260,,,op6,op5,20,linear7,,30
p3260,,,op7,op6,20,linear7,,30
p3260,,,op8,op7,5,linear3,,45
p3260,,,op9,op8,20,linear7,,30
p3260,,,op10,op9,2,sqrt,,55
p3261,2840.552,BATCH_PIPELINE,op1,,1,const,,55
p3261,,,op2,op1,5,linear3,,45
p3261,,,op3,op2,15,linear3,,37.5
p3261,,,op4,op3,1,const,,55
p3261,,,op5,op4,2,sqrt,,55
p3261,,,op6,op5,1,const,,55
p3261,,,op7,op6,15,linear3,,37.5
p3261,,,op8,op7,40,linear7,,20
p3262,2840.552,BATCH_PIPELINE,op1,,1,const,,55
p3262,,,op2,op1,2,sqrt,,55
p3262,,,op3,op2,80,squared,,10
p3262,,,op4,op3,15,linear3,,37.5
p3262,,,op5,op4,15,linear3,,37.5
p3262,,,op6,op5,1,const,,55
p3263,2840.552,BATCH_PIPELINE,op1,,1,const,,55
p3263,,,op2,op1,15,linear3,,37.5
p3263,,,op3,op2,15,linear3,,37.5
p3263,,,op4,op3,20,linear7,,30
p3263,,,op5,op4,1,const,,55
p3263,,,op6,op5,1,const,,55
p3263,,,op7,op6,5,linear3,,45
p3264,2840.552,INTERACTIVE,op1,,1,const,,55
p3264,,,op2,op1,2,sqrt,,55
p3264,,,op3,op1,15,linear3,,37.5
p3264,,,op4,op1,20,linear7,,30
p3264,,,op5,op1,15,linear3,,37.5
p3264,,,op6,op1,20,linear7,,30
p3264,,,op7,op1,1,const,,55
p3265,2840.552,QUERY,op1,,15,linear3,,35
p3266,2840.552,INTERACTIVE,op1,,1,const,,55
p3266,,,op2,op1,5,linear3,,45
p3266,,,op3,op2,5,linear3,,45
p3266,,,op4,op3,2,sqrt,,55
p3266,,,op5,op4,80,squared,,10
p3266,,,op6,op5,15,linear3,,37.5
p3267,2840.552,BATCH_PIPELINE,op1,,1,const,,55
p3267,,,op2,op1,2,sqrt,,55
p3267,,,op3,op2,80,squared,,10
p3267,,,op4,op3,15,linear3,,37.5
p3267,,,op5,op4,20,linear7,,30
p3268,2840.552,BATCH_PIPELINE,op1,,1,const,,55
p3268,,,op2,op1,1,const,,55
p3268,,,op3,op1,40,linear7,,20
p3268,,,op4,op1,80,squared,,10
p3268,,,op5,op1,1,const,,55
p3268,,,op6,op1,1,const,,55
p3268,,,op7,op1,15,linear3,,37.5
p3268,,,op8,op1,15,linear3,,37.5
p3268,,,op9,op1,15,linear3,,37.5
p3268,,,op10,op1,5,linear3,,45
p3269,2840.552,BATCH_PIPELINE,op1,,1,const,,55
p3269,,,op2,op1,2,sqrt,,55
p3269,,,op3,op2,1,const,,55
p3269,,,op4,op3,20,linear7,,30
p3269,,,op5,op4,20,linear7,,30
p3269,,,op6,op5,2,sqrt,,55
p3269,,,op7,op6,5,linear3,,45
p3270,2840.552,BATCH_PIPELINE,op1,,1,const,,55
p3270,,,op2,op1,20,linear7,,30
p3270,,,op3,op2,40,linear7,,20
p3270,,,op4,op3,40,linear7,,20
p3270,,,op5,op4,5,linear3,,45
p3270,,,op6,op5,80,squared,,10
p3270,,,op7,op6,80,squared,,10
p3271,2848.072,BATCH_PIPELINE,op1,,1,const,,55
p3271,,,op2,op1,80,squared,,10
p3271,,,op3,op2,80,squared,,10
p3271,,,op4,op3,5,linear3,,45
p3272,2848.072,BATCH_PIPELINE,op1,,1,const,,55
p3272,,,op2,op1,2,sqrt,,55
p3272,,,op3,op2,80,squared,,10
p3272,,,op4,op3,5,linear3,,45
p3272,,,op5,op4,1,const,,55
p3272,,,op6,op5,5,linear3,,45
p3272,,,op7,op6,2,sqrt,,55
p3272,,,op8,op7,15,linear3,,37.5
p3272,,,op9,op8,1,const,,55
p3273,2848.072,INTERACTIVE,op1,,1,const,,55
p3273,,,op2,op1,20,linear7,,30
p3273,,,op3,op1,40,linear7,,20
p3273,,,op4,op1,2,sqrt,,55
p3273,,,op5,op1,15,linear3,,37.5
p3273,,,op6,op1,1,const,,55
p3273,,,op7,op1,5,linear3,,45
p3273,,,op8,op1,15,linear3,,37.5
p3273,,,op9,op1,15,linear3,,37.5
p3274,2848.072,BATCH_PIPELINE,op1,,1,const,,55
p3274,,,op2,op1,5,linear3,,45
p3274,,,op3,op1,20,linear7,,30
p3274,,,op4,op1,5,linear3,,45
p3274,,,op5,op1,15,linear3,,37.5
p3274,,,op6,op1,5,linear3,,45
p3274,,,op7,op1,40,linear7,,20
p3275,2848.072,INTERACTIVE,op1,,1,const,,55
p3275,,,op2,op1,2,sqrt,,55
p3275,,,op3,op2,40,linear7,,20
p3275,,,op4,op3,2,sqrt,,55
p3275,,,op5,op4,20,linear7,,30
p3275,,,op6,op5,20,linear7,,30
p3275,,,op7,op6,1,const,,55
p3276,2848.072,BATCH_PIPELINE,op1,,1,const,,55
p3276,,,op2,,15,linear3,,37.5
p3276,,,op3,,15,linear3,,37.5
p3276,,,op4,,5,linear3,,45
p3276,,,op5,,1,const,,55
p3276,,,op6,,20,linear7,,30
p3276,,,op7,,15,linear3,,37.5
p3276,,,op8,,40,linear7,,20
p3276,,,op9,,15,linear3,,37.5
p3276,,,op10,,15,linear3,,37.5
p3276,,,op11,op1;op2;op3;op4;op5;op6;op7;op8;op9;op10,15,linear3,,37.5
p3277,2848.072,BATCH_PIPELINE,op1,,1,const,,55
p3277,,,op2,op1,5,linear3,,45
p3277,,,op3,op2,40,linear7,,20
p3277,,,op4,op3,15,linear3,,37.5
p3277,,,op5,op4,5,linear3,,45
p3277,,,op6,op5,15,linear3,,37.5
p3277,,,op7,op6,20,linear7,,30
p3277,,,op8,op7,5,linear3,,45
p3277,,,op9,op8,20,linear7,,30
p3277,,,op10,op9,1,const,,55
p3277,,,op11,op10,15,linear3,,37.5
p3278,2848.072,BATCH_PIPELINE,op1,,1,const,,55
p3278,,,op2,,5,linear3,,45
p3278,,,op3,,1,const,,55
p3278,,,op4,,40,linear7,,20
p3278,,,op5,,5,linear3,,45
p3278,,,op6,,40,linear7,,20
p3278,,,op7,,1,const,,55
p3278,,,op8,,15,linear3,,37.5
p3278,,,op9,op1;op2;op3;op4;op5;op6;op7;op8,15,linear3,,37.5
p3279,2848.072,INTERACTIVE,op1,,1,const,,55
p3279,,,op2,op1,80,squared,,10
p3279,,,op3,op2,15,linear3,,37.5
p3279,,,op4,op3,5,linear3,,45
p3279,,,op5,op4,5,linear3,,45
p3279,,,op6,op5,15,linear3,,37.5
p3279,,,op7,op6,1,const,,55
p3279,,,op8,op7,15,linear3,,37.5
p3279,,,op9,op8,15,linear3,,37.5
p3279,,,op10,op9,5,linear3,,45
p3280,2848.072,INTERACTIVE,op1,,1,const,,55
p3280,,,op2,op1,80,squared,,10
p3280,,,op3,op2,5,linear3,,45
p3280,,,op4,op3,1,const,,55
p3280,,,op5,op4,5,linear3,,45
p3280,,,op6,op5,20,linear7,,30
p3280,,,op7,op6,15,linear3,,37.5
p3281,2855.016,BATCH_PIPELINE,op1,,1,const,,55
p3281,,,op2,op1,1,const,,55
p3281,,,op3,op2,5,linear3,,45
p3281,,,op4,op3,1,const,,55
p3281,,,op5,op4,20,linear7,,30
p3281,,,op6,op5,40,linear7,,20
p3281,,,op7,op6,1,const,,55
p3282,2855.016,BATCH_PIPELINE,op1,,1,const,,55
p3282,,,op2,op1,15,linear3,,37.5
p3282,,,op3,op2,15,linear3,,37.5
p3282,,,op4,op3,15,linear3,,37.5
p3282,,,op5,op4,80,squared,,10
p3282,,,op6,op5,15,linear3,,37.5
p3282,,,op7,op6,1,const,,55
p3283,2855.016,BATCH_PIPELINE,op1,,1,const,,55
p3283,,,op2,op1,15,linear3,,37.5
p3283,,,op3,op2,15,linear3,,37.5
p3283,,,op4,op3,15,linear3,,37.5
p3283,,,op5,op4,15,linear3,,37.5
p3283,,,op6,op5,5,linear3,,45
p3283,,,op7,op6,40,linear7,,20
p3283,,,op8,op7,2,sqrt,,55
p3283,,,op9,op8,2,sqrt,,55
p3283,,,op10,op9,1,const,,55
p3283,,,op11,op10,5,linear3,,45
p3284,2855.016,QUERY,op1,,15,linear3,,35
p3285,2855.016,INTERACTIVE,op1,,1,const,,55
p3285,,,op2,op1,2,sqrt,,55
p3285,,,op3,op1,80,squared,,10
p3285,,,op4,op1,40,linear7,,20
p3285,,,op5,op1,1,const,,55
p3286,2855.016,BATCH_PIPELINE,op1,,1,const,,55
p3286,,,op2,op1,5,linear3,,45
p3286,,,op3,op2,20,linear7,,30
p3286,,,op4,op3,5,linear3,,45
p3286,,,op5,op4,2,sqrt,,55
p3286,,,op6,op5,1,const,,55
p3287,2855.016,QUERY,op1,,15,linear3,,35
p3288,2855.016,BATCH_PIPELINE,op1,,1,const,,55
p3288,,,op2,op1,2,sqrt,,55
p3288,,,op3,op2,15,linear3,,37.5
p3288,,,op4,op3,5,linear3,,45
p3288,,,op5,op4,1,const,,55
p3289,2855.016,INTERACTIVE,op1,,1,const,,55
p3289,,,op2,op1,1,const,,55
p3289,,,op3,op2,40,linear7,,20
p3289,,,op4,op3,15,linear3,,37.5
p3289,,,op5,op4,40,linear7,,20
p3289,,,op6,op5,20,linear7,,30
p3290,2855.016,BATCH_PIPELINE,op1,,1,const,,55
p3290,,,op2,op1,20,linear7,,30
p3290,,,op3,op2,15,linear3,,37.5
p3290,,,op4,op3,5,linear3,,45
p3290,,,op5,op4,20,linear7,,30
p3290,,,op6,op5,15,linear3,,37.5
p3291,2865.454,INTERACTIVE,op1,,1,const,,55
p3291,,,op2,op1,40,linear7,,20
p3291,,,op3,op2,20,linear7,,30
p3291,,,op4,op3,20,linear7,,30
p3291,,,op5,op4,5,linear3,,45
p3291,,,op6,op5,20,linear7,,30
p3291,,,op7,op6,40,linear7,,20
p3291,,,op8,op7,20,linear7,,30
p3291,,,op9,op8,15,linear3,,37.5
p3292,2865.454,BATCH_PIPELINE,op1,,1,const,,55
p3292,,,op2,op1,1,const,,55
p3292,,,op3,op2,15,linear3,,37.5
p3292,,,op4,op3,5,linear3,,45
p3292,,,op5,op4,2,sqrt,,55
p3292,,,op6,op5,15,linear3,,37.5
p3293,2865.454,INTERACTIVE,op1,,1,const,,55
p3293,,,op2,,2,sqrt,,55
p3293,,,op3,,1,const,,55
p3293,,,op4,,15,linear3,,37.5
p3293,,,op5,,40,linear7,,20
p3293,,,op6,,20,linear7,,30
p3293,,,op7,,40,linear7,,20
p3293,,,op8,,2,sqrt,,55
p3293,,,op9,,20,linear7,,30
p3293,,,op10,,5,linear3,,45
p3293,,,op11,,15,linear3,,37.5
p3293,,,op12,op1;op2;op3;op4;op5;op6;op7;op8;op9;op10;op11,40,linear7,,20
p3294,2865.454,QUERY,op1,,15,linear3,,35
p3295,2865.454,BATCH_PIPELINE,op1,,1,const,,55
p3295,,,op2,op1,2,sqrt,,55
p3295,,,op3,op2,15,linear3,,37.5
p3295,,,op4,op3,2,sqrt,,55
p3295,,,op5,op4,1,const,,55
p3295,,,op6,op5,15,linear3,,37.5
p3295,,,op7,op6,2,sqrt,,55
p3296,2865.454,INTERACTIVE,op1,,1,const,,55
p3296,,,op2,op1,20,linear7,,30
p3296,,,op3,op2,15,linear3,,37.5
p3296,,,op4,op3,20,linear7,,30
p3296,,,op5,op4,1,const,,55
p3297,2865.454,QUERY,op1,,15,linear3,,35
p3298,2865.454,QUERY,op1,,15,linear3,,35
p3299,2865.454,BATCH_PIPELINE,op1,,1,const,,55
p3299,,,op2,op1,40,linear7,,20
p3299,,,op3,op2,5,linear3,,45
p3299,,,op4,op3,1,const,,55
p3299,,,op5,op4,80,squared,,10
p3299,,,op6,op5,1,const,,55
p3299,,,op7,op6,5,linear3,,45
p3300,2865.454,BATCH_PIPELINE,op1,,1,const,,55
p3300,,,op2,op1,2,sqrt,,55
p3300,,,op3,op2,20,linear7,,30
p3300,,,op4,op3,1,const,,55
p3300,,,op5,op4,40,linear7,,20
p3300,,,op6,op5,40,linear7,,20
p3301,2875.6,BATCH_PIPELINE,op1,,1,const,,55
p3301,,,op2,op1,1,const,,55
p3301,,,op3,op2,20,linear7,,30
p3301,,,op4,op3,2,sqrt,,55
p3301,,,op5,op4,20,linear7,,30
p3301,,,op6,op5,2,sqrt,,55
p3301,,,op7,op6,20,linear7,,30
p3301,,,op8,op7,1,const,,55
p3302,2875.6,QUERY,op1,,15,linear3,,35
p3303,2875.6,BATCH_PIPELINE,op1,,1,const,,55
p3303,,,op2,op1,20,linear7,,30
p3303,,,op3,op1,20,linear7,,30
p3303,,,op4,op1,5,linear3,,45
p3303,,,op5,op1,20,linear7,,30
p3303,,,op6,op1,2,sqrt,,55
p3303,,,op7,op1,5,linear3,,45
p3303,,,op8,op1,5,linear3,,45
p3303,,,op9,op1,2,sqrt,,55
p3303,,,op10,op1,5,linear3,,45
p3304,2875.6,QUERY,op1,,15,linear3,,35
p3305,2875.6,BATCH_PIPELINE,op1,,1,const,,55
p3305,,,op2,op1,1,const,,55
p3305,,,op3,op2,15,linear3,,37.5
p3305,,,op4,op3,5,linear3,,45
p3305,,,op5,op4,15,linear3,,37.5
p3305,,,op6,op5,2,sqrt,,55
p3305,,,op7,op6,40,linear7,,20
p3306,2875.6,BATCH_PIPELINE,op1,,1,const,,55
p3306,,,op2,,40,linear7,,20
p3306,,,op3,,2,sqrt,,55
p3306,,,op4,,2,sqrt,,55
p3306,,,op5,op1;op2;op3;op4,20,linear7,,30
p3307,2875.6,INTERACTIVE,op1,,1,const,,55
p3307,,,op2,op1,20,linear7,,30
p3307,,,op3,op2,2,sqrt,,55
p3307,,,op4,op3,5,linear3,,45
p3307,,,op5,op4,2,sqrt,,55
p3307,,,op6,op5,40,linear7,,20
p3308,2875.6,BATCH_PIPELINE,op1,,1,const,,55
p3308,,,op2,,20,linear7,,30
p3308,,,op3,,20,linear7,,30
p3308,,,op4,,40,linear7,,20
p3308,,,op5,op1;op2;op3;op4,1,const,,55
p3309,2875.6,QUERY,op1,,15,linear3,,35
p3310,2875.6,INTERACTIVE,op1,,1,const,,55
p3310,,,op2,op1,5,linear3,,45
p3310,,,op3,op1,20,linear7,,30
p3310,,,op4,op1,20,linear7,,30
p3310,,,op5,op1,2,sqrt,,55
p3310,,,op6,op1,2,sqrt,,55
p3310,,,op7,op1,5,linear3,,45
p3311,2882.958,INTERACTIVE,op1,,1,const,,55
p3311,,,op2,op1,5,linear3,,45
p3311,,,op3,op2,5,linear3,,45
p3311,,,op4,op3,5,linear3,,45
p3311,,,op5,op4,15,linear3,,37.5
p3311,,,op6,op5,5,linear3,,45
p3311,,,op7,op6,40,linear7,,20
p3311,,,op8,op7,20,linear7,,30
p3311,,,op9,op8,5,linear3,,45
p3311,,,op10,op9,2,sqrt,,55
p3311,,,op11,op10,40,linear7,,20
p3312,2882.958,INTERACTIVE,op1,,1,const,,55
p3312,,,op2,,2,sqrt,,55
p3312,,,op3,,20,linear7,,30
p3312,,,op4,,1,const,,55
p3312,,,op5,op1;op2;op3;op4,5,linear3,,45
p3313,2882.958,QUERY,op1,,15,linear3,,35
p3314,2882.958,BATCH_PIPELINE,op1,,1,const,,55
p3314,,,op2,op1,15,linear3,,37.5
p3314,,,op3,op2,15,linear3,,37.5
p3314,,,op4,op3,15,linear3,,37.5
p3314,,,op5,op4,80,squared,,10
p3314,,,op6,op5,40,linear7,,20
p3314,,,op7,op6,20,linear7,,30
p3314,,,op8,op7,20,linear7,,30
p3314,,,op9,op8,2,sqrt,,55
p3315,2882.958,BATCH_PIPELINE,op1,,1,const,,55
p3315,,,op2,op1,2,sqrt,,55
p3315,,,op3,op2,5,linear3,,45
p3315,,,op4,op3,1,const,,55
p3316,2882.958,INTERACTIVE,op1,,1,const,,55
p3316,,,op2,op1,80,squared,,10
p3316,,,op3,op2,1,const,,55
p3316,,,op4,op3,40,linear7,,20
p3316,,,op5,op4,1,const,,55
p3316,,,op6,op5,5,linear3,,45
p3316,,,op7,op6,1,const,,55
p3317,2882.958,BATCH_PIPELINE,op1,,1,const,,55
p3317,,,op2,op1,1,const,,55
p3317,,,op3,op1,15,linear3,,37.5
p3317,,,op4,op1,5,linear3,,45
p3317,,,op5,op1,15,linear3,,37.5
p3317,,,op6,op1,2,sqrt,,55
p3317,,,op7,op1,2,sqrt,,55
p3317,,,op8,op1,2,sqrt,,55
p3317,,,op9,op1,20,linear7,,30
p3317,,,op10,op1,5,linear3,,45
p3317,,,op11,op1,1,const,,55
p3318,2882.958,BATCH_PIPELINE,op1,,1,const,,55
p3318,,,op2,,5,linear3,,45
p3318,,,op3,,5,linear3,,45
p3318,,,op4,,15,linear3,,37.5
p3318,,,op5,,1,const,,55
p3318,,,op6,,20,linear7,,30
p3318,,,op7,,15,linear3,,37.5
p3318,,,op8,op1;op2;op3;op4;op5;op6;op7,1,const,,55
p3319,2882.958,INTERACTIVE,op1,,1,const,,55
p3319,,,op2,op1,20,linear7,,30
p3319,,,op3,op2,5,linear3,,45
p3319,,,op4,op3,15,linear3,,37.5
p3319,,,op5,op4,2,sqrt,,55
p3319,,,op6,op5,5,linear3,,45
p3319,,,op7,op6,40,linear7,,20
p3320,2882.958,INTERACTIVE,op1,,1,const,,55
p3320,,,op2,op1,5,linear3,,45
p3320,,,op3,op2,2,sqrt,,55
p3320,,,op4,op3,5,linear3,,45
p3320,,,op5,op4,40,linear7,,20
p3320,,,op6,op5,1,const,,55
p3321,2891.846,BATCH_PIPELINE,op1,,1,const,,55
p3321,,,op2,op1,1,const,,55
p3321,,,op3,op2,5,linear3,,45
p3321,,,op4,op3,15,linear3,,37.5
p3321,,,op5,op4,15,linear3,,37.5
p3321,,,op6,op5,15,linear3,,37.5
p3321,,,op7,op6,2,sqrt,,55
p3322,2891.846,BATCH_PIPELINE,op1,,1,const,,55
p3322,,,op2,op1,1,const,,55
p3322,,,op3,op1,5,linear3,,45
p3322,,,op4,op1,15,linear3,,37.5
p3322,,,op5,op1,40,linear7,,20
p3322,,,op6,op1,15,linear3,,37.5
p3323,2891.846,BATCH_PIPELINE,op1,,1,const,,55
p3323,,,op2,op1,5,linear3,,45
p3323,,,op3,op2,1,const,,55
p3323,,,op4,op3,1,const,,55
p3323,,,op5,op4,20,linear7,,30
p3323,,,op6,op5,15,linear3,,37.5
p3323,,,op7,op6,5,linear3,,45
p3323,,,op8,op7,2,sqrt,,55
p3324,2891.846,BATCH_PIPELINE,op1,,1,const,,55
p3324,,,op2,,1,const,,55
p3324,,,op3,,1,const,,55
p3324,,,op4,,2,sqrt,,55
p3324,,,op5,,1,const,,55
p3324,,,op6,,1,const,,55
p3324,,,op7,,80,squared,,10
p3324,,,op8,op1;op2;op3;op4;op5;op6;op7,1,const,,55
p3325,2891.846,INTERACTIVE,op1,,1,const,,55
p3325,,,op2,op1,15,linear3,,37.5
p3325,,,op3,op2,40,linear7,,20
p3325,,,op4,op3,80,squared,,10
p3325,,,op5,op4,5,linear3,,45
p3325,,,op6,op5,15,linear3,,37.5
p3325,,,op7,op6,40,linear7,,20
p3325,,,op8,op7,2,sqrt,,55
p3325,,,op9,op8,5,linear3,,45
p3326,2891.846,BATCH_PIPELINE,op1,,1,const,,55
p3326,,,op2,op1,40,linear7,,20
p3326,,,op3,op2,20,linear7,,30
p3326,,,op4,op3,20,linear7,,30
p3326,,,op5,op4,1,const,,55
p3326,,,op6,op5,1,const,,55
p3326,,,op7,op6,40,linear7,,20
p3326,,,op8,op7,5,linear3,,45
p3327,2891.846,INTERACTIVE,op1,,1,const,,55
p3327,,,op2,op1,20,linear7,,30
p3327,,,op3,op2,5,linear3,,45
p3327,,,op4,op3,40,linear7,,20
p3327,,,op5,op4,2,sqrt,,55
p3327,,,op6,op5,20,linear7,,30
p3327,,,op7,op6,15,linear3,,37.5
p3327,,,op8,op7,5,linear3,,45
p3328,2891.846,INTERACTIVE,op1,,1,const,,55
p3328,,,op2,op1,5,linear3,,45
p3328,,,op3,op2,20,linear7,,30
p3328,,,op4,op3,2,sqrt,,55
p3328,,,op5,op4,80,squared,,10
p3328,,,op6,op5,2,sqrt,,55
p3328,,,op7,op6,20,linear7,,30
p3329,2891.846,BATCH_PIPELINE,op1,,1,const,,55
p3329,,,op2,op1,2,sqrt,,55
p3329,,,op3,op2,2,sqrt,,55
p3329,,,op4,op3,15,linear3,,37.5
p3329,,,op5,op4,5,linear3,,45
p3329,,,op6,op5,40,linear7,,20
p3329,,,op7,op6,5,linear3,,45
p3329,,,op8,op7,5,linear3,,45
p3330,2891.846,BATCH_PIPELINE,op1,,1,const,,55
p3330,,,op2,op1,20,linear7,,30
p3330,,,op3,op1,40,linear7,,20
p3330,,,op4,op1,20,linear7,,30
p3330,,,op5,op1,20,linear7,,30
p3330,,,op6,op1,20,linear7,,30
p3330,,,op7,op1,20,linear7,,30
p3330,,,op8,op1,1,const,,55
p3330,,,op9,op1,1,const,,55
p3331,2898.004,INTERACTIVE,op1,,1,const,,55
p3331,,,op2,,15,linear3,,37.5
p3331,,,op3,,1,const,,55
p3331,,,op4,,15,linear3,,37.5
p3331,,,op5,,1,const,,55
p3331,,,op6,op1;op2;op3;op4;op5,1,const,,55
p3332,2898.004,BATCH_PIPELINE,op1,,1,const,,55
p3332,,,op2,op1,15,linear3,,37.5
p3332,,,op3,op2,40,linear7,,20
p3332,,,op4,op3,15,linear3,,37.5
p3332,,,op5,op4,5,linear3,,45
p3333,2898.004,BATCH_PIPELINE,op1,,1,const,,55
p3333,,,op2,op1,80,squared,,10
p3333,,,op3,op2,20,linear7,,30
p3333,,,op4,op3,5,linear3,,45
p3333,,,op5,op4,15,linear3,,37.5
p3333,,,op6,op5,15,linear3,,37.5
p3333,,,op7,op6,40,linear7,,20
p3333,,,op8,op7,40,linear7,,20
p3333,,,op9,op8,5,linear3,,45
p3334,2898.004,QUERY,op1,,15,linear3,,35
p3335,2898.004,BATCH_PIPELINE,op1,,1,const,,55
p3335,,,op2,op1,80,squared,,10
p3335,,,op3,op1,80,squared,,10
p3335,,,op4,op1,20,linear7,,30
p3335,,,op5,op1,40,linear7,,20
p3336,2898.004,INTERACTIVE,op1,,1,const,,55
p3336,,,op2,,1,const,,55
p3336,,,op3,,1,const,,55
p3336,,,op4,op1;op2;op3,2,sqrt,,55
p3337,2898.004,QUERY,op1,,15,linear3,,35
p3338,2898.004,BATCH_PIPELINE,op1,,1,const,,55
p3338,,,op2,op1,2,sqrt,,55
p3338,,,op3,op2,15,linear3,,37.5
p3338,,,op4,op3,1,const,,55
p3338,,,op5,op4,40,linear7,,20
p3338,,,op6,op5,15,linear3,,37.5
p3339,2898.004,INTERACTIVE,op1,,1,const,,55
p3339,,,op2,op1,20,linear7,,30
p3339,,,op3,op2,1,const,,55
p3339,,,op4,op3,40,linear7,,20
p3339,,,op5,op4,1,const,,55
p3340,2898.004,INTERACTIVE,op1,,1,const,,55
p3340,,,op2,,1,const,,55
p3340,,,op3,,5,linear3,,45
p3340,,,op4,,40,linear7,,20
p3340,,,op5,,2,sqrt,,55
p3340,,,op6,,5,linear3,,45
p3340,,,op7,,5,linear3,,45
p3340,,,op8,,20,linear7,,30
p3340,,,op9,,1,const,,55
p3340,,,op10,,20,linear7,,30
p3340,,,op11,op1;op2;op3;op4;op5;op6;op7;op8;op9;op10,2,sqrt,,55
p3341,2906.9790000000003,BATCH_PIPELINE,op1,,1,const,,55
p3341,,,op2,op1,40,linear7,,20
p3341,,,op3,op2,20,linear7,,30
p3341,,,op4,op3,2,sqrt,,55
p3341,,,op5,op4,40,linear7,,20
p3341,,,op6,op5,15,linear3,,37.5
p3341,,,op7,op6,15,linear3,,37.5
p3341,,,op8,op7,20,linear7,,30
p3341,,,op9,op8,1,const,,55
p3342,2906.9790000000003,INTERACTIVE,op1,,1,const,,55
p3342,,,op2,op1,2,sqrt,,55
p3342,,,op3,op2,80,squared,,10
p3342,,,op4,op3,2,sqrt,,55
p3342,,,op5,op4,15,linear3,,37.5
p3343,2906.9790000000003,BATCH_PIPELINE,op1,,1,const,,55
p3343,,,op2,op1,1,const,,55
p3343,,,op3,op2,40,linear7,,20
p3343,,,op4,op3,15,linear3,,37.5
p3343,,,op5,op4,20,linear7,,30
p3343,,,op6,op5,20,linear7,,30
p3343,,,op7,op6,40,linear7,,20
p3343,,,op8,op7,5,linear3,,45
p3343,,,op9,op8,2,sqrt,,55
p3343,,,op10,op9,1,const,,55
p3344,2906.9790000000003,INTERACTIVE,op1,,1,const,,55
p3344,,,op2,op1,1,const,,55
p3344,,,op3,op2,15,linear3,,37.5
p3344,,,op4,op3,40,linear7,,20
p3344,,,op5,op4,5,linear3,,45
p3344,,,op6,op5,1,const,,55
p3344,,,op7,op6,40,linear7,,20
p3344,,,op8,op7,2,sqrt,,55
p3345,2906.9790000000003,QUERY,op1,,15,linear3,,35
p3346,2906.9790000000003,BATCH_PIPELINE,op1,,1,const,,55
p3346,,,op2,op1,1,const,,55
p3346,,,op3,op1,1,const,,55
p3346,,,op4,op1,5,linear3,,45
p3346,,,op5,op1,5,linear3,,45
p3346,,,op6,op1,80,squared,,10
p3346,,,op7,op1,2,sqrt,,55
p3346,,,op8,op1,1,const,,55
p3347,2906.9790000000003,BATCH_PIPELINE,op1,,1,const,,55
p3347,,,op2,op1,2,sqrt,,55
p3347,,,op3,op2,15,linear3,,37.5
p3347,,,op4,op3,80,squared,,10
p3347,,,op5,op4,15,linear3,,37.5
p3347,,,op6,op5,15,linear3,,37.5
p3347,,,op7,op6,80,squared,,10
p3347,,,op8,op7,2,sqrt,,55
p3348,2906.9790000000003,BATCH_PIPELINE,op1,,1,const,,55
p3348,,,op2,op1,1,const,,55
p3348,,,op3,op2,15,linear3,,37.5
p3348,,,op4,op3,15,linear3,,37.5
p3348,,,op5,op4,5,linear3,,45
p3348,,,op6,op5,15,linear3,,37.5
p3348,,,op7,op6,15,linear3,,37.5
p3349,2906.9790000000003,BATCH_PIPELINE,op1,,1,const,,55
p3349,,,op2,op1,1,const,,55
p3349,,,op3,op2,40,linear7,,20
p3349,,,op4,op3,1,const,,55
p3349,,,op5,op4,1,const,,55
p3349,,,op6,op5,15,linear3,,37.5
p3349,,,op7,op6,20,linear7,,30
p3349,,,op8,op7,20,linear7,,30
p3350,2906.9790000000003,BATCH_PIPELINE,op1,,1,const,,55
p3350,,,op2,op1,5,linear3,,45
p3350,,,op3,op2,15,linear3,,37.5
p3350,,,op4,op3,15,linear3,,37.5
p3350,,,op5,op4,2,sqrt,,55
p3350,,,op6,op5,5,linear3,,45
p3351,2911.812,BATCH_PIPELINE,op1,,1,const,,55
p3351,,,op2,op1,20,linear7,,30
p3351,,,op3,op2,5,linear3,,45
p3351,,,op4,op3,2,sqrt,,55
p3351,,,op5,op4,1,const,,55
p3351,,,op6,op5,2,sqrt,,55
p3351,,,op7,op6,2,sqrt,,55
p3351,,,op8,op7,2,sqrt,,55
p3352,2911.812,INTERACTIVE,op1,,1,const,,55
p3352,,,op2,op1,15,linear3,,37.5
p3352,,,op3,op1,20,linear7,,30
p3352,,,op4,op1,2,sqrt,,55
p3352,,,op5,op1,5,linear3,,45
p3352,,,op6,op1,5,linear3,,45
p3352,,,op7,op1,20,linear7,,30
p3352,,,op8,op1,5,linear3,,45
p3353,2911.812,BATCH_PIPELINE,op1,,1,const,,55
p3353,,,op2,op1,5,linear3,,45
p3353,,,op3,op2,2,sqrt,,55
p3353,,,op4,op3,40,linear7,,20
p3353,,,op5,op4,5,linear3,,45
p3353,,,op6,op5,15,linear3,,37.5
p3353,,,op7,op6,5,linear3,,45
p3353,,,op8,op7,40,linear7,,20
p3354,2911.812,BATCH_PIPELINE,op1,,1,const,,55
p3354,,,op2,op1,15,linear3,,37.5
p3354,,,op3,op2,5,linear3,,45
p3354,,,op4,op3,1,const,,55
p3354,,,op5,op4,15,linear3,,37.5
p3354,,,op6,op5,15,linear3,,37.5
p3354,,,op7,op6,5,linear3,,45
p3354,,,op8,op7,5,linear3,,45
p3355,2911.812,INTERACTIVE,op1,,1,const,,55
p3355,,,op2,op1,40,linear7,,20
p3355,,,op3,op2,5,linear3,,45
p3355,,,op4,op3,40,linear7,,20
p3355,,,op5,op4,5,linear3,,45
p3355,,,op6,op5,2,sqrt,,55
p3355,,,op7,op6,1,const,,55
p3355,,,op8,op7,5,linear3,,45
p3355,,,op9,op8,2,sqrt,,55
p3355,,,op10,op9,40,linear7,,20
p3356,2911.812,BATCH_PIPELINE,op1,,1,const,,55
p3356,,,op2,op1,40,linear7,,20
p3356,,,op3,op2,20,linear7,,30
p3356,,,op4,op3,40,linear7,,20
p3356,,,op5,op4,5,linear3,,45
p3356,,,op6,op5,5,linear3,,45
p3357,2911.812,BATCH_PIPELINE,op1,,1,const,,55
p3357,,,op2,op1,40,linear7,,20
p3357,,,op3,op2,20,linear7,,30
p3357,,,op4,op3,1,const,,55
p3357,,,op5,op4,5,linear3,,45
p3357,,,op6,op5,40,linear7,,20
p3357,,,op7,op6,20,linear7,,30
p3357,,,op8,op7,5,linear3,,45
p3357,,,op9,op8,80,squared,,10
p3357,,,op10,op9,15,linear3,,37.5
p3357,,,op11,op10,20,linear7,,30
p3358,2911.812,QUERY,op1,,15,linear3,,35
p3359,2911.812,INTERACTIVE,op1,,1,const,,55
p3359,,,op2,op1,40,linear7,,20
p3359,,,op3,op2,5,linear3,,45
p3359,,,op4,op3,15,linear3,,37.5
p3359,,,op5,op4,40,linear7,,20
p3359,,,op6,op5,5,linear3,,45
p3359,,,op7,op6,1,const,,55
p3359,,,op8,op7,2,sqrt,,55
p3359,,,op9,op8,2,sqrt,,55
p3360,2911.812,QUERY,op1,,15,linear3,,35
p3361,2919.1330000000003,BATCH_PIPELINE,op1,,1,const,,55
p3361,,,op2,,1,const,,55
p3361,,,op3,,5,linear3,,45
p3361,,,op4,,15,linear3,,37.5
p3361,,,op5,,20,linear7,,30
p3361,,,op6,,40,linear7,,20
p3361,,,op7,op1;op2;op3;op4;op5;op6,2,sqrt,,55
p3362,2919.1330000000003,BATCH_PIPELINE,op1,,1,const,,55
p3362,,,op2,,1,const,,55
p3362,,,op3,,15,linear3,,37.5
p3362,,,op4,op1;op2;op3,40,linear7,,20
p3363,2919.1330000000003,BATCH_PIPELINE,op1,,1,const,,55
p3363,,,op2,op1,20,linear7,,30
p3363,,,op3,op2,20,linear7,,30
p3363,,,op4,op3,15,linear3,,37.5
p3364,2919.1330000000003,INTERACTIVE,op1,,1,const,,55
p3364,,,op2,op1,15,linear3,,37.5
p3364,,,op3,op2,15,linear3,,37.5
p3364,,,op4,op3,20,linear7,,30
p3364,,,op5,op4,40,linear7,,20
p3364,,,op6,op5,15,linear3,,37.5
p3364,,,op7,op6,5,linear3,,45
p3364,,,op8,op7,15,linear3,,37.5
p3364,,,op9,op8,5,linear3,,45
p3364,,,op10,op9,15,linear3,,37.5
p3365,2919.1330000000003,INTERACTIVE,op1,,1,const,,55
p3365,,,op2,op1,5,linear3,,45
p3365,,,op3,op2,40,linear7,,20
p3365,,,op4,op3,20,linear7,,30
p3365,,,op5,op4,5,linear3,,45
p3365,,,op6,op5,15,linear3,,37.5
p3365,,,op7,op6,40,linear7,,20
p3365,,,op8,op7,20,linear7,,30
p3365,,,op9,op8,40,linear7,,20
p3366,2919.1330000000003,BATCH_PIPELINE,op1,,1,const,,55
p3366,,,op2,op1,2,sqrt,,55
p3366,,,op3,op1,1,const,,55
p3366,,,op4,op1,15,linear3,,37.5
p3366,,,op5,op1,15,linear3,,37.5
p3366,,,op6,op1,15,linear3,,37.5
p3367,2919.1330000000003,BATCH_PIPELINE,op1,,1,const,,55
p3367,,,op2,op1,5,linear3,,45
p3367,,,op3,op2,15,linear3,,37.5
p3367,,,op4,op3,1,const,,55
p3367,,,op5,op4,2,sqrt,,55
p3368,2919.1330000000003,INTERACTIVE,op1,,1,const,,55
p3368,,,op2,op1,40,linear7,,20
p3368,,,op3,op2,5,linear3,,45
p3368,,,op4,op3,15,linear3,,37.5
p3368,,,op5,op4,15,linear3,,37.5
p3368,,,op6,op5,5,linear3,,45
p3368,,,op7,op6,2,sqrt,,55
p3368,,,op8,op7,1,const,,55
p3368,,,op9,op8,2,sqrt,,55
p3368,,,op10,op9,20,linear7,,30
p3369,2919.1330000000003,BATCH_PIPELINE,op1,,1,const,,55
p3369,,,op2,,20,linear7,,30
p3369,,,op3,,15,linear3,,37.5
p3369,,,op4,,1,const,,55
p3369,,,op5,,1,const,,55
p3369,,,op6,op1;op2;op3;op4;op5,2,sqrt,,55
p3370,2919.1330000000003,BATCH_PIPELINE,op1,,1,const,,55
p3370,,,op2,op1,2,sqrt,,55
p3370,,,op3,op2,15,linear3,,37.5
p3370,,,op4,op3,80,squared,,10
p3370,,,op5,op4,15,linear3,,37.5
p3371,2927.8740000000003,BATCH_PIPELINE,op1,,1,const,,55
p3371,,,op2,op1,1,const,,55
p3371,,,op3,op1,5,linear3,,45
p3371,,,op4,op1,2,sqrt,,55
p3371,,,op5,op1,5,linear3,,45
p3371,,,op6,op1,80,squared,,10
p3371,,,op7,op1,20,linear7,,30
p3371,,,op8,op1,5,linear3,,45
p3371,,,op9,op1,40,linear7,,20
p3372,2927.8740000000003,INTERACTIVE,op1,,1,const,,55
p3372,,,op2,op1,5,linear3,,45
p3372,,,op3,op2,1,const,,55
p3372,,,op4,op3,1,const,,55
p3373,2927.8740000000003,BATCH_PIPELINE,op1,,1,const,,55
p3373,,,op2,,15,linear3,,37.5
p3373,,,op3,,20,linear7,,30
p3373,,,op4,op1;op2;op3,5,linear3,,45
p3374,2927.8740000000003,BATCH_PIPELINE,op1,,1,const,,55
p3374,,,op2,op1,1,const,,55
p3374,,,op3,op2,15,linear3,,37.5
p3374,,,op4,op3,1,const,,55
p3374,,,op5,op4,20,linear7,,30
p3374,,,op6,op5,15,linear3,,37.5
p3374,,,op7,op6,15,linear3,,37.5
p3374,,,op8,op7,1,const,,55
p3375,2927.8740000000003,QUERY,op1,,15,linear3,,35
p3376,2927.8740000000003,BATCH_PIPELINE,op1,,1,const,,55
p3376,,,op2,op1,80,squared,,10
p3376,,,op3,op2,5,linear3,,45
p3376,,,op4,op3,1,const,,55
p3376,,,op5,op4,5,linear3,,45
p3376,,,op6,op5,2,sqrt,,55
p3376,,,op7,op6,1,const,,55
p3376,,,op8,op7,40,linear7,,20
p3376,,,op9,op8,20,linear7,,30
p3377,2927.8740000000003,QUERY,op1,,15,linear3,,35
p3378,2927.8740000000003,BATCH_PIPELINE,op1,,1,const,,55
p3378,,,op2,op1,20,linear7,,30
p3378,,,op3,op1,1,const,,55
p3378,,,op4,op1,5,linear3,,45
p3378,,,op5,op1,5,linear3,,45
p3378,,,op6,op1,5,linear3,,45
p3378,,,op7,op1,1,const,,55
p3378,,,op8,op1,2,sqrt,,55
p3379,2927.8740000000003,QUERY,op1,,15,linear3,,35
p3380,2927.8740000000003,BATCH_PIPELINE,op1,,1,const,,55
p3380,,,op2,op1,1,const,,55
p3380,,,op3,op2,15,linear3,,37.5
p3380,,,op4,op3,80,squared,,10
p3380,,,op5,op4,5,linear3,,45
p3380,,,op6,op5,5,linear3,,45
p3380,,,op7,op6,20,linear7,,30
p3380,,,op8,op7,5,linear3,,45
p3380,,,op9,op8,40,linear7,,20
p3380,,,op10,op9,2,sqrt,,55
p3381,2935.8070000000002,BATCH_PIPELINE,op1,,1,const,,55
p3381,,,op2,op1,1,const,,55
p3381,,,op3,op2,5,linear3,,45
p3381,,,op4,op3,20,linear7,,30
p3381,,,op5,op4,2,sqrt,,55
p3381,,,op6,op5,20,linear7,,30
p3381,,,op7,op6,15,linear3,,37.5
p3381,,,op8,op7,5,linear3,,45
p3382,2935.8070000000002,INTERACTIVE,op1,,1,const,,55
p3382,,,op2,op1,5,linear3,,45
p3382,,,op3,op2,15,linear3,,37.5
p3382,,,op4,op3,20,linear7,,30
p3382,,,op5,op4,1,const,,55
p3382,,,op6,op5,20,linear7,,30
p3382,,,op7,op6,15,linear3,,37.5
p3383,2935.8070000000002,BATCH_PIPELINE,op1,,1,const,,55
p3383,,,op2,op1,1,const,,55
p3383,,,op3,op2,15,linear3,,37.5
p3383,,,op4,op3,15,linear3,,37.5
p3383,,,op5,op4,20,linear7,,30
p3383,,,op6,op5,2,sqrt,,55
p3383,,,op7,op6,2,sqrt,,55
p3383,,,op8,op7,1,const,,55
p3383,,,op9,op8,1,const,,55
p3383,,,op10,op9,5,linear3,,45
p3383,,,op11,op10,5,linear3,,45
p3383,,,op12,op11,80,squared,,10
p3384,2935.8070000000002,INTERACTIVE,op1,,1,const,,55
p3384,,,op2,op1,15,linear3,,37.5
p3384,,,op3,op2,2,sqrt,,55
p3384,,,op4,op3,40,linear7,,20
p3384,,,op5,op4,40,linear7,,20
p3384,,,op6,op5,5,linear3,,45
p3384,,,op7,op6,40,linear7,,20
p3384,,,op8,op7,20,linear7,,30
p3385,2935.8070000000002,BATCH_PIPELINE,op1,,1,const,,55
p3385,,,op2,op1,2,sqrt,,55
p3385,,,op3,op1,2,sqrt,,55
p3385,,,op4,op1,80,squared,,10
p3385,,,op5,op1,1,const,,55
p3385,,,op6,op1,5,linear3,,45
p3385,,,op7,op1,1,const,,55
p3386,2935.8070000000002,BATCH_PIPELINE,op1,,1,const,,55
p3386,,,op2,op1,15,linear3,,37.5
p3386,,,op3,op2,20,linear7,,30
p3386,,,op4,op3,1,const,,55
p3386,,,op5,op4,2,sqrt,,55
p3386,,,op6,op5,40,linear7,,20
p3387,2935.8070000000002,BATCH_PIPELINE,op1,,1,const,,55
p3387,,,op2,,40,linear7,,20
p3387,,,op3,,80,squared,,10
p3387,,,op4,,1,const,,55
p3387,,,op5,,40,linear7,,20
p3387,,,op6,,15,linear3,,37.5
p3387,,,op7,,5,linear3,,45
p3387,,,op8,,15,linear3,,37.5
p3387,,,op9,,15,linear3,,37.5
p3387,,,op10,op1;op2;op3;op4;op5;op6;op7;op8;op9,40,linear7,,20
p3388,2935.8070000000002,INTERACTIVE,op1,,1,const,,55
p3388,,,op2,op1,15,linear3,,37.5
p3388,,,op3,op2,80,squared,,10
p3388,,,op4,op3,1,const,,55
p3389,2935.8070000000002,BATCH_PIPELINE,op1,,1,const,,55
p3389,,,op2,,20,linear7,,30
p3389,,,op3,,2,sqrt,,55
p3389,,,op4,op1;op2;op3,1,const,,55
p3390,2935.8070000000002,QUERY,op1,,15,linear3,,35
p3391,2949.388,INTERACTIVE,op1,,1,const,,55
p3391,,,op2,,5,linear3,,45
p3391,,,op3,,80,squared,,10
p3391,,,op4,,2,sqrt,,55
p3391,,,op5,,40,linear7,,20
p3391,,,op6,,40,linear7,,20
p3391,,,op7,,5,linear3,,45
p3391,,,op8,,1,const,,55
p3391,,,op9,op1;op2;op3;op4;op5;op6;op7;op8,1,const,,55
p3392,2949.388,BATCH_PIPELINE,op1,,1,const,,55
p3392,,,op2,,15,linear3,,37.5
p3392,,,op3,,5,linear3,,45
p3392,,,op4,,40,linear7,,20
p3392,,,op5,,15,linear3,,37.5
p3392,,,op6,,2,sqrt,,55
p3392,,,op7,,15,linear3,,37.5
p3392,,,op8,,80,squared,,10
p3392,,,op9,op1;op2;op3;op4;op5;op6;op7;op8,20,linear7,,30
p3393,2949.388,BATCH_PIPELINE,op1,,1,const,,55
p3393,,,op2,,5,linear3,,45
p3393,,,op3,,2,sqrt,,55
p3393,,,op4,,5,linear3,,45
p3393,,,op5,,80,squared,,10
p3393,,,op6,,20,linear7,,30
p3393,,,op7,op1;op2;op3;op4;op5;op6,5,linear3,,45
p3394,2949.388,INTERACTIVE,op1,,1,const,,55
p3394,,,op2,op1,15,linear3,,37.5
p3394,,,op3,op2,1,const,,55
p3394,,,op4,op3,1,const,,55
p3394,,,op5,op4,15,linear3,,37.5
p3394,,,op6,op5,2,sqrt,,55
p3394,,,op7,op6,1,const,,55
p3394,,,op8,op7,2,sqrt,,55
p3395,2949.388,INTERACTIVE,op1,,1,const,,55
p3395,,,op2,op1,15,linear3,,37.5
p3395,,,op3,op2,2,sqrt,,55
p3395,,,op4,op3,20,linear7,,30
p3395,,,op5,op4,20,linear7,,30
p3395,,,op6,op5,5,linear3,,45
p3395,,,op7,op6,15,linear3,,37.5
p3395,,,op8,op7,20,linear7,,30
p3396,2949.388,BATCH_PIPELINE,op1,,1,const,,55
p3396,,,op2,op1,15,linear3,,37.5
p3396,,,op3,op2,80,squared,,10
p3396,,,op4,op3,1,const,,55
p3396,,,op5,op4,5,linear3,,45
p3396,,,op6,op5,2,sqrt,,55
p3396,,,op7,op6,15,linear3,,37.5
p3396,,,op8,op7,40,linear7,,20
p3396,,,op9,op8,2,sqrt,,55
p3396,,,op10,op9,80,squared,,10
p3397,2949.388,BATCH_PIPELINE,op1,,1,const,,55
p3397,,,op2,op1,15,linear3,,37.5
p3397,,,op3,op1,2,sqrt,,55
p3397,,,op4,op1,40,linear7,,20
p3397,,,op5,op1,2,sqrt,,55
p3397,,,op6,op1,1,const,,55
p3397,,,op7,op1,1,const,,55
p3397,,,op8,op1,40,linear7,,20
p3398,2949.388,BATCH_PIPELINE,op1,,1,const,,55
p3398,,,op2,op1,1,const,,55
p3398,,,op3,op2,5,linear3,,45
p3399,2949.388,INTERACTIVE,op1,,1,const,,55
p3399,,,op2,op1,20,linear7,,30
p3399,,,op3,op2,5,linear3,,45
p3399,,,op4,op3,5,linear3,,45
p3399,,,op5,op4,1,const,,55
p3399,,,op6,op5,1,const,,55
p3399,,,op7,op6,20,linear7,,30
p3399,,,op8,op7,15,linear3,,37.5
p3399,,,op9,op8,15,linear3,,37.5
p3400,2949.388,BATCH_PIPELINE,op1,,1,const,,55
p3400,,,op2,,1,const,,55
p3400,,,op3,,40,linear7,,20
p3400,,,op4,,20,linear7,,30
p3400,,,op5,op1;op2;op3;op4,20,linear7,,30
p3401,2956.81,INTERACTIVE,op1,,1,const,,55
p3401,,,op2,op1,40,linear7,,20
p3401,,,op3,op2,5,linear3,,45
p3401,,,op4,op3,1,const,,55
p3401,,,op5,op4,20,linear7,,30
p3401,,,op6,op5,2,sqrt,,55
p3401,,,op7,op6,40,linear7,,20
p3401,,,op8,op7,40,linear7,,20
p3401,,,op9,op8,15,linear3,,37.5
p3401,,,op10,op9,15,linear3,,37.5
p3401,,,op11,op10,20,linear7,,30
p3402,2956.81,BATCH_PIPELINE,op1,,1,const,,55
p3402,,,op2,op1,20,linear7,,30
p3402,,,op3,op2,15,linear3,,37.5
p3402,,,op4,op3,80,squared,,10
p3402,,,op5,op4,5,linear3,,45
p3402,,,op6,op5,15,linear3,,37.5
p3402,,,op7,op6,15,linear3,,37.5
p3403,2956.81,BATCH_PIPELINE,op1,,1,const,,55
p3403,,,op2,op1,5,linear3,,45
p3403,,,op3,op1,20,linear7,,30
p3403,,,op4,op1,5,linear3,,45
p3403,,,op5,op1,20,linear7,,30
p3403,,,op6,op1,15,linear3,,37.5
p3403,,,op7,op1,15,linear3,,37.5
p3403,,,op8,op1,40,linear7,,20
p3403,,,op9,op1,5,linear3,,45
p3403,,,op10,op1,1,const,,55
p3404,2956.81,BATCH_PIPELINE,op1,,1,const,,55
p3404,,,op2,op1,5,linear3,,45
p3404,,,op3,op2,15,linear3,,37.5
p3404,,,op4,op3,40,linear7,,20
p3404,,,op5,op4,1,const,,55
p3404,,,op6,op5,15,linear3,,37.5
p3405,2956.81,INTERACTIVE,op1,,1,const,,55
p3405,,,op2,op1,80,squared,,10
p3405,,,op3,op2,1,const,,55
p3405,,,op4,op3,15,linear3,,37.5
p3405,,,op5,op4,40,linear7,,20
p3405,,,op6,op5,5,linear3,,45
p3406,2956.81,INTERACTIVE,op1,,1,const,,55
p3406,,,op2,op1,20,linear7,,30
p3406,,,op3,op1,80,squared,,10
p3406,,,op4,op1,15,linear3,,37.5
p3406,,,op5,op1,1,const,,55
p3406,,,op6,op1,2,sqrt,,55
p3406,,,op7,op1,40,linear7,,20
p3406,,,op8,op1,20,linear7,,30
p3406,,,op9,op1,5,linear3,,45
p3407,2956.81,BATCH_PIPELINE,op1,,1,const,,55
p3407,,,op2,,15,linear3,,37.5
p3407,,,op3,,1,const,,55
p3407,,,op4,,5,linear3,,45
p3407,,,op5,,80,squared,,10
p3407,,,op6,,2,sqrt,,55
p3407,,,op7,op1;op2;op3;op4;op5;op6,20,linear7,,30
p3408,2956.81,BATCH_PIPELINE,op1,,1,const,,55
p3408,,,op2,,20,linear7,,30
p3408,,,op3,,2,sqrt,,55
p3408,,,op4,,40,linear7,,20
p3408,,,op5,,2,sqrt,,55
p3408,,,op6,op1;op2;op3;op4;op5,15,linear3,,37.5
p3409,2956.81,BATCH_PIPELINE,op1,,1,const,,55
p3409,,,op2,op1,15,linear3,,37.5
p3409,,,op3,op2,40,linear7,,20
p3409,,,op4,op3,2,sqrt,,55
p3410,2956.81,BATCH_PIPELINE,op1,,1,const,,55
p3410,,,op2,op1,2,sqrt,,55
p3410,,,op3,op2,1,const,,55
p3410,,,op4,op3,5,linear3,,45
p3410,,,op5,op4,1,const,,55
p3410,,,op6,op5,15,linear3,,37.5
p3410,,,op7,op6,1,const,,55
p3410,,,op8,op7,20,linear7,,30
p3410,,,op9,op8,15,linear3,,37.5
p3411,2968.07,INTERACTIVE,op1,,1,const,,55
p3411,,,op2,op1,2,sqrt,,55
p3411,,,op3,op1,1,const,,55
p3411,,,op4,op1,5,linear3,,45
p3412,2968.07,QUERY,op1,,15,linear3,,35
p3413,2968.07,INTERACTIVE,op1,,1,const,,55
p3413,,,op2,op1,15,linear3,,37.5
p3413,,,op3,op1,40,linear7,,20
p3413,,,op4,op1,5,linear3,,45
p3413,,,op5,op1,5,linear3,,45
p3413,,,op6,op1,20,linear7,,30
p3413,,,op7,op1,20,linear7,,30
p3413,,,op8,op1,2,sqrt,,55
p3414,2968.07,INTERACTIVE,op1,,1,const,,55
p3414,,,op2,op1,2,sqrt,,55
p3414,,,op3,op2,1,const,,55
p3414,,,op4,op3,1,const,,55
p3414,,,op5,op4,5,linear3,,45
p3414,,,op6,op5,15,linear3,,37.5
p3414,,,op7,op6,1,const,,55
p3414,,,op8,op7,40,linear7,,20
p3415,2968.07,BATCH_PIPELINE,op1,,1,const,,55
p3415,,,op2,op1,80,squared,,10
p3415,,,op3,op2,20,linear7,,30
p3415,,,op4,op3,1,const,,55
p3415,,,op5,op4,40,linear7,,20
p3415,,,op6,op5,80,squared,,10
p3415,,,op7,op6,1,const,,55
p3415,,,op8,op7,20,linear7,,30
p3415,,,op9,op8,20,linear7,,30
p3416,2968.07,BATCH_PIPELINE,op1,,1,const,,55
p3416,,,op2,op1,2,sqrt,,55
p3416,,,op3,op2,80,squared,,10
p3417,2968.07,BATCH_PIPELINE,op1,,1,const,,55
p3417,,,op2,op1,15,linear3,,37.5
p3417,,,op3,op2,15,linear3,,37.5
p3417,,,op4,op3,2,sqrt,,55
p3417,,,op5,op4,15,linear3,,37.5
p3417,,,op6,op5,2,sqrt,,55
p3417,,,op7,op6,1,const,,55
p3418,2968.07,BATCH_PIPELINE,op1,,1,const,,55
p3418,,,op2,op1,5,linear3,,45
p3418,,,op3,op2,5,linear3,,45
p3418,,,op4,op3,20,linear7,,30
p3418,,,op5,op4,2,sqrt,,55
p3418,,,op6,op5,20,linear7,,30
p3418,,,op7,op6,1,const,,55
p3418,,,op8,op7,15,linear3,,37.5
p3418,,,op9,op8,15,linear3,,37.5
p3419,2968.07,BATCH_PIPELINE,op1,,1,const,,55
p3419,,,op2,op1,1,const,,55
p3419,,,op3,op1,2,sqrt,,55
p3419,,,op4,op1,15,linear3,,37.5
p3419,,,op5,op1,1,const,,55
p3419,,,op6,op1,5,linear3,,45
p3420,2968.07,BATCH_PIPELINE,op1,,1,const,,55
p3420,,,op2,op1,1,const,,55
p3420,,,op3,op2,5,linear3,,45
p3420,,,op4,op3,15,linear3,,37.5
p3420,,,op5,op4,5,linear3,,45
p3420,,,op6,op5,15,linear3,,37.5
p3420,,,op7,op6,5,linear3,,45
p3421,2976.044,INTERACTIVE,op1,,1,const,,55
p3421,,,op2,,15,linear3,,37.5
p3421,,,op3,,80,squared,,10
p3421,,,op4,,40,linear7,,20
p3421,,,op5,,20,linear7,,30
p3421,,,op6,,15,linear3,,37.5
p3421,,,op7,,5,linear3,,45
p3421,,,op8,,2,sqrt,,55
p3421,,,op9,op1;op2;op3;op4;op5;op6;op7;op8,5,linear3,,45
p3422,2976.044,BATCH_PIPELINE,op1,,1,const,,55
p3422,,,op2,op1,40,linear7,,20
p3422,,,op3,op2,5,linear3,,45
p3422,,,op4,op3,15,linear3,,37.5
p3422,,,op5,op4,1,const,,55
p3422,,,op6,op5,80,squared,,10
p3422,,,op7,op6,5,linear3,,45
p3422,,,op8,op7,20,linear7,,30
p3423,2976.044,BATCH_PIPELINE,op1,,1,const,,55
p3423,,,op2,op1,1,const,,55
p3423,,,op3,op1,1,const,,55
p3423,,,op4,op1,40,linear7,,20
p3423,,,op5,op1,20,linear7,,30
p3423,,,op6,op1,2,sqrt,,55
p3423,,,op7,op1,15,linear3,,37.5
p3424,2976.044,BATCH_PIPELINE,op1,,1,const,,55
p3424,,,op2,op1,40,linear7,,20
p3424,,,op3,op2,1,const,,55
p3424,,,op4,op3,20,linear7,,30
p3424,,,op5,op4,15,linear3,,37.5
p3424,,,op6,op5,80,squared,,10
p3425,2976.044,BATCH_PIPELINE,op1,,1,const,,55
p3425,,,op2,op1,80,squared,,10
p3425,,,op3,op2,5,linear3,,45
p3425,,,op4,op3,20,linear7,,30
p3425,,,op5,op4,5,linear3,,45
p3425,,,op6,op5,40,linear7,,20
p3425,,,op7,op6,40,linear7,,20
p3426,2976.044,BATCH_PIPELINE,op1,,1,const,,55
p3426,,,op2,op1,1,const,,55
p3426,,,op3,op2,15,linear3,,37.5
p3426,,,op4,op3,15,linear3,,37.5
p3426,,,op5,op4,2,sqrt,,55
p3426,,,op6,op5,1,const,,55
p3426,,,op7,op6,15,linear3,,37.5
p3427,2976.044,BATCH_PIPELINE,op1,,1,const,,55
p3427,,,op2,op1,15,linear3,,37.5
p3427,,,op3,op2,5,linear3,,45
p3427,,,op4,op3,20,linear7,,30
p3427,,,op5,op4,2,sqrt,,55
p3427,,,op6,op5,40,linear7,,20
p3427,,,op7,op6,80,squared,,10
p3427,,,op8,op7,15,linear3,,37.5
p3428,2976.044,BATCH_PIPELINE,op1,,1,const,,55
p3428,,,op2,op1,5,linear3,,45
p3428,,,op3,op1,15,linear3,,37.5
p3428,,,op4,op1,80,squared,,10
p3428,,,op5,op1,1,const,,55
p3428,,,op6,op1,80,squared,,10
p3428,,,op7,op1,5,linear3,,45
p3428,,,op8,op1,5,linear3,,45
p3428,,,op9,op1,40,linear7,,20
p3429,2976.044,INTERACTIVE,op1,,1,const,,55
p3429,,,op2,op1,2,sqrt,,55
p3429,,,op3,op2,2,sqrt,,55
p3429,,,op4,op3,1,const,,55
p3429,,,op5,op4,2,sqrt,,55
p3429,,,op6,op5,20,linear7,,30
p3429,,,op7,op6,15,linear3,,37.5
p3429,,,op8,op7,80,squared,,10
p3430,2976.044,BATCH_PIPELINE,op1,,1,const,,55
p3430,,,op2,op1,40,linear7,,20
p3430,,,op3,op2,40,linear7,,20
p3430,,,op4,op3,15,linear3,,37.5
p3430,,,op5,op4,20,linear7,,30
p3430,,,op6,op5,20,linear7,,30
p3430,,,op7,op6,2,sqrt,,55
p3431,2982.303,BATCH_PIPELINE,op1,,1,const,,55
p3431,,,op2,op1,5,linear3,,45
p3431,,,op3,op2,1,const,,55
p3431,,,op4,op3,1,const,,55
p3431,,,op5,op4,20,linear7,,30
p3431,,,op6,op5,2,sqrt,,55
p3431,,,op7,op6,5,linear3,,45
p3432,2982.303,INTERACTIVE,op1,,1,const,,55
p3432,,,op2,op1,40,linear7,,20
p3432,,,op3,op2,5,linear3,,45
p3432,,,op4,op3,20,linear7,,30
p3432,,,op5,op4,20,linear7,,30
p3432,,,op6,op5,15,linear3,,37.5
p3433,2982.303,BATCH_PIPELINE,op1,,1,const,,55
p3433,,,op2,op1,20,linear7,,30
p3433,,,op3,op2,20,linear7,,30
p3433,,,op4,op3,2,sqrt,,55
p3433,,,op5,op4,15,linear3,,37.5
p3433,,,op6,op5,1,const,,55
p3433,,,op7,op6,40,linear7,,20
p3433,,,op8,op7,2,sqrt,,55
p3434,2982.303,BATCH_PIPELINE,op1,,1,const,,55
p3434,,,op2,,5,linear3,,45
p3434,,,op3,,80,squared,,10
p3434,,,op4,,20,linear7,,30
p3434,,,op5,op1;op2;op3;op4,2,sqrt,,55
p3435,2982.303,INTERACTIVE,op1,,1,const,,55
p3435,,,op2,op1,1,const,,55
p3435,,,op3,op2,15,linear3,,37.5
p3436,2982.303,INTERACTIVE,op1,,1,const,,55
p3436,,,op2,op1,15,linear3,,37.5
p3436,,,op3,op2,1,const,,55
p3436,,,op4,op3,5,linear3,,45
p3436,,,op5,op4,20,linear7,,30
p3436,,,op6,op5,5,linear3,,45
p3436,,,op7,op6,15,linear3,,37.5
p3436,,,op8,op7,1,const,,55
p3437,2982.303,BATCH_PIPELINE,op1,,1,const,,55
p3437,,,op2,,5,linear3,,45
p3437,,,op3,,80,squared,,10
p3437,,,op4,,1,const,,55
p3437,,,op5,,2,sqrt,,55
p3437,,,op6,,15,linear3,,37.5
p3437,,,op7,,15,linear3,,37.5
p3437,,,op8,op1;op2;op3;op4;op5;op6;op7,2,sqrt,,55
p3438,2982.303,BATCH_PIPELINE,op1,,1,const,,55
p3438,,,op2,op1,5,linear3,,45
p3438,,,op3,op2,15,linear3,,37.5
p3438,,,op4,op3,5,linear3,,45
p3438,,,op5,op4,5,linear3,,45
p3438,,,op6,op5,5,linear3,,45
p3438,,,op7,op6,2,sqrt,,55
p3438,,,op8,op7,2,sqrt,,55
p3438,,,op9,op8,2,sqrt,,55
p3439,2982.303,INTERACTIVE,op1,,1,const,,55
p3439,,,op2,op1,15,linear3,,37.5
p3439,,,op3,op2,1,const,,55
p3439,,,op4,op3,80,squared,,10
p3440,2982.303,BATCH_PIPELINE,op1,,1,const,,55
p3440,,,op2,op1,40,linear7,,20
p3440,,,op3,op2,2,sqrt,,55
p3440,,,op4,op3,5,linear3,,45
p3440,,,op5,op4,5,linear3,,45
p3441,2987.052,BATCH_PIPELINE,op1,,1,const,,55
p3441,,,op2,op1,15,linear3,,37.5
p3441,,,op3,op2,20,linear7,,30
p3441,,,op4,op3,1,const,,55
p3441,,,op5,op4,80,squared,,10
p3441,,,op6,op5,2,sqrt,,55
p3441,,,op7,op6,2,sqrt,,55
p3441,,,op8,op7,2,sqrt,,55
p3441,,,op9,op8,2,sqrt,,55
p3442,2987.052,INTERACTIVE,op1,,1,const,,55
p3442,,,op2,op1,2,sqrt,,55
p3442,,,op3,op1,15,linear3,,37.5
p3442,,,op4,op1,1,const,,55
p3442,,,op5,op1,20,linear7,,30
p3442,,,op6,op1,20,linear7,,30
p3442,,,op7,op1,5,linear3,,45
p3443,2987.052,BATCH_PIPELINE,op1,,1,const,,55
p3443,,,op2,op1,15,linear3,,37.5
p3443,,,op3,op1,5,linear3,,45
p3443,,,op4,op1,80,squared,,10
p3443,,,op5,op1,1,const,,55
p3443,,,op6,op1,1,const,,55
p3443,,,op7,op1,2,sqrt,,55
p3443,,,op8,op1,1,const,,55
p3444,2987.052,BATCH_PIPELINE,op1,,1,const,,55
p3444,,,op2,op1,1,const,,55
p3444,,,op3,op2,20,linear7,,30
p3444,,,op4,op3,5,linear3,,45
p3444,,,op5,op4,40,linear7,,20
p3445,2987.052,BATCH_PIPELINE,op1,,1,const,,55
p3445,,,op2,op1,80,squared,,10
p3445,,,op3,op2,15,linear3,,37.5
p3445,,,op4,op3,2,sqrt,,55
p3445,,,op5,op4,20,linear7,,30
p3445,,,op6,op5,15,linear3,,37.5
p3445,,,op7,op6,5,linear3,,45
p3445,,,op8,op7,15,linear3,,37.5
p3445,,,op9,op8,20,linear7,,30
p3446,2987.052,BATCH_PIPELINE,op1,,1,const,,55
p3446,,,op2,op1,15,linear3,,37.5
p3446,,,op3,op2,1,const,,55
p3446,,,op4,op3,1,const,,55
p3446,,,op5,op4,80,squared,,10
p3446,,,op6,op5,5,linear3,,45
p3446,,,op7,op6,80,squared,,10
p3447,2987.052,INTERACTIVE,op1,,1,const,,55
p3447,,,op2,op1,5,linear3,,45
p3447,,,op3,op2,5,linear3,,45
p3447,,,op4,op3,15,linear3,,37.5
p3447,,,op5,op4,1,const,,55
p3447,,,op6,op5,15,linear3,,37.5
p3448,2987.052,BATCH_PIPELINE,op1,,1,const,,55
p3448,,,op2,,15,linear3,,37.5
p3448,,,op3,,15,linear3,,37.5
p3448,,,op4,,20,linear7,,30
p3448,,,op5,,2,sqrt,,55
p3448,,,op6,,1,const,,55
p3448,,,op7,,5,linear3,,45
p3448,,,op8,,5,linear3,,45
p3448,,,op9,op1;op2;op3;op4;op5;op6;op7;op8,1,const,,55
p3449,2987.052,BATCH_PIPELINE,op1,,1,const,,55
p3449,,,op2,op1,15,linear3,,37.5
p3449,,,op3,op2,1,const,,55
p3449,,,op4,op3,1,const,,55
p3449,,,op5,op4,40,linear7,,20
p3449,,,op6,op5,5,linear3,,45
p3450,2987.052,INTERACTIVE,op1,,1,const,,55
p3450,,,op2,op1,5,linear3,,45
p3450,,,op3,op1,2,sqrt,,55
p3450,,,op4,op1,1,const,,55
p3450,,,op5,op1,2,sqrt,,55
p3451,3000.4900000000002,QUERY,op1,,15,linear3,,35
p3452,3000.4900000000002,BATCH_PIPELINE,op1,,1,const,,55
p3452,,,op2,op1,2,sqrt,,55
p3452,,,op3,op2,40,linear7,,20
p3452,,,op4,op3,15,linear3,,37.5
p3452,,,op5,op4,2,sqrt,,55
p3452,,,op6,op5,5,linear3,,45
p3452,,,op7,op6,40,linear7,,20
p3453,3000.4900000000002,BATCH_PIPELINE,op1,,1,const,,55
p3453,,,op2,op1,2,sqrt,,55
p3453,,,op3,op2,15,linear3,,37.5
p3453,,,op4,op3,20,linear7,,30
p3453,,,op5,op4,1,const,,55
p3453,,,op6,op5,20,linear7,,30
p3453,,,op7,op6,15,linear3,,37.5
p3453,,,op8,op7,5,linear3,,45
p3454,3000.4900000000002,INTERACTIVE,op1,,1,const,,55
p3454,,,op2,op1,20,linear7,,30
p3454,,,op3,op2,20,linear7,,30
p3454,,,op4,op3,15,linear3,,37.5
p3454,,,op5,op4,80,squared,,10
p3454,,,op6,op5,1,const,,55
p3454,,,op7,op6,1,const,,55
p3454,,,op8,op7,15,linear3,,37.5
p3454,,,op9,op8,20,linear7,,30
p3455,3000.4900000000002,INTERACTIVE,op1,,1,const,,55
p3455,,,op2,op1,20,linear7,,30
p3455,,,op3,op2,15,linear3,,37.5
p3455,,,op4,op3,1,const,,55
p3455,,,op5,op4,1,const,,55
p3455,,,op6,op5,2,sqrt,,55
p3455,,,op7,op6,20,linear7,,30
p3456,3000.4900000000002,BATCH_PIPELINE,op1,,1,const,,55
p3456,,,op2,op1,1,const,,55
p3456,,,op3,op2,80,squared,,10
p3456,,,op4,op3,20,linear7,,30
p3456,,,op5,op4,20,linear7,,30
p3456,,,op6,op5,40,linear7,,20
p3457,3000.4900000000002,BATCH_PIPELINE,op1,,1,const,,55
p3457,,,op2,op1,40,linear7,,20
p3457,,,op3,op1,15,linear3,,37.5
p3457,,,op4,op1,2,sqrt,,55
p3457,,,op5,op1,80,squared,,10
p3457,,,op6,op1,2,sqrt,,55
p3457,,,op7,op1,1,const,,55
p3457,,,op8,op1,20,linear7,,30
p3458,3000.4900000000002,INTERACTIVE,op1,,1,const,,55
p3458,,,op2,,1,const,,55
p3458,,,op3,,5,linear3,,45
p3458,,,op4,,40,linear7,,20
p3458,,,op5,,20,linear7,,30
p3458,,,op6,,5,linear3,,45
p3458,,,op7,,80,squared,,10
p3458,,,op8,op1;op2;op3;op4;op5;op6;op7,5,linear3,,45
p3459,3000.4900000000002,BATCH_PIPELINE,op1,,1,const,,55
p3459,,,op2,op1,40,linear7,,20
p3459,,,op3,op2,2,sqrt,,55
p3459,,,op4,op3,40,linear7,,20
p3459,,,op5,op4,15,linear3,,37.5
p3459,,,op6,op5,2,sqrt,,55
p3459,,,op7,op6,15,linear3,,37.5
p3459,,,op8,op7,15,linear3,,37.5
p3459,,,op9,op8,80,squared,,10
p3459,,,op10,op9,15,linear3,,37.5
p3459,,,op11,op10,2,sqrt,,55
p3460,3000.4900000000002,BATCH_PIPELINE,op1,,1,const,,55
p3460,,,op2,op1,2,sqrt,,55
p3460,,,op3,op2,5,linear3,,45
p3460,,,op4,op3,5,linear3,,45
p3460,,,op5,op4,20,linear7,,30
p3460,,,op6,op5,2,sqrt,,55
p3460,,,op7,op6,1,const,,55
p3461,3005.698,BATCH_PIPELINE,op1,,1,const,,55
p3461,,,op2,op1,80,squared,,10
p3461,,,op3,op1,20,linear7,,30
p3461,,,op4,op1,5,linear3,,45
p3461,,,op5,op1,15,linear3,,37.5
p3461,,,op6,op1,5,linear3,,45
p3462,3005.698,INTERACTIVE,op1,,1,const,,55
p3462,,,op2,,1,const,,55
p3462,,,op3,,15,linear3,,37.5
p3462,,,op4,,15,linear3,,37.5
p3462,,,op5,,5,linear3,,45
p3462,,,op6,,80,squared,,10
p3462,,,op7,,80,squared,,10
p3462,,,op8,,5,linear3,,45
p3462,,,op9,,5,linear3,,45
p3462,,,op10,op1;op2;op3;op4;op5;op6;op7;op8;op9,5,linear3,,45
p3463,3005.698,BATCH_PIPELINE,op1,,1,const,,55
p3463,,,op2,op1,80,squared,,10
p3463,,,op3,op2,80,squared,,10
p3463,,,op4,op3,20,linear7,,30
p3463,,,op5,op4,1,const,,55
p3463,,,op6,op5,1,const,,55
p3464,3005.698,BATCH_PIPELINE,op1,,1,const,,55
p3464,,,op2,op1,5,linear3,,45
p3464,,,op3,op2,40,linear7,,20
p3464,,,op4,op3,20,linear7,,30
p3464,,,op5,op4,40,linear7,,20
p3464,,,op6,op5,1,const,,55
p3464,,,op7,op6,15,linear3,,37.5
p3464,,,op8,op7,80,squared,,10
p3464,,,op9,op8,20,linear7,,30
p3464,,,op10,op9,20,linear7,,30
p3464,,,op11,op10,15,linear3,,37.5
p3465,3005.698,INTERACTIVE,op1,,1,const,,55
p3465,,,op2,op1,2,sqrt,,55
p3465,,,op3,op2,5,linear3,,45
p3465,,,op4,op3,15,linear3,,37.5
p3465,,,op5,op4,1,const,,55
p3465,,,op6,op5,20,linear7,,30
p3465,,,op7,op6,5,linear3,,45
p3465,,,op8,op7,20,linear7,,30
p3465,,,op9,op8,1,const,,55
p3465,,,op10,op9,20,linear7,,30
p3466,3005.698,QUERY,op1,,15,linear3,,35
p3467,3005.698,BATCH_PIPELINE,op1,,1,const,,55
p3467,,,op2,op1,40,linear7,,20
p3467,,,op3,op2,20,linear7,,30
p3467,,,op4,op3,20,linear7,,30
p3467,,,op5,op4,80,squared,,10
p3467,,,op6,op5,20,linear7,,30
p3467,,,op7,op6,2,sqrt,,55
p3467,,,op8,op7,40,linear7,,20
p3468,3005.698,QUERY,op1,,15,linear3,,35
p3469,3005.698,INTERACTIVE,op1,,1,const,,55
p3469,,,op2,op1,80,squared,,10
p3469,,,op3,op2,15,linear3,,37.5
p3469,,,op4,op3,80,squared,,10
p3469,,,op5,op4,15,linear3,,37.5
p3469,,,op6,op5,40,linear7,,20
p3469,,,op7,op6,15,linear3,,37.5
p3469,,,op8,op7,5,linear3,,45
p3470,3005.698,INTERACTIVE,op1,,1,const,,55
p3470,,,op2,op1,1,const,,55
p3470,,,op3,op1,40,linear7,,20
p3470,,,op4,op1,80,squared,,10
p3470,,,op5,op1,15,linear3,,37.5
p3470,,,op6,op1,2,sqrt,,55
p3471,3014.683,INTERACTIVE,op1,,1,const,,55
p3471,,,op2,op1,20,linear7,,30
p3471,,,op3,op2,2,sqrt,,55
p3471,,,op4,op3,15,linear3,,37.5
p3471,,,op5,op4,1,const,,55
p3472,3014.683,BATCH_PIPELINE,op1,,1,const,,55
p3472,,,op2,,15,linear3,,37.5
p3472,,,op3,,15,linear3,,37.5
p3472,,,op4,,1,const,,55
p3472,,,op5,,2,sqrt,,55
p3472,,,op6,,2,sqrt,,55
p3472,,,op7,op1;op2;op3;op4;op5;op6,15,linear3,,37.5
p3473,3014.683,BATCH_PIPELINE,op1,,1,const,,55
p3473,,,op2,op1,15,linear3,,37.5
p3473,,,op3,op2,5,linear3,,45
p3473,,,op4,op3,5,linear3,,45
p3473,,,op5,op4,5,linear3,,45
p3473,,,op6,op5,20,linear7,,30
p3473,,,op7,op6,2,sqrt,,55
p3473,,,op8,op7,5,linear3,,45
p3474,3014.683,BATCH_PIPELINE,op1,,1,const,,55
p3474,,,op2,op1,40,linear7,,20
p3474,,,op3,op2,1,const,,55
p3474,,,op4,op3,15,linear3,,37.5
p3474,,,op5,op4,2,sqrt,,55
p3474,,,op6,op5,1,const,,55
p3474,,,op7,op6,2,sqrt,,55
p3474,,,op8,op7,5,linear3,,45
p3475,3014.683,BATCH_PIPELINE,op1,,1,const,,55
p3475,,,op2,op1,80,squared,,10
p3475,,,op3,op2,1,const,,55
p3475,,,op4,op3,40,linear7,,20
p3475,,,op5,op4,5,linear3,,45
p3475,,,op6,op5,5,linear3,,45
p3476,3014.683,BATCH_PIPELINE,op1,,1,const,,55
p3476,,,op2,op1,20,linear7,,30
p3476,,,op3,op1,80,squared,,10
p3476,,,op4,op1,1,const,,55
p3476,,,op5,op1,40,linear7,,20
p3476,,,op6,op1,15,linear3,,37.5
p3476,,,op7,op1,1,const,,55
p3476,,,op8,op1,1,const,,55
p3476,,,op9,op1,15,linear3,,37.5
p3477,3014.683,BATCH_PIPELINE,op1,,1,const,,55
p3477,,,op2,op1,20,linear7,,30
p3477,,,op3,op2,20,linear7,,30
p3477,,,op4,op3,5,linear3,,45
p3478,3014.683,BATCH_PIPELINE,op1,,1,const,,55
p3478,,,op2,op1,20,linear7,,30
p3478,,,op3,op2,15,linear3,,37.5
p3478,,,op4,op3,5,linear3,,45
p3478,,,op5,op4,15,linear3,,37.5
p3478,,,op6,op5,2,sqrt,,55
p3478,,,op7,op6,40,linear7,,20
p3478,,,op8,op7,1,const,,55
p3478,,,op9,op8,2,sqrt,,55
p3478,,,op10,op9,5,linear3,,45
p3479,3014.683,BATCH_PIPELINE,op1,,1,const,,55
p3479,,,op2,op1,15,linear3,,37.5
p3479,,,op3,op2,2,sqrt,,55
p3479,,,op4,op3,5,linear3,,45
p3479,,,op5,op4,5,linear3,,45
p3479,,,op6,op5,20,linear7,,30
p3479,,,op7,op6,1,const,,55
p3479,,,op8,op7,5,linear3,,45
p3479,,,op9,op8,80,squared,,10
p3480,3014.683,QUERY,op1,,15,linear3,,35
p3481,3021.314,BATCH_PIPELINE,op1,,1,const,,55
p3481,,,op2,op1,80,squared,,10
p3481,,,op3,op2,1,const,,55
p3482,3021.314,BATCH_PIPELINE,op1,,1,const,,55
p3482,,,op2,op1,80,squared,,10
p3482,,,op3,op2,15,linear3,,37.5
p3482,,,op4,op3,1,const,,55
p3482,,,op5,op4,5,linear3,,45
p3482,,,op6,op5,80,squared,,10
p3483,3021.314,BATCH_PIPELINE,op1,,1,const,,55
p3483,,,op2,op1,1,const,,55
p3483,,,op3,op2,20,linear7,,30
p3483,,,op4,op3,20,linear7,,30
p3483,,,op5,op4,1,const,,55
p3483,,,op6,op5,1,const,,55
p3483,,,op7,op6,2,sqrt,,55
p3483,,,op8,op7,20,linear7,,30
p3484,3021.314,BATCH_PIPELINE,op1,,1,const,,55
p3484,,,op2,op1,15,linear3,,37.5
p3484,,,op3,op2,15,linear3,,37.5
p3484,,,op4,op3,15,linear3,,37.5
p3484,,,op5,op4,5,linear3,,45
p3484,,,op6,op5,15,linear3,,37.5
p3484,,,op7,op6,15,linear3,,37.5
p3484,,,op8,op7,5,linear3,,45
p3485,3021.314,INTERACTIVE,op1,,1,const,,55
p3485,,,op2,op1,40,linear7,,20
p3485,,,op3,op2,2,sqrt,,55
p3485,,,op4,op3,20,linear7,,30
p3485,,,op5,op4,80,squared,,10
p3485,,,op6,op5,5,linear3,,45
p3485,,,op7,op6,2,sqrt,,55
p3485,,,op8,op7,5,linear3,,45
p3485,,,op9,op8,5,linear3,,45
p3485,,,op10,op9,15,linear3,,37.5
p3485,,,op11,op10,5,linear3,,45
p3486,3021.314,BATCH_PIPELINE,op1,,1,const,,55
p3486,,,op2,op1,2,sqrt,,55
p3486,,,op3,op2,20,linear7,,30
p3486,,,op4,op3,20,linear7,,30
p3486,,,op5,op4,40,linear7,,20
p3486,,,op6,op5,80,squared,,10
p3486,,,op7,op6,15,linear3,,37.5
p3486,,,op8,op7,5,linear3,,45
p3486,,,op9,op8,1,const,,55
p3486,,,op10,op9,2,sqrt,,55
p3486,,,op11,op10,15,linear3,,37.5
p3487,3021.314,QUERY,op1,,15,linear3,,35
p3488,3021.314,BATCH_PIPELINE,op1,,1,const,,55
p3488,,,op2,op1,5,linear3,,45
p3488,,,op3,op2,20,linear7,,30
p3488,,,op4,op3,20,linear7,,30
p3488,,,op5,op4,40,linear7,,20
p3488,,,op6,op5,80,squared,,10
p3488,,,op7,op6,80,squared,,10
p3488,,,op8,op7,20,linear7,,30
p3489,3021.314,BATCH_PIPELINE,op1,,1,const,,55
p3489,,,op2,op1,2,sqrt,,55
p3489,,,op3,op1,40,linear7,,20
p3489,,,op4,op1,5,linear3,,45
p3489,,,op5,op1,15,linear3,,37.5
p3489,,,op6,op1,2,sqrt,,55
p3489,,,op7,op1,1,const,,55
p3489,,,op8,op1,5,linear3,,45
p3490,3021.314,INTERACTIVE,op1,,1,const,,55
p3490,,,op2,op1,2,sqrt,,55
p3490,,,op3,op2,1,const,,55
p3490,,,op4,op3,15,linear3,,37.5
p3490,,,op5,op4,20,linear7,,30
p3490,,,op6,op5,15,linear3,,37.5
p3491,3030.654,BATCH_PIPELINE,op1,,1,const,,55
p3491,,,op2,op1,1,const,,55
p3491,,,op3,op1,1,const,,55
p3491,,,op4,op1,40,linear7,,20
p3491,,,op5,op1,5,linear3,,45
p3491,,,op6,op1,5,linear3,,45
p3491,,,op7,op1,40,linear7,,20
p3491,,,op8,op1,80,squared,,10
p3492,3030.654,INTERACTIVE,op1,,1,const,,55
p3492,,,op2,op1,5,linear3,,45
p3492,,,op3,op2,5,linear3,,45
p3492,,,op4,op3,5,linear3,,45
p3492,,,op5,op4,20,linear7,,30
p3492,,,op6,op5,5,linear3,,45
p3492,,,op7,op6,40,linear7,,20
p3493,3030.654,BATCH_PIPELINE,op1,,1,const,,55
p3493,,,op2,op1,15,linear3,,37.5
p3493,,,op3,op1,5,linear3,,45
p3493,,,op4,op1,15,linear3,,37.5
p3493,,,op5,op1,40,linear7,,20
p3493,,,op6,op1,15,linear3,,37.5
p3493,,,op7,op1,40,linear7,,20
p3494,3030.654,QUERY,op1,,15,linear3,,35
p3495,3030.654,BATCH_PIPELINE,op1,,1,const,,55
p3495,,,op2,op1,20,linear7,,30
p3495,,,op3,op2,2,sqrt,,55
p3495,,,op4,op3,15,linear3,,37.5
p3495,,,op5,op4,20,linear7,,30
p3495,,,op6,op5,40,linear7,,20
p3495,,,op7,op6,40,linear7,,20
p3495,,,op8,op7,15,linear3,,37.5
p3496,3030.654,INTERACTIVE,op1,,1,const,,55
p3496,,,op2,op1,5,linear3,,45
p3496,,,op3,op2,40,linear7,,20
p3496,,,op4,op3,1,const,,55
p3496,,,op5,op4,1,const,,55
p3496,,,op6,op5,1,const,,55
p3497,3030.654,BATCH_PIPELINE,op1,,1,const,,55
p3497,,,op2,op1,5,linear3,,45
p3497,,,op3,op2,2,sqrt,,55
p3497,,,op4,op3,2,sqrt,,55
p3497,,,op5,op4,15,linear3,,37.5
p3498,3030.654,BATCH_PIPELINE,op1,,1,const,,55
p3498,,,op2,op1,20,linear7,,30
p3498,,,op3,op1,20,linear7,,30
p3498,,,op4,op1,15,linear3,,37.5
p3498,,,op5,op1,1,const,,55
p3498,,,op6,op1,15,linear3,,37.5
p3498,,,op7,op1,20,linear7,,30
p3499,3030.654,QUERY,op1,,15,linear3,,35
p3500,3030.654,INTERACTIVE,op1,,1,const,,55
p3500,,,op2,op1,15,linear3,,37.5
p3500,,,op3,op2,40,linear7,,20
p3500,,,op4,op3,5,linear3,,45
p3500,,,op5,op4,5,linear3,,45
p3500,,,op6,op5,5,linear3,,45
p3500,,,op7,op6,15,linear3,,37.5
p3500,,,op8,op7,20,linear7,,30
p3500,,,op9,op8,5,linear3,,45
p3500,,,op10,op9,80,squared,,10
p3500,,,op11,op10,5,linear3,,45
p3500,,,op12,op11,40,linear7,,20
p3501,3040.878,BATCH_PIPELINE,op1,,1,const,,55
p3501,,,op2,,15,linear3,,37.5
p3501,,,op3,,2,sqrt,,55
p3501,,,op4,,5,linear3,,45
p3501,,,op5,,5,linear3,,45
p3501,,,op6,,2,sqrt,,55
p3501,,,op7,,1,const,,55
p3501,,,op8,,15,linear3,,37.5
p3501,,,op9,,5,linear3,,45
p3501,,,op10,op1;op2;op3;op4;op5;op6;op7;op8;op9,5,linear3,,45
p3502,3040.878,BATCH_PIPELINE,op1,,1,const,,55
p3502,,,op2,op1,80,squared,,10
p3502,,,op3,op2,40,linear7,,20
p3502,,,op4,op3,80,squared,,10
p3502,,,op5,op4,5,linear3,,45
p3502,,,op6,op5,15,linear3,,37.5
p3502,,,op7,op6,1,const,,55
p3502,,,op8,op7,5,linear3,,45
p3503,3040.878,BATCH_PIPELINE,op1,,1,const,,55
p3503,,,op2,op1,5,linear3,,45
p3503,,,op3,op2,1,const,,55
p3503,,,op4,op3,20,linear7,,30
p3503,,,op5,op4,2,sqrt,,55
p3503,,,op6,op5,20,linear7,,30
p3503,,,op7,op6,1,const,,55
p3503,,,op8,op7,5,linear3,,45
p3503,,,op9,op8,1,const,,55
p3503,,,op10,op9,5,linear3,,45
p3503,,,op11,op10,5,linear3,,45
p3503,,,op12,op11,2,sqrt,,55
p3503,,,op13,op12,2,sqrt,,55
p3504,3040.878,BATCH_PIPELINE,op1,,1,const,,55
p3504,,,op2,op1,2,sqrt,,55
p3504,,,op3,op2,15,linear3,,37.5
p3504,,,op4,op3,5,linear3,,45
p3504,,,op5,op4,20,linear7,,30
p3504,,,op6,op5,15,linear3,,37.5
p3504,,,op7,op6,1,const,,55
p3504,,,op8,op7,40,linear7,,20
p3504,,,op9,op8,20,linear7,,30
p3504,,,op10,op9,40,linear7,,20
p3504,,,op11,op10,2,sqrt,,55
p3504,,,op12,op11,15,linear3,,37.5
p3505,3040.878,INTERACTIVE,op1,,1,const,,55
p3505,,,op2,op1,2,sqrt,,55
p3505,,,op3,op2,15,linear3,,37.5
p3505,,,op4,op3,15,linear3,,37.5
p3505,,,op5,op4,5,linear3,,45
p3505,,,op6,op5,40,linear7,,20
p3505,,,op7,op6,5,linear3,,45
p3506,3040.878,BATCH_PIPELINE,op1,,1,const,,55
p3506,,,op2,,5,linear3,,45
p3506,,,op3,,20,linear7,,30
p3506,,,op4,,1,const,,55
p3506,,,op5,op1;op2;op3;op4,15,linear3,,37.5
p3507,3040.878,BATCH_PIPELINE,op1,,1,const,,55
p3507,,,op2,op1,15,linear3,,37.5
p3507,,,op3,op2,2,sqrt,,55
p3507,,,op4,op3,2,sqrt,,55
p3507,,,op5,op4,5,linear3,,45
p3507,,,op6,op5,15,linear3,,37.5
p3507,,,op7,op6,20,linear7,,30
p3507,,,op8,op7,15,linear3,,37.5
p3507,,,op9,op8,2,sqrt,,55
p3508,3040.878,INTERACTIVE,op1,,1,const,,55
p3508,,,op2,op1,15,linear3,,37.5
p3508,,,op3,op2,15,linear3,,37.5
p3508,,,op4,op3,5,linear3,,45
p3508,,,op5,op4,5,linear3,,45
p3508,,,op6,op5,20,linear7,,30
p3508,,,op7,op6,80,squared,,10
p3508,,,op8,op7,1,const,,55
p3509,3040.878,BATCH_PIPELINE,op1,,1,const,,55
p3509,,,op2,op1,40,linear7,,20
p3509,,,op3,op2,1,const,,55
p3509,,,op4,op3,20,linear7,,30
p3509,,,op5,op4,40,linear7,,20
p3509,,,op6,op5,2,sqrt,,55
p3509,,,op7,op6,1,const,,55
p3509,,,op8,op7,80,squared,,10
p3510,3040.878,QUERY,op1,,15,linear3,,35
p3511,3050.82,BATCH_PIPELINE,op1,,1,const,,55
p3511,,,op2,op1,5,linear3,,45
p3511,,,op3,op2,15,linear3,,37.5
p3511,,,op4,op3,2,sqrt,,55
p3511,,,op5,op4,2,sqrt,,55
p3511,,,op6,op5,15,linear3,,37.5
p3511,,,op7,op6,1,const,,55
p3511,,,op8,op7,20,linear7,,30
p3512,3050.82,INTERACTIVE,op1,,1,const,,55
p3512,,,op2,op1,2,sqrt,,55
p3512,,,op3,op2,1,const,,55
p3512,,,op4,op3,5,linear3,,45
p3512,,,op5,op4,20,linear7,,30
p3512,,,op6,op5,15,linear3,,37.5
p3512,,,op7,op6,1,const,,55
p3512,,,op8,op7,15,linear3,,37.5
p3513,3050.82,QUERY,op1,,15,linear3,,35
p3514,3050.82,INTERACTIVE,op1,,1,const,,55
p3514,,,op2,op1,20,linear7,,30
p3514,,,op3,op2,20,linear7,,30
p3514,,,op4,op3,15,linear3,,37.5
p3514,,,op5,op4,80,squared,,10
p3514,,,op6,op5,15,linear3,,37.5
p3515,3050.82,BATCH_PIPELINE,op1,,1,const,,55
p3515,,,op2,op1,1,const,,55
p3515,,,op3,op2,5,linear3,,45
p3515,,,op4,op3,15,linear3,,37.5
p3515,,,op5,op4,40,linear7,,20
p3515,,,op6,op5,1,const,,55
p3516,3050.82,QUERY,op1,,15,linear3,,35
p3517,3050.82,INTERACTIVE,op1,,1,const,,55
p3517,,,op2,,5,linear3,,45
p3517,,,op3,,40,linear7,,20
p3517,,,op4,,40,linear7,,20
p3517,,,op5,,80,squared,,10
p3517,,,op6,,5,linear3,,45
p3517,,,op7,,5,linear3,,45
p3517,,,op8,op1;op2;op3;op4;op5;op6;op7,2,sqrt,,55
p3518,3050.82,BATCH_PIPELINE,op1,,1,const,,55
p3518,,,op2,,20,linear7,,30
p3518,,,op3,,2,sqrt,,55
p3518,,,op4,,2,sqrt,,55
p3518,,,op5,,80,squared,,10
p3518,,,op6,,2,sqrt,,55
p3518,,,op7,,40,linear7,,20
p3518,,,op8,,15,linear3,,37.5
p3518,,,op9,op1;op2;op3;op4;op5;op6;op7;op8,2,sqrt,,55
p3519,3050.82,BATCH_PIPELINE,op1,,1,const,,55
p3519,,,op2,,2,sqrt,,55
p3519,,,op3,,80,squared,,10
p3519,,,op4,,5,linear3,,45
p3519,,,op5,,20,linear7,,30
p3519,,,op6,op1;op2;op3;op4;op5,20,linear7,,30
p3520,3050.82,INTERACTIVE,op1,,1,const,,55
p3520,,,op2,,1,const,,55
p3520,,,op3,,15,linear3,,37.5
p3520,,,op4,,40,linear7,,20
p3520,,,op5,,15,linear3,,37.5
p3520,,,op6,,80,squared,,10
p3520,,,op7,op1;op2;op3;op4;op5;op6,20,linear7,,30
p3521,3058.605,BATCH_PIPELINE,op1,,1,const,,55
p3521,,,op2,op1,1,const,,55
p3521,,,op3,op2,15,linear3,,37.5
p3521,,,op4,op3,5,linear3,,45
p3521,,,op5,op4,40,linear7,,20
p3522,3058.605,BATCH_PIPELINE,op1,,1,const,,55
p3522,,,op2,op1,1,const,,55
p3522,,,op3,op2,15,linear3,,37.5
p3522,,,op4,op3,15,linear3,,37.5
p3522,,,op5,op4,5,linear3,,45
p3523,3058.605,BATCH_PIPELINE,op1,,1,const,,55
p3523,,,op2,op1,2,sqrt,,55
p3523,,,op3,op2,1,const,,55
p3523,,,op4,op3,5,linear3,,45
p3523,,,op5,op4,1,const,,55
p3523,,,op6,op5,2,sqrt,,55
p3523,,,op7,op6,40,linear7,,20
p3523,,,op8,op7,80,squared,,10
p3524,3058.605,BATCH_PIPELINE,op1,,1,const,,55
p3524,,,op2,op1,40,linear7,,20
p3524,,,op3,op2,15,linear3,,37.5
p3524,,,op4,op3,80,squared,,10
p3524,,,op5,op4,2,sqrt,,55
p3524,,,op6,op5,20,linear7,,30
p3524,,,op7,op6,1,const,,55
p3524,,,op8,op7,20,linear7,,30
p3524,,,op9,op8,1,const,,55
p3525,3058.605,BATCH_PIPELINE,op1,,1,const,,55
p3525,,,op2,op1,15,linear3,,37.5
p3525,,,op3,op2,80,squared,,10
p3525,,,op4,op3,5,linear3,,45
p3525,,,op5,op4,20,linear7,,30
p3526,3058.605,BATCH_PIPELINE,op1,,1,const,,55
p3526,,,op2,op1,40,linear7,,20
p3526,,,op3,op2,1,const,,55
p3526,,,op4,op3,1,const,,55
p3526,,,op5,op4,15,linear3,,37.5
p3526,,,op6,op5,1,const,,55
p3526,,,op7,op6,40,linear7,,20
p3526,,,op8,op7,2,sqrt,,55
p3526,,,op9,op8,1,const,,55
p3527,3058.605,BATCH_PIPELINE,op1,,1,const,,55
p3527,,,op2,op1,20,linear7,,30
p3527,,,op3,op2,20,linear7,,30
p3527,,,op4,op3,40,linear7,,20
p3527,,,op5,op4,1,const,,55
p3527,,,op6,op5,20,linear7,,30
p3527,,,op7,op6,5,linear3,,45
p3528,3058.605,INTERACTIVE,op1,,1,const,,55
p3528,,,op2,op1,20,linear7,,30
p3528,,,op3,op2,5,linear3,,45
p3528,,,op4,op3,5,linear3,,45
p3528,,,op5,op4,5,linear3,,45
p3528,,,op6,op5,5,linear3,,45
p3528,,,op7,op6,40,linear7,,20
p3528,,,op8,op7,1,const,,55
p3529,3058.605,INTERACTIVE,op1,,1,const,,55
p3529,,,op2,,15,linear3,,37.5
p3529,,,op3,,2,sqrt,,55
p3529,,,op4,,1,const,,55
p3529,,,op5,,20,linear7,,30
p3529,,,op6,,80,squared,,10
p3529,,,op7,op1;op2;op3;op4;op5;op6,15,linear3,,37.5
p3530,3058.605,INTERACTIVE,op1,,1,const,,55
p3530,,,op2,op1,40,linear7,,20
p3530,,,op3,op2,15,linear3,,37.5
p3530,,,op4,op3,1,const,,55
p3530,,,op5,op4,40,linear7,,20
p3530,,,op6,op5,20,linear7,,30
p3530,,,op7,op6,20,linear7,,30
p3531,3061.406,INTERACTIVE,op1,,1,const,,55
p3531,,,op2,op1,15,linear3,,37.5
p3531,,,op3,op1,20,linear7,,30
p3531,,,op4,op1,15,linear3,,37.5
p3531,,,op5,op1,40,linear7,,20
p3531,,,op6,op1,15,linear3,,37.5
p3531,,,op7,op1,15,linear3,,37.5
p3531,,,op8,op1,20,linear7,,30
p3531,,,op9,op1,5,linear3,,45
p3532,3061.406,BATCH_PIPELINE,op1,,1,const,,55
p3532,,,op2,,20,linear7,,30
p3532,,,op3,,20,linear7,,30
p3532,,,op4,,5,linear3,,45
p3532,,,op5,,5,linear3,,45
p3532,,,op6,,2,sqrt,,55
p3532,,,op7,,15,linear3,,37.5
p3532,,,op8,op1;op2;op3;op4;op5;op6;op7,1,const,,55
p3533,3061.406,INTERACTIVE,op1,,1,const,,55
p3533,,,op2,,15,linear3,,37.5
p3533,,,op3,,15,linear3,,37.5
p3533,,,op4,,20,linear7,,30
p3533,,,op5,,2,sqrt,,55
p3533,,,op6,,20,linear7,,30
p3533,,,op7,,2,sqrt,,55
p3533,,,op8,,1,const,,55
p3533,,,op9,,20,linear7,,30
p3533,,,op10,,20,linear7,,30
p3533,,,op11,,2,sqrt,,55
p3533,,,op12,,2,sqrt,,55
p3533,,,op13,op1;op2;op3;op4;op5;op6;op7;op8;op9;op10;op11;op12,2,sqrt,,55
p3534,3061.406,INTERACTIVE,op1,,1,const,,55
p3534,,,op2,op1,5,linear3,,45
p3534,,,op3,op2,5,linear3,,45
p3534,,,op4,op3,15,linear3,,37.5
p3534,,,op5,op4,15,linear3,,37.5
p3534,,,op6,op5,1,const,,55
p3534,,,op7,op6,15,linear3,,37.5
p3534,,,op8,op7,1,const,,55
p3534,,,op9,op8,20,linear7,,30
p3535,3061.406,BATCH_PIPELINE,op1,,1,const,,55
p3535,,,op2,op1,5,linear3,,45
p3535,,,op3,op2,15,linear3,,37.5
p3535,,,op4,op3,2,sqrt,,55
p3535,,,op5,op4,15,linear3,,37.5
p3536,3061.406,QUERY,op1,,15,linear3,,35
p3537,3061.406,BATCH_PIPELINE,op1,,1,const,,55
p3537,,,op2,op1,1,const,,55
p3537,,,op3,op2,1,const,,55
p3537,,,op4,op3,15,linear3,,37.5
p3537,,,op5,op4,20,linear7,,30
p3537,,,op6,op5,2,sqrt,,55
p3537,,,op7,op6,15,linear3,,37.5
p3537,,,op8,op7,5,linear3,,45
p3538,3061.406,INTERACTIVE,op1,,1,const,,55
p3538,,,op2,op1,40,linear7,,20
p3538,,,op3,op1,15,linear3,,37.5
p3538,,,op4,op1,2,sqrt,,55
p3538,,,op5,op1,2,sqrt,,55
p3538,,,op6,op1,15,linear3,,37.5
p3538,,,op7,op1,2,sqrt,,55
p3538,,,op8,op1,2,sqrt,,55
p3538,,,op9,op1,2,sqrt,,55
p3539,3061.406,INTERACTIVE,op1,,1,const,,55
p3539,,,op2,,80,squared,,10
p3539,,,op3,,15,linear3,,37.5
p3539,,,op4,,20,linear7,,30
p3539,,,op5,,1,const,,55
p3539,,,op6,,5,linear3,,45
p3539,,,op7,,15,linear3,,37.5
p3539,,,op8,,2,sqrt,,55
p3539,,,op9,,5,linear3,,45
p3539,,,op10,op1;op2;op3;op4;op5;op6;op7;op8;op9,15,linear3,,37.5
p3540,3061.406,INTERACTIVE,op1,,1,const,,55
p3540,,,op2,op1,20,linear7,,30
p3540,,,op3,op2,2,sqrt,,55
p3540,,,op4,op3,2,sqrt,,55
p3540,,,op5,op4,15,linear3,,37.5
p3541,3064.617,INTERACTIVE,op1,,1,const,,55
p3541,,,op2,op1,20,linear7,,30
p3541,,,op3,op2,20,linear7,,30
p3541,,,op4,op3,1,const,,55
p3541,,,op5,op4,20,linear7,,30
p3541,,,op6,op5,40,linear7,,20
p3541,,,op7,op6,1,const,,55
p3541,,,op8,op7,2,sqrt,,55
p3541,,,op9,op8,15,linear3,,37.5
p3541,,,op10,op9,20,linear7,,30
p3541,,,op11,op10,2,sqrt,,55
p3542,3064.617,BATCH_PIPELINE,op1,,1,const,,55
p3542,,,op2,op1,40,linear7,,20
p3542,,,op3,op2,15,linear3,,37.5
p3542,,,op4,op3,5,linear3,,45
p3542,,,op5,op4,5,linear3,,45
p3542,,,op6,op5,2,sqrt,,55
p3543,3064.617,BATCH_PIPELINE,op1,,1,const,,55
p3543,,,op2,op1,1,const,,55
p3543,,,op3,op1,20,linear7,,30
p3543,,,op4,op1,20,linear7,,30
p3543,,,op5,op1,1,const,,55
p3543,,,op6,op1,5,linear3,,45
p3543,,,op7,op1,2,sqrt,,55
p3543,,,op8,op1,80,squared,,10
p3543,,,op9,op1,80,squared,,10
p3543,,,op10,op1,2,sqrt,,55
p3544,3064.617,BATCH_PIPELINE,op1,,1,const,,55
p3544,,,op2,op1,40,linear7,,20
p3544,,,op3,op2,1,const,,55
p3544,,,op4,op3,20,linear7,,30
p3544,,,op5,op4,2,sqrt,,55
p3544,,,op6,op5,20,linear7,,30
p3544,,,op7,op6,5,linear3,,45
p3544,,,op8,op7,80,squared,,10
p3544,,,op9,op8,15,linear3,,37.5
p3545,3064.617,BATCH_PIPELINE,op1,,1,const,,55
p3545,,,op2,op1,1,const,,55
p3545,,,op3,op2,80,squared,,10
p3545,,,op4,op3,80,squared,,10
p3545,,,op5,op4,5,linear3,,45
p3545,,,op6,op5,20,linear7,,30
p3545,,,op7,op6,80,squared,,10
p3545,,,op8,op7,40,linear7,,20
p3546,3064.617,BATCH_PIPELINE,op1,,1,const,,55
p3546,,,op2,op1,20,linear7,,30
p3546,,,op3,op2,40,linear7,,20
p3546,,,op4,op3,40,linear7,,20
p3546,,,op5,op4,20,linear7,,30
p3546,,,op6,op5,15,linear3,,37.5
p3546,,,op7,op6,2,sqrt,,55
p3547,3064.617,BATCH_PIPELINE,op1,,1,const,,55
p3547,,,op2,op1,2,sqrt,,55
p3547,,,op3,op2,20,linear7,,30
p3547,,,op4,op3,40,linear7,,20
p3547,,,op5,op4,15,linear3,,37.5
p3547,,,op6,op5,15,linear3,,37.5
p3548,3064.617,INTERACTIVE,op1,,1,const,,55
p3548,,,op2,op1,20,linear7,,30
p3548,,,op3,op1,80,squared,,10
p3548,,,op4,op1,20,linear7,,30
p3548,,,op5,op1,1,const,,55
p3548,,,op6,op1,2,sqrt,,55
p3548,,,op7,op1,20,linear7,,30
p3548,,,op8,op1,5,linear3,,45
p3548,,,op9,op1,40,linear7,,20
p3548,,,op10,op1,80,squared,,10
p3548,,,op11,op1,2,sqrt,,55
p3549,3064.617,BATCH_PIPELINE,op1,,1,const,,55
p3549,,,op2,op1,80,squared,,10
p3549,,,op3,op1,1,const,,55
p3549,,,op4,op1,20,linear7,,30
p3549,,,op5,op1,40,linear7,,20
p3549,,,op6,op1,20,linear7,,30
p3549,,,op7,op1,15,linear3,,37.5
p3550,3064.617,INTERACTIVE,op1,,1,const,,55
p3550,,,op2,op1,20,linear7,,30
p3550,,,op3,op2,5,linear3,,45
p3550,,,op4,op3,1,const,,55
p3550,,,op5,op4,5,linear3,,45
p3550,,,op6,op5,5,linear3,,45
p3550,,,op7,op6,5,linear3,,45
p3550,,,op8,op7,2,sqrt,,55
p3550,,,op9,op8,20,linear7,,30
p3550,,,op10,op9,20,linear7,,30
p3550,,,op11,op10,5,linear3,,45
p3551,3072.911,BATCH_PIPELINE,op1,,1,const,,55
p3551,,,op2,op1,40,linear7,,20
p3551,,,op3,op2,2,sqrt,,55
p3551,,,op4,op3,80,squared,,10
p3551,,,op5,op4,5,linear3,,45
p3551,,,op6,op5,1,const,,55
p3551,,,op7,op6,1,const,,55
p3551,,,op8,op7,1,const,,55
p3552,3072.911,BATCH_PIPELINE,op1,,1,const,,55
p3552,,,op2,,2,sqrt,,55
p3552,,,op3,,1,const,,55
p3552,,,op4,,2,sqrt,,55
p3552,,,op5,,40,linear7,,20
p3552,,,op6,,80,squared,,10
p3552,,,op7,op1;op2;op3;op4;op5;op6,80,squared,,10
p3553,3072.911,INTERACTIVE,op1,,1,const,,55
p3553,,,op2,,20,linear7,,30
p3553,,,op3,,5,linear3,,45
p3553,,,op4,,15,linear3,,37.5
p3553,,,op5,,80,squared,,10
p3553,,,op6,,15,linear3,,37.5
p3553,,,op7,op1;op2;op3;op4;op5;op6,80,squared,,10
p3554,3072.911,BATCH_PIPELINE,op1,,1,const,,55
p3554,,,op2,op1,2,sqrt,,55
p3554,,,op3,op2,20,linear7,,30
p3554,,,op4,op3,80,squared,,10
p3554,,,op5,op4,80,squared,,10
p3554,,,op6,op5,15,linear3,,37.5
p3554,,,op7,op6,1,const,,55
p3554,,,op8,op7,15,linear3,,37.5
p3555,3072.911,BATCH_PIPELINE,op1,,1,const,,55
p3555,,,op2,op1,5,linear3,,45
p3555,,,op3,op1,5,linear3,,45
p3555,,,op4,op1,40,linear7,,20
p3555,,,op5,op1,40,linear7,,20
p3555,,,op6,op1,1,const,,55
p3555,,,op7,op1,2,sqrt,,55
p3556,3072.911,INTERACTIVE,op1,,1,const,,55
p3556,,,op2,,1,const,,55
p3556,,,op3,,5,linear3,,45
p3556,,,op4,,5,linear3,,45
p3556,,,op5,,2,sqrt,,55
p3556,,,op6,,40,linear7,,20
p3556,,,op7,,40,linear7,,20
p3556,,,op8,,15,linear3,,37.5
p3556,,,op9,,2,sqrt,,55
p3556,,,op10,,2,sqrt,,55
p3556,,,op11,op1;op2;op3;op4;op5;op6;op7;op8;op9;op10,15,linear3,,37.5
p3557,3072.911,BATCH_PIPELINE,op1,,1,const,,55
p3557,,,op2,op1,1,const,,55
p3557,,,op3,op2,2,sqrt,,55
p3557,,,op4,op3,5,linear3,,45
p3557,,,op5,op4,80,squared,,10
p3557,,,op6,op5,20,linear7,,30
p3557,,,op7,op6,5,linear3,,45
p3558,3072.911,BATCH_PIPELINE,op1,,1,const,,55
p3558,,,op2,op1,15,linear3,,37.5
p3558,,,op3,op2,40,linear7,,20
p3558,,,op4,op3,1,const,,55
p3558,,,op5,op4,2,sqrt,,55
p3558,,,op6,op5,15,linear3,,37.5
p3558,,,op7,op6,15,linear3,,37.5
p3559,3072.911,BATCH_PIPELINE,op1,,1,const,,55
p3559,,,op2,op1,5,linear3,,45
p3559,,,op3,op2,15,linear3,,37.5
p3559,,,op4,op3,80,squared,,10
p3560,3072.911,BATCH_PIPELINE,op1,,1,const,,55
p3560,,,op2,op1,80,squared,,10
p3560,,,op3,op2,15,linear3,,37.5
p3560,,,op4,op3,1,const,,55
p3561,3081.57,INTERACTIVE,op1,,1,const,,55
p3561,,,op2,op1,2,sqrt,,55
p3561,,,op3,op2,40,linear7,,20
p3561,,,op4,op3,80,squared,,10
p3561,,,op5,op4,15,linear3,,37.5
p3561,,,op6,op5,40,linear7,,20
p3561,,,op7,op6,15,linear3,,37.5
p3561,,,op8,op7,20,linear7,,30
p3561,,,op9,op8,15,linear3,,37.5
p3562,3081.57,INTERACTIVE,op1,,1,const,,55
p3562,,,op2,op1,1,const,,55
p3562,,,op3,op2,20,linear7,,30
p3562,,,op4,op3,5,linear3,,45
p3562,,,op5,op4,15,linear3,,37.5
p3563,3081.57,QUERY,op1,,15,linear3,,35
p3564,3081.57,INTERACTIVE,op1,,1,const,,55
p3564,,,op2,op1,40,linear7,,20
p3564,,,op3,op2,1,const,,55
p3564,,,op4,op3,1,const,,55
p3564,,,op5,op4,2,sqrt,,55
p3564,,,op6,op5,1,const,,55
p3564,,,op7,op6,80,squared,,10
p3564,,,op8,op7,40,linear7,,20
p3565,3081.57,QUERY,op1,,15,linear3,,35
p3566,3081.57,BATCH_PIPELINE,op1,,1,const,,55
p3566,,,op2,op1,1,const,,55
p3566,,,op3,op2,1,const,,55
p3566,,,op4,op3,5,linear3,,45
p3566,,,op5,op4,15,linear3,,37.5
p3566,,,op6,op5,15,linear3,,37.5
p3566,,,op7,op6,1,const,,55
p3566,,,op8,op7,1,const,,55
p3566,,,op9,op8,15,linear3,,37.5
p3566,,,op10,op9,20,linear7,,30
p3567,3081.57,INTERACTIVE,op1,,1,const,,55
p3567,,,op2,,1,const,,55
p3567,,,op3,,5,linear3,,45
p3567,,,op4,,1,const,,55
p3567,,,op5,op1;op2;op3;op4,20,linear7,,30
p3568,3081.57,BATCH_PIPELINE,op1,,1,const,,55
p3568,,,op2,op1,20,linear7,,30
p3568,,,op3,op1,5,linear3,,45
p3568,,,op4,op1,2,sqrt,,55
p3568,,,op5,op1,5,linear3,,45
p3568,,,op6,op1,1,const,,55
p3568,,,op7,op1,5,linear3,,45
p3569,3081.57,BATCH_PIPELINE,op1,,1,const,,55
p3569,,,op2,op1,1,const,,55
p3569,,,op3,op2,1,const,,55
p3569,,,op4,op3,2,sqrt,,55
p3569,,,op5,op4,15,linear3,,37.5
p3569,,,op6,op5,5,linear3,,45
p3569,,,op7,op6,5,linear3,,45
p3570,3081.57,BATCH_PIPELINE,op1,,1,const,,55
p3570,,,op2,op1,2,sqrt,,55
p3570,,,op3,op2,40,linear7,,20
p3570,,,op4,op3,15,linear3,,37.5
p3570,,,op5,op4,2,sqrt,,55
p3570,,,op6,op5,40,linear7,,20
p3571,3091.5750000000003,BATCH_PIPELINE,op1,,1,const,,55
p3572,3091.5750000000003,INTERACTIVE,op1,,1,const,,55
p3572,,,op2,op1,20,linear7,,30
p3572,,,op3,op2,20,linear7,,30
p3572,,,op4,op3,40,linear7,,20
p3572,,,op5,op4,20,linear7,,30
p3572,,,op6,op5,40,linear7,,20
p3572,,,op7,op6,15,linear3,,37.5
p3572,,,op8,op7,15,linear3,,37.5
p3572,,,op9,op8,5,linear3,,45
p3573,3091.5750000000003,INTERACTIVE,op1,,1,const,,55
p3573,,,op2,op1,20,linear7,,30
p3573,,,op3,op2,40,linear7,,20
p3573,,,op4,op3,5,linear3,,45
p3573,,,op5,op4,20,linear7,,30
p3574,3091.5750000000003,INTERACTIVE,op1,,1,const,,55
p3574,,,op2,op1,20,linear7,,30
p3574,,,op3,op2,5,linear3,,45
p3574,,,op4,op3,1,const,,55
p3574,,,op5,op4,5,linear3,,45
p3574,,,op6,op5,40,linear7,,20
p3574,,,op7,op6,1,const,,55
p3574,,,op8,op7,1,const,,55
p3574,,,op9,op8,15,linear3,,37.5
p3575,3091.5750000000003,BATCH_PIPELINE,op1,,1,const,,55
p3575,,,op2,op1,40,linear7,,20
p3575,,,op3,op2,5,linear3,,45
p3575,,,op4,op3,80,squared,,10
p3575,,,op5,op4,40,linear7,,20
p3575,,,op6,op5,2,sqrt,,55
p3575,,,op7,op6,40,linear7,,20
p3575,,,op8,op7,2,sqrt,,55
p3575,,,op9,op8,5,linear3,,45
p3575,,,op10,op9,1,const,,55
p3575,,,op11,op10,15,linear3,,37.5
p3576,3091.5750000000003,BATCH_PIPELINE,op1,,1,const,,55
p3576,,,op2,op1,2,sqrt,,55
p3576,,,op3,op2,15,linear3,,37.5
p3576,,,op4,op3,40,linear7,,20
p3576,,,op5,op4,1,const,,55
p3576,,,op6,op5,20,linear7,,30
p3576,,,op7,op6,15,linear3,,37.5
p3577,3091.5750000000003,BATCH_PIPELINE,op1,,1,const,,55
p3577,,,op2,op1,15,linear3,,37.5
p3577,,,op3,op2,2,sqrt,,55
p3577,,,op4,op3,15,linear3,,37.5
p3577,,,op5,op4,20,linear7,,30
p3577,,,op6,op5,2,sqrt,,55
p3577,,,op7,op6,1,const,,55
p3578,3091.5750000000003,INTERACTIVE,op1,,1,const,,55
p3578,,,op2,op1,40,linear7,,20
p3578,,,op3,op2,15,linear3,,37.5
p3578,,,op4,op3,5,linear3,,45
p3578,,,op5,op4,5,linear3,,45
p3578,,,op6,op5,1,const,,55
p3578,,,op7,op6,2,sqrt,,55
p3578,,,op8,op7,5,linear3,,45
p3578,,,op9,op8,5,linear3,,45
p3579,3091.5750000000003,BATCH_PIPELINE,op1,,1,const,,55
p3579,,,op2,,20,linear7,,30
p3579,,,op3,,2,sqrt,,55
p3579,,,op4,,2,sqrt,,55
p3579,,,op5,op1;op2;op3;op4,15,linear3,,37.5
p3580,3091.5750000000003,BATCH_PIPELINE,op1,,1,const,,55
p3580,,,op2,op1,15,linear3,,37.5
p3580,,,op3,op2,2,sqrt,,55
p3580,,,op4,op3,15,linear3,,37.5
p3580,,,op5,op4,5,linear3,,45
p3580,,,op6,op5,5,linear3,,45
p3580,,,op7,op6,40,linear7,,20
p3580,,,op8,op7,2,sqrt,,55
p3580,,,op9,op8,2,sqrt,,55
p3580,,,op10,op9,5,linear3,,45
p3581,3103.8920000000003,BATCH_PIPELINE,op1,,1,const,,55
p3581,,,op2,op1,40,linear7,,20
p3581,,,op3,op1,15,linear3,,37.5
p3581,,,op4,op1,20,linear7,,30
p3581,,,op5,op1,1,const,,55
p3581,,,op6,op1,1,const,,55
p3581,,,op7,op1,40,linear7,,20
p3581,,,op8,op1,40,linear7,,20
p3581,,,op9,op1,80,squared,,10
p3581,,,op10,op1,1,const,,55
p3582,3103.8920000000003,BATCH_PIPELINE,op1,,1,const,,55
p3582,,,op2,op1,2,sqrt,,55
p3582,,,op3,op2,15,linear3,,37.5
p3582,,,op4,op3,2,sqrt,,55
p3582,,,op5,op4,15,linear3,,37.5
p3583,3103.8920000000003,INTERACTIVE,op1,,1,const,,55
p3583,,,op2,,15,linear3,,37.5
p3583,,,op3,,5,linear3,,45
p3583,,,op4,,2,sqrt,,55
p3583,,,op5,,20,linear7,,30
p3583,,,op6,,1,const,,55
p3583,,,op7,,15,linear3,,37.5
p3583,,,op8,,1,const,,55
p3583,,,op9,,5,linear3,,45
p3583,,,op10,op1;op2;op3;op4;op5;op6;op7;op8;op9,1,const,,55
p3584,3103.8920000000003,QUERY,op1,,15,linear3,,35
p3585,3103.8920000000003,BATCH_PIPELINE,op1,,1,const,,55
p3585,,,op2,op1,1,const,,55
p3585,,,op3,op2,1,const,,55
p3585,,,op4,op3,20,linear7,,30
p3585,,,op5,op4,15,linear3,,37.5
p3585,,,op6,op5,2,sqrt,,55
p3586,3103.8920000000003,BATCH_PIPELINE,op1,,1,const,,55
p3586,,,op2,op1,2,sqrt,,55
p3586,,,op3,op2,80,squared,,10
p3586,,,op4,op3,15,linear3,,37.5
p3586,,,op5,op4,15,linear3,,37.5
p3586,,,op6,op5,15,linear3,,37.5
p3587,3103.8920000000003,BATCH_PIPELINE,op1,,1,const,,55
p3587,,,op2,op1,5,linear3,,45
p3587,,,op3,op2,80,squared,,10
p3587,,,op4,op3,2,sqrt,,55
p3587,,,op5,op4,20,linear7,,30
p3587,,,op6,op5,20,linear7,,30
p3588,3103.8920000000003,BATCH_PIPELINE,op1,,1,const,,55
p3588,,,op2,op1,1,const,,55
p3588,,,op3,op2,15,linear3,,37.5
p3588,,,op4,op3,15,linear3,,37.5
p3588,,,op5,op4,20,linear7,,30
p3588,,,op6,op5,15,linear3,,37.5
p3588,,,op7,op6,20,linear7,,30
p3588,,,op8,op7,2,sqrt,,55
p3589,3103.8920000000003,BATCH_PIPELINE,op1,,1,const,,55
p3589,,,op2,op1,20,linear7,,30
p3589,,,op3,op2,2,sqrt,,55
p3589,,,op4,op3,20,linear7,,30
p3589,,,op5,op4,5,linear3,,45
p3589,,,op6,op5,15,linear3,,37.5
p3590,3103.8920000000003,BATCH_PIPELINE,op1,,1,const,,55
p3590,,,op2,op1,2,sqrt,,55
p3590,,,op3,op2,1,const,,55
p3590,,,op4,op3,2,sqrt,,55
p3590,,,op5,op4,15,linear3,,37.5
p3590,,,op6,op5,5,linear3,,45
p3591,3115.184,INTERACTIVE,op1,,1,const,,55
p3591,,,op2,op1,1,const,,55
p3591,,,op3,op1,5,linear3,,45
p3591,,,op4,op1,1,const,,55
p3591,,,op5,op1,5,linear3,,45
p3591,,,op6,op1,40,linear7,,20
p3591,,,op7,op1,15,linear3,,37.5
p3592,3115.184,INTERACTIVE,op1,,1,const,,55
p3592,,,op2,op1,5,linear3,,45
p3592,,,op3,op2,15,linear3,,37.5
p3592,,,op4,op3,20,linear7,,30
p3592,,,op5,op4,20,linear7,,30
p3593,3115.184,QUERY,op1,,15,linear3,,35
p3594,3115.184,INTERACTIVE,op1,,1,const,,55
p3594,,,op2,op1,2,sqrt,,55
p3594,,,op3,op1,5,linear3,,45
p3594,,,op4,op1,40,linear7,,20
p3594,,,op5,op1,5,linear3,,45
p3594,,,op6,op1,1,const,,55
p3595,3115.184,BATCH_PIPELINE,op1,,1,const,,55
p3595,,,op2,op1,15,linear3,,37.5
p3595,,,op3,op1,2,sqrt,,55
p3595,,,op4,op1,5,linear3,,45
p3595,,,op5,op1,5,linear3,,45
p3595,,,op6,op1,20,linear7,,30
p3595,,,op7,op1,15,linear3,,37.5
p3595,,,op8,op1,40,linear7,,20
p3595,,,op9,op1,40,linear7,,20
p3595,,,op10,op1,15,linear3,,37.5
p3596,3115.184,INTERACTIVE,op1,,1,const,,55
p3596,,,op2,op1,1,const,,55
p3596,,,op3,op2,15,linear3,,37.5
p3596,,,op4,op3,5,linear3,,45
p3596,,,op5,op4,5,linear3,,45
p3596,,,op6,op5,2,sqrt,,55
p3596,,,op7,op6,2,sqrt,,55
p3596,,,op8,op7,40,linear7,,20
p3597,3115.184,BATCH_PIPELINE,op1,,1,const,,55
p3597,,,op2,op1,1,const,,55
p3597,,,op3,op2,15,linear3,,37.5
p3597,,,op4,op3,1,const,,55
p3597,,,op5,op4,20,linear7,,30
p3597,,,op6,op5,5,linear3,,45
p3597,,,op7,op6,20,linear7,,30
p3597,,,op8,op7,40,linear7,,20
p3597,,,op9,op8,1,const,,55
p3597,,,op10,op9,5,linear3,,45
p3598,3115.184,INTERACTIVE,op1,,1,const,,55
p3598,,,op2,op1,1,const,,55
p3598,,,op3,op2,80,squared,,10
p3598,,,op4,op3,2,sqrt,,55
p3598,,,op5,op4,1,const,,55
p3598,,,op6,op5,1,const,,55
p3598,,,op7,op6,15,linear3,,37.5
p3598,,,op8,op7,15,linear3,,37.5
p3598,,,op9,op8,2,sqrt,,55
p3598,,,op10,op9,5,linear3,,45
p3598,,,op11,op10,15,linear3,,37.5
p3598,,,op12,op11,40,linear7,,20
p3599,3115.184,INTERACTIVE,op1,,1,const,,55
p3599,,,op2,op1,20,linear7,,30
p3599,,,op3,op2,80,squared,,10
p3599,,,op4,op3,1,const,,55
p3599,,,op5,op4,40,linear7,,20
p3599,,,op6,op5,5,linear3,,45
p3600,3115.184,BATCH_PIPELINE,op1,,1,const,,55
p3600,,,op2,op1,40,linear7,,20
p3600,,,op3,op2,2,sqrt,,55
p3600,,,op4,op3,5,linear3,,45
p3601,3120.174,BATCH_PIPELINE,op1,,1,const,,55
p3601,,,op2,op1,15,linear3,,37.5
p3601,,,op3,op2,1,const,,55
p3601,,,op4,op3,20,linear7,,30
p3601,,,op5,op4,1,const,,55
p3601,,,op6,op5,15,linear3,,37.5
p3601,,,op7,op6,2,sqrt,,55
p3602,3120.174,BATCH_PIPELINE,op1,,1,const,,55
p3602,,,op2,op1,2,sqrt,,55
p3602,,,op3,op2,15,linear3,,37.5
p3602,,,op4,op3,15,linear3,,37.5
p3602,,,op5,op4,15,linear3,,37.5
p3602,,,op6,op5,80,squared,,10
p3602,,,op7,op6,15,linear3,,37.5
p3602,,,op8,op7,5,linear3,,45
p3602,,,op9,op8,15,linear3,,37.5
p3603,3120.174,BATCH_PIPELINE,op1,,1,const,,55
p3603,,,op2,,20,linear7,,30
p3603,,,op3,,1,const,,55
p3603,,,op4,,2,sqrt,,55
p3603,,,op5,op1;op2;op3;op4,20,linear7,,30
p3604,3120.174,INTERACTIVE,op1,,1,const,,55
p3604,,,op2,,5,linear3,,45
p3604,,,op3,,40,linear7,,20
p3604,,,op4,,80,squared,,10
p3604,,,op5,,2,sqrt,,55
p3604,,,op6,op1;op2;op3;op4;op5,15,linear3,,37.5
p3605,3120.174,BATCH_PIPELINE,op1,,1,const,,55
p3605,,,op2,,2,sqrt,,55
p3605,,,op3,,80,squared,,10
p3605,,,op4,,15,linear3,,37.5
p3605,,,op5,,5,linear3,,45
p3605,,,op6,,20,linear7,,30
p3605,,,op7,,5,linear3,,45
p3605,,,op8,op1;op2;op3;op4;op5;op6;op7,5,linear3,,45
p3606,3120.174,INTERACTIVE,op1,,1,const,,55
p3606,,,op2,op1,1,const,,55
p3606,,,op3,op2,2,sqrt,,55
p3606,,,op4,op3,20,linear7,,30
p3606,,,op5,op4,20,linear7,,30
p3606,,,op6,op5,15,linear3,,37.5
p3606,,,op7,op6,15,linear3,,37.5
p3606,,,op8,op7,15,linear3,,37.5
p3607,3120.174,BATCH_PIPELINE,op1,,1,const,,55
p3607,,,op2,op1,5,linear3,,45
p3607,,,op3,op1,15,linear3,,37.5
p3607,,,op4,op1,1,const,,55
p3607,,,op5,op1,1,const,,55
p3608,3120.174,INTERACTIVE,op1,,1,const,,55
p3608,,,op2,op1,5,linear3,,45
p3608,,,op3,op2,2,sqrt,,55
p3608,,,op4,op3,20,linear7,,30
p3608,,,op5,op4,5,linear3,,45
p3608,,,op6,op5,20,linear7,,30
p3609,3120.174,INTERACTIVE,op1,,1,const,,55
p3609,,,op2,op1,40,linear7,,20
p3609,,,op3,op1,2,sqrt,,55
p3609,,,op4,op1,15,linear3,,37.5
p3609,,,op5,op1,5,linear3,,45
p3610,3120.174,BATCH_PIPELINE,op1,,1,const,,55
p3610,,,op2,op1,40,linear7,,20
p3610,,,op3,op2,2,sqrt,,55
p3610,,,op4,op3,15,linear3,,37.5
p3610,,,op5,op4,40,linear7,,20
p3610,,,op6,op5,1,const,,55
p3611,3127.67,INTERACTIVE,op1,,1,const,,55
p3611,,,op2,op1,5,linear3,,45
p3611,,,op3,op2,80,squared,,10
p3611,,,op4,op3,80,squared,,10
p3611,,,op5,op4,2,sqrt,,55
p3611,,,op6,op5,2,sqrt,,55
p3611,,,op7,op6,5,linear3,,45
p3612,3127.67,BATCH_PIPELINE,op1,,1,const,,55
p3612,,,op2,op1,20,linear7,,30
p3612,,,op3,op1,1,const,,55
p3612,,,op4,op1,2,sqrt,,55
p3612,,,op5,op1,2,sqrt,,55
p3612,,,op6,op1,2,sqrt,,55
p3612,,,op7,op1,2,sqrt,,55
p3612,,,op8,op1,2,sqrt,,55
p3612,,,op9,op1,20,linear7,,30
p3613,3127.67,BATCH_PIPELINE,op1,,1,const,,55
p3613,,,op2,op1,2,sqrt,,55
p3613,,,op3,op2,15,linear3,,37.5
p3613,,,op4,op3,1,const,,55
p3613,,,op5,op4,1,const,,55
p3613,,,op6,op5,20,linear7,,30
p3613,,,op7,op6,40,linear7,,20
p3613,,,op8,op7,15,linear3,,37.5
p3613,,,op9,op8,5,linear3,,45
p3613,,,op10,op9,1,const,,55
p3614,3127.67,BATCH_PIPELINE,op1,,1,const,,55
p3614,,,op2,,5,linear3,,45
p3614,,,op3,,5,linear3,,45
p3614,,,op4,,1,const,,55
p3614,,,op5,,15,linear3,,37.5
p3614,,,op6,,2,sqrt,,55
p3614,,,op7,,5,linear3,,45
p3614,,,op8,op1;op2;op3;op4;op5;op6;op7,80,squared,,10
p3615,3127.67,INTERACTIVE,op1,,1,const,,55
p3615,,,op2,op1,1,const,,55
p3615,,,op3,op2,5,linear3,,45
p3616,3127.67,BATCH_PIPELINE,op1,,1,const,,55
p3616,,,op2,op1,5,linear3,,45
p3616,,,op3,op1,15,linear3,,37.5
p3616,,,op4,op1,5,linear3,,45
p3616,,,op5,op1,5,linear3,,45
p3616,,,op6,op1,5,linear3,,45
p3616,,,op7,op1,5,linear3,,45
p3616,,,op8,op1,15,linear3,,37.5
p3617,3127.67,BATCH_PIPELINE,op1,,1,const,,55
p3617,,,op2,op1,15,linear3,,37.5
p3617,,,op3,op2,80,squared,,10
p3617,,,op4,op3,5,linear3,,45
p3617,,,op5,op4,5,linear3,,45
p3617,,,op6,op5,1,const,,55
p3617,,,op7,op6,2,sqrt,,55
p3617,,,op8,op7,5,linear3,,45
p3617,,,op9,op8,20,linear7,,30
p3617,,,op10,op9,20,linear7,,30
p3618,3127.67,BATCH_PIPELINE,op1,,1,const,,55
p3618,,,op2,op1,15,linear3,,37.5
p3618,,,op3,op2,15,linear3,,37.5
p3618,,,op4,op3,15,linear3,,37.5
p3618,,,op5,op4,5,linear3,,45
p3618,,,op6,op5,2,sqrt,,55
p3618,,,op7,op6,1,const,,55
p3618,,,op8,op7,15,linear3,,37.5
p3618,,,op9,op8,15,linear3,,37.5
p3619,3127.67,BATCH_PIPELINE,op1,,1,const,,55
p3619,,,op2,op1,20,linear7,,30
p3619,,,op3,op1,15,linear3,,37.5
p3619,,,op4,op1,5,linear3,,45
p3619,,,op5,op1,20,linear7,,30
p3619,,,op6,op1,20,linear7,,30
p3619,,,op7,op1,1,const,,55
p3620,3127.67,BATCH_PIPELINE,op1,,1,const,,55
p3620,,,op2,op1,1,const,,55
p3620,,,op3,op2,15,linear3,,37.5
p3620,,,op4,op3,20,linear7,,30
p3620,,,op5,op4,5,linear3,,45
p3620,,,op6,op5,1,const,,55
p3621,3141.072,QUERY,op1,,15,linear3,,35
p3622,3141.072,INTERACTIVE,op1,,1,const,,55
p3622,,,op2,op1,15,linear3,,37.5
p3622,,,op3,op2,1,const,,55
p3622,,,op4,op3,20,linear7,,30
p3622,,,op5,op4,40,linear7,,20
p3622,,,op6,op5,5,linear3,,45
p3622,,,op7,op6,1,const,,55
p3623,3141.072,BATCH_PIPELINE,op1,,1,const,,55
p3623,,,op2,op1,2,sqrt,,55
p3623,,,op3,op2,15,linear3,,37.5
p3623,,,op4,op3,5,linear3,,45
p3623,,,op5,op4,1,const,,55
p3623,,,op6,op5,40,linear7,,20
p3623,,,op7,op6,80,squared,,10
p3623,,,op8,op7,40,linear7,,20
p3624,3141.072,BATCH_PIPELINE,op1,,1,const,,55
p3624,,,op2,op1,1,const,,55
p3624,,,op3,op2,5,linear3,,45
p3624,,,op4,op3,15,linear3,,37.5
p3624,,,op5,op4,5,linear3,,45
p3624,,,op6,op5,1,const,,55
p3624,,,op7,op6,15,linear3,,37.5
p3624,,,op8,op7,5,linear3,,45
p3624,,,op9,op8,20,linear7,,30
p3624,,,op10,op9,15,linear3,,37.5
p3624,,,op11,op10,1,const,,55
p3625,3141.072,INTERACTIVE,op1,,1,const,,55
p3625,,,op2,,20,linear7,,30
p3625,,,op3,,2,sqrt,,55
p3625,,,op4,,20,linear7,,30
p3625,,,op5,,2,sqrt,,55
p3625,,,op6,,5,linear3,,45
p3625,,,op7,,5,linear3,,45
p3625,,,op8,,15,linear3,,37.5
p3625,,,op9,,2,sqrt,,55
p3625,,,op10,,1,const,,55
p3625,,,op11,op1;op2;op3;op4;op5;op6;op7;op8;op9;op10,15,linear3,,37.5
p3626,3141.072,BATCH_PIPELINE,op1,,1,const,,55
p3626,,,op2,op1,5,linear3,,45
p3626,,,op3,op2,15,linear3,,37.5
p3626,,,op4,op3,5,linear3,,45
p3626,,,op5,op4,5,linear3,,45
p3626,,,op6,op5,15,linear3,,37.5
p3626,,,op7,op6,80,squared,,10
p3626,,,op8,op7,20,linear7,,30
p3627,3141.072,BATCH_PIPELINE,op1,,1,const,,55
p3627,,,op2,,15,linear3,,37.5
p3627,,,op3,,20,linear7,,30
p3627,,,op4,,15,linear3,,37.5
p3627,,,op5,,5,linear3,,45
p3627,,,op6,,2,sqrt,,55
p3627,,,op7,,5,linear3,,45
p3627,,,op8,,2,sqrt,,55
p3627,,,op9,op1;op2;op3;op4;op5;op6;op7;op8,20,linear7,,30
p3628,3141.072,BATCH_PIPELINE,op1,,1,const,,55
p3628,,,op2,,2,sqrt,,55
p3628,,,op3,,2,sqrt,,55
p3628,,,op4,,1,const,,55
p3628,,,op5,,1,const,,55
p3628,,,op6,,2,sqrt,,55
p3628,,,op7,,20,linear7,,30
p3628,,,op8,,2,sqrt,,55
p3628,,,op9,,40,linear7,,20
p3628,,,op10,,40,linear7,,20
p3628,,,op11,op1;op2;op3;op4;op5;op6;op7;op8;op9;op10,15,linear3,,37.5
p3629,3141.072,INTERACTIVE,op1,,1,const,,55
p3629,,,op2,op1,15,linear3,,37.5
p3629,,,op3,op2,15,linear3,,37.5
p3629,,,op4,op3,40,linear7,,20
p3629,,,op5,op4,2,sqrt,,55
p3630,3141.072,INTERACTIVE,op1,,1,const,,55
p3630,,,op2,op1,1,const,,55
p3630,,,op3,op2,5,linear3,,45
p3630,,,op4,op3,5,linear3,,45
p3630,,,op5,op4,40,linear7,,20
p3630,,,op6,op5,1,const,,55
p3630,,,op7,op6,20,linear7,,30
p3631,3152.935,QUERY,op1,,15,linear3,,35
p3632,3152.935,INTERACTIVE,op1,,1,const,,55
p3632,,,op2,op1,15,linear3,,37.5
p3632,,,op3,op2,2,sqrt,,55
p3632,,,op4,op3,20,linear7,,30
p3632,,,op5,op4,5,linear3,,45
p3632,,,op6,op5,15,linear3,,37.5
p3632,,,op7,op6,15,linear3,,37.5
p3632,,,op8,op7,20,linear7,,30
p3632,,,op9,op8,80,squared,,10
p3633,3152.935,INTERACTIVE,op1,,1,const,,55
p3633,,,op2,,40,linear7,,20
p3633,,,op3,,15,linear3,,37.5
p3633,,,op4,,5,linear3,,45
p3633,,,op5,,15,linear3,,37.5
p3633,,,op6,,15,linear3,,37.5
p3633,,,op7,,2,sqrt,,55
p3633,,,op8,op1;op2;op3;op4;op5;op6;op7,40,linear7,,20
p3634,3152.935,BATCH_PIPELINE,op1,,1,const,,55
p3634,,,op2,op1,2,sqrt,,55
p3634,,,op3,op2,5,linear3,,45
p3634,,,op4,op3,20,linear7,,30
p3634,,,op5,op4,20,linear7,,30
p3634,,,op6,op5,2,sqrt,,55
p3634,,,op7,op6,20,linear7,,30
p3634,,,op8,op7,2,sqrt,,55
p3634,,,op9,op8,2,sqrt,,55
p3635,3152.935,BATCH_PIPELINE,op1,,1,const,,55
p3635,,,op2,,80,squared,,10
p3635,,,op3,,40,linear7,,20
p3635,,,op4,,80,squared,,10
p3635,,,op5,op1;op2;op3;op4,15,linear3,,37.5
p3636,3152.935,BATCH_PIPELINE,op1,,1,const,,55
p3636,,,op2,op1,20,linear7,,30
p3636,,,op3,op2,40,linear7,,20
p3636,,,op4,op3,20,linear7,,30
p3636,,,op5,op4,2,sqrt,,55
p3636,,,op6,op5,15,linear3,,37.5
p3636,,,op7,op6,2,sqrt,,55
p3637,3152.935,QUERY,op1,,15,linear3,,35
p3638,3152.935,BATCH_PIPELINE,op1,,1,const,,55
p3638,,,op2,op1,20,linear7,,30
p3638,,,op3,op2,5,linear3,,45
p3638,,,op4,op3,15,linear3,,37.5
p3638,,,op5,op4,2,sqrt,,55
p3639,3152.935,INTERACTIVE,op1,,1,const,,55
p3639,,,op2,op1,2,sqrt,,55
p3639,,,op3,op2,5,linear3,,45
p3639,,,op4,op3,1,const,,55
p3639,,,op5,op4,1,const,,55
p3639,,,op6,op5,1,const,,55
p3639,,,op7,op6,80,squared,,10
p3639,,,op8,op7,15,linear3,,37.5
p3640,3152.935,BATCH_PIPELINE,op1,,1,const,,55
p3640,,,op2,op1,40,linear7,,20
p3640,,,op3,op2,15,linear3,,37.5
p3640,,,op4,op3,80,squared,,10
p3640,,,op5,op4,5,linear3,,45
p3640,,,op6,op5,20,linear7,,30
p3640,,,op7,op6,20,linear7,,30
p3640,,,op8,op7,2,sqrt,,55
p3641,3162.032,BATCH_PIPELINE,op1,,1,const,,55
p3641,,,op2,op1,5,linear3,,45
p3641,,,op3,op2,5,linear3,,45
p3641,,,op4,op3,20,linear7,,30
p3641,,,op5,op4,2,sqrt,,55
p3641,,,op6,op5,80,squared,,10
p3641,,,op7,op6,20,linear7,,30
p3642,3162.032,BATCH_PIPELINE,op1,,1,const,,55
p3642,,,op2,op1,15,linear3,,37.5
p3642,,,op3,op2,1,const,,55
p3642,,,op4,op3,80,squared,,10
p3642,,,op5,op4,20,linear7,,30
p3642,,,op6,op5,1,const,,55
p3642,,,op7,op6,15,linear3,,37.5
p3642,,,op8,op7,5,linear3,,45
p3642,,,op9,op8,15,linear3,,37.5
p3643,3162.032,BATCH_PIPELINE,op1,,1,const,,55
p3643,,,op2,op1,5,linear3,,45
p3643,,,op3,op2,15,linear3,,37.5
p3643,,,op4,op3,5,linear3,,45
p3643,,,op5,op4,5,linear3,,45
p3643,,,op6,op5,20,linear7,,30
p3643,,,op7,op6,2,sqrt,,55
p3643,,,op8,op7,2,sqrt,,55
p3644,3162.032,BATCH_PIPELINE,op1,,1,const,,55
p3644,,,op2,op1,20,linear7,,30
p3644,,,op3,op1,2,sqrt,,55
p3644,,,op4,op1,20,linear7,,30
p3644,,,op5,op1,15,linear3,,37.5
p3644,,,op6,op1,1,const,,55
p3645,3162.032,BATCH_PIPELINE,op1,,1,const,,55
p3645,,,op2,op1,80,squared,,10
p3645,,,op3,op1,2,sqrt,,55
p3645,,,op4,op1,1,const,,55
p3645,,,op5,op1,15,linear3,,37.5
p3645,,,op6,op1,20,linear7,,30
p3645,,,op7,op1,5,linear3,,45
p3645,,,op8,op1,15,linear3,,37.5
p3645,,,op9,op1,80,squared,,10
p3645,,,op10,op1,15,linear3,,37.5
p3646,3162.032,INTERACTIVE,op1,,1,const,,55
p3646,,,op2,op1,15,linear3,,37.5
p3646,,,op3,op2,5,linear3,,45
p3646,,,op4,op3,15,linear3,,37.5
p3646,,,op5,op4,20,linear7,,30
p3646,,,op6,op5,5,linear3,,45
p3646,,,op7,op6,1,const,,55
p3646,,,op8,op7,40,linear7,,20
p3646,,,op9,op8,20,linear7,,30
p3646,,,op10,op9,1,const,,55
p3647,3162.032,INTERACTIVE,op1,,1,const,,55
p3647,,,op2,,2,sqrt,,55
p3647,,,op3,,20,linear7,,30
p3647,,,op4,,15,linear3,,37.5
p3647,,,op5,,15,linear3,,37.5
p3647,,,op6,,2,sqrt,,55
p3647,,,op7,,1,const,,55
p3647,,,op8,,2,sqrt,,55
p3647,,,op9,,20,linear7,,30
p3647,,,op10,op1;op2;op3;op4;op5;op6;op7;op8;op9,5,linear3,,45
p3648,3162.032,INTERACTIVE,op1,,1,const,,55
p3648,,,op2,op1,5,linear3,,45
p3648,,,op3,op2,1,const,,55
p3648,,,op4,op3,1,const,,55
p3648,,,op5,op4,1,const,,55
p3648,,,op6,op5,20,linear7,,30
p3648,,,op7,op6,5,linear3,,45
p3648,,,op8,op7,2,sqrt,,55
p3648,,,op9,op8,2,sqrt,,55
p3648,,,op10,op9,2,sqrt,,55
p3649,3162.032,QUERY,op1,,15,linear3,,35
p3650,3162.032,BATCH_PIPELINE,op1,,1,const,,55
p3650,,,op2,op1,20,linear7,,30
p3650,,,op3,op1,5,linear3,,45
p3650,,,op4,op1,5,linear3,,45
p3650,,,op5,op1,40,linear7,,20
p3650,,,op6,op1,5,linear3,,45
p3650,,,op7,op1,15,linear3,,37.5
p3650,,,op8,op1,1,const,,55
p3650,,,op9,op1,15,linear3,,37.5
p3651,3167.452,QUERY,op1,,15,linear3,,35
p3652,3167.452,INTERACTIVE,op1,,1,const,,55
p3652,,,op2,op1,2,sqrt,,55
p3652,,,op3,op2,2,sqrt,,55
p3652,,,op4,op3,5,linear3,,45
p3652,,,op5,op4,2,sqrt,,55
p3652,,,op6,op5,1,const,,55
p3652,,,op7,op6,1,const,,55
p3652,,,op8,op7,5,linear3,,45
p3652,,,op9,op8,5,linear3,,45
p3652,,,op10,op9,20,linear7,,30
p3653,3167.452,BATCH_PIPELINE,op1,,1,const,,55
p3653,,,op2,,15,linear3,,37.5
p3653,,,op3,,5,linear3,,45
p3653,,,op4,,5,linear3,,45
p3653,,,op5,,40,linear7,,20
p3653,,,op6,,15,linear3,,37.5
p3653,,,op7,op1;op2;op3;op4;op5;op6,15,linear3,,37.5
p3654,3167.452,QUERY,op1,,15,linear3,,35
p3655,3167.452,QUERY,op1,,15,linear3,,35
p3656,3167.452,BATCH_PIPELINE,op1,,1,const,,55
p3656,,,op2,op1,1,const,,55
p3656,,,op3,op2,5,linear3,,45
p3656,,,op4,op3,15,linear3,,37.5
p3656,,,op5,op4,5,linear3,,45
p3656,,,op6,op5,5,linear3,,45
p3657,3167.452,BATCH_PIPELINE,op1,,1,const,,55
p3657,,,op2,op1,15,linear3,,37.5
p3657,,,op3,op2,40,linear7,,20
p3657,,,op4,op3,2,sqrt,,55
p3657,,,op5,op4,2,sqrt,,55
p3657,,,op6,op5,15,linear3,,37.5
p3657,,,op7,op6,15,linear3,,37.5
p3657,,,op8,op7,15,linear3,,37.5
p3657,,,op9,op8,20,linear7,,30
p3658,3167.452,QUERY,op1,,15,linear3,,35
p3659,3167.452,QUERY,op1,,15,linear3,,35
p3660,3167.452,BATCH_PIPELINE,op1,,1,const,,55
p3660,,,op2,op1,1,const,,55
p3660,,,op3,op2,15,linear3,,37.5
p3660,,,op4,op3,2,sqrt,,55
p3660,,,op5,op4,1,const,,55
p3660,,,op6,op5,15,linear3,,37.5
p3660,,,op7,op6,5,linear3,,45
p3660,,,op8,op7,80,squared,,10
p3660,,,op9,op8,15,linear3,,37.5
p3661,3177.771,BATCH_PIPELINE,op1,,1,const,,55
p3661,,,op2,op1,40,linear7,,20
p3661,,,op3,op2,20,linear7,,30
p3661,,,op4,op3,1,const,,55
p3661,,,op5,op4,1,const,,55
p3661,,,op6,op5,1,const,,55
p3662,3177.771,INTERACTIVE,op1,,1,const,,55
p3662,,,op2,op1,15,linear3,,37.5
p3662,,,op3,op2,15,linear3,,37.5
p3662,,,op4,op3,5,linear3,,45
p3663,3177.771,BATCH_PIPELINE,op1,,1,const,,55
p3663,,,op2,op1,1,const,,55
p3663,,,op3,op2,1,const,,55
p3663,,,op4,op3,40,linear7,,20
p3663,,,op5,op4,40,linear7,,20
p3663,,,op6,op5,40,linear7,,20
p3663,,,op7,op6,5,linear3,,45
p3663,,,op8,op7,1,const,,55
p3664,3177.771,BATCH_PIPELINE,op1,,1,const,,55
p3664,,,op2,op1,40,linear7,,20
p3664,,,op3,op2,40,linear7,,20
p3664,,,op4,op3,5,linear3,,45
p3664,,,op5,op4,1,const,,55
p3664,,,op6,op5,1,const,,55
p3665,3177.771,BATCH_PIPELINE,op1,,1,const,,55
p3665,,,op2,op1,5,linear3,,45
p3665,,,op3,op2,2,sqrt,,55
p3665,,,op4,op3,1,const,,55
p3665,,,op5,op4,80,squared,,10
p3665,,,op6,op5,80,squared,,10
p3665,,,op7,op6,2,sqrt,,55
p3665,,,op8,op7,1,const,,55
p3666,3177.771,INTERACTIVE,op1,,1,const,,55
p3666,,,op2,op1,20,linear7,,30
p3666,,,op3,op2,1,const,,55
p3666,,,op4,op3,40,linear7,,20
p3666,,,op5,op4,5,linear3,,45
p3666,,,op6,op5,20,linear7,,30
p3666,,,op7,op6,5,linear3,,45
p3667,3177.771,INTERACTIVE,op1,,1,const,,55
p3667,,,op2,op1,2,sqrt,,55
p3667,,,op3,op2,15,linear3,,37.5
p3668,3177.771,BATCH_PIPELINE,op1,,1,const,,55
p3668,,,op2,op1,5,linear3,,45
p3668,,,op3,op1,5,linear3,,45
p3668,,,op4,op1,1,const,,55
p3668,,,op5,op1,15,linear3,,37.5
p3668,,,op6,op1,15,linear3,,37.5
p3669,3177.771,BATCH_PIPELINE,op1,,1,const,,55
p3669,,,op2,op1,5,linear3,,45
p3669,,,op3,op1,5,linear3,,45
p3669,,,op4,op1,5,linear3,,45
p3669,,,op5,op1,2,sqrt,,55
p3669,,,op6,op1,15,linear3,,37.5
p3670,3177.771,INTERACTIVE,op1,,1,const,,55
p3670,,,op2,op1,5,linear3,,45
p3670,,,op3,op1,40,linear7,,20
p3670,,,op4,op1,1,const,,55
p3670,,,op5,op1,1,const,,55
p3670,,,op6,op1,2,sqrt,,55
p3670,,,op7,op1,1,const,,55
p3671,3179.993,INTERACTIVE,op1,,1,const,,55
p3671,,,op2,op1,5,linear3,,45
p3671,,,op3,op2,15,linear3,,37.5
p3671,,,op4,op3,5,linear3,,45
p3671,,,op5,op4,20,linear7,,30
p3671,,,op6,op5,15,linear3,,37.5
p3671,,,op7,op6,5,linear3,,45
p3671,,,op8,op7,15,linear3,,37.5
p3671,,,op9,op8,40,linear7,,20
p3672,3179.993,INTERACTIVE,op1,,1,const,,55
p3672,,,op2,op1,15,linear3,,37.5
p3672,,,op3,op2,5,linear3,,45
p3672,,,op4,op3,5,linear3,,45
p3672,,,op5,op4,1,const,,55
p3673,3179.993,BATCH_PIPELINE,op1,,1,const,,55
p3673,,,op2,,2,sqrt,,55
p3673,,,op3,,20,linear7,,30
p3673,,,op4,,80,squared,,10
p3673,,,op5,op1;op2;op3;op4,1,const,,55
p3674,3179.993,QUERY,op1,,15,linear3,,35
p3675,3179.993,QUERY,op1,,15,linear3,,35
p3676,3179.993,BATCH_PIPELINE,op1,,1,const,,55
p3676,,,op2,op1,15,linear3,,37.5
p3676,,,op3,op2,5,linear3,,45
p3676,,,op4,op3,80,squared,,10
p3676,,,op5,op4,2,sqrt,,55
p3676,,,op6,op5,15,linear3,,37.5
p3676,,,op7,op6,20,linear7,,30
p3676,,,op8,op7,15,linear3,,37.5
p3677,3179.993,BATCH_PIPELINE,op1,,1,const,,55
p3677,,,op2,op1,1,const,,55
p3677,,,op3,op1,20,linear7,,30
p3677,,,op4,op1,2,sqrt,,55
p3677,,,op5,op1,2,sqrt,,55
p3677,,,op6,op1,5,linear3,,45
p3677,,,op7,op1,2,sqrt,,55
p3677,,,op8,op1,20,linear7,,30
p3677,,,op9,op1,20,linear7,,30
p3677,,,op10,op1,15,linear3,,37.5
p3678,3179.993,INTERACTIVE,op1,,1,const,,55
p3678,,,op2,op1,40,linear7,,20
p3678,,,op3,op2,20,linear7,,30
p3678,,,op4,op3,40,linear7,,20
p3678,,,op5,op4,2,sqrt,,55
p3679,3179.993,INTERACTIVE,op1,,1,const,,55
p3679,,,op2,op1,40,linear7,,20
p3679,,,op3,op2,2,sqrt,,55
p3679,,,op4,op3,1,const,,55
p3679,,,op5,op4,80,squared,,10
p3679,,,op6,op5,15,linear3,,37.5
p3679,,,op7,op6,5,linear3,,45
p3680,3179.993,BATCH_PIPELINE,op1,,1,const,,55
p3680,,,op2,op1,2,sqrt,,55
p3680,,,op3,op2,15,linear3,,37.5
p3681,3189.062,BATCH_PIPELINE,op1,,1,const,,55
p3681,,,op2,op1,15,linear3,,37.5
p3681,,,op3,op2,5,linear3,,45
p3681,,,op4,op3,15,linear3,,37.5
p3681,,,op5,op4,15,linear3,,37.5
p3681,,,op6,op5,15,linear3,,37.5
p3681,,,op7,op6,15,linear3,,37.5
p3681,,,op8,op7,15,linear3,,37.5
p3682,3189.062,QUERY,op1,,15,linear3,,35
p3683,3189.062,BATCH_PIPELINE,op1,,1,const,,55
p3683,,,op2,op1,5,linear3,,45
p3683,,,op3,op2,20,linear7,,30
p3683,,,op4,op3,15,linear3,,37.5
p3683,,,op5,op4,5,linear3,,45
p3683,,,op6,op5,20,linear7,,30
p3683,,,op7,op6,20,linear7,,30
p3684,3189.062,BATCH_PIPELINE,op1,,1,const,,55
p3684,,,op2,op1,40,linear7,,20
p3684,,,op3,op2,80,squared,,10
p3684,,,op4,op3,80,squared,,10
p3684,,,op5,op4,15,linear3,,37.5
p3684,,,op6,op5,5,linear3,,45
p3684,,,op7,op6,15,linear3,,37.5
p3684,,,op8,op7,2,sqrt,,55
p3685,3189.062,BATCH_PIPELINE,op1,,1,const,,55
p3685,,,op2,op1,20,linear7,,30
p3685,,,op3,op2,5,linear3,,45
p3685,,,op4,op3,1,const,,55
p3685,,,op5,op4,1,const,,55
p3685,,,op6,op5,15,linear3,,37.5
p3685,,,op7,op6,5,linear3,,45
p3685,,,op8,op7,20,linear7,,30
p3685,,,op9,op8,15,linear3,,37.5
p3685,,,op10,op9,15,linear3,,37.5
p3686,3189.062,INTERACTIVE,op1,,1,const,,55
p3686,,,op2,op1,5,linear3,,45
p3686,,,op3,op2,20,linear7,,30
p3686,,,op4,op3,40,linear7,,20
p3686,,,op5,op4,40,linear7,,20
p3687,3189.062,BATCH_PIPELINE,op1,,1,const,,55
p3687,,,op2,,1,const,,55
p3687,,,op3,,2,sqrt,,55
p3687,,,op4,,5,linear3,,45
p3687,,,op5,,1,const,,55
p3687,,,op6,,5,linear3,,45
p3687,,,op7,,5,linear3,,45
p3687,,,op8,op1;op2;op3;op4;op5;op6;op7,15,linear3,,37.5
p3688,3189.062,BATCH_PIPELINE,op1,,1,const,,55
p3688,,,op2,,5,linear3,,45
p3688,,,op3,,5,linear3,,45
p3688,,,op4,,5,linear3,,45
p3688,,,op5,,5,linear3,,45
p3688,,,op6,,80,squared,,10
p3688,,,op7,,1,const,,55
p3688,,,op8,,2,sqrt,,55
p3688,,,op9,,1,const,,55
p3688,,,op10,op1;op2;op3;op4;op5;op6;op7;op8;op9,15,linear3,,37.5
p3689,3189.062,INTERACTIVE,op1,,1,const,,55
p3689,,,op2,op1,15,linear3,,37.5
p3689,,,op3,op2,20,linear7,,30
p3689,,,op4,op3,40,linear7,,20
p3689,,,op5,op4,1,const,,55
p3689,,,op6,op5,20,linear7,,30
p3690,3189.062,BATCH_PIPELINE,op1,,1,const,,55
p3690,,,op2,op1,5,linear3,,45
p3690,,,op3,op1,1,const,,55
p3690,,,op4,op1,40,linear7,,20
p3690,,,op5,op1,1,const,,55
p3690,,,op6,op1,20,linear7,,30
p3690,,,op7,op1,1,const,,55
p3690,,,op8,op1,5,linear3,,45
p3691,3202.122,INTERACTIVE,op1,,1,const,,55
p3691,,,op2,op1,2,sqrt,,55
p3691,,,op3,op2,80,squared,,10
p3691,,,op4,op3,5,linear3,,45
p3692,3202.122,BATCH_PIPELINE,op1,,1,const,,55
p3692,,,op2,op1,1,const,,55
p3692,,,op3,op2,2,sqrt,,55
p3692,,,op4,op3,80,squared,,10
p3692,,,op5,op4,15,linear3,,37.5
p3692,,,op6,op5,40,linear7,,20
p3692,,,op7,op6,1,const,,55
p3692,,,op8,op7,5,linear3,,45
p3693,3202.122,INTERACTIVE,op1,,1,const,,55
p3693,,,op2,op1,2,sqrt,,55
p3693,,,op3,op2,20,linear7,,30
p3693,,,op4,op3,15,linear3,,37.5
p3693,,,op5,op4,20,linear7,,30
p3694,3202.122,BATCH_PIPELINE,op1,,1,const,,55
p3694,,,op2,,2,sqrt,,55
p3694,,,op3,,20,linear7,,30
p3694,,,op4,,1,const,,55
p3694,,,op5,,2,sqrt,,55
p3694,,,op6,,80,squared,,10
p3694,,,op7,op1;op2;op3;op4;op5;op6,20,linear7,,30
p3695,3202.122,BATCH_PIPELINE,op1,,1,const,,55
p3695,,,op2,op1,5,linear3,,45
p3695,,,op3,op2,5,linear3,,45
p3695,,,op4,op3,80,squared,,10
p3695,,,op5,op4,40,linear7,,20
p3695,,,op6,op5,15,linear3,,37.5
p3696,3202.122,INTERACTIVE,op1,,1,const,,55
p3696,,,op2,op1,1,const,,55
p3696,,,op3,op1,20,linear7,,30
p3696,,,op4,op1,15,linear3,,37.5
p3696,,,op5,op1,1,const,,55
p3696,,,op6,op1,1,const,,55
p3696,,,op7,op1,20,linear7,,30
p3696,,,op8,op1,2,sqrt,,55
p3696,,,op9,op1,15,linear3,,37.5
p3697,3202.122,BATCH_PIPELINE,op1,,1,const,,55
p3697,,,op2,op1,5,linear3,,45
p3697,,,op3,op1,20,linear7,,30
p3697,,,op4,op1,5,linear3,,45
p3697,,,op5,op1,5,linear3,,45
p3697,,,op6,op1,20,linear7,,30
p3697,,,op7,op1,20,linear7,,30
p3698,3202.122,INTERACTIVE,op1,,1,const,,55
p3698,,,op2,,15,linear3,,37.5
p3698,,,op3,,40,linear7,,20
p3698,,,op4,,15,linear3,,37.5
p3698,,,op5,,80,squared,,10
p3698,,,op6,,15,linear3,,37.5
p3698,,,op7,op1;op2;op3;op4;op5;op6,5,linear3,,45
p3699,3202.122,QUERY,op1,,15,linear3,,35
p3700,3202.122,BATCH_PIPELINE,op1,,1,const,,55
p3700,,,op2,op1,5,linear3,,45
p3700,,,op3,op2,2,sqrt,,55
p3700,,,op4,op3,40,linear7,,20
p3700,,,op5,op4,1,const,,55
p3700,,,op6,op5,15,linear3,,37.5
p3700,,,op7,op6,1,const,,55
p3700,,,op8,op7,15,linear3,,37.5
p3701,3210.225,BATCH_PIPELINE,op1,,1,const,,55
p3701,,,op2,,5,linear3,,45
p3701,,,op3,,20,linear7,,30
p3701,,,op4,,40,linear7,,20
p3701,,,op5,,1,const,,55
p3701,,,op6,,2,sqrt,,55
p3701,,,op7,,40,linear7,,20
p3701,,,op8,,40,linear7,,20
p3701,,,op9,op1;op2;op3;op4;op5;op6;op7;op8,40,linear7,,20
p3702,3210.225,INTERACTIVE,op1,,1,const,,55
p3702,,,op2,op1,15,linear3,,37.5
p3702,,,op3,op2,5,linear3,,45
p3702,,,op4,op3,1,const,,55
p3702,,,op5,op4,5,linear3,,45
p3702,,,op6,op5,1,const,,55
p3702,,,op7,op6,2,sqrt,,55
p3702,,,op8,op7,1,const,,55
p3702,,,op9,op8,15,linear3,,37.5
p3702,,,op10,op9,2,sqrt,,55
p3703,3210.225,BATCH_PIPELINE,op1,,1,const,,55
p3703,,,op2,op1,5,linear3,,45
p3703,,,op3,op2,2,sqrt,,55
p3703,,,op4,op3,40,linear7,,20
p3703,,,op5,op4,15,linear3,,37.5
p3703,,,op6,op5,2,sqrt,,55
p3703,,,op7,op6,1,const,,55
p3703,,,op8,op7,80,squared,,10
p3703,,,op9,op8,80,squared,,10
p3704,3210.225,BATCH_PIPELINE,op1,,1,const,,55
p3704,,,op2,op1,15,linear3,,37.5
p3704,,,op3,op2,2,sqrt,,55
p3704,,,op4,op3,2,sqrt,,55
p3704,,,op5,op4,40,linear7,,20
p3704,,,op6,op5,5,linear3,,45
p3705,3210.225,BATCH_PIPELINE,op1,,1,const,,55
p3705,,,op2,op1,1,const,,55
p3705,,,op3,op2,1,const,,55
p3705,,,op4,op3,2,sqrt,,55
p3705,,,op5,op4,15,linear3,,37.5
p3705,,,op6,op5,15,linear3,,37.5
p3705,,,op7,op6,40,linear7,,20
p3705,,,op8,op7,5,linear3,,45
p3705,,,op9,op8,5,linear3,,45
p3706,3210.225,BATCH_PIPELINE,op1,,1,const,,55
p3706,,,op2,op1,15,linear3,,37.5
p3706,,,op3,op2,5,linear3,,45
p3706,,,op4,op3,1,const,,55
p3706,,,op5,op4,80,squared,,10
p3706,,,op6,op5,2,sqrt,,55
p3706,,,op7,op6,15,linear3,,37.5
p3706,,,op8,op7,1,const,,55
p3706,,,op9,op8,20,linear7,,30
p3707,3210.225,BATCH_PIPELINE,op1,,1,const,,55
p3707,,,op2,op1,20,linear7,,30
p3707,,,op3,op2,15,linear3,,37.5
p3707,,,op4,op3,5,linear3,,45
p3707,,,op5,op4,5,linear3,,45
p3707,,,op6,op5,15,linear3,,37.5
p3707,,,op7,op6,15,linear3,,37.5
p3707,,,op8,op7,20,linear7,,30
p3707,,,op9,op8,2,sqrt,,55
p3707,,,op10,op9,80,squared,,10
p3707,,,op11,op10,5,linear3,,45
p3708,3210.225,BATCH_PIPELINE,op1,,1,const,,55
p3708,,,op2,op1,1,const,,55
p3708,,,op3,op2,5,linear3,,45
p3708,,,op4,op3,1,const,,55
p3708,,,op5,op4,2,sqrt,,55
p3708,,,op6,op5,2,sqrt,,55
p3708,,,op7,op6,15,linear3,,37.5
p3708,,,op8,op7,2,sqrt,,55
p3709,3210.225,BATCH_PIPELINE,op1,,1,const,,55
p3709,,,op2,op1,2,sqrt,,55
p3709,,,op3,op2,40,linear7,,20
p3709,,,op4,op3,15,linear3,,37.5
p3709,,,op5,op4,1,const,,55
p3709,,,op6,op5,2,sqrt,,55
p3709,,,op7,op6,1,const,,55
p3709,,,op8,op7,15,linear3,,37.5
p3709,,,op9,op8,1,const,,55
p3709,,,op10,op9,15,linear3,,37.5
p3710,3210.225,INTERACTIVE,op1,,1,const,,55
p3710,,,op2,op1,1,const,,55
p3710,,,op3,op2,40,linear7,,20
p3710,,,op4,op3,1,const,,55
p3710,,,op5,op4,20,linear7,,30
p3710,,,op6,op5,80,squared,,10
p3710,,,op7,op6,20,linear7,,30
p3710,,,op8,op7,40,linear7,,20
p3710,,,op9,op8,40,linear7,,20
p3710,,,op10,op9,2,sqrt,,55
p3710,,,op11,op10,15,linear3,,37.5
p3711,3217.074,BATCH_PIPELINE,op1,,1,const,,55
p3711,,,op2,,40,linear7,,20
p3711,,,op3,,5,linear3,,45
p3711,,,op4,,2,sqrt,,55
p3711,,,op5,op1;op2;op3;op4,5,linear3,,45
p3712,3217.074,INTERACTIVE,op1,,1,const,,55
p3712,,,op2,op1,2,sqrt,,55
p3712,,,op3,op2,20,linear7,,30
p3712,,,op4,op3,20,linear7,,30
p3712,,,op5,op4,5,linear3,,45
p3712,,,op6,op5,1,const,,55
p3712,,,op7,op6,40,linear7,,20
p3712,,,op8,op7,5,linear3,,45
p3713,3217.074,BATCH_PIPELINE,op1,,1,const,,55
p3713,,,op2,,5,linear3,,45
p3713,,,op3,,15,linear3,,37.5
p3713,,,op4,,80,squared,,10
p3713,,,op5,,5,linear3,,45
p3713,,,op6,,40,linear7,,20
p3713,,,op7,op1;op2;op3;op4;op5;op6,15,linear3,,37.5
p3714,3217.074,BATCH_PIPELINE,op1,,1,const,,55
p3714,,,op2,,15,linear3,,37.5
p3714,,,op3,,5,linear3,,45
p3714,,,op4,op1;op2;op3,20,linear7,,30
p3715,3217.074,BATCH_PIPELINE,op1,,1,const,,55
p3715,,,op2,,80,squared,,10
p3715,,,op3,,5,linear3,,45
p3715,,,op4,,2,sqrt,,55
p3715,,,op5,op1;op2;op3;op4,2,sqrt,,55
p3716,3217.074,BATCH_PIPELINE,op1,,1,const,,55
p3716,,,op2,op1,5,linear3,,45
p3716,,,op3,op2,1,const,,55
p3716,,,op4,op3,20,linear7,,30
p3716,,,op5,op4,40,linear7,,20
p3716,,,op6,op5,2,sqrt,,55
p3716,,,op7,op6,5,linear3,,45
p3717,3217.074,INTERACTIVE,op1,,1,const,,55
p3717,,,op2,,5,linear3,,45
p3717,,,op3,,5,linear3,,45
p3717,,,op4,,5,linear3,,45
p3717,,,op5,,2,sqrt,,55
p3717,,,op6,,1,const,,55
p3717,,,op7,,15,linear3,,37.5
p3717,,,op8,op1;op2;op3;op4;op5;op6;op7,20,linear7,,30
p3718,3217.074,QUERY,op1,,15,linear3,,35
p3719,3217.074,INTERACTIVE,op1,,1,const,,55
p3719,,,op2,op1,15,linear3,,37.5
p3719,,,op3,op2,15,linear3,,37.5
p3719,,,op4,op3,15,linear3,,37.5
p3719,,,op5,op4,15,linear3,,37.5
p3719,,,op6,op5,40,linear7,,20
p3720,3217.074,BATCH_PIPELINE,op1,,1,const,,55
p3720,,,op2,op1,40,linear7,,20
p3720,,,op3,op2,5,linear3,,45
p3720,,,op4,op3,15,linear3,,37.5
p3720,,,op5,op4,1,const,,55
p3720,,,op6,op5,80,squared,,10
p3720,,,op7,op6,1,const,,55
p3720,,,op8,op7,40,linear7,,20
p3721,3227.031,QUERY,op1,,15,linear3,,35
p3722,3227.031,BATCH_PIPELINE,op1,,1,const,,55
p3722,,,op2,op1,5,linear3,,45
p3722,,,op3,op2,20,linear7,,30
p3722,,,op4,op3,80,squared,,10
p3722,,,op5,op4,5,linear3,,45
p3722,,,op6,op5,1,const,,55
p3722,,,op7,op6,40,linear7,,20
p3722,,,op8,op7,15,linear3,,37.5
p3722,,,op9,op8,1,const,,55
p3723,3227.031,BATCH_PIPELINE,op1,,1,const,,55
p3723,,,op2,op1,2,sqrt,,55
p3723,,,op3,op2,2,sqrt,,55
p3723,,,op4,op3,5,linear3,,45
p3723,,,op5,op4,15,linear3,,37.5
p3723,,,op6,op5,20,linear7,,30
p3723,,,op7,op6,1,const,,55
p3723,,,op8,op7,15,linear3,,37.5
p3724,3227.031,QUERY,op1,,15,linear3,,35
p3725,3227.031,INTERACTIVE,op1,,1,const,,55
p3725,,,op2,,40,linear7,,20
p3725,,,op3,,5,linear3,,45
p3725,,,op4,,5,linear3,,45
p3725,,,op5,,20,linear7,,30
p3725,,,op6,,40,linear7,,20
p3725,,,op7,op1;op2;op3;op4;op5;op6,2,sqrt,,55
p3726,3227.031,BATCH_PIPELINE,op1,,1,const,,55
p3726,,,op2,,1,const,,55
p3726,,,op3,,2,sqrt,,55
p3726,,,op4,,15,linear3,,37.5
p3726,,,op5,,80,squared,,10
p3726,,,op6,,2,sqrt,,55
p3726,,,op7,,5,linear3,,45
p3726,,,op8,op1;op2;op3;op4;op5;op6;op7,15,linear3,,37.5
p3727,3227.031,BATCH_PIPELINE,op1,,1,const,,55
p3727,,,op2,,1,const,,55
p3727,,,op3,,2,sqrt,,55
p3727,,,op4,,5,linear3,,45
p3727,,,op5,,15,linear3,,37.5
p3727,,,op6,op1;op2;op3;op4;op5,1,const,,55
p3728,3227.031,BATCH_PIPELINE,op1,,1,const,,55
p3728,,,op2,op1,20,linear7,,30
p3728,,,op3,op2,5,linear3,,45
p3728,,,op4,op3,80,squared,,10
p3728,,,op5,op4,5,linear3,,45
p3729,3227.031,BATCH_PIPELINE,op1,,1,const,,55
p3729,,,op2,op1,1,const,,55
p3729,,,op3,op2,5,linear3,,45
p3729,,,op4,op3,2,sqrt,,55
p3729,,,op5,op4,2,sqrt,,55
p3729,,,op6,op5,15,linear3,,37.5
p3729,,,op7,op6,1,const,,55
p3729,,,op8,op7,2,sqrt,,55
p3729,,,op9,op8,1,const,,55
p3730,3227.031,INTERACTIVE,op1,,1,const,,55
p3730,,,op2,op1,15,linear3,,37.5
p3730,,,op3,op2,5,linear3,,45
p3730,,,op4,op3,15,linear3,,37.5
p3730,,,op5,op4,1,const,,55
p3730,,,op6,op5,2,sqrt,,55
p3731,3240.623,BATCH_PIPELINE,op1,,1,const,,55
p3731,,,op2,op1,2,sqrt,,55
p3731,,,op3,op2,15,linear3,,37.5
p3732,3240.623,INTERACTIVE,op1,,1,const,,55
p3732,,,op2,op1,5,linear3,,45
p3732,,,op3,op2,40,linear7,,20
p3732,,,op4,op3,1,const,,55
p3732,,,op5,op4,1,const,,55
p3732,,,op6,op5,2,sqrt,,55
p3732,,,op7,op6,1,const,,55
p3732,,,op8,op7,5,linear3,,45
p3732,,,op9,op8,2,sqrt,,55
p3733,3240.623,BATCH_PIPELINE,op1,,1,const,,55
p3733,,,op2,op1,5,linear3,,45
p3733,,,op3,op2,1,const,,55
p3733,,,op4,op3,20,linear7,,30
p3733,,,op5,op4,40,linear7,,20
p3733,,,op6,op5,1,const,,55
p3733,,,op7,op6,80,squared,,10
p3734,3240.623,BATCH_PIPELINE,op1,,1,const,,55
p3734,,,op2,op1,20,linear7,,30
p3734,,,op3,op2,5,linear3,,45
p3734,,,op4,op3,5,linear3,,45
p3734,,,op5,op4,40,linear7,,20
p3734,,,op6,op5,2,sqrt,,55
p3735,3240.623,QUERY,op1,,15,linear3,,35
p3736,3240.623,BATCH_PIPELINE,op1,,1,const,,55
p3736,,,op2,op1,40,linear7,,20
p3736,,,op3,op2,20,linear7,,30
p3736,,,op4,op3,20,linear7,,30
p3736,,,op5,op4,1,const,,55
p3737,3240.623,BATCH_PIPELINE,op1,,1,const,,55
p3737,,,op2,,20,linear7,,30
p3737,,,op3,,5,linear3,,45
p3737,,,op4,,15,linear3,,37.5
p3737,,,op5,,15,linear3,,37.5
p3737,,,op6,,20,linear7,,30
p3737,,,op7,op1;op2;op3;op4;op5;op6,2,sqrt,,55
p3738,3240.623,BATCH_PIPELINE,op1,,1,const,,55
p3738,,,op2,op1,15,linear3,,37.5
p3738,,,op3,op2,2,sqrt,,55
p3738,,,op4,op3,15,linear3,,37.5
p3738,,,op5,op4,20,linear7,,30
p3738,,,op6,op5,1,const,,55
p3738,,,op7,op6,5,linear3,,45
p3738,,,op8,op7,1,const,,55
p3738,,,op9,op8,5,linear3,,45
p3739,3240.623,BATCH_PIPELINE,op1,,1,const,,55
p3739,,,op2,op1,20,linear7,,30
p3739,,,op3,op2,40,linear7,,20
p3739,,,op4,op3,15,linear3,,37.5
p3739,,,op5,op4,20,linear7,,30
p3739,,,op6,op5,40,linear7,,20
p3739,,,op7,op6,2,sqrt,,55
p3739,,,op8,op7,40,linear7,,20
p3740,3240.623,INTERACTIVE,op1,,1,const,,55
p3740,,,op2,op1,5,linear3,,45
p3740,,,op3,op2,1,const,,55
p3740,,,op4,op3,1,const,,55
p3740,,,op5,op4,80,squared,,10
p3740,,,op6,op5,15,linear3,,37.5
p3741,3252.958,BATCH_PIPELINE,op1,,1,const,,55
p3741,,,op2,op1,20,linear7,,30
p3741,,,op3,op2,15,linear3,,37.5
p3741,,,op4,op3,5,linear3,,45
p3741,,,op5,op4,2,sqrt,,55
p3741,,,op6,op5,40,linear7,,20
p3742,3252.958,INTERACTIVE,op1,,1,const,,55
p3742,,,op2,op1,5,linear3,,45
p3742,,,op3,op2,20,linear7,,30
p3742,,,op4,op3,1,const,,55
p3742,,,op5,op4,15,linear3,,37.5
p3742,,,op6,op5,20,linear7,,30
p3742,,,op7,op6,5,linear3,,45
p3743,3252.958,INTERACTIVE,op1,,1,const,,55
p3743,,,op2,op1,2,sqrt,,55
p3743,,,op3,op2,5,linear3,,45
p3743,,,op4,op3,15,linear3,,37.5
p3743,,,op5,op4,5,linear3,,45
p3743,,,op6,op5,2,sqrt,,55
p3743,,,op7,op6,2,sqrt,,55
p3743,,,op8,op7,80,squared,,10
p3743,,,op9,op8,5,linear3,,45
p3743,,,op10,op9,40,linear7,,20
p3744,3252.958,QUERY,op1,,15,linear3,,35
p3745,3252.958,BATCH_PIPELINE,op1,,1,const,,55
p3745,,,op2,op1,1,const,,55
p3745,,,op3,op2,40,linear7,,20
p3745,,,op4,op3,40,linear7,,20
p3745,,,op5,op4,1,const,,55
p3745,,,op6,op5,40,linear7,,20
p3745,,,op7,op6,1,const,,55
p3746,3252.958,BATCH_PIPELINE,op1,,1,const,,55
p3746,,,op2,op1,15,linear3,,37.5
p3746,,,op3,op2,20,linear7,,30
p3746,,,op4,op3,40,linear7,,20
p3746,,,op5,op4,5,linear3,,45
p3746,,,op6,op5,5,linear3,,45
p3746,,,op7,op6,1,const,,55
p3747,3252.958,INTERACTIVE,op1,,1,const,,55
p3747,,,op2,op1,1,const,,55
p3747,,,op3,op2,80,squared,,10
p3747,,,op4,op3,15,linear3,,37.5
p3747,,,op5,op4,20,linear7,,30
p3747,,,op6,op5,15,linear3,,37.5
p3747,,,op7,op6,15,linear3,,37.5
p3747,,,op8,op7,1,const,,55
p3747,,,op9,op8,40,linear7,,20
p3747,,,op10,op9,1,const,,55
p3747,,,op11,op10,40,linear7,,20
p3748,3252.958,BATCH_PIPELINE,op1,,1,const,,55
p3748,,,op2,op1,40,linear7,,20
p3748,,,op3,op1,15,linear3,,37.5
p3748,,,op4,op1,15,linear3,,37.5
p3748,,,op5,op1,15,linear3,,37.5
p3748,,,op6,op1,80,squared,,10
p3748,,,op7,op1,20,linear7,,30
p3748,,,op8,op1,1,const,,55
p3748,,,op9,op1,2,sqrt,,55
p3749,3252.958,QUERY,op1,,15,linear3,,35
p3750,3252.958,INTERACTIVE,op1,,1,const,,55
p3750,,,op2,op1,15,linear3,,37.5
p3750,,,op3,op1,15,linear3,,37.5
p3750,,,op4,op1,1,const,,55
p3750,,,op5,op1,40,linear7,,20
p3750,,,op6,op1,5,linear3,,45
p3751,3260.28,INTERACTIVE,op1,,1,const,,55
p3751,,,op2,op1,2,sqrt,,55
p3751,,,op3,op2,2,sqrt,,55
p3751,,,op4,op3,40,linear7,,20
p3751,,,op5,op4,5,linear3,,45
p3751,,,op6,op5,20,linear7,,30
p3751,,,op7,op6,20,linear7,,30
p3751,,,op8,op7,1,const,,55
p3751,,,op9,op8,40,linear7,,20
p3751,,,op10,op9,2,sqrt,,55
p3752,3260.28,INTERACTIVE,op1,,1,const,,55
p3752,,,op2,op1,15,linear3,,37.5
p3752,,,op3,op2,20,linear7,,30
p3752,,,op4,op3,20,linear7,,30
p3752,,,op5,op4,40,linear7,,20
p3752,,,op6,op5,80,squared,,10
p3752,,,op7,op6,15,linear3,,37.5
p3752,,,op8,op7,2,sqrt,,55
p3752,,,op9,op8,5,linear3,,45
p3752,,,op10,op9,15,linear3,,37.5
p3752,,,op11,op10,5,linear3,,45
p3753,3260.28,QUERY,op1,,15,linear3,,35
p3754,3260.28,INTERACTIVE,op1,,1,const,,55
p3754,,,op2,op1,1,const,,55
p3754,,,op3,op2,15,linear3,,37.5
p3754,,,op4,op3,15,linear3,,37.5
p3754,,,op5,op4,15,linear3,,37.5
p3754,,,op6,op5,20,linear7,,30
p3755,3260.28,BATCH_PIPELINE,op1,,1,const,,55
p3755,,,op2,op1,15,linear3,,37.5
p3755,,,op3,op1,15,linear3,,37.5
p3755,,,op4,op1,15,linear3,,37.5
p3755,,,op5,op1,1,const,,55
p3755,,,op6,op1,1,const,,55
p3755,,,op7,op1,15,linear3,,37.5
p3755,,,op8,op1,1,const,,55
p3755,,,op9,op1,5,linear3,,45
p3755,,,op10,op1,2,sqrt,,55
p3755,,,op11,op1,5,linear3,,45
p3755,,,op12,op1,40,linear7,,20
p3756,3260.28,INTERACTIVE,op1,,1,const,,55
p3756,,,op2,op1,5,linear3,,45
p3756,,,op3,op2,15,linear3,,37.5
p3756,,,op4,op3,5,linear3,,45
p3756,,,op5,op4,2,sqrt,,55
p3756,,,op6,op5,5,linear3,,45
p3756,,,op7,op6,1,const,,55
p3756,,,op8,op7,15,linear3,,37.5
p3756,,,op9,op8,1,const,,55
p3757,3260.28,BATCH_PIPELINE,op1,,1,const,,55
p3757,,,op2,,80,squared,,10
p3757,,,op3,,20,linear7,,30
p3757,,,op4,,2,sqrt,,55
p3757,,,op5,,80,squared,,10
p3757,,,op6,,1,const,,55
p3757,,,op7,,1,const,,55
p3757,,,op8,,80,squared,,10
p3757,,,op9,op1;op2;op3;op4;op5;op6;op7;op8,20,linear7,,30
p3758,3260.28,BATCH_PIPELINE,op1,,1,const,,55
p3758,,,op2,op1,2,sqrt,,55
p3758,,,op3,op2,2,sqrt,,55
p3758,,,op4,op3,80,squared,,10
p3758,,,op5,op4,80,squared,,10
p3759,3260.28,BATCH_PIPELINE,op1,,1,const,,55
p3759,,,op2,op1,2,sqrt,,55
p3759,,,op3,op1,1,const,,55
p3759,,,op4,op1,1,const,,55
p3759,,,op5,op1,5,linear3,,45
p3759,,,op6,op1,20,linear7,,30
p3759,,,op7,op1,15,linear3,,37.5
p3760,3260.28,BATCH_PIPELINE,op1,,1,const,,55
p3760,,,op2,,15,linear3,,37.5
p3760,,,op3,,15,linear3,,37.5
p3760,,,op4,,5,linear3,,45
p3760,,,op5,,5,linear3,,45
p3760,,,op6,,1,const,,55
p3760,,,op7,,40,linear7,,20
p3760,,,op8,,5,linear3,,45
p3760,,,op9,op1;op2;op3;op4;op5;op6;op7;op8,5,linear3,,45
p3761,3268.062,BATCH_PIPELINE,op1,,1,const,,55
p3761,,,op2,op1,2,sqrt,,55
p3761,,,op3,op2,40,linear7,,20
p3761,,,op4,op3,5,linear3,,45
p3761,,,op5,op4,1,const,,55
p3761,,,op6,op5,40,linear7,,20
p3761,,,op7,op6,15,linear3,,37.5
p3762,3268.062,BATCH_PIPELINE,op1,,1,const,,55
p3762,,,op2,op1,2,sqrt,,55
p3762,,,op3,op2,40,linear7,,20
p3762,,,op4,op3,80,squared,,10
p3762,,,op5,op4,15,linear3,,37.5
p3762,,,op6,op5,2,sqrt,,55
p3762,,,op7,op6,80,squared,,10
p3762,,,op8,op7,2,sqrt,,55
p3762,,,op9,op8,15,linear3,,37.5
p3763,3268.062,QUERY,op1,,15,linear3,,35
p3764,3268.062,INTERACTIVE,op1,,1,const,,55
p3764,,,op2,op1,2,sqrt,,55
p3764,,,op3,op2,20,linear7,,30
p3764,,,op4,op3,15,linear3,,37.5
p3764,,,op5,op4,20,linear7,,30
p3764,,,op6,op5,2,sqrt,,55
p3765,3268.062,INTERACTIVE,op1,,1,const,,55
p3765,,,op2,op1,1,const,,55
p3765,,,op3,op2,15,linear3,,37.5
p3765,,,op4,op3,2,sqrt,,55
p3765,,,op5,op4,20,linear7,,30
p3765,,,op6,op5,80,squared,,10
p3765,,,op7,op6,1,const,,55
p3765,,,op8,op7,2,sqrt,,55
p3765,,,op9,op8,15,linear3,,37.5
p3766,3268.062,INTERACTIVE,op1,,1,const,,55
p3766,,,op2,,2,sqrt,,55
p3766,,,op3,,1,const,,55
p3766,,,op4,,1,const,,55
p3766,,,op5,,2,sqrt,,55
p3766,,,op6,,2,sqrt,,55
p3766,,,op7,,15,linear3,,37.5
p3766,,,op8,,5,linear3,,45
p3766,,,op9,op1;op2;op3;op4;op5;op6;op7;op8,2,sqrt,,55
p3767,3268.062,INTERACTIVE,op1,,1,const,,55
p3767,,,op2,op1,2,sqrt,,55
p3767,,,op3,op2,20,linear7,,30
p3767,,,op4,op3,40,linear7,,20
p3767,,,op5,op4,1,const,,55
p3767,,,op6,op5,40,linear7,,20
p3768,3268.062,INTERACTIVE,op1,,1,const,,55
p3768,,,op2,op1,5,linear3,,45
p3768,,,op3,op2,15,linear3,,37.5
p3768,,,op4,op3,15,linear3,,37.5
p3768,,,op5,op4,15,linear3,,37.5
p3768,,,op6,op5,15,linear3,,37.5
p3768,,,op7,op6,15,linear3,,37.5
p3768,,,op8,op7,15,linear3,,37.5
p3769,3268.062,BATCH_PIPELINE,op1,,1,const,,55
p3769,,,op2,op1,5,linear3,,45
p3769,,,op3,op2,40,linear7,,20
p3769,,,op4,op3,5,linear3,,45
p3769,,,op5,op4,20,linear7,,30
p3769,,,op6,op5,15,linear3,,37.5
p3770,3268.062,BATCH_PIPELINE,op1,,1,const,,55
p3770,,,op2,op1,15,linear3,,37.5
p3770,,,op3,op2,5,linear3,,45
p3770,,,op4,op3,15,linear3,,37.5
p3770,,,op5,op4,1,const,,55
p3770,,,op6,op5,2,sqrt,,55
p3770,,,op7,op6,15,linear3,,37.5
p3770,,,op8,op7,1,const,,55
p3770,,,op9,op8,2,sqrt,,55
p3770,,,op10,op9,5,linear3,,45
p3771,3283.596,INTERACTIVE,op1,,1,const,,55
p3771,,,op2,op1,15,linear3,,37.5
p3771,,,op3,op2,1,const,,55
p3771,,,op4,op3,5,linear3,,45
p3771,,,op5,op4,20,linear7,,30
p3771,,,op6,op5,1,const,,55
p3771,,,op7,op6,15,linear3,,37.5
p3771,,,op8,op7,15,linear3,,37.5
p3771,,,op9,op8,2,sqrt,,55
p3771,,,op10,op9,2,sqrt,,55
p3772,3283.596,BATCH_PIPELINE,op1,,1,const,,55
p3772,,,op2,op1,20,linear7,,30
p3772,,,op3,op2,2,sqrt,,55
p3772,,,op4,op3,80,squared,,10
p3772,,,op5,op4,80,squared,,10
p3772,,,op6,op5,15,linear3,,37.5
p3772,,,op7,op6,5,linear3,,45
p3773,3283.596,BATCH_PIPELINE,op1,,1,const,,55
p3773,,,op2,op1,5,linear3,,45
p3773,,,op3,op2,5,linear3,,45
p3773,,,op4,op3,15,linear3,,37.5
p3773,,,op5,op4,15,linear3,,37.5
p3773,,,op6,op5,2,sqrt,,55
p3773,,,op7,op6,15,linear3,,37.5
p3773,,,op8,op7,2,sqrt,,55
p3774,3283.596,QUERY,op1,,15,linear3,,35
p3775,3283.596,INTERACTIVE,op1,,1,const,,55
p3775,,,op2,,40,linear7,,20
p3775,,,op3,,5,linear3,,45
p3775,,,op4,,80,squared,,10
p3775,,,op5,,20,linear7,,30
p3775,,,op6,op1;op2;op3;op4;op5,2,sqrt,,55
p3776,3283.596,BATCH_PIPELINE,op1,,1,const,,55
p3776,,,op2,op1,15,linear3,,37.5
p3776,,,op3,op2,20,linear7,,30
p3776,,,op4,op3,15,linear3,,37.5
p3776,,,op5,op4,15,linear3,,37.5
p3776,,,op6,op5,5,linear3,,45
p3777,3283.596,BATCH_PIPELINE,op1,,1,const,,55
p3777,,,op2,op1,1,const,,55
p3777,,,op3,op1,80,squared,,10
p3777,,,op4,op1,20,linear7,,30
p3777,,,op5,op1,5,linear3,,45
p3777,,,op6,op1,5,linear3,,45
p3777,,,op7,op1,80,squared,,10
p3777,,,op8,op1,20,linear7,,30
p3778,3283.596,BATCH_PIPELINE,op1,,1,const,,55
p3778,,,op2,op1,5,linear3,,45
p3778,,,op3,op2,20,linear7,,30
p3778,,,op4,op3,15,linear3,,37.5
p3778,,,op5,op4,5,linear3,,45
p3778,,,op6,op5,15,linear3,,37.5
p3778,,,op7,op6,40,linear7,,20
p3778,,,op8,op7,80,squared,,10
p3778,,,op9,op8,5,linear3,,45
p3778,,,op10,op9,1,const,,55
p3779,3283.596,BATCH_PIPELINE,op1,,1,const,,55
p3779,,,op2,,80,squared,,10
p3779,,,op3,,15,linear3,,37.5
p3779,,,op4,,2,sqrt,,55
p3779,,,op5,,1,const,,55
p3779,,,op6,,1,const,,55
p3779,,,op7,,15,linear3,,37.5
p3779,,,op8,,5,linear3,,45
p3779,,,op9,,2,sqrt,,55
p3779,,,op10,,5,linear3,,45
p3779,,,op11,op1;op2;op3;op4;op5;op6;op7;op8;op9;op10,20,linear7,,30
p3780,3283.596,BATCH_PIPELINE,op1,,1,const,,55
p3780,,,op2,op1,20,linear7,,30
p3780,,,op3,op2,5,linear3,,45
p3780,,,op4,op3,15,linear3,,37.5
p3780,,,op5,op4,80,squared,,10
p3780,,,op6,op5,80,squared,,10
p3781,3294.0370000000003,INTERACTIVE,op1,,1,const,,55
p3781,,,op2,op1,15,linear3,,37.5
p3781,,,op3,op1,20,linear7,,30
p3781,,,op4,op1,5,linear3,,45
p3781,,,op5,op1,15,linear3,,37.5
p3782,3294.0370000000003,BATCH_PIPELINE,op1,,1,const,,55
p3782,,,op2,op1,40,linear7,,20
p3782,,,op3,op2,20,linear7,,30
p3782,,,op4,op3,5,linear3,,45
p3782,,,op5,op4,20,linear7,,30
p3782,,,op6,op5,2,sqrt,,55
p3782,,,op7,op6,5,linear3,,45
p3782,,,op8,op7,80,squared,,10
p3782,,,op9,op8,20,linear7,,30
p3782,,,op10,op9,15,linear3,,37.5
p3782,,,op11,op10,15,linear3,,37.5
p3783,3294.0370000000003,BATCH_PIPELINE,op1,,1,const,,55
p3783,,,op2,op1,20,linear7,,30
p3783,,,op3,op1,2,sqrt,,55
p3784,3294.0370000000003,BATCH_PIPELINE,op1,,1,const,,55
p3784,,,op2,op1,5,linear3,,45
p3784,,,op3,op1,20,linear7,,30
p3784,,,op4,op1,40,linear7,,20
p3784,,,op5,op1,2,sqrt,,55
p3785,3294.0370000000003,BATCH_PIPELINE,op1,,1,const,,55
p3785,,,op2,op1,20,linear7,,30
p3785,,,op3,op2,5,linear3,,45
p3785,,,op4,op3,40,linear7,,20
p3785,,,op5,op4,20,linear7,,30
p3786,3294.0370000000003,INTERACTIVE,op1,,1,const,,55
p3786,,,op2,op1,1,const,,55
p3786,,,op3,op2,1,const,,55
p3786,,,op4,op3,20,linear7,,30
p3786,,,op5,op4,80,squared,,10
p3786,,,op6,op5,1,const,,55
p3786,,,op7,op6,15,linear3,,37.5
p3787,3294.0370000000003,BATCH_PIPELINE,op1,,1,const,,55
p3787,,,op2,op1,2,sqrt,,55
p3787,,,op3,op2,1,const,,55
p3787,,,op4,op3,80,squared,,10
p3787,,,op5,op4,5,linear3,,45
p3787,,,op6,op5,1,const,,55
p3788,3294.0370000000003,INTERACTIVE,op1,,1,const,,55
p3788,,,op2,op1,5,linear3,,45
p3788,,,op3,op2,15,linear3,,37.5
p3788,,,op4,op3,20,linear7,,30
p3788,,,op5,op4,1,const,,55
p3788,,,op6,op5,2,sqrt,,55
p3788,,,op7,op6,20,linear7,,30
p3789,3294.0370000000003,QUERY,op1,,15,linear3,,35
p3790,3294.0370000000003,INTERACTIVE,op1,,1,const,,55
p3790,,,op2,,5,linear3,,45
p3790,,,op3,,1,const,,55
p3790,,,op4,,15,linear3,,37.5
p3790,,,op5,,40,linear7,,20
p3790,,,op6,,5,linear3,,45
p3790,,,op7,op1;op2;op3;op4;op5;op6,20,linear7,,30
p3791,3301.933,INTERACTIVE,op1,,1,const,,55
p3791,,,op2,op1,5,linear3,,45
p3791,,,op3,op2,20,linear7,,30
p3791,,,op4,op3,1,const,,55
p3791,,,op5,op4,5,linear3,,45
p3791,,,op6,op5,20,linear7,,30
p3791,,,op7,op6,20,linear7,,30
p3791,,,op8,op7,20,linear7,,30
p3792,3301.933,BATCH_PIPELINE,op1,,1,const,,55
p3792,,,op2,,5,linear3,,45
p3792,,,op3,,20,linear7,,30
p3792,,,op4,,20,linear7,,30
p3792,,,op5,,2,sqrt,,55
p3792,,,op6,,2,sqrt,,55
p3792,,,op7,op1;op2;op3;op4;op5;op6,2,sqrt,,55
p3793,3301.933,BATCH_PIPELINE,op1,,1,const,,55
p3793,,,op2,op1,15,linear3,,37.5
p3793,,,op3,op2,5,linear3,,45
p3793,,,op4,op3,5,linear3,,45
p3794,3301.933,BATCH_PIPELINE,op1,,1,const,,55
p3794,,,op2,op1,20,linear7,,30
p3794,,,op3,op1,5,linear3,,45
p3794,,,op4,op1,80,squared,,10
p3794,,,op5,op1,5,linear3,,45
p3794,,,op6,op1,15,linear3,,37.5
p3795,3301.933,BATCH_PIPELINE,op1,,1,const,,55
p3795,,,op2,op1,20,linear7,,30
p3795,,,op3,op2,1,const,,55
p3795,,,op4,op3,1,const,,55
p3795,,,op5,op4,5,linear3,,45
p3795,,,op6,op5,2,sqrt,,55
p3795,,,op7,op6,1,const,,55
p3796,3301.933,BATCH_PIPELINE,op1,,1,const,,55
p3796,,,op2,op1,20,linear7,,30
p3796,,,op3,op2,20,linear7,,30
p3796,,,op4,op3,5,linear3,,45
p3797,3301.933,INTERACTIVE,op1,,1,const,,55
p3797,,,op2,op1,2,sqrt,,55
p3797,,,op3,op2,80,squared,,10
p3797,,,op4,op3,5,linear3,,45
p3797,,,op5,op4,80,squared,,10
p3797,,,op6,op5,40,linear7,,20
p3797,,,op7,op6,15,linear3,,37.5
p3797,,,op8,op7,15,linear3,,37.5
p3798,3301.933,INTERACTIVE,op1,,1,const,,55
p3798,,,op2,op1,20,linear7,,30
p3798,,,op3,op2,1,const,,55
p3798,,,op4,op3,5,linear3,,45
p3798,,,op5,op4,20,linear7,,30
p3798,,,op6,op5,40,linear7,,20
p3799,3301.933,QUERY,op1,,15,linear3,,35
p3800,3301.933,BATCH_PIPELINE,op1,,1,const,,55
p3800,,,op2,op1,40,linear7,,20
p3800,,,op3,op2,2,sqrt,,55
p3800,,,op4,op3,40,linear7,,20
p3800,,,op5,op4,2,sqrt,,55
p3801,3312.132,INTERACTIVE,op1,,1,const,,55
p3801,,,op2,op1,40,linear7,,20
p3801,,,op3,op2,2,sqrt,,55
p3801,,,op4,op3,1,const,,55
p3801,,,op5,op4,1,const,,55
p3801,,,op6,op5,5,linear3,,45
p3801,,,op7,op6,5,linear3,,45
p3802,3312.132,INTERACTIVE,op1,,1,const,,55
p3802,,,op2,op1,5,linear3,,45
p3802,,,op3,op2,40,linear7,,20
p3802,,,op4,op3,2,sqrt,,55
p3802,,,op5,op4,1,const,,55
p3802,,,op6,op5,2,sqrt,,55
p3802,,,op7,op6,1,const,,55
p3803,3312.132,BATCH_PIPELINE,op1,,1,const,,55
p3803,,,op2,op1,15,linear3,,37.5
p3803,,,op3,op2,20,linear7,,30
p3803,,,op4,op3,1,const,,55
p3803,,,op5,op4,20,linear7,,30
p3803,,,op6,op5,1,const,,55
p3803,,,op7,op6,2,sqrt,,55
p3803,,,op8,op7,1,const,,55
p3804,3312.132,INTERACTIVE,op1,,1,const,,55
p3804,,,op2,op1,1,const,,55
p3804,,,op3,op1,5,linear3,,45
p3804,,,op4,op1,5,linear3,,45
p3805,3312.132,INTERACTIVE,op1,,1,const,,55
p3805,,,op2,op1,15,linear3,,37.5
p3805,,,op3,op2,2,sqrt,,55
p3805,,,op4,op3,2,sqrt,,55
p3805,,,op5,op4,80,squared,,10
p3805,,,op6,op5,40,linear7,,20
p3805,,,op7,op6,20,linear7,,30
p3806,3312.132,BATCH_PIPELINE,op1,,1,const,,55
p3806,,,op2,op1,15,linear3,,37.5
p3806,,,op3,op2,80,squared,,10
p3806,,,op4,op3,5,linear3,,45
p3806,,,op5,op4,15,linear3,,37.5
p3806,,,op6,op5,1,const,,55
p3806,,,op7,op6,1,const,,55
p3806,,,op8,op7,80,squared,,10
p3807,3312.132,BATCH_PIPELINE,op1,,1,const,,55
p3807,,,op2,op1,1,const,,55
p3807,,,op3,op2,5,linear3,,45
p3807,,,op4,op3,1,const,,55
p3807,,,op5,op4,5,linear3,,45
p3807,,,op6,op5,20,linear7,,30
p3807,,,op7,op6,15,linear3,,37.5
p3808,3312.132,INTERACTIVE,op1,,1,const,,55
p3808,,,op2,op1,80,squared,,10
p3808,,,op3,op1,2,sqrt,,55
p3808,,,op4,op1,15,linear3,,37.5
p3808,,,op5,op1,15,linear3,,37.5
p3808,,,op6,op1,15,linear3,,37.5
p3808,,,op7,op1,15,linear3,,37.5
p3808,,,op8,op1,15,linear3,,37.5
p3809,3312.132,BATCH_PIPELINE,op1,,1,const,,55
p3809,,,op2,op1,15,linear3,,37.5
p3809,,,op3,op1,80,squared,,10
p3809,,,op4,op1,1,const,,55
p3809,,,op5,op1,20,linear7,,30
p3809,,,op6,op1,2,sqrt,,55
p3809,,,op7,op1,15,linear3,,37.5
p3809,,,op8,op1,15,linear3,,37.5
p3809,,,op9,op1,1,const,,55
p3809,,,op10,op1,1,const,,55
p3809,,,op11,op1,80,squared,,10
p3809,,,op12,op1,5,linear3,,45
p3809,,,op13,op1,80,squared,,10
p3810,3312.132,BATCH_PIPELINE,op1,,1,const,,55
p3810,,,op2,,80,squared,,10
p3810,,,op3,,80,squared,,10
p3810,,,op4,,5,linear3,,45
p3810,,,op5,,80,squared,,10
p3810,,,op6,,40,linear7,,20
p3810,,,op7,op1;op2;op3;op4;op5;op6,40,linear7,,20
p3811,3321.36,BATCH_PIPELINE,op1,,1,const,,55
p3811,,,op2,op1,80,squared,,10
p3811,,,op3,op2,15,linear3,,37.5
p3811,,,op4,op3,1,const,,55
p3811,,,op5,op4,40,linear7,,20
p3812,3321.36,INTERACTIVE,op1,,1,const,,55
p3812,,,op2,op1,1,const,,55
p3812,,,op3,op1,15,linear3,,37.5
p3812,,,op4,op1,2,sqrt,,55
p3812,,,op5,op1,2,sqrt,,55
p3812,,,op6,op1,1,const,,55
p3813,3321.36,QUERY,op1,,15,linear3,,35
p3814,3321.36,BATCH_PIPELINE,op1,,1,const,,55
p3814,,,op2,op1,5,linear3,,45
p3814,,,op3,op2,5,linear3,,45
p3814,,,op4,op3,2,sqrt,,55
p3814,,,op5,op4,40,linear7,,20
p3814,,,op6,op5,20,linear7,,30
p3815,3321.36,BATCH_PIPELINE,op1,,1,const,,55
p3815,,,op2,op1,40,linear7,,20
p3815,,,op3,op2,20,linear7,,30
p3815,,,op4,op3,40,linear7,,20
p3815,,,op5,op4,5,linear3,,45
p3816,3321.36,BATCH_PIPELINE,op1,,1,const,,55
p3816,,,op2,op1,5,linear3,,45
p3816,,,op3,op1,2,sqrt,,55
p3816,,,op4,op1,15,linear3,,37.5
p3816,,,op5,op1,20,linear7,,30
p3816,,,op6,op1,5,linear3,,45
p3816,,,op7,op1,5,linear3,,45
p3816,,,op8,op1,5,linear3,,45
p3816,,,op9,op1,20,linear7,,30
p3816,,,op10,op1,1,const,,55
p3817,3321.36,BATCH_PIPELINE,op1,,1,const,,55
p3817,,,op2,op1,15,linear3,,37.5
p3817,,,op3,op2,1,const,,55
p3817,,,op4,op3,20,linear7,,30
p3817,,,op5,op4,40,linear7,,20
p3818,3321.36,INTERACTIVE,op1,,1,const,,55
p3818,,,op2,op1,2,sqrt,,55
p3818,,,op3,op2,20,linear7,,30
p3818,,,op4,op3,5,linear3,,45
p3818,,,op5,op4,2,sqrt,,55
p3818,,,op6,op5,40,linear7,,20
p3818,,,op7,op6,15,linear3,,37.5
p3818,,,op8,op7,20,linear7,,30
p3818,,,op9,op8,2,sqrt,,55
p3818,,,op10,op9,80,squared,,10
p3819,3321.36,BATCH_PIPELINE,op1,,1,const,,55
p3819,,,op2,op1,15,linear3,,37.5
p3819,,,op3,op2,20,linear7,,30
p3819,,,op4,op3,80,squared,,10
p3819,,,op5,op4,5,linear3,,45
p3819,,,op6,op5,15,linear3,,37.5
p3819,,,op7,op6,20,linear7,,30
p3819,,,op8,op7,1,const,,55
p3819,,,op9,op8,1,const,,55
p3819,,,op10,op9,2,sqrt,,55
p3820,3321.36,INTERACTIVE,op1,,1,const,,55
p3820,,,op2,op1,1,const,,55
p3820,,,op3,op2,80,squared,,10
p3820,,,op4,op3,2,sqrt,,55
p3820,,,op5,op4,5,linear3,,45
p3820,,,op6,op5,40,linear7,,20
p3820,,,op7,op6,40,linear7,,20
p3820,,,op8,op7,20,linear7,,30
p3820,,,op9,op8,1,const,,55
p3820,,,op10,op9,1,const,,55
p3820,,,op11,op10,40,linear7,,20
p3821,3331.076,BATCH_PIPELINE,op1,,1,const,,55
p3821,,,op2,op1,80,squared,,10
p3821,,,op3,op2,5,linear3,,45
p3821,,,op4,op3,2,sqrt,,55
p3821,,,op5,op4,5,linear3,,45
p3821,,,op6,op5,40,linear7,,20
p3821,,,op7,op6,40,linear7,,20
p3822,3331.076,BATCH_PIPELINE,op1,,1,const,,55
p3822,,,op2,op1,80,squared,,10
p3822,,,op3,op2,1,const,,55
p3822,,,op4,op3,5,linear3,,45
p3822,,,op5,op4,40,linear7,,20
p3822,,,op6,op5,15,linear3,,37.5
p3823,3331.076,BATCH_PIPELINE,op1,,1,const,,55
p3823,,,op2,op1,1,const,,55
p3823,,,op3,op2,15,linear3,,37.5
p3823,,,op4,op3,15,linear3,,37.5
p3823,,,op5,op4,5,linear3,,45
p3823,,,op6,op5,2,sqrt,,55
p3823,,,op7,op6,2,sqrt,,55
p3823,,,op8,op7,2,sqrt,,55
p3824,3331.076,QUERY,op1,,15,linear3,,35
p3825,3331.076,BATCH_PIPELINE,op1,,1,const,,55
p3825,,,op2,op1,2,sqrt,,55
p3825,,,op3,op2,40,linear7,,20
p3825,,,op4,op3,5,linear3,,45
p3825,,,op5,op4,2,sqrt,,55
p3825,,,op6,op5,2,sqrt,,55
p3825,,,op7,op6,15,linear3,,37.5
p3825,,,op8,op7,20,linear7,,30
p3826,3331.076,BATCH_PIPELINE,op1,,1,const,,55
p3826,,,op2,op1,15,linear3,,37.5
p3826,,,op3,op2,15,linear3,,37.5
p3826,,,op4,op3,2,sqrt,,55
p3826,,,op5,op4,40,linear7,,20
p3826,,,op6,op5,15,linear3,,37.5
p3826,,,op7,op6,20,linear7,,30
p3827,3331.076,BATCH_PIPELINE,op1,,1,const,,55
p3827,,,op2,op1,5,linear3,,45
p3827,,,op3,op2,80,squared,,10
p3827,,,op4,op3,80,squared,,10
p3827,,,op5,op4,15,linear3,,37.5
p3827,,,op6,op5,5,linear3,,45
p3827,,,op7,op6,1,const,,55
p3827,,,op8,op7,5,linear3,,45
p3828,3331.076,INTERACTIVE,op1,,1,const,,55
p3828,,,op2,,20,linear7,,30
p3828,,,op3,,1,const,,55
p3828,,,op4,,15,linear3,,37.5
p3828,,,op5,,5,linear3,,45
p3828,,,op6,,2,sqrt,,55
p3828,,,op7,op1;op2;op3;op4;op5;op6,80,squared,,10
p3829,3331.076,BATCH_PIPELINE,op1,,1,const,,55
p3829,,,op2,op1,1,const,,55
p3829,,,op3,op1,2,sqrt,,55
p3829,,,op4,op1,40,linear7,,20
p3829,,,op5,op1,15,linear3,,37.5
p3829,,,op6,op1,15,linear3,,37.5
p3830,3331.076,BATCH_PIPELINE,op1,,1,const,,55
p3830,,,op2,op1,20,linear7,,30
p3830,,,op3,op2,1,const,,55
p3830,,,op4,op3,2,sqrt,,55
p3830,,,op5,op4,5,linear3,,45
p3830,,,op6,op5,20,linear7,,30
p3830,,,op7,op6,5,linear3,,45
p3830,,,op8,op7,1,const,,55
p3830,,,op9,op8,1,const,,55
p3831,3339.9230000000002,BATCH_PIPELINE,op1,,1,const,,55
p3831,,,op2,op1,15,linear3,,37.5
p3831,,,op3,op2,40,linear7,,20
p3831,,,op4,op3,15,linear3,,37.5
p3831,,,op5,op4,40,linear7,,20
p3831,,,op6,op5,5,linear3,,45
p3832,3339.9230000000002,INTERACTIVE,op1,,1,const,,55
p3832,,,op2,op1,15,linear3,,37.5
p3832,,,op3,op2,5,linear3,,45
p3832,,,op4,op3,20,linear7,,30
p3832,,,op5,op4,20,linear7,,30
p3832,,,op6,op5,15,linear3,,37.5
p3832,,,op7,op6,5,linear3,,45
p3832,,,op8,op7,1,const,,55
p3832,,,op9,op8,5,linear3,,45
p3832,,,op10,op9,5,linear3,,45
p3833,3339.9230000000002,BATCH_PIPELINE,op1,,1,const,,55
p3833,,,op2,op1,2,sqrt,,55
p3833,,,op3,op2,1,const,,55
p3833,,,op4,op3,1,const,,55
p3833,,,op5,op4,2,sqrt,,55
p3833,,,op6,op5,40,linear7,,20
p3833,,,op7,op6,1,const,,55
p3833,,,op8,op7,1,const,,55
p3834,3339.9230000000002,BATCH_PIPELINE,op1,,1,const,,55
p3834,,,op2,op1,1,const,,55
p3834,,,op3,op2,2,sqrt,,55
p3834,,,op4,op3,20,linear7,,30
p3834,,,op5,op4,15,linear3,,37.5
p3834,,,op6,op5,2,sqrt,,55
p3834,,,op7,op6,20,linear7,,30
p3834,,,op8,op7,15,linear3,,37.5
p3834,,,op9,op8,5,linear3,,45
p3835,3339.9230000000002,BATCH_PIPELINE,op1,,1,const,,55
p3835,,,op2,op1,5,linear3,,45
p3835,,,op3,op2,2,sqrt,,55
p3835,,,op4,op3,5,linear3,,45
p3835,,,op5,op4,15,linear3,,37.5
p3835,,,op6,op5,20,linear7,,30
p3836,3339.9230000000002,INTERACTIVE,op1,,1,const,,55
p3836,,,op2,op1,20,linear7,,30
p3836,,,op3,op2,5,linear3,,45
p3836,,,op4,op3,5,linear3,,45
p3836,,,op5,op4,20,linear7,,30
p3836,,,op6,op5,40,linear7,,20
p3837,3339.9230000000002,BATCH_PIPELINE,op1,,1,const,,55
p3837,,,op2,op1,2,sqrt,,55
p3837,,,op3,op2,2,sqrt,,55
p3837,,,op4,op3,40,linear7,,20
p3837,,,op5,op4,20,linear7,,30
p3837,,,op6,op5,80,squared,,10
p3837,,,op7,op6,2,sqrt,,55
p3837,,,op8,op7,15,linear3,,37.5
p3838,3339.9230000000002,INTERACTIVE,op1,,1,const,,55
p3838,,,op2,op1,15,linear3,,37.5
p3838,,,op3,op1,1,const,,55
p3838,,,op4,op1,2,sqrt,,55
p3838,,,op5,op1,15,linear3,,37.5
p3838,,,op6,op1,40,linear7,,20
p3838,,,op7,op1,1,const,,55
p3838,,,op8,op1,1,const,,55
p3838,,,op9,op1,20,linear7,,30
p3839,3339.9230000000002,INTERACTIVE,op1,,1,const,,55
p3839,,,op2,op1,5,linear3,,45
p3839,,,op3,op2,5,linear3,,45
p3839,,,op4,op3,40,linear7,,20
p3839,,,op5,op4,1,const,,55
p3840,3339.9230000000002,BATCH_PIPELINE,op1,,1,const,,55
p3840,,,op2,op1,20,linear7,,30
p3840,,,op3,op2,5,linear3,,45
p3840,,,op4,op3,5,linear3,,45
p3840,,,op5,op4,2,sqrt,,55
p3840,,,op6,op5,15,linear3,,37.5
p3840,,,op7,op6,20,linear7,,30
p3840,,,op8,op7,15,linear3,,37.5
p3840,,,op9,op8,40,linear7,,20
p3840,,,op10,op9,20,linear7,,30
p3840,,,op11,op10,1,const,,55
p3841,3348.598,BATCH_PIPELINE,op1,,1,const,,55
p3841,,,op2,op1,15,linear3,,37.5
p3841,,,op3,op1,40,linear7,,20
p3841,,,op4,op1,1,const,,55
p3841,,,op5,op1,2,sqrt,,55
p3841,,,op6,op1,2,sqrt,,55
p3841,,,op7,op1,15,linear3,,37.5
p3841,,,op8,op1,20,linear7,,30
p3841,,,op9,op1,5,linear3,,45
p3842,3348.598,BATCH_PIPELINE,op1,,1,const,,55
p3842,,,op2,op1,1,const,,55
p3842,,,op3,op2,5,linear3,,45
p3842,,,op4,op3,15,linear3,,37.5
p3842,,,op5,op4,80,squared,,10
p3842,,,op6,op5,1,const,,55
p3842,,,op7,op6,20,linear7,,30
p3842,,,op8,op7,1,const,,55
p3843,3348.598,BATCH_PIPELINE,op1,,1,const,,55
p3843,,,op2,,15,linear3,,37.5
p3843,,,op3,,5,linear3,,45
p3843,,,op4,,15,linear3,,37.5
p3843,,,op5,op1;op2;op3;op4,15,linear3,,37.5
p3844,3348.598,BATCH_PIPELINE,op1,,1,const,,55
p3844,,,op2,op1,80,squared,,10
p3844,,,op3,op2,40,linear7,,20
p3844,,,op4,op3,80,squared,,10
p3844,,,op5,op4,2,sqrt,,55
p3844,,,op6,op5,2,sqrt,,55
p3844,,,op7,op6,5,linear3,,45
p3845,3348.598,QUERY,op1,,15,linear3,,35
p3846,3348.598,INTERACTIVE,op1,,1,const,,55
p3846,,,op2,op1,2,sqrt,,55
p3846,,,op3,op2,1,const,,55
p3846,,,op4,op3,15,linear3,,37.5
p3846,,,op5,op4,2,sqrt,,55
p3846,,,op6,op5,5,linear3,,45
p3847,3348.598,BATCH_PIPELINE,op1,,1,const,,55
p3847,,,op2,op1,1,const,,55
p3847,,,op3,op2,1,const,,55
p3847,,,op4,op3,15,linear3,,37.5
p3847,,,op5,op4,20,linear7,,30
p3847,,,op6,op5,2,sqrt,,55
p3848,3348.598,BATCH_PIPELINE,op1,,1,const,,55
p3848,,,op2,op1,40,linear7,,20
p3848,,,op3,op2,5,linear3,,45
p3848,,,op4,op3,5,linear3,,45
p3848,,,op5,op4,15,linear3,,37.5
p3848,,,op6,op5,1,const,,55
p3848,,,op7,op6,20,linear7,,30
p3849,3348.598,INTERACTIVE,op1,,1,const,,55
p3849,,,op2,op1,5,linear3,,45
p3849,,,op3,op2,20,linear7,,30
p3849,,,op4,op3,2,sqrt,,55
p3849,,,op5,op4,5,linear3,,45
p3849,,,op6,op5,15,linear3,,37.5
p3849,,,op7,op6,5,linear3,,45
p3849,,,op8,op7,40,linear7,,20
p3850,3348.598,INTERACTIVE,op1,,1,const,,55
p3850,,,op2,op1,2,sqrt,,55
p3850,,,op3,op2,40,linear7,,20
p3850,,,op4,op3,2,sqrt,,55
p3850,,,op5,op4,80,squared,,10
p3850,,,op6,op5,1,const,,55
p3850,,,op7,op6,80,squared,,10
p3851,3359.829,BATCH_PIPELINE,op1,,1,const,,55
p3851,,,op2,,5,linear3,,45
p3851,,,op3,,1,const,,55
p3851,,,op4,,5,linear3,,45
p3851,,,op5,,5,linear3,,45
p3851,,,op6,,20,linear7,,30
p3851,,,op7,,80,squared,,10
p3851,,,op8,,2,sqrt,,55
p3851,,,op9,,1,const,,55
p3851,,,op10,,20,linear7,,30
p3851,,,op11,,2,sqrt,,55
p3851,,,op12,op1;op2;op3;op4;op5;op6;op7;op8;op9;op10;op11,80,squared,,10
p3852,3359.829,BATCH_PIPELINE,op1,,1,const,,55
p3852,,,op2,op1,20,linear7,,30
p3852,,,op3,op2,5,linear3,,45
p3852,,,op4,op3,40,linear7,,20
p3852,,,op5,op4,5,linear3,,45
p3852,,,op6,op5,40,linear7,,20
p3853,3359.829,BATCH_PIPELINE,op1,,1,const,,55
p3853,,,op2,,5,linear3,,45
p3853,,,op3,,5,linear3,,45
p3853,,,op4,op1;op2;op3,1,const,,55
p3854,3359.829,BATCH_PIPELINE,op1,,1,const,,55
p3854,,,op2,op1,1,const,,55
p3854,,,op3,op2,20,linear7,,30
p3854,,,op4,op3,40,linear7,,20
p3854,,,op5,op4,5,linear3,,45
p3854,,,op6,op5,40,linear7,,20
p3854,,,op7,op6,1,const,,55
p3854,,,op8,op7,20,linear7,,30
p3854,,,op9,op8,15,linear3,,37.5
p3855,3359.829,INTERACTIVE,op1,,1,const,,55
p3855,,,op2,op1,2,sqrt,,55
p3855,,,op3,op1,15,linear3,,37.5
p3855,,,op4,op1,2,sqrt,,55
p3855,,,op5,op1,1,const,,55
p3855,,,op6,op1,5,linear3,,45
p3855,,,op7,op1,5,linear3,,45
p3855,,,op8,op1,2,sqrt,,55
p3855,,,op9,op1,40,linear7,,20
p3855,,,op10,op1,2,sqrt,,55
p3855,,,op11,op1,2,sqrt,,55
p3855,,,op12,op1,1,const,,55
p3856,3359.829,BATCH_PIPELINE,op1,,1,const,,55
p3856,,,op2,op1,20,linear7,,30
p3856,,,op3,op2,40,linear7,,20
p3856,,,op4,op3,5,linear3,,45
p3856,,,op5,op4,40,linear7,,20
p3856,,,op6,op5,2,sqrt,,55
p3856,,,op7,op6,1,const,,55
p3856,,,op8,op7,15,linear3,,37.5
p3856,,,op9,op8,15,linear3,,37.5
p3856,,,op10,op9,15,linear3,,37.5
p3857,3359.829,BATCH_PIPELINE,op1,,1,const,,55
p3857,,,op2,op1,40,linear7,,20
p3857,,,op3,op2,15,linear3,,37.5
p3857,,,op4,op3,15,linear3,,37.5
p3857,,,op5,op4,1,const,,55
p3857,,,op6,op5,80,squared,,10
p3857,,,op7,op6,1,const,,55
p3857,,,op8,op7,2,sqrt,,55
p3858,3359.829,INTERACTIVE,op1,,1,const,,55
p3858,,,op2,op1,15,linear3,,37.5
p3858,,,op3,op2,2,sqrt,,55
p3858,,,op4,op3,1,const,,55
p3858,,,op5,op4,20,linear7,,30
p3858,,,op6,op5,2,sqrt,,55
p3858,,,op7,op6,15,linear3,,37.5
p3858,,,op8,op7,20,linear7,,30
p3858,,,op9,op8,80,squared,,10
p3858,,,op10,op9,1,const,,55
p3858,,,op11,op10,5,linear3,,45
p3858,,,op12,op11,5,linear3,,45
p3859,3359.829,BATCH_PIPELINE,op1,,1,const,,55
p3859,,,op2,op1,1,const,,55
p3859,,,op3,op2,5,linear3,,45
p3859,,,op4,op3,5,linear3,,45
p3859,,,op5,op4,5,linear3,,45
p3859,,,op6,op5,2,sqrt,,55
p3859,,,op7,op6,1,const,,55
p3859,,,op8,op7,80,squared,,10
p3859,,,op9,op8,15,linear3,,37.5
p3859,,,op10,op9,5,linear3,,45
p3859,,,op11,op10,80,squared,,10
p3859,,,op12,op11,2,sqrt,,55
p3859,,,op13,op12,20,linear7,,30
p3860,3359.829,INTERACTIVE,op1,,1,const,,55
p3860,,,op2,op1,15,linear3,,37.5
p3860,,,op3,op2,80,squared,,10
p3860,,,op4,op3,15,linear3,,37.5
p3860,,,op5,op4,1,const,,55
p3860,,,op6,op5,15,linear3,,37.5
p3860,,,op7,op6,15,linear3,,37.5
p3860,,,op8,op7,20,linear7,,30
p3860,,,op9,op8,40,linear7,,20
p3861,3372.26,BATCH_PIPELINE,op1,,1,const,,55
p3861,,,op2,op1,2,sqrt,,55
p3861,,,op3,op2,15,linear3,,37.5
p3861,,,op4,op3,1,const,,55
p3861,,,op5,op4,2,sqrt,,55
p3861,,,op6,op5,20,linear7,,30
p3862,3372.26,INTERACTIVE,op1,,1,const,,55
p3862,,,op2,op1,15,linear3,,37.5
p3862,,,op3,op2,2,sqrt,,55
p3862,,,op4,op3,1,const,,55
p3862,,,op5,op4,20,linear7,,30
p3862,,,op6,op5,2,sqrt,,55
p3862,,,op7,op6,5,linear3,,45
p3862,,,op8,op7,2,sqrt,,55
p3863,3372.26,BATCH_PIPELINE,op1,,1,const,,55
p3863,,,op2,op1,2,sqrt,,55
p3863,,,op3,op1,5,linear3,,45
p3863,,,op4,op1,15,linear3,,37.5
p3863,,,op5,op1,80,squared,,10
p3863,,,op6,op1,15,linear3,,37.5
p3863,,,op7,op1,1,const,,55
p3863,,,op8,op1,15,linear3,,37.5
p3864,3372.26,BATCH_PIPELINE,op1,,1,const,,55
p3864,,,op2,op1,5,linear3,,45
p3864,,,op3,op2,15,linear3,,37.5
p3864,,,op4,op3,5,linear3,,45
p3865,3372.26,BATCH_PIPELINE,op1,,1,const,,55
p3865,,,op2,op1,2,sqrt,,55
p3865,,,op3,op2,2,sqrt,,55
p3865,,,op4,op3,5,linear3,,45
p3865,,,op5,op4,2,sqrt,,55
p3865,,,op6,op5,1,const,,55
p3866,3372.26,BATCH_PIPELINE,op1,,1,const,,55
p3866,,,op2,,1,const,,55
p3866,,,op3,,20,linear7,,30
p3866,,,op4,,80,squared,,10
p3866,,,op5,,5,linear3,,45
p3866,,,op6,,15,linear3,,37.5
p3866,,,op7,,15,linear3,,37.5
p3866,,,op8,op1;op2;op3;op4;op5;op6;op7,1,const,,55
p3867,3372.26,BATCH_PIPELINE,op1,,1,const,,55
p3867,,,op2,op1,5,linear3,,45
p3867,,,op3,op2,1,const,,55
p3867,,,op4,op3,40,linear7,,20
p3867,,,op5,op4,15,linear3,,37.5
p3867,,,op6,op5,20,linear7,,30
p3867,,,op7,op6,2,sqrt,,55
p3867,,,op8,op7,15,linear3,,37.5
p3867,,,op9,op8,1,const,,55
p3867,,,op10,op9,5,linear3,,45
p3868,3372.26,BATCH_PIPELINE,op1,,1,const,,55
p3868,,,op2,,1,const,,55
p3868,,,op3,,5,linear3,,45
p3868,,,op4,,15,linear3,,37.5
p3868,,,op5,,5,linear3,,45
p3868,,,op6,,1,const,,55
p3868,,,op7,,20,linear7,,30
p3868,,,op8,,2,sqrt,,55
p3868,,,op9,,20,linear7,,30
p3868,,,op10,,1,const,,55
p3868,,,op11,,2,sqrt,,55
p3868,,,op12,op1;op2;op3;op4;op5;op6;op7;op8;op9;op10;op11,20,linear7,,30
p3869,3372.26,BATCH_PIPELINE,op1,,1,const,,55
p3869,,,op2,op1,15,linear3,,37.5
p3869,,,op3,op2,2,sqrt,,55
p3869,,,op4,op3,1,const,,55
p3869,,,op5,op4,20,linear7,,30
p3869,,,op6,op5,80,squared,,10
p3869,,,op7,op6,20,linear7,,30
p3869,,,op8,op7,15,linear3,,37.5
p3870,3372.26,QUERY,op1,,15,linear3,,35
p3871,3383.234,BATCH_PIPELINE,op1,,1,const,,55
p3871,,,op2,op1,80,squared,,10
p3871,,,op3,op2,1,const,,55
p3871,,,op4,op3,1,const,,55
p3871,,,op5,op4,15,linear3,,37.5
p3871,,,op6,op5,2,sqrt,,55
p3871,,,op7,op6,1,const,,55
p3871,,,op8,op7,40,linear7,,20
p3871,,,op9,op8,1,const,,55
p3872,3383.234,INTERACTIVE,op1,,1,const,,55
p3872,,,op2,op1,40,linear7,,20
p3872,,,op3,op2,40,linear7,,20
p3872,,,op4,op3,40,linear7,,20
p3873,3383.234,INTERACTIVE,op1,,1,const,,55
p3873,,,op2,,5,linear3,,45
p3873,,,op3,,15,linear3,,37.5
p3873,,,op4,,20,linear7,,30
p3873,,,op5,,1,const,,55
p3873,,,op6,,1,const,,55
p3873,,,op7,,5,linear3,,45
p3873,,,op8,,1,const,,55
p3873,,,op9,,1,const,,55
p3873,,,op10,op1;op2;op3;op4;op5;op6;op7;op8;op9,5,linear3,,45
p3874,3383.234,INTERACTIVE,op1,,1,const,,55
p3874,,,op2,op1,15,linear3,,37.5
p3874,,,op3,op1,80,squared,,10
p3874,,,op4,op1,2,sqrt,,55
p3874,,,op5,op1,15,linear3,,37.5
p3874,,,op6,op1,2,sqrt,,55
p3874,,,op7,op1,1,const,,55
p3874,,,op8,op1,40,linear7,,20
p3874,,,op9,op1,5,linear3,,45
p3875,3383.234,BATCH_PIPELINE,op1,,1,const,,55
p3875,,,op2,op1,2,sqrt,,55
p3875,,,op3,op1,40,linear7,,20
p3875,,,op4,op1,20,linear7,,30
p3875,,,op5,op1,1,const,,55
p3875,,,op6,op1,2,sqrt,,55
p3875,,,op7,op1,40,linear7,,20
p3876,3383.234,BATCH_PIPELINE,op1,,1,const,,55
p3876,,,op2,op1,2,sqrt,,55
p3876,,,op3,op2,20,linear7,,30
p3876,,,op4,op3,5,linear3,,45
p3876,,,op5,op4,5,linear3,,45
p3876,,,op6,op5,5,linear3,,45
p3876,,,op7,op6,20,linear7,,30
p3876,,,op8,op7,80,squared,,10
p3876,,,op9,op8,40,linear7,,20
p3877,3383.234,INTERACTIVE,op1,,1,const,,55
p3877,,,op2,,80,squared,,10
p3877,,,op3,,40,linear7,,20
p3877,,,op4,,15,linear3,,37.5
p3877,,,op5,,5,linear3,,45
p3877,,,op6,op1;op2;op3;op4;op5,15,linear3,,37.5
p3878,3383.234,BATCH_PIPELINE,op1,,1,const,,55
p3878,,,op2,op1,2,sqrt,,55
p3878,,,op3,op2,80,squared,,10
p3878,,,op4,op3,2,sqrt,,55
p3878,,,op5,op4,2,sqrt,,55
p3878,,,op6,op5,15,linear3,,37.5
p3878,,,op7,op6,5,linear3,,45
p3878,,,op8,op7,40,linear7,,20
p3879,3383.234,BATCH_PIPELINE,op1,,1,const,,55
p3879,,,op2,,2,sqrt,,55
p3879,,,op3,,20,linear7,,30
p3879,,,op4,,15,linear3,,37.5
p3879,,,op5,op1;op2;op3;op4,5,linear3,,45
p3880,3383.234,BATCH_PIPELINE,op1,,1,const,,55
p3880,,,op2,op1,1,const,,55
p3880,,,op3,op2,15,linear3,,37.5
p3880,,,op4,op3,15,linear3,,37.5
p3880,,,op5,op4,2,sqrt,,55
p3881,3393.1820000000002,BATCH_PIPELINE,op1,,1,const,,55
p3881,,,op2,op1,20,linear7,,30
p3881,,,op3,op2,5,linear3,,45
p3881,,,op4,op3,1,const,,55
p3881,,,op5,op4,5,linear3,,45
p3882,3393.1820000000002,INTERACTIVE,op1,,1,const,,55
p3882,,,op2,op1,80,squared,,10
p3882,,,op3,op2,5,linear3,,45
p3882,,,op4,op3,1,const,,55
p3882,,,op5,op4,15,linear3,,37.5
p3882,,,op6,op5,80,squared,,10
p3882,,,op7,op6,5,linear3,,45
p3883,3393.1820000000002,BATCH_PIPELINE,op1,,1,const,,55
p3883,,,op2,op1,5,linear3,,45
p3883,,,op3,op1,1,const,,55
p3883,,,op4,op1,2,sqrt,,55
p3883,,,op5,op1,5,linear3,,45
p3883,,,op6,op1,20,linear7,,30
p3883,,,op7,op1,2,sqrt,,55
p3884,3393.1820000000002,BATCH_PIPELINE,op1,,1,const,,55
p3884,,,op2,op1,5,linear3,,45
p3884,,,op3,op2,15,linear3,,37.5
p3884,,,op4,op3,1,const,,55
p3884,,,op5,op4,15,linear3,,37.5
p3884,,,op6,op5,1,const,,55
p3884,,,op7,op6,1,const,,55
p3884,,,op8,op7,2,sqrt,,55
p3885,3393.1820000000002,BATCH_PIPELINE,op1,,1,const,,55
p3885,,,op2,op1,5,linear3,,45
p3885,,,op3,op2,40,linear7,,20
p3885,,,op4,op3,80,squared,,10
p3886,3393.1820000000002,INTERACTIVE,op1,,1,const,,55
p3886,,,op2,op1,5,linear3,,45
p3886,,,op3,op2,15,linear3,,37.5
p3886,,,op4,op3,1,const,,55
p3886,,,op5,op4,5,linear3,,45
p3886,,,op6,op5,15,linear3,,37.5
p3886,,,op7,op6,2,sqrt,,55
p3886,,,op8,op7,15,linear3,,37.5
p3886,,,op9,op8,1,const,,55
p3887,3393.1820000000002,BATCH_PIPELINE,op1,,1,const,,55
p3887,,,op2,op1,2,sqrt,,55
p3887,,,op3,op2,1,const,,55
p3887,,,op4,op3,15,linear3,,37.5
p3887,,,op5,op4,20,linear7,,30
p3887,,,op6,op5,5,linear3,,45
p3887,,,op7,op6,5,linear3,,45
p3887,,,op8,op7,1,const,,55
p3887,,,op9,op8,15,linear3,,37.5
p3887,,,op10,op9,2,sqrt,,55
p3888,3393.1820000000002,BATCH_PIPELINE,op1,,1,const,,55
p3888,,,op2,op1,1,const,,55
p3888,,,op3,op2,15,linear3,,37.5
p3888,,,op4,op3,5,linear3,,45
p3888,,,op5,op4,2,sqrt,,55
p3888,,,op6,op5,15,linear3,,37.5
p3888,,,op7,op6,15,linear3,,37.5
p3888,,,op8,op7,2,sqrt,,55
p3888,,,op9,op8,2,sqrt,,55
p3888,,,op10,op9,15,linear3,,37.5
p3888,,,op11,op10,15,linear3,,37.5
p3889,3393.1820000000002,INTERACTIVE,op1,,1,const,,55
p3889,,,op2,op1,20,linear7,,30
p3889,,,op3,op2,15,linear3,,37.5
p3889,,,op4,op3,5,linear3,,45
p3889,,,op5,op4,5,linear3,,45
p3889,,,op6,op5,2,sqrt,,55
p3890,3393.1820000000002,BATCH_PIPELINE,op1,,1,const,,55
p3890,,,op2,op1,2,sqrt,,55
p3890,,,op3,op2,5,linear3,,45
p3890,,,op4,op3,5,linear3,,45
p3890,,,op5,op4,80,squared,,10
p3890,,,op6,op5,20,linear7,,30
p3890,,,op7,op6,20,linear7,,30
p3891,3404.253,BATCH_PIPELINE,op1,,1,const,,55
p3891,,,op2,op1,5,linear3,,45
p3891,,,op3,op2,1,const,,55
p3891,,,op4,op3,5,linear3,,45
p3891,,,op5,op4,1,const,,55
p3891,,,op6,op5,5,linear3,,45
p3891,,,op7,op6,2,sqrt,,55
p3891,,,op8,op7,5,linear3,,45
p3891,,,op9,op8,1,const,,55
p3891,,,op10,op9,20,linear7,,30
p3892,3404.253,BATCH_PIPELINE,op1,,1,const,,55
p3892,,,op2,op1,15,linear3,,37.5
p3892,,,op3,op2,40,linear7,,20
p3892,,,op4,op3,15,linear3,,37.5
p3892,,,op5,op4,5,linear3,,45
p3892,,,op6,op5,5,linear3,,45
p3892,,,op7,op6,20,linear7,,30
p3892,,,op8,op7,80,squared,,10
p3892,,,op9,op8,40,linear7,,20
p3892,,,op10,op9,15,linear3,,37.5
p3892,,,op11,op10,15,linear3,,37.5
p3893,3404.253,BATCH_PIPELINE,op1,,1,const,,55
p3893,,,op2,op1,5,linear3,,45
p3893,,,op3,op2,1,const,,55
p3893,,,op4,op3,15,linear3,,37.5
p3893,,,op5,op4,20,linear7,,30
p3893,,,op6,op5,5,linear3,,45
p3893,,,op7,op6,15,linear3,,37.5
p3894,3404.253,BATCH_PIPELINE,op1,,1,const,,55
p3894,,,op2,op1,2,sqrt,,55
p3894,,,op3,op2,5,linear3,,45
p3894,,,op4,op3,80,squared,,10
p3894,,,op5,op4,5,linear3,,45
p3894,,,op6,op5,15,linear3,,37.5
p3894,,,op7,op6,5,linear3,,45
p3895,3404.253,BATCH_PIPELINE,op1,,1,const,,55
p3895,,,op2,op1,2,sqrt,,55
p3895,,,op3,op2,40,linear7,,20
p3895,,,op4,op3,5,linear3,,45
p3895,,,op5,op4,5,linear3,,45
p3895,,,op6,op5,5,linear3,,45
p3896,3404.253,BATCH_PIPELINE,op1,,1,const,,55
p3896,,,op2,,15,linear3,,37.5
p3896,,,op3,,1,const,,55
p3896,,,op4,,40,linear7,,20
p3896,,,op5,,5,linear3,,45
p3896,,,op6,,1,const,,55
p3896,,,op7,,1,const,,55
p3896,,,op8,,20,linear7,,30
p3896,,,op9,,1,const,,55
p3896,,,op10,op1;op2;op3;op4;op5;op6;op7;op8;op9,15,linear3,,37.5
p3897,3404.253,INTERACTIVE,op1,,1,const,,55
p3897,,,op2,op1,2,sqrt,,55
p3897,,,op3,op2,5,linear3,,45
p3897,,,op4,op3,20,linear7,,30
p3897,,,op5,op4,5,linear3,,45
p3897,,,op6,op5,15,linear3,,37.5
p3897,,,op7,op6,5,linear3,,45
p3898,3404.253,BATCH_PIPELINE,op1,,1,const,,55
p3898,,,op2,op1,2,sqrt,,55
p3898,,,op3,op2,20,linear7,,30
p3898,,,op4,op3,2,sqrt,,55
p3898,,,op5,op4,20,linear7,,30
p3898,,,op6,op5,15,linear3,,37.5
p3898,,,op7,op6,5,linear3,,45
p3898,,,op8,op7,15,linear3,,37.5
p3899,3404.253,INTERACTIVE,op1,,1,const,,55
p3899,,,op2,op1,80,squared,,10
p3899,,,op3,op2,1,const,,55
p3899,,,op4,op3,1,const,,55
p3899,,,op5,op4,5,linear3,,45
p3899,,,op6,op5,40,linear7,,20
p3899,,,op7,op6,20,linear7,,30
p3899,,,op8,op7,1,const,,55
p3899,,,op9,op8,5,linear3,,45
p3900,3404.253,BATCH_PIPELINE,op1,,1,const,,55
p3900,,,op2,,20,linear7,,30
p3900,,,op3,,15,linear3,,37.5
p3900,,,op4,,5,linear3,,45
p3900,,,op5,,5,linear3,,45
p3900,,,op6,,20,linear7,,30
p3900,,,op7,op1;op2;op3;op4;op5;op6,80,squared,,10
p3901,3410.587,BATCH_PIPELINE,op1,,1,const,,55
p3901,,,op2,,15,linear3,,37.5
p3901,,,op3,,40,linear7,,20
p3901,,,op4,,15,linear3,,37.5
p3901,,,op5,,2,sqrt,,55
p3901,,,op6,,15,linear3,,37.5
p3901,,,op7,,40,linear7,,20
p3901,,,op8,op1;op2;op3;op4;op5;op6;op7,15,linear3,,37.5
p3902,3410.587,INTERACTIVE,op1,,1,const,,55
p3902,,,op2,op1,5,linear3,,45
p3902,,,op3,op2,5,linear3,,45
p3902,,,op4,op3,40,linear7,,20
p3902,,,op5,op4,1,const,,55
p3902,,,op6,op5,15,linear3,,37.5
p3902,,,op7,op6,15,linear3,,37.5
p3903,3410.587,BATCH_PIPELINE,op1,,1,const,,55
p3903,,,op2,op1,15,linear3,,37.5
p3903,,,op3,op2,15,linear3,,37.5
p3903,,,op4,op3,80,squared,,10
p3903,,,op5,op4,1,const,,55
p3903,,,op6,op5,2,sqrt,,55
p3903,,,op7,op6,20,linear7,,30
p3904,3410.587,BATCH_PIPELINE,op1,,1,const,,55
p3904,,,op2,op1,20,linear7,,30
p3904,,,op3,op2,15,linear3,,37.5
p3904,,,op4,op3,2,sqrt,,55
p3904,,,op5,op4,15,linear3,,37.5
p3904,,,op6,op5,5,linear3,,45
p3904,,,op7,op6,15,linear3,,37.5
p3905,3410.587,INTERACTIVE,op1,,1,const,,55
p3905,,,op2,op1,20,linear7,,30
p3905,,,op3,op2,40,linear7,,20
p3905,,,op4,op3,1,const,,55
p3905,,,op5,op4,5,linear3,,45
p3906,3410.587,INTERACTIVE,op1,,1,const,,55
p3906,,,op2,,1,const,,55
p3906,,,op3,,15,linear3,,37.5
p3906,,,op4,,5,linear3,,45
p3906,,,op5,,2,sqrt,,55
p3906,,,op6,,40,linear7,,20
p3906,,,op7,op1;op2;op3;op4;op5;op6,80,squared,,10
p3907,3410.587,BATCH_PIPELINE,op1,,1,const,,55
p3907,,,op2,op1,1,const,,55
p3907,,,op3,op2,1,const,,55
p3907,,,op4,op3,15,linear3,,37.5
p3908,3410.587,INTERACTIVE,op1,,1,const,,55
p3908,,,op2,op1,15,linear3,,37.5
p3908,,,op3,op2,40,linear7,,20
p3908,,,op4,op3,2,sqrt,,55
p3908,,,op5,op4,5,linear3,,45
p3908,,,op6,op5,2,sqrt,,55
p3908,,,op7,op6,2,sqrt,,55
p3909,3410.587,BATCH_PIPELINE,op1,,1,const,,55
p3909,,,op2,op1,5,linear3,,45
p3909,,,op3,op2,15,linear3,,37.5
p3909,,,op4,op3,20,linear7,,30
p3909,,,op5,op4,15,linear3,,37.5
p3909,,,op6,op5,5,linear3,,45
p3909,,,op7,op6,2,sqrt,,55
p3909,,,op8,op7,20,linear7,,30
p3909,,,op9,op8,2,sqrt,,55
p3910,3410.587,INTERACTIVE,op1,,1,const,,55
p3910,,,op2,op1,15,linear3,,37.5
p3910,,,op3,op2,20,linear7,,30
p3910,,,op4,op3,5,linear3,,45
p3910,,,op5,op4,1,const,,55
p3910,,,op6,op5,15,linear3,,37.5
p3910,,,op7,op6,5,linear3,,45
p3910,,,op8,op7,2,sqrt,,55
p3910,,,op9,op8,1,const,,55
p3910,,,op10,op9,5,linear3,,45
p3911,3416.532,BATCH_PIPELINE,op1,,1,const,,55
p3911,,,op2,op1,15,linear3,,37.5
p3911,,,op3,op2,20,linear7,,30
p3911,,,op4,op3,2,sqrt,,55
p3911,,,op5,op4,20,linear7,,30
p3911,,,op6,op5,5,linear3,,45
p3911,,,op7,op6,80,squared,,10
p3912,3416.532,BATCH_PIPELINE,op1,,1,const,,55
p3912,,,op2,op1,15,linear3,,37.5
p3912,,,op3,op2,40,linear7,,20
p3912,,,op4,op3,15,linear3,,37.5
p3913,3416.532,BATCH_PIPELINE,op1,,1,const,,55
p3913,,,op2,op1,2,sqrt,,55
p3913,,,op3,op2,15,linear3,,37.5
p3913,,,op4,op3,20,linear7,,30
p3913,,,op5,op4,20,linear7,,30
p3913,,,op6,op5,20,linear7,,30
p3913,,,op7,op6,1,const,,55
p3914,3416.532,BATCH_PIPELINE,op1,,1,const,,55
p3914,,,op2,op1,5,linear3,,45
p3914,,,op3,op2,20,linear7,,30
p3914,,,op4,op3,15,linear3,,37.5
p3914,,,op5,op4,2,sqrt,,55
p3914,,,op6,op5,1,const,,55
p3915,3416.532,BATCH_PIPELINE,op1,,1,const,,55
p3915,,,op2,op1,80,squared,,10
p3915,,,op3,op2,2,sqrt,,55
p3915,,,op4,op3,5,linear3,,45
p3915,,,op5,op4,15,linear3,,37.5
p3915,,,op6,op5,1,const,,55
p3916,3416.532,BATCH_PIPELINE,op1,,1,const,,55
p3916,,,op2,op1,15,linear3,,37.5
p3916,,,op3,op2,2,sqrt,,55
p3916,,,op4,op3,15,linear3,,37.5
p3916,,,op5,op4,1,const,,55
p3916,,,op6,op5,5,linear3,,45
p3916,,,op7,op6,15,linear3,,37.5
p3917,3416.532,BATCH_PIPELINE,op1,,1,const,,55
p3917,,,op2,op1,5,linear3,,45
p3917,,,op3,op2,40,linear7,,20
p3917,,,op4,op3,2,sqrt,,55
p3917,,,op5,op4,20,linear7,,30
p3917,,,op6,op5,40,linear7,,20
p3917,,,op7,op6,1,const,,55
p3918,3416.532,INTERACTIVE,op1,,1,const,,55
p3918,,,op2,op1,20,linear7,,30
p3918,,,op3,op2,15,linear3,,37.5
p3918,,,op4,op3,15,linear3,,37.5
p3918,,,op5,op4,1,const,,55
p3918,,,op6,op5,15,linear3,,37.5
p3919,3416.532,BATCH_PIPELINE,op1,,1,const,,55
p3919,,,op2,,40,linear7,,20
p3919,,,op3,,5,linear3,,45
p3919,,,op4,,15,linear3,,37.5
p3919,,,op5,,15,linear3,,37.5
p3919,,,op6,,5,linear3,,45
p3919,,,op7,,15,linear3,,37.5
p3919,,,op8,op1;op2;op3;op4;op5;op6;op7,15,linear3,,37.5
p3920,3416.532,INTERACTIVE,op1,,1,const,,55
p3920,,,op2,op1,15,linear3,,37.5
p3920,,,op3,op2,5,linear3,,45
p3920,,,op4,op3,15,linear3,,37.5
p3920,,,op5,op4,5,linear3,,45
p3920,,,op6,op5,5,linear3,,45
p3920,,,op7,op6,1,const,,55
p3920,,,op8,op7,40,linear7,,20
p3921,3429.887,INTERACTIVE,op1,,1,const,,55
p3921,,,op2,op1,2,sqrt,,55
p3921,,,op3,op2,1,const,,55
p3921,,,op4,op3,80,squared,,10
p3921,,,op5,op4,5,linear3,,45
p3921,,,op6,op5,2,sqrt,,55
p3921,,,op7,op6,15,linear3,,37.5
p3921,,,op8,op7,5,linear3,,45
p3921,,,op9,op8,80,squared,,10
p3922,3429.887,INTERACTIVE,op1,,1,const,,55
p3922,,,op2,op1,40,linear7,,20
p3922,,,op3,op1,40,linear7,,20
p3922,,,op4,op1,5,linear3,,45
p3922,,,op5,op1,5,linear3,,45
p3922,,,op6,op1,1,const,,55
p3922,,,op7,op1,5,linear3,,45
p3922,,,op8,op1,15,linear3,,37.5
p3923,3429.887,BATCH_PIPELINE,op1,,1,const,,55
p3923,,,op2,op1,40,linear7,,20
p3923,,,op3,op2,5,linear3,,45
p3923,,,op4,op3,40,linear7,,20
p3923,,,op5,op4,15,linear3,,37.5
p3923,,,op6,op5,40,linear7,,20
p3923,,,op7,op6,20,linear7,,30
p3923,,,op8,op7,15,linear3,,37.5
p3923,,,op9,op8,1,const,,55
p3923,,,op10,op9,40,linear7,,20
p3923,,,op11,op10,15,linear3,,37.5
p3924,3429.887,QUERY,op1,,15,linear3,,35
p3925,3429.887,BATCH_PIPELINE,op1,,1,const,,55
p3925,,,op2,op1,5,linear3,,45
p3925,,,op3,op2,15,linear3,,37.5
p3925,,,op4,op3,2,sqrt,,55
p3925,,,op5,op4,20,linear7,,30
p3925,,,op6,op5,15,linear3,,37.5
p3925,,,op7,op6,2,sqrt,,55
p3925,,,op8,op7,15,linear3,,37.5
p3926,3429.887,BATCH_PIPELINE,op1,,1,const,,55
p3926,,,op2,op1,15,linear3,,37.5
p3926,,,op3,op2,1,const,,55
p3926,,,op4,op3,15,linear3,,37.5
p3926,,,op5,op4,5,linear3,,45
p3926,,,op6,op5,5,linear3,,45
p3926,,,op7,op6,1,const,,55
p3927,3429.887,BATCH_PIPELINE,op1,,1,const,,55
p3927,,,op2,op1,1,const,,55
p3927,,,op3,op2,2,sqrt,,55
p3927,,,op4,op3,1,const,,55
p3927,,,op5,op4,15,linear3,,37.5
p3927,,,op6,op5,40,linear7,,20
p3928,3429.887,BATCH_PIPELINE,op1,,1,const,,55
p3928,,,op2,op1,2,sqrt,,55
p3928,,,op3,op2,20,linear7,,30
p3928,,,op4,op3,5,linear3,,45
p3928,,,op5,op4,1,const,,55
p3929,3429.887,BATCH_PIPELINE,op1,,1,const,,55
p3929,,,op2,op1,15,linear3,,37.5
p3929,,,op3,op2,1,const,,55
p3929,,,op4,op3,1,const,,55
p3929,,,op5,op4,1,const,,55
p3929,,,op6,op5,5,linear3,,45
p3929,,,op7,op6,5,linear3,,45
p3929,,,op8,op7,20,linear7,,30
p3929,,,op9,op8,5,linear3,,45
p3929,,,op10,op9,20,linear7,,30
p3930,3429.887,BATCH_PIPELINE,op1,,1,const,,55
p3930,,,op2,op1,1,const,,55
p3930,,,op3,op2,40,linear7,,20
p3930,,,op4,op3,2,sqrt,,55
p3930,,,op5,op4,1,const,,55
p3930,,,op6,op5,15,linear3,,37.5
p3930,,,op7,op6,1,const,,55
p3931,3439.177,BATCH_PIPELINE,op1,,1,const,,55
p3931,,,op2,op1,40,linear7,,20
p3931,,,op3,op2,15,linear3,,37.5
p3931,,,op4,op3,2,sqrt,,55
p3931,,,op5,op4,1,const,,55
p3931,,,op6,op5,2,sqrt,,55
p3931,,,op7,op6,80,squared,,10
p3931,,,op8,op7,5,linear3,,45
p3931,,,op9,op8,15,linear3,,37.5
p3932,3439.177,BATCH_PIPELINE,op1,,1,const,,55
p3932,,,op2,,20,linear7,,30
p3932,,,op3,,5,linear3,,45
p3932,,,op4,,15,linear3,,37.5
p3932,,,op5,,20,linear7,,30
p3932,,,op6,,5,linear3,,45
p3932,,,op7,,15,linear3,,37.5
p3932,,,op8,op1;op2;op3;op4;op5;op6;op7,80,squared,,10
p3933,3439.177,BATCH_PIPELINE,op1,,1,const,,55
p3933,,,op2,op1,80,squared,,10
p3933,,,op3,op2,2,sqrt,,55
p3933,,,op4,op3,5,linear3,,45
p3933,,,op5,op4,80,squared,,10
p3933,,,op6,op5,80,squared,,10
p3933,,,op7,op6,20,linear7,,30
p3933,,,op8,op7,1,const,,55
p3933,,,op9,op8,15,linear3,,37.5
p3933,,,op10,op9,15,linear3,,37.5
p3934,3439.177,BATCH_PIPELINE,op1,,1,const,,55
p3934,,,op2,op1,1,const,,55
p3934,,,op3,op2,1,const,,55
p3934,,,op4,op3,80,squared,,10
p3934,,,op5,op4,2,sqrt,,55
p3934,,,op6,op5,5,linear3,,45
p3934,,,op7,op6,1,const,,55
p3934,,,op8,op7,40,linear7,,20
p3934,,,op9,op8,1,const,,55
p3935,3439.177,BATCH_PIPELINE,op1,,1,const,,55
p3935,,,op2,,20,linear7,,30
p3935,,,op3,,2,sqrt,,55
p3935,,,op4,,80,squared,,10
p3935,,,op5,,2,sqrt,,55
p3935,,,op6,,1,const,,55
p3935,,,op7,op1;op2;op3;op4;op5;op6,1,const,,55
p3936,3439.177,BATCH_PIPELINE,op1,,1,const,,55
p3936,,,op2,op1,1,const,,55
p3936,,,op3,op2,5,linear3,,45
p3936,,,op4,op3,1,const,,55
p3936,,,op5,op4,1,const,,55
p3937,3439.177,INTERACTIVE,op1,,1,const,,55
p3937,,,op2,op1,1,const,,55
p3937,,,op3,op2,1,const,,55
p3937,,,op4,op3,80,squared,,10
p3937,,,op5,op4,5,linear3,,45
p3937,,,op6,op5,1,const,,55
p3937,,,op7,op6,40,linear7,,20
p3937,,,op8,op7,15,linear3,,37.5
p3937,,,op9,op8,20,linear7,,30
p3937,,,op10,op9,1,const,,55
p3937,,,op11,op10,5,linear3,,45
p3938,3439.177,BATCH_PIPELINE,op1,,1,const,,55
p3938,,,op2,op1,1,const,,55
p3938,,,op3,op2,5,linear3,,45
p3938,,,op4,op3,80,squared,,10
p3938,,,op5,op4,1,const,,55
p3938,,,op6,op5,15,linear3,,37.5
p3939,3439.177,INTERACTIVE,op1,,1,const,,55
p3939,,,op2,op1,2,sqrt,,55
p3939,,,op3,op2,15,linear3,,37.5
p3939,,,op4,op3,5,linear3,,45
p3939,,,op5,op4,1,const,,55
p3939,,,op6,op5,40,linear7,,20
p3939,,,op7,op6,2,sqrt,,55
p3939,,,op8,op7,1,const,,55
p3940,3439.177,QUERY,op1,,15,linear3,,35
p3941,3446.169,INTERACTIVE,op1,,1,const,,55
p3941,,,op2,op1,40,linear7,,20
p3941,,,op3,op2,15,linear3,,37.5
p3941,,,op4,op3,1,const,,55
p3941,,,op5,op4,2,sqrt,,55
p3942,3446.169,BATCH_PIPELINE,op1,,1,const,,55
p3942,,,op2,op1,1,const,,55
p3942,,,op3,op2,15,linear3,,37.5
p3942,,,op4,op3,80,squared,,10
p3943,3446.169,INTERACTIVE,op1,,1,const,,55
p3943,,,op2,op1,1,const,,55
p3943,,,op3,op1,80,squared,,10
p3943,,,op4,op1,80,squared,,10
p3943,,,op5,op1,15,linear3,,37.5
p3943,,,op6,op1,15,linear3,,37.5
p3943,,,op7,op1,15,linear3,,37.5
p3943,,,op8,op1,5,linear3,,45
p3943,,,op9,op1,15,linear3,,37.5
p3944,3446.169,INTERACTIVE,op1,,1,const,,55
p3944,,,op2,,15,linear3,,37.5
p3944,,,op3,,5,linear3,,45
p3944,,,op4,,40,linear7,,20
p3944,,,op5,,80,squared,,10
p3944,,,op6,,40,linear7,,20
p3944,,,op7,,20,linear7,,30
p3944,,,op8,,20,linear7,,30
p3944,,,op9,,40,linear7,,20
p3944,,,op10,,80,squared,,10
p3944,,,op11,op1;op2;op3;op4;op5;op6;op7;op8;op9;op10,1,const,,55
p3945,3446.169,BATCH_PIPELINE,op1,,1,const,,55
p3945,,,op2,op1,20,linear7,,30
p3946,3446.169,QUERY,op1,,15,linear3,,35
p3947,3446.169,INTERACTIVE,op1,,1,const,,55
p3947,,,op2,op1,5,linear3,,45
p3947,,,op3,op2,2,sqrt,,55
p3947,,,op4,op3,2,sqrt,,55
p3947,,,op5,op4,5,linear3,,45
p3947,,,op6,op5,2,sqrt,,55
p3947,,,op7,op6,20,linear7,,30
p3948,3446.169,INTERACTIVE,op1,,1,const,,55
p3948,,,op2,,15,linear3,,37.5
p3948,,,op3,,80,squared,,10
p3948,,,op4,op1;op2;op3,20,linear7,,30
p3949,3446.169,INTERACTIVE,op1,,1,const,,55
p3949,,,op2,op1,15,linear3,,37.5
p3949,,,op3,op2,20,linear7,,30
p3949,,,op4,op3,40,linear7,,20
p3949,,,op5,op4,80,squared,,10
p3949,,,op6,op5,40,linear7,,20
p3949,,,op7,op6,5,linear3,,45
p3949,,,op8,op7,20,linear7,,30
p3949,,,op9,op8,15,linear3,,37.5
p3949,,,op10,op9,2,sqrt,,55
p3950,3446.169,BATCH_PIPELINE,op1,,1,const,,55
p3950,,,op2,op1,80,squared,,10
p3950,,,op3,op2,1,const,,55
p3950,,,op4,op3,5,linear3,,45
p3950,,,op5,op4,15,linear3,,37.5
p3950,,,op6,op5,20,linear7,,30
p3950,,,op7,op6,5,linear3,,45
p3950,,,op8,op7,20,linear7,,30
p3950,,,op9,op8,20,linear7,,30
p3950,,,op10,op9,1,const,,55
p3950,,,op11,op10,20,linear7,,30
p3951,3457.5840000000003,BATCH_PIPELINE,op1,,1,const,,55
p3951,,,op2,op1,15,linear3,,37.5
p3951,,,op3,op2,2,sqrt,,55
p3951,,,op4,op3,20,linear7,,30
p3952,3457.5840000000003,BATCH_PIPELINE,op1,,1,const,,55
p3952,,,op2,op1,15,linear3,,37.5
p3952,,,op3,op2,5,linear3,,45
p3952,,,op4,op3,1,const,,55
p3952,,,op5,op4,5,linear3,,45
p3952,,,op6,op5,15,linear3,,37.5
p3952,,,op7,op6,40,linear7,,20
p3952,,,op8,op7,20,linear7,,30
p3953,3457.5840000000003,QUERY,op1,,15,linear3,,35
p3954,3457.5840000000003,BATCH_PIPELINE,op1,,1,const,,55
p3954,,,op2,op1,2,sqrt,,55
p3954,,,op3,op1,2,sqrt,,55
p3954,,,op4,op1,5,linear3,,45
p3954,,,op5,op1,80,squared,,10
p3954,,,op6,op1,2,sqrt,,55
p3954,,,op7,op1,20,linear7,,30
p3955,3457.5840000000003,BATCH_PIPELINE,op1,,1,const,,55
p3955,,,op2,op1,2,sqrt,,55
p3955,,,op3,op2,20,linear7,,30
p3955,,,op4,op3,80,squared,,10
p3956,3457.5840000000003,INTERACTIVE,op1,,1,const,,55
p3956,,,op2,op1,2,sqrt,,55
p3956,,,op3,op2,1,const,,55
p3956,,,op4,op3,40,linear7,,20
p3956,,,op5,op4,5,linear3,,45
p3956,,,op6,op5,15,linear3,,37.5
p3956,,,op7,op6,80,squared,,10
p3957,3457.5840000000003,INTERACTIVE,op1,,1,const,,55
p3957,,,op2,,5,linear3,,45
p3957,,,op3,,1,const,,55
p3957,,,op4,,15,linear3,,37.5
p3957,,,op5,,2,sqrt,,55
p3957,,,op6,,1,const,,55
p3957,,,op7,,20,linear7,,30
p3957,,,op8,,15,linear3,,37.5
p3957,,,op9,op1;op2;op3;op4;op5;op6;op7;op8,1,const,,55
p3958,3457.5840000000003,INTERACTIVE,op1,,1,const,,55
p3958,,,op2,op1,15,linear3,,37.5
p3958,,,op3,op2,40,linear7,,20
p3958,,,op4,op3,20,linear7,,30
p3958,,,op5,op4,2,sqrt,,55
p3958,,,op6,op5,15,linear3,,37.5
p3958,,,op7,op6,1,const,,55
p3958,,,op8,op7,15,linear3,,37.5
p3959,3457.5840000000003,BATCH_PIPELINE,op1,,1,const,,55
p3959,,,op2,op1,1,const,,55
p3959,,,op3,op2,1,const,,55
p3959,,,op4,op3,1,const,,55
p3959,,,op5,op4,2,sqrt,,55
p3960,3457.5840000000003,BATCH_PIPELINE,op1,,1,const,,55
p3960,,,op2,op1,15,linear3,,37.5
p3960,,,op3,op2,5,linear3,,45
p3960,,,op4,op3,40,linear7,,20
p3960,,,op5,op4,1,const,,55
p3960,,,op6,op5,20,linear7,,30
p3960,,,op7,op6,2,sqrt,,55
p3960,,,op8,op7,20,linear7,,30
p3960,,,op9,op8,20,linear7,,30
p3961,3468.234,BATCH_PIPELINE,op1,,1,const,,55
p3961,,,op2,op1,5,linear3,,45
p3961,,,op3,op2,5,linear3,,45
p3961,,,op4,op3,80,squared,,10
p3961,,,op5,op4,20,linear7,,30
p3962,3468.234,BATCH_PIPELINE,op1,,1,const,,55
p3962,,,op2,op1,5,linear3,,45
p3962,,,op3,op2,2,sqrt,,55
p3962,,,op4,op3,15,linear3,,37.5
p3962,,,op5,op4,2,sqrt,,55
p3962,,,op6,op5,15,linear3,,37.5
p3962,,,op7,op6,20,linear7,,30
p3962,,,op8,op7,15,linear3,,37.5
p3962,,,op9,op8,80,squared,,10
p3963,3468.234,INTERACTIVE,op1,,1,const,,55
p3963,,,op2,op1,80,squared,,10
p3963,,,op3,op1,80,squared,,10
p3963,,,op4,op1,1,const,,55
p3963,,,op5,op1,15,linear3,,37.5
p3963,,,op6,op1,5,linear3,,45
p3963,,,op7,op1,15,linear3,,37.5
p3963,,,op8,op1,5,linear3,,45
p3963,,,op9,op1,2,sqrt,,55
p3963,,,op10,op1,1,const,,55
p3964,3468.234,INTERACTIVE,op1,,1,const,,55
p3964,,,op2,op1,5,linear3,,45
p3964,,,op3,op2,2,sqrt,,55
p3964,,,op4,op3,2,sqrt,,55
p3964,,,op5,op4,5,linear3,,45
p3964,,,op6,op5,15,linear3,,37.5
p3964,,,op7,op6,40,linear7,,20
p3964,,,op8,op7,1,const,,55
p3964,,,op9,op8,5,linear3,,45
p3965,3468.234,BATCH_PIPELINE,op1,,1,const,,55
p3965,,,op2,op1,5,linear3,,45
p3965,,,op3,op1,20,linear7,,30
p3965,,,op4,op1,5,linear3,,45
p3965,,,op5,op1,15,linear3,,37.5
p3966,3468.234,INTERACTIVE,op1,,1,const,,55
p3966,,,op2,op1,15,linear3,,37.5
p3966,,,op3,op2,2,sqrt,,55
p3966,,,op4,op3,5,linear3,,45
p3966,,,op5,op4,5,linear3,,45
p3966,,,op6,op5,1,const,,55
p3966,,,op7,op6,15,linear3,,37.5
p3967,3468.234,BATCH_PIPELINE,op1,,1,const,,55
p3967,,,op2,op1,20,linear7,,30
p3967,,,op3,op1,2,sqrt,,55
p3967,,,op4,op1,5,linear3,,45
p3967,,,op5,op1,20,linear7,,30
p3967,,,op6,op1,15,linear3,,37.5
p3967,,,op7,op1,5,linear3,,45
p3967,,,op8,op1,2,sqrt,,55
p3967,,,op9,op1,2,sqrt,,55
p3968,3468.234,BATCH_PIPELINE,op1,,1,const,,55
p3968,,,op2,,20,linear7,,30
p3968,,,op3,,2,sqrt,,55
p3968,,,op4,op1;op2;op3,15,linear3,,37.5
p3969,3468.234,INTERACTIVE,op1,,1,const,,55
p3969,,,op2,op1,5,linear3,,45
p3969,,,op3,op2,2,sqrt,,55
p3969,,,op4,op3,5,linear3,,45
p3969,,,op5,op4,20,linear7,,30
p3970,3468.234,INTERACTIVE,op1,,1,const,,55
p3970,,,op2,op1,20,linear7,,30
p3970,,,op3,op2,5,linear3,,45
p3970,,,op4,op3,20,linear7,,30
p3970,,,op5,op4,1,const,,55
p3970,,,op6,op5,40,linear7,,20
p3970,,,op7,op6,15,linear3,,37.5
p3970,,,op8,op7,1,const,,55
p3971,3476.297,BATCH_PIPELINE,op1,,1,const,,55
p3971,,,op2,op1,20,linear7,,30
p3971,,,op3,op2,15,linear3,,37.5
p3971,,,op4,op3,2,sqrt,,55
p3971,,,op5,op4,5,linear3,,45
p3971,,,op6,op5,1,const,,55
p3972,3476.297,BATCH_PIPELINE,op1,,1,const,,55
p3972,,,op2,op1,1,const,,55
p3972,,,op3,op2,15,linear3,,37.5
p3972,,,op4,op3,40,linear7,,20
p3972,,,op5,op4,40,linear7,,20
p3973,3476.297,BATCH_PIPELINE,op1,,1,const,,55
p3973,,,op2,op1,20,linear7,,30
p3973,,,op3,op2,2,sqrt,,55
p3973,,,op4,op3,5,linear3,,45
p3973,,,op5,op4,15,linear3,,37.5
p3973,,,op6,op5,1,const,,55
p3974,3476.297,INTERACTIVE,op1,,1,const,,55
p3974,,,op2,op1,1,const,,55
p3974,,,op3,op2,40,linear7,,20
p3974,,,op4,op3,15,linear3,,37.5
p3974,,,op5,op4,20,linear7,,30
p3974,,,op6,op5,1,const,,55
p3974,,,op7,op6,1,const,,55
p3974,,,op8,op7,15,linear3,,37.5
p3974,,,op9,op8,40,linear7,,20
p3974,,,op10,op9,1,const,,55
p3975,3476.297,INTERACTIVE,op1,,1,const,,55
p3975,,,op2,,5,linear3,,45
p3975,,,op3,,15,linear3,,37.5
p3975,,,op4,op1;op2;op3,1,const,,55
p3976,3476.297,INTERACTIVE,op1,,1,const,,55
p3976,,,op2,op1,20,linear7,,30
p3976,,,op3,op2,20,linear7,,30
p3976,,,op4,op3,80,squared,,10
p3976,,,op5,op4,2,sqrt,,55
p3976,,,op6,op5,15,linear3,,37.5
p3976,,,op7,op6,2,sqrt,,55
p3977,3476.297,BATCH_PIPELINE,op1,,1,const,,55
p3977,,,op2,op1,5,linear3,,45
p3977,,,op3,op2,1,const,,55
p3977,,,op4,op3,15,linear3,,37.5
p3977,,,op5,op4,2,sqrt,,55
p3977,,,op6,op5,2,sqrt,,55
p3977,,,op7,op6,20,linear7,,30
p3977,,,op8,op7,15,linear3,,37.5
p3977,,,op9,op8,20,linear7,,30
p3978,3476.297,BATCH_PIPELINE,op1,,1,const,,55
p3978,,,op2,,5,linear3,,45
p3978,,,op3,,1,const,,55
p3978,,,op4,,1,const,,55
p3978,,,op5,,1,const,,55
p3978,,,op6,,15,linear3,,37.5
p3978,,,op7,,2,sqrt,,55
p3978,,,op8,,1,const,,55
p3978,,,op9,,5,linear3,,45
p3978,,,op10,op1;op2;op3;op4;op5;op6;op7;op8;op9,15,linear3,,37.5
p3979,3476.297,BATCH_PIPELINE,op1,,1,const,,55
p3979,,,op2,op1,2,sqrt,,55
p3979,,,op3,op2,20,linear7,,30
p3979,,,op4,op3,5,linear3,,45
p3979,,,op5,op4,5,linear3,,45
p3979,,,op6,op5,40,linear7,,20
p3979,,,op7,op6,20,linear7,,30
p3980,3476.297,INTERACTIVE,op1,,1,const,,55
p3980,,,op2,op1,1,const,,55
p3980,,,op3,op1,40,linear7,,20
p3980,,,op4,op1,2,sqrt,,55
p3980,,,op5,op1,20,linear7,,30
p3980,,,op6,op1,15,linear3,,37.5
p3980,,,op7,op1,40,linear7,,20
p3981,3486.489,QUERY,op1,,15,linear3,,35
p3982,3486.489,BATCH_PIPELINE,op1,,1,const,,55
p3982,,,op2,op1,1,const,,55
p3982,,,op3,op2,5,linear3,,45
p3982,,,op4,op3,1,const,,55
p3982,,,op5,op4,2,sqrt,,55
p3983,3486.489,BATCH_PIPELINE,op1,,1,const,,55
p3983,,,op2,op1,15,linear3,,37.5
p3983,,,op3,op2,2,sqrt,,55
p3983,,,op4,op3,80,squared,,10
p3983,,,op5,op4,15,linear3,,37.5
p3983,,,op6,op5,2,sqrt,,55
p3983,,,op7,op6,20,linear7,,30
p3983,,,op8,op7,40,linear7,,20
p3983,,,op9,op8,2,sqrt,,55
p3984,3486.489,BATCH_PIPELINE,op1,,1,const,,55
p3984,,,op2,op1,5,linear3,,45
p3984,,,op3,op2,1,const,,55
p3984,,,op4,op3,5,linear3,,45
p3984,,,op5,op4,5,linear3,,45
p3985,3486.489,BATCH_PIPELINE,op1,,1,const,,55
p3985,,,op2,op1,80,squared,,10
p3985,,,op3,op1,40,linear7,,20
p3985,,,op4,op1,15,linear3,,37.5
p3985,,,op5,op1,2,sqrt,,55
p3985,,,op6,op1,2,sqrt,,55
p3985,,,op7,op1,1,const,,55
p3985,,,op8,op1,15,linear3,,37.5
p3985,,,op9,op1,15,linear3,,37.5
p3986,3486.489,INTERACTIVE,op1,,1,const,,55
p3986,,,op2,op1,40,linear7,,20
p3986,,,op3,op2,1,const,,55
p3986,,,op4,op3,2,sqrt,,55
p3986,,,op5,op4,5,linear3,,45
p3986,,,op6,op5,2,sqrt,,55
p3986,,,op7,op6,5,linear3,,45
p3986,,,op8,op7,15,linear3,,37.5
p3987,3486.489,BATCH_PIPELINE,op1,,1,const,,55
p3987,,,op2,op1,20,linear7,,30
p3987,,,op3,op2,15,linear3,,37.5
p3987,,,op4,op3,2,sqrt,,55
p3987,,,op5,op4,1,const,,55
p3987,,,op6,op5,40,linear7,,20
p3987,,,op7,op6,80,squared,,10
p3987,,,op8,op7,15,linear3,,37.5
p3988,3486.489,QUERY,op1,,15,linear3,,35
p3989,3486.489,INTERACTIVE,op1,,1,const,,55
p3989,,,op2,op1,20,linear7,,30
p3989,,,op3,op2,2,sqrt,,55
p3989,,,op4,op3,2,sqrt,,55
p3989,,,op5,op4,15,linear3,,37.5
p3989,,,op6,op5,15,linear3,,37.5
p3989,,,op7,op6,20,linear7,,30
p3989,,,op8,op7,40,linear7,,20
p3990,3486.489,BATCH_PIPELINE,op1,,1,const,,55
p3990,,,op2,op1,2,sqrt,,55
p3990,,,op3,op2,2,sqrt,,55
p3990,,,op4,op3,1,const,,55
p3990,,,op5,op4,15,linear3,,37.5
p3990,,,op6,op5,20,linear7,,30
p3990,,,op7,op6,20,linear7,,30
p3990,,,op8,op7,1,const,,55
p3991,3495.4700000000003,QUERY,op1,,15,linear3,,35
p3992,3495.4700000000003,INTERACTIVE,op1,,1,const,,55
p3992,,,op2,op1,2,sqrt,,55
p3992,,,op3,op2,1,const,,55
p3992,,,op4,op3,20,linear7,,30
p3992,,,op5,op4,15,linear3,,37.5
p3993,3495.4700000000003,BATCH_PIPELINE,op1,,1,const,,55
p3993,,,op2,,40,linear7,,20
p3993,,,op3,,80,squared,,10
p3993,,,op4,,20,linear7,,30
p3993,,,op5,,15,linear3,,37.5
p3993,,,op6,op1;op2;op3;op4;op5,1,const,,55
p3994,3495.4700000000003,INTERACTIVE,op1,,1,const,,55
p3994,,,op2,op1,80,squared,,10
p3994,,,op3,op2,1,const,,55
p3994,,,op4,op3,1,const,,55
p3994,,,op5,op4,20,linear7,,30
p3995,3495.4700000000003,BATCH_PIPELINE,op1,,1,const,,55
p3995,,,op2,op1,5,linear3,,45
p3995,,,op3,op2,40,linear7,,20
p3995,,,op4,op3,1,const,,55
p3995,,,op5,op4,5,linear3,,45
p3995,,,op6,op5,15,linear3,,37.5
p3995,,,op7,op6,2,sqrt,,55
p3995,,,op8,op7,15,linear3,,37.5
p3995,,,op9,op8,15,linear3,,37.5
p3996,3495.4700000000003,BATCH_PIPELINE,op1,,1,const,,55
p3996,,,op2,op1,15,linear3,,37.5
p3996,,,op3,op2,5,linear3,,45
p3996,,,op4,op3,15,linear3,,37.5
p3996,,,op5,op4,5,linear3,,45
p3996,,,op6,op5,1,const,,55
p3996,,,op7,op6,5,linear3,,45
p3996,,,op8,op7,40,linear7,,20
p3996,,,op9,op8,1,const,,55
p3996,,,op10,op9,2,sqrt,,55
p3996,,,op11,op10,2,sqrt,,55
p3997,3495.4700000000003,BATCH_PIPELINE,op1,,1,const,,55
p3997,,,op2,op1,15,linear3,,37.5
p3997,,,op3,op2,15,linear3,,37.5
p3997,,,op4,op3,5,linear3,,45
p3997,,,op5,op4,5,linear3,,45
p3997,,,op6,op5,5,linear3,,45
p3997,,,op7,op6,80,squared,,10
p3997,,,op8,op7,20,linear7,,30
p3997,,,op9,op8,5,linear3,,45
p3997,,,op10,op9,40,linear7,,20
p3997,,,op11,op10,15,linear3,,37.5
p3997,,,op12,op11,15,linear3,,37.5
p3998,3495.4700000000003,INTERACTIVE,op1,,1,const,,55
p3998,,,op2,op1,1,const,,55
p3998,,,op3,op2,15,linear3,,37.5
p3998,,,op4,op3,5,linear3,,45
p3998,,,op5,op4,20,linear7,,30
p3998,,,op6,op5,2,sqrt,,55
p3998,,,op7,op6,1,const,,55
p3999,3495.4700000000003,INTERACTIVE,op1,,1,const,,55
p3999,,,op2,op1,15,linear3,,37.5
p3999,,,op3,op1,80,squared,,10
p3999,,,op4,op1,20,linear7,,30
p3999,,,op5,op1,15,linear3,,37.5
p3999,,,op6,op1,20,linear7,,30
p3999,,,op7,op1,5,linear3,,45
p4000,3495.4700000000003,INTERACTIVE,op1,,1,const,,55
p4000,,,op2,op1,1,const,,55
p4000,,,op3,op2,15,linear3,,37.5
p4000,,,op4,op3,1,const,,55
p4000,,,op5,op4,5,linear3,,45
p4000,,,op6,op5,15,linear3,,37.5
p4000,,,op7,op6,20,linear7,,30
p4000,,,op8,op7,15,linear3,,37.5
p4001,3507.561,BATCH_PIPELINE,op1,,1,const,,55
p4001,,,op2,op1,5,linear3,,45
p4001,,,op3,op2,5,linear3,,45
p4001,,,op4,op3,1,const,,55
p4001,,,op5,op4,40,linear7,,20
p4001,,,op6,op5,5,linear3,,45
p4001,,,op7,op6,1,const,,55
p4002,3507.561,BATCH_PIPELINE,op1,,1,const,,55
p4002,,,op2,,5,linear3,,45
p4002,,,op3,,5,linear3,,45
p4002,,,op4,,80,squared,,10
p4002,,,op5,,80,squared,,10
p4002,,,op6,,20,linear7,,30
p4002,,,op7,op1;op2;op3;op4;op5;op6,15,linear3,,37.5
p4003,3507.561,BATCH_PIPELINE,op1,,1,const,,55
p4003,,,op2,op1,20,linear7,,30
p4003,,,op3,op1,15,linear3,,37.5
p4003,,,op4,op1,20,linear7,,30
p4003,,,op5,op1,5,linear3,,45
p4003,,,op6,op1,15,linear3,,37.5
p4003,,,op7,op1,2,sqrt,,55
p4003,,,op8,op1,2,sqrt,,55
p4004,3507.561,INTERACTIVE,op1,,1,const,,55
p4004,,,op2,op1,40,linear7,,20
p4004,,,op3,op2,1,const,,55
p4004,,,op4,op3,15,linear3,,37.5
p4004,,,op5,op4,5,linear3,,45
p4004,,,op6,op5,20,linear7,,30
p4004,,,op7,op6,2,sqrt,,55
p4004,,,op8,op7,5,linear3,,45
p4005,3507.561,BATCH_PIPELINE,op1,,1,const,,55
p4005,,,op2,op1,15,linear3,,37.5
p4005,,,op3,op2,1,const,,55
p4005,,,op4,op3,2,sqrt,,55
p4005,,,op5,op4,15,linear3,,37.5
p4005,,,op6,op5,40,linear7,,20
p4006,3507.561,BATCH_PIPELINE,op1,,1,const,,55
p4006,,,op2,op1,5,linear3,,45
p4006,,,op3,op1,2,sqrt,,55
p4006,,,op4,op1,1,const,,55
p4006,,,op5,op1,5,linear3,,45
p4006,,,op6,op1,40,linear7,,20
p4006,,,op7,op1,2,sqrt,,55
p4006,,,op8,op1,2,sqrt,,55
p4007,3507.561,INTERACTIVE,op1,,1,const,,55
p4007,,,op2,op1,15,linear3,,37.5
p4007,,,op3,op2,1,const,,55
p4007,,,op4,op3,2,sqrt,,55
p4007,,,op5,op4,20,linear7,,30
p4007,,,op6,op5,5,linear3,,45
p4007,,,op7,op6,20,linear7,,30
p4007,,,op8,op7,40,linear7,,20
p4008,3507.561,INTERACTIVE,op1,,1,const,,55
p4008,,,op2,op1,40,linear7,,20
p4008,,,op3,op1,20,linear7,,30
p4008,,,op4,op1,15,linear3,,37.5
p4008,,,op5,op1,1,const,,55
p4009,3507.561,INTERACTIVE,op1,,1,const,,55
p4009,,,op2,op1,20,linear7,,30
p4009,,,op3,op2,5,linear3,,45
p4009,,,op4,op3,1,const,,55
p4009,,,op5,op4,2,sqrt,,55
p4009,,,op6,op5,5,linear3,,45
p4009,,,op7,op6,5,linear3,,45
p4009,,,op8,op7,40,linear7,,20
p4010,3507.561,INTERACTIVE,op1,,1,const,,55
p4010,,,op2,,5,linear3,,45
p4010,,,op3,,15,linear3,,37.5
p4010,,,op4,,20,linear7,,30
p4010,,,op5,op1;op2;op3;op4,80,squared,,10
p4011,3520.576,BATCH_PIPELINE,op1,,1,const,,55
p4011,,,op2,op1,1,const,,55
p4011,,,op3,op1,1,const,,55
p4011,,,op4,op1,15,linear3,,37.5
p4011,,,op5,op1,1,const,,55
p4011,,,op6,op1,2,sqrt,,55
p4011,,,op7,op1,2,sqrt,,55
p4011,,,op8,op1,15,linear3,,37.5
p4011,,,op9,op1,40,linear7,,20
p4012,3520.576,QUERY,op1,,15,linear3,,35
p4013,3520.576,BATCH_PIPELINE,op1,,1,const,,55
p4013,,,op2,op1,15,linear3,,37.5
p4013,,,op3,op1,2,sqrt,,55
p4014,3520.576,BATCH_PIPELINE,op1,,1,const,,55
p4014,,,op2,op1,5,linear3,,45
p4014,,,op3,op1,2,sqrt,,55
p4014,,,op4,op1,20,linear7,,30
p4014,,,op5,op1,15,linear3,,37.5
p4015,3520.576,BATCH_PIPELINE,op1,,1,const,,55
p4015,,,op2,op1,5,linear3,,45
p4015,,,op3,op1,15,linear3,,37.5
p4015,,,op4,op1,5,linear3,,45
p4015,,,op5,op1,15,linear3,,37.5
p4015,,,op6,op1,20,linear7,,30
p4015,,,op7,op1,15,linear3,,37.5
p4015,,,op8,op1,15,linear3,,37.5
p4015,,,op9,op1,2,sqrt,,55
p4016,3520.576,BATCH_PIPELINE,op1,,1,const,,55
p4016,,,op2,op1,5,linear3,,45
p4016,,,op3,op2,40,linear7,,20
p4016,,,op4,op3,20,linear7,,30
p4016,,,op5,op4,5,linear3,,45
p4017,3520.576,QUERY,op1,,15,linear3,,35
p4018,3520.576,BATCH_PIPELINE,op1,,1,const,,55
p4018,,,op2,op1,15,linear3,,37.5
p4018,,,op3,op2,2,sqrt,,55
p4018,,,op4,op3,15,linear3,,37.5
p4018,,,op5,op4,5,linear3,,45
p4018,,,op6,op5,20,linear7,,30
p4018,,,op7,op6,2,sqrt,,55
p4018,,,op8,op7,80,squared,,10
p4018,,,op9,op8,1,const,,55
p4019,3520.576,BATCH_PIPELINE,op1,,1,const,,55
p4019,,,op2,op1,2,sqrt,,55
p4019,,,op3,op2,15,linear3,,37.5
p4019,,,op4,op3,2,sqrt,,55
p4019,,,op5,op4,80,squared,,10
p4019,,,op6,op5,2,sqrt,,55
p4019,,,op7,op6,5,linear3,,45
p4019,,,op8,op7,2,sqrt,,55
p4020,3520.576,BATCH_PIPELINE,op1,,1,const,,55
p4020,,,op2,op1,2,sqrt,,55
p4020,,,op3,op2,2,sqrt,,55
p4020,,,op4,op3,2,sqrt,,55
p4020,,,op5,op4,15,linear3,,37.5
p4021,3529.625,QUERY,op1,,15,linear3,,35
p4022,3529.625,BATCH_PIPELINE,op1,,1,const,,55
p4022,,,op2,,15,linear3,,37.5
p4022,,,op3,,5,linear3,,45
p4022,,,op4,,1,const,,55
p4022,,,op5,,80,squared,,10
p4022,,,op6,,20,linear7,,30
p4022,,,op7,,15,linear3,,37.5
p4022,,,op8,op1;op2;op3;op4;op5;op6;op7,15,linear3,,37.5
p4023,3529.625,QUERY,op1,,15,linear3,,35
p4024,3529.625,QUERY,op1,,15,linear3,,35
p4025,3529.625,BATCH_PIPELINE,op1,,1,const,,55
p4025,,,op2,op1,1,const,,55
p4025,,,op3,op2,5,linear3,,45
p4025,,,op4,op3,20,linear7,,30
p4025,,,op5,op4,20,linear7,,30
p4025,,,op6,op5,20,linear7,,30
p4026,3529.625,INTERACTIVE,op1,,1,const,,55
p4026,,,op2,op1,1,const,,55
p4026,,,op3,op2,15,linear3,,37.5
p4026,,,op4,op3,80,squared,,10
p4026,,,op5,op4,5,linear3,,45
p4026,,,op6,op5,1,const,,55
p4026,,,op7,op6,2,sqrt,,55
p4026,,,op8,op7,1,const,,55
p4026,,,op9,op8,2,sqrt,,55
p4027,3529.625,BATCH_PIPELINE,op1,,1,const,,55
p4027,,,op2,op1,15,linear3,,37.5
p4027,,,op3,op2,40,linear7,,20
p4027,,,op4,op3,2,sqrt,,55
p4027,,,op5,op4,15,linear3,,37.5
p4027,,,op6,op5,80,squared,,10
p4027,,,op7,op6,20,linear7,,30
p4027,,,op8,op7,20,linear7,,30
p4027,,,op9,op8,2,sqrt,,55
p4028,3529.625,BATCH_PIPELINE,op1,,1,const,,55
p4028,,,op2,,1,const,,55
p4028,,,op3,,20,linear7,,30
p4028,,,op4,,20,linear7,,30
p4028,,,op5,op1;op2;op3;op4,1,const,,55
p4029,3529.625,BATCH_PIPELINE,op1,,1,const,,55
p4029,,,op2,op1,15,linear3,,37.5
p4029,,,op3,op1,2,sqrt,,55
p4029,,,op4,op1,5,linear3,,45
p4029,,,op5,op1,2,sqrt,,55
p4029,,,op6,op1,2,sqrt,,55
p4029,,,op7,op1,1,const,,55
p4030,3529.625,INTERACTIVE,op1,,1,const,,55
p4030,,,op2,op1,5,linear3,,45
p4030,,,op3,op2,15,linear3,,37.5
p4030,,,op4,op3,2,sqrt,,55
p4030,,,op5,op4,2,sqrt,,55
p4030,,,op6,op5,80,squared,,10
p4030,,,op7,op6,20,linear7,,30
p4030,,,op8,op7,2,sqrt,,55
p4031,3535.259,INTERACTIVE,op1,,1,const,,55
p4031,,,op2,op1,15,linear3,,37.5
p4031,,,op3,op1,15,linear3,,37.5
p4031,,,op4,op1,15,linear3,,37.5
p4031,,,op5,op1,1,const,,55
p4031,,,op6,op1,80,squared,,10
p4032,3535.259,BATCH_PIPELINE,op1,,1,const,,55
p4032,,,op2,op1,15,linear3,,37.5
p4032,,,op3,op1,80,squared,,10
p4032,,,op4,op1,2,sqrt,,55
p4032,,,op5,op1,1,const,,55
p4032,,,op6,op1,2,sqrt,,55
p4032,,,op7,op1,5,linear3,,45
p4032,,,op8,op1,2,sqrt,,55
p4033,3535.259,BATCH_PIPELINE,op1,,1,const,,55
p4033,,,op2,op1,5,linear3,,45
p4033,,,op3,op2,5,linear3,,45
p4033,,,op4,op3,15,linear3,,37.5
p4033,,,op5,op4,20,linear7,,30
p4033,,,op6,op5,40,linear7,,20
p4033,,,op7,op6,15,linear3,,37.5
p4034,3535.259,BATCH_PIPELINE,op1,,1,const,,55
p4034,,,op2,op1,2,sqrt,,55
p4034,,,op3,op2,2,sqrt,,55
p4034,,,op4,op3,15,linear3,,37.5
p4034,,,op5,op4,80,squared,,10
p4034,,,op6,op5,20,linear7,,30
p4035,3535.259,QUERY,op1,,15,linear3,,35
p4036,3535.259,INTERACTIVE,op1,,1,const,,55
p4036,,,op2,op1,5,linear3,,45
p4036,,,op3,op2,20,linear7,,30
p4036,,,op4,op3,5,linear3,,45
p4036,,,op5,op4,2,sqrt,,55
p4036,,,op6,op5,2,sqrt,,55
p4036,,,op7,op6,2,sqrt,,55
p4036,,,op8,op7,1,const,,55
p4036,,,op9,op8,1,const,,55
p4036,,,op10,op9,20,linear7,,30
p4036,,,op11,op10,20,linear7,,30
p4037,3535.259,INTERACTIVE,op1,,1,const,,55
p4037,,,op2,op1,5,linear3,,45
p4037,,,op3,op2,1,const,,55
p4037,,,op4,op3,15,linear3,,37.5
p4037,,,op5,op4,80,squared,,10
p4037,,,op6,op5,15,linear3,,37.5
p4037,,,op7,op6,20,linear7,,30
p4037,,,op8,op7,5,linear3,,45
p4037,,,op9,op8,20,linear7,,30
p4038,3535.259,BATCH_PIPELINE,op1,,1,const,,55
p4038,,,op2,op1,15,linear3,,37.5
p4038,,,op3,op1,40,linear7,,20
p4039,3535.259,BATCH_PIPELINE,op1,,1,const,,55
p4039,,,op2,op1,80,squared,,10
p4039,,,op3,op2,80,squared,,10
p4039,,,op4,op3,2,sqrt,,55
p4039,,,op5,op4,1,const,,55
p4039,,,op6,op5,1,const,,55
p4039,,,op7,op6,20,linear7,,30
p4039,,,op8,op7,15,linear3,,37.5
p4040,3535.259,BATCH_PIPELINE,op1,,1,const,,55
p4040,,,op2,,20,linear7,,30
p4040,,,op3,,5,linear3,,45
p4040,,,op4,,1,const,,55
p4040,,,op5,,5,linear3,,45
p4040,,,op6,,5,linear3,,45
p4040,,,op7,,15,linear3,,37.5
p4040,,,op8,op1;op2;op3;op4;op5;op6;op7,40,linear7,,20
p4041,3546.766,BATCH_PIPELINE,op1,,1,const,,55
p4041,,,op2,op1,1,const,,55
p4041,,,op3,op2,5,linear3,,45
p4041,,,op4,op3,2,sqrt,,55
p4041,,,op5,op4,40,linear7,,20
p4041,,,op6,op5,5,linear3,,45
p4041,,,op7,op6,20,linear7,,30
p4042,3546.766,BATCH_PIPELINE,op1,,1,const,,55
p4042,,,op2,op1,15,linear3,,37.5
p4042,,,op3,op2,15,linear3,,37.5
p4042,,,op4,op3,5,linear3,,45
p4042,,,op5,op4,20,linear7,,30
p4042,,,op6,op5,20,linear7,,30
p4043,3546.766,BATCH_PIPELINE,op1,,1,const,,55
p4043,,,op2,op1,1,const,,55
p4043,,,op3,op2,1,const,,55
p4043,,,op4,op3,5,linear3,,45
p4043,,,op5,op4,20,linear7,,30
p4043,,,op6,op5,5,linear3,,45
p4043,,,op7,op6,40,linear7,,20
p4044,3546.766,INTERACTIVE,op1,,1,const,,55
p4044,,,op2,op1,1,const,,55
p4044,,,op3,op1,20,linear7,,30
p4044,,,op4,op1,2,sqrt,,55
p4045,3546.766,INTERACTIVE,op1,,1,const,,55
p4045,,,op2,op1,1,const,,55
p4045,,,op3,op1,1,const,,55
p4045,,,op4,op1,40,linear7,,20
p4045,,,op5,op1,40,linear7,,20
p4045,,,op6,op1,5,linear3,,45
p4045,,,op7,op1,1,const,,55
p4045,,,op8,op1,20,linear7,,30
p4045,,,op9,op1,80,squared,,10
p4045,,,op10,op1,5,linear3,,45
p4046,3546.766,BATCH_PIPELINE,op1,,1,const,,55
p4046,,,op2,,5,linear3,,45
p4046,,,op3,,1,const,,55
p4046,,,op4,,5,linear3,,45
p4046,,,op5,,1,const,,55
p4046,,,op6,,40,linear7,,20
p4046,,,op7,,2,sqrt,,55
p4046,,,op8,,20,linear7,,30
p4046,,,op9,,5,linear3,,45
p4046,,,op10,op1;op2;op3;op4;op5;op6;op7;op8;op9,15,linear3,,37.5
p4047,3546.766,BATCH_PIPELINE,op1,,1,const,,55
p4047,,,op2,op1,2,sqrt,,55
p4047,,,op3,op2,20,linear7,,30
p4047,,,op4,op3,1,const,,55
p4047,,,op5,op4,80,squared,,10
p4047,,,op6,op5,15,linear3,,37.5
p4047,,,op7,op6,5,linear3,,45
p4048,3546.766,BATCH_PIPELINE,op1,,1,const,,55
p4048,,,op2,op1,1,const,,55
p4048,,,op3,op2,15,linear3,,37.5
p4048,,,op4,op3,5,linear3,,45
p4048,,,op5,op4,15,linear3,,37.5
p4048,,,op6,op5,40,linear7,,20
p4049,3546.766,BATCH_PIPELINE,op1,,1,const,,55
p4049,,,op2,op1,20,linear7,,30
p4049,,,op3,op2,5,linear3,,45
p4049,,,op4,op3,15,linear3,,37.5
p4049,,,op5,op4,5,linear3,,45
p4049,,,op6,op5,2,sqrt,,55
p4049,,,op7,op6,80,squared,,10
p4050,3546.766,QUERY,op1,,15,linear3,,35
p4051,3556.434,INTERACTIVE,op1,,1,const,,55
p4051,,,op2,op1,15,linear3,,37.5
p4051,,,op3,op2,20,linear7,,30
p4051,,,op4,op3,5,linear3,,45
p4051,,,op5,op4,2,sqrt,,55
p4051,,,op6,op5,1,const,,55
p4051,,,op7,op6,5,linear3,,45
p4051,,,op8,op7,2,sqrt,,55
p4051,,,op9,op8,1,const,,55
p4052,3556.434,BATCH_PIPELINE,op1,,1,const,,55
p4052,,,op2,op1,15,linear3,,37.5
p4052,,,op3,op2,2,sqrt,,55
p4052,,,op4,op3,15,linear3,,37.5
p4052,,,op5,op4,2,sqrt,,55
p4052,,,op6,op5,2,sqrt,,55
p4052,,,op7,op6,20,linear7,,30
p4052,,,op8,op7,20,linear7,,30
p4052,,,op9,op8,80,squared,,10
p4053,3556.434,BATCH_PIPELINE,op1,,1,const,,55
p4053,,,op2,,5,linear3,,45
p4053,,,op3,,20,linear7,,30
p4053,,,op4,,20,linear7,,30
p4053,,,op5,op1;op2;op3;op4,20,linear7,,30
p4054,3556.434,INTERACTIVE,op1,,1,const,,55
p4054,,,op2,,2,sqrt,,55
p4054,,,op3,,5,linear3,,45
p4054,,,op4,,80,squared,,10
p4054,,,op5,op1;op2;op3;op4,80,squared,,10
p4055,3556.434,BATCH_PIPELINE,op1,,1,const,,55
p4055,,,op2,op1,20,linear7,,30
p4055,,,op3,op2,40,linear7,,20
p4055,,,op4,op3,2,sqrt,,55
p4055,,,op5,op4,5,linear3,,45
p4055,,,op6,op5,15,linear3,,37.5
p4056,3556.434,BATCH_PIPELINE,op1,,1,const,,55
p4056,,,op2,op1,20,linear7,,30
p4056,,,op3,op2,15,linear3,,37.5
p4056,,,op4,op3,40,linear7,,20
p4056,,,op5,op4,1,const,,55
p4057,3556.434,BATCH_PIPELINE,op1,,1,const,,55
p4057,,,op2,op1,2,sqrt,,55
p4057,,,op3,op2,40,linear7,,20
p4057,,,op4,op3,2,sqrt,,55
p4057,,,op5,op4,5,linear3,,45
p4057,,,op6,op5,5,linear3,,45
p4057,,,op7,op6,5,linear3,,45
p4057,,,op8,op7,20,linear7,,30
p4058,3556.434,BATCH_PIPELINE,op1,,1,const,,55
p4058,,,op2,op1,80,squared,,10
p4058,,,op3,op2,1,const,,55
p4058,,,op4,op3,15,linear3,,37.5
p4058,,,op5,op4,5,linear3,,45
p4058,,,op6,op5,5,linear3,,45
p4058,,,op7,op6,2,sqrt,,55
p4059,3556.434,BATCH_PIPELINE,op1,,1,const,,55
p4059,,,op2,op1,1,const,,55
p4059,,,op3,op2,1,const,,55
p4059,,,op4,op3,80,squared,,10
p4059,,,op5,op4,5,linear3,,45
p4059,,,op6,op5,5,linear3,,45
p4059,,,op7,op6,15,linear3,,37.5
p4059,,,op8,op7,1,const,,55
p4059,,,op9,op8,15,linear3,,37.5
p4060,3556.434,INTERACTIVE,op1,,1,const,,55
p4060,,,op2,op1,20,linear7,,30
p4060,,,op3,op1,15,linear3,,37.5
p4060,,,op4,op1,80,squared,,10
p4060,,,op5,op1,20,linear7,,30
p4060,,,op6,op1,2,sqrt,,55
p4060,,,op7,op1,2,sqrt,,55
p4060,,,op8,op1,2,sqrt,,55
p4060,,,op9,op1,20,linear7,,30
p4060,,,op10,op1,1,const,,55
p4061,3565.783,BATCH_PIPELINE,op1,,1,const,,55
p4061,,,op2,op1,5,linear3,,45
p4061,,,op3,op2,20,linear7,,30
p4061,,,op4,op3,2,sqrt,,55
p4061,,,op5,op4,1,const,,55
p4062,3565.783,INTERACTIVE,op1,,1,const,,55
p4062,,,op2,op1,80,squared,,10
p4062,,,op3,op2,15,linear3,,37.5
p4062,,,op4,op3,5,linear3,,45
p4062,,,op5,op4,40,linear7,,20
p4062,,,op6,op5,40,linear7,,20
p4062,,,op7,op6,20,linear7,,30
p4062,,,op8,op7,20,linear7,,30
p4062,,,op9,op8,1,const,,55
p4062,,,op10,op9,5,linear3,,45
p4063,3565.783,INTERACTIVE,op1,,1,const,,55
p4063,,,op2,op1,2,sqrt,,55
p4063,,,op3,op2,80,squared,,10
p4063,,,op4,op3,15,linear3,,37.5
p4063,,,op5,op4,15,linear3,,37.5
p4063,,,op6,op5,15,linear3,,37.5
p4063,,,op7,op6,5,linear3,,45
p4063,,,op8,op7,2,sqrt,,55
p4063,,,op9,op8,2,sqrt,,55
p4064,3565.783,BATCH_PIPELINE,op1,,1,const,,55
p4064,,,op2,op1,20,linear7,,30
p4064,,,op3,op2,40,linear7,,20
p4064,,,op4,op3,15,linear3,,37.5
p4064,,,op5,op4,20,linear7,,30
p4064,,,op6,op5,15,linear3,,37.5
p4064,,,op7,op6,2,sqrt,,55
p4064,,,op8,op7,5,linear3,,45
p4065,3565.783,BATCH_PIPELINE,op1,,1,const,,55
p4065,,,op2,op1,5,linear3,,45
p4065,,,op3,op2,15,linear3,,37.5
p4065,,,op4,op3,5,linear3,,45
p4065,,,op5,op4,80,squared,,10
p4065,,,op6,op5,15,linear3,,37.5
p4065,,,op7,op6,15,linear3,,37.5
p4065,,,op8,op7,5,linear3,,45
p4065,,,op9,op8,5,linear3,,45
p4066,3565.783,BATCH_PIPELINE,op1,,1,const,,55
p4066,,,op2,op1,15,linear3,,37.5
p4066,,,op3,op2,15,linear3,,37.5
p4066,,,op4,op3,20,linear7,,30
p4066,,,op5,op4,15,linear3,,37.5
p4067,3565.783,BATCH_PIPELINE,op1,,1,const,,55
p4067,,,op2,op1,5,linear3,,45
p4067,,,op3,op2,40,linear7,,20
p4067,,,op4,op3,5,linear3,,45
p4067,,,op5,op4,15,linear3,,37.5
p4067,,,op6,op5,2,sqrt,,55
p4067,,,op7,op6,40,linear7,,20
p4068,3565.783,BATCH_PIPELINE,op1,,1,const,,55
p4068,,,op2,op1,5,linear3,,45
p4068,,,op3,op2,15,linear3,,37.5
p4068,,,op4,op3,15,linear3,,37.5
p4068,,,op5,op4,1,const,,55
p4069,3565.783,BATCH_PIPELINE,op1,,1,const,,55
p4069,,,op2,op1,2,sqrt,,55
p4069,,,op3,op2,5,linear3,,45
p4069,,,op4,op3,2,sqrt,,55
p4069,,,op5,op4,1,const,,55
p4069,,,op6,op5,2,sqrt,,55
p4069,,,op7,op6,1,const,,55
p4069,,,op8,op7,15,linear3,,37.5
p4069,,,op9,op8,1,const,,55
p4069,,,op10,op9,2,sqrt,,55
p4070,3565.783,BATCH_PIPELINE,op1,,1,const,,55
p4070,,,op2,op1,15,linear3,,37.5
p4070,,,op3,op2,1,const,,55
p4070,,,op4,op3,2,sqrt,,55
p4070,,,op5,op4,20,linear7,,30
p4070,,,op6,op5,1,const,,55
p4070,,,op7,op6,40,linear7,,20
p4070,,,op8,op7,15,linear3,,37.5
p4070,,,op9,op8,5,linear3,,45
p4071,3570.993,BATCH_PIPELINE,op1,,1,const,,55
p4071,,,op2,op1,5,linear3,,45
p4071,,,op3,op1,1,const,,55
p4071,,,op4,op1,5,linear3,,45
p4071,,,op5,op1,1,const,,55
p4071,,,op6,op1,2,sqrt,,55
p4072,3570.993,INTERACTIVE,op1,,1,const,,55
p4072,,,op2,op1,2,sqrt,,55
p4072,,,op3,op2,2,sqrt,,55
p4072,,,op4,op3,2,sqrt,,55
p4072,,,op5,op4,1,const,,55
p4072,,,op6,op5,15,linear3,,37.5
p4072,,,op7,op6,1,const,,55
p4072,,,op8,op7,15,linear3,,37.5
p4072,,,op9,op8,1,const,,55
p4073,3570.993,BATCH_PIPELINE,op1,,1,const,,55
p4073,,,op2,op1,1,const,,55
p4073,,,op3,op1,2,sqrt,,55
p4073,,,op4,op1,15,linear3,,37.5
p4073,,,op5,op1,2,sqrt,,55
p4073,,,op6,op1,5,linear3,,45
p4073,,,op7,op1,15,linear3,,37.5
p4073,,,op8,op1,15,linear3,,37.5
p4073,,,op9,op1,2,sqrt,,55
p4074,3570.993,BATCH_PIPELINE,op1,,1,const,,55
p4074,,,op2,,5,linear3,,45
p4074,,,op3,,15,linear3,,37.5
p4074,,,op4,,15,linear3,,37.5
p4074,,,op5,,5,linear3,,45
p4074,,,op6,,2,sqrt,,55
p4074,,,op7,op1;op2;op3;op4;op5;op6,15,linear3,,37.5
p4075,3570.993,BATCH_PIPELINE,op1,,1,const,,55
p4075,,,op2,op1,20,linear7,,30
p4075,,,op3,op1,20,linear7,,30
p4075,,,op4,op1,2,sqrt,,55
p4075,,,op5,op1,1,const,,55
p4075,,,op6,op1,1,const,,55
p4075,,,op7,op1,20,linear7,,30
p4075,,,op8,op1,40,linear7,,20
p4075,,,op9,op1,20,linear7,,30
p4075,,,op10,op1,5,linear3,,45
p4075,,,op11,op1,80,squared,,10
p4075,,,op12,op1,5,linear3,,45
p4076,3570.993,BATCH_PIPELINE,op1,,1,const,,55
p4076,,,op2,op1,2,sqrt,,55
p4076,,,op3,op1,1,const,,55
p4076,,,op4,op1,15,linear3,,37.5
p4076,,,op5,op1,20,linear7,,30
p4076,,,op6,op1,1,const,,55
p4076,,,op7,op1,20,linear7,,30
p4076,,,op8,op1,1,const,,55
p4077,3570.993,BATCH_PIPELINE,op1,,1,const,,55
p4077,,,op2,op1,20,linear7,,30
p4077,,,op3,op2,40,linear7,,20
p4077,,,op4,op3,5,linear3,,45
p4078,3570.993,BATCH_PIPELINE,op1,,1,const,,55
p4078,,,op2,op1,5,linear3,,45
p4078,,,op3,op2,5,linear3,,45
p4078,,,op4,op3,15,linear3,,37.5
p4078,,,op5,op4,2,sqrt,,55
p4079,3570.993,INTERACTIVE,op1,,1,const,,55
p4079,,,op2,op1,5,linear3,,45
p4079,,,op3,op1,15,linear3,,37.5
p4079,,,op4,op1,20,linear7,,30
p4079,,,op5,op1,5,linear3,,45
p4079,,,op6,op1,5,linear3,,45
p4079,,,op7,op1,1,const,,55
p4079,,,op8,op1,15,linear3,,37.5
p4079,,,op9,op1,20,linear7,,30
p4080,3570.993,BATCH_PIPELINE,op1,,1,const,,55
p4080,,,op2,op1,15,linear3,,37.5
p4080,,,op3,op2,15,linear3,,37.5
p4080,,,op4,op3,40,linear7,,20
p4080,,,op5,op4,1,const,,55
p4080,,,op6,op5,5,linear3,,45
p4081,3577.021,BATCH_PIPELINE,op1,,1,const,,55
p4081,,,op2,op1,20,linear7,,30
p4081,,,op3,op1,20,linear7,,30
p4081,,,op4,op1,15,linear3,,37.5
p4081,,,op5,op1,20,linear7,,30
p4081,,,op6,op1,15,linear3,,37.5
p4081,,,op7,op1,20,linear7,,30
p4081,,,op8,op1,80,squared,,10
p4081,,,op9,op1,15,linear3,,37.5
p4081,,,op10,op1,15,linear3,,37.5
p4082,3577.021,QUERY,op1,,15,linear3,,35
p4083,3577.021,BATCH_PIPELINE,op1,,1,const,,55
p4083,,,op2,op1,40,linear7,,20
p4083,,,op3,op2,40,linear7,,20
p4083,,,op4,op3,80,squared,,10
p4083,,,op5,op4,5,linear3,,45
p4083,,,op6,op5,15,linear3,,37.5
p4083,,,op7,op6,15,linear3,,37.5
p4083,,,op8,op7,15,linear3,,37.5
p4084,3577.021,BATCH_PIPELINE,op1,,1,const,,55
p4084,,,op2,,80,squared,,10
p4084,,,op3,,40,linear7,,20
p4084,,,op4,op1;op2;op3,40,linear7,,20
p4085,3577.021,BATCH_PIPELINE,op1,,1,const,,55
p4085,,,op2,op1,2,sqrt,,55
p4085,,,op3,op1,1,const,,55
p4085,,,op4,op1,20,linear7,,30
p4085,,,op5,op1,40,linear7,,20
p4085,,,op6,op1,15,linear3,,37.5
p4086,3577.021,BATCH_PIPELINE,op1,,1,const,,55
p4086,,,op2,op1,1,const,,55
p4086,,,op3,op2,15,linear3,,37.5
p4086,,,op4,op3,5,linear3,,45
p4086,,,op5,op4,5,linear3,,45
p4086,,,op6,op5,15,linear3,,37.5
p4086,,,op7,op6,2,sqrt,,55
p4086,,,op8,op7,1,const,,55
p4087,3577.021,BATCH_PIPELINE,op1,,1,const,,55
p4087,,,op2,op1,1,const,,55
p4087,,,op3,op2,1,const,,55
p4087,,,op4,op3,20,linear7,,30
p4087,,,op5,op4,2,sqrt,,55
p4088,3577.021,BATCH_PIPELINE,op1,,1,const,,55
p4088,,,op2,op1,40,linear7,,20
p4088,,,op3,op2,15,linear3,,37.5
p4088,,,op4,op3,1,const,,55
p4088,,,op5,op4,20,linear7,,30
p4088,,,op6,op5,15,linear3,,37.5
p4088,,,op7,op6,5,linear3,,45
p4089,3577.021,QUERY,op1,,15,linear3,,35
p4090,3577.021,QUERY,op1,,15,linear3,,35
p4091,3588.351,BATCH_PIPELINE,op1,,1,const,,55
p4091,,,op2,op1,2,sqrt,,55
p4091,,,op3,op2,5,linear3,,45
p4091,,,op4,op3,1,const,,55
p4091,,,op5,op4,15,linear3,,37.5
p4091,,,op6,op5,15,linear3,,37.5
p4091,,,op7,op6,1,const,,55
p4092,3588.351,INTERACTIVE,op1,,1,const,,55
p4092,,,op2,op1,2,sqrt,,55
p4092,,,op3,op2,40,linear7,,20
p4092,,,op4,op3,15,linear3,,37.5
p4092,,,op5,op4,5,linear3,,45
p4092,,,op6,op5,20,linear7,,30
p4092,,,op7,op6,15,linear3,,37.5
p4092,,,op8,op7,40,linear7,,20
p4092,,,op9,op8,5,linear3,,45
p4092,,,op10,op9,15,linear3,,37.5
p4093,3588.351,INTERACTIVE,op1,,1,const,,55
p4093,,,op2,op1,2,sqrt,,55
p4093,,,op3,op1,15,linear3,,37.5
p4094,3588.351,BATCH_PIPELINE,op1,,1,const,,55
p4094,,,op2,op1,5,linear3,,45
p4094,,,op3,op2,1,const,,55
p4094,,,op4,op3,80,squared,,10
p4094,,,op5,op4,5,linear3,,45
p4094,,,op6,op5,80,squared,,10
p4094,,,op7,op6,5,linear3,,45
p4095,3588.351,BATCH_PIPELINE,op1,,1,const,,55
p4095,,,op2,op1,5,linear3,,45
p4095,,,op3,op2,20,linear7,,30
p4095,,,op4,op3,5,linear3,,45
p4095,,,op5,op4,5,linear3,,45
p4095,,,op6,op5,40,linear7,,20
p4095,,,op7,op6,40,linear7,,20
p4095,,,op8,op7,80,squared,,10
p4095,,,op9,op8,2,sqrt,,55
p4096,3588.351,QUERY,op1,,15,linear3,,35
p4097,3588.351,BATCH_PIPELINE,op1,,1,const,,55
p4097,,,op2,op1,1,const,,55
p4097,,,op3,op2,2,sqrt,,55
p4097,,,op4,op3,2,sqrt,,55
p4097,,,op5,op4,20,linear7,,30
p4097,,,op6,op5,20,linear7,,30
p4097,,,op7,op6,5,linear3,,45
p4097,,,op8,op7,5,linear3,,45
p4097,,,op9,op8,1,const,,55
p4098,3588.351,BATCH_PIPELINE,op1,,1,const,,55
p4098,,,op2,op1,1,const,,55
p4098,,,op3,op2,40,linear7,,20
p4098,,,op4,op3,1,const,,55
p4098,,,op5,op4,80,squared,,10
p4098,,,op6,op5,80,squared,,10
p4098,,,op7,op6,5,linear3,,45
p4098,,,op8,op7,40,linear7,,20
p4098,,,op9,op8,1,const,,55
p4098,,,op10,op9,1,const,,55
p4099,3588.351,INTERACTIVE,op1,,1,const,,55
p4099,,,op2,op1,5,linear3,,45
p4099,,,op3,op2,1,const,,55
p4099,,,op4,op3,5,linear3,,45
p4099,,,op5,op4,2,sqrt,,55
p4099,,,op6,op5,2,sqrt,,55
p4099,,,op7,op6,1,const,,55
p4099,,,op8,op7,15,linear3,,37.5
p4099,,,op9,op8,2,sqrt,,55
p4100,3588.351,BATCH_PIPELINE,op1,,1,const,,55
p4100,,,op2,op1,15,linear3,,37.5
p4100,,,op3,op2,5,linear3,,45
p4100,,,op4,op3,15,linear3,,37.5
p4101,3599.453,INTERACTIVE,op1,,1,const,,55
p4101,,,op2,op1,15,linear3,,37.5
p4101,,,op3,op2,5,linear3,,45
p4101,,,op4,op3,5,linear3,,45
p4101,,,op5,op4,20,linear7,,30
p4101,,,op6,op5,20,linear7,,30
p4101,,,op7,op6,40,linear7,,20
p4101,,,op8,op7,5,linear3,,45
p4102,3599.453,INTERACTIVE,op1,,1,const,,55
p4102,,,op2,op1,15,linear3,,37.5
p4102,,,op3,op2,5,linear3,,45
p4102,,,op4,op3,40,linear7,,20
p4102,,,op5,op4,20,linear7,,30
p4102,,,op6,op5,5,linear3,,45
p4102,,,op7,op6,5,linear3,,45
p4102,,,op8,op7,20,linear7,,30
p4102,,,op9,op8,40,linear7,,20
p4103,3599.453,BATCH_PIPELINE,op1,,1,const,,55
p4103,,,op2,op1,5,linear3,,45
p4103,,,op3,op1,15,linear3,,37.5
p4103,,,op4,op1,15,linear3,,37.5
p4103,,,op5,op1,5,linear3,,45
p4103,,,op6,op1,80,squared,,10
p4103,,,op7,op1,5,linear3,,45
p4103,,,op8,op1,15,linear3,,37.5
p4103,,,op9,op1,80,squared,,10
p4104,3599.453,BATCH_PIPELINE,op1,,1,const,,55
p4104,,,op2,op1,15,linear3,,37.5
p4104,,,op3,op2,1,const,,55
p4104,,,op4,op3,5,linear3,,45
p4104,,,op5,op4,15,linear3,,37.5
p4104,,,op6,op5,15,linear3,,37.5
p4104,,,op7,op6,20,linear7,,30
p4104,,,op8,op7,1,const,,55
p4105,3599.453,BATCH_PIPELINE,op1,,1,const,,55
p4105,,,op2,op1,15,linear3,,37.5
p4105,,,op3,op2,2,sqrt,,55
p4105,,,op4,op3,1,const,,55
p4105,,,op5,op4,15,linear3,,37.5
p4105,,,op6,op5,2,sqrt,,55
p4105,,,op7,op6,15,linear3,,37.5
p4106,3599.453,INTERACTIVE,op1,,1,const,,55
p4106,,,op2,op1,15,linear3,,37.5
p4106,,,op3,op2,5,linear3,,45
p4106,,,op4,op3,5,linear3,,45
p4106,,,op5,op4,5,linear3,,45
p4106,,,op6,op5,40,linear7,,20
p4106,,,op7,op6,1,const,,55
p4106,,,op8,op7,2,sqrt,,55
p4106,,,op9,op8,40,linear7,,20
p4107,3599.453,QUERY,op1,,15,linear3,,35
p4108,3599.453,INTERACTIVE,op1,,1,const,,55
p4108,,,op2,op1,1,const,,55
p4108,,,op3,op2,5,linear3,,45
p4108,,,op4,op3,20,linear7,,30
p4108,,,op5,op4,5,linear3,,45
p4108,,,op6,op5,5,linear3,,45
p4108,,,op7,op6,15,linear3,,37.5
p4109,3599.453,BATCH_PIPELINE,op1,,1,const,,55
p4109,,,op2,,20,linear7,,30
p4109,,,op3,,40,linear7,,20
p4109,,,op4,,1,const,,55
p4109,,,op5,,5,linear3,,45
p4109,,,op6,,20,linear7,,30
p4109,,,op7,op1;op2;op3;op4;op5;op6,1,const,,55
p4110,3599.453,QUERY,op1,,15,linear3,,35
