pipeline_id,arrival_seconds,priority,operator_id,parents,baseline_cpu_seconds,cpu_scaling,memory_gb,storage_read_gb
p1,0.0,INTERACTIVE,op1,,1,const,,55
p1,,,op2,op1,40,linear7,,20
p1,,,op3,op1,1,const,,55
p1,,,op4,op1,1,const,,55
p2,0.0,INTERACTIVE,op1,,1,const,,55
p2,,,op2,op1,2,sqrt,,55
p2,,,op3,op2,40,linear7,,20
p2,,,op4,op3,40,linear7,,20
p2,,,op5,op4,15,linear3,,37.5
p3,0.0,BATCH_PIPELINE,op1,,1,const,,55
p3,,,op2,op1,15,linear3,,37.5
p3,,,op3,op2,2,sqrt,,55
p3,,,op4,op3,20,linear7,,30
p3,,,op5,op4,15,linear3,,37.5
p3,,,op6,op5,5,linear3,,45
p3,,,op7,op6,2,sqrt,,55
p3,,,op8,op7,40,linear7,,20
p4,0.0,BATCH_PIPELINE,op1,,1,const,,55
p4,,,op2,op1,20,linear7,,30
p4,,,op3,op2,15,linear3,,37.5
p4,,,op4,op3,20,linear7,,30
p4,,,op5,op4,20,linear7,,30
p4,,,op6,op5,80,squared,,10
p4,,,op7,op6,5,linear3,,45
p5,0.0,QUERY,op1,,15,linear3,,35
p6,0.0,QUERY,op1,,15,linear3,,35
p7,0.0,INTERACTIVE,op1,,1,const,,55
p7,,,op2,op1,2,sqrt,,55
p7,,,op3,op2,2,sqrt,,55
p7,,,op4,op3,20,linear7,,30
p7,,,op5,op4,40,linear7,,20
p7,,,op6,op5,20,linear7,,30
p7,,,op7,op6,5,linear3,,45
p8,0.0,BATCH_PIPELINE,op1,,1,const,,55
p8,,,op2,op1,20,linear7,,30
p8,,,op3,op2,15,linear3,,37.5
p8,,,op4,op3,20,linear7,,30
p8,,,op5,op4,15,linear3,,37.5
p8,,,op6,op5,15,linear3,,37.5
p8,,,op7,op6,20,linear7,,30
p8,,,op8,op7,1,const,,55
p9,0.0,INTERACTIVE,op1,,1,const,,55
p9,,,op2,op1,15,linear3,,37.5
p9,,,op3,op2,80,squared,,10
p9,,,op4,op3,2,sqrt,,55
p9,,,op5,op4,40,linear7,,20
p10,0.0,INTERACTIVE,op1,,1,const,,55
p10,,,op2,op1,20,linear7,,30
p10,,,op3,op2,40,linear7,,20
p10,,,op4,op3,40,linear7,,20
p10,,,op5,op4,5,linear3,,45
p11,7.96,QUERY,op1,,15,linear3,,35
p12,7.96,INTERACTIVE,op1,,1,const,,55
p12,,,op2,op1,2,sqrt,,55
p12,,,op3,op2,20,linear7,,30
p12,,,op4,op3,15,linear3,,37.5
p13,7.96,INTERACTIVE,op1,,1,const,,55
p13,,,op2,,20,linear7,,30
p13,,,op3,,5,linear3,,45
p13,,,op4,,20,linear7,,30
p13,,,op5,op1;op2;op3;op4,5,linear3,,45
p14,7.96,QUERY,op1,,15,linear3,,35
p15,7.96,QUERY,op1,,15,linear3,,35
p16,7.96,INTERACTIVE,op1,,1,const,,55
p16,,,op2,op1,15,linear3,,37.5
p16,,,op3,op2,20,linear7,,30
p16,,,op4,op3,20,linear7,,30
p16,,,op5,op4,20,linear7,,30
p16,,,op6,op5,15,linear3,,37.5
p17,7.96,QUERY,op1,,15,linear3,,35
p18,7.96,INTERACTIVE,op1,,1,const,,55
p18,,,op2,op1,1,const,,55
p18,,,op3,op2,2,sqrt,,55
p19,7.96,BATCH_PIPELINE,op1,,1,const,,55
p19,,,op2,op1,40,linear7,,20
p19,,,op3,op2,5,linear3,,45
p19,,,op4,op3,20,linear7,,30
p19,,,op5,op4,2,sqrt,,55
p19,,,op6,op5,5,linear3,,45
p20,7.96,QUERY,op1,,15,linear3,,35
p21,16.198,INTERACTIVE,op1,,1,const,,55
p21,,,op2,op1,20,linear7,,30
p21,,,op3,op2,5,linear3,,45
p22,16.198,BATCH_PIPELINE,op1,,1,const,,55
p22,,,op2,,15,linear3,,37.5
p22,,,op3,,15,linear3,,37.5
p22,,,op4,,80,squared,,10
p22,,,op5,,5,linear3,,45
p22,,,op6,,2,sqrt,,55
p22,,,op7,,15,linear3,,37.5
p22,,,op8,op1;op2;op3;op4;op5;op6;op7,15,linear3,,37.5
p23,16.198,INTERACTIVE,op1,,1,const,,55
p23,,,op2,op1,80,squared,,10
p23,,,op3,op2,2,sqrt,,55
p23,,,op4,op3,5,linear3,,45
p23,,,op5,op4,2,sqrt,,55
p23,,,op6,op5,5,linear3,,45
p23,,,op7,op6,1,const,,55
p24,16.198,INTERACTIVE,op1,,1,const,,55
p24,,,op2,op1,2,sqrt,,55
p24,,,op3,op1,20,linear7,,30
p24,,,op4,op1,40,linear7,,20
p24,,,op5,op1,80,squared,,10
p25,16.198,INTERACTIVE,op1,,1,const,,55
p25,,,op2,op1,1,const,,55
p25,,,op3,op2,20,linear7,,30
p25,,,op4,op3,2,sqrt,,55
p25,,,op5,op4,5,linear3,,45
p25,,,op6,op5,5,linear3,,45
p26,16.198,QUERY,op1,,15,linear3,,35
p27,16.198,BATCH_PIPELINE,op1,,1,const,,55
p27,,,op2,op1,2,sqrt,,55
p27,,,op3,op2,1,const,,55
p27,,,op4,op3,5,linear3,,45
p27,,,op5,op4,15,linear3,,37.5
p27,,,op6,op5,80,squared,,10
p27,,,op7,op6,15,linear3,,37.5
p27,,,op8,op7,40,linear7,,20
p28,16.198,BATCH_PIPELINE,op1,,1,const,,55
p28,,,op2,op1,2,sqrt,,55
p28,,,op3,op2,80,squared,,10
p28,,,op4,op3,2,sqrt,,55
p28,,,op5,op4,20,linear7,,30
p29,16.198,QUERY,op1,,15,linear3,,35
p30,16.198,BATCH_PIPELINE,op1,,1,const,,55
p30,,,op2,op1,15,linear3,,37.5
p30,,,op3,op2,2,sqrt,,55
p30,,,op4,op3,20,linear7,,30
p30,,,op5,op4,5,linear3,,45
p30,,,op6,op5,1,const,,55
p30,,,op7,op6,1,const,,55
p30,,,op8,op7,15,linear3,,37.5
p31,28.751,BATCH_PIPELINE,op1,,1,const,,55
p31,,,op2,op1,40,linear7,,20
p31,,,op3,op2,15,linear3,,37.5
p31,,,op4,op3,5,linear3,,45
p31,,,op5,op4,40,linear7,,20
p31,,,op6,op5,20,linear7,,30
p31,,,op7,op6,80,squared,,10
p32,28.751,QUERY,op1,,15,linear3,,35
p33,28.751,BATCH_PIPELINE,op1,,1,const,,55
p33,,,op2,op1,80,squared,,10
p33,,,op3,op2,5,linear3,,45
p33,,,op4,op3,5,linear3,,45
p33,,,op5,op4,80,squared,,10
p34,28.751,BATCH_PIPELINE,op1,,1,const,,55
p34,,,op2,op1,20,linear7,,30
p34,,,op3,op2,5,linear3,,45
p34,,,op4,op3,15,linear3,,37.5
p34,,,op5,op4,5,linear3,,45
p34,,,op6,op5,15,linear3,,37.5
p34,,,op7,op6,80,squared,,10
p34,,,op8,op7,15,linear3,,37.5
p34,,,op9,op8,20,linear7,,30
p34,,,op10,op9,1,const,,55
p35,28.751,INTERACTIVE,op1,,1,const,,55
p35,,,op2,op1,2,sqrt,,55
p35,,,op3,op2,5,linear3,,45
p35,,,op4,op3,40,linear7,,20
p36,28.751,INTERACTIVE,op1,,1,const,,55
p36,,,op2,op1,20,linear7,,30
p36,,,op3,op2,5,linear3,,45
p36,,,op4,op3,5,linear3,,45
p36,,,op5,op4,40,linear7,,20
p36,,,op6,op5,20,linear7,,30
p37,28.751,BATCH_PIPELINE,op1,,1,const,,55
p37,,,op2,op1,5,linear3,,45
p37,,,op3,op1,15,linear3,,37.5
p37,,,op4,op1,15,linear3,,37.5
p37,,,op5,op1,2,sqrt,,55
p37,,,op6,op1,15,linear3,,37.5
p37,,,op7,op1,15,linear3,,37.5
p38,28.751,BATCH_PIPELINE,op1,,1,const,,55
p38,,,op2,op1,5,linear3,,45
p38,,,op3,op1,1,const,,55
p38,,,op4,op1,5,linear3,,45
p38,,,op5,op1,15,linear3,,37.5
p38,,,op6,op1,40,linear7,,20
p38,,,op7,op1,2,sqrt,,55
p38,,,op8,op1,2,sqrt,,55
p38,,,op9,op1,1,const,,55
p38,,,op10,op1,5,linear3,,45
p38,,,op11,op1,2,sqrt,,55
p39,28.751,BATCH_PIPELINE,op1,,1,const,,55
p39,,,op2,op1,2,sqrt,,55
p39,,,op3,op2,15,linear3,,37.5
p39,,,op4,op3,1,const,,55
p39,,,op5,op4,1,const,,55
p39,,,op6,op5,80,squared,,10
p39,,,op7,op6,1,const,,55
p39,,,op8,op7,2,sqrt,,55
p39,,,op9,op8,80,squared,,10
p39,,,op10,op9,80,squared,,10
p39,,,op11,op10,1,const,,55
p39,,,op12,op11,5,linear3,,45
p40,28.751,QUERY,op1,,15,linear3,,35
p41,41.641,QUERY,op1,,15,linear3,,35
p42,41.641,QUERY,op1,,15,linear3,,35
p43,41.641,BATCH_PIPELINE,op1,,1,const,,55
p43,,,op2,op1,5,linear3,,45
p43,,,op3,op2,1,const,,55
p43,,,op4,op3,5,linear3,,45
p43,,,op5,op4,5,linear3,,45
p43,,,op6,op5,15,linear3,,37.5
p43,,,op7,op6,5,linear3,,45
p43,,,op8,op7,20,linear7,,30
p44,41.641,INTERACTIVE,op1,,1,const,,55
p44,,,op2,op1,15,linear3,,37.5
p44,,,op3,op2,15,linear3,,37.5
p44,,,op4,op3,5,linear3,,45
p44,,,op5,op4,20,linear7,,30
p44,,,op6,op5,15,linear3,,37.5
p45,41.641,QUERY,op1,,15,linear3,,35
p46,41.641,INTERACTIVE,op1,,1,const,,55
p46,,,op2,op1,2,sqrt,,55
p46,,,op3,op2,40,linear7,,20
p46,,,op4,op3,20,linear7,,30
p46,,,op5,op4,20,linear7,,30
p46,,,op6,op5,1,const,,55
p47,41.641,BATCH_PIPELINE,op1,,1,const,,55
p47,,,op2,op1,5,linear3,,45
p47,,,op3,op1,15,linear3,,37.5
p47,,,op4,op1,15,linear3,,37.5
p47,,,op5,op1,5,linear3,,45
p47,,,op6,op1,5,linear3,,45
p47,,,op7,op1,5,linear3,,45
p47,,,op8,op1,15,linear3,,37.5
p48,41.641,BATCH_PIPELINE,op1,,1,const,,55
p48,,,op2,op1,15,linear3,,37.5
p49,41.641,QUERY,op1,,15,linear3,,35
p50,41.641,QUERY,op1,,15,linear3,,35
p51,46.689,INTERACTIVE,op1,,1,const,,55
p51,,,op2,op1,40,linear7,,20
p51,,,op3,op2,5,linear3,,45
p51,,,op4,op3,15,linear3,,37.5
p51,,,op5,op4,2,sqrt,,55
p51,,,op6,op5,5,linear3,,45
p51,,,op7,op6,80,squared,,10
p51,,,op8,op7,20,linear7,,30
p52,46.689,INTERACTIVE,op1,,1,const,,55
p52,,,op2,op1,80,squared,,10
p52,,,op3,op2,20,linear7,,30
p52,,,op4,op3,40,linear7,,20
p52,,,op5,op4,15,linear3,,37.5
p52,,,op6,op5,15,linear3,,37.5
p52,,,op7,op6,5,linear3,,45
p53,46.689,INTERACTIVE,op1,,1,const,,55
p53,,,op2,op1,15,linear3,,37.5
p53,,,op3,op2,40,linear7,,20
p53,,,op4,op3,40,linear7,,20
p54,46.689,INTERACTIVE,op1,,1,const,,55
p54,,,op2,op1,15,linear3,,37.5
p54,,,op3,op1,2,sqrt,,55
p54,,,op4,op1,5,linear3,,45
p54,,,op5,op1,80,squared,,10
p54,,,op6,op1,20,linear7,,30
p54,,,op7,op1,5,linear3,,45
p55,46.689,BATCH_PIPELINE,op1,,1,const,,55
p55,,,op2,op1,2,sqrt,,55
p55,,,op3,op2,15,linear3,,37.5
p55,,,op4,op3,40,linear7,,20
p55,,,op5,op4,20,linear7,,30
p55,,,op6,op5,1,const,,55
p55,,,op7,op6,15,linear3,,37.5
p55,,,op8,op7,15,linear3,,37.5
p56,46.689,INTERACTIVE,op1,,1,const,,55
p56,,,op2,op1,5,linear3,,45
p56,,,op3,op2,20,linear7,,30
p56,,,op4,op3,1,const,,55
p56,,,op5,op4,80,squared,,10
p56,,,op6,op5,20,linear7,,30
p56,,,op7,op6,40,linear7,,20
p56,,,op8,op7,5,linear3,,45
p57,46.689,INTERACTIVE,op1,,1,const,,55
p57,,,op2,op1,20,linear7,,30
p57,,,op3,op1,20,linear7,,30
p57,,,op4,op1,2,sqrt,,55
p57,,,op5,op1,15,linear3,,37.5
p57,,,op6,op1,15,linear3,,37.5
p57,,,op7,op1,20,linear7,,30
p58,46.689,BATCH_PIPELINE,op1,,1,const,,55
p58,,,op2,op1,80,squared,,10
p58,,,op3,op2,2,sqrt,,55
p58,,,op4,op3,2,sqrt,,55
p58,,,op5,op4,15,linear3,,37.5
p59,46.689,INTERACTIVE,op1,,1,const,,55
p59,,,op2,op1,40,linear7,,20
p59,,,op3,op1,40,linear7,,20
p59,,,op4,op1,20,linear7,,30
p59,,,op5,op1,80,squared,,10
p59,,,op6,op1,15,linear3,,37.5
p60,46.689,QUERY,op1,,15,linear3,,35
p61,59.299,INTERACTIVE,op1,,1,const,,55
p61,,,op2,op1,1,const,,55
p61,,,op3,op2,2,sqrt,,55
p61,,,op4,op3,1,const,,55
p61,,,op5,op4,5,linear3,,45
p61,,,op6,op5,20,linear7,,30
p62,59.299,BATCH_PIPELINE,op1,,1,const,,55
p62,,,op2,op1,1,const,,55
p62,,,op3,op2,15,linear3,,37.5
p62,,,op4,op3,5,linear3,,45
p62,,,op5,op4,20,linear7,,30
p62,,,op6,op5,20,linear7,,30
p62,,,op7,op6,15,linear3,,37.5
p62,,,op8,op7,20,linear7,,30
p63,59.299,BATCH_PIPELINE,op1,,1,const,,55
p63,,,op2,op1,5,linear3,,45
p63,,,op3,op2,15,linear3,,37.5
p63,,,op4,op3,20,linear7,,30
p63,,,op5,op4,5,linear3,,45
p63,,,op6,op5,20,linear7,,30
p63,,,op7,op6,5,linear3,,45
p63,,,op8,op7,5,linear3,,45
p63,,,op9,op8,20,linear7,,30
p64,59.299,INTERACTIVE,op1,,1,const,,55
p64,,,op2,op1,1,const,,55
p64,,,op3,op2,5,linear3,,45
p64,,,op4,op3,40,linear7,,20
p65,59.299,BATCH_PIPELINE,op1,,1,const,,55
p65,,,op2,op1,40,linear7,,20
p65,,,op3,op2,15,linear3,,37.5
p65,,,op4,op3,40,linear7,,20
p65,,,op5,op4,15,linear3,,37.5
p65,,,op6,op5,2,sqrt,,55
p65,,,op7,op6,5,linear3,,45
p65,,,op8,op7,1,const,,55
p66,59.299,QUERY,op1,,15,linear3,,35
p67,59.299,QUERY,op1,,15,linear3,,35
p68,59.299,INTERACTIVE,op1,,1,const,,55
p68,,,op2,op1,20,linear7,,30
p68,,,op3,op2,2,sqrt,,55
p68,,,op4,op3,20,linear7,,30
p68,,,op5,op4,15,linear3,,37.5
p68,,,op6,op5,1,const,,55
p68,,,op7,op6,40,linear7,,20
p68,,,op8,op7,5,linear3,,45
p69,59.299,QUERY,op1,,15,linear3,,35
p70,59.299,BATCH_PIPELINE,op1,,1,const,,55
p70,,,op2,,5,linear3,,45
p70,,,op3,,15,linear3,,37.5
p70,,,op4,,15,linear3,,37.5
p70,,,op5,,40,linear7,,20
p70,,,op6,op1;op2;op3;op4;op5,5,linear3,,45
p71,64.977,INTERACTIVE,op1,,1,const,,55
p71,,,op2,op1,20,linear7,,30
p71,,,op3,op1,15,linear3,,37.5
p71,,,op4,op1,20,linear7,,30
p71,,,op5,op1,80,squared,,10
p72,64.977,QUERY,op1,,15,linear3,,35
p73,64.977,QUERY,op1,,15,linear3,,35
p74,64.977,QUERY,op1,,15,linear3,,35
p75,64.977,QUERY,op1,,15,linear3,,35
p76,64.977,INTERACTIVE,op1,,1,const,,55
p76,,,op2,op1,20,linear7,,30
p76,,,op3,op2,2,sqrt,,55
p76,,,op4,op3,1,const,,55
p76,,,op5,op4,1,const,,55
p76,,,op6,op5,2,sqrt,,55
p77,64.977,QUERY,op1,,15,linear3,,35
p78,64.977,INTERACTIVE,op1,,1,const,,55
p78,,,op2,op1,2,sqrt,,55
p78,,,op3,op2,20,linear7,,30
p78,,,op4,op3,5,linear3,,45
p78,,,op5,op4,15,linear3,,37.5
p78,,,op6,op5,15,linear3,,37.5
p78,,,op7,op6,20,linear7,,30
p78,,,op8,op7,5,linear3,,45
p79,64.977,INTERACTIVE,op1,,1,const,,55
p79,,,op2,op1,80,squared,,10
p79,,,op3,op2,20,linear7,,30
p79,,,op4,op3,80,squared,,10
p80,64.977,BATCH_PIPELINE,op1,,1,const,,55
p80,,,op2,op1,5,linear3,,45
p80,,,op3,op2,2,sqrt,,55
p80,,,op4,op3,20,linear7,,30
p80,,,op5,op4,2,sqrt,,55
p80,,,op6,op5,20,linear7,,30
p80,,,op7,op6,40,linear7,,20
p80,,,op8,op7,15,linear3,,37.5
p80,,,op9,op8,5,linear3,,45
p81,74.999,QUERY,op1,,15,linear3,,35
p82,74.999,QUERY,op1,,15,linear3,,35
p83,74.999,INTERACTIVE,op1,,1,const,,55
p83,,,op2,,1,const,,55
p83,,,op3,,80,squared,,10
p83,,,op4,,40,linear7,,20
p83,,,op5,op1;op2;op3;op4,5,linear3,,45
p84,74.999,QUERY,op1,,15,linear3,,35
p85,74.999,QUERY,op1,,15,linear3,,35
p86,74.999,BATCH_PIPELINE,op1,,1,const,,55
p86,,,op2,,5,linear3,,45
p86,,,op3,,20,linear7,,30
p86,,,op4,,1,const,,55
p86,,,op5,,5,linear3,,45
p86,,,op6,,15,linear3,,37.5
p86,,,op7,,15,linear3,,37.5
p86,,,op8,,20,linear7,,30
p86,,,op9,,15,linear3,,37.5
p86,,,op10,,20,linear7,,30
p86,,,op11,,2,sqrt,,55
p86,,,op12,op1;op2;op3;op4;op5;op6;op7;op8;op9;op10;op11,20,linear7,,30
p87,74.999,BATCH_PIPELINE,op1,,1,const,,55
p87,,,op2,,40,linear7,,20
p87,,,op3,,5,linear3,,45
p87,,,op4,,80,squared,,10
p87,,,op5,,5,linear3,,45
p87,,,op6,op1;op2;op3;op4;op5,80,squared,,10
p88,74.999,INTERACTIVE,op1,,1,const,,55
p88,,,op2,op1,5,linear3,,45
p88,,,op3,op2,2,sqrt,,55
p88,,,op4,op3,5,linear3,,45
p88,,,op5,op4,20,linear7,,30
p88,,,op6,op5,1,const,,55
p89,74.999,QUERY,op1,,15,linear3,,35
p90,74.999,INTERACTIVE,op1,,1,const,,55
p90,,,op2,op1,5,linear3,,45
p90,,,op3,op2,1,const,,55
p90,,,op4,op3,2,sqrt,,55
p90,,,op5,op4,20,linear7,,30
p90,,,op6,op5,15,linear3,,37.5
p90,,,op7,op6,15,linear3,,37.5
p91,83.641,QUERY,op1,,15,linear3,,35
p92,83.641,QUERY,op1,,15,linear3,,35
p93,83.641,INTERACTIVE,op1,,1,const,,55
p93,,,op2,,20,linear7,,30
p93,,,op3,,20,linear7,,30
p93,,,op4,,80,squared,,10
p93,,,op5,,15,linear3,,37.5
p93,,,op6,op1;op2;op3;op4;op5,5,linear3,,45
p94,83.641,INTERACTIVE,op1,,1,const,,55
p94,,,op2,op1,2,sqrt,,55
p94,,,op3,op2,15,linear3,,37.5
p94,,,op4,op3,20,linear7,,30
p95,83.641,INTERACTIVE,op1,,1,const,,55
p95,,,op2,op1,40,linear7,,20
p95,,,op3,op2,15,linear3,,37.5
p95,,,op4,op3,5,linear3,,45
p96,83.641,INTERACTIVE,op1,,1,const,,55
p96,,,op2,op1,15,linear3,,37.5
p96,,,op3,op2,20,linear7,,30
p96,,,op4,op3,2,sqrt,,55
p96,,,op5,op4,15,linear3,,37.5
p96,,,op6,op5,1,const,,55
p97,83.641,INTERACTIVE,op1,,1,const,,55
p97,,,op2,,20,linear7,,30
p97,,,op3,,1,const,,55
p97,,,op4,,2,sqrt,,55
p97,,,op5,,15,linear3,,37.5
p97,,,op6,,2,sqrt,,55
p97,,,op7,op1;op2;op3;op4;op5;op6,40,linear7,,20
p98,83.641,INTERACTIVE,op1,,1,const,,55
p98,,,op2,op1,20,linear7,,30
p98,,,op3,op2,80,squared,,10
p98,,,op4,op3,2,sqrt,,55
p99,83.641,QUERY,op1,,15,linear3,,35
p100,83.641,INTERACTIVE,op1,,1,const,,55
p100,,,op2,op1,5,linear3,,45
p100,,,op3,op2,5,linear3,,45
p101,94.47,INTERACTIVE,op1,,1,const,,55
p101,,,op2,op1,5,linear3,,45
p101,,,op3,op2,80,squared,,10
p102,94.47,INTERACTIVE,op1,,1,const,,55
p102,,,op2,op1,40,linear7,,20
p102,,,op3,op1,20,linear7,,30
p102,,,op4,op1,1,const,,55
p102,,,op5,op1,20,linear7,,30
p103,94.47,QUERY,op1,,15,linear3,,35
p104,94.47,INTERACTIVE,op1,,1,const,,55
p104,,,op2,,2,sqrt,,55
p104,,,op3,op1;op2,2,sqrt,,55
p105,94.47,BATCH_PIPELINE,op1,,1,const,,55
p105,,,op2,op1,80,squared,,10
p105,,,op3,op2,5,linear3,,45
p105,,,op4,op3,15,linear3,,37.5
p105,,,op5,op4,15,linear3,,37.5
p105,,,op6,op5,2,sqrt,,55
p105,,,op7,op6,20,linear7,,30
p105,,,op8,op7,5,linear3,,45
p106,94.47,BATCH_PIPELINE,op1,,1,const,,55
p106,,,op2,op1,1,const,,55
p106,,,op3,op2,80,squared,,10
p106,,,op4,op3,80,squared,,10
p106,,,op5,op4,5,linear3,,45
p106,,,op6,op5,1,const,,55
p106,,,op7,op6,5,linear3,,45
p106,,,op8,op7,5,linear3,,45
p106,,,op9,op8,5,linear3,,45
p106,,,op10,op9,1,const,,55
p107,94.47,QUERY,op1,,15,linear3,,35
p108,94.47,QUERY,op1,,15,linear3,,35
p109,94.47,INTERACTIVE,op1,,1,const,,55
p109,,,op2,op1,15,linear3,,37.5
p109,,,op3,op1,5,linear3,,45
p109,,,op4,op1,15,linear3,,37.5
p109,,,op5,op1,20,linear7,,30
p109,,,op6,op1,1,const,,55
p109,,,op7,op1,15,linear3,,37.5
p110,94.47,BATCH_PIPELINE,op1,,1,const,,55
p110,,,op2,op1,80,squared,,10
p110,,,op3,op2,1,const,,55
p110,,,op4,op3,20,linear7,,30
p110,,,op5,op4,15,linear3,,37.5
p110,,,op6,op5,2,sqrt,,55
p110,,,op7,op6,15,linear3,,37.5
p110,,,op8,op7,40,linear7,,20
p110,,,op9,op8,5,linear3,,45
p110,,,op10,op9,1,const,,55
p110,,,op11,op10,15,linear3,,37.5
p111,101.44,QUERY,op1,,15,linear3,,35
p112,101.44,BATCH_PIPELINE,op1,,1,const,,55
p112,,,op2,op1,20,linear7,,30
p112,,,op3,op2,5,linear3,,45
p112,,,op4,op3,1,const,,55
p113,101.44,INTERACTIVE,op1,,1,const,,55
p113,,,op2,op1,1,const,,55
p113,,,op3,op2,40,linear7,,20
p113,,,op4,op3,20,linear7,,30
p113,,,op5,op4,80,squared,,10
p113,,,op6,op5,20,linear7,,30
p114,101.44,INTERACTIVE,op1,,1,const,,55
p114,,,op2,op1,20,linear7,,30
p114,,,op3,op2,80,squared,,10
p114,,,op4,op3,5,linear3,,45
p114,,,op5,op4,5,linear3,,45
p115,101.44,QUERY,op1,,15,linear3,,35
p116,101.44,INTERACTIVE,op1,,1,const,,55
p116,,,op2,op1,5,linear3,,45
p116,,,op3,op2,20,linear7,,30
p116,,,op4,op3,15,linear3,,37.5
p116,,,op5,op4,40,linear7,,20
p116,,,op6,op5,1,const,,55
p116,,,op7,op6,2,sqrt,,55
p116,,,op8,op7,5,linear3,,45
p117,101.44,QUERY,op1,,15,linear3,,35
p118,101.44,QUERY,op1,,15,linear3,,35
p119,101.44,INTERACTIVE,op1,,1,const,,55
p119,,,op2,op1,15,linear3,,37.5
p119,,,op3,op2,2,sqrt,,55
p119,,,op4,op3,15,linear3,,37.5
p119,,,op5,op4,40,linear7,,20
p120,101.44,INTERACTIVE,op1,,1,const,,55
p120,,,op2,op1,15,linear3,,37.5
p120,,,op3,op2,20,linear7,,30
p120,,,op4,op3,15,linear3,,37.5
p121,112.019,BATCH_PIPELINE,op1,,1,const,,55
p121,,,op2,op1,1,const,,55
p121,,,op3,op2,1,const,,55
p121,,,op4,op3,20,linear7,,30
p121,,,op5,op4,5,linear3,,45
p121,,,op6,op5,2,sqrt,,55
p121,,,op7,op6,15,linear3,,37.5
p122,112.019,QUERY,op1,,15,linear3,,35
p123,112.019,QUERY,op1,,15,linear3,,35
p124,112.019,INTERACTIVE,op1,,1,const,,55
p124,,,op2,op1,20,linear7,,30
p124,,,op3,op2,40,linear7,,20
p124,,,op4,op3,2,sqrt,,55
p125,112.019,INTERACTIVE,op1,,1,const,,55
p125,,,op2,op1,20,linear7,,30
p125,,,op3,op2,15,linear3,,37.5
p125,,,op4,op3,20,linear7,,30
p125,,,op5,op4,15,linear3,,37.5
p125,,,op6,op5,40,linear7,,20
p126,112.019,QUERY,op1,,15,linear3,,35
p127,112.019,QUERY,op1,,15,linear3,,35
p128,112.019,INTERACTIVE,op1,,1,const,,55
p128,,,op2,op1,2,sqrt,,55
p128,,,op3,op2,1,const,,55
p128,,,op4,op3,15,linear3,,37.5
p128,,,op5,op4,40,linear7,,20
p128,,,op6,op5,80,squared,,10
p128,,,op7,op6,20,linear7,,30
p129,112.019,INTERACTIVE,op1,,1,const,,55
p129,,,op2,op1,15,linear3,,37.5
p129,,,op3,op2,2,sqrt,,55
p129,,,op4,op3,80,squared,,10
p130,112.019,BATCH_PIPELINE,op1,,1,const,,55
p130,,,op2,,20,linear7,,30
p130,,,op3,,20,linear7,,30
p130,,,op4,,20,linear7,,30
p130,,,op5,,40,linear7,,20
p130,,,op6,,20,linear7,,30
p130,,,op7,,20,linear7,,30
p130,,,op8,,20,linear7,,30
p130,,,op9,,15,linear3,,37.5
p130,,,op10,op1;op2;op3;op4;op5;op6;op7;op8;op9,1,const,,55
p131,121.208,QUERY,op1,,15,linear3,,35
p132,121.208,INTERACTIVE,op1,,1,const,,55
p132,,,op2,,80,squared,,10
p132,,,op3,,20,linear7,,30
p132,,,op4,,80,squared,,10
p132,,,op5,,15,linear3,,37.5
p132,,,op6,,20,linear7,,30
p132,,,op7,,2,sqrt,,55
p132,,,op8,op1;op2;op3;op4;op5;op6;op7,20,linear7,,30
p133,121.208,INTERACTIVE,op1,,1,const,,55
p133,,,op2,op1,15,linear3,,37.5
p133,,,op3,op2,80,squared,,10
p133,,,op4,op3,40,linear7,,20
p134,121.208,QUERY,op1,,15,linear3,,35
p135,121.208,BATCH_PIPELINE,op1,,1,const,,55
p135,,,op2,op1,2,sqrt,,55
p135,,,op3,op2,5,linear3,,45
p135,,,op4,op3,2,sqrt,,55
p135,,,op5,op4,1,const,,55
p135,,,op6,op5,20,linear7,,30
p135,,,op7,op6,15,linear3,,37.5
p135,,,op8,op7,1,const,,55
p136,121.208,QUERY,op1,,15,linear3,,35
p137,121.208,INTERACTIVE,op1,,1,const,,55
p137,,,op2,op1,15,linear3,,37.5
p137,,,op3,op1,2,sqrt,,55
p137,,,op4,op1,2,sqrt,,55
p137,,,op5,op1,20,linear7,,30
p137,,,op6,op1,20,linear7,,30
p137,,,op7,op1,80,squared,,10
p138,121.208,INTERACTIVE,op1,,1,const,,55
p138,,,op2,op1,5,linear3,,45
p138,,,op3,op1,20,linear7,,30
p138,,,op4,op1,15,linear3,,37.5
p138,,,op5,op1,5,linear3,,45
p139,121.208,INTERACTIVE,op1,,1,const,,55
p139,,,op2,op1,20,linear7,,30
p139,,,op3,op2,5,linear3,,45
p139,,,op4,op3,20,linear7,,30
p139,,,op5,op4,20,linear7,,30
p140,121.208,BATCH_PIPELINE,op1,,1,const,,55
p140,,,op2,op1,1,const,,55
p140,,,op3,op2,1,const,,55
p140,,,op4,op3,1,const,,55
p140,,,op5,op4,15,linear3,,37.5
p140,,,op6,op5,15,linear3,,37.5
p140,,,op7,op6,5,linear3,,45
p141,132.94,INTERACTIVE,op1,,1,const,,55
p141,,,op2,op1,2,sqrt,,55
p141,,,op3,op2,5,linear3,,45
p141,,,op4,op3,5,linear3,,45
p141,,,op5,op4,2,sqrt,,55
p141,,,op6,op5,5,linear3,,45
p142,132.94,QUERY,op1,,15,linear3,,35
p143,132.94,INTERACTIVE,op1,,1,const,,55
p143,,,op2,op1,15,linear3,,37.5
p143,,,op3,op1,80,squared,,10
p143,,,op4,op1,15,linear3,,37.5
p143,,,op5,op1,15,linear3,,37.5
p144,132.94,QUERY,op1,,15,linear3,,35
p145,132.94,INTERACTIVE,op1,,1,const,,55
p145,,,op2,op1,40,linear7,,20
p145,,,op3,op2,5,linear3,,45
p145,,,op4,op3,5,linear3,,45
p145,,,op5,op4,40,linear7,,20
p145,,,op6,op5,15,linear3,,37.5
p145,,,op7,op6,20,linear7,,30
p146,132.94,QUERY,op1,,15,linear3,,35
p147,132.94,QUERY,op1,,15,linear3,,35
p148,132.94,INTERACTIVE,op1,,1,const,,55
p148,,,op2,op1,2,sqrt,,55
p148,,,op3,op1,1,const,,55
p149,132.94,INTERACTIVE,op1,,1,const,,55
p149,,,op2,op1,40,linear7,,20
p149,,,op3,op2,1,const,,55
p149,,,op4,op3,5,linear3,,45
p149,,,op5,op4,5,linear3,,45
p149,,,op6,op5,15,linear3,,37.5
p150,132.94,QUERY,op1,,15,linear3,,35
p151,139.673,BATCH_PIPELINE,op1,,1,const,,55
p151,,,op2,op1,1,const,,55
p151,,,op3,op2,15,linear3,,37.5
p151,,,op4,op3,5,linear3,,45
p151,,,op5,op4,5,linear3,,45
p151,,,op6,op5,15,linear3,,37.5
p151,,,op7,op6,15,linear3,,37.5
p151,,,op8,op7,40,linear7,,20
p152,139.673,BATCH_PIPELINE,op1,,1,const,,55
p152,,,op2,op1,15,linear3,,37.5
p152,,,op3,op2,40,linear7,,20
p152,,,op4,op3,5,linear3,,45
p152,,,op5,op4,1,const,,55
p153,139.673,BATCH_PIPELINE,op1,,1,const,,55
p153,,,op2,op1,5,linear3,,45
p153,,,op3,op2,15,linear3,,37.5
p153,,,op4,op3,5,linear3,,45
p153,,,op5,op4,40,linear7,,20
p153,,,op6,op5,2,sqrt,,55
p154,139.673,INTERACTIVE,op1,,1,const,,55
p154,,,op2,op1,20,linear7,,30
p154,,,op3,op2,15,linear3,,37.5
p154,,,op4,op3,15,linear3,,37.5
p154,,,op5,op4,80,squared,,10
p154,,,op6,op5,5,linear3,,45
p155,139.673,QUERY,op1,,15,linear3,,35
p156,139.673,BATCH_PIPELINE,op1,,1,const,,55
p156,,,op2,op1,2,sqrt,,55
p156,,,op3,op2,2,sqrt,,55
p156,,,op4,op3,15,linear3,,37.5
p156,,,op5,op4,20,linear7,,30
p157,139.673,QUERY,op1,,15,linear3,,35
p158,139.673,INTERACTIVE,op1,,1,const,,55
p158,,,op2,op1,2,sqrt,,55
p158,,,op3,op1,20,linear7,,30
p158,,,op4,op1,80,squared,,10
p158,,,op5,op1,1,const,,55
p158,,,op6,op1,5,linear3,,45
p158,,,op7,op1,2,sqrt,,55
p159,139.673,BATCH_PIPELINE,op1,,1,const,,55
p159,,,op2,op1,80,squared,,10
p159,,,op3,op2,5,linear3,,45
p159,,,op4,op3,20,linear7,,30
p159,,,op5,op4,5,linear3,,45
p159,,,op6,op5,15,linear3,,37.5
p160,139.673,QUERY,op1,,15,linear3,,35
p161,149.68200000000002,INTERACTIVE,op1,,1,const,,55
p161,,,op2,op1,20,linear7,,30
p161,,,op3,op2,2,sqrt,,55
p161,,,op4,op3,15,linear3,,37.5
p161,,,op5,op4,40,linear7,,20
p161,,,op6,op5,40,linear7,,20
p161,,,op7,op6,20,linear7,,30
p161,,,op8,op7,40,linear7,,20
p162,149.68200000000002,INTERACTIVE,op1,,1,const,,55
p162,,,op2,op1,5,linear3,,45
p162,,,op3,op2,20,linear7,,30
p162,,,op4,op3,1,const,,55
p162,,,op5,op4,20,linear7,,30
p162,,,op6,op5,1,const,,55
p162,,,op7,op6,1,const,,55
p163,149.68200000000002,QUERY,op1,,15,linear3,,35
p164,149.68200000000002,BATCH_PIPELINE,op1,,1,const,,55
p164,,,op2,op1,40,linear7,,20
p164,,,op3,op2,5,linear3,,45
p164,,,op4,op3,80,squared,,10
p164,,,op5,op4,15,linear3,,37.5
p165,149.68200000000002,INTERACTIVE,op1,,1,const,,55
p165,,,op2,op1,2,sqrt,,55
p165,,,op3,op1,15,linear3,,37.5
p165,,,op4,op1,15,linear3,,37.5
p165,,,op5,op1,1,const,,55
p165,,,op6,op1,15,linear3,,37.5
p165,,,op7,op1,5,linear3,,45
p165,,,op8,op1,40,linear7,,20
p166,149.68200000000002,QUERY,op1,,15,linear3,,35
p167,149.68200000000002,QUERY,op1,,15,linear3,,35
p168,149.68200000000002,INTERACTIVE,op1,,1,const,,55
p168,,,op2,op1,2,sqrt,,55
p168,,,op3,op1,2,sqrt,,55
p168,,,op4,op1,40,linear7,,20
p168,,,op5,op1,5,linear3,,45
p168,,,op6,op1,1,const,,55
p169,149.68200000000002,INTERACTIVE,op1,,1,const,,55
p169,,,op2,op1,20,linear7,,30
p169,,,op3,op2,40,linear7,,20
p169,,,op4,op3,20,linear7,,30
p169,,,op5,op4,20,linear7,,30
p169,,,op6,op5,1,const,,55
p170,149.68200000000002,BATCH_PIPELINE,op1,,1,const,,55
p170,,,op2,op1,20,linear7,,30
p170,,,op3,op2,80,squared,,10
p170,,,op4,op3,80,squared,,10
p170,,,op5,op4,40,linear7,,20
p170,,,op6,op5,5,linear3,,45
p170,,,op7,op6,15,linear3,,37.5
p171,160.40800000000002,INTERACTIVE,op1,,1,const,,55
p171,,,op2,op1,15,linear3,,37.5
p171,,,op3,op2,5,linear3,,45
p171,,,op4,op3,5,linear3,,45
p171,,,op5,op4,20,linear7,,30
p171,,,op6,op5,15,linear3,,37.5
p172,160.40800000000002,QUERY,op1,,15,linear3,,35
p173,160.40800000000002,INTERACTIVE,op1,,1,const,,55
p173,,,op2,op1,20,linear7,,30
p173,,,op3,op2,2,sqrt,,55
p173,,,op4,op3,80,squared,,10
p173,,,op5,op4,5,linear3,,45
p174,160.40800000000002,BATCH_PIPELINE,op1,,1,const,,55
p174,,,op2,op1,15,linear3,,37.5
p174,,,op3,op2,5,linear3,,45
p174,,,op4,op3,5,linear3,,45
p174,,,op5,op4,20,linear7,,30
p175,160.40800000000002,INTERACTIVE,op1,,1,const,,55
p175,,,op2,op1,20,linear7,,30
p175,,,op3,op2,1,const,,55
p175,,,op4,op3,5,linear3,,45
p175,,,op5,op4,1,const,,55
p175,,,op6,op5,15,linear3,,37.5
p176,160.40800000000002,INTERACTIVE,op1,,1,const,,55
p176,,,op2,op1,20,linear7,,30
p176,,,op3,op1,5,linear3,,45
p176,,,op4,op1,20,linear7,,30
p176,,,op5,op1,5,linear3,,45
p176,,,op6,op1,15,linear3,,37.5
p176,,,op7,op1,40,linear7,,20
p177,160.40800000000002,INTERACTIVE,op1,,1,const,,55
p177,,,op2,op1,2,sqrt,,55
p177,,,op3,op1,40,linear7,,20
p177,,,op4,op1,20,linear7,,30
p177,,,op5,op1,15,linear3,,37.5
p177,,,op6,op1,5,linear3,,45
p177,,,op7,op1,2,sqrt,,55
p178,160.40800000000002,BATCH_PIPELINE,op1,,1,const,,55
p178,,,op2,,20,linear7,,30
p178,,,op3,,1,const,,55
p178,,,op4,,5,linear3,,45
p178,,,op5,,15,linear3,,37.5
p178,,,op6,,80,squared,,10
p178,,,op7,,1,const,,55
p178,,,op8,,80,squared,,10
p178,,,op9,op1;op2;op3;op4;op5;op6;op7;op8,15,linear3,,37.5
p179,160.40800000000002,QUERY,op1,,15,linear3,,35
p180,160.40800000000002,QUERY,op1,,15,linear3,,35
p181,170.409,INTERACTIVE,op1,,1,const,,55
p181,,,op2,,40,linear7,,20
p181,,,op3,,5,linear3,,45
p181,,,op4,,15,linear3,,37.5
p181,,,op5,,2,sqrt,,55
p181,,,op6,,20,linear7,,30
p181,,,op7,,80,squared,,10
p181,,,op8,op1;op2;op3;op4;op5;op6;op7,15,linear3,,37.5
p182,170.409,INTERACTIVE,op1,,1,const,,55
p182,,,op2,op1,1,const,,55
p182,,,op3,op2,2,sqrt,,55
p182,,,op4,op3,20,linear7,,30
p183,170.409,INTERACTIVE,op1,,1,const,,55
p183,,,op2,op1,80,squared,,10
p183,,,op3,op1,20,linear7,,30
p183,,,op4,op1,15,linear3,,37.5
p183,,,op5,op1,20,linear7,,30
p183,,,op6,op1,15,linear3,,37.5
p183,,,op7,op1,15,linear3,,37.5
p183,,,op8,op1,5,linear3,,45
p183,,,op9,op1,1,const,,55
p183,,,op10,op1,1,const,,55
p184,170.409,QUERY,op1,,15,linear3,,35
p185,170.409,INTERACTIVE,op1,,1,const,,55
p185,,,op2,op1,40,linear7,,20
p185,,,op3,op2,15,linear3,,37.5
p185,,,op4,op3,5,linear3,,45
p185,,,op5,op4,80,squared,,10
p186,170.409,QUERY,op1,,15,linear3,,35
p187,170.409,INTERACTIVE,op1,,1,const,,55
p187,,,op2,op1,40,linear7,,20
p187,,,op3,op2,20,linear7,,30
p187,,,op4,op3,20,linear7,,30
p187,,,op5,op4,20,linear7,,30
p187,,,op6,op5,2,sqrt,,55
p187,,,op7,op6,40,linear7,,20
p188,170.409,BATCH_PIPELINE,op1,,1,const,,55
p188,,,op2,op1,20,linear7,,30
p188,,,op3,op2,80,squared,,10
p188,,,op4,op3,5,linear3,,45
p188,,,op5,op4,1,const,,55
p188,,,op6,op5,5,linear3,,45
p189,170.409,QUERY,op1,,15,linear3,,35
p190,170.409,BATCH_PIPELINE,op1,,1,const,,55
p190,,,op2,op1,15,linear3,,37.5
p190,,,op3,op2,2,sqrt,,55
p190,,,op4,op3,20,linear7,,30
p190,,,op5,op4,15,linear3,,37.5
p190,,,op6,op5,2,sqrt,,55
p190,,,op7,op6,5,linear3,,45
p190,,,op8,op7,5,linear3,,45
p190,,,op9,op8,5,linear3,,45
p190,,,op10,op9,80,squared,,10
p191,179.18800000000002,QUERY,op1,,15,linear3,,35
p192,179.18800000000002,BATCH_PIPELINE,op1,,1,const,,55
p192,,,op2,op1,2,sqrt,,55
p192,,,op3,op2,40,linear7,,20
p192,,,op4,op3,5,linear3,,45
p192,,,op5,op4,40,linear7,,20
p192,,,op6,op5,15,linear3,,37.5
p193,179.18800000000002,INTERACTIVE,op1,,1,const,,55
p193,,,op2,,80,squared,,10
p193,,,op3,,1,const,,55
p193,,,op4,,1,const,,55
p193,,,op5,op1;op2;op3;op4,5,linear3,,45
p194,179.18800000000002,INTERACTIVE,op1,,1,const,,55
p194,,,op2,op1,5,linear3,,45
p194,,,op3,op2,40,linear7,,20
p194,,,op4,op3,40,linear7,,20
p194,,,op5,op4,15,linear3,,37.5
p194,,,op6,op5,40,linear7,,20
p194,,,op7,op6,20,linear7,,30
p195,179.18800000000002,INTERACTIVE,op1,,1,const,,55
p195,,,op2,op1,15,linear3,,37.5
p195,,,op3,op2,80,squared,,10
p195,,,op4,op3,1,const,,55
p195,,,op5,op4,1,const,,55
p195,,,op6,op5,2,sqrt,,55
p195,,,op7,op6,5,linear3,,45
p196,179.18800000000002,QUERY,op1,,15,linear3,,35
p197,179.18800000000002,INTERACTIVE,op1,,1,const,,55
p197,,,op2,op1,80,squared,,10
p197,,,op3,op2,80,squared,,10
p197,,,op4,op3,5,linear3,,45
p198,179.18800000000002,QUERY,op1,,15,linear3,,35
p199,179.18800000000002,INTERACTIVE,op1,,1,const,,55
p199,,,op2,op1,2,sqrt,,55
p199,,,op3,op2,15,linear3,,37.5
p200,179.18800000000002,BATCH_PIPELINE,op1,,1,const,,55
p200,,,op2,op1,15,linear3,,37.5
p200,,,op3,op2,20,linear7,,30
p200,,,op4,op3,1,const,,55
p200,,,op5,op4,20,linear7,,30
p200,,,op6,op5,2,sqrt,,55
p201,189.612,QUERY,op1,,15,linear3,,35
p202,189.612,QUERY,op1,,15,linear3,,35
p203,189.612,BATCH_PIPELINE,op1,,1,const,,55
p203,,,op2,op1,5,linear3,,45
p203,,,op3,op2,80,squared,,10
p203,,,op4,op3,40,linear7,,20
p203,,,op5,op4,5,linear3,,45
p203,,,op6,op5,20,linear7,,30
p203,,,op7,op6,80,squared,,10
p203,,,op8,op7,80,squared,,10
p204,189.612,QUERY,op1,,15,linear3,,35
p205,189.612,INTERACTIVE,op1,,1,const,,55
p205,,,op2,op1,1,const,,55
p205,,,op3,op2,5,linear3,,45
p205,,,op4,op3,20,linear7,,30
p205,,,op5,op4,15,linear3,,37.5
p205,,,op6,op5,5,linear3,,45
p205,,,op7,op6,5,linear3,,45
p205,,,op8,op7,5,linear3,,45
p206,189.612,QUERY,op1,,15,linear3,,35
p207,189.612,QUERY,op1,,15,linear3,,35
p208,189.612,QUERY,op1,,15,linear3,,35
p209,189.612,INTERACTIVE,op1,,1,const,,55
p209,,,op2,op1,5,linear3,,45
p209,,,op3,op1,1,const,,55
p209,,,op4,op1,1,const,,55
p209,,,op5,op1,1,const,,55
p210,189.612,INTERACTIVE,op1,,1,const,,55
p210,,,op2,op1,15,linear3,,37.5
p210,,,op3,op1,80,squared,,10
p210,,,op4,op1,20,linear7,,30
p211,200.373,QUERY,op1,,15,linear3,,35
p212,200.373,INTERACTIVE,op1,,1,const,,55
p212,,,op2,op1,20,linear7,,30
p212,,,op3,op1,20,linear7,,30
p212,,,op4,op1,5,linear3,,45
p212,,,op5,op1,2,sqrt,,55
p212,,,op6,op1,2,sqrt,,55
p212,,,op7,op1,15,linear3,,37.5
p213,200.373,QUERY,op1,,15,linear3,,35
p214,200.373,INTERACTIVE,op1,,1,const,,55
p214,,,op2,op1,20,linear7,,30
p214,,,op3,op2,80,squared,,10
p214,,,op4,op3,80,squared,,10
p214,,,op5,op4,2,sqrt,,55
p214,,,op6,op5,80,squared,,10
p215,200.373,INTERACTIVE,op1,,1,const,,55
p215,,,op2,op1,5,linear3,,45
p215,,,op3,op2,1,const,,55
p215,,,op4,op3,15,linear3,,37.5
p215,,,op5,op4,1,const,,55
p215,,,op6,op5,40,linear7,,20
p215,,,op7,op6,80,squared,,10
p216,200.373,INTERACTIVE,op1,,1,const,,55
p216,,,op2,op1,5,linear3,,45
p216,,,op3,op2,40,linear7,,20
p216,,,op4,op3,15,linear3,,37.5
p216,,,op5,op4,80,squared,,10
p216,,,op6,op5,5,linear3,,45
p217,200.373,INTERACTIVE,op1,,1,const,,55
p217,,,op2,op1,5,linear3,,45
p217,,,op3,op2,15,linear3,,37.5
p217,,,op4,op3,15,linear3,,37.5
p217,,,op5,op4,2,sqrt,,55
p217,,,op6,op5,20,linear7,,30
p218,200.373,INTERACTIVE,op1,,1,const,,55
p218,,,op2,op1,80,squared,,10
p218,,,op3,op2,5,linear3,,45
p218,,,op4,op3,20,linear7,,30
p218,,,op5,op4,5,linear3,,45
p218,,,op6,op5,15,linear3,,37.5
p219,200.373,QUERY,op1,,15,linear3,,35
p220,200.373,INTERACTIVE,op1,,1,const,,55
p220,,,op2,op1,40,linear7,,20
p220,,,op3,op2,1,const,,55
p220,,,op4,op3,1,const,,55
p220,,,op5,op4,40,linear7,,20
p220,,,op6,op5,15,linear3,,37.5
p221,209.937,QUERY,op1,,15,linear3,,35
p222,209.937,BATCH_PIPELINE,op1,,1,const,,55
p222,,,op2,op1,15,linear3,,37.5
p222,,,op3,op2,5,linear3,,45
p222,,,op4,op3,5,linear3,,45
p222,,,op5,op4,1,const,,55
p222,,,op6,op5,15,linear3,,37.5
p222,,,op7,op6,20,linear7,,30
p222,,,op8,op7,1,const,,55
p222,,,op9,op8,2,sqrt,,55
p222,,,op10,op9,1,const,,55
p222,,,op11,op10,2,sqrt,,55
p222,,,op12,op11,15,linear3,,37.5
p223,209.937,QUERY,op1,,15,linear3,,35
p224,209.937,QUERY,op1,,15,linear3,,35
p225,209.937,BATCH_PIPELINE,op1,,1,const,,55
p225,,,op2,op1,1,const,,55
p225,,,op3,op2,2,sqrt,,55
p225,,,op4,op3,40,linear7,,20
p225,,,op5,op4,1,const,,55
p225,,,op6,op5,5,linear3,,45
p225,,,op7,op6,1,const,,55
p225,,,op8,op7,20,linear7,,30
p225,,,op9,op8,2,sqrt,,55
p226,209.937,QUERY,op1,,15,linear3,,35
p227,209.937,QUERY,op1,,15,linear3,,35
p228,209.937,BATCH_PIPELINE,op1,,1,const,,55
p228,,,op2,op1,1,const,,55
p228,,,op3,op2,40,linear7,,20
p228,,,op4,op3,2,sqrt,,55
p228,,,op5,op4,5,linear3,,45
p228,,,op6,op5,15,linear3,,37.5
p228,,,op7,op6,1,const,,55
p229,209.937,QUERY,op1,,15,linear3,,35
p230,209.937,INTERACTIVE,op1,,1,const,,55
p230,,,op2,op1,15,linear3,,37.5
p230,,,op3,op2,40,linear7,,20
p230,,,op4,op3,1,const,,55
p230,,,op5,op4,2,sqrt,,55
p230,,,op6,op5,40,linear7,,20
p231,219.54500000000002,BATCH_PIPELINE,op1,,1,const,,55
p231,,,op2,op1,20,linear7,,30
p231,,,op3,op2,80,squared,,10
p231,,,op4,op3,5,linear3,,45
p231,,,op5,op4,2,sqrt,,55
p231,,,op6,op5,20,linear7,,30
p231,,,op7,op6,20,linear7,,30
p231,,,op8,op7,5,linear3,,45
p231,,,op9,op8,2,sqrt,,55
p231,,,op10,op9,80,squared,,10
p231,,,op11,op10,15,linear3,,37.5
p232,219.54500000000002,INTERACTIVE,op1,,1,const,,55
p232,,,op2,op1,15,linear3,,37.5
p232,,,op3,op1,20,linear7,,30
p232,,,op4,op1,2,sqrt,,55
p232,,,op5,op1,20,linear7,,30
p232,,,op6,op1,80,squared,,10
p232,,,op7,op1,20,linear7,,30
p233,219.54500000000002,INTERACTIVE,op1,,1,const,,55
p233,,,op2,op1,15,linear3,,37.5
p233,,,op3,op2,5,linear3,,45
p233,,,op4,op3,40,linear7,,20
p233,,,op5,op4,1,const,,55
p234,219.54500000000002,QUERY,op1,,15,linear3,,35
p235,219.54500000000002,QUERY,op1,,15,linear3,,35
p236,219.54500000000002,QUERY,op1,,15,linear3,,35
p237,219.54500000000002,BATCH_PIPELINE,op1,,1,const,,55
p237,,,op2,op1,40,linear7,,20
p237,,,op3,op1,1,const,,55
p237,,,op4,op1,20,linear7,,30
p237,,,op5,op1,20,linear7,,30
p237,,,op6,op1,1,const,,55
p237,,,op7,op1,15,linear3,,37.5
p237,,,op8,op1,15,linear3,,37.5
p237,,,op9,op1,20,linear7,,30
p237,,,op10,op1,15,linear3,,37.5
p238,219.54500000000002,BATCH_PIPELINE,op1,,1,const,,55
p238,,,op2,,1,const,,55
p238,,,op3,,5,linear3,,45
p238,,,op4,,5,linear3,,45
p238,,,op5,,1,const,,55
p238,,,op6,,15,linear3,,37.5
p238,,,op7,,40,linear7,,20
p238,,,op8,,2,sqrt,,55
p238,,,op9,,15,linear3,,37.5
p238,,,op10,op1;op2;op3;op4;op5;op6;op7;op8;op9,2,sqrt,,55
p239,219.54500000000002,BATCH_PIPELINE,op1,,1,const,,55
p239,,,op2,op1,20,linear7,,30
p239,,,op3,op2,1,const,,55
p239,,,op4,op3,80,squared,,10
p239,,,op5,op4,20,linear7,,30
p239,,,op6,op5,5,linear3,,45
p239,,,op7,op6,20,linear7,,30
p239,,,op8,op7,1,const,,55
p239,,,op9,op8,40,linear7,,20
p239,,,op10,op9,5,linear3,,45
p240,219.54500000000002,QUERY,op1,,15,linear3,,35
p241,227.439,QUERY,op1,,15,linear3,,35
p242,227.439,INTERACTIVE,op1,,1,const,,55
p242,,,op2,op1,15,linear3,,37.5
p242,,,op3,op2,20,linear7,,30
p242,,,op4,op3,5,linear3,,45
p242,,,op5,op4,80,squared,,10
p242,,,op6,op5,1,const,,55
p243,227.439,BATCH_PIPELINE,op1,,1,const,,55
p243,,,op2,op1,80,squared,,10
p243,,,op3,op2,40,linear7,,20
p243,,,op4,op3,40,linear7,,20
p243,,,op5,op4,15,linear3,,37.5
p243,,,op6,op5,5,linear3,,45
p243,,,op7,op6,5,linear3,,45
p243,,,op8,op7,15,linear3,,37.5
p243,,,op9,op8,80,squared,,10
p243,,,op10,op9,15,linear3,,37.5
p244,227.439,INTERACTIVE,op1,,1,const,,55
p244,,,op2,op1,20,linear7,,30
p244,,,op3,op2,40,linear7,,20
p244,,,op4,op3,15,linear3,,37.5
p244,,,op5,op4,2,sqrt,,55
p244,,,op6,op5,2,sqrt,,55
p244,,,op7,op6,1,const,,55
p245,227.439,INTERACTIVE,op1,,1,const,,55
p245,,,op2,op1,1,const,,55
p245,,,op3,op2,2,sqrt,,55
p245,,,op4,op3,40,linear7,,20
p245,,,op5,op4,5,linear3,,45
p246,227.439,QUERY,op1,,15,linear3,,35
p247,227.439,INTERACTIVE,op1,,1,const,,55
p247,,,op2,op1,20,linear7,,30
p247,,,op3,op2,80,squared,,10
p247,,,op4,op3,80,squared,,10
p247,,,op5,op4,5,linear3,,45
p247,,,op6,op5,5,linear3,,45
p247,,,op7,op6,5,linear3,,45
p247,,,op8,op7,20,linear7,,30
p248,227.439,INTERACTIVE,op1,,1,const,,55
p248,,,op2,op1,15,linear3,,37.5
p248,,,op3,op2,80,squared,,10
p248,,,op4,op3,15,linear3,,37.5
p248,,,op5,op4,80,squared,,10
p249,227.439,INTERACTIVE,op1,,1,const,,55
p249,,,op2,op1,2,sqrt,,55
p249,,,op3,op1,20,linear7,,30
p249,,,op4,op1,40,linear7,,20
p249,,,op5,op1,15,linear3,,37.5
p249,,,op6,op1,2,sqrt,,55
p249,,,op7,op1,1,const,,55
p250,227.439,QUERY,op1,,15,linear3,,35
p251,232.46200000000002,QUERY,op1,,15,linear3,,35
p252,232.46200000000002,QUERY,op1,,15,linear3,,35
p253,232.46200000000002,INTERACTIVE,op1,,1,const,,55
p253,,,op2,op1,15,linear3,,37.5
p254,232.46200000000002,QUERY,op1,,15,linear3,,35
p255,232.46200000000002,BATCH_PIPELINE,op1,,1,const,,55
p255,,,op2,op1,20,linear7,,30
p255,,,op3,op2,20,linear7,,30
p255,,,op4,op3,15,linear3,,37.5
p255,,,op5,op4,15,linear3,,37.5
p255,,,op6,op5,20,linear7,,30
p255,,,op7,op6,2,sqrt,,55
p256,232.46200000000002,QUERY,op1,,15,linear3,,35
p257,232.46200000000002,INTERACTIVE,op1,,1,const,,55
p257,,,op2,op1,5,linear3,,45
p257,,,op3,op2,15,linear3,,37.5
p257,,,op4,op3,5,linear3,,45
p257,,,op5,op4,2,sqrt,,55
p257,,,op6,op5,5,linear3,,45
p258,232.46200000000002,INTERACTIVE,op1,,1,const,,55
p258,,,op2,,40,linear7,,20
p258,,,op3,,2,sqrt,,55
p258,,,op4,,5,linear3,,45
p258,,,op5,,5,linear3,,45
p258,,,op6,op1;op2;op3;op4;op5,80,squared,,10
p259,232.46200000000002,QUERY,op1,,15,linear3,,35
p260,232.46200000000002,INTERACTIVE,op1,,1,const,,55
p260,,,op2,op1,15,linear3,,37.5
p260,,,op3,op2,80,squared,,10
p260,,,op4,op3,15,linear3,,37.5
p260,,,op5,op4,15,linear3,,37.5
p260,,,op6,op5,20,linear7,,30
p261,243.478,QUERY,op1,,15,linear3,,35
p262,243.478,QUERY,op1,,15,linear3,,35
p263,243.478,INTERACTIVE,op1,,1,const,,55
p263,,,op2,op1,5,linear3,,45
p263,,,op3,op2,1,const,,55
p263,,,op4,op3,2,sqrt,,55
p264,243.478,INTERACTIVE,op1,,1,const,,55
p264,,,op2,op1,5,linear3,,45
p264,,,op3,op1,40,linear7,,20
p264,,,op4,op1,40,linear7,,20
p264,,,op5,op1,15,linear3,,37.5
p265,243.478,INTERACTIVE,op1,,1,const,,55
p265,,,op2,op1,20,linear7,,30
p265,,,op3,op2,40,linear7,,20
p265,,,op4,op3,2,sqrt,,55
p265,,,op5,op4,80,squared,,10
p265,,,op6,op5,2,sqrt,,55
p266,243.478,INTERACTIVE,op1,,1,const,,55
p266,,,op2,op1,80,squared,,10
p266,,,op3,op1,15,linear3,,37.5
p267,243.478,QUERY,op1,,15,linear3,,35
p268,243.478,INTERACTIVE,op1,,1,const,,55
p268,,,op2,op1,15,linear3,,37.5
p268,,,op3,op2,1,const,,55
p268,,,op4,op3,2,sqrt,,55
p268,,,op5,op4,20,linear7,,30
p269,243.478,QUERY,op1,,15,linear3,,35
p270,243.478,QUERY,op1,,15,linear3,,35
p271,250.84900000000002,BATCH_PIPELINE,op1,,1,const,,55
p271,,,op2,,2,sqrt,,55
p271,,,op3,,2,sqrt,,55
p271,,,op4,,20,linear7,,30
p271,,,op5,,20,linear7,,30
p271,,,op6,,5,linear3,,45
p271,,,op7,op1;op2;op3;op4;op5;op6,5,linear3,,45
p272,250.84900000000002,QUERY,op1,,15,linear3,,35
p273,250.84900000000002,INTERACTIVE,op1,,1,const,,55
p273,,,op2,op1,5,linear3,,45
p273,,,op3,op2,2,sqrt,,55
p273,,,op4,op3,15,linear3,,37.5
p274,250.84900000000002,INTERACTIVE,op1,,1,const,,55
p274,,,op2,op1,15,linear3,,37.5
p274,,,op3,op2,20,linear7,,30
p275,250.84900000000002,QUERY,op1,,15,linear3,,35
p276,250.84900000000002,BATCH_PIPELINE,op1,,1,const,,55
p276,,,op2,op1,40,linear7,,20
p276,,,op3,op2,1,const,,55
p276,,,op4,op3,15,linear3,,37.5
p276,,,op5,op4,40,linear7,,20
p277,250.84900000000002,INTERACTIVE,op1,,1,const,,55
p277,,,op2,op1,15,linear3,,37.5
p277,,,op3,op2,1,const,,55
p277,,,op4,op3,1,const,,55
p277,,,op5,op4,40,linear7,,20
p277,,,op6,op5,2,sqrt,,55
p278,250.84900000000002,INTERACTIVE,op1,,1,const,,55
p278,,,op2,op1,15,linear3,,37.5
p278,,,op3,op1,5,linear3,,45
p279,250.84900000000002,BATCH_PIPELINE,op1,,1,const,,55
p279,,,op2,op1,15,linear3,,37.5
p279,,,op3,op2,80,squared,,10
p279,,,op4,op3,2,sqrt,,55
p279,,,op5,op4,15,linear3,,37.5
p279,,,op6,op5,40,linear7,,20
p279,,,op7,op6,40,linear7,,20
p279,,,op8,op7,1,const,,55
p280,250.84900000000002,QUERY,op1,,15,linear3,,35
p281,262.90500000000003,QUERY,op1,,15,linear3,,35
p282,262.90500000000003,INTERACTIVE,op1,,1,const,,55
p282,,,op2,,20,linear7,,30
p282,,,op3,,15,linear3,,37.5
p282,,,op4,,15,linear3,,37.5
p282,,,op5,op1;op2;op3;op4,15,linear3,,37.5
p283,262.90500000000003,BATCH_PIPELINE,op1,,1,const,,55
p283,,,op2,op1,1,const,,55
p283,,,op3,op2,15,linear3,,37.5
p283,,,op4,op3,2,sqrt,,55
p283,,,op5,op4,20,linear7,,30
p283,,,op6,op5,15,linear3,,37.5
p283,,,op7,op6,20,linear7,,30
p283,,,op8,op7,40,linear7,,20
p283,,,op9,op8,15,linear3,,37.5
p284,262.90500000000003,BATCH_PIPELINE,op1,,1,const,,55
p284,,,op2,op1,15,linear3,,37.5
p284,,,op3,op2,40,linear7,,20
p285,262.90500000000003,QUERY,op1,,15,linear3,,35
p286,262.90500000000003,INTERACTIVE,op1,,1,const,,55
p286,,,op2,op1,20,linear7,,30
p286,,,op3,op2,40,linear7,,20
p286,,,op4,op3,1,const,,55
p286,,,op5,op4,40,linear7,,20
p286,,,op6,op5,15,linear3,,37.5
p287,262.90500000000003,INTERACTIVE,op1,,1,const,,55
p287,,,op2,,1,const,,55
p287,,,op3,op1;op2,20,linear7,,30
p288,262.90500000000003,QUERY,op1,,15,linear3,,35
p289,262.90500000000003,INTERACTIVE,op1,,1,const,,55
p289,,,op2,op1,15,linear3,,37.5
p289,,,op3,op2,5,linear3,,45
p289,,,op4,op3,5,linear3,,45
p289,,,op5,op4,80,squared,,10
p290,262.90500000000003,INTERACTIVE,op1,,1,const,,55
p290,,,op2,op1,1,const,,55
p290,,,op3,op2,20,linear7,,30
p290,,,op4,op3,1,const,,55
p290,,,op5,op4,40,linear7,,20
p291,272.195,BATCH_PIPELINE,op1,,1,const,,55
p291,,,op2,op1,80,squared,,10
p291,,,op3,op2,40,linear7,,20
p291,,,op4,op3,2,sqrt,,55
p291,,,op5,op4,15,linear3,,37.5
p292,272.195,BATCH_PIPELINE,op1,,1,const,,55
p292,,,op2,,15,linear3,,37.5
p292,,,op3,,1,const,,55
p292,,,op4,,15,linear3,,37.5
p292,,,op5,,20,linear7,,30
p292,,,op6,,5,linear3,,45
p292,,,op7,,1,const,,55
p292,,,op8,op1;op2;op3;op4;op5;op6;op7,40,linear7,,20
p293,272.195,INTERACTIVE,op1,,1,const,,55
p293,,,op2,op1,1,const,,55
p293,,,op3,op2,2,sqrt,,55
p293,,,op4,op3,5,linear3,,45
p294,272.195,INTERACTIVE,op1,,1,const,,55
p294,,,op2,op1,5,linear3,,45
p294,,,op3,op2,20,linear7,,30
p294,,,op4,op3,15,linear3,,37.5
p294,,,op5,op4,40,linear7,,20
p295,272.195,QUERY,op1,,15,linear3,,35
p296,272.195,INTERACTIVE,op1,,1,const,,55
p296,,,op2,op1,5,linear3,,45
p296,,,op3,op1,2,sqrt,,55
p296,,,op4,op1,20,linear7,,30
p296,,,op5,op1,5,linear3,,45
p297,272.195,QUERY,op1,,15,linear3,,35
p298,272.195,QUERY,op1,,15,linear3,,35
p299,272.195,QUERY,op1,,15,linear3,,35
p300,272.195,BATCH_PIPELINE,op1,,1,const,,55
p300,,,op2,op1,1,const,,55
p300,,,op3,op2,15,linear3,,37.5
p300,,,op4,op3,80,squared,,10
p300,,,op5,op4,5,linear3,,45
p300,,,op6,op5,15,linear3,,37.5
p300,,,op7,op6,40,linear7,,20
p301,280.827,BATCH_PIPELINE,op1,,1,const,,55
p301,,,op2,op1,5,linear3,,45
p301,,,op3,op2,2,sqrt,,55
p302,280.827,BATCH_PIPELINE,op1,,1,const,,55
p302,,,op2,op1,20,linear7,,30
p302,,,op3,op2,1,const,,55
p302,,,op4,op3,40,linear7,,20
p302,,,op5,op4,1,const,,55
p302,,,op6,op5,2,sqrt,,55
p303,280.827,BATCH_PIPELINE,op1,,1,const,,55
p303,,,op2,op1,2,sqrt,,55
p303,,,op3,op2,5,linear3,,45
p303,,,op4,op3,15,linear3,,37.5
p303,,,op5,op4,15,linear3,,37.5
p303,,,op6,op5,15,linear3,,37.5
p303,,,op7,op6,15,linear3,,37.5
p303,,,op8,op7,5,linear3,,45
p303,,,op9,op8,1,const,,55
p303,,,op10,op9,5,linear3,,45
p304,280.827,QUERY,op1,,15,linear3,,35
p305,280.827,INTERACTIVE,op1,,1,const,,55
p305,,,op2,,15,linear3,,37.5
p305,,,op3,,5,linear3,,45
p305,,,op4,,80,squared,,10
p305,,,op5,op1;op2;op3;op4,20,linear7,,30
p306,280.827,QUERY,op1,,15,linear3,,35
p307,280.827,INTERACTIVE,op1,,1,const,,55
p307,,,op2,op1,20,linear7,,30
p307,,,op3,op2,5,linear3,,45
p307,,,op4,op3,40,linear7,,20
p308,280.827,INTERACTIVE,op1,,1,const,,55
p308,,,op2,op1,5,linear3,,45
p308,,,op3,op2,40,linear7,,20
p308,,,op4,op3,20,linear7,,30
p308,,,op5,op4,80,squared,,10
p309,280.827,INTERACTIVE,op1,,1,const,,55
p309,,,op2,op1,2,sqrt,,55
p309,,,op3,op2,5,linear3,,45
p309,,,op4,op3,5,linear3,,45
p310,280.827,QUERY,op1,,15,linear3,,35
p311,287.461,INTERACTIVE,op1,,1,const,,55
p311,,,op2,op1,2,sqrt,,55
p311,,,op3,op2,80,squared,,10
p311,,,op4,op3,5,linear3,,45
p312,287.461,INTERACTIVE,op1,,1,const,,55
p312,,,op2,op1,40,linear7,,20
p312,,,op3,op2,20,linear7,,30
p312,,,op4,op3,1,const,,55
p313,287.461,INTERACTIVE,op1,,1,const,,55
p313,,,op2,,40,linear7,,20
p313,,,op3,,15,linear3,,37.5
p313,,,op4,op1;op2;op3,1,const,,55
p314,287.461,BATCH_PIPELINE,op1,,1,const,,55
p314,,,op2,op1,40,linear7,,20
p314,,,op3,op2,1,const,,55
p314,,,op4,op3,15,linear3,,37.5
p314,,,op5,op4,40,linear7,,20
p314,,,op6,op5,1,const,,55
p314,,,op7,op6,15,linear3,,37.5
p314,,,op8,op7,15,linear3,,37.5
p314,,,op9,op8,5,linear3,,45
p315,287.461,INTERACTIVE,op1,,1,const,,55
p315,,,op2,op1,15,linear3,,37.5
p315,,,op3,op2,5,linear3,,45
p315,,,op4,op3,5,linear3,,45
p315,,,op5,op4,15,linear3,,37.5
p316,287.461,QUERY,op1,,15,linear3,,35
p317,287.461,INTERACTIVE,op1,,1,const,,55
p317,,,op2,,1,const,,55
p317,,,op3,,20,linear7,,30
p317,,,op4,,15,linear3,,37.5
p317,,,op5,op1;op2;op3;op4,15,linear3,,37.5
p318,287.461,BATCH_PIPELINE,op1,,1,const,,55
p318,,,op2,op1,15,linear3,,37.5
p318,,,op3,op2,15,linear3,,37.5
p318,,,op4,op3,15,linear3,,37.5
p319,287.461,INTERACTIVE,op1,,1,const,,55
p319,,,op2,op1,20,linear7,,30
p319,,,op3,op1,15,linear3,,37.5
p319,,,op4,op1,1,const,,55
p319,,,op5,op1,40,linear7,,20
p319,,,op6,op1,80,squared,,10
p320,287.461,INTERACTIVE,op1,,1,const,,55
p320,,,op2,op1,40,linear7,,20
p320,,,op3,op2,80,squared,,10
p320,,,op4,op3,2,sqrt,,55
p321,295.952,INTERACTIVE,op1,,1,const,,55
p321,,,op2,op1,20,linear7,,30
p321,,,op3,op2,20,linear7,,30
p321,,,op4,op3,15,linear3,,37.5
p321,,,op5,op4,20,linear7,,30
p321,,,op6,op5,15,linear3,,37.5
p322,295.952,INTERACTIVE,op1,,1,const,,55
p322,,,op2,op1,15,linear3,,37.5
p322,,,op3,op2,40,linear7,,20
p322,,,op4,op3,1,const,,55
p323,295.952,INTERACTIVE,op1,,1,const,,55
p323,,,op2,op1,2,sqrt,,55
p324,295.952,QUERY,op1,,15,linear3,,35
p325,295.952,QUERY,op1,,15,linear3,,35
p326,295.952,QUERY,op1,,15,linear3,,35
p327,295.952,INTERACTIVE,op1,,1,const,,55
p327,,,op2,op1,20,linear7,,30
p327,,,op3,op2,5,linear3,,45
p327,,,op4,op3,15,linear3,,37.5
p327,,,op5,op4,40,linear7,,20
p328,295.952,QUERY,op1,,15,linear3,,35
p329,295.952,INTERACTIVE,op1,,1,const,,55
p329,,,op2,op1,80,squared,,10
p329,,,op3,op2,40,linear7,,20
p329,,,op4,op3,20,linear7,,30
p329,,,op5,op4,15,linear3,,37.5
p329,,,op6,op5,15,linear3,,37.5
p330,295.952,BATCH_PIPELINE,op1,,1,const,,55
p330,,,op2,op1,20,linear7,,30
p330,,,op3,op2,5,linear3,,45
p330,,,op4,op3,2,sqrt,,55
p330,,,op5,op4,1,const,,55
p330,,,op6,op5,2,sqrt,,55
p330,,,op7,op6,1,const,,55
p331,306.595,INTERACTIVE,op1,,1,const,,55
p331,,,op2,op1,40,linear7,,20
p331,,,op3,op2,80,squared,,10
p331,,,op4,op3,5,linear3,,45
p331,,,op5,op4,15,linear3,,37.5
p331,,,op6,op5,1,const,,55
p331,,,op7,op6,20,linear7,,30
p331,,,op8,op7,2,sqrt,,55
p332,306.595,INTERACTIVE,op1,,1,const,,55
p332,,,op2,,40,linear7,,20
p332,,,op3,op1;op2,5,linear3,,45
p333,306.595,INTERACTIVE,op1,,1,const,,55
p333,,,op2,op1,5,linear3,,45
p334,306.595,INTERACTIVE,op1,,1,const,,55
p334,,,op2,op1,2,sqrt,,55
p334,,,op3,op2,5,linear3,,45
p334,,,op4,op3,40,linear7,,20
p334,,,op5,op4,20,linear7,,30
p334,,,op6,op5,15,linear3,,37.5
p335,306.595,BATCH_PIPELINE,op1,,1,const,,55
p335,,,op2,op1,15,linear3,,37.5
p335,,,op3,op2,5,linear3,,45
p335,,,op4,op3,20,linear7,,30
p335,,,op5,op4,2,sqrt,,55
p336,306.595,INTERACTIVE,op1,,1,const,,55
p336,,,op2,,40,linear7,,20
p336,,,op3,,1,const,,55
p336,,,op4,,5,linear3,,45
p336,,,op5,,40,linear7,,20
p336,,,op6,op1;op2;op3;op4;op5,5,linear3,,45
p337,306.595,INTERACTIVE,op1,,1,const,,55
p337,,,op2,,1,const,,55
p337,,,op3,,40,linear7,,20
p337,,,op4,op1;op2;op3,15,linear3,,37.5
p338,306.595,QUERY,op1,,15,linear3,,35
p339,306.595,BATCH_PIPELINE,op1,,1,const,,55
p339,,,op2,op1,20,linear7,,30
p339,,,op3,op2,1,const,,55
p339,,,op4,op3,5,linear3,,45
p339,,,op5,op4,2,sqrt,,55
p340,306.595,INTERACTIVE,op1,,1,const,,55
p340,,,op2,op1,15,linear3,,37.5
p340,,,op3,op1,2,sqrt,,55
p341,314.072,INTERACTIVE,op1,,1,const,,55
p341,,,op2,op1,2,sqrt,,55
p341,,,op3,op2,1,const,,55
p341,,,op4,op3,5,linear3,,45
p342,314.072,QUERY,op1,,15,linear3,,35
p343,314.072,INTERACTIVE,op1,,1,const,,55
p343,,,op2,op1,80,squared,,10
p343,,,op3,op2,15,linear3,,37.5
p343,,,op4,op3,20,linear7,,30
p344,314.072,QUERY,op1,,15,linear3,,35
p345,314.072,BATCH_PIPELINE,op1,,1,const,,55
p345,,,op2,,40,linear7,,20
p345,,,op3,,1,const,,55
p345,,,op4,,5,linear3,,45
p345,,,op5,,5,linear3,,45
p345,,,op6,,15,linear3,,37.5
p345,,,op7,,2,sqrt,,55
p345,,,op8,op1;op2;op3;op4;op5;op6;op7,5,linear3,,45
p346,314.072,QUERY,op1,,15,linear3,,35
p347,314.072,INTERACTIVE,op1,,1,const,,55
p347,,,op2,op1,15,linear3,,37.5
p347,,,op3,op2,5,linear3,,45
p347,,,op4,op3,40,linear7,,20
p347,,,op5,op4,15,linear3,,37.5
p347,,,op6,op5,5,linear3,,45
p348,314.072,QUERY,op1,,15,linear3,,35
p349,314.072,INTERACTIVE,op1,,1,const,,55
p349,,,op2,op1,1,const,,55
p349,,,op3,op2,20,linear7,,30
p350,314.072,QUERY,op1,,15,linear3,,35
p351,324.172,QUERY,op1,,15,linear3,,35
p352,324.172,BATCH_PIPELINE,op1,,1,const,,55
p352,,,op2,op1,2,sqrt,,55
p352,,,op3,op2,5,linear3,,45
p352,,,op4,op3,15,linear3,,37.5
p352,,,op5,op4,2,sqrt,,55
p352,,,op6,op5,2,sqrt,,55
p352,,,op7,op6,1,const,,55
p352,,,op8,op7,15,linear3,,37.5
p353,324.172,BATCH_PIPELINE,op1,,1,const,,55
p353,,,op2,op1,15,linear3,,37.5
p353,,,op3,op2,15,linear3,,37.5
p353,,,op4,op3,15,linear3,,37.5
p353,,,op5,op4,15,linear3,,37.5
p353,,,op6,op5,5,linear3,,45
p353,,,op7,op6,80,squared,,10
p353,,,op8,op7,5,linear3,,45
p354,324.172,INTERACTIVE,op1,,1,const,,55
p354,,,op2,op1,1,const,,55
p354,,,op3,op2,40,linear7,,20
p354,,,op4,op3,15,linear3,,37.5
p354,,,op5,op4,2,sqrt,,55
p354,,,op6,op5,40,linear7,,20
p355,324.172,QUERY,op1,,15,linear3,,35
p356,324.172,INTERACTIVE,op1,,1,const,,55
p356,,,op2,op1,15,linear3,,37.5
p356,,,op3,op2,80,squared,,10
p356,,,op4,op3,15,linear3,,37.5
p356,,,op5,op4,15,linear3,,37.5
p356,,,op6,op5,5,linear3,,45
p356,,,op7,op6,20,linear7,,30
p356,,,op8,op7,20,linear7,,30
p357,324.172,INTERACTIVE,op1,,1,const,,55
p357,,,op2,op1,15,linear3,,37.5
p357,,,op3,op2,1,const,,55
p357,,,op4,op3,1,const,,55
p358,324.172,QUERY,op1,,15,linear3,,35
p359,324.172,BATCH_PIPELINE,op1,,1,const,,55
p359,,,op2,op1,40,linear7,,20
p359,,,op3,op2,5,linear3,,45
p359,,,op4,op3,20,linear7,,30
p359,,,op5,op4,5,linear3,,45
p359,,,op6,op5,15,linear3,,37.5
p359,,,op7,op6,20,linear7,,30
p359,,,op8,op7,5,linear3,,45
p360,324.172,QUERY,op1,,15,linear3,,35
p361,330.937,QUERY,op1,,15,linear3,,35
p362,330.937,QUERY,op1,,15,linear3,,35
p363,330.937,QUERY,op1,,15,linear3,,35
p364,330.937,INTERACTIVE,op1,,1,const,,55
p364,,,op2,op1,2,sqrt,,55
p364,,,op3,op2,20,linear7,,30
p364,,,op4,op3,20,linear7,,30
p365,330.937,BATCH_PIPELINE,op1,,1,const,,55
p365,,,op2,op1,1,const,,55
p365,,,op3,op2,40,linear7,,20
p365,,,op4,op3,80,squared,,10
p365,,,op5,op4,15,linear3,,37.5
p366,330.937,BATCH_PIPELINE,op1,,1,const,,55
p366,,,op2,op1,2,sqrt,,55
p366,,,op3,op2,2,sqrt,,55
p366,,,op4,op3,1,const,,55
p366,,,op5,op4,80,squared,,10
p366,,,op6,op5,15,linear3,,37.5
p366,,,op7,op6,15,linear3,,37.5
p367,330.937,INTERACTIVE,op1,,1,const,,55
p367,,,op2,op1,15,linear3,,37.5
p367,,,op3,op2,20,linear7,,30
p367,,,op4,op3,15,linear3,,37.5
p367,,,op5,op4,5,linear3,,45
p368,330.937,QUERY,op1,,15,linear3,,35
p369,330.937,QUERY,op1,,15,linear3,,35
p370,330.937,QUERY,op1,,15,linear3,,35
p371,340.065,QUERY,op1,,15,linear3,,35
p372,340.065,QUERY,op1,,15,linear3,,35
p373,340.065,QUERY,op1,,15,linear3,,35
p374,340.065,QUERY,op1,,15,linear3,,35
p375,340.065,QUERY,op1,,15,linear3,,35
p376,340.065,QUERY,op1,,15,linear3,,35
p377,340.065,QUERY,op1,,15,linear3,,35
p378,340.065,QUERY,op1,,15,linear3,,35
p379,340.065,INTERACTIVE,op1,,1,const,,55
p379,,,op2,op1,15,linear3,,37.5
p379,,,op3,op1,5,linear3,,45
p379,,,op4,op1,5,linear3,,45
p379,,,op5,op1,20,linear7,,30
p379,,,op6,op1,15,linear3,,37.5
p379,,,op7,op1,20,linear7,,30
p380,340.065,BATCH_PIPELINE,op1,,1,const,,55
p380,,,op2,,20,linear7,,30
p380,,,op3,,20,linear7,,30
p380,,,op4,,2,sqrt,,55
p380,,,op5,,1,const,,55
p380,,,op6,,80,squared,,10
p380,,,op7,,15,linear3,,37.5
p380,,,op8,,1,const,,55
p380,,,op9,op1;op2;op3;op4;op5;op6;op7;op8,2,sqrt,,55
p381,350.802,INTERACTIVE,op1,,1,const,,55
p381,,,op2,op1,2,sqrt,,55
p381,,,op3,op2,5,linear3,,45
p381,,,op4,op3,20,linear7,,30
p381,,,op5,op4,20,linear7,,30
p382,350.802,QUERY,op1,,15,linear3,,35
p383,350.802,INTERACTIVE,op1,,1,const,,55
p383,,,op2,op1,15,linear3,,37.5
p383,,,op3,op2,15,linear3,,37.5
p383,,,op4,op3,15,linear3,,37.5
p383,,,op5,op4,20,linear7,,30
p383,,,op6,op5,40,linear7,,20
p384,350.802,QUERY,op1,,15,linear3,,35
p385,350.802,INTERACTIVE,op1,,1,const,,55
p385,,,op2,op1,15,linear3,,37.5
p385,,,op3,op2,15,linear3,,37.5
p385,,,op4,op3,80,squared,,10
p386,350.802,INTERACTIVE,op1,,1,const,,55
p386,,,op2,,15,linear3,,37.5
p386,,,op3,,80,squared,,10
p386,,,op4,,5,linear3,,45
p386,,,op5,,20,linear7,,30
p386,,,op6,op1;op2;op3;op4;op5,5,linear3,,45
p387,350.802,QUERY,op1,,15,linear3,,35
p388,350.802,INTERACTIVE,op1,,1,const,,55
p388,,,op2,,80,squared,,10
p388,,,op3,,15,linear3,,37.5
p388,,,op4,,5,linear3,,45
p388,,,op5,,80,squared,,10
p388,,,op6,,20,linear7,,30
p388,,,op7,op1;op2;op3;op4;op5;op6,5,linear3,,45
p389,350.802,QUERY,op1,,15,linear3,,35
p390,350.802,INTERACTIVE,op1,,1,const,,55
p390,,,op2,op1,15,linear3,,37.5
p390,,,op3,op2,15,linear3,,37.5
p390,,,op4,op3,40,linear7,,20
p390,,,op5,op4,2,sqrt,,55
p390,,,op6,op5,2,sqrt,,55
p390,,,op7,op6,20,linear7,,30
p391,361.15500000000003,QUERY,op1,,15,linear3,,35
p392,361.15500000000003,INTERACTIVE,op1,,1,const,,55
p392,,,op2,op1,5,linear3,,45
p392,,,op3,op2,2,sqrt,,55
p392,,,op4,op3,80,squared,,10
p392,,,op5,op4,20,linear7,,30
p392,,,op6,op5,20,linear7,,30
p392,,,op7,op6,80,squared,,10
p393,361.15500000000003,QUERY,op1,,15,linear3,,35
p394,361.15500000000003,BATCH_PIPELINE,op1,,1,const,,55
p394,,,op2,op1,2,sqrt,,55
p394,,,op3,op2,2,sqrt,,55
p394,,,op4,op3,5,linear3,,45
p394,,,op5,op4,1,const,,55
p394,,,op6,op5,15,linear3,,37.5
p395,361.15500000000003,QUERY,op1,,15,linear3,,35
p396,361.15500000000003,INTERACTIVE,op1,,1,const,,55
p396,,,op2,op1,5,linear3,,45
p396,,,op3,op2,80,squared,,10
p396,,,op4,op3,20,linear7,,30
p396,,,op5,op4,1,const,,55
p396,,,op6,op5,2,sqrt,,55
p397,361.15500000000003,INTERACTIVE,op1,,1,const,,55
p397,,,op2,op1,5,linear3,,45
p397,,,op3,op2,80,squared,,10
p397,,,op4,op3,20,linear7,,30
p397,,,op5,op4,40,linear7,,20
p397,,,op6,op5,2,sqrt,,55
p398,361.15500000000003,QUERY,op1,,15,linear3,,35
p399,361.15500000000003,QUERY,op1,,15,linear3,,35
p400,361.15500000000003,QUERY,op1,,15,linear3,,35
p401,365.979,QUERY,op1,,15,linear3,,35
p402,365.979,INTERACTIVE,op1,,1,const,,55
p402,,,op2,op1,5,linear3,,45
p402,,,op3,op2,15,linear3,,37.5
p402,,,op4,op3,15,linear3,,37.5
p402,,,op5,op4,20,linear7,,30
p403,365.979,BATCH_PIPELINE,op1,,1,const,,55
p403,,,op2,op1,20,linear7,,30
p403,,,op3,op1,20,linear7,,30
p403,,,op4,op1,5,linear3,,45
p403,,,op5,op1,20,linear7,,30
p403,,,op6,op1,40,linear7,,20
p403,,,op7,op1,40,linear7,,20
p404,365.979,QUERY,op1,,15,linear3,,35
p405,365.979,INTERACTIVE,op1,,1,const,,55
p405,,,op2,,15,linear3,,37.5
p405,,,op3,,5,linear3,,45
p405,,,op4,,1,const,,55
p405,,,op5,,15,linear3,,37.5
p405,,,op6,op1;op2;op3;op4;op5,5,linear3,,45
p406,365.979,INTERACTIVE,op1,,1,const,,55
p406,,,op2,op1,20,linear7,,30
p406,,,op3,op1,15,linear3,,37.5
p406,,,op4,op1,20,linear7,,30
p407,365.979,BATCH_PIPELINE,op1,,1,const,,55
p407,,,op2,op1,2,sqrt,,55
p407,,,op3,op2,1,const,,55
p407,,,op4,op3,80,squared,,10
p407,,,op5,op4,2,sqrt,,55
p407,,,op6,op5,2,sqrt,,55
p407,,,op7,op6,15,linear3,,37.5
p407,,,op8,op7,15,linear3,,37.5
p408,365.979,QUERY,op1,,15,linear3,,35
p409,365.979,QUERY,op1,,15,linear3,,35
p410,365.979,BATCH_PIPELINE,op1,,1,const,,55
p410,,,op2,op1,40,linear7,,20
p410,,,op3,op2,20,linear7,,30
p410,,,op4,op3,2,sqrt,,55
p410,,,op5,op4,1,const,,55
p410,,,op6,op5,2,sqrt,,55
p411,374.856,INTERACTIVE,op1,,1,const,,55
p411,,,op2,,20,linear7,,30
p411,,,op3,,1,const,,55
p411,,,op4,op1;op2;op3,40,linear7,,20
p412,374.856,QUERY,op1,,15,linear3,,35
p413,374.856,INTERACTIVE,op1,,1,const,,55
p413,,,op2,op1,20,linear7,,30
p413,,,op3,op2,1,const,,55
p413,,,op4,op3,5,linear3,,45
p413,,,op5,op4,15,linear3,,37.5
p413,,,op6,op5,15,linear3,,37.5
p414,374.856,QUERY,op1,,15,linear3,,35
p415,374.856,QUERY,op1,,15,linear3,,35
p416,374.856,QUERY,op1,,15,linear3,,35
p417,374.856,INTERACTIVE,op1,,1,const,,55
p417,,,op2,op1,20,linear7,,30
p417,,,op3,op1,2,sqrt,,55
p418,374.856,INTERACTIVE,op1,,1,const,,55
p418,,,op2,op1,1,const,,55
p418,,,op3,op2,2,sqrt,,55
p418,,,op4,op3,80,squared,,10
p418,,,op5,op4,5,linear3,,45
p418,,,op6,op5,1,const,,55
p418,,,op7,op6,80,squared,,10
p419,374.856,QUERY,op1,,15,linear3,,35
p420,374.856,BATCH_PIPELINE,op1,,1,const,,55
p420,,,op2,op1,15,linear3,,37.5
p420,,,op3,op2,20,linear7,,30
p420,,,op4,op3,80,squared,,10
p420,,,op5,op4,40,linear7,,20
p420,,,op6,op5,1,const,,55
p420,,,op7,op6,20,linear7,,30
p420,,,op8,op7,40,linear7,,20
p421,386.563,QUERY,op1,,15,linear3,,35
p422,386.563,INTERACTIVE,op1,,1,const,,55
p422,,,op2,op1,5,linear3,,45
p422,,,op3,op1,5,linear3,,45
p422,,,op4,op1,5,linear3,,45
p422,,,op5,op1,5,linear3,,45
p422,,,op6,op1,2,sqrt,,55
p422,,,op7,op1,1,const,,55
p423,386.563,INTERACTIVE,op1,,1,const,,55
p423,,,op2,,80,squared,,10
p423,,,op3,,15,linear3,,37.5
p423,,,op4,,80,squared,,10
p423,,,op5,,20,linear7,,30
p423,,,op6,op1;op2;op3;op4;op5,40,linear7,,20
p424,386.563,QUERY,op1,,15,linear3,,35
p425,386.563,INTERACTIVE,op1,,1,const,,55
p425,,,op2,op1,20,linear7,,30
p425,,,op3,op2,15,linear3,,37.5
p425,,,op4,op3,20,linear7,,30
p425,,,op5,op4,80,squared,,10
p425,,,op6,op5,15,linear3,,37.5
p426,386.563,INTERACTIVE,op1,,1,const,,55
p426,,,op2,op1,15,linear3,,37.5
p426,,,op3,op2,1,const,,55
p426,,,op4,op3,20,linear7,,30
p426,,,op5,op4,1,const,,55
p426,,,op6,op5,80,squared,,10
p426,,,op7,op6,15,linear3,,37.5
p427,386.563,INTERACTIVE,op1,,1,const,,55
p427,,,op2,op1,20,linear7,,30
p427,,,op3,op2,15,linear3,,37.5
p427,,,op4,op3,5,linear3,,45
p428,386.563,INTERACTIVE,op1,,1,const,,55
p428,,,op2,op1,40,linear7,,20
p428,,,op3,op2,40,linear7,,20
p428,,,op4,op3,80,squared,,10
p428,,,op5,op4,15,linear3,,37.5
p428,,,op6,op5,1,const,,55
p428,,,op7,op6,15,linear3,,37.5
p428,,,op8,op7,40,linear7,,20
p428,,,op9,op8,2,sqrt,,55
p428,,,op10,op9,15,linear3,,37.5
p429,386.563,QUERY,op1,,15,linear3,,35
p430,386.563,QUERY,op1,,15,linear3,,35
p431,397.25,INTERACTIVE,op1,,1,const,,55
p431,,,op2,,15,linear3,,37.5
p431,,,op3,,2,sqrt,,55
p431,,,op4,,1,const,,55
p431,,,op5,,15,linear3,,37.5
p431,,,op6,op1;op2;op3;op4;op5,20,linear7,,30
p432,397.25,QUERY,op1,,15,linear3,,35
p433,397.25,BATCH_PIPELINE,op1,,1,const,,55
p433,,,op2,op1,5,linear3,,45
p433,,,op3,op1,20,linear7,,30
p433,,,op4,op1,80,squared,,10
p433,,,op5,op1,80,squared,,10
p433,,,op6,op1,40,linear7,,20
p433,,,op7,op1,5,linear3,,45
p433,,,op8,op1,2,sqrt,,55
p433,,,op9,op1,20,linear7,,30
p433,,,op10,op1,1,const,,55
p433,,,op11,op1,5,linear3,,45
p434,397.25,INTERACTIVE,op1,,1,const,,55
p434,,,op2,op1,1,const,,55
p434,,,op3,op1,20,linear7,,30
p434,,,op4,op1,5,linear3,,45
p434,,,op5,op1,15,linear3,,37.5
p434,,,op6,op1,15,linear3,,37.5
p434,,,op7,op1,15,linear3,,37.5
p434,,,op8,op1,40,linear7,,20
p435,397.25,INTERACTIVE,op1,,1,const,,55
p435,,,op2,op1,5,linear3,,45
p435,,,op3,op2,1,const,,55
p435,,,op4,op3,20,linear7,,30
p435,,,op5,op4,40,linear7,,20
p436,397.25,INTERACTIVE,op1,,1,const,,55
p436,,,op2,op1,1,const,,55
p436,,,op3,op2,20,linear7,,30
p437,397.25,INTERACTIVE,op1,,1,const,,55
p437,,,op2,op1,15,linear3,,37.5
p437,,,op3,op2,5,linear3,,45
p437,,,op4,op3,20,linear7,,30
p438,397.25,INTERACTIVE,op1,,1,const,,55
p438,,,op2,op1,5,linear3,,45
p438,,,op3,op2,2,sqrt,,55
p438,,,op4,op3,1,const,,55
p438,,,op5,op4,20,linear7,,30
p438,,,op6,op5,5,linear3,,45
p438,,,op7,op6,1,const,,55
p439,397.25,INTERACTIVE,op1,,1,const,,55
p439,,,op2,op1,1,const,,55
p439,,,op3,op2,1,const,,55
p439,,,op4,op3,40,linear7,,20
p440,397.25,INTERACTIVE,op1,,1,const,,55
p440,,,op2,op1,20,linear7,,30
p440,,,op3,op2,1,const,,55
p440,,,op4,op3,1,const,,55
p441,405.619,QUERY,op1,,15,linear3,,35
p442,405.619,QUERY,op1,,15,linear3,,35
p443,405.619,QUERY,op1,,15,linear3,,35
p444,405.619,QUERY,op1,,15,linear3,,35
p445,405.619,QUERY,op1,,15,linear3,,35
p446,405.619,BATCH_PIPELINE,op1,,1,const,,55
p446,,,op2,op1,1,const,,55
p446,,,op3,op2,40,linear7,,20
p446,,,op4,op3,2,sqrt,,55
p446,,,op5,op4,15,linear3,,37.5
p446,,,op6,op5,5,linear3,,45
p446,,,op7,op6,2,sqrt,,55
p447,405.619,QUERY,op1,,15,linear3,,35
p448,405.619,INTERACTIVE,op1,,1,const,,55
p448,,,op2,op1,40,linear7,,20
p448,,,op3,op2,15,linear3,,37.5
p448,,,op4,op3,15,linear3,,37.5
p449,405.619,INTERACTIVE,op1,,1,const,,55
p449,,,op2,op1,40,linear7,,20
p449,,,op3,op2,80,squared,,10
p449,,,op4,op3,5,linear3,,45
p450,405.619,INTERACTIVE,op1,,1,const,,55
p450,,,op2,,5,linear3,,45
p450,,,op3,,5,linear3,,45
p450,,,op4,,20,linear7,,30
p450,,,op5,,2,sqrt,,55
p450,,,op6,,5,linear3,,45
p450,,,op7,op1;op2;op3;op4;op5;op6,15,linear3,,37.5
p451,416.86,INTERACTIVE,op1,,1,const,,55
p451,,,op2,op1,2,sqrt,,55
p451,,,op3,op2,1,const,,55
p452,416.86,QUERY,op1,,15,linear3,,35
p453,416.86,QUERY,op1,,15,linear3,,35
p454,416.86,INTERACTIVE,op1,,1,const,,55
p454,,,op2,op1,80,squared,,10
p454,,,op3,op2,20,linear7,,30
p454,,,op4,op3,15,linear3,,37.5
p455,416.86,BATCH_PIPELINE,op1,,1,const,,55
p455,,,op2,op1,20,linear7,,30
p455,,,op3,op1,2,sqrt,,55
p455,,,op4,op1,15,linear3,,37.5
p455,,,op5,op1,1,const,,55
p455,,,op6,op1,15,linear3,,37.5
p455,,,op7,op1,20,linear7,,30
p456,416.86,QUERY,op1,,15,linear3,,35
p457,416.86,BATCH_PIPELINE,op1,,1,const,,55
p457,,,op2,,15,linear3,,37.5
p457,,,op3,,5,linear3,,45
p457,,,op4,,5,linear3,,45
p457,,,op5,,15,linear3,,37.5
p457,,,op6,op1;op2;op3;op4;op5,20,linear7,,30
p458,416.86,QUERY,op1,,15,linear3,,35
p459,416.86,QUERY,op1,,15,linear3,,35
p460,416.86,INTERACTIVE,op1,,1,const,,55
p460,,,op2,op1,5,linear3,,45
p460,,,op3,op1,40,linear7,,20
p460,,,op4,op1,5,linear3,,45
p460,,,op5,op1,40,linear7,,20
p461,430.834,INTERACTIVE,op1,,1,const,,55
p461,,,op2,op1,80,squared,,10
p462,430.834,QUERY,op1,,15,linear3,,35
p463,430.834,QUERY,op1,,15,linear3,,35
p464,430.834,INTERACTIVE,op1,,1,const,,55
p464,,,op2,op1,40,linear7,,20
p464,,,op3,op2,80,squared,,10
p464,,,op4,op3,20,linear7,,30
p464,,,op5,op4,40,linear7,,20
p464,,,op6,op5,5,linear3,,45
p465,430.834,QUERY,op1,,15,linear3,,35
p466,430.834,QUERY,op1,,15,linear3,,35
p467,430.834,INTERACTIVE,op1,,1,const,,55
p467,,,op2,op1,5,linear3,,45
p467,,,op3,op2,15,linear3,,37.5
p467,,,op4,op3,80,squared,,10
p467,,,op5,op4,20,linear7,,30
p467,,,op6,op5,1,const,,55
p467,,,op7,op6,15,linear3,,37.5
p468,430.834,BATCH_PIPELINE,op1,,1,const,,55
p468,,,op2,,80,squared,,10
p468,,,op3,,20,linear7,,30
p468,,,op4,,15,linear3,,37.5
p468,,,op5,,5,linear3,,45
p468,,,op6,,40,linear7,,20
p468,,,op7,op1;op2;op3;op4;op5;op6,5,linear3,,45
p469,430.834,INTERACTIVE,op1,,1,const,,55
p469,,,op2,,15,linear3,,37.5
p469,,,op3,,15,linear3,,37.5
p469,,,op4,,40,linear7,,20
p469,,,op5,,2,sqrt,,55
p469,,,op6,op1;op2;op3;op4;op5,1,const,,55
p470,430.834,INTERACTIVE,op1,,1,const,,55
p470,,,op2,op1,20,linear7,,30
p470,,,op3,op1,5,linear3,,45
p470,,,op4,op1,40,linear7,,20
p470,,,op5,op1,15,linear3,,37.5
p470,,,op6,op1,5,linear3,,45
p471,439.133,INTERACTIVE,op1,,1,const,,55
p471,,,op2,op1,1,const,,55
p471,,,op3,op2,15,linear3,,37.5
p472,439.133,BATCH_PIPELINE,op1,,1,const,,55
p472,,,op2,,5,linear3,,45
p472,,,op3,op1;op2,1,const,,55
p473,439.133,QUERY,op1,,15,linear3,,35
p474,439.133,BATCH_PIPELINE,op1,,1,const,,55
p474,,,op2,op1,15,linear3,,37.5
p474,,,op3,op1,40,linear7,,20
p474,,,op4,op1,80,squared,,10
p474,,,op5,op1,40,linear7,,20
p474,,,op6,op1,2,sqrt,,55
p474,,,op7,op1,15,linear3,,37.5
p474,,,op8,op1,20,linear7,,30
p474,,,op9,op1,1,const,,55
p474,,,op10,op1,20,linear7,,30
p475,439.133,QUERY,op1,,15,linear3,,35
p476,439.133,QUERY,op1,,15,linear3,,35
p477,439.133,INTERACTIVE,op1,,1,const,,55
p477,,,op2,op1,20,linear7,,30
p477,,,op3,op2,2,sqrt,,55
p477,,,op4,op3,2,sqrt,,55
p477,,,op5,op4,80,squared,,10
p477,,,op6,op5,80,squared,,10
p478,439.133,QUERY,op1,,15,linear3,,35
p479,439.133,INTERACTIVE,op1,,1,const,,55
p479,,,op2,op1,20,linear7,,30
p479,,,op3,op2,40,linear7,,20
p479,,,op4,op3,15,linear3,,37.5
p479,,,op5,op4,80,squared,,10
p480,439.133,INTERACTIVE,op1,,1,const,,55
p480,,,op2,,80,squared,,10
p480,,,op3,,20,linear7,,30
p480,,,op4,,40,linear7,,20
p480,,,op5,,1,const,,55
p480,,,op6,op1;op2;op3;op4;op5,2,sqrt,,55
p481,450.919,QUERY,op1,,15,linear3,,35
p482,450.919,INTERACTIVE,op1,,1,const,,55
p482,,,op2,op1,80,squared,,10
p482,,,op3,op2,15,linear3,,37.5
p482,,,op4,op3,20,linear7,,30
p482,,,op5,op4,40,linear7,,20
p482,,,op6,op5,2,sqrt,,55
p482,,,op7,op6,2,sqrt,,55
p483,450.919,BATCH_PIPELINE,op1,,1,const,,55
p483,,,op2,op1,1,const,,55
p483,,,op3,op2,20,linear7,,30
p483,,,op4,op3,2,sqrt,,55
p483,,,op5,op4,5,linear3,,45
p483,,,op6,op5,1,const,,55
p483,,,op7,op6,2,sqrt,,55
p483,,,op8,op7,15,linear3,,37.5
p483,,,op9,op8,40,linear7,,20
p484,450.919,BATCH_PIPELINE,op1,,1,const,,55
p484,,,op2,op1,2,sqrt,,55
p484,,,op3,op2,80,squared,,10
p484,,,op4,op3,15,linear3,,37.5
p484,,,op5,op4,5,linear3,,45
p484,,,op6,op5,5,linear3,,45
p484,,,op7,op6,40,linear7,,20
p484,,,op8,op7,80,squared,,10
p484,,,op9,op8,2,sqrt,,55
p484,,,op10,op9,15,linear3,,37.5
p484,,,op11,op10,15,linear3,,37.5
p485,450.919,BATCH_PIPELINE,op1,,1,const,,55
p485,,,op2,op1,40,linear7,,20
p485,,,op3,op1,40,linear7,,20
p485,,,op4,op1,5,linear3,,45
p485,,,op5,op1,5,linear3,,45
p485,,,op6,op1,20,linear7,,30
p485,,,op7,op1,5,linear3,,45
p486,450.919,INTERACTIVE,op1,,1,const,,55
p486,,,op2,,2,sqrt,,55
p486,,,op3,,80,squared,,10
p486,,,op4,,15,linear3,,37.5
p486,,,op5,op1;op2;op3;op4,80,squared,,10
p487,450.919,QUERY,op1,,15,linear3,,35
p488,450.919,INTERACTIVE,op1,,1,const,,55
p488,,,op2,op1,1,const,,55
p488,,,op3,op2,80,squared,,10
p488,,,op4,op3,2,sqrt,,55
p488,,,op5,op4,15,linear3,,37.5
p488,,,op6,op5,5,linear3,,45
p488,,,op7,op6,20,linear7,,30
p488,,,op8,op7,2,sqrt,,55
p488,,,op9,op8,15,linear3,,37.5
p489,450.919,BATCH_PIPELINE,op1,,1,const,,55
p489,,,op2,op1,5,linear3,,45
p489,,,op3,op2,1,const,,55
p489,,,op4,op3,5,linear3,,45
p489,,,op5,op4,15,linear3,,37.5
p490,450.919,QUERY,op1,,15,linear3,,35
p491,459.309,QUERY,op1,,15,linear3,,35
p492,459.309,QUERY,op1,,15,linear3,,35
p493,459.309,INTERACTIVE,op1,,1,const,,55
p493,,,op2,op1,20,linear7,,30
p493,,,op3,op2,15,linear3,,37.5
p493,,,op4,op3,20,linear7,,30
p493,,,op5,op4,80,squared,,10
p493,,,op6,op5,20,linear7,,30
p493,,,op7,op6,1,const,,55
p493,,,op8,op7,20,linear7,,30
p494,459.309,QUERY,op1,,15,linear3,,35
p495,459.309,INTERACTIVE,op1,,1,const,,55
p495,,,op2,,1,const,,55
p495,,,op3,,15,linear3,,37.5
p495,,,op4,,1,const,,55
p495,,,op5,,15,linear3,,37.5
p495,,,op6,,80,squared,,10
p495,,,op7,op1;op2;op3;op4;op5;op6,1,const,,55
p496,459.309,BATCH_PIPELINE,op1,,1,const,,55
p496,,,op2,op1,5,linear3,,45
p496,,,op3,op1,40,linear7,,20
p496,,,op4,op1,40,linear7,,20
p496,,,op5,op1,20,linear7,,30
p497,459.309,INTERACTIVE,op1,,1,const,,55
p497,,,op2,op1,40,linear7,,20
p497,,,op3,op1,2,sqrt,,55
p497,,,op4,op1,40,linear7,,20
p497,,,op5,op1,40,linear7,,20
p497,,,op6,op1,20,linear7,,30
p498,459.309,INTERACTIVE,op1,,1,const,,55
p498,,,op2,op1,20,linear7,,30
p498,,,op3,op1,15,linear3,,37.5
p498,,,op4,op1,15,linear3,,37.5
p498,,,op5,op1,40,linear7,,20
p498,,,op6,op1,15,linear3,,37.5
p499,459.309,QUERY,op1,,15,linear3,,35
p500,459.309,INTERACTIVE,op1,,1,const,,55
p500,,,op2,op1,15,linear3,,37.5
p500,,,op3,op2,40,linear7,,20
p500,,,op4,op3,2,sqrt,,55
p500,,,op5,op4,15,linear3,,37.5
p500,,,op6,op5,80,squared,,10
p501,464.407,INTERACTIVE,op1,,1,const,,55
p501,,,op2,op1,2,sqrt,,55
p501,,,op3,op2,15,linear3,,37.5
p501,,,op4,op3,80,squared,,10
p501,,,op5,op4,2,sqrt,,55
p502,464.407,INTERACTIVE,op1,,1,const,,55
p502,,,op2,,5,linear3,,45
p502,,,op3,,15,linear3,,37.5
p502,,,op4,op1;op2;op3,5,linear3,,45
p503,464.407,INTERACTIVE,op1,,1,const,,55
p503,,,op2,op1,80,squared,,10
p503,,,op3,op1,2,sqrt,,55
p503,,,op4,op1,20,linear7,,30
p503,,,op5,op1,2,sqrt,,55
p504,464.407,QUERY,op1,,15,linear3,,35
p505,464.407,QUERY,op1,,15,linear3,,35
p506,464.407,INTERACTIVE,op1,,1,const,,55
p506,,,op2,op1,15,linear3,,37.5
p506,,,op3,op2,40,linear7,,20
p506,,,op4,op3,20,linear7,,30
p506,,,op5,op4,5,linear3,,45
p506,,,op6,op5,1,const,,55
p506,,,op7,op6,15,linear3,,37.5
p507,464.407,INTERACTIVE,op1,,1,const,,55
p507,,,op2,op1,20,linear7,,30
p507,,,op3,op1,40,linear7,,20
p507,,,op4,op1,40,linear7,,20
p508,464.407,BATCH_PIPELINE,op1,,1,const,,55
p508,,,op2,,20,linear7,,30
p508,,,op3,,5,linear3,,45
p508,,,op4,op1;op2;op3,2,sqrt,,55
p509,464.407,INTERACTIVE,op1,,1,const,,55
p509,,,op2,op1,40,linear7,,20
p509,,,op3,op2,40,linear7,,20
p509,,,op4,op3,20,linear7,,30
p509,,,op5,op4,15,linear3,,37.5
p509,,,op6,op5,15,linear3,,37.5
p509,,,op7,op6,5,linear3,,45
p509,,,op8,op7,80,squared,,10
p510,464.407,QUERY,op1,,15,linear3,,35
p511,472.36400000000003,INTERACTIVE,op1,,1,const,,55
p511,,,op2,op1,5,linear3,,45
p511,,,op3,op2,20,linear7,,30
p511,,,op4,op3,40,linear7,,20
p512,472.36400000000003,QUERY,op1,,15,linear3,,35
p513,472.36400000000003,INTERACTIVE,op1,,1,const,,55
p513,,,op2,op1,5,linear3,,45
p513,,,op3,op2,5,linear3,,45
p513,,,op4,op3,80,squared,,10
p513,,,op5,op4,15,linear3,,37.5
p513,,,op6,op5,5,linear3,,45
p514,472.36400000000003,INTERACTIVE,op1,,1,const,,55
p514,,,op2,,5,linear3,,45
p514,,,op3,,20,linear7,,30
p514,,,op4,,15,linear3,,37.5
p514,,,op5,,20,linear7,,30
p514,,,op6,,5,linear3,,45
p514,,,op7,op1;op2;op3;op4;op5;op6,15,linear3,,37.5
p515,472.36400000000003,QUERY,op1,,15,linear3,,35
p516,472.36400000000003,INTERACTIVE,op1,,1,const,,55
p516,,,op2,op1,15,linear3,,37.5
p516,,,op3,op1,80,squared,,10
p516,,,op4,op1,1,const,,55
p517,472.36400000000003,QUERY,op1,,15,linear3,,35
p518,472.36400000000003,QUERY,op1,,15,linear3,,35
p519,472.36400000000003,QUERY,op1,,15,linear3,,35
p520,472.36400000000003,QUERY,op1,,15,linear3,,35
p521,480.545,INTERACTIVE,op1,,1,const,,55
p521,,,op2,op1,5,linear3,,45
p521,,,op3,op2,1,const,,55
p521,,,op4,op3,40,linear7,,20
p521,,,op5,op4,40,linear7,,20
p522,480.545,INTERACTIVE,op1,,1,const,,55
p522,,,op2,op1,20,linear7,,30
p522,,,op3,op2,2,sqrt,,55
p523,480.545,QUERY,op1,,15,linear3,,35
p524,480.545,QUERY,op1,,15,linear3,,35
p525,480.545,BATCH_PIPELINE,op1,,1,const,,55
p525,,,op2,op1,80,squared,,10
p525,,,op3,op2,2,sqrt,,55
p525,,,op4,op3,40,linear7,,20
p525,,,op5,op4,40,linear7,,20
p525,,,op6,op5,2,sqrt,,55
p525,,,op7,op6,20,linear7,,30
p525,,,op8,op7,5,linear3,,45
p525,,,op9,op8,20,linear7,,30
p525,,,op10,op9,15,linear3,,37.5
p525,,,op11,op10,40,linear7,,20
p526,480.545,QUERY,op1,,15,linear3,,35
p527,480.545,INTERACTIVE,op1,,1,const,,55
p527,,,op2,op1,40,linear7,,20
p527,,,op3,op2,5,linear3,,45
p527,,,op4,op3,2,sqrt,,55
p527,,,op5,op4,5,linear3,,45
p527,,,op6,op5,5,linear3,,45
p527,,,op7,op6,40,linear7,,20
p528,480.545,INTERACTIVE,op1,,1,const,,55
p528,,,op2,op1,80,squared,,10
p528,,,op3,op2,20,linear7,,30
p528,,,op4,op3,2,sqrt,,55
p528,,,op5,op4,80,squared,,10
p529,480.545,QUERY,op1,,15,linear3,,35
p530,480.545,QUERY,op1,,15,linear3,,35
p531,488.781,QUERY,op1,,15,linear3,,35
p532,488.781,INTERACTIVE,op1,,1,const,,55
p532,,,op2,op1,80,squared,,10
p532,,,op3,op2,2,sqrt,,55
p532,,,op4,op3,2,sqrt,,55
p532,,,op5,op4,20,linear7,,30
p532,,,op6,op5,80,squared,,10
p533,488.781,BATCH_PIPELINE,op1,,1,const,,55
p533,,,op2,op1,2,sqrt,,55
p533,,,op3,op2,2,sqrt,,55
p533,,,op4,op3,1,const,,55
p533,,,op5,op4,15,linear3,,37.5
p533,,,op6,op5,1,const,,55
p533,,,op7,op6,1,const,,55
p533,,,op8,op7,5,linear3,,45
p533,,,op9,op8,2,sqrt,,55
p534,488.781,QUERY,op1,,15,linear3,,35
p535,488.781,INTERACTIVE,op1,,1,const,,55
p535,,,op2,,40,linear7,,20
p535,,,op3,,15,linear3,,37.5
p535,,,op4,,20,linear7,,30
p535,,,op5,,20,linear7,,30
p535,,,op6,,15,linear3,,37.5
p535,,,op7,op1;op2;op3;op4;op5;op6,5,linear3,,45
p536,488.781,INTERACTIVE,op1,,1,const,,55
p536,,,op2,op1,15,linear3,,37.5
p536,,,op3,op2,5,linear3,,45
p536,,,op4,op3,5,linear3,,45
p537,488.781,QUERY,op1,,15,linear3,,35
p538,488.781,INTERACTIVE,op1,,1,const,,55
p538,,,op2,op1,40,linear7,,20
p538,,,op3,op2,5,linear3,,45
p538,,,op4,op3,1,const,,55
p538,,,op5,op4,40,linear7,,20
p538,,,op6,op5,5,linear3,,45
p539,488.781,INTERACTIVE,op1,,1,const,,55
p539,,,op2,op1,15,linear3,,37.5
p539,,,op3,op1,2,sqrt,,55
p539,,,op4,op1,20,linear7,,30
p539,,,op5,op1,5,linear3,,45
p539,,,op6,op1,80,squared,,10
p540,488.781,BATCH_PIPELINE,op1,,1,const,,55
p540,,,op2,op1,80,squared,,10
p540,,,op3,op2,80,squared,,10
p541,501.901,QUERY,op1,,15,linear3,,35
p542,501.901,QUERY,op1,,15,linear3,,35
p543,501.901,INTERACTIVE,op1,,1,const,,55
p543,,,op2,op1,5,linear3,,45
p543,,,op3,op2,5,linear3,,45
p543,,,op4,op3,40,linear7,,20
p543,,,op5,op4,40,linear7,,20
p543,,,op6,op5,20,linear7,,30
p544,501.901,INTERACTIVE,op1,,1,const,,55
p544,,,op2,op1,40,linear7,,20
p544,,,op3,op2,40,linear7,,20
p544,,,op4,op3,40,linear7,,20
p544,,,op5,op4,5,linear3,,45
p545,501.901,QUERY,op1,,15,linear3,,35
p546,501.901,INTERACTIVE,op1,,1,const,,55
p546,,,op2,,5,linear3,,45
p546,,,op3,,80,squared,,10
p546,,,op4,,80,squared,,10
p546,,,op5,,15,linear3,,37.5
p546,,,op6,,15,linear3,,37.5
p546,,,op7,,15,linear3,,37.5
p546,,,op8,op1;op2;op3;op4;op5;op6;op7,20,linear7,,30
p547,501.901,INTERACTIVE,op1,,1,const,,55
p547,,,op2,,40,linear7,,20
p547,,,op3,,2,sqrt,,55
p547,,,op4,,40,linear7,,20
p547,,,op5,,15,linear3,,37.5
p547,,,op6,op1;op2;op3;op4;op5,1,const,,55
p548,501.901,INTERACTIVE,op1,,1,const,,55
p548,,,op2,op1,15,linear3,,37.5
p548,,,op3,op2,15,linear3,,37.5
p548,,,op4,op3,80,squared,,10
p549,501.901,INTERACTIVE,op1,,1,const,,55
p549,,,op2,,5,linear3,,45
p549,,,op3,,15,linear3,,37.5
p549,,,op4,,1,const,,55
p549,,,op5,op1;op2;op3;op4,80,squared,,10
p550,501.901,INTERACTIVE,op1,,1,const,,55
p550,,,op2,op1,40,linear7,,20
p550,,,op3,op2,15,linear3,,37.5
p550,,,op4,op3,15,linear3,,37.5
p550,,,op5,op4,5,linear3,,45
p550,,,op6,op5,15,linear3,,37.5
p550,,,op7,op6,20,linear7,,30
p550,,,op8,op7,5,linear3,,45
p550,,,op9,op8,15,linear3,,37.5
p551,509.529,QUERY,op1,,15,linear3,,35
p552,509.529,BATCH_PIPELINE,op1,,1,const,,55
p552,,,op2,op1,15,linear3,,37.5
p552,,,op3,op2,1,const,,55
p552,,,op4,op3,5,linear3,,45
p552,,,op5,op4,15,linear3,,37.5
p552,,,op6,op5,80,squared,,10
p552,,,op7,op6,15,linear3,,37.5
p552,,,op8,op7,40,linear7,,20
p552,,,op9,op8,20,linear7,,30
p552,,,op10,op9,80,squared,,10
p552,,,op11,op10,15,linear3,,37.5
p553,509.529,QUERY,op1,,15,linear3,,35
p554,509.529,INTERACTIVE,op1,,1,const,,55
p554,,,op2,op1,80,squared,,10
p554,,,op3,op2,40,linear7,,20
p554,,,op4,op3,5,linear3,,45
p555,509.529,BATCH_PIPELINE,op1,,1,const,,55
p555,,,op2,,1,const,,55
p555,,,op3,,5,linear3,,45
p555,,,op4,,5,linear3,,45
p555,,,op5,,1,const,,55
p555,,,op6,,40,linear7,,20
p555,,,op7,,5,linear3,,45
p555,,,op8,,20,linear7,,30
p555,,,op9,op1;op2;op3;op4;op5;op6;op7;op8,80,squared,,10
p556,509.529,INTERACTIVE,op1,,1,const,,55
p556,,,op2,,40,linear7,,20
p556,,,op3,,5,linear3,,45
p556,,,op4,,5,linear3,,45
p556,,,op5,op1;op2;op3;op4,40,linear7,,20
p557,509.529,BATCH_PIPELINE,op1,,1,const,,55
p557,,,op2,op1,80,squared,,10
p557,,,op3,op1,20,linear7,,30
p558,509.529,QUERY,op1,,15,linear3,,35
p559,509.529,QUERY,op1,,15,linear3,,35
p560,509.529,QUERY,op1,,15,linear3,,35
p561,517.304,BATCH_PIPELINE,op1,,1,const,,55
p561,,,op2,op1,15,linear3,,37.5
p561,,,op3,op1,15,linear3,,37.5
p561,,,op4,op1,20,linear7,,30
p561,,,op5,op1,1,const,,55
p562,517.304,INTERACTIVE,op1,,1,const,,55
p562,,,op2,op1,15,linear3,,37.5
p562,,,op3,op1,15,linear3,,37.5
p562,,,op4,op1,2,sqrt,,55
p562,,,op5,op1,15,linear3,,37.5
p562,,,op6,op1,80,squared,,10
p562,,,op7,op1,15,linear3,,37.5
p563,517.304,QUERY,op1,,15,linear3,,35
p564,517.304,INTERACTIVE,op1,,1,const,,55
p564,,,op2,op1,20,linear7,,30
p564,,,op3,op2,20,linear7,,30
p564,,,op4,op3,40,linear7,,20
p564,,,op5,op4,80,squared,,10
p564,,,op6,op5,40,linear7,,20
p565,517.304,QUERY,op1,,15,linear3,,35
p566,517.304,INTERACTIVE,op1,,1,const,,55
p566,,,op2,op1,2,sqrt,,55
p566,,,op3,op2,5,linear3,,45
p566,,,op4,op3,5,linear3,,45
p566,,,op5,op4,5,linear3,,45
p567,517.304,QUERY,op1,,15,linear3,,35
p568,517.304,INTERACTIVE,op1,,1,const,,55
p568,,,op2,,15,linear3,,37.5
p568,,,op3,,15,linear3,,37.5
p568,,,op4,,15,linear3,,37.5
p568,,,op5,,20,linear7,,30
p568,,,op6,op1;op2;op3;op4;op5,20,linear7,,30
p569,517.304,BATCH_PIPELINE,op1,,1,const,,55
p569,,,op2,,15,linear3,,37.5
p569,,,op3,,1,const,,55
p569,,,op4,,20,linear7,,30
p569,,,op5,,40,linear7,,20
p569,,,op6,op1;op2;op3;op4;op5,2,sqrt,,55
p570,517.304,QUERY,op1,,15,linear3,,35
p571,522.422,QUERY,op1,,15,linear3,,35
p572,522.422,QUERY,op1,,15,linear3,,35
p573,522.422,QUERY,op1,,15,linear3,,35
p574,522.422,QUERY,op1,,15,linear3,,35
p575,522.422,QUERY,op1,,15,linear3,,35
p576,522.422,QUERY,op1,,15,linear3,,35
p577,522.422,BATCH_PIPELINE,op1,,1,const,,55
p577,,,op2,op1,2,sqrt,,55
p577,,,op3,op1,15,linear3,,37.5
p577,,,op4,op1,40,linear7,,20
p577,,,op5,op1,40,linear7,,20
p577,,,op6,op1,2,sqrt,,55
p577,,,op7,op1,40,linear7,,20
p577,,,op8,op1,2,sqrt,,55
p577,,,op9,op1,80,squared,,10
p578,522.422,INTERACTIVE,op1,,1,const,,55
p578,,,op2,op1,80,squared,,10
p578,,,op3,op2,20,linear7,,30
p578,,,op4,op3,2,sqrt,,55
p578,,,op5,op4,5,linear3,,45
p578,,,op6,op5,40,linear7,,20
p578,,,op7,op6,40,linear7,,20
p579,522.422,QUERY,op1,,15,linear3,,35
p580,522.422,INTERACTIVE,op1,,1,const,,55
p580,,,op2,op1,2,sqrt,,55
p580,,,op3,op2,2,sqrt,,55
p580,,,op4,op3,20,linear7,,30
p580,,,op5,op4,80,squared,,10
p580,,,op6,op5,80,squared,,10
p580,,,op7,op6,40,linear7,,20
p581,532.069,QUERY,op1,,15,linear3,,35
p582,532.069,QUERY,op1,,15,linear3,,35
p583,532.069,QUERY,op1,,15,linear3,,35
p584,532.069,INTERACTIVE,op1,,1,const,,55
p584,,,op2,op1,15,linear3,,37.5
p584,,,op3,op2,20,linear7,,30
p584,,,op4,op3,20,linear7,,30
p585,532.069,QUERY,op1,,15,linear3,,35
p586,532.069,BATCH_PIPELINE,op1,,1,const,,55
p586,,,op2,op1,2,sqrt,,55
p586,,,op3,op1,15,linear3,,37.5
p586,,,op4,op1,20,linear7,,30
p586,,,op5,op1,2,sqrt,,55
p586,,,op6,op1,15,linear3,,37.5
p586,,,op7,op1,2,sqrt,,55
p587,532.069,QUERY,op1,,15,linear3,,35
p588,532.069,QUERY,op1,,15,linear3,,35
p589,532.069,QUERY,op1,,15,linear3,,35
p590,532.069,INTERACTIVE,op1,,1,const,,55
p590,,,op2,op1,15,linear3,,37.5
p590,,,op3,op2,80,squared,,10
p590,,,op4,op3,15,linear3,,37.5
p590,,,op5,op4,20,linear7,,30
p590,,,op6,op5,5,linear3,,45
p591,541.907,BATCH_PIPELINE,op1,,1,const,,55
p591,,,op2,op1,15,linear3,,37.5
p591,,,op3,op2,15,linear3,,37.5
p591,,,op4,op3,2,sqrt,,55
p591,,,op5,op4,20,linear7,,30
p591,,,op6,op5,5,linear3,,45
p591,,,op7,op6,2,sqrt,,55
p592,541.907,INTERACTIVE,op1,,1,const,,55
p592,,,op2,op1,1,const,,55
p592,,,op3,op2,5,linear3,,45
p592,,,op4,op3,15,linear3,,37.5
p592,,,op5,op4,20,linear7,,30
p592,,,op6,op5,20,linear7,,30
p592,,,op7,op6,20,linear7,,30
p592,,,op8,op7,5,linear3,,45
p592,,,op9,op8,20,linear7,,30
p592,,,op10,op9,2,sqrt,,55
p593,541.907,BATCH_PIPELINE,op1,,1,const,,55
p593,,,op2,op1,40,linear7,,20
p593,,,op3,op2,20,linear7,,30
p593,,,op4,op3,40,linear7,,20
p593,,,op5,op4,15,linear3,,37.5
p593,,,op6,op5,20,linear7,,30
p594,541.907,BATCH_PIPELINE,op1,,1,const,,55
p594,,,op2,op1,20,linear7,,30
p594,,,op3,op2,15,linear3,,37.5
p594,,,op4,op3,2,sqrt,,55
p594,,,op5,op4,1,const,,55
p594,,,op6,op5,2,sqrt,,55
p594,,,op7,op6,20,linear7,,30
p594,,,op8,op7,20,linear7,,30
p594,,,op9,op8,1,const,,55
p595,541.907,INTERACTIVE,op1,,1,const,,55
p595,,,op2,op1,1,const,,55
p595,,,op3,op2,1,const,,55
p595,,,op4,op3,2,sqrt,,55
p596,541.907,INTERACTIVE,op1,,1,const,,55
p596,,,op2,op1,40,linear7,,20
p596,,,op3,op2,1,const,,55
p596,,,op4,op3,15,linear3,,37.5
p597,541.907,INTERACTIVE,op1,,1,const,,55
p597,,,op2,,40,linear7,,20
p597,,,op3,,5,linear3,,45
p597,,,op4,,40,linear7,,20
p597,,,op5,op1;op2;op3;op4,20,linear7,,30
p598,541.907,INTERACTIVE,op1,,1,const,,55
p598,,,op2,op1,40,linear7,,20
p598,,,op3,op2,5,linear3,,45
p598,,,op4,op3,15,linear3,,37.5
p598,,,op5,op4,15,linear3,,37.5
p598,,,op6,op5,40,linear7,,20
p599,541.907,QUERY,op1,,15,linear3,,35
p600,541.907,INTERACTIVE,op1,,1,const,,55
p600,,,op2,,80,squared,,10
p600,,,op3,,80,squared,,10
p600,,,op4,,40,linear7,,20
p600,,,op5,,80,squared,,10
p600,,,op6,op1;op2;op3;op4;op5,15,linear3,,37.5
p601,547.169,INTERACTIVE,op1,,1,const,,55
p601,,,op2,op1,2,sqrt,,55
p601,,,op3,op1,15,linear3,,37.5
p601,,,op4,op1,20,linear7,,30
p601,,,op5,op1,1,const,,55
p601,,,op6,op1,5,linear3,,45
p602,547.169,INTERACTIVE,op1,,1,const,,55
p602,,,op2,op1,5,linear3,,45
p602,,,op3,op1,20,linear7,,30
p602,,,op4,op1,40,linear7,,20
p603,547.169,QUERY,op1,,15,linear3,,35
p604,547.169,QUERY,op1,,15,linear3,,35
p605,547.169,INTERACTIVE,op1,,1,const,,55
p605,,,op2,op1,20,linear7,,30
p605,,,op3,op2,20,linear7,,30
p605,,,op4,op3,20,linear7,,30
p605,,,op5,op4,20,linear7,,30
p605,,,op6,op5,2,sqrt,,55
p605,,,op7,op6,1,const,,55
p606,547.169,BATCH_PIPELINE,op1,,1,const,,55
p606,,,op2,,15,linear3,,37.5
p606,,,op3,,1,const,,55
p606,,,op4,,40,linear7,,20
p606,,,op5,,5,linear3,,45
p606,,,op6,,15,linear3,,37.5
p606,,,op7,,2,sqrt,,55
p606,,,op8,op1;op2;op3;op4;op5;op6;op7,80,squared,,10
p607,547.169,QUERY,op1,,15,linear3,,35
p608,547.169,INTERACTIVE,op1,,1,const,,55
p608,,,op2,op1,20,linear7,,30
p608,,,op3,op2,80,squared,,10
p608,,,op4,op3,5,linear3,,45
p608,,,op5,op4,20,linear7,,30
p608,,,op6,op5,1,const,,55
p609,547.169,INTERACTIVE,op1,,1,const,,55
p609,,,op2,,40,linear7,,20
p609,,,op3,,5,linear3,,45
p609,,,op4,,15,linear3,,37.5
p609,,,op5,op1;op2;op3;op4,5,linear3,,45
p610,547.169,QUERY,op1,,15,linear3,,35
p611,553.623,QUERY,op1,,15,linear3,,35
p612,553.623,INTERACTIVE,op1,,1,const,,55
p612,,,op2,op1,80,squared,,10
p612,,,op3,op2,40,linear7,,20
p612,,,op4,op3,5,linear3,,45
p613,553.623,QUERY,op1,,15,linear3,,35
p614,553.623,QUERY,op1,,15,linear3,,35
p615,553.623,INTERACTIVE,op1,,1,const,,55
p615,,,op2,op1,5,linear3,,45
p615,,,op3,op2,2,sqrt,,55
p616,553.623,INTERACTIVE,op1,,1,const,,55
p616,,,op2,op1,20,linear7,,30
p616,,,op3,op2,5,linear3,,45
p616,,,op4,op3,20,linear7,,30
p616,,,op5,op4,20,linear7,,30
p616,,,op6,op5,15,linear3,,37.5
p617,553.623,INTERACTIVE,op1,,1,const,,55
p617,,,op2,op1,80,squared,,10
p617,,,op3,op1,40,linear7,,20
p617,,,op4,op1,40,linear7,,20
p617,,,op5,op1,80,squared,,10
p617,,,op6,op1,20,linear7,,30
p618,553.623,INTERACTIVE,op1,,1,const,,55
p618,,,op2,op1,5,linear3,,45
p618,,,op3,op2,5,linear3,,45
p618,,,op4,op3,20,linear7,,30
p618,,,op5,op4,15,linear3,,37.5
p618,,,op6,op5,15,linear3,,37.5
p618,,,op7,op6,40,linear7,,20
p619,553.623,BATCH_PIPELINE,op1,,1,const,,55
p619,,,op2,,40,linear7,,20
p619,,,op3,,20,linear7,,30
p619,,,op4,,1,const,,55
p619,,,op5,,5,linear3,,45
p619,,,op6,,15,linear3,,37.5
p619,,,op7,op1;op2;op3;op4;op5;op6,20,linear7,,30
p620,553.623,BATCH_PIPELINE,op1,,1,const,,55
p620,,,op2,op1,15,linear3,,37.5
p620,,,op3,op1,2,sqrt,,55
p620,,,op4,op1,5,linear3,,45
p620,,,op5,op1,15,linear3,,37.5
p620,,,op6,op1,15,linear3,,37.5
p620,,,op7,op1,1,const,,55
p620,,,op8,op1,5,linear3,,45
p621,562.75,INTERACTIVE,op1,,1,const,,55
p621,,,op2,op1,2,sqrt,,55
p621,,,op3,op2,1,const,,55
p621,,,op4,op3,5,linear3,,45
p621,,,op5,op4,40,linear7,,20
p622,562.75,BATCH_PIPELINE,op1,,1,const,,55
p622,,,op2,op1,5,linear3,,45
p622,,,op3,op2,15,linear3,,37.5
p622,,,op4,op3,15,linear3,,37.5
p622,,,op5,op4,20,linear7,,30
p622,,,op6,op5,2,sqrt,,55
p622,,,op7,op6,15,linear3,,37.5
p622,,,op8,op7,20,linear7,,30
p622,,,op9,op8,20,linear7,,30
p623,562.75,INTERACTIVE,op1,,1,const,,55
p623,,,op2,op1,5,linear3,,45
p623,,,op3,op1,5,linear3,,45
p623,,,op4,op1,2,sqrt,,55
p623,,,op5,op1,15,linear3,,37.5
p624,562.75,QUERY,op1,,15,linear3,,35
p625,562.75,INTERACTIVE,op1,,1,const,,55
p625,,,op2,op1,20,linear7,,30
p625,,,op3,op2,2,sqrt,,55
p625,,,op4,op3,15,linear3,,37.5
p625,,,op5,op4,15,linear3,,37.5
p625,,,op6,op5,20,linear7,,30
p626,562.75,INTERACTIVE,op1,,1,const,,55
p626,,,op2,,1,const,,55
p626,,,op3,,5,linear3,,45
p626,,,op4,,15,linear3,,37.5
p626,,,op5,op1;op2;op3;op4,5,linear3,,45
p627,562.75,BATCH_PIPELINE,op1,,1,const,,55
p627,,,op2,op1,5,linear3,,45
p627,,,op3,op1,15,linear3,,37.5
p627,,,op4,op1,15,linear3,,37.5
p627,,,op5,op1,80,squared,,10
p627,,,op6,op1,2,sqrt,,55
p627,,,op7,op1,15,linear3,,37.5
p628,562.75,QUERY,op1,,15,linear3,,35
p629,562.75,INTERACTIVE,op1,,1,const,,55
p629,,,op2,op1,5,linear3,,45
p629,,,op3,op2,2,sqrt,,55
p629,,,op4,op3,1,const,,55
p629,,,op5,op4,5,linear3,,45
p630,562.75,INTERACTIVE,op1,,1,const,,55
p630,,,op2,op1,2,sqrt,,55
p630,,,op3,op2,15,linear3,,37.5
p630,,,op4,op3,1,const,,55
p630,,,op5,op4,5,linear3,,45
p630,,,op6,op5,20,linear7,,30
p631,573.607,INTERACTIVE,op1,,1,const,,55
p631,,,op2,,2,sqrt,,55
p631,,,op3,,40,linear7,,20
p631,,,op4,,80,squared,,10
p631,,,op5,,20,linear7,,30
p631,,,op6,,15,linear3,,37.5
p631,,,op7,op1;op2;op3;op4;op5;op6,1,const,,55
p632,573.607,INTERACTIVE,op1,,1,const,,55
p632,,,op2,,2,sqrt,,55
p632,,,op3,,15,linear3,,37.5
p632,,,op4,,15,linear3,,37.5
p632,,,op5,,40,linear7,,20
p632,,,op6,op1;op2;op3;op4;op5,15,linear3,,37.5
p633,573.607,INTERACTIVE,op1,,1,const,,55
p633,,,op2,op1,40,linear7,,20
p633,,,op3,op2,2,sqrt,,55
p633,,,op4,op3,80,squared,,10
p633,,,op5,op4,20,linear7,,30
p633,,,op6,op5,20,linear7,,30
p634,573.607,QUERY,op1,,15,linear3,,35
p635,573.607,BATCH_PIPELINE,op1,,1,const,,55
p635,,,op2,op1,80,squared,,10
p635,,,op3,op1,5,linear3,,45
p635,,,op4,op1,15,linear3,,37.5
p635,,,op5,op1,1,const,,55
p635,,,op6,op1,20,linear7,,30
p635,,,op7,op1,2,sqrt,,55
p635,,,op8,op1,15,linear3,,37.5
p635,,,op9,op1,5,linear3,,45
p636,573.607,BATCH_PIPELINE,op1,,1,const,,55
p636,,,op2,op1,15,linear3,,37.5
p636,,,op3,op2,5,linear3,,45
p636,,,op4,op3,40,linear7,,20
p636,,,op5,op4,5,linear3,,45
p636,,,op6,op5,5,linear3,,45
p636,,,op7,op6,40,linear7,,20
p636,,,op8,op7,5,linear3,,45
p636,,,op9,op8,15,linear3,,37.5
p636,,,op10,op9,1,const,,55
p636,,,op11,op10,20,linear7,,30
p637,573.607,INTERACTIVE,op1,,1,const,,55
p637,,,op2,op1,2,sqrt,,55
p637,,,op3,op2,20,linear7,,30
p637,,,op4,op3,2,sqrt,,55
p637,,,op5,op4,15,linear3,,37.5
p637,,,op6,op5,40,linear7,,20
p637,,,op7,op6,15,linear3,,37.5
p638,573.607,QUERY,op1,,15,linear3,,35
p639,573.607,QUERY,op1,,15,linear3,,35
p640,573.607,INTERACTIVE,op1,,1,const,,55
p640,,,op2,op1,80,squared,,10
p640,,,op3,op1,1,const,,55
p640,,,op4,op1,80,squared,,10
p640,,,op5,op1,40,linear7,,20
p640,,,op6,op1,1,const,,55
p641,581.9250000000001,QUERY,op1,,15,linear3,,35
p642,581.9250000000001,INTERACTIVE,op1,,1,const,,55
p642,,,op2,op1,1,const,,55
p642,,,op3,op1,15,linear3,,37.5
p642,,,op4,op1,40,linear7,,20
p643,581.9250000000001,INTERACTIVE,op1,,1,const,,55
p643,,,op2,op1,40,linear7,,20
p643,,,op3,op2,80,squared,,10
p643,,,op4,op3,40,linear7,,20
p643,,,op5,op4,40,linear7,,20
p644,581.9250000000001,BATCH_PIPELINE,op1,,1,const,,55
p644,,,op2,,5,linear3,,45
p644,,,op3,,1,const,,55
p644,,,op4,,2,sqrt,,55
p644,,,op5,,5,linear3,,45
p644,,,op6,,15,linear3,,37.5
p644,,,op7,,80,squared,,10
p644,,,op8,op1;op2;op3;op4;op5;op6;op7,15,linear3,,37.5
p645,581.9250000000001,INTERACTIVE,op1,,1,const,,55
p645,,,op2,,20,linear7,,30
p645,,,op3,,15,linear3,,37.5
p645,,,op4,,80,squared,,10
p645,,,op5,,20,linear7,,30
p645,,,op6,,2,sqrt,,55
p645,,,op7,op1;op2;op3;op4;op5;op6,15,linear3,,37.5
p646,581.9250000000001,INTERACTIVE,op1,,1,const,,55
p646,,,op2,op1,20,linear7,,30
p646,,,op3,op2,2,sqrt,,55
p646,,,op4,op3,20,linear7,,30
p646,,,op5,op4,1,const,,55
p647,581.9250000000001,QUERY,op1,,15,linear3,,35
p648,581.9250000000001,BATCH_PIPELINE,op1,,1,const,,55
p648,,,op2,op1,20,linear7,,30
p648,,,op3,op2,15,linear3,,37.5
p648,,,op4,op3,15,linear3,,37.5
p648,,,op5,op4,20,linear7,,30
p648,,,op6,op5,2,sqrt,,55
p648,,,op7,op6,15,linear3,,37.5
p648,,,op8,op7,5,linear3,,45
p649,581.9250000000001,QUERY,op1,,15,linear3,,35
p650,581.9250000000001,QUERY,op1,,15,linear3,,35
p651,594.4540000000001,INTERACTIVE,op1,,1,const,,55
p651,,,op2,op1,15,linear3,,37.5
p651,,,op3,op2,80,squared,,10
p651,,,op4,op3,15,linear3,,37.5
p652,594.4540000000001,QUERY,op1,,15,linear3,,35
p653,594.4540000000001,QUERY,op1,,15,linear3,,35
p654,594.4540000000001,QUERY,op1,,15,linear3,,35
p655,594.4540000000001,BATCH_PIPELINE,op1,,1,const,,55
p655,,,op2,op1,20,linear7,,30
p655,,,op3,op2,2,sqrt,,55
p655,,,op4,op3,15,linear3,,37.5
p655,,,op5,op4,15,linear3,,37.5
p655,,,op6,op5,5,linear3,,45
p655,,,op7,op6,20,linear7,,30
p655,,,op8,op7,5,linear3,,45
p655,,,op9,op8,2,sqrt,,55
p656,594.4540000000001,QUERY,op1,,15,linear3,,35
p657,594.4540000000001,BATCH_PIPELINE,op1,,1,const,,55
p657,,,op2,op1,2,sqrt,,55
p657,,,op3,op2,1,const,,55
p657,,,op4,op3,40,linear7,,20
p657,,,op5,op4,1,const,,55
p657,,,op6,op5,40,linear7,,20
p658,594.4540000000001,INTERACTIVE,op1,,1,const,,55
p658,,,op2,op1,20,linear7,,30
p658,,,op3,op2,2,sqrt,,55
p658,,,op4,op3,40,linear7,,20
p658,,,op5,op4,15,linear3,,37.5
p659,594.4540000000001,QUERY,op1,,15,linear3,,35
p660,594.4540000000001,QUERY,op1,,15,linear3,,35
p661,606.562,BATCH_PIPELINE,op1,,1,const,,55
p661,,,op2,op1,20,linear7,,30
p661,,,op3,op2,20,linear7,,30
p661,,,op4,op3,20,linear7,,30
p661,,,op5,op4,20,linear7,,30
p661,,,op6,op5,15,linear3,,37.5
p661,,,op7,op6,15,linear3,,37.5
p661,,,op8,op7,2,sqrt,,55
p661,,,op9,op8,1,const,,55
p662,606.562,BATCH_PIPELINE,op1,,1,const,,55
p662,,,op2,op1,1,const,,55
p662,,,op3,op2,20,linear7,,30
p662,,,op4,op3,80,squared,,10
p662,,,op5,op4,15,linear3,,37.5
p662,,,op6,op5,15,linear3,,37.5
p662,,,op7,op6,15,linear3,,37.5
p662,,,op8,op7,80,squared,,10
p663,606.562,INTERACTIVE,op1,,1,const,,55
p663,,,op2,op1,5,linear3,,45
p663,,,op3,op2,15,linear3,,37.5
p663,,,op4,op3,80,squared,,10
p663,,,op5,op4,80,squared,,10
p663,,,op6,op5,20,linear7,,30
p664,606.562,QUERY,op1,,15,linear3,,35
p665,606.562,INTERACTIVE,op1,,1,const,,55
p665,,,op2,op1,1,const,,55
p665,,,op3,op2,80,squared,,10
p665,,,op4,op3,40,linear7,,20
p665,,,op5,op4,80,squared,,10
p666,606.562,BATCH_PIPELINE,op1,,1,const,,55
p666,,,op2,op1,20,linear7,,30
p666,,,op3,op2,1,const,,55
p666,,,op4,op3,80,squared,,10
p666,,,op5,op4,20,linear7,,30
p666,,,op6,op5,15,linear3,,37.5
p666,,,op7,op6,20,linear7,,30
p666,,,op8,op7,2,sqrt,,55
p666,,,op9,op8,5,linear3,,45
p666,,,op10,op9,5,linear3,,45
p667,606.562,INTERACTIVE,op1,,1,const,,55
p667,,,op2,op1,40,linear7,,20
p667,,,op3,op2,40,linear7,,20
p667,,,op4,op3,5,linear3,,45
p667,,,op5,op4,20,linear7,,30
p667,,,op6,op5,15,linear3,,37.5
p668,606.562,INTERACTIVE,op1,,1,const,,55
p668,,,op2,,40,linear7,,20
p668,,,op3,,15,linear3,,37.5
p668,,,op4,,80,squared,,10
p668,,,op5,op1;op2;op3;op4,15,linear3,,37.5
p669,606.562,BATCH_PIPELINE,op1,,1,const,,55
p669,,,op2,,20,linear7,,30
p669,,,op3,,40,linear7,,20
p669,,,op4,,2,sqrt,,55
p669,,,op5,,5,linear3,,45
p669,,,op6,,5,linear3,,45
p669,,,op7,,1,const,,55
p669,,,op8,,5,linear3,,45
p669,,,op9,,40,linear7,,20
p669,,,op10,op1;op2;op3;op4;op5;op6;op7;op8;op9,15,linear3,,37.5
p670,606.562,BATCH_PIPELINE,op1,,1,const,,55
p670,,,op2,,15,linear3,,37.5
p670,,,op3,,2,sqrt,,55
p670,,,op4,op1;op2;op3,5,linear3,,45
p671,612.239,INTERACTIVE,op1,,1,const,,55
p671,,,op2,op1,15,linear3,,37.5
p671,,,op3,op1,80,squared,,10
p671,,,op4,op1,20,linear7,,30
p671,,,op5,op1,40,linear7,,20
p672,612.239,QUERY,op1,,15,linear3,,35
p673,612.239,QUERY,op1,,15,linear3,,35
p674,612.239,BATCH_PIPELINE,op1,,1,const,,55
p674,,,op2,op1,2,sqrt,,55
p674,,,op3,op2,15,linear3,,37.5
p674,,,op4,op3,15,linear3,,37.5
p674,,,op5,op4,20,linear7,,30
p674,,,op6,op5,5,linear3,,45
p674,,,op7,op6,15,linear3,,37.5
p675,612.239,INTERACTIVE,op1,,1,const,,55
p675,,,op2,,2,sqrt,,55
p675,,,op3,op1;op2,1,const,,55
p676,612.239,QUERY,op1,,15,linear3,,35
p677,612.239,QUERY,op1,,15,linear3,,35
p678,612.239,BATCH_PIPELINE,op1,,1,const,,55
p678,,,op2,op1,1,const,,55
p678,,,op3,op1,80,squared,,10
p678,,,op4,op1,2,sqrt,,55
p678,,,op5,op1,20,linear7,,30
p678,,,op6,op1,2,sqrt,,55
p678,,,op7,op1,15,linear3,,37.5
p678,,,op8,op1,2,sqrt,,55
p678,,,op9,op1,20,linear7,,30
p679,612.239,INTERACTIVE,op1,,1,const,,55
p679,,,op2,op1,20,linear7,,30
p679,,,op3,op1,2,sqrt,,55
p679,,,op4,op1,20,linear7,,30
p679,,,op5,op1,80,squared,,10
p680,612.239,INTERACTIVE,op1,,1,const,,55
p680,,,op2,,1,const,,55
p680,,,op3,,1,const,,55
p680,,,op4,,80,squared,,10
p680,,,op5,,5,linear3,,45
p680,,,op6,,5,linear3,,45
p680,,,op7,op1;op2;op3;op4;op5;op6,15,linear3,,37.5
p681,618.85,BATCH_PIPELINE,op1,,1,const,,55
p681,,,op2,op1,2,sqrt,,55
p681,,,op3,op2,2,sqrt,,55
p681,,,op4,op3,20,linear7,,30
p681,,,op5,op4,5,linear3,,45
p681,,,op6,op5,5,linear3,,45
p681,,,op7,op6,20,linear7,,30
p682,618.85,INTERACTIVE,op1,,1,const,,55
p682,,,op2,,20,linear7,,30
p682,,,op3,,15,linear3,,37.5
p682,,,op4,,15,linear3,,37.5
p682,,,op5,op1;op2;op3;op4,5,linear3,,45
p683,618.85,QUERY,op1,,15,linear3,,35
p684,618.85,QUERY,op1,,15,linear3,,35
p685,618.85,QUERY,op1,,15,linear3,,35
p686,618.85,QUERY,op1,,15,linear3,,35
p687,618.85,INTERACTIVE,op1,,1,const,,55
p687,,,op2,op1,40,linear7,,20
p687,,,op3,op1,40,linear7,,20
p687,,,op4,op1,15,linear3,,37.5
p687,,,op5,op1,80,squared,,10
p687,,,op6,op1,20,linear7,,30
p688,618.85,INTERACTIVE,op1,,1,const,,55
p688,,,op2,op1,5,linear3,,45
p688,,,op3,op2,40,linear7,,20
p688,,,op4,op3,80,squared,,10
p688,,,op5,op4,5,linear3,,45
p688,,,op6,op5,15,linear3,,37.5
p689,618.85,INTERACTIVE,op1,,1,const,,55
p689,,,op2,,5,linear3,,45
p689,,,op3,,5,linear3,,45
p689,,,op4,,1,const,,55
p689,,,op5,op1;op2;op3;op4,5,linear3,,45
p690,618.85,INTERACTIVE,op1,,1,const,,55
p690,,,op2,op1,5,linear3,,45
p690,,,op3,op2,1,const,,55
p690,,,op4,op3,40,linear7,,20
p690,,,op5,op4,5,linear3,,45
p690,,,op6,op5,80,squared,,10
p691,627.216,INTERACTIVE,op1,,1,const,,55
p691,,,op2,op1,15,linear3,,37.5
p691,,,op3,op2,5,linear3,,45
p691,,,op4,op3,15,linear3,,37.5
p691,,,op5,op4,2,sqrt,,55
p692,627.216,INTERACTIVE,op1,,1,const,,55
p692,,,op2,op1,40,linear7,,20
p692,,,op3,op2,20,linear7,,30
p693,627.216,QUERY,op1,,15,linear3,,35
p694,627.216,QUERY,op1,,15,linear3,,35
p695,627.216,INTERACTIVE,op1,,1,const,,55
p695,,,op2,,40,linear7,,20
p695,,,op3,,40,linear7,,20
p695,,,op4,,5,linear3,,45
p695,,,op5,,1,const,,55
p695,,,op6,,20,linear7,,30
p695,,,op7,op1;op2;op3;op4;op5;op6,20,linear7,,30
p696,627.216,QUERY,op1,,15,linear3,,35
p697,627.216,BATCH_PIPELINE,op1,,1,const,,55
p697,,,op2,op1,15,linear3,,37.5
p697,,,op3,op2,1,const,,55
p697,,,op4,op3,15,linear3,,37.5
p697,,,op5,op4,1,const,,55
p697,,,op6,op5,2,sqrt,,55
p698,627.216,QUERY,op1,,15,linear3,,35
p699,627.216,QUERY,op1,,15,linear3,,35
p700,627.216,BATCH_PIPELINE,op1,,1,const,,55
p700,,,op2,op1,80,squared,,10
p700,,,op3,op2,5,linear3,,45
p700,,,op4,op3,5,linear3,,45
p700,,,op5,op4,80,squared,,10
p700,,,op6,op5,5,linear3,,45
p700,,,op7,op6,20,linear7,,30
p701,632.893,BATCH_PIPELINE,op1,,1,const,,55
p701,,,op2,op1,2,sqrt,,55
p701,,,op3,op1,20,linear7,,30
p701,,,op4,op1,15,linear3,,37.5
p701,,,op5,op1,5,linear3,,45
p701,,,op6,op1,2,sqrt,,55
p701,,,op7,op1,5,linear3,,45
p701,,,op8,op1,15,linear3,,37.5
p701,,,op9,op1,40,linear7,,20
p702,632.893,INTERACTIVE,op1,,1,const,,55
p702,,,op2,op1,15,linear3,,37.5
p702,,,op3,op2,20,linear7,,30
p702,,,op4,op3,20,linear7,,30
p703,632.893,BATCH_PIPELINE,op1,,1,const,,55
p703,,,op2,op1,40,linear7,,20
p703,,,op3,op2,2,sqrt,,55
p703,,,op4,op3,15,linear3,,37.5
p703,,,op5,op4,15,linear3,,37.5
p703,,,op6,op5,80,squared,,10
p704,632.893,INTERACTIVE,op1,,1,const,,55
p704,,,op2,op1,15,linear3,,37.5
p704,,,op3,op1,15,linear3,,37.5
p704,,,op4,op1,5,linear3,,45
p704,,,op5,op1,15,linear3,,37.5
p704,,,op6,op1,40,linear7,,20
p704,,,op7,op1,20,linear7,,30
p705,632.893,INTERACTIVE,op1,,1,const,,55
p705,,,op2,op1,80,squared,,10
p705,,,op3,op1,15,linear3,,37.5
p705,,,op4,op1,5,linear3,,45
p706,632.893,INTERACTIVE,op1,,1,const,,55
p706,,,op2,,15,linear3,,37.5
p706,,,op3,,5,linear3,,45
p706,,,op4,,15,linear3,,37.5
p706,,,op5,,1,const,,55
p706,,,op6,op1;op2;op3;op4;op5,15,linear3,,37.5
p707,632.893,QUERY,op1,,15,linear3,,35
p708,632.893,INTERACTIVE,op1,,1,const,,55
p708,,,op2,op1,15,linear3,,37.5
p708,,,op3,op2,80,squared,,10
p708,,,op4,op3,40,linear7,,20
p708,,,op5,op4,2,sqrt,,55
p708,,,op6,op5,20,linear7,,30
p709,632.893,QUERY,op1,,15,linear3,,35
p710,632.893,INTERACTIVE,op1,,1,const,,55
p710,,,op2,op1,1,const,,55
p710,,,op3,op1,2,sqrt,,55
p710,,,op4,op1,15,linear3,,37.5
p710,,,op5,op1,5,linear3,,45
p711,642.782,BATCH_PIPELINE,op1,,1,const,,55
p711,,,op2,,80,squared,,10
p711,,,op3,,1,const,,55
p711,,,op4,,2,sqrt,,55
p711,,,op5,,20,linear7,,30
p711,,,op6,,80,squared,,10
p711,,,op7,,15,linear3,,37.5
p711,,,op8,,20,linear7,,30
p711,,,op9,op1;op2;op3;op4;op5;op6;op7;op8,15,linear3,,37.5
p712,642.782,INTERACTIVE,op1,,1,const,,55
p712,,,op2,op1,2,sqrt,,55
p712,,,op3,op2,20,linear7,,30
p712,,,op4,op3,2,sqrt,,55
p712,,,op5,op4,20,linear7,,30
p713,642.782,BATCH_PIPELINE,op1,,1,const,,55
p713,,,op2,op1,80,squared,,10
p713,,,op3,op2,15,linear3,,37.5
p713,,,op4,op3,40,linear7,,20
p713,,,op5,op4,2,sqrt,,55
p713,,,op6,op5,15,linear3,,37.5
p713,,,op7,op6,2,sqrt,,55
p713,,,op8,op7,5,linear3,,45
p714,642.782,QUERY,op1,,15,linear3,,35
p715,642.782,INTERACTIVE,op1,,1,const,,55
p715,,,op2,op1,1,const,,55
p715,,,op3,op2,2,sqrt,,55
p715,,,op4,op3,20,linear7,,30
p716,642.782,INTERACTIVE,op1,,1,const,,55
p716,,,op2,op1,5,linear3,,45
p716,,,op3,op1,20,linear7,,30
p717,642.782,QUERY,op1,,15,linear3,,35
p718,642.782,QUERY,op1,,15,linear3,,35
p719,642.782,QUERY,op1,,15,linear3,,35
p720,642.782,QUERY,op1,,15,linear3,,35
p721,648.141,INTERACTIVE,op1,,1,const,,55
p721,,,op2,op1,2,sqrt,,55
p721,,,op3,op2,1,const,,55
p722,648.141,BATCH_PIPELINE,op1,,1,const,,55
p722,,,op2,op1,1,const,,55
p722,,,op3,op2,1,const,,55
p722,,,op4,op3,5,linear3,,45
p722,,,op5,op4,5,linear3,,45
p722,,,op6,op5,2,sqrt,,55
p722,,,op7,op6,15,linear3,,37.5
p722,,,op8,op7,15,linear3,,37.5
p722,,,op9,op8,15,linear3,,37.5
p722,,,op10,op9,5,linear3,,45
p722,,,op11,op10,1,const,,55
p722,,,op12,op11,20,linear7,,30
p723,648.141,QUERY,op1,,15,linear3,,35
p724,648.141,INTERACTIVE,op1,,1,const,,55
p724,,,op2,,1,const,,55
p724,,,op3,,5,linear3,,45
p724,,,op4,,2,sqrt,,55
p724,,,op5,,40,linear7,,20
p724,,,op6,,20,linear7,,30
p724,,,op7,op1;op2;op3;op4;op5;op6,40,linear7,,20
p725,648.141,INTERACTIVE,op1,,1,const,,55
p725,,,op2,op1,20,linear7,,30
p725,,,op3,op2,15,linear3,,37.5
p725,,,op4,op3,80,squared,,10
p725,,,op5,op4,15,linear3,,37.5
p725,,,op6,op5,5,linear3,,45
p726,648.141,QUERY,op1,,15,linear3,,35
p727,648.141,QUERY,op1,,15,linear3,,35
p728,648.141,QUERY,op1,,15,linear3,,35
p729,648.141,BATCH_PIPELINE,op1,,1,const,,55
p729,,,op2,,1,const,,55
p729,,,op3,,15,linear3,,37.5
p729,,,op4,,15,linear3,,37.5
p729,,,op5,,2,sqrt,,55
p729,,,op6,,80,squared,,10
p729,,,op7,op1;op2;op3;op4;op5;op6,15,linear3,,37.5
p730,648.141,QUERY,op1,,15,linear3,,35
p731,657.2,INTERACTIVE,op1,,1,const,,55
p731,,,op2,op1,5,linear3,,45
p731,,,op3,op2,2,sqrt,,55
p731,,,op4,op3,80,squared,,10
p732,657.2,BATCH_PIPELINE,op1,,1,const,,55
p732,,,op2,op1,5,linear3,,45
p732,,,op3,op1,2,sqrt,,55
p732,,,op4,op1,2,sqrt,,55
p732,,,op5,op1,2,sqrt,,55
p732,,,op6,op1,2,sqrt,,55
p732,,,op7,op1,2,sqrt,,55
p732,,,op8,op1,1,const,,55
p732,,,op9,op1,15,linear3,,37.5
p733,657.2,QUERY,op1,,15,linear3,,35
p734,657.2,INTERACTIVE,op1,,1,const,,55
p734,,,op2,op1,20,linear7,,30
p734,,,op3,op2,15,linear3,,37.5
p734,,,op4,op3,40,linear7,,20
p735,657.2,QUERY,op1,,15,linear3,,35
p736,657.2,QUERY,op1,,15,linear3,,35
p737,657.2,INTERACTIVE,op1,,1,const,,55
p737,,,op2,op1,2,sqrt,,55
p737,,,op3,op2,5,linear3,,45
p737,,,op4,op3,2,sqrt,,55
p737,,,op5,op4,20,linear7,,30
p738,657.2,INTERACTIVE,op1,,1,const,,55
p738,,,op2,op1,2,sqrt,,55
p738,,,op3,op2,5,linear3,,45
p738,,,op4,op3,5,linear3,,45
p739,657.2,QUERY,op1,,15,linear3,,35
p740,657.2,QUERY,op1,,15,linear3,,35
p741,668.477,INTERACTIVE,op1,,1,const,,55
p741,,,op2,op1,20,linear7,,30
p741,,,op3,op2,40,linear7,,20
p741,,,op4,op3,20,linear7,,30
p741,,,op5,op4,80,squared,,10
p742,668.477,INTERACTIVE,op1,,1,const,,55
p742,,,op2,op1,20,linear7,,30
p742,,,op3,op2,2,sqrt,,55
p742,,,op4,op3,40,linear7,,20
p742,,,op5,op4,20,linear7,,30
p743,668.477,QUERY,op1,,15,linear3,,35
p744,668.477,INTERACTIVE,op1,,1,const,,55
p744,,,op2,op1,15,linear3,,37.5
p744,,,op3,op1,80,squared,,10
p744,,,op4,op1,40,linear7,,20
p744,,,op5,op1,5,linear3,,45
p744,,,op6,op1,15,linear3,,37.5
p744,,,op7,op1,15,linear3,,37.5
p744,,,op8,op1,20,linear7,,30
p745,668.477,INTERACTIVE,op1,,1,const,,55
p745,,,op2,op1,2,sqrt,,55
p745,,,op3,op2,5,linear3,,45
p746,668.477,INTERACTIVE,op1,,1,const,,55
p746,,,op2,op1,2,sqrt,,55
p746,,,op3,op2,5,linear3,,45
p746,,,op4,op3,20,linear7,,30
p746,,,op5,op4,20,linear7,,30
p747,668.477,INTERACTIVE,op1,,1,const,,55
p747,,,op2,,15,linear3,,37.5
p747,,,op3,,5,linear3,,45
p747,,,op4,,15,linear3,,37.5
p747,,,op5,,15,linear3,,37.5
p747,,,op6,op1;op2;op3;op4;op5,15,linear3,,37.5
p748,668.477,INTERACTIVE,op1,,1,const,,55
p748,,,op2,,15,linear3,,37.5
p748,,,op3,op1;op2,15,linear3,,37.5
p749,668.477,INTERACTIVE,op1,,1,const,,55
p749,,,op2,op1,40,linear7,,20
p749,,,op3,op2,15,linear3,,37.5
p749,,,op4,op3,20,linear7,,30
p749,,,op5,op4,5,linear3,,45
p750,668.477,INTERACTIVE,op1,,1,const,,55
p750,,,op2,op1,5,linear3,,45
p750,,,op3,op2,40,linear7,,20
p750,,,op4,op3,40,linear7,,20
p750,,,op5,op4,20,linear7,,30
p750,,,op6,op5,15,linear3,,37.5
p751,678.029,QUERY,op1,,15,linear3,,35
p752,678.029,INTERACTIVE,op1,,1,const,,55
p752,,,op2,op1,20,linear7,,30
p752,,,op3,op2,2,sqrt,,55
p752,,,op4,op3,15,linear3,,37.5
p752,,,op5,op4,15,linear3,,37.5
p753,678.029,QUERY,op1,,15,linear3,,35
p754,678.029,QUERY,op1,,15,linear3,,35
p755,678.029,INTERACTIVE,op1,,1,const,,55
p755,,,op2,op1,2,sqrt,,55
p755,,,op3,op2,2,sqrt,,55
p755,,,op4,op3,1,const,,55
p755,,,op5,op4,5,linear3,,45
p756,678.029,INTERACTIVE,op1,,1,const,,55
p756,,,op2,op1,40,linear7,,20
p756,,,op3,op2,15,linear3,,37.5
p756,,,op4,op3,5,linear3,,45
p756,,,op5,op4,40,linear7,,20
p757,678.029,QUERY,op1,,15,linear3,,35
p758,678.029,INTERACTIVE,op1,,1,const,,55
p758,,,op2,op1,40,linear7,,20
p758,,,op3,op1,80,squared,,10
p759,678.029,QUERY,op1,,15,linear3,,35
p760,678.029,QUERY,op1,,15,linear3,,35
p761,684.363,QUERY,op1,,15,linear3,,35
p762,684.363,INTERACTIVE,op1,,1,const,,55
p762,,,op2,,20,linear7,,30
p762,,,op3,,15,linear3,,37.5
p762,,,op4,,20,linear7,,30
p762,,,op5,,15,linear3,,37.5
p762,,,op6,op1;op2;op3;op4;op5,5,linear3,,45
p763,684.363,QUERY,op1,,15,linear3,,35
p764,684.363,QUERY,op1,,15,linear3,,35
p765,684.363,BATCH_PIPELINE,op1,,1,const,,55
p765,,,op2,op1,80,squared,,10
p765,,,op3,op2,15,linear3,,37.5
p766,684.363,QUERY,op1,,15,linear3,,35
p767,684.363,QUERY,op1,,15,linear3,,35
p768,684.363,INTERACTIVE,op1,,1,const,,55
p768,,,op2,op1,5,linear3,,45
p768,,,op3,op2,40,linear7,,20
p768,,,op4,op3,40,linear7,,20
p768,,,op5,op4,5,linear3,,45
p768,,,op6,op5,5,linear3,,45
p769,684.363,INTERACTIVE,op1,,1,const,,55
p769,,,op2,op1,20,linear7,,30
p769,,,op3,op1,40,linear7,,20
p769,,,op4,op1,15,linear3,,37.5
p769,,,op5,op1,40,linear7,,20
p769,,,op6,op1,5,linear3,,45
p769,,,op7,op1,15,linear3,,37.5
p770,684.363,BATCH_PIPELINE,op1,,1,const,,55
p770,,,op2,op1,15,linear3,,37.5
p770,,,op3,op2,15,linear3,,37.5
p770,,,op4,op3,2,sqrt,,55
p770,,,op5,op4,2,sqrt,,55
p770,,,op6,op5,40,linear7,,20
p770,,,op7,op6,15,linear3,,37.5
p770,,,op8,op7,2,sqrt,,55
p770,,,op9,op8,15,linear3,,37.5
p770,,,op10,op9,5,linear3,,45
p771,701.135,INTERACTIVE,op1,,1,const,,55
p771,,,op2,,1,const,,55
p771,,,op3,,15,linear3,,37.5
p771,,,op4,,80,squared,,10
p771,,,op5,op1;op2;op3;op4,15,linear3,,37.5
p772,701.135,BATCH_PIPELINE,op1,,1,const,,55
p772,,,op2,op1,15,linear3,,37.5
p772,,,op3,op2,2,sqrt,,55
p772,,,op4,op3,2,sqrt,,55
p772,,,op5,op4,5,linear3,,45
p772,,,op6,op5,15,linear3,,37.5
p772,,,op7,op6,40,linear7,,20
p773,701.135,QUERY,op1,,15,linear3,,35
p774,701.135,QUERY,op1,,15,linear3,,35
p775,701.135,INTERACTIVE,op1,,1,const,,55
p775,,,op2,op1,1,const,,55
p775,,,op3,op2,15,linear3,,37.5
p775,,,op4,op3,20,linear7,,30
p776,701.135,BATCH_PIPELINE,op1,,1,const,,55
p776,,,op2,op1,20,linear7,,30
p776,,,op3,op2,40,linear7,,20
p776,,,op4,op3,20,linear7,,30
p776,,,op5,op4,15,linear3,,37.5
p777,701.135,BATCH_PIPELINE,op1,,1,const,,55
p777,,,op2,,2,sqrt,,55
p777,,,op3,,5,linear3,,45
p777,,,op4,,20,linear7,,30
p777,,,op5,,15,linear3,,37.5
p777,,,op6,op1;op2;op3;op4;op5,1,const,,55
p778,701.135,QUERY,op1,,15,linear3,,35
p779,701.135,INTERACTIVE,op1,,1,const,,55
p779,,,op2,op1,80,squared,,10
p779,,,op3,op2,15,linear3,,37.5
p779,,,op4,op3,20,linear7,,30
p779,,,op5,op4,20,linear7,,30
p779,,,op6,op5,5,linear3,,45
p780,701.135,QUERY,op1,,15,linear3,,35
p781,714.909,INTERACTIVE,op1,,1,const,,55
p781,,,op2,op1,2,sqrt,,55
p781,,,op3,op2,80,squared,,10
p781,,,op4,op3,2,sqrt,,55
p781,,,op5,op4,20,linear7,,30
p781,,,op6,op5,1,const,,55
p781,,,op7,op6,1,const,,55
p782,714.909,INTERACTIVE,op1,,1,const,,55
p782,,,op2,op1,20,linear7,,30
p782,,,op3,op2,80,squared,,10
p782,,,op4,op3,80,squared,,10
p783,714.909,QUERY,op1,,15,linear3,,35
p784,714.909,QUERY,op1,,15,linear3,,35
p785,714.909,INTERACTIVE,op1,,1,const,,55
p785,,,op2,op1,15,linear3,,37.5
p785,,,op3,op1,20,linear7,,30
p785,,,op4,op1,20,linear7,,30
p785,,,op5,op1,15,linear3,,37.5
p785,,,op6,op1,15,linear3,,37.5
p785,,,op7,op1,80,squared,,10
p786,714.909,BATCH_PIPELINE,op1,,1,const,,55
p786,,,op2,op1,5,linear3,,45
p786,,,op3,op1,80,squared,,10
p786,,,op4,op1,20,linear7,,30
p786,,,op5,op1,80,squared,,10
p786,,,op6,op1,1,const,,55
p786,,,op7,op1,2,sqrt,,55
p786,,,op8,op1,20,linear7,,30
p787,714.909,QUERY,op1,,15,linear3,,35
p788,714.909,INTERACTIVE,op1,,1,const,,55
p788,,,op2,op1,40,linear7,,20
p788,,,op3,op1,40,linear7,,20
p788,,,op4,op1,2,sqrt,,55
p789,714.909,INTERACTIVE,op1,,1,const,,55
p789,,,op2,op1,20,linear7,,30
p789,,,op3,op2,20,linear7,,30
p789,,,op4,op3,15,linear3,,37.5
p789,,,op5,op4,20,linear7,,30
p789,,,op6,op5,15,linear3,,37.5
p789,,,op7,op6,2,sqrt,,55
p790,714.909,INTERACTIVE,op1,,1,const,,55
p790,,,op2,,15,linear3,,37.5
p790,,,op3,,20,linear7,,30
p790,,,op4,op1;op2;op3,20,linear7,,30
p791,722.498,QUERY,op1,,15,linear3,,35
p792,722.498,INTERACTIVE,op1,,1,const,,55
p792,,,op2,op1,1,const,,55
p792,,,op3,op1,5,linear3,,45
p792,,,op4,op1,40,linear7,,20
p792,,,op5,op1,1,const,,55
p793,722.498,INTERACTIVE,op1,,1,const,,55
p793,,,op2,op1,20,linear7,,30
p793,,,op3,op2,40,linear7,,20
p793,,,op4,op3,5,linear3,,45
p793,,,op5,op4,40,linear7,,20
p793,,,op6,op5,5,linear3,,45
p793,,,op7,op6,5,linear3,,45
p793,,,op8,op7,5,linear3,,45
p794,722.498,QUERY,op1,,15,linear3,,35
p795,722.498,QUERY,op1,,15,linear3,,35
p796,722.498,INTERACTIVE,op1,,1,const,,55
p796,,,op2,op1,20,linear7,,30
p796,,,op3,op2,80,squared,,10
p796,,,op4,op3,20,linear7,,30
p797,722.498,BATCH_PIPELINE,op1,,1,const,,55
p797,,,op2,op1,5,linear3,,45
p797,,,op3,op2,2,sqrt,,55
p797,,,op4,op3,80,squared,,10
p797,,,op5,op4,1,const,,55
p797,,,op6,op5,20,linear7,,30
p797,,,op7,op6,5,linear3,,45
p797,,,op8,op7,5,linear3,,45
p797,,,op9,op8,80,squared,,10
p798,722.498,INTERACTIVE,op1,,1,const,,55
p798,,,op2,,20,linear7,,30
p798,,,op3,,5,linear3,,45
p798,,,op4,op1;op2;op3,1,const,,55
p799,722.498,INTERACTIVE,op1,,1,const,,55
p799,,,op2,,20,linear7,,30
p799,,,op3,,15,linear3,,37.5
p799,,,op4,,5,linear3,,45
p799,,,op5,,80,squared,,10
p799,,,op6,,15,linear3,,37.5
p799,,,op7,op1;op2;op3;op4;op5;op6,5,linear3,,45
p800,722.498,INTERACTIVE,op1,,1,const,,55
p800,,,op2,op1,15,linear3,,37.5
p800,,,op3,op1,15,linear3,,37.5
p800,,,op4,op1,20,linear7,,30
p801,736.205,QUERY,op1,,15,linear3,,35
p802,736.205,INTERACTIVE,op1,,1,const,,55
p802,,,op2,op1,15,linear3,,37.5
p802,,,op3,op2,20,linear7,,30
p802,,,op4,op3,15,linear3,,37.5
p802,,,op5,op4,15,linear3,,37.5
p802,,,op6,op5,20,linear7,,30
p803,736.205,QUERY,op1,,15,linear3,,35
p804,736.205,INTERACTIVE,op1,,1,const,,55
p804,,,op2,op1,15,linear3,,37.5
p804,,,op3,op2,1,const,,55
p804,,,op4,op3,15,linear3,,37.5
p804,,,op5,op4,2,sqrt,,55
p804,,,op6,op5,5,linear3,,45
p804,,,op7,op6,40,linear7,,20
p804,,,op8,op7,20,linear7,,30
p804,,,op9,op8,20,linear7,,30
p804,,,op10,op9,1,const,,55
p805,736.205,INTERACTIVE,op1,,1,const,,55
p805,,,op2,,40,linear7,,20
p805,,,op3,,20,linear7,,30
p805,,,op4,op1;op2;op3,2,sqrt,,55
p806,736.205,QUERY,op1,,15,linear3,,35
p807,736.205,QUERY,op1,,15,linear3,,35
p808,736.205,BATCH_PIPELINE,op1,,1,const,,55
p808,,,op2,op1,40,linear7,,20
p808,,,op3,op2,15,linear3,,37.5
p808,,,op4,op3,5,linear3,,45
p808,,,op5,op4,5,linear3,,45
p808,,,op6,op5,15,linear3,,37.5
p808,,,op7,op6,2,sqrt,,55
p809,736.205,BATCH_PIPELINE,op1,,1,const,,55
p809,,,op2,op1,5,linear3,,45
p809,,,op3,op2,1,const,,55
p809,,,op4,op3,15,linear3,,37.5
p809,,,op5,op4,1,const,,55
p809,,,op6,op5,2,sqrt,,55
p809,,,op7,op6,2,sqrt,,55
p809,,,op8,op7,20,linear7,,30
p810,736.205,INTERACTIVE,op1,,1,const,,55
p810,,,op2,op1,20,linear7,,30
p810,,,op3,op1,20,linear7,,30
p810,,,op4,op1,5,linear3,,45
p810,,,op5,op1,5,linear3,,45
p811,740.2860000000001,QUERY,op1,,15,linear3,,35
p812,740.2860000000001,BATCH_PIPELINE,op1,,1,const,,55
p812,,,op2,op1,20,linear7,,30
p812,,,op3,op2,1,const,,55
p812,,,op4,op3,5,linear3,,45
p812,,,op5,op4,1,const,,55
p812,,,op6,op5,80,squared,,10
p812,,,op7,op6,20,linear7,,30
p813,740.2860000000001,BATCH_PIPELINE,op1,,1,const,,55
p813,,,op2,op1,5,linear3,,45
p813,,,op3,op2,1,const,,55
p813,,,op4,op3,80,squared,,10
p814,740.2860000000001,QUERY,op1,,15,linear3,,35
p815,740.2860000000001,INTERACTIVE,op1,,1,const,,55
p815,,,op2,op1,5,linear3,,45
p815,,,op3,op2,15,linear3,,37.5
p815,,,op4,op3,20,linear7,,30
p816,740.2860000000001,BATCH_PIPELINE,op1,,1,const,,55
p816,,,op2,op1,40,linear7,,20
p816,,,op3,op2,2,sqrt,,55
p816,,,op4,op3,2,sqrt,,55
p816,,,op5,op4,1,const,,55
p816,,,op6,op5,15,linear3,,37.5
p816,,,op7,op6,15,linear3,,37.5
p816,,,op8,op7,5,linear3,,45
p816,,,op9,op8,2,sqrt,,55
p816,,,op10,op9,1,const,,55
p816,,,op11,op10,15,linear3,,37.5
p817,740.2860000000001,QUERY,op1,,15,linear3,,35
p818,740.2860000000001,INTERACTIVE,op1,,1,const,,55
p818,,,op2,,80,squared,,10
p818,,,op3,,5,linear3,,45
p818,,,op4,,20,linear7,,30
p818,,,op5,,15,linear3,,37.5
p818,,,op6,,1,const,,55
p818,,,op7,,80,squared,,10
p818,,,op8,op1;op2;op3;op4;op5;op6;op7,15,linear3,,37.5
p819,740.2860000000001,INTERACTIVE,op1,,1,const,,55
p819,,,op2,,2,sqrt,,55
p819,,,op3,,80,squared,,10
p819,,,op4,op1;op2;op3,20,linear7,,30
p820,740.2860000000001,INTERACTIVE,op1,,1,const,,55
p820,,,op2,,40,linear7,,20
p820,,,op3,,1,const,,55
p820,,,op4,,5,linear3,,45
p820,,,op5,,2,sqrt,,55
p820,,,op6,,40,linear7,,20
p820,,,op7,,15,linear3,,37.5
p820,,,op8,op1;op2;op3;op4;op5;op6;op7,1,const,,55
p821,748.862,INTERACTIVE,op1,,1,const,,55
p821,,,op2,op1,20,linear7,,30
p821,,,op3,op2,20,linear7,,30
p821,,,op4,op3,80,squared,,10
p821,,,op5,op4,40,linear7,,20
p822,748.862,QUERY,op1,,15,linear3,,35
p823,748.862,BATCH_PIPELINE,op1,,1,const,,55
p823,,,op2,op1,15,linear3,,37.5
p823,,,op3,op2,1,const,,55
p823,,,op4,op3,15,linear3,,37.5
p823,,,op5,op4,2,sqrt,,55
p824,748.862,QUERY,op1,,15,linear3,,35
p825,748.862,QUERY,op1,,15,linear3,,35
p826,748.862,INTERACTIVE,op1,,1,const,,55
p826,,,op2,op1,15,linear3,,37.5
p826,,,op3,op2,5,linear3,,45
p826,,,op4,op3,15,linear3,,37.5
p826,,,op5,op4,1,const,,55
p826,,,op6,op5,20,linear7,,30
p827,748.862,INTERACTIVE,op1,,1,const,,55
p827,,,op2,op1,15,linear3,,37.5
p827,,,op3,op2,5,linear3,,45
p827,,,op4,op3,20,linear7,,30
p827,,,op5,op4,20,linear7,,30
p827,,,op6,op5,15,linear3,,37.5
p827,,,op7,op6,40,linear7,,20
p827,,,op8,op7,5,linear3,,45
p827,,,op9,op8,40,linear7,,20
p828,748.862,QUERY,op1,,15,linear3,,35
p829,748.862,BATCH_PIPELINE,op1,,1,const,,55
p829,,,op2,op1,2,sqrt,,55
p829,,,op3,op2,15,linear3,,37.5
p829,,,op4,op3,2,sqrt,,55
p829,,,op5,op4,80,squared,,10
p829,,,op6,op5,20,linear7,,30
p829,,,op7,op6,2,sqrt,,55
p830,748.862,INTERACTIVE,op1,,1,const,,55
p830,,,op2,,40,linear7,,20
p830,,,op3,,20,linear7,,30
p830,,,op4,,20,linear7,,30
p830,,,op5,,15,linear3,,37.5
p830,,,op6,op1;op2;op3;op4;op5,20,linear7,,30
p831,758.379,BATCH_PIPELINE,op1,,1,const,,55
p831,,,op2,op1,2,sqrt,,55
p831,,,op3,op2,20,linear7,,30
p831,,,op4,op3,5,linear3,,45
p831,,,op5,op4,80,squared,,10
p831,,,op6,op5,2,sqrt,,55
p832,758.379,QUERY,op1,,15,linear3,,35
p833,758.379,QUERY,op1,,15,linear3,,35
p834,758.379,QUERY,op1,,15,linear3,,35
p835,758.379,INTERACTIVE,op1,,1,const,,55
p835,,,op2,op1,20,linear7,,30
p835,,,op3,op1,5,linear3,,45
p835,,,op4,op1,1,const,,55
p835,,,op5,op1,40,linear7,,20
p836,758.379,QUERY,op1,,15,linear3,,35
p837,758.379,QUERY,op1,,15,linear3,,35
p838,758.379,BATCH_PIPELINE,op1,,1,const,,55
p838,,,op2,op1,2,sqrt,,55
p838,,,op3,op2,2,sqrt,,55
p838,,,op4,op3,20,linear7,,30
p838,,,op5,op4,5,linear3,,45
p838,,,op6,op5,5,linear3,,45
p838,,,op7,op6,40,linear7,,20
p838,,,op8,op7,2,sqrt,,55
p838,,,op9,op8,15,linear3,,37.5
p838,,,op10,op9,40,linear7,,20
p838,,,op11,op10,20,linear7,,30
p839,758.379,INTERACTIVE,op1,,1,const,,55
p839,,,op2,op1,2,sqrt,,55
p839,,,op3,op2,20,linear7,,30
p839,,,op4,op3,15,linear3,,37.5
p839,,,op5,op4,15,linear3,,37.5
p840,758.379,INTERACTIVE,op1,,1,const,,55
p840,,,op2,op1,15,linear3,,37.5
p840,,,op3,op2,5,linear3,,45
p840,,,op4,op3,80,squared,,10
p841,769.424,QUERY,op1,,15,linear3,,35
p842,769.424,QUERY,op1,,15,linear3,,35
p843,769.424,QUERY,op1,,15,linear3,,35
p844,769.424,QUERY,op1,,15,linear3,,35
p845,769.424,INTERACTIVE,op1,,1,const,,55
p845,,,op2,op1,2,sqrt,,55
p845,,,op3,op2,20,linear7,,30
p845,,,op4,op3,40,linear7,,20
p846,769.424,QUERY,op1,,15,linear3,,35
p847,769.424,INTERACTIVE,op1,,1,const,,55
p847,,,op2,,15,linear3,,37.5
p847,,,op3,,1,const,,55
p847,,,op4,op1;op2;op3,80,squared,,10
p848,769.424,BATCH_PIPELINE,op1,,1,const,,55
p848,,,op2,op1,2,sqrt,,55
p848,,,op3,op2,2,sqrt,,55
p848,,,op4,op3,15,linear3,,37.5
p848,,,op5,op4,80,squared,,10
p848,,,op6,op5,80,squared,,10
p849,769.424,INTERACTIVE,op1,,1,const,,55
p849,,,op2,,2,sqrt,,55
p849,,,op3,,20,linear7,,30
p849,,,op4,,5,linear3,,45
p849,,,op5,,20,linear7,,30
p849,,,op6,op1;op2;op3;op4;op5,15,linear3,,37.5
p850,769.424,INTERACTIVE,op1,,1,const,,55
p850,,,op2,op1,15,linear3,,37.5
p850,,,op3,op2,20,linear7,,30
p850,,,op4,op3,20,linear7,,30
p850,,,op5,op4,15,linear3,,37.5
p850,,,op6,op5,80,squared,,10
p851,779.125,INTERACTIVE,op1,,1,const,,55
p851,,,op2,,2,sqrt,,55
p851,,,op3,,1,const,,55
p851,,,op4,,5,linear3,,45
p851,,,op5,,40,linear7,,20
p851,,,op6,,5,linear3,,45
p851,,,op7,op1;op2;op3;op4;op5;op6,40,linear7,,20
p852,779.125,INTERACTIVE,op1,,1,const,,55
p852,,,op2,op1,20,linear7,,30
p852,,,op3,op2,20,linear7,,30
p852,,,op4,op3,80,squared,,10
p852,,,op5,op4,1,const,,55
p852,,,op6,op5,5,linear3,,45
p852,,,op7,op6,40,linear7,,20
p853,779.125,QUERY,op1,,15,linear3,,35
p854,779.125,INTERACTIVE,op1,,1,const,,55
p854,,,op2,op1,20,linear7,,30
p854,,,op3,op2,40,linear7,,20
p854,,,op4,op3,40,linear7,,20
p854,,,op5,op4,5,linear3,,45
p855,779.125,INTERACTIVE,op1,,1,const,,55
p855,,,op2,op1,40,linear7,,20
p855,,,op3,op2,15,linear3,,37.5
p855,,,op4,op3,15,linear3,,37.5
p855,,,op5,op4,20,linear7,,30
p855,,,op6,op5,15,linear3,,37.5
p855,,,op7,op6,15,linear3,,37.5
p856,779.125,INTERACTIVE,op1,,1,const,,55
p856,,,op2,op1,5,linear3,,45
p856,,,op3,op2,15,linear3,,37.5
p856,,,op4,op3,80,squared,,10
p856,,,op5,op4,5,linear3,,45
p856,,,op6,op5,5,linear3,,45
p856,,,op7,op6,5,linear3,,45
p857,779.125,QUERY,op1,,15,linear3,,35
p858,779.125,QUERY,op1,,15,linear3,,35
p859,779.125,BATCH_PIPELINE,op1,,1,const,,55
p859,,,op2,op1,1,const,,55
p859,,,op3,op2,15,linear3,,37.5
p859,,,op4,op3,15,linear3,,37.5
p859,,,op5,op4,20,linear7,,30
p859,,,op6,op5,80,squared,,10
p859,,,op7,op6,15,linear3,,37.5
p859,,,op8,op7,5,linear3,,45
p859,,,op9,op8,20,linear7,,30
p859,,,op10,op9,2,sqrt,,55
p859,,,op11,op10,2,sqrt,,55
p859,,,op12,op11,1,const,,55
p859,,,op13,op12,1,const,,55
p860,779.125,QUERY,op1,,15,linear3,,35
p861,785.475,INTERACTIVE,op1,,1,const,,55
p861,,,op2,op1,2,sqrt,,55
p861,,,op3,op2,5,linear3,,45
p861,,,op4,op3,5,linear3,,45
p862,785.475,BATCH_PIPELINE,op1,,1,const,,55
p862,,,op2,op1,15,linear3,,37.5
p862,,,op3,op1,15,linear3,,37.5
p862,,,op4,op1,2,sqrt,,55
p862,,,op5,op1,15,linear3,,37.5
p862,,,op6,op1,2,sqrt,,55
p863,785.475,QUERY,op1,,15,linear3,,35
p864,785.475,INTERACTIVE,op1,,1,const,,55
p864,,,op2,op1,20,linear7,,30
p864,,,op3,op2,5,linear3,,45
p864,,,op4,op3,15,linear3,,37.5
p865,785.475,QUERY,op1,,15,linear3,,35
p866,785.475,INTERACTIVE,op1,,1,const,,55
p866,,,op2,op1,2,sqrt,,55
p866,,,op3,op2,1,const,,55
p866,,,op4,op3,5,linear3,,45
p866,,,op5,op4,20,linear7,,30
p866,,,op6,op5,5,linear3,,45
p867,785.475,BATCH_PIPELINE,op1,,1,const,,55
p867,,,op2,op1,20,linear7,,30
p867,,,op3,op2,80,squared,,10
p867,,,op4,op3,2,sqrt,,55
p867,,,op5,op4,1,const,,55
p867,,,op6,op5,5,linear3,,45
p867,,,op7,op6,20,linear7,,30
p867,,,op8,op7,15,linear3,,37.5
p867,,,op9,op8,15,linear3,,37.5
p868,785.475,BATCH_PIPELINE,op1,,1,const,,55
p868,,,op2,op1,2,sqrt,,55
p868,,,op3,op2,2,sqrt,,55
p868,,,op4,op3,80,squared,,10
p868,,,op5,op4,15,linear3,,37.5
p868,,,op6,op5,2,sqrt,,55
p868,,,op7,op6,2,sqrt,,55
p868,,,op8,op7,2,sqrt,,55
p869,785.475,INTERACTIVE,op1,,1,const,,55
p869,,,op2,,15,linear3,,37.5
p869,,,op3,,5,linear3,,45
p869,,,op4,op1;op2;op3,40,linear7,,20
p870,785.475,INTERACTIVE,op1,,1,const,,55
p870,,,op2,op1,15,linear3,,37.5
p870,,,op3,op2,20,linear7,,30
p870,,,op4,op3,40,linear7,,20
p870,,,op5,op4,15,linear3,,37.5
p870,,,op6,op5,40,linear7,,20
p871,794.493,INTERACTIVE,op1,,1,const,,55
p871,,,op2,,20,linear7,,30
p871,,,op3,,40,linear7,,20
p871,,,op4,,20,linear7,,30
p871,,,op5,op1;op2;op3;op4,20,linear7,,30
p872,794.493,INTERACTIVE,op1,,1,const,,55
p872,,,op2,op1,20,linear7,,30
p872,,,op3,op2,5,linear3,,45
p872,,,op4,op3,40,linear7,,20
p873,794.493,QUERY,op1,,15,linear3,,35
p874,794.493,INTERACTIVE,op1,,1,const,,55
p874,,,op2,op1,5,linear3,,45
p874,,,op3,op2,20,linear7,,30
p874,,,op4,op3,15,linear3,,37.5
p874,,,op5,op4,1,const,,55
p874,,,op6,op5,2,sqrt,,55
p874,,,op7,op6,15,linear3,,37.5
p874,,,op8,op7,5,linear3,,45
p875,794.493,QUERY,op1,,15,linear3,,35
p876,794.493,INTERACTIVE,op1,,1,const,,55
p876,,,op2,op1,20,linear7,,30
p876,,,op3,op2,5,linear3,,45
p876,,,op4,op3,15,linear3,,37.5
p876,,,op5,op4,15,linear3,,37.5
p877,794.493,QUERY,op1,,15,linear3,,35
p878,794.493,INTERACTIVE,op1,,1,const,,55
p878,,,op2,op1,5,linear3,,45
p878,,,op3,op2,40,linear7,,20
p878,,,op4,op3,40,linear7,,20
p878,,,op5,op4,15,linear3,,37.5
p879,794.493,QUERY,op1,,15,linear3,,35
p880,794.493,QUERY,op1,,15,linear3,,35
p881,803.258,BATCH_PIPELINE,op1,,1,const,,55
p881,,,op2,,20,linear7,,30
p881,,,op3,,1,const,,55
p881,,,op4,,2,sqrt,,55
p881,,,op5,,1,const,,55
p881,,,op6,,20,linear7,,30
p881,,,op7,op1;op2;op3;op4;op5;op6,15,linear3,,37.5
p882,803.258,INTERACTIVE,op1,,1,const,,55
p882,,,op2,op1,5,linear3,,45
p882,,,op3,op2,15,linear3,,37.5
p883,803.258,INTERACTIVE,op1,,1,const,,55
p883,,,op2,op1,15,linear3,,37.5
p883,,,op3,op2,80,squared,,10
p883,,,op4,op3,20,linear7,,30
p884,803.258,INTERACTIVE,op1,,1,const,,55
p884,,,op2,op1,2,sqrt,,55
p884,,,op3,op2,40,linear7,,20
p884,,,op4,op3,1,const,,55
p884,,,op5,op4,80,squared,,10
p884,,,op6,op5,20,linear7,,30
p884,,,op7,op6,1,const,,55
p885,803.258,QUERY,op1,,15,linear3,,35
p886,803.258,INTERACTIVE,op1,,1,const,,55
p886,,,op2,op1,2,sqrt,,55
p886,,,op3,op2,1,const,,55
p886,,,op4,op3,15,linear3,,37.5
p886,,,op5,op4,15,linear3,,37.5
p887,803.258,INTERACTIVE,op1,,1,const,,55
p887,,,op2,op1,20,linear7,,30
p887,,,op3,op2,15,linear3,,37.5
p887,,,op4,op3,1,const,,55
p887,,,op5,op4,1,const,,55
p887,,,op6,op5,15,linear3,,37.5
p887,,,op7,op6,80,squared,,10
p888,803.258,INTERACTIVE,op1,,1,const,,55
p888,,,op2,op1,40,linear7,,20
p888,,,op3,op2,15,linear3,,37.5
p889,803.258,BATCH_PIPELINE,op1,,1,const,,55
p889,,,op2,,20,linear7,,30
p889,,,op3,,5,linear3,,45
p889,,,op4,,5,linear3,,45
p889,,,op5,,15,linear3,,37.5
p889,,,op6,op1;op2;op3;op4;op5,20,linear7,,30
p890,803.258,BATCH_PIPELINE,op1,,1,const,,55
p890,,,op2,op1,1,const,,55
p890,,,op3,op2,80,squared,,10
p890,,,op4,op3,2,sqrt,,55
p890,,,op5,op4,5,linear3,,45
p890,,,op6,op5,15,linear3,,37.5
p890,,,op7,op6,15,linear3,,37.5
p890,,,op8,op7,5,linear3,,45
p890,,,op9,op8,15,linear3,,37.5
p891,812.169,QUERY,op1,,15,linear3,,35
p892,812.169,QUERY,op1,,15,linear3,,35
p893,812.169,INTERACTIVE,op1,,1,const,,55
p893,,,op2,op1,1,const,,55
p893,,,op3,op2,5,linear3,,45
p893,,,op4,op3,5,linear3,,45
p893,,,op5,op4,80,squared,,10
p894,812.169,INTERACTIVE,op1,,1,const,,55
p894,,,op2,op1,5,linear3,,45
p894,,,op3,op2,15,linear3,,37.5
p894,,,op4,op3,80,squared,,10
p894,,,op5,op4,1,const,,55
p894,,,op6,op5,1,const,,55
p894,,,op7,op6,1,const,,55
p895,812.169,BATCH_PIPELINE,op1,,1,const,,55
p895,,,op2,op1,2,sqrt,,55
p895,,,op3,op2,1,const,,55
p895,,,op4,op3,2,sqrt,,55
p895,,,op5,op4,40,linear7,,20
p895,,,op6,op5,20,linear7,,30
p896,812.169,QUERY,op1,,15,linear3,,35
p897,812.169,INTERACTIVE,op1,,1,const,,55
p897,,,op2,op1,15,linear3,,37.5
p897,,,op3,op2,40,linear7,,20
p898,812.169,QUERY,op1,,15,linear3,,35
p899,812.169,QUERY,op1,,15,linear3,,35
p900,812.169,INTERACTIVE,op1,,1,const,,55
p900,,,op2,op1,15,linear3,,37.5
p900,,,op3,op2,80,squared,,10
p900,,,op4,op3,1,const,,55
p900,,,op5,op4,15,linear3,,37.5
p900,,,op6,op5,80,squared,,10
p901,817.871,BATCH_PIPELINE,op1,,1,const,,55
p901,,,op2,op1,1,const,,55
p901,,,op3,op1,20,linear7,,30
p901,,,op4,op1,20,linear7,,30
p901,,,op5,op1,20,linear7,,30
p901,,,op6,op1,2,sqrt,,55
p902,817.871,INTERACTIVE,op1,,1,const,,55
p902,,,op2,op1,80,squared,,10
p902,,,op3,op1,15,linear3,,37.5
p902,,,op4,op1,2,sqrt,,55
p903,817.871,INTERACTIVE,op1,,1,const,,55
p903,,,op2,op1,2,sqrt,,55
p903,,,op3,op2,5,linear3,,45
p904,817.871,INTERACTIVE,op1,,1,const,,55
p904,,,op2,op1,2,sqrt,,55
p904,,,op3,op2,5,linear3,,45
p904,,,op4,op3,20,linear7,,30
p904,,,op5,op4,5,linear3,,45
p904,,,op6,op5,15,linear3,,37.5
p905,817.871,INTERACTIVE,op1,,1,const,,55
p905,,,op2,op1,80,squared,,10
p905,,,op3,op2,15,linear3,,37.5
p905,,,op4,op3,40,linear7,,20
p905,,,op5,op4,20,linear7,,30
p906,817.871,QUERY,op1,,15,linear3,,35
p907,817.871,INTERACTIVE,op1,,1,const,,55
p907,,,op2,op1,15,linear3,,37.5
p907,,,op3,op2,20,linear7,,30
p907,,,op4,op3,80,squared,,10
p908,817.871,INTERACTIVE,op1,,1,const,,55
p908,,,op2,,15,linear3,,37.5
p908,,,op3,,15,linear3,,37.5
p908,,,op4,,15,linear3,,37.5
p908,,,op5,op1;op2;op3;op4,80,squared,,10
p909,817.871,INTERACTIVE,op1,,1,const,,55
p909,,,op2,op1,5,linear3,,45
p909,,,op3,op2,15,linear3,,37.5
p909,,,op4,op3,5,linear3,,45
p909,,,op5,op4,20,linear7,,30
p909,,,op6,op5,20,linear7,,30
p909,,,op7,op6,2,sqrt,,55
p910,817.871,QUERY,op1,,15,linear3,,35
p911,827.102,QUERY,op1,,15,linear3,,35
p912,827.102,BATCH_PIPELINE,op1,,1,const,,55
p912,,,op2,op1,5,linear3,,45
p912,,,op3,op2,20,linear7,,30
p912,,,op4,op3,15,linear3,,37.5
p912,,,op5,op4,1,const,,55
p912,,,op6,op5,1,const,,55
p912,,,op7,op6,40,linear7,,20
p912,,,op8,op7,40,linear7,,20
p913,827.102,QUERY,op1,,15,linear3,,35
p914,827.102,BATCH_PIPELINE,op1,,1,const,,55
p914,,,op2,op1,2,sqrt,,55
p914,,,op3,op2,80,squared,,10
p914,,,op4,op3,20,linear7,,30
p914,,,op5,op4,5,linear3,,45
p914,,,op6,op5,2,sqrt,,55
p914,,,op7,op6,15,linear3,,37.5
p914,,,op8,op7,1,const,,55
p914,,,op9,op8,20,linear7,,30
p914,,,op10,op9,2,sqrt,,55
p915,827.102,QUERY,op1,,15,linear3,,35
p916,827.102,QUERY,op1,,15,linear3,,35
p917,827.102,QUERY,op1,,15,linear3,,35
p918,827.102,BATCH_PIPELINE,op1,,1,const,,55
p918,,,op2,op1,40,linear7,,20
p918,,,op3,op2,15,linear3,,37.5
p918,,,op4,op3,15,linear3,,37.5
p918,,,op5,op4,20,linear7,,30
p918,,,op6,op5,40,linear7,,20
p918,,,op7,op6,2,sqrt,,55
p919,827.102,INTERACTIVE,op1,,1,const,,55
p919,,,op2,op1,80,squared,,10
p919,,,op3,op2,15,linear3,,37.5
p920,827.102,QUERY,op1,,15,linear3,,35
p921,837.4730000000001,QUERY,op1,,15,linear3,,35
p922,837.4730000000001,INTERACTIVE,op1,,1,const,,55
p922,,,op2,op1,5,linear3,,45
p922,,,op3,op2,5,linear3,,45
p922,,,op4,op3,15,linear3,,37.5
p922,,,op5,op4,5,linear3,,45
p922,,,op6,op5,2,sqrt,,55
p923,837.4730000000001,QUERY,op1,,15,linear3,,35
p924,837.4730000000001,INTERACTIVE,op1,,1,const,,55
p924,,,op2,op1,40,linear7,,20
p924,,,op3,op2,1,const,,55
p924,,,op4,op3,5,linear3,,45
p924,,,op5,op4,5,linear3,,45
p925,837.4730000000001,INTERACTIVE,op1,,1,const,,55
p925,,,op2,op1,5,linear3,,45
p925,,,op3,op1,20,linear7,,30
p925,,,op4,op1,15,linear3,,37.5
p925,,,op5,op1,1,const,,55
p925,,,op6,op1,80,squared,,10
p926,837.4730000000001,INTERACTIVE,op1,,1,const,,55
p926,,,op2,op1,20,linear7,,30
p926,,,op3,op2,5,linear3,,45
p926,,,op4,op3,40,linear7,,20
p926,,,op5,op4,1,const,,55
p926,,,op6,op5,15,linear3,,37.5
p927,837.4730000000001,BATCH_PIPELINE,op1,,1,const,,55
p927,,,op2,op1,40,linear7,,20
p927,,,op3,op1,5,linear3,,45
p927,,,op4,op1,20,linear7,,30
p927,,,op5,op1,15,linear3,,37.5
p927,,,op6,op1,2,sqrt,,55
p928,837.4730000000001,QUERY,op1,,15,linear3,,35
p929,837.4730000000001,INTERACTIVE,op1,,1,const,,55
p929,,,op2,op1,20,linear7,,30
p929,,,op3,op2,1,const,,55
p929,,,op4,op3,1,const,,55
p930,837.4730000000001,BATCH_PIPELINE,op1,,1,const,,55
p930,,,op2,op1,20,linear7,,30
p930,,,op3,op2,1,const,,55
p930,,,op4,op3,1,const,,55
p930,,,op5,op4,80,squared,,10
p930,,,op6,op5,15,linear3,,37.5
p931,845.53,QUERY,op1,,15,linear3,,35
p932,845.53,BATCH_PIPELINE,op1,,1,const,,55
p932,,,op2,op1,2,sqrt,,55
p932,,,op3,op2,40,linear7,,20
p932,,,op4,op3,5,linear3,,45
p932,,,op5,op4,2,sqrt,,55
p933,845.53,BATCH_PIPELINE,op1,,1,const,,55
p933,,,op2,op1,5,linear3,,45
p934,845.53,INTERACTIVE,op1,,1,const,,55
p934,,,op2,op1,40,linear7,,20
p934,,,op3,op2,80,squared,,10
p935,845.53,QUERY,op1,,15,linear3,,35
p936,845.53,QUERY,op1,,15,linear3,,35
p937,845.53,INTERACTIVE,op1,,1,const,,55
p937,,,op2,op1,1,const,,55
p937,,,op3,op2,2,sqrt,,55
p937,,,op4,op3,15,linear3,,37.5
p937,,,op5,op4,2,sqrt,,55
p937,,,op6,op5,20,linear7,,30
p937,,,op7,op6,1,const,,55
p938,845.53,QUERY,op1,,15,linear3,,35
p939,845.53,INTERACTIVE,op1,,1,const,,55
p939,,,op2,,15,linear3,,37.5
p939,,,op3,,40,linear7,,20
p939,,,op4,,20,linear7,,30
p939,,,op5,,15,linear3,,37.5
p939,,,op6,,40,linear7,,20
p939,,,op7,op1;op2;op3;op4;op5;op6,5,linear3,,45
p940,845.53,QUERY,op1,,15,linear3,,35
p941,854.49,INTERACTIVE,op1,,1,const,,55
p941,,,op2,op1,15,linear3,,37.5
p941,,,op3,op2,2,sqrt,,55
p941,,,op4,op3,40,linear7,,20
p941,,,op5,op4,2,sqrt,,55
p942,854.49,QUERY,op1,,15,linear3,,35
p943,854.49,INTERACTIVE,op1,,1,const,,55
p943,,,op2,op1,40,linear7,,20
p943,,,op3,op2,5,linear3,,45
p943,,,op4,op3,80,squared,,10
p943,,,op5,op4,5,linear3,,45
p943,,,op6,op5,15,linear3,,37.5
p944,854.49,BATCH_PIPELINE,op1,,1,const,,55
p944,,,op2,op1,15,linear3,,37.5
p944,,,op3,op2,20,linear7,,30
p944,,,op4,op3,15,linear3,,37.5
p944,,,op5,op4,20,linear7,,30
p944,,,op6,op5,2,sqrt,,55
p944,,,op7,op6,2,sqrt,,55
p945,854.49,QUERY,op1,,15,linear3,,35
p946,854.49,QUERY,op1,,15,linear3,,35
p947,854.49,QUERY,op1,,15,linear3,,35
p948,854.49,BATCH_PIPELINE,op1,,1,const,,55
p948,,,op2,op1,2,sqrt,,55
p948,,,op3,op2,1,const,,55
p948,,,op4,op3,80,squared,,10
p948,,,op5,op4,15,linear3,,37.5
p948,,,op6,op5,20,linear7,,30
p948,,,op7,op6,1,const,,55
p948,,,op8,op7,15,linear3,,37.5
p948,,,op9,op8,20,linear7,,30
p948,,,op10,op9,5,linear3,,45
p949,854.49,QUERY,op1,,15,linear3,,35
p950,854.49,QUERY,op1,,15,linear3,,35
p951,861.36,QUERY,op1,,15,linear3,,35
p952,861.36,QUERY,op1,,15,linear3,,35
p953,861.36,INTERACTIVE,op1,,1,const,,55
p953,,,op2,op1,15,linear3,,37.5
p953,,,op3,op2,2,sqrt,,55
p953,,,op4,op3,40,linear7,,20
p953,,,op5,op4,5,linear3,,45
p953,,,op6,op5,15,linear3,,37.5
p953,,,op7,op6,20,linear7,,30
p954,861.36,INTERACTIVE,op1,,1,const,,55
p954,,,op2,op1,40,linear7,,20
p954,,,op3,op2,80,squared,,10
p954,,,op4,op3,20,linear7,,30
p954,,,op5,op4,40,linear7,,20
p955,861.36,QUERY,op1,,15,linear3,,35
p956,861.36,QUERY,op1,,15,linear3,,35
p957,861.36,QUERY,op1,,15,linear3,,35
p958,861.36,QUERY,op1,,15,linear3,,35
p959,861.36,INTERACTIVE,op1,,1,const,,55
p959,,,op2,op1,5,linear3,,45
p959,,,op3,op2,80,squared,,10
p959,,,op4,op3,20,linear7,,30
p959,,,op5,op4,80,squared,,10
p960,861.36,QUERY,op1,,15,linear3,,35
p961,870.544,BATCH_PIPELINE,op1,,1,const,,55
p961,,,op2,op1,1,const,,55
p961,,,op3,op1,5,linear3,,45
p961,,,op4,op1,5,linear3,,45
p961,,,op5,op1,20,linear7,,30
p961,,,op6,op1,20,linear7,,30
p961,,,op7,op1,5,linear3,,45
p961,,,op8,op1,20,linear7,,30
p962,870.544,BATCH_PIPELINE,op1,,1,const,,55
p962,,,op2,op1,40,linear7,,20
p963,870.544,BATCH_PIPELINE,op1,,1,const,,55
p963,,,op2,op1,2,sqrt,,55
p963,,,op3,op2,15,linear3,,37.5
p963,,,op4,op3,1,const,,55
p963,,,op5,op4,80,squared,,10
p963,,,op6,op5,15,linear3,,37.5
p963,,,op7,op6,15,linear3,,37.5
p963,,,op8,op7,40,linear7,,20
p964,870.544,INTERACTIVE,op1,,1,const,,55
p964,,,op2,,20,linear7,,30
p964,,,op3,,5,linear3,,45
p964,,,op4,op1;op2;op3,1,const,,55
p965,870.544,QUERY,op1,,15,linear3,,35
p966,870.544,QUERY,op1,,15,linear3,,35
p967,870.544,QUERY,op1,,15,linear3,,35
p968,870.544,INTERACTIVE,op1,,1,const,,55
p968,,,op2,op1,1,const,,55
p968,,,op3,op2,2,sqrt,,55
p968,,,op4,op3,40,linear7,,20
p969,870.544,BATCH_PIPELINE,op1,,1,const,,55
p969,,,op2,,5,linear3,,45
p969,,,op3,,2,sqrt,,55
p969,,,op4,,80,squared,,10
p969,,,op5,,5,linear3,,45
p969,,,op6,,80,squared,,10
p969,,,op7,,40,linear7,,20
p969,,,op8,,1,const,,55
p969,,,op9,op1;op2;op3;op4;op5;op6;op7;op8,2,sqrt,,55
p970,870.544,QUERY,op1,,15,linear3,,35
p971,879.365,INTERACTIVE,op1,,1,const,,55
p971,,,op2,op1,20,linear7,,30
p971,,,op3,op2,20,linear7,,30
p971,,,op4,op3,15,linear3,,37.5
p971,,,op5,op4,15,linear3,,37.5
p971,,,op6,op5,2,sqrt,,55
p971,,,op7,op6,15,linear3,,37.5
p971,,,op8,op7,20,linear7,,30
p971,,,op9,op8,20,linear7,,30
p971,,,op10,op9,20,linear7,,30
p972,879.365,QUERY,op1,,15,linear3,,35
p973,879.365,QUERY,op1,,15,linear3,,35
p974,879.365,INTERACTIVE,op1,,1,const,,55
p974,,,op2,op1,15,linear3,,37.5
p974,,,op3,op2,20,linear7,,30
p974,,,op4,op3,5,linear3,,45
p975,879.365,BATCH_PIPELINE,op1,,1,const,,55
p975,,,op2,op1,5,linear3,,45
p975,,,op3,op2,1,const,,55
p975,,,op4,op3,2,sqrt,,55
p975,,,op5,op4,5,linear3,,45
p976,879.365,QUERY,op1,,15,linear3,,35
p977,879.365,INTERACTIVE,op1,,1,const,,55
p977,,,op2,op1,5,linear3,,45
p977,,,op3,op2,20,linear7,,30
p977,,,op4,op3,5,linear3,,45
p977,,,op5,op4,5,linear3,,45
p977,,,op6,op5,40,linear7,,20
p977,,,op7,op6,40,linear7,,20
p978,879.365,QUERY,op1,,15,linear3,,35
p979,879.365,QUERY,op1,,15,linear3,,35
p980,879.365,INTERACTIVE,op1,,1,const,,55
p980,,,op2,op1,40,linear7,,20
p980,,,op3,op2,20,linear7,,30
p980,,,op4,op3,15,linear3,,37.5
p980,,,op5,op4,15,linear3,,37.5
p980,,,op6,op5,20,linear7,,30
p980,,,op7,op6,5,linear3,,45
p980,,,op8,op7,40,linear7,,20
p981,884.796,INTERACTIVE,op1,,1,const,,55
p981,,,op2,,15,linear3,,37.5
p981,,,op3,,2,sqrt,,55
p981,,,op4,,20,linear7,,30
p981,,,op5,,5,linear3,,45
p981,,,op6,,15,linear3,,37.5
p981,,,op7,,40,linear7,,20
p981,,,op8,,5,linear3,,45
p981,,,op9,op1;op2;op3;op4;op5;op6;op7;op8,40,linear7,,20
p982,884.796,BATCH_PIPELINE,op1,,1,const,,55
p982,,,op2,op1,80,squared,,10
p982,,,op3,op2,40,linear7,,20
p982,,,op4,op3,15,linear3,,37.5
p982,,,op5,op4,2,sqrt,,55
p982,,,op6,op5,15,linear3,,37.5
p982,,,op7,op6,80,squared,,10
p982,,,op8,op7,80,squared,,10
p982,,,op9,op8,80,squared,,10
p982,,,op10,op9,20,linear7,,30
p983,884.796,INTERACTIVE,op1,,1,const,,55
p983,,,op2,op1,1,const,,55
p983,,,op3,op2,20,linear7,,30
p983,,,op4,op3,20,linear7,,30
p983,,,op5,op4,40,linear7,,20
p983,,,op6,op5,20,linear7,,30
p984,884.796,BATCH_PIPELINE,op1,,1,const,,55
p984,,,op2,op1,1,const,,55
p984,,,op3,op2,1,const,,55
p984,,,op4,op3,20,linear7,,30
p984,,,op5,op4,2,sqrt,,55
p984,,,op6,op5,20,linear7,,30
p985,884.796,QUERY,op1,,15,linear3,,35
p986,884.796,INTERACTIVE,op1,,1,const,,55
p986,,,op2,op1,1,const,,55
p986,,,op3,op2,15,linear3,,37.5
p986,,,op4,op3,5,linear3,,45
p986,,,op5,op4,5,linear3,,45
p986,,,op6,op5,80,squared,,10
p987,884.796,QUERY,op1,,15,linear3,,35
p988,884.796,QUERY,op1,,15,linear3,,35
p989,884.796,QUERY,op1,,15,linear3,,35
p990,884.796,BATCH_PIPELINE,op1,,1,const,,55
p990,,,op2,,2,sqrt,,55
p990,,,op3,,2,sqrt,,55
p990,,,op4,,40,linear7,,20
p990,,,op5,,80,squared,,10
p990,,,op6,,20,linear7,,30
p990,,,op7,,2,sqrt,,55
p990,,,op8,op1;op2;op3;op4;op5;op6;op7,15,linear3,,37.5
p991,899.258,QUERY,op1,,15,linear3,,35
p992,899.258,INTERACTIVE,op1,,1,const,,55
p992,,,op2,op1,20,linear7,,30
p992,,,op3,op2,20,linear7,,30
p992,,,op4,op3,5,linear3,,45
p993,899.258,BATCH_PIPELINE,op1,,1,const,,55
p993,,,op2,op1,80,squared,,10
p993,,,op3,op2,80,squared,,10
p993,,,op4,op3,15,linear3,,37.5
p993,,,op5,op4,5,linear3,,45
p993,,,op6,op5,40,linear7,,20
p993,,,op7,op6,20,linear7,,30
p993,,,op8,op7,2,sqrt,,55
p993,,,op9,op8,2,sqrt,,55
p994,899.258,BATCH_PIPELINE,op1,,1,const,,55
p994,,,op2,op1,40,linear7,,20
p994,,,op3,op2,20,linear7,,30
p994,,,op4,op3,40,linear7,,20
p994,,,op5,op4,1,const,,55
p994,,,op6,op5,15,linear3,,37.5
p994,,,op7,op6,20,linear7,,30
p995,899.258,QUERY,op1,,15,linear3,,35
p996,899.258,INTERACTIVE,op1,,1,const,,55
p996,,,op2,op1,80,squared,,10
p996,,,op3,op2,80,squared,,10
p996,,,op4,op3,2,sqrt,,55
p997,899.258,BATCH_PIPELINE,op1,,1,const,,55
p997,,,op2,op1,15,linear3,,37.5
p997,,,op3,op2,15,linear3,,37.5
p997,,,op4,op3,80,squared,,10
p997,,,op5,op4,40,linear7,,20
p997,,,op6,op5,2,sqrt,,55
p997,,,op7,op6,20,linear7,,30
p997,,,op8,op7,20,linear7,,30
p997,,,op9,op8,15,linear3,,37.5
p998,899.258,BATCH_PIPELINE,op1,,1,const,,55
p998,,,op2,op1,15,linear3,,37.5
p998,,,op3,op2,1,const,,55
p998,,,op4,op3,15,linear3,,37.5
p998,,,op5,op4,2,sqrt,,55
p998,,,op6,op5,1,const,,55
p998,,,op7,op6,80,squared,,10
p998,,,op8,op7,20,linear7,,30
p999,899.258,QUERY,op1,,15,linear3,,35
p1000,899.258,QUERY,op1,,15,linear3,,35
p1001,908.9250000000001,INTERACTIVE,op1,,1,const,,55
p1001,,,op2,op1,40,linear7,,20
p1001,,,op3,op2,1,const,,55
p1001,,,op4,op3,15,linear3,,37.5
p1002,908.9250000000001,BATCH_PIPELINE,op1,,1,const,,55
p1002,,,op2,op1,15,linear3,,37.5
p1002,,,op3,op2,80,squared,,10
p1002,,,op4,op3,5,linear3,,45
p1002,,,op5,op4,15,linear3,,37.5
p1002,,,op6,op5,80,squared,,10
p1002,,,op7,op6,5,linear3,,45
p1003,908.9250000000001,BATCH_PIPELINE,op1,,1,const,,55
p1003,,,op2,op1,20,linear7,,30
p1003,,,op3,op1,15,linear3,,37.5
p1003,,,op4,op1,15,linear3,,37.5
p1003,,,op5,op1,2,sqrt,,55
p1003,,,op6,op1,15,linear3,,37.5
p1003,,,op7,op1,20,linear7,,30
p1003,,,op8,op1,15,linear3,,37.5
p1004,908.9250000000001,BATCH_PIPELINE,op1,,1,const,,55
p1004,,,op2,op1,5,linear3,,45
p1004,,,op3,op2,40,linear7,,20
p1004,,,op4,op3,40,linear7,,20
p1004,,,op5,op4,2,sqrt,,55
p1004,,,op6,op5,2,sqrt,,55
p1004,,,op7,op6,15,linear3,,37.5
p1004,,,op8,op7,80,squared,,10
p1004,,,op9,op8,40,linear7,,20
p1004,,,op10,op9,1,const,,55
p1005,908.9250000000001,QUERY,op1,,15,linear3,,35
p1006,908.9250000000001,QUERY,op1,,15,linear3,,35
p1007,908.9250000000001,QUERY,op1,,15,linear3,,35
p1008,908.9250000000001,INTERACTIVE,op1,,1,const,,55
p1008,,,op2,op1,5,linear3,,45
p1008,,,op3,op2,2,sqrt,,55
p1009,908.9250000000001,QUERY,op1,,15,linear3,,35
p1010,908.9250000000001,BATCH_PIPELINE,op1,,1,const,,55
p1010,,,op2,op1,20,linear7,,30
p1010,,,op3,op2,40,linear7,,20
p1010,,,op4,op3,1,const,,55
p1010,,,op5,op4,40,linear7,,20
p1010,,,op6,op5,5,linear3,,45
p1010,,,op7,op6,20,linear7,,30
p1010,,,op8,op7,1,const,,55
p1011,917.937,QUERY,op1,,15,linear3,,35
p1012,917.937,INTERACTIVE,op1,,1,const,,55
p1012,,,op2,op1,2,sqrt,,55
p1012,,,op3,op2,20,linear7,,30
p1013,917.937,INTERACTIVE,op1,,1,const,,55
p1013,,,op2,op1,40,linear7,,20
p1013,,,op3,op2,80,squared,,10
p1013,,,op4,op3,1,const,,55
p1013,,,op5,op4,20,linear7,,30
p1013,,,op6,op5,40,linear7,,20
p1013,,,op7,op6,15,linear3,,37.5
p1014,917.937,QUERY,op1,,15,linear3,,35
p1015,917.937,QUERY,op1,,15,linear3,,35
p1016,917.937,QUERY,op1,,15,linear3,,35
p1017,917.937,INTERACTIVE,op1,,1,const,,55
p1017,,,op2,op1,5,linear3,,45
p1017,,,op3,op2,5,linear3,,45
p1017,,,op4,op3,15,linear3,,37.5
p1017,,,op5,op4,40,linear7,,20
p1018,917.937,QUERY,op1,,15,linear3,,35
p1019,917.937,QUERY,op1,,15,linear3,,35
p1020,917.937,QUERY,op1,,15,linear3,,35
p1021,924.493,QUERY,op1,,15,linear3,,35
p1022,924.493,INTERACTIVE,op1,,1,const,,55
p1022,,,op2,op1,15,linear3,,37.5
p1022,,,op3,op2,20,linear7,,30
p1022,,,op4,op3,20,linear7,,30
p1023,924.493,INTERACTIVE,op1,,1,const,,55
p1023,,,op2,op1,15,linear3,,37.5
p1023,,,op3,op2,40,linear7,,20
p1023,,,op4,op3,5,linear3,,45
p1024,924.493,BATCH_PIPELINE,op1,,1,const,,55
p1024,,,op2,op1,15,linear3,,37.5
p1024,,,op3,op2,5,linear3,,45
p1024,,,op4,op3,2,sqrt,,55
p1024,,,op5,op4,80,squared,,10
p1024,,,op6,op5,2,sqrt,,55
p1024,,,op7,op6,2,sqrt,,55
p1025,924.493,QUERY,op1,,15,linear3,,35
p1026,924.493,INTERACTIVE,op1,,1,const,,55
p1026,,,op2,op1,40,linear7,,20
p1026,,,op3,op2,20,linear7,,30
p1026,,,op4,op3,15,linear3,,37.5
p1026,,,op5,op4,2,sqrt,,55
p1026,,,op6,op5,15,linear3,,37.5
p1026,,,op7,op6,2,sqrt,,55
p1027,924.493,INTERACTIVE,op1,,1,const,,55
p1027,,,op2,op1,20,linear7,,30
p1027,,,op3,op2,40,linear7,,20
p1027,,,op4,op3,15,linear3,,37.5
p1027,,,op5,op4,5,linear3,,45
p1027,,,op6,op5,20,linear7,,30
p1027,,,op7,op6,5,linear3,,45
p1028,924.493,QUERY,op1,,15,linear3,,35
p1029,924.493,INTERACTIVE,op1,,1,const,,55
p1029,,,op2,,40,linear7,,20
p1029,,,op3,,2,sqrt,,55
p1029,,,op4,op1;op2;op3,20,linear7,,30
p1030,924.493,INTERACTIVE,op1,,1,const,,55
p1030,,,op2,op1,40,linear7,,20
p1030,,,op3,op2,40,linear7,,20
p1030,,,op4,op3,80,squared,,10
p1030,,,op5,op4,5,linear3,,45
p1030,,,op6,op5,2,sqrt,,55
p1031,931.869,INTERACTIVE,op1,,1,const,,55
p1031,,,op2,op1,5,linear3,,45
p1032,931.869,INTERACTIVE,op1,,1,const,,55
p1032,,,op2,op1,20,linear7,,30
p1032,,,op3,op2,40,linear7,,20
p1032,,,op4,op3,5,linear3,,45
p1032,,,op5,op4,5,linear3,,45
p1032,,,op6,op5,1,const,,55
p1033,931.869,QUERY,op1,,15,linear3,,35
p1034,931.869,INTERACTIVE,op1,,1,const,,55
p1034,,,op2,,5,linear3,,45
p1034,,,op3,,2,sqrt,,55
p1034,,,op4,,15,linear3,,37.5
p1034,,,op5,,20,linear7,,30
p1034,,,op6,op1;op2;op3;op4;op5,20,linear7,,30
p1035,931.869,QUERY,op1,,15,linear3,,35
p1036,931.869,INTERACTIVE,op1,,1,const,,55
p1036,,,op2,op1,5,linear3,,45
p1036,,,op3,op2,5,linear3,,45
p1036,,,op4,op3,5,linear3,,45
p1036,,,op5,op4,15,linear3,,37.5
p1036,,,op6,op5,80,squared,,10
p1036,,,op7,op6,40,linear7,,20
p1037,931.869,QUERY,op1,,15,linear3,,35
p1038,931.869,QUERY,op1,,15,linear3,,35
p1039,931.869,QUERY,op1,,15,linear3,,35
p1040,931.869,BATCH_PIPELINE,op1,,1,const,,55
p1040,,,op2,op1,1,const,,55
p1040,,,op3,op2,20,linear7,,30
p1040,,,op4,op3,15,linear3,,37.5
p1040,,,op5,op4,5,linear3,,45
p1040,,,op6,op5,15,linear3,,37.5
p1040,,,op7,op6,2,sqrt,,55
p1040,,,op8,op7,20,linear7,,30
p1040,,,op9,op8,15,linear3,,37.5
p1041,941.244,INTERACTIVE,op1,,1,const,,55
p1041,,,op2,op1,1,const,,55
p1041,,,op3,op2,20,linear7,,30
p1041,,,op4,op3,2,sqrt,,55
p1042,941.244,INTERACTIVE,op1,,1,const,,55
p1042,,,op2,op1,2,sqrt,,55
p1042,,,op3,op2,15,linear3,,37.5
p1042,,,op4,op3,80,squared,,10
p1042,,,op5,op4,80,squared,,10
p1042,,,op6,op5,40,linear7,,20
p1043,941.244,QUERY,op1,,15,linear3,,35
p1044,941.244,INTERACTIVE,op1,,1,const,,55
p1044,,,op2,op1,20,linear7,,30
p1044,,,op3,op2,5,linear3,,45
p1044,,,op4,op3,15,linear3,,37.5
p1044,,,op5,op4,15,linear3,,37.5
p1044,,,op6,op5,20,linear7,,30
p1044,,,op7,op6,20,linear7,,30
p1045,941.244,INTERACTIVE,op1,,1,const,,55
p1045,,,op2,,20,linear7,,30
p1045,,,op3,op1;op2,80,squared,,10
p1046,941.244,BATCH_PIPELINE,op1,,1,const,,55
p1046,,,op2,op1,20,linear7,,30
p1046,,,op3,op2,40,linear7,,20
p1046,,,op4,op3,1,const,,55
p1046,,,op5,op4,5,linear3,,45
p1047,941.244,INTERACTIVE,op1,,1,const,,55
p1047,,,op2,op1,1,const,,55
p1047,,,op3,op1,20,linear7,,30
p1047,,,op4,op1,40,linear7,,20
p1047,,,op5,op1,15,linear3,,37.5
p1047,,,op6,op1,20,linear7,,30
p1047,,,op7,op1,5,linear3,,45
p1048,941.244,INTERACTIVE,op1,,1,const,,55
p1048,,,op2,op1,20,linear7,,30
p1048,,,op3,op2,80,squared,,10
p1048,,,op4,op3,2,sqrt,,55
p1048,,,op5,op4,5,linear3,,45
p1048,,,op6,op5,15,linear3,,37.5
p1048,,,op7,op6,5,linear3,,45
p1049,941.244,QUERY,op1,,15,linear3,,35
p1050,941.244,BATCH_PIPELINE,op1,,1,const,,55
p1050,,,op2,op1,15,linear3,,37.5
p1050,,,op3,op1,40,linear7,,20
p1050,,,op4,op1,15,linear3,,37.5
p1050,,,op5,op1,20,linear7,,30
p1050,,,op6,op1,15,linear3,,37.5
p1051,949.821,INTERACTIVE,op1,,1,const,,55
p1051,,,op2,op1,80,squared,,10
p1051,,,op3,op2,80,squared,,10
p1051,,,op4,op3,20,linear7,,30
p1051,,,op5,op4,20,linear7,,30
p1051,,,op6,op5,15,linear3,,37.5
p1052,949.821,INTERACTIVE,op1,,1,const,,55
p1052,,,op2,,20,linear7,,30
p1052,,,op3,,20,linear7,,30
p1052,,,op4,,40,linear7,,20
p1052,,,op5,op1;op2;op3;op4,5,linear3,,45
p1053,949.821,BATCH_PIPELINE,op1,,1,const,,55
p1053,,,op2,op1,5,linear3,,45
p1053,,,op3,op1,5,linear3,,45
p1053,,,op4,op1,5,linear3,,45
p1053,,,op5,op1,15,linear3,,37.5
p1053,,,op6,op1,20,linear7,,30
p1053,,,op7,op1,80,squared,,10
p1053,,,op8,op1,15,linear3,,37.5
p1053,,,op9,op1,20,linear7,,30
p1053,,,op10,op1,1,const,,55
p1054,949.821,QUERY,op1,,15,linear3,,35
p1055,949.821,QUERY,op1,,15,linear3,,35
p1056,949.821,BATCH_PIPELINE,op1,,1,const,,55
p1057,949.821,QUERY,op1,,15,linear3,,35
p1058,949.821,INTERACTIVE,op1,,1,const,,55
p1058,,,op2,,40,linear7,,20
p1058,,,op3,,15,linear3,,37.5
p1058,,,op4,,1,const,,55
p1058,,,op5,,20,linear7,,30
p1058,,,op6,,40,linear7,,20
p1058,,,op7,,20,linear7,,30
p1058,,,op8,op1;op2;op3;op4;op5;op6;op7,20,linear7,,30
p1059,949.821,INTERACTIVE,op1,,1,const,,55
p1059,,,op2,op1,80,squared,,10
p1059,,,op3,op2,40,linear7,,20
p1060,949.821,INTERACTIVE,op1,,1,const,,55
p1060,,,op2,op1,1,const,,55
p1060,,,op3,op2,15,linear3,,37.5
p1061,959.707,BATCH_PIPELINE,op1,,1,const,,55
p1061,,,op2,,5,linear3,,45
p1061,,,op3,,5,linear3,,45
p1061,,,op4,,1,const,,55
p1061,,,op5,,5,linear3,,45
p1061,,,op6,,15,linear3,,37.5
p1061,,,op7,,15,linear3,,37.5
p1061,,,op8,,15,linear3,,37.5
p1061,,,op9,op1;op2;op3;op4;op5;op6;op7;op8,15,linear3,,37.5
p1062,959.707,QUERY,op1,,15,linear3,,35
p1063,959.707,INTERACTIVE,op1,,1,const,,55
p1063,,,op2,,20,linear7,,30
p1063,,,op3,,15,linear3,,37.5
p1063,,,op4,,5,linear3,,45
p1063,,,op5,,20,linear7,,30
p1063,,,op6,,5,linear3,,45
p1063,,,op7,op1;op2;op3;op4;op5;op6,20,linear7,,30
p1064,959.707,INTERACTIVE,op1,,1,const,,55
p1064,,,op2,op1,5,linear3,,45
p1064,,,op3,op2,1,const,,55
p1064,,,op4,op3,20,linear7,,30
p1064,,,op5,op4,20,linear7,,30
p1065,959.707,QUERY,op1,,15,linear3,,35
p1066,959.707,QUERY,op1,,15,linear3,,35
p1067,959.707,QUERY,op1,,15,linear3,,35
p1068,959.707,INTERACTIVE,op1,,1,const,,55
p1068,,,op2,,1,const,,55
p1068,,,op3,,80,squared,,10
p1068,,,op4,op1;op2;op3,80,squared,,10
p1069,959.707,QUERY,op1,,15,linear3,,35
p1070,959.707,INTERACTIVE,op1,,1,const,,55
p1070,,,op2,op1,15,linear3,,37.5
p1070,,,op3,op2,80,squared,,10
p1070,,,op4,op3,20,linear7,,30
p1070,,,op5,op4,80,squared,,10
p1070,,,op6,op5,20,linear7,,30
p1070,,,op7,op6,5,linear3,,45
p1070,,,op8,op7,5,linear3,,45
p1071,964.552,INTERACTIVE,op1,,1,const,,55
p1071,,,op2,op1,15,linear3,,37.5
p1071,,,op3,op2,2,sqrt,,55
p1071,,,op4,op3,20,linear7,,30
p1071,,,op5,op4,40,linear7,,20
p1071,,,op6,op5,20,linear7,,30
p1071,,,op7,op6,15,linear3,,37.5
p1072,964.552,BATCH_PIPELINE,op1,,1,const,,55
p1072,,,op2,op1,15,linear3,,37.5
p1072,,,op3,op2,80,squared,,10
p1072,,,op4,op3,1,const,,55
p1072,,,op5,op4,5,linear3,,45
p1072,,,op6,op5,15,linear3,,37.5
p1072,,,op7,op6,5,linear3,,45
p1072,,,op8,op7,40,linear7,,20
p1072,,,op9,op8,20,linear7,,30
p1073,964.552,INTERACTIVE,op1,,1,const,,55
p1073,,,op2,op1,80,squared,,10
p1073,,,op3,op2,15,linear3,,37.5
p1073,,,op4,op3,15,linear3,,37.5
p1073,,,op5,op4,1,const,,55
p1073,,,op6,op5,5,linear3,,45
p1073,,,op7,op6,40,linear7,,20
p1074,964.552,BATCH_PIPELINE,op1,,1,const,,55
p1074,,,op2,op1,40,linear7,,20
p1074,,,op3,op2,15,linear3,,37.5
p1075,964.552,QUERY,op1,,15,linear3,,35
p1076,964.552,QUERY,op1,,15,linear3,,35
p1077,964.552,QUERY,op1,,15,linear3,,35
p1078,964.552,QUERY,op1,,15,linear3,,35
p1079,964.552,INTERACTIVE,op1,,1,const,,55
p1079,,,op2,op1,40,linear7,,20
p1079,,,op3,op2,20,linear7,,30
p1079,,,op4,op3,20,linear7,,30
p1079,,,op5,op4,20,linear7,,30
p1079,,,op6,op5,40,linear7,,20
p1079,,,op7,op6,1,const,,55
p1080,964.552,INTERACTIVE,op1,,1,const,,55
p1080,,,op2,op1,20,linear7,,30
p1080,,,op3,op2,20,linear7,,30
p1080,,,op4,op3,40,linear7,,20
p1081,976.1370000000001,INTERACTIVE,op1,,1,const,,55
p1081,,,op2,,15,linear3,,37.5
p1081,,,op3,,20,linear7,,30
p1081,,,op4,,1,const,,55
p1081,,,op5,,80,squared,,10
p1081,,,op6,op1;op2;op3;op4;op5,20,linear7,,30
p1082,976.1370000000001,QUERY,op1,,15,linear3,,35
p1083,976.1370000000001,BATCH_PIPELINE,op1,,1,const,,55
p1083,,,op2,op1,5,linear3,,45
p1083,,,op3,op2,80,squared,,10
p1083,,,op4,op3,5,linear3,,45
p1083,,,op5,op4,15,linear3,,37.5
p1083,,,op6,op5,40,linear7,,20
p1083,,,op7,op6,20,linear7,,30
p1084,976.1370000000001,QUERY,op1,,15,linear3,,35
p1085,976.1370000000001,BATCH_PIPELINE,op1,,1,const,,55
p1085,,,op2,op1,15,linear3,,37.5
p1085,,,op3,op2,15,linear3,,37.5
p1085,,,op4,op3,40,linear7,,20
p1085,,,op5,op4,5,linear3,,45
p1085,,,op6,op5,5,linear3,,45
p1085,,,op7,op6,1,const,,55
p1085,,,op8,op7,1,const,,55
p1085,,,op9,op8,5,linear3,,45
p1085,,,op10,op9,15,linear3,,37.5
p1085,,,op11,op10,80,squared,,10
p1085,,,op12,op11,20,linear7,,30
p1085,,,op13,op12,2,sqrt,,55
p1086,976.1370000000001,QUERY,op1,,15,linear3,,35
p1087,976.1370000000001,BATCH_PIPELINE,op1,,1,const,,55
p1087,,,op2,op1,5,linear3,,45
p1087,,,op3,op1,40,linear7,,20
p1087,,,op4,op1,2,sqrt,,55
p1087,,,op5,op1,15,linear3,,37.5
p1087,,,op6,op1,80,squared,,10
p1087,,,op7,op1,15,linear3,,37.5
p1087,,,op8,op1,2,sqrt,,55
p1087,,,op9,op1,20,linear7,,30
p1087,,,op10,op1,5,linear3,,45
p1088,976.1370000000001,BATCH_PIPELINE,op1,,1,const,,55
p1088,,,op2,op1,5,linear3,,45
p1088,,,op3,op2,5,linear3,,45
p1088,,,op4,op3,2,sqrt,,55
p1088,,,op5,op4,5,linear3,,45
p1088,,,op6,op5,5,linear3,,45
p1088,,,op7,op6,2,sqrt,,55
p1088,,,op8,op7,80,squared,,10
p1088,,,op9,op8,20,linear7,,30
p1089,976.1370000000001,QUERY,op1,,15,linear3,,35
p1090,976.1370000000001,INTERACTIVE,op1,,1,const,,55
p1090,,,op2,op1,20,linear7,,30
p1090,,,op3,op2,15,linear3,,37.5
p1090,,,op4,op3,20,linear7,,30
p1090,,,op5,op4,20,linear7,,30
p1090,,,op6,op5,5,linear3,,45
p1090,,,op7,op6,1,const,,55
p1091,985.467,QUERY,op1,,15,linear3,,35
p1092,985.467,INTERACTIVE,op1,,1,const,,55
p1092,,,op2,op1,80,squared,,10
p1092,,,op3,op2,5,linear3,,45
p1092,,,op4,op3,5,linear3,,45
p1092,,,op5,op4,2,sqrt,,55
p1092,,,op6,op5,20,linear7,,30
p1093,985.467,QUERY,op1,,15,linear3,,35
p1094,985.467,QUERY,op1,,15,linear3,,35
p1095,985.467,INTERACTIVE,op1,,1,const,,55
p1095,,,op2,op1,5,linear3,,45
p1095,,,op3,op1,15,linear3,,37.5
p1096,985.467,QUERY,op1,,15,linear3,,35
p1097,985.467,QUERY,op1,,15,linear3,,35
p1098,985.467,INTERACTIVE,op1,,1,const,,55
p1098,,,op2,op1,80,squared,,10
p1098,,,op3,op2,40,linear7,,20
p1098,,,op4,op3,40,linear7,,20
p1098,,,op5,op4,80,squared,,10
p1099,985.467,QUERY,op1,,15,linear3,,35
p1100,985.467,QUERY,op1,,15,linear3,,35
p1101,996.738,INTERACTIVE,op1,,1,const,,55
p1101,,,op2,op1,2,sqrt,,55
p1101,,,op3,op2,15,linear3,,37.5
p1101,,,op4,op3,40,linear7,,20
p1101,,,op5,op4,15,linear3,,37.5
p1101,,,op6,op5,40,linear7,,20
p1102,996.738,BATCH_PIPELINE,op1,,1,const,,55
p1102,,,op2,,2,sqrt,,55
p1102,,,op3,,20,linear7,,30
p1102,,,op4,,2,sqrt,,55
p1102,,,op5,,1,const,,55
p1102,,,op6,,5,linear3,,45
p1102,,,op7,,40,linear7,,20
p1102,,,op8,,20,linear7,,30
p1102,,,op9,,80,squared,,10
p1102,,,op10,op1;op2;op3;op4;op5;op6;op7;op8;op9,15,linear3,,37.5
p1103,996.738,INTERACTIVE,op1,,1,const,,55
p1103,,,op2,op1,2,sqrt,,55
p1103,,,op3,op2,40,linear7,,20
p1103,,,op4,op3,5,linear3,,45
p1103,,,op5,op4,5,linear3,,45
p1103,,,op6,op5,80,squared,,10
p1104,996.738,BATCH_PIPELINE,op1,,1,const,,55
p1104,,,op2,op1,15,linear3,,37.5
p1104,,,op3,op1,15,linear3,,37.5
p1104,,,op4,op1,20,linear7,,30
p1104,,,op5,op1,80,squared,,10
p1104,,,op6,op1,15,linear3,,37.5
p1104,,,op7,op1,80,squared,,10
p1104,,,op8,op1,20,linear7,,30
p1104,,,op9,op1,5,linear3,,45
p1104,,,op10,op1,20,linear7,,30
p1105,996.738,INTERACTIVE,op1,,1,const,,55
p1105,,,op2,op1,15,linear3,,37.5
p1105,,,op3,op1,15,linear3,,37.5
p1105,,,op4,op1,20,linear7,,30
p1105,,,op5,op1,80,squared,,10
p1105,,,op6,op1,20,linear7,,30
p1105,,,op7,op1,20,linear7,,30
p1105,,,op8,op1,15,linear3,,37.5
p1106,996.738,INTERACTIVE,op1,,1,const,,55
p1106,,,op2,op1,80,squared,,10
p1106,,,op3,op2,15,linear3,,37.5
p1106,,,op4,op3,15,linear3,,37.5
p1106,,,op5,op4,2,sqrt,,55
p1107,996.738,INTERACTIVE,op1,,1,const,,55
p1107,,,op2,op1,20,linear7,,30
p1107,,,op3,op2,20,linear7,,30
p1107,,,op4,op3,15,linear3,,37.5
p1107,,,op5,op4,20,linear7,,30
p1107,,,op6,op5,20,linear7,,30
p1107,,,op7,op6,15,linear3,,37.5
p1107,,,op8,op7,15,linear3,,37.5
p1108,996.738,INTERACTIVE,op1,,1,const,,55
p1108,,,op2,op1,80,squared,,10
p1108,,,op3,op2,80,squared,,10
p1108,,,op4,op3,2,sqrt,,55
p1108,,,op5,op4,2,sqrt,,55
p1109,996.738,QUERY,op1,,15,linear3,,35
p1110,996.738,QUERY,op1,,15,linear3,,35
p1111,1007.754,QUERY,op1,,15,linear3,,35
p1112,1007.754,QUERY,op1,,15,linear3,,35
p1113,1007.754,QUERY,op1,,15,linear3,,35
p1114,1007.754,BATCH_PIPELINE,op1,,1,const,,55
p1114,,,op2,op1,1,const,,55
p1114,,,op3,op2,1,const,,55
p1114,,,op4,op3,1,const,,55
p1114,,,op5,op4,20,linear7,,30
p1114,,,op6,op5,15,linear3,,37.5
p1114,,,op7,op6,20,linear7,,30
p1115,1007.754,QUERY,op1,,15,linear3,,35
p1116,1007.754,QUERY,op1,,15,linear3,,35
p1117,1007.754,BATCH_PIPELINE,op1,,1,const,,55
p1117,,,op2,op1,1,const,,55
p1118,1007.754,INTERACTIVE,op1,,1,const,,55
p1118,,,op2,op1,80,squared,,10
p1118,,,op3,op2,1,const,,55
p1118,,,op4,op3,20,linear7,,30
p1119,1007.754,QUERY,op1,,15,linear3,,35
p1120,1007.754,QUERY,op1,,15,linear3,,35
p1121,1017.715,INTERACTIVE,op1,,1,const,,55
p1121,,,op2,op1,40,linear7,,20
p1121,,,op3,op2,1,const,,55
p1121,,,op4,op3,80,squared,,10
p1121,,,op5,op4,5,linear3,,45
p1121,,,op6,op5,1,const,,55
p1122,1017.715,BATCH_PIPELINE,op1,,1,const,,55
p1122,,,op2,op1,40,linear7,,20
p1122,,,op3,op2,2,sqrt,,55
p1122,,,op4,op3,15,linear3,,37.5
p1122,,,op5,op4,15,linear3,,37.5
p1122,,,op6,op5,80,squared,,10
p1122,,,op7,op6,20,linear7,,30
p1123,1017.715,INTERACTIVE,op1,,1,const,,55
p1123,,,op2,op1,80,squared,,10
p1123,,,op3,op2,15,linear3,,37.5
p1123,,,op4,op3,5,linear3,,45
p1123,,,op5,op4,5,linear3,,45
p1124,1017.715,INTERACTIVE,op1,,1,const,,55
p1124,,,op2,op1,80,squared,,10
p1124,,,op3,op2,15,linear3,,37.5
p1125,1017.715,INTERACTIVE,op1,,1,const,,55
p1125,,,op2,op1,15,linear3,,37.5
p1126,1017.715,INTERACTIVE,op1,,1,const,,55
p1126,,,op2,op1,1,const,,55
p1126,,,op3,op2,40,linear7,,20
p1126,,,op4,op3,20,linear7,,30
p1126,,,op5,op4,5,linear3,,45
p1126,,,op6,op5,2,sqrt,,55
p1127,1017.715,QUERY,op1,,15,linear3,,35
p1128,1017.715,QUERY,op1,,15,linear3,,35
p1129,1017.715,QUERY,op1,,15,linear3,,35
p1130,1017.715,INTERACTIVE,op1,,1,const,,55
p1130,,,op2,op1,15,linear3,,37.5
p1130,,,op3,op2,40,linear7,,20
p1131,1028.0810000000001,INTERACTIVE,op1,,1,const,,55
p1131,,,op2,,1,const,,55
p1131,,,op3,,15,linear3,,37.5
p1131,,,op4,,20,linear7,,30
p1131,,,op5,,1,const,,55
p1131,,,op6,op1;op2;op3;op4;op5,40,linear7,,20
p1132,1028.0810000000001,QUERY,op1,,15,linear3,,35
p1133,1028.0810000000001,QUERY,op1,,15,linear3,,35
p1134,1028.0810000000001,BATCH_PIPELINE,op1,,1,const,,55
p1134,,,op2,op1,1,const,,55
p1134,,,op3,op2,40,linear7,,20
p1134,,,op4,op3,5,linear3,,45
p1134,,,op5,op4,15,linear3,,37.5
p1134,,,op6,op5,1,const,,55
p1135,1028.0810000000001,INTERACTIVE,op1,,1,const,,55
p1135,,,op2,op1,1,const,,55
p1135,,,op3,op2,20,linear7,,30
p1135,,,op4,op3,15,linear3,,37.5
p1136,1028.0810000000001,INTERACTIVE,op1,,1,const,,55
p1136,,,op2,op1,20,linear7,,30
p1136,,,op3,op1,80,squared,,10
p1136,,,op4,op1,80,squared,,10
p1136,,,op5,op1,20,linear7,,30
p1136,,,op6,op1,5,linear3,,45
p1136,,,op7,op1,5,linear3,,45
p1137,1028.0810000000001,BATCH_PIPELINE,op1,,1,const,,55
p1137,,,op2,op1,20,linear7,,30
p1137,,,op3,op2,80,squared,,10
p1137,,,op4,op3,15,linear3,,37.5
p1137,,,op5,op4,1,const,,55
p1137,,,op6,op5,1,const,,55
p1137,,,op7,op6,20,linear7,,30
p1137,,,op8,op7,15,linear3,,37.5
p1137,,,op9,op8,20,linear7,,30
p1138,1028.0810000000001,INTERACTIVE,op1,,1,const,,55
p1138,,,op2,op1,5,linear3,,45
p1138,,,op3,op2,5,linear3,,45
p1138,,,op4,op3,2,sqrt,,55
p1138,,,op5,op4,80,squared,,10
p1138,,,op6,op5,15,linear3,,37.5
p1138,,,op7,op6,20,linear7,,30
p1139,1028.0810000000001,QUERY,op1,,15,linear3,,35
p1140,1028.0810000000001,INTERACTIVE,op1,,1,const,,55
p1140,,,op2,op1,5,linear3,,45
p1140,,,op3,op2,2,sqrt,,55
p1140,,,op4,op3,15,linear3,,37.5
p1140,,,op5,op4,20,linear7,,30
p1141,1040.778,QUERY,op1,,15,linear3,,35
p1142,1040.778,INTERACTIVE,op1,,1,const,,55
p1142,,,op2,op1,2,sqrt,,55
p1142,,,op3,op2,2,sqrt,,55
p1142,,,op4,op3,1,const,,55
p1142,,,op5,op4,40,linear7,,20
p1142,,,op6,op5,20,linear7,,30
p1142,,,op7,op6,15,linear3,,37.5
p1143,1040.778,QUERY,op1,,15,linear3,,35
p1144,1040.778,INTERACTIVE,op1,,1,const,,55
p1144,,,op2,op1,1,const,,55
p1144,,,op3,op2,2,sqrt,,55
p1144,,,op4,op3,1,const,,55
p1145,1040.778,BATCH_PIPELINE,op1,,1,const,,55
p1145,,,op2,op1,1,const,,55
p1145,,,op3,op2,20,linear7,,30
p1145,,,op4,op3,20,linear7,,30
p1145,,,op5,op4,80,squared,,10
p1146,1040.778,INTERACTIVE,op1,,1,const,,55
p1146,,,op2,op1,5,linear3,,45
p1146,,,op3,op2,5,linear3,,45
p1146,,,op4,op3,20,linear7,,30
p1146,,,op5,op4,40,linear7,,20
p1146,,,op6,op5,40,linear7,,20
p1147,1040.778,BATCH_PIPELINE,op1,,1,const,,55
p1147,,,op2,op1,5,linear3,,45
p1147,,,op3,op2,2,sqrt,,55
p1147,,,op4,op3,5,linear3,,45
p1147,,,op5,op4,80,squared,,10
p1147,,,op6,op5,15,linear3,,37.5
p1147,,,op7,op6,15,linear3,,37.5
p1147,,,op8,op7,5,linear3,,45
p1147,,,op9,op8,80,squared,,10
p1148,1040.778,INTERACTIVE,op1,,1,const,,55
p1148,,,op2,op1,15,linear3,,37.5
p1148,,,op3,op1,15,linear3,,37.5
p1148,,,op4,op1,5,linear3,,45
p1149,1040.778,INTERACTIVE,op1,,1,const,,55
p1149,,,op2,op1,2,sqrt,,55
p1149,,,op3,op2,5,linear3,,45
p1149,,,op4,op3,5,linear3,,45
p1149,,,op5,op4,80,squared,,10
p1149,,,op6,op5,40,linear7,,20
p1149,,,op7,op6,40,linear7,,20
p1149,,,op8,op7,15,linear3,,37.5
p1150,1040.778,QUERY,op1,,15,linear3,,35
p1151,1046.512,QUERY,op1,,15,linear3,,35
p1152,1046.512,INTERACTIVE,op1,,1,const,,55
p1152,,,op2,,15,linear3,,37.5
p1152,,,op3,,15,linear3,,37.5
p1152,,,op4,,40,linear7,,20
p1152,,,op5,,1,const,,55
p1152,,,op6,,40,linear7,,20
p1152,,,op7,op1;op2;op3;op4;op5;op6,15,linear3,,37.5
p1153,1046.512,BATCH_PIPELINE,op1,,1,const,,55
p1153,,,op2,op1,80,squared,,10
p1153,,,op3,op1,80,squared,,10
p1154,1046.512,BATCH_PIPELINE,op1,,1,const,,55
p1154,,,op2,op1,40,linear7,,20
p1154,,,op3,op2,5,linear3,,45
p1154,,,op4,op3,5,linear3,,45
p1154,,,op5,op4,2,sqrt,,55
p1154,,,op6,op5,1,const,,55
p1154,,,op7,op6,40,linear7,,20
p1154,,,op8,op7,2,sqrt,,55
p1154,,,op9,op8,2,sqrt,,55
p1154,,,op10,op9,1,const,,55
p1154,,,op11,op10,5,linear3,,45
p1155,1046.512,BATCH_PIPELINE,op1,,1,const,,55
p1155,,,op2,,5,linear3,,45
p1155,,,op3,,2,sqrt,,55
p1155,,,op4,,40,linear7,,20
p1155,,,op5,,15,linear3,,37.5
p1155,,,op6,,2,sqrt,,55
p1155,,,op7,,15,linear3,,37.5
p1155,,,op8,,5,linear3,,45
p1155,,,op9,,80,squared,,10
p1155,,,op10,,20,linear7,,30
p1155,,,op11,,20,linear7,,30
p1155,,,op12,op1;op2;op3;op4;op5;op6;op7;op8;op9;op10;op11,1,const,,55
p1156,1046.512,QUERY,op1,,15,linear3,,35
p1157,1046.512,BATCH_PIPELINE,op1,,1,const,,55
p1157,,,op2,op1,5,linear3,,45
p1157,,,op3,op2,1,const,,55
p1157,,,op4,op3,80,squared,,10
p1157,,,op5,op4,15,linear3,,37.5
p1157,,,op6,op5,2,sqrt,,55
p1157,,,op7,op6,15,linear3,,37.5
p1157,,,op8,op7,1,const,,55
p1157,,,op9,op8,2,sqrt,,55
p1157,,,op10,op9,15,linear3,,37.5
p1158,1046.512,INTERACTIVE,op1,,1,const,,55
p1158,,,op2,op1,40,linear7,,20
p1158,,,op3,op2,1,const,,55
p1159,1046.512,BATCH_PIPELINE,op1,,1,const,,55
p1159,,,op2,op1,5,linear3,,45
p1159,,,op3,op2,5,linear3,,45
p1159,,,op4,op3,20,linear7,,30
p1159,,,op5,op4,1,const,,55
p1159,,,op6,op5,5,linear3,,45
p1159,,,op7,op6,5,linear3,,45
p1159,,,op8,op7,5,linear3,,45
p1160,1046.512,INTERACTIVE,op1,,1,const,,55
p1160,,,op2,op1,2,sqrt,,55
p1160,,,op3,op2,5,linear3,,45
p1160,,,op4,op3,15,linear3,,37.5
p1160,,,op5,op4,80,squared,,10
p1160,,,op6,op5,2,sqrt,,55
p1161,1055.839,INTERACTIVE,op1,,1,const,,55
p1161,,,op2,op1,80,squared,,10
p1161,,,op3,op1,5,linear3,,45
p1161,,,op4,op1,40,linear7,,20
p1161,,,op5,op1,5,linear3,,45
p1162,1055.839,INTERACTIVE,op1,,1,const,,55
p1162,,,op2,op1,80,squared,,10
p1162,,,op3,op2,40,linear7,,20
p1162,,,op4,op3,20,linear7,,30
p1162,,,op5,op4,40,linear7,,20
p1163,1055.839,QUERY,op1,,15,linear3,,35
p1164,1055.839,BATCH_PIPELINE,op1,,1,const,,55
p1164,,,op2,op1,2,sqrt,,55
p1164,,,op3,op2,80,squared,,10
p1164,,,op4,op3,5,linear3,,45
p1164,,,op5,op4,15,linear3,,37.5
p1164,,,op6,op5,20,linear7,,30
p1165,1055.839,BATCH_PIPELINE,op1,,1,const,,55
p1165,,,op2,op1,20,linear7,,30
p1165,,,op3,op2,2,sqrt,,55
p1165,,,op4,op3,5,linear3,,45
p1165,,,op5,op4,15,linear3,,37.5
p1165,,,op6,op5,20,linear7,,30
p1165,,,op7,op6,15,linear3,,37.5
p1166,1055.839,INTERACTIVE,op1,,1,const,,55
p1166,,,op2,,15,linear3,,37.5
p1166,,,op3,,1,const,,55
p1166,,,op4,,2,sqrt,,55
p1166,,,op5,op1;op2;op3;op4,5,linear3,,45
p1167,1055.839,QUERY,op1,,15,linear3,,35
p1168,1055.839,QUERY,op1,,15,linear3,,35
p1169,1055.839,INTERACTIVE,op1,,1,const,,55
p1169,,,op2,,80,squared,,10
p1169,,,op3,,2,sqrt,,55
p1169,,,op4,,5,linear3,,45
p1169,,,op5,,80,squared,,10
p1169,,,op6,,20,linear7,,30
p1169,,,op7,op1;op2;op3;op4;op5;op6,15,linear3,,37.5
p1170,1055.839,INTERACTIVE,op1,,1,const,,55
p1170,,,op2,op1,20,linear7,,30
p1170,,,op3,op2,40,linear7,,20
p1170,,,op4,op3,2,sqrt,,55
p1170,,,op5,op4,15,linear3,,37.5
p1170,,,op6,op5,2,sqrt,,55
p1170,,,op7,op6,2,sqrt,,55
p1171,1063.573,INTERACTIVE,op1,,1,const,,55
p1171,,,op2,op1,15,linear3,,37.5
p1171,,,op3,op2,2,sqrt,,55
p1171,,,op4,op3,20,linear7,,30
p1171,,,op5,op4,40,linear7,,20
p1172,1063.573,QUERY,op1,,15,linear3,,35
p1173,1063.573,INTERACTIVE,op1,,1,const,,55
p1173,,,op2,op1,20,linear7,,30
p1173,,,op3,op2,80,squared,,10
p1173,,,op4,op3,15,linear3,,37.5
p1173,,,op5,op4,15,linear3,,37.5
p1173,,,op6,op5,40,linear7,,20
p1174,1063.573,BATCH_PIPELINE,op1,,1,const,,55
p1174,,,op2,op1,20,linear7,,30
p1174,,,op3,op2,80,squared,,10
p1174,,,op4,op3,20,linear7,,30
p1174,,,op5,op4,1,const,,55
p1174,,,op6,op5,15,linear3,,37.5
p1174,,,op7,op6,1,const,,55
p1174,,,op8,op7,40,linear7,,20
p1174,,,op9,op8,2,sqrt,,55
p1175,1063.573,INTERACTIVE,op1,,1,const,,55
p1175,,,op2,op1,80,squared,,10
p1175,,,op3,op2,15,linear3,,37.5
p1175,,,op4,op3,5,linear3,,45
p1176,1063.573,INTERACTIVE,op1,,1,const,,55
p1176,,,op2,,15,linear3,,37.5
p1176,,,op3,op1;op2,40,linear7,,20
p1177,1063.573,QUERY,op1,,15,linear3,,35
p1178,1063.573,INTERACTIVE,op1,,1,const,,55
p1178,,,op2,op1,2,sqrt,,55
p1178,,,op3,op2,40,linear7,,20
p1178,,,op4,op3,80,squared,,10
p1179,1063.573,BATCH_PIPELINE,op1,,1,const,,55
p1179,,,op2,op1,1,const,,55
p1179,,,op3,op2,20,linear7,,30
p1179,,,op4,op3,40,linear7,,20
p1179,,,op5,op4,15,linear3,,37.5
p1179,,,op6,op5,20,linear7,,30
p1179,,,op7,op6,80,squared,,10
p1180,1063.573,QUERY,op1,,15,linear3,,35
p1181,1072.434,INTERACTIVE,op1,,1,const,,55
p1181,,,op2,,1,const,,55
p1181,,,op3,,15,linear3,,37.5
p1181,,,op4,op1;op2;op3,15,linear3,,37.5
p1182,1072.434,INTERACTIVE,op1,,1,const,,55
p1182,,,op2,op1,15,linear3,,37.5
p1182,,,op3,op1,5,linear3,,45
p1182,,,op4,op1,40,linear7,,20
p1182,,,op5,op1,20,linear7,,30
p1182,,,op6,op1,80,squared,,10
p1183,1072.434,QUERY,op1,,15,linear3,,35
p1184,1072.434,INTERACTIVE,op1,,1,const,,55
p1184,,,op2,op1,1,const,,55
p1184,,,op3,op2,20,linear7,,30
p1185,1072.434,QUERY,op1,,15,linear3,,35
p1186,1072.434,INTERACTIVE,op1,,1,const,,55
p1186,,,op2,,2,sqrt,,55
p1186,,,op3,,20,linear7,,30
p1186,,,op4,,2,sqrt,,55
p1186,,,op5,,2,sqrt,,55
p1186,,,op6,op1;op2;op3;op4;op5,40,linear7,,20
p1187,1072.434,INTERACTIVE,op1,,1,const,,55
p1187,,,op2,op1,15,linear3,,37.5
p1187,,,op3,op2,20,linear7,,30
p1187,,,op4,op3,2,sqrt,,55
p1187,,,op5,op4,80,squared,,10
p1188,1072.434,INTERACTIVE,op1,,1,const,,55
p1188,,,op2,op1,40,linear7,,20
p1188,,,op3,op2,40,linear7,,20
p1188,,,op4,op3,40,linear7,,20
p1188,,,op5,op4,2,sqrt,,55
p1188,,,op6,op5,40,linear7,,20
p1188,,,op7,op6,80,squared,,10
p1188,,,op8,op7,15,linear3,,37.5
p1189,1072.434,INTERACTIVE,op1,,1,const,,55
p1189,,,op2,op1,80,squared,,10
p1189,,,op3,op2,2,sqrt,,55
p1189,,,op4,op3,2,sqrt,,55
p1189,,,op5,op4,80,squared,,10
p1190,1072.434,QUERY,op1,,15,linear3,,35
p1191,1086.205,INTERACTIVE,op1,,1,const,,55
p1191,,,op2,,15,linear3,,37.5
p1191,,,op3,,1,const,,55
p1191,,,op4,,20,linear7,,30
p1191,,,op5,,20,linear7,,30
p1191,,,op6,op1;op2;op3;op4;op5,15,linear3,,37.5
p1192,1086.205,BATCH_PIPELINE,op1,,1,const,,55
p1192,,,op2,op1,1,const,,55
p1192,,,op3,op2,20,linear7,,30
p1192,,,op4,op3,80,squared,,10
p1192,,,op5,op4,80,squared,,10
p1192,,,op6,op5,1,const,,55
p1193,1086.205,QUERY,op1,,15,linear3,,35
p1194,1086.205,QUERY,op1,,15,linear3,,35
p1195,1086.205,QUERY,op1,,15,linear3,,35
p1196,1086.205,BATCH_PIPELINE,op1,,1,const,,55
p1196,,,op2,op1,80,squared,,10
p1196,,,op3,op1,5,linear3,,45
p1196,,,op4,op1,40,linear7,,20
p1196,,,op5,op1,1,const,,55
p1196,,,op6,op1,2,sqrt,,55
p1196,,,op7,op1,20,linear7,,30
p1196,,,op8,op1,40,linear7,,20
p1197,1086.205,INTERACTIVE,op1,,1,const,,55
p1197,,,op2,op1,15,linear3,,37.5
p1197,,,op3,op2,40,linear7,,20
p1197,,,op4,op3,5,linear3,,45
p1197,,,op5,op4,15,linear3,,37.5
p1197,,,op6,op5,2,sqrt,,55
p1198,1086.205,INTERACTIVE,op1,,1,const,,55
p1198,,,op2,,2,sqrt,,55
p1198,,,op3,,5,linear3,,45
p1198,,,op4,,1,const,,55
p1198,,,op5,,2,sqrt,,55
p1198,,,op6,,80,squared,,10
p1198,,,op7,,15,linear3,,37.5
p1198,,,op8,op1;op2;op3;op4;op5;op6;op7,80,squared,,10
p1199,1086.205,QUERY,op1,,15,linear3,,35
p1200,1086.205,QUERY,op1,,15,linear3,,35
p1201,1096.648,BATCH_PIPELINE,op1,,1,const,,55
p1201,,,op2,op1,80,squared,,10
p1201,,,op3,op2,40,linear7,,20
p1201,,,op4,op3,1,const,,55
p1201,,,op5,op4,40,linear7,,20
p1201,,,op6,op5,5,linear3,,45
p1201,,,op7,op6,2,sqrt,,55
p1201,,,op8,op7,15,linear3,,37.5
p1202,1096.648,QUERY,op1,,15,linear3,,35
p1203,1096.648,QUERY,op1,,15,linear3,,35
p1204,1096.648,QUERY,op1,,15,linear3,,35
p1205,1096.648,QUERY,op1,,15,linear3,,35
p1206,1096.648,INTERACTIVE,op1,,1,const,,55
p1206,,,op2,op1,80,squared,,10
p1206,,,op3,op1,20,linear7,,30
p1206,,,op4,op1,15,linear3,,37.5
p1206,,,op5,op1,80,squared,,10
p1206,,,op6,op1,15,linear3,,37.5
p1206,,,op7,op1,15,linear3,,37.5
p1207,1096.648,QUERY,op1,,15,linear3,,35
p1208,1096.648,BATCH_PIPELINE,op1,,1,const,,55
p1208,,,op2,op1,80,squared,,10
p1208,,,op3,op2,20,linear7,,30
p1208,,,op4,op3,15,linear3,,37.5
p1208,,,op5,op4,5,linear3,,45
p1208,,,op6,op5,15,linear3,,37.5
p1208,,,op7,op6,15,linear3,,37.5
p1209,1096.648,INTERACTIVE,op1,,1,const,,55
p1209,,,op2,op1,5,linear3,,45
p1209,,,op3,op1,40,linear7,,20
p1209,,,op4,op1,80,squared,,10
p1209,,,op5,op1,40,linear7,,20
p1209,,,op6,op1,15,linear3,,37.5
p1210,1096.648,QUERY,op1,,15,linear3,,35
p1211,1105.824,INTERACTIVE,op1,,1,const,,55
p1211,,,op2,op1,80,squared,,10
p1211,,,op3,op2,80,squared,,10
p1211,,,op4,op3,40,linear7,,20
p1211,,,op5,op4,20,linear7,,30
p1211,,,op6,op5,15,linear3,,37.5
p1211,,,op7,op6,2,sqrt,,55
p1212,1105.824,QUERY,op1,,15,linear3,,35
p1213,1105.824,QUERY,op1,,15,linear3,,35
p1214,1105.824,INTERACTIVE,op1,,1,const,,55
p1214,,,op2,op1,15,linear3,,37.5
p1215,1105.824,BATCH_PIPELINE,op1,,1,const,,55
p1215,,,op2,op1,80,squared,,10
p1215,,,op3,op2,20,linear7,,30
p1215,,,op4,op3,5,linear3,,45
p1215,,,op5,op4,15,linear3,,37.5
p1215,,,op6,op5,15,linear3,,37.5
p1216,1105.824,INTERACTIVE,op1,,1,const,,55
p1216,,,op2,,5,linear3,,45
p1216,,,op3,,2,sqrt,,55
p1216,,,op4,op1;op2;op3,15,linear3,,37.5
p1217,1105.824,QUERY,op1,,15,linear3,,35
p1218,1105.824,BATCH_PIPELINE,op1,,1,const,,55
p1218,,,op2,,20,linear7,,30
p1218,,,op3,,80,squared,,10
p1218,,,op4,,40,linear7,,20
p1218,,,op5,,80,squared,,10
p1218,,,op6,,80,squared,,10
p1218,,,op7,op1;op2;op3;op4;op5;op6,20,linear7,,30
p1219,1105.824,INTERACTIVE,op1,,1,const,,55
p1219,,,op2,op1,15,linear3,,37.5
p1219,,,op3,op2,5,linear3,,45
p1219,,,op4,op3,20,linear7,,30
p1219,,,op5,op4,5,linear3,,45
p1219,,,op6,op5,5,linear3,,45
p1219,,,op7,op6,20,linear7,,30
p1220,1105.824,BATCH_PIPELINE,op1,,1,const,,55
p1220,,,op2,,1,const,,55
p1220,,,op3,,2,sqrt,,55
p1220,,,op4,op1;op2;op3,20,linear7,,30
p1221,1115.317,INTERACTIVE,op1,,1,const,,55
p1221,,,op2,op1,20,linear7,,30
p1221,,,op3,op2,20,linear7,,30
p1221,,,op4,op3,40,linear7,,20
p1221,,,op5,op4,40,linear7,,20
p1221,,,op6,op5,20,linear7,,30
p1221,,,op7,op6,80,squared,,10
p1222,1115.317,QUERY,op1,,15,linear3,,35
p1223,1115.317,INTERACTIVE,op1,,1,const,,55
p1223,,,op2,op1,80,squared,,10
p1223,,,op3,op2,1,const,,55
p1223,,,op4,op3,80,squared,,10
p1223,,,op5,op4,2,sqrt,,55
p1224,1115.317,INTERACTIVE,op1,,1,const,,55
p1224,,,op2,op1,1,const,,55
p1224,,,op3,op2,20,linear7,,30
p1224,,,op4,op3,20,linear7,,30
p1224,,,op5,op4,40,linear7,,20
p1225,1115.317,QUERY,op1,,15,linear3,,35
p1226,1115.317,INTERACTIVE,op1,,1,const,,55
p1226,,,op2,,1,const,,55
p1226,,,op3,,2,sqrt,,55
p1226,,,op4,,15,linear3,,37.5
p1226,,,op5,op1;op2;op3;op4,2,sqrt,,55
p1227,1115.317,QUERY,op1,,15,linear3,,35
p1228,1115.317,QUERY,op1,,15,linear3,,35
p1229,1115.317,INTERACTIVE,op1,,1,const,,55
p1229,,,op2,op1,15,linear3,,37.5
p1229,,,op3,op2,5,linear3,,45
p1229,,,op4,op3,15,linear3,,37.5
p1229,,,op5,op4,15,linear3,,37.5
p1229,,,op6,op5,1,const,,55
p1230,1115.317,BATCH_PIPELINE,op1,,1,const,,55
p1230,,,op2,op1,20,linear7,,30
p1230,,,op3,op1,40,linear7,,20
p1230,,,op4,op1,2,sqrt,,55
p1230,,,op5,op1,5,linear3,,45
p1230,,,op6,op1,1,const,,55
p1230,,,op7,op1,2,sqrt,,55
p1231,1127.135,INTERACTIVE,op1,,1,const,,55
p1231,,,op2,op1,15,linear3,,37.5
p1231,,,op3,op2,20,linear7,,30
p1231,,,op4,op3,1,const,,55
p1232,1127.135,INTERACTIVE,op1,,1,const,,55
p1232,,,op2,op1,5,linear3,,45
p1232,,,op3,op2,15,linear3,,37.5
p1232,,,op4,op3,20,linear7,,30
p1232,,,op5,op4,15,linear3,,37.5
p1232,,,op6,op5,5,linear3,,45
p1233,1127.135,INTERACTIVE,op1,,1,const,,55
p1233,,,op2,,15,linear3,,37.5
p1233,,,op3,,20,linear7,,30
p1233,,,op4,,80,squared,,10
p1233,,,op5,,40,linear7,,20
p1233,,,op6,op1;op2;op3;op4;op5,80,squared,,10
p1234,1127.135,BATCH_PIPELINE,op1,,1,const,,55
p1234,,,op2,op1,5,linear3,,45
p1234,,,op3,op2,2,sqrt,,55
p1234,,,op4,op3,40,linear7,,20
p1234,,,op5,op4,20,linear7,,30
p1234,,,op6,op5,5,linear3,,45
p1235,1127.135,QUERY,op1,,15,linear3,,35
p1236,1127.135,INTERACTIVE,op1,,1,const,,55
p1236,,,op2,op1,15,linear3,,37.5
p1236,,,op3,op1,15,linear3,,37.5
p1236,,,op4,op1,20,linear7,,30
p1236,,,op5,op1,5,linear3,,45
p1236,,,op6,op1,1,const,,55
p1236,,,op7,op1,2,sqrt,,55
p1237,1127.135,QUERY,op1,,15,linear3,,35
p1238,1127.135,QUERY,op1,,15,linear3,,35
p1239,1127.135,INTERACTIVE,op1,,1,const,,55
p1239,,,op2,op1,15,linear3,,37.5
p1239,,,op3,op2,40,linear7,,20
p1239,,,op4,op3,5,linear3,,45
p1239,,,op5,op4,15,linear3,,37.5
p1239,,,op6,op5,2,sqrt,,55
p1240,1127.135,QUERY,op1,,15,linear3,,35
p1241,1141.558,INTERACTIVE,op1,,1,const,,55
p1241,,,op2,op1,20,linear7,,30
p1241,,,op3,op2,15,linear3,,37.5
p1241,,,op4,op3,5,linear3,,45
p1242,1141.558,INTERACTIVE,op1,,1,const,,55
p1242,,,op2,op1,5,linear3,,45
p1242,,,op3,op2,1,const,,55
p1242,,,op4,op3,15,linear3,,37.5
p1242,,,op5,op4,15,linear3,,37.5
p1242,,,op6,op5,5,linear3,,45
p1243,1141.558,INTERACTIVE,op1,,1,const,,55
p1243,,,op2,op1,20,linear7,,30
p1243,,,op3,op2,15,linear3,,37.5
p1243,,,op4,op3,5,linear3,,45
p1243,,,op5,op4,2,sqrt,,55
p1243,,,op6,op5,5,linear3,,45
p1243,,,op7,op6,15,linear3,,37.5
p1244,1141.558,QUERY,op1,,15,linear3,,35
p1245,1141.558,INTERACTIVE,op1,,1,const,,55
p1245,,,op2,op1,40,linear7,,20
p1245,,,op3,op2,5,linear3,,45
p1245,,,op4,op3,2,sqrt,,55
p1246,1141.558,INTERACTIVE,op1,,1,const,,55
p1246,,,op2,op1,5,linear3,,45
p1246,,,op3,op2,15,linear3,,37.5
p1246,,,op4,op3,40,linear7,,20
p1246,,,op5,op4,1,const,,55
p1246,,,op6,op5,80,squared,,10
p1247,1141.558,INTERACTIVE,op1,,1,const,,55
p1248,1141.558,BATCH_PIPELINE,op1,,1,const,,55
p1248,,,op2,op1,20,linear7,,30
p1248,,,op3,op2,5,linear3,,45
p1248,,,op4,op3,2,sqrt,,55
p1248,,,op5,op4,5,linear3,,45
p1248,,,op6,op5,20,linear7,,30
p1248,,,op7,op6,1,const,,55
p1249,1141.558,INTERACTIVE,op1,,1,const,,55
p1249,,,op2,op1,15,linear3,,37.5
p1249,,,op3,op2,5,linear3,,45
p1249,,,op4,op3,20,linear7,,30
p1249,,,op5,op4,80,squared,,10
p1249,,,op6,op5,20,linear7,,30
p1249,,,op7,op6,1,const,,55
p1249,,,op8,op7,1,const,,55
p1250,1141.558,INTERACTIVE,op1,,1,const,,55
p1250,,,op2,op1,40,linear7,,20
p1250,,,op3,op2,2,sqrt,,55
p1250,,,op4,op3,80,squared,,10
p1250,,,op5,op4,80,squared,,10
p1251,1150.0,BATCH_PIPELINE,op1,,1,const,,55
p1251,,,op2,op1,5,linear3,,45
p1251,,,op3,op2,2,sqrt,,55
p1251,,,op4,op3,5,linear3,,45
p1251,,,op5,op4,5,linear3,,45
p1252,1150.0,INTERACTIVE,op1,,1,const,,55
p1252,,,op2,op1,80,squared,,10
p1252,,,op3,op2,1,const,,55
p1252,,,op4,op3,80,squared,,10
p1252,,,op5,op4,2,sqrt,,55
p1252,,,op6,op5,15,linear3,,37.5
p1252,,,op7,op6,5,linear3,,45
p1253,1150.0,QUERY,op1,,15,linear3,,35
p1254,1150.0,INTERACTIVE,op1,,1,const,,55
p1254,,,op2,op1,5,linear3,,45
p1254,,,op3,op2,15,linear3,,37.5
p1254,,,op4,op3,5,linear3,,45
p1254,,,op5,op4,2,sqrt,,55
p1254,,,op6,op5,2,sqrt,,55
p1254,,,op7,op6,5,linear3,,45
p1254,,,op8,op7,20,linear7,,30
p1255,1150.0,INTERACTIVE,op1,,1,const,,55
p1255,,,op2,op1,40,linear7,,20
p1255,,,op3,op2,5,linear3,,45
p1255,,,op4,op3,1,const,,55
p1255,,,op5,op4,20,linear7,,30
p1256,1150.0,QUERY,op1,,15,linear3,,35
p1257,1150.0,BATCH_PIPELINE,op1,,1,const,,55
p1257,,,op2,op1,1,const,,55
p1257,,,op3,op2,40,linear7,,20
p1257,,,op4,op3,5,linear3,,45
p1257,,,op5,op4,5,linear3,,45
p1257,,,op6,op5,1,const,,55
p1257,,,op7,op6,20,linear7,,30
p1258,1150.0,BATCH_PIPELINE,op1,,1,const,,55
p1258,,,op2,,5,linear3,,45
p1258,,,op3,,2,sqrt,,55
p1258,,,op4,,1,const,,55
p1258,,,op5,,80,squared,,10
p1258,,,op6,,2,sqrt,,55
p1258,,,op7,,80,squared,,10
p1258,,,op8,,20,linear7,,30
p1258,,,op9,,15,linear3,,37.5
p1258,,,op10,,5,linear3,,45
p1258,,,op11,op1;op2;op3;op4;op5;op6;op7;op8;op9;op10,20,linear7,,30
p1259,1150.0,INTERACTIVE,op1,,1,const,,55
p1259,,,op2,op1,15,linear3,,37.5
p1259,,,op3,op2,5,linear3,,45
p1259,,,op4,op3,20,linear7,,30
p1259,,,op5,op4,15,linear3,,37.5
p1260,1150.0,BATCH_PIPELINE,op1,,1,const,,55
p1260,,,op2,op1,80,squared,,10
p1260,,,op3,op1,80,squared,,10
p1260,,,op4,op1,20,linear7,,30
p1260,,,op5,op1,5,linear3,,45
p1260,,,op6,op1,5,linear3,,45
p1260,,,op7,op1,40,linear7,,20
p1261,1158.204,INTERACTIVE,op1,,1,const,,55
p1261,,,op2,op1,80,squared,,10
p1261,,,op3,op2,1,const,,55
p1261,,,op4,op3,20,linear7,,30
p1261,,,op5,op4,80,squared,,10
p1261,,,op6,op5,15,linear3,,37.5
p1261,,,op7,op6,15,linear3,,37.5
p1261,,,op8,op7,2,sqrt,,55
p1262,1158.204,INTERACTIVE,op1,,1,const,,55
p1262,,,op2,op1,2,sqrt,,55
p1262,,,op3,op1,80,squared,,10
p1262,,,op4,op1,40,linear7,,20
p1263,1158.204,INTERACTIVE,op1,,1,const,,55
p1263,,,op2,op1,5,linear3,,45
p1263,,,op3,op2,2,sqrt,,55
p1263,,,op4,op3,1,const,,55
p1264,1158.204,BATCH_PIPELINE,op1,,1,const,,55
p1264,,,op2,op1,20,linear7,,30
p1264,,,op3,op2,5,linear3,,45
p1264,,,op4,op3,15,linear3,,37.5
p1264,,,op5,op4,2,sqrt,,55
p1265,1158.204,INTERACTIVE,op1,,1,const,,55
p1265,,,op2,op1,5,linear3,,45
p1265,,,op3,op2,20,linear7,,30
p1265,,,op4,op3,1,const,,55
p1265,,,op5,op4,80,squared,,10
p1266,1158.204,BATCH_PIPELINE,op1,,1,const,,55
p1266,,,op2,op1,20,linear7,,30
p1266,,,op3,op2,20,linear7,,30
p1266,,,op4,op3,5,linear3,,45
p1266,,,op5,op4,40,linear7,,20
p1266,,,op6,op5,2,sqrt,,55
p1266,,,op7,op6,20,linear7,,30
p1266,,,op8,op7,5,linear3,,45
p1266,,,op9,op8,15,linear3,,37.5
p1266,,,op10,op9,5,linear3,,45
p1267,1158.204,INTERACTIVE,op1,,1,const,,55
p1267,,,op2,op1,15,linear3,,37.5
p1267,,,op3,op2,5,linear3,,45
p1267,,,op4,op3,15,linear3,,37.5
p1268,1158.204,QUERY,op1,,15,linear3,,35
p1269,1158.204,BATCH_PIPELINE,op1,,1,const,,55
p1269,,,op2,,80,squared,,10
p1269,,,op3,,40,linear7,,20
p1269,,,op4,,15,linear3,,37.5
p1269,,,op5,,40,linear7,,20
p1269,,,op6,,1,const,,55
p1269,,,op7,op1;op2;op3;op4;op5;op6,1,const,,55
p1270,1158.204,BATCH_PIPELINE,op1,,1,const,,55
p1270,,,op2,op1,15,linear3,,37.5
p1270,,,op3,op2,40,linear7,,20
p1270,,,op4,op3,1,const,,55
p1270,,,op5,op4,15,linear3,,37.5
p1271,1167.237,INTERACTIVE,op1,,1,const,,55
p1271,,,op2,op1,15,linear3,,37.5
p1271,,,op3,op1,80,squared,,10
p1271,,,op4,op1,5,linear3,,45
p1271,,,op5,op1,40,linear7,,20
p1272,1167.237,QUERY,op1,,15,linear3,,35
p1273,1167.237,QUERY,op1,,15,linear3,,35
p1274,1167.237,QUERY,op1,,15,linear3,,35
p1275,1167.237,INTERACTIVE,op1,,1,const,,55
p1275,,,op2,op1,80,squared,,10
p1276,1167.237,INTERACTIVE,op1,,1,const,,55
p1276,,,op2,op1,2,sqrt,,55
p1276,,,op3,op2,5,linear3,,45
p1276,,,op4,op3,15,linear3,,37.5
p1276,,,op5,op4,2,sqrt,,55
p1276,,,op6,op5,80,squared,,10
p1276,,,op7,op6,80,squared,,10
p1276,,,op8,op7,20,linear7,,30
p1277,1167.237,INTERACTIVE,op1,,1,const,,55
p1277,,,op2,,15,linear3,,37.5
p1277,,,op3,,15,linear3,,37.5
p1277,,,op4,op1;op2;op3,20,linear7,,30
p1278,1167.237,QUERY,op1,,15,linear3,,35
p1279,1167.237,QUERY,op1,,15,linear3,,35
p1280,1167.237,QUERY,op1,,15,linear3,,35
p1281,1172.992,BATCH_PIPELINE,op1,,1,const,,55
p1281,,,op2,op1,5,linear3,,45
p1281,,,op3,op2,5,linear3,,45
p1281,,,op4,op3,1,const,,55
p1281,,,op5,op4,20,linear7,,30
p1281,,,op6,op5,2,sqrt,,55
p1281,,,op7,op6,5,linear3,,45
p1282,1172.992,QUERY,op1,,15,linear3,,35
p1283,1172.992,QUERY,op1,,15,linear3,,35
p1284,1172.992,BATCH_PIPELINE,op1,,1,const,,55
p1284,,,op2,op1,5,linear3,,45
p1284,,,op3,op2,5,linear3,,45
p1284,,,op4,op3,15,linear3,,37.5
p1284,,,op5,op4,5,linear3,,45
p1284,,,op6,op5,2,sqrt,,55
p1284,,,op7,op6,15,linear3,,37.5
p1285,1172.992,BATCH_PIPELINE,op1,,1,const,,55
p1285,,,op2,op1,1,const,,55
p1285,,,op3,op1,40,linear7,,20
p1285,,,op4,op1,15,linear3,,37.5
p1285,,,op5,op1,2,sqrt,,55
p1286,1172.992,QUERY,op1,,15,linear3,,35
p1287,1172.992,INTERACTIVE,op1,,1,const,,55
p1287,,,op2,op1,1,const,,55
p1287,,,op3,op2,2,sqrt,,55
p1287,,,op4,op3,80,squared,,10
p1288,1172.992,BATCH_PIPELINE,op1,,1,const,,55
p1288,,,op2,,20,linear7,,30
p1288,,,op3,,2,sqrt,,55
p1288,,,op4,,15,linear3,,37.5
p1288,,,op5,,15,linear3,,37.5
p1288,,,op6,,80,squared,,10
p1288,,,op7,,20,linear7,,30
p1288,,,op8,op1;op2;op3;op4;op5;op6;op7,5,linear3,,45
p1289,1172.992,QUERY,op1,,15,linear3,,35
p1290,1172.992,INTERACTIVE,op1,,1,const,,55
p1290,,,op2,,15,linear3,,37.5
p1290,,,op3,op1;op2,5,linear3,,45
p1291,1181.244,INTERACTIVE,op1,,1,const,,55
p1291,,,op2,op1,15,linear3,,37.5
p1291,,,op3,op2,40,linear7,,20
p1291,,,op4,op3,15,linear3,,37.5
p1291,,,op5,op4,2,sqrt,,55
p1291,,,op6,op5,1,const,,55
p1291,,,op7,op6,15,linear3,,37.5
p1291,,,op8,op7,5,linear3,,45
p1292,1181.244,INTERACTIVE,op1,,1,const,,55
p1292,,,op2,op1,15,linear3,,37.5
p1292,,,op3,op2,15,linear3,,37.5
p1293,1181.244,INTERACTIVE,op1,,1,const,,55
p1293,,,op2,op1,5,linear3,,45
p1293,,,op3,op2,15,linear3,,37.5
p1293,,,op4,op3,15,linear3,,37.5
p1293,,,op5,op4,2,sqrt,,55
p1294,1181.244,QUERY,op1,,15,linear3,,35
p1295,1181.244,INTERACTIVE,op1,,1,const,,55
p1295,,,op2,op1,40,linear7,,20
p1295,,,op3,op2,80,squared,,10
p1295,,,op4,op3,40,linear7,,20
p1295,,,op5,op4,80,squared,,10
p1295,,,op6,op5,40,linear7,,20
p1296,1181.244,INTERACTIVE,op1,,1,const,,55
p1296,,,op2,op1,40,linear7,,20
p1296,,,op3,op2,15,linear3,,37.5
p1296,,,op4,op3,15,linear3,,37.5
p1296,,,op5,op4,5,linear3,,45
p1296,,,op6,op5,20,linear7,,30
p1296,,,op7,op6,5,linear3,,45
p1296,,,op8,op7,15,linear3,,37.5
p1297,1181.244,QUERY,op1,,15,linear3,,35
p1298,1181.244,INTERACTIVE,op1,,1,const,,55
p1298,,,op2,op1,80,squared,,10
p1298,,,op3,op2,20,linear7,,30
p1298,,,op4,op3,80,squared,,10
p1298,,,op5,op4,2,sqrt,,55
p1299,1181.244,INTERACTIVE,op1,,1,const,,55
p1299,,,op2,,80,squared,,10
p1299,,,op3,,2,sqrt,,55
p1299,,,op4,,15,linear3,,37.5
p1299,,,op5,,80,squared,,10
p1299,,,op6,,1,const,,55
p1299,,,op7,op1;op2;op3;op4;op5;op6,20,linear7,,30
p1300,1181.244,BATCH_PIPELINE,op1,,1,const,,55
p1300,,,op2,op1,80,squared,,10
p1300,,,op3,op1,5,linear3,,45
p1300,,,op4,op1,5,linear3,,45
p1300,,,op5,op1,1,const,,55
p1300,,,op6,op1,2,sqrt,,55
p1300,,,op7,op1,20,linear7,,30
p1300,,,op8,op1,1,const,,55
p1300,,,op9,op1,20,linear7,,30
p1300,,,op10,op1,2,sqrt,,55
p1300,,,op11,op1,1,const,,55
p1301,1189.057,INTERACTIVE,op1,,1,const,,55
p1301,,,op2,op1,20,linear7,,30
p1301,,,op3,op2,40,linear7,,20
p1301,,,op4,op3,5,linear3,,45
p1301,,,op5,op4,2,sqrt,,55
p1302,1189.057,QUERY,op1,,15,linear3,,35
p1303,1189.057,QUERY,op1,,15,linear3,,35
p1304,1189.057,BATCH_PIPELINE,op1,,1,const,,55
p1304,,,op2,op1,5,linear3,,45
p1304,,,op3,op2,2,sqrt,,55
p1304,,,op4,op3,20,linear7,,30
p1304,,,op5,op4,1,const,,55
p1304,,,op6,op5,1,const,,55
p1305,1189.057,INTERACTIVE,op1,,1,const,,55
p1305,,,op2,op1,5,linear3,,45
p1305,,,op3,op2,5,linear3,,45
p1305,,,op4,op3,5,linear3,,45
p1305,,,op5,op4,15,linear3,,37.5
p1306,1189.057,INTERACTIVE,op1,,1,const,,55
p1306,,,op2,,2,sqrt,,55
p1306,,,op3,,15,linear3,,37.5
p1306,,,op4,,15,linear3,,37.5
p1306,,,op5,,80,squared,,10
p1306,,,op6,,5,linear3,,45
p1306,,,op7,,40,linear7,,20
p1306,,,op8,op1;op2;op3;op4;op5;op6;op7,15,linear3,,37.5
p1307,1189.057,BATCH_PIPELINE,op1,,1,const,,55
p1307,,,op2,op1,5,linear3,,45
p1307,,,op3,op2,20,linear7,,30
p1307,,,op4,op3,5,linear3,,45
p1307,,,op5,op4,80,squared,,10
p1307,,,op6,op5,15,linear3,,37.5
p1307,,,op7,op6,5,linear3,,45
p1307,,,op8,op7,5,linear3,,45
p1307,,,op9,op8,1,const,,55
p1307,,,op10,op9,20,linear7,,30
p1308,1189.057,QUERY,op1,,15,linear3,,35
p1309,1189.057,INTERACTIVE,op1,,1,const,,55
p1309,,,op2,op1,40,linear7,,20
p1309,,,op3,op2,1,const,,55
p1309,,,op4,op3,80,squared,,10
p1310,1189.057,INTERACTIVE,op1,,1,const,,55
p1310,,,op2,op1,40,linear7,,20
p1310,,,op3,op2,20,linear7,,30
p1310,,,op4,op3,40,linear7,,20
p1310,,,op5,op4,20,linear7,,30
p1310,,,op6,op5,80,squared,,10
p1311,1199.233,QUERY,op1,,15,linear3,,35
p1312,1199.233,QUERY,op1,,15,linear3,,35
p1313,1199.233,QUERY,op1,,15,linear3,,35
p1314,1199.233,INTERACTIVE,op1,,1,const,,55
p1314,,,op2,op1,15,linear3,,37.5
p1314,,,op3,op2,40,linear7,,20
p1314,,,op4,op3,5,linear3,,45
p1314,,,op5,op4,20,linear7,,30
p1315,1199.233,QUERY,op1,,15,linear3,,35
p1316,1199.233,INTERACTIVE,op1,,1,const,,55
p1316,,,op2,op1,1,const,,55
p1316,,,op3,op2,15,linear3,,37.5
p1316,,,op4,op3,20,linear7,,30
p1316,,,op5,op4,20,linear7,,30
p1316,,,op6,op5,40,linear7,,20
p1317,1199.233,INTERACTIVE,op1,,1,const,,55
p1317,,,op2,op1,1,const,,55
p1317,,,op3,op1,20,linear7,,30
p1317,,,op4,op1,5,linear3,,45
p1317,,,op5,op1,2,sqrt,,55
p1317,,,op6,op1,20,linear7,,30
p1318,1199.233,INTERACTIVE,op1,,1,const,,55
p1318,,,op2,op1,40,linear7,,20
p1318,,,op3,op1,40,linear7,,20
p1318,,,op4,op1,15,linear3,,37.5
p1318,,,op5,op1,5,linear3,,45
p1318,,,op6,op1,5,linear3,,45
p1318,,,op7,op1,40,linear7,,20
p1319,1199.233,INTERACTIVE,op1,,1,const,,55
p1319,,,op2,op1,40,linear7,,20
p1319,,,op3,op2,5,linear3,,45
p1319,,,op4,op3,20,linear7,,30
p1320,1199.233,QUERY,op1,,15,linear3,,35
p1321,1205.288,INTERACTIVE,op1,,1,const,,55
p1321,,,op2,op1,80,squared,,10
p1321,,,op3,op2,1,const,,55
p1321,,,op4,op3,20,linear7,,30
p1321,,,op5,op4,40,linear7,,20
p1322,1205.288,QUERY,op1,,15,linear3,,35
p1323,1205.288,QUERY,op1,,15,linear3,,35
p1324,1205.288,BATCH_PIPELINE,op1,,1,const,,55
p1324,,,op2,,20,linear7,,30
p1324,,,op3,,2,sqrt,,55
p1324,,,op4,,40,linear7,,20
p1324,,,op5,,40,linear7,,20
p1324,,,op6,,15,linear3,,37.5
p1324,,,op7,,1,const,,55
p1324,,,op8,op1;op2;op3;op4;op5;op6;op7,5,linear3,,45
p1325,1205.288,INTERACTIVE,op1,,1,const,,55
p1325,,,op2,op1,1,const,,55
p1325,,,op3,op2,20,linear7,,30
p1325,,,op4,op3,15,linear3,,37.5
p1326,1205.288,INTERACTIVE,op1,,1,const,,55
p1326,,,op2,op1,20,linear7,,30
p1326,,,op3,op1,5,linear3,,45
p1326,,,op4,op1,2,sqrt,,55
p1326,,,op5,op1,5,linear3,,45
p1326,,,op6,op1,5,linear3,,45
p1327,1205.288,QUERY,op1,,15,linear3,,35
p1328,1205.288,QUERY,op1,,15,linear3,,35
p1329,1205.288,QUERY,op1,,15,linear3,,35
p1330,1205.288,QUERY,op1,,15,linear3,,35
p1331,1213.498,INTERACTIVE,op1,,1,const,,55
p1331,,,op2,op1,80,squared,,10
p1331,,,op3,op2,20,linear7,,30
p1331,,,op4,op3,1,const,,55
p1332,1213.498,QUERY,op1,,15,linear3,,35
p1333,1213.498,QUERY,op1,,15,linear3,,35
p1334,1213.498,QUERY,op1,,15,linear3,,35
p1335,1213.498,QUERY,op1,,15,linear3,,35
p1336,1213.498,BATCH_PIPELINE,op1,,1,const,,55
p1336,,,op2,op1,40,linear7,,20
p1336,,,op3,op2,20,linear7,,30
p1336,,,op4,op3,5,linear3,,45
p1336,,,op5,op4,20,linear7,,30
p1336,,,op6,op5,40,linear7,,20
p1336,,,op7,op6,15,linear3,,37.5
p1336,,,op8,op7,80,squared,,10
p1336,,,op9,op8,20,linear7,,30
p1336,,,op10,op9,15,linear3,,37.5
p1336,,,op11,op10,15,linear3,,37.5
p1337,1213.498,INTERACTIVE,op1,,1,const,,55
p1337,,,op2,op1,20,linear7,,30
p1337,,,op3,op2,5,linear3,,45
p1337,,,op4,op3,20,linear7,,30
p1338,1213.498,BATCH_PIPELINE,op1,,1,const,,55
p1338,,,op2,op1,15,linear3,,37.5
p1338,,,op3,op2,1,const,,55
p1338,,,op4,op3,80,squared,,10
p1338,,,op5,op4,5,linear3,,45
p1338,,,op6,op5,15,linear3,,37.5
p1338,,,op7,op6,5,linear3,,45
p1338,,,op8,op7,5,linear3,,45
p1338,,,op9,op8,80,squared,,10
p1339,1213.498,INTERACTIVE,op1,,1,const,,55
p1339,,,op2,op1,20,linear7,,30
p1339,,,op3,op2,15,linear3,,37.5
p1339,,,op4,op3,15,linear3,,37.5
p1339,,,op5,op4,20,linear7,,30
p1339,,,op6,op5,5,linear3,,45
p1340,1213.498,INTERACTIVE,op1,,1,const,,55
p1340,,,op2,,5,linear3,,45
p1340,,,op3,,40,linear7,,20
p1340,,,op4,,2,sqrt,,55
p1340,,,op5,,5,linear3,,45
p1340,,,op6,op1;op2;op3;op4;op5,5,linear3,,45
p1341,1220.086,QUERY,op1,,15,linear3,,35
p1342,1220.086,BATCH_PIPELINE,op1,,1,const,,55
p1342,,,op2,,5,linear3,,45
p1342,,,op3,,5,linear3,,45
p1342,,,op4,,2,sqrt,,55
p1342,,,op5,,20,linear7,,30
p1342,,,op6,op1;op2;op3;op4;op5,20,linear7,,30
p1343,1220.086,QUERY,op1,,15,linear3,,35
p1344,1220.086,QUERY,op1,,15,linear3,,35
p1345,1220.086,QUERY,op1,,15,linear3,,35
p1346,1220.086,BATCH_PIPELINE,op1,,1,const,,55
p1346,,,op2,op1,20,linear7,,30
p1346,,,op3,op2,2,sqrt,,55
p1346,,,op4,op3,15,linear3,,37.5
p1346,,,op5,op4,5,linear3,,45
p1346,,,op6,op5,1,const,,55
p1347,1220.086,QUERY,op1,,15,linear3,,35
p1348,1220.086,QUERY,op1,,15,linear3,,35
p1349,1220.086,QUERY,op1,,15,linear3,,35
p1350,1220.086,INTERACTIVE,op1,,1,const,,55
p1350,,,op2,op1,15,linear3,,37.5
p1350,,,op3,op1,2,sqrt,,55
p1351,1230.551,QUERY,op1,,15,linear3,,35
p1352,1230.551,QUERY,op1,,15,linear3,,35
p1353,1230.551,INTERACTIVE,op1,,1,const,,55
p1353,,,op2,op1,2,sqrt,,55
p1353,,,op3,op2,20,linear7,,30
p1353,,,op4,op3,2,sqrt,,55
p1354,1230.551,QUERY,op1,,15,linear3,,35
p1355,1230.551,INTERACTIVE,op1,,1,const,,55
p1355,,,op2,op1,5,linear3,,45
p1355,,,op3,op2,20,linear7,,30
p1355,,,op4,op3,40,linear7,,20
p1355,,,op5,op4,80,squared,,10
p1355,,,op6,op5,15,linear3,,37.5
p1355,,,op7,op6,80,squared,,10
p1356,1230.551,QUERY,op1,,15,linear3,,35
p1357,1230.551,QUERY,op1,,15,linear3,,35
p1358,1230.551,QUERY,op1,,15,linear3,,35
p1359,1230.551,QUERY,op1,,15,linear3,,35
p1360,1230.551,INTERACTIVE,op1,,1,const,,55
p1360,,,op2,op1,1,const,,55
p1360,,,op3,op2,20,linear7,,30
p1360,,,op4,op3,40,linear7,,20
p1361,1238.424,BATCH_PIPELINE,op1,,1,const,,55
p1361,,,op2,,5,linear3,,45
p1361,,,op3,,15,linear3,,37.5
p1361,,,op4,,5,linear3,,45
p1361,,,op5,,80,squared,,10
p1361,,,op6,,2,sqrt,,55
p1361,,,op7,op1;op2;op3;op4;op5;op6,40,linear7,,20
p1362,1238.424,BATCH_PIPELINE,op1,,1,const,,55
p1362,,,op2,,40,linear7,,20
p1362,,,op3,,5,linear3,,45
p1362,,,op4,,20,linear7,,30
p1362,,,op5,,20,linear7,,30
p1362,,,op6,,5,linear3,,45
p1362,,,op7,,20,linear7,,30
p1362,,,op8,op1;op2;op3;op4;op5;op6;op7,80,squared,,10
p1363,1238.424,QUERY,op1,,15,linear3,,35
p1364,1238.424,INTERACTIVE,op1,,1,const,,55
p1364,,,op2,op1,20,linear7,,30
p1364,,,op3,op1,2,sqrt,,55
p1364,,,op4,op1,5,linear3,,45
p1364,,,op5,op1,80,squared,,10
p1364,,,op6,op1,15,linear3,,37.5
p1364,,,op7,op1,5,linear3,,45
p1365,1238.424,INTERACTIVE,op1,,1,const,,55
p1365,,,op2,op1,80,squared,,10
p1365,,,op3,op1,15,linear3,,37.5
p1365,,,op4,op1,1,const,,55
p1366,1238.424,QUERY,op1,,15,linear3,,35
p1367,1238.424,INTERACTIVE,op1,,1,const,,55
p1367,,,op2,op1,40,linear7,,20
p1367,,,op3,op2,80,squared,,10
p1367,,,op4,op3,2,sqrt,,55
p1367,,,op5,op4,15,linear3,,37.5
p1367,,,op6,op5,20,linear7,,30
p1367,,,op7,op6,2,sqrt,,55
p1367,,,op8,op7,20,linear7,,30
p1368,1238.424,INTERACTIVE,op1,,1,const,,55
p1368,,,op2,op1,15,linear3,,37.5
p1368,,,op3,op2,15,linear3,,37.5
p1368,,,op4,op3,5,linear3,,45
p1368,,,op5,op4,5,linear3,,45
p1369,1238.424,QUERY,op1,,15,linear3,,35
p1370,1238.424,QUERY,op1,,15,linear3,,35
p1371,1246.4370000000001,QUERY,op1,,15,linear3,,35
p1372,1246.4370000000001,BATCH_PIPELINE,op1,,1,const,,55
p1372,,,op2,op1,2,sqrt,,55
p1372,,,op3,op1,80,squared,,10
p1372,,,op4,op1,15,linear3,,37.5
p1372,,,op5,op1,15,linear3,,37.5
p1372,,,op6,op1,5,linear3,,45
p1373,1246.4370000000001,INTERACTIVE,op1,,1,const,,55
p1373,,,op2,op1,2,sqrt,,55
p1373,,,op3,op2,15,linear3,,37.5
p1373,,,op4,op3,1,const,,55
p1374,1246.4370000000001,BATCH_PIPELINE,op1,,1,const,,55
p1374,,,op2,op1,40,linear7,,20
p1374,,,op3,op2,40,linear7,,20
p1374,,,op4,op3,20,linear7,,30
p1374,,,op5,op4,5,linear3,,45
p1374,,,op6,op5,2,sqrt,,55
p1374,,,op7,op6,40,linear7,,20
p1374,,,op8,op7,15,linear3,,37.5
p1374,,,op9,op8,80,squared,,10
p1374,,,op10,op9,5,linear3,,45
p1375,1246.4370000000001,QUERY,op1,,15,linear3,,35
p1376,1246.4370000000001,QUERY,op1,,15,linear3,,35
p1377,1246.4370000000001,QUERY,op1,,15,linear3,,35
p1378,1246.4370000000001,QUERY,op1,,15,linear3,,35
p1379,1246.4370000000001,INTERACTIVE,op1,,1,const,,55
p1379,,,op2,op1,2,sqrt,,55
p1379,,,op3,op2,20,linear7,,30
p1379,,,op4,op3,15,linear3,,37.5
p1379,,,op5,op4,15,linear3,,37.5
p1380,1246.4370000000001,QUERY,op1,,15,linear3,,35
p1381,1251.258,QUERY,op1,,15,linear3,,35
p1382,1251.258,QUERY,op1,,15,linear3,,35
p1383,1251.258,QUERY,op1,,15,linear3,,35
p1384,1251.258,QUERY,op1,,15,linear3,,35
p1385,1251.258,BATCH_PIPELINE,op1,,1,const,,55
p1385,,,op2,,15,linear3,,37.5
p1385,,,op3,,15,linear3,,37.5
p1385,,,op4,,2,sqrt,,55
p1385,,,op5,,15,linear3,,37.5
p1385,,,op6,,5,linear3,,45
p1385,,,op7,op1;op2;op3;op4;op5;op6,1,const,,55
p1386,1251.258,INTERACTIVE,op1,,1,const,,55
p1386,,,op2,op1,5,linear3,,45
p1386,,,op3,op2,80,squared,,10
p1386,,,op4,op3,15,linear3,,37.5
p1386,,,op5,op4,15,linear3,,37.5
p1387,1251.258,INTERACTIVE,op1,,1,const,,55
p1387,,,op2,op1,20,linear7,,30
p1387,,,op3,op2,20,linear7,,30
p1387,,,op4,op3,20,linear7,,30
p1387,,,op5,op4,1,const,,55
p1387,,,op6,op5,2,sqrt,,55
p1388,1251.258,BATCH_PIPELINE,op1,,1,const,,55
p1388,,,op2,op1,1,const,,55
p1388,,,op3,op2,1,const,,55
p1388,,,op4,op3,5,linear3,,45
p1388,,,op5,op4,15,linear3,,37.5
p1388,,,op6,op5,2,sqrt,,55
p1389,1251.258,INTERACTIVE,op1,,1,const,,55
p1389,,,op2,op1,15,linear3,,37.5
p1389,,,op3,op1,20,linear7,,30
p1389,,,op4,op1,20,linear7,,30
p1389,,,op5,op1,1,const,,55
p1390,1251.258,QUERY,op1,,15,linear3,,35
p1391,1257.478,BATCH_PIPELINE,op1,,1,const,,55
p1391,,,op2,op1,1,const,,55
p1391,,,op3,op2,15,linear3,,37.5
p1391,,,op4,op3,20,linear7,,30
p1391,,,op5,op4,40,linear7,,20
p1391,,,op6,op5,2,sqrt,,55
p1392,1257.478,QUERY,op1,,15,linear3,,35
p1393,1257.478,QUERY,op1,,15,linear3,,35
p1394,1257.478,BATCH_PIPELINE,op1,,1,const,,55
p1394,,,op2,op1,80,squared,,10
p1394,,,op3,op2,5,linear3,,45
p1394,,,op4,op3,1,const,,55
p1394,,,op5,op4,5,linear3,,45
p1395,1257.478,INTERACTIVE,op1,,1,const,,55
p1395,,,op2,op1,2,sqrt,,55
p1395,,,op3,op2,5,linear3,,45
p1395,,,op4,op3,40,linear7,,20
p1395,,,op5,op4,1,const,,55
p1395,,,op6,op5,1,const,,55
p1396,1257.478,INTERACTIVE,op1,,1,const,,55
p1396,,,op2,op1,2,sqrt,,55
p1396,,,op3,op1,20,linear7,,30
p1396,,,op4,op1,15,linear3,,37.5
p1397,1257.478,QUERY,op1,,15,linear3,,35
p1398,1257.478,BATCH_PIPELINE,op1,,1,const,,55
p1398,,,op2,,20,linear7,,30
p1398,,,op3,,5,linear3,,45
p1398,,,op4,,5,linear3,,45
p1398,,,op5,,40,linear7,,20
p1398,,,op6,,2,sqrt,,55
p1398,,,op7,,40,linear7,,20
p1398,,,op8,op1;op2;op3;op4;op5;op6;op7,80,squared,,10
p1399,1257.478,BATCH_PIPELINE,op1,,1,const,,55
p1399,,,op2,,40,linear7,,20
p1399,,,op3,,15,linear3,,37.5
p1399,,,op4,,2,sqrt,,55
p1399,,,op5,,40,linear7,,20
p1399,,,op6,op1;op2;op3;op4;op5,2,sqrt,,55
p1400,1257.478,BATCH_PIPELINE,op1,,1,const,,55
p1400,,,op2,,5,linear3,,45
p1400,,,op3,,40,linear7,,20
p1400,,,op4,,15,linear3,,37.5
p1400,,,op5,,40,linear7,,20
p1400,,,op6,,40,linear7,,20
p1400,,,op7,,15,linear3,,37.5
p1400,,,op8,,1,const,,55
p1400,,,op9,op1;op2;op3;op4;op5;op6;op7;op8,1,const,,55
p1401,1268.1960000000001,QUERY,op1,,15,linear3,,35
p1402,1268.1960000000001,QUERY,op1,,15,linear3,,35
p1403,1268.1960000000001,BATCH_PIPELINE,op1,,1,const,,55
p1403,,,op2,,2,sqrt,,55
p1403,,,op3,,15,linear3,,37.5
p1403,,,op4,,15,linear3,,37.5
p1403,,,op5,,5,linear3,,45
p1403,,,op6,,40,linear7,,20
p1403,,,op7,,2,sqrt,,55
p1403,,,op8,,15,linear3,,37.5
p1403,,,op9,,20,linear7,,30
p1403,,,op10,op1;op2;op3;op4;op5;op6;op7;op8;op9,5,linear3,,45
p1404,1268.1960000000001,QUERY,op1,,15,linear3,,35
p1405,1268.1960000000001,INTERACTIVE,op1,,1,const,,55
p1405,,,op2,,20,linear7,,30
p1405,,,op3,,5,linear3,,45
p1405,,,op4,,5,linear3,,45
p1405,,,op5,,80,squared,,10
p1405,,,op6,,20,linear7,,30
p1405,,,op7,op1;op2;op3;op4;op5;op6,2,sqrt,,55
p1406,1268.1960000000001,QUERY,op1,,15,linear3,,35
p1407,1268.1960000000001,INTERACTIVE,op1,,1,const,,55
p1407,,,op2,op1,15,linear3,,37.5
p1407,,,op3,op2,15,linear3,,37.5
p1407,,,op4,op3,1,const,,55
p1407,,,op5,op4,5,linear3,,45
p1408,1268.1960000000001,BATCH_PIPELINE,op1,,1,const,,55
p1408,,,op2,op1,5,linear3,,45
p1408,,,op3,op2,5,linear3,,45
p1408,,,op4,op3,1,const,,55
p1408,,,op5,op4,5,linear3,,45
p1408,,,op6,op5,1,const,,55
p1408,,,op7,op6,1,const,,55
p1408,,,op8,op7,2,sqrt,,55
p1409,1268.1960000000001,INTERACTIVE,op1,,1,const,,55
p1409,,,op2,op1,5,linear3,,45
p1409,,,op3,op2,1,const,,55
p1409,,,op4,op3,40,linear7,,20
p1409,,,op5,op4,1,const,,55
p1410,1268.1960000000001,QUERY,op1,,15,linear3,,35
p1411,1277.074,INTERACTIVE,op1,,1,const,,55
p1411,,,op2,op1,2,sqrt,,55
p1411,,,op3,op2,5,linear3,,45
p1411,,,op4,op3,5,linear3,,45
p1412,1277.074,QUERY,op1,,15,linear3,,35
p1413,1277.074,INTERACTIVE,op1,,1,const,,55
p1413,,,op2,op1,40,linear7,,20
p1413,,,op3,op2,15,linear3,,37.5
p1413,,,op4,op3,40,linear7,,20
p1413,,,op5,op4,15,linear3,,37.5
p1413,,,op6,op5,20,linear7,,30
p1414,1277.074,INTERACTIVE,op1,,1,const,,55
p1414,,,op2,op1,20,linear7,,30
p1415,1277.074,INTERACTIVE,op1,,1,const,,55
p1415,,,op2,op1,5,linear3,,45
p1415,,,op3,op2,20,linear7,,30
p1415,,,op4,op3,20,linear7,,30
p1415,,,op5,op4,80,squared,,10
p1416,1277.074,INTERACTIVE,op1,,1,const,,55
p1416,,,op2,op1,80,squared,,10
p1416,,,op3,op2,20,linear7,,30
p1416,,,op4,op3,20,linear7,,30
p1416,,,op5,op4,80,squared,,10
p1417,1277.074,QUERY,op1,,15,linear3,,35
p1418,1277.074,QUERY,op1,,15,linear3,,35
p1419,1277.074,QUERY,op1,,15,linear3,,35
p1420,1277.074,INTERACTIVE,op1,,1,const,,55
p1420,,,op2,op1,5,linear3,,45
p1420,,,op3,op2,1,const,,55
p1420,,,op4,op3,80,squared,,10
p1420,,,op5,op4,20,linear7,,30
p1421,1285.567,INTERACTIVE,op1,,1,const,,55
p1421,,,op2,op1,20,linear7,,30
p1421,,,op3,op2,15,linear3,,37.5
p1421,,,op4,op3,20,linear7,,30
p1421,,,op5,op4,40,linear7,,20
p1421,,,op6,op5,15,linear3,,37.5
p1422,1285.567,INTERACTIVE,op1,,1,const,,55
p1422,,,op2,op1,20,linear7,,30
p1422,,,op3,op2,20,linear7,,30
p1422,,,op4,op3,5,linear3,,45
p1422,,,op5,op4,2,sqrt,,55
p1422,,,op6,op5,5,linear3,,45
p1422,,,op7,op6,5,linear3,,45
p1422,,,op8,op7,1,const,,55
p1423,1285.567,INTERACTIVE,op1,,1,const,,55
p1423,,,op2,op1,20,linear7,,30
p1423,,,op3,op2,1,const,,55
p1423,,,op4,op3,20,linear7,,30
p1423,,,op5,op4,5,linear3,,45
p1423,,,op6,op5,20,linear7,,30
p1424,1285.567,QUERY,op1,,15,linear3,,35
p1425,1285.567,QUERY,op1,,15,linear3,,35
p1426,1285.567,INTERACTIVE,op1,,1,const,,55
p1426,,,op2,,15,linear3,,37.5
p1426,,,op3,,40,linear7,,20
p1426,,,op4,,40,linear7,,20
p1426,,,op5,op1;op2;op3;op4,20,linear7,,30
p1427,1285.567,QUERY,op1,,15,linear3,,35
p1428,1285.567,QUERY,op1,,15,linear3,,35
p1429,1285.567,BATCH_PIPELINE,op1,,1,const,,55
p1429,,,op2,op1,1,const,,55
p1429,,,op3,op2,80,squared,,10
p1429,,,op4,op3,2,sqrt,,55
p1429,,,op5,op4,40,linear7,,20
p1429,,,op6,op5,15,linear3,,37.5
p1429,,,op7,op6,5,linear3,,45
p1429,,,op8,op7,15,linear3,,37.5
p1429,,,op9,op8,1,const,,55
p1430,1285.567,QUERY,op1,,15,linear3,,35
p1431,1292.131,INTERACTIVE,op1,,1,const,,55
p1431,,,op2,op1,1,const,,55
p1431,,,op3,op2,40,linear7,,20
p1431,,,op4,op3,15,linear3,,37.5
p1431,,,op5,op4,5,linear3,,45
p1431,,,op6,op5,40,linear7,,20
p1431,,,op7,op6,15,linear3,,37.5
p1432,1292.131,INTERACTIVE,op1,,1,const,,55
p1432,,,op2,op1,15,linear3,,37.5
p1432,,,op3,op1,5,linear3,,45
p1432,,,op4,op1,40,linear7,,20
p1432,,,op5,op1,5,linear3,,45
p1432,,,op6,op1,1,const,,55
p1432,,,op7,op1,5,linear3,,45
p1432,,,op8,op1,80,squared,,10
p1433,1292.131,INTERACTIVE,op1,,1,const,,55
p1433,,,op2,op1,40,linear7,,20
p1433,,,op3,op2,15,linear3,,37.5
p1433,,,op4,op3,15,linear3,,37.5
p1433,,,op5,op4,20,linear7,,30
p1434,1292.131,INTERACTIVE,op1,,1,const,,55
p1434,,,op2,op1,1,const,,55
p1434,,,op3,op2,15,linear3,,37.5
p1434,,,op4,op3,5,linear3,,45
p1434,,,op5,op4,40,linear7,,20
p1434,,,op6,op5,1,const,,55
p1435,1292.131,INTERACTIVE,op1,,1,const,,55
p1435,,,op2,op1,15,linear3,,37.5
p1435,,,op3,op2,80,squared,,10
p1435,,,op4,op3,20,linear7,,30
p1435,,,op5,op4,5,linear3,,45
p1436,1292.131,QUERY,op1,,15,linear3,,35
p1437,1292.131,BATCH_PIPELINE,op1,,1,const,,55
p1437,,,op2,op1,2,sqrt,,55
p1437,,,op3,op1,20,linear7,,30
p1437,,,op4,op1,40,linear7,,20
p1437,,,op5,op1,1,const,,55
p1437,,,op6,op1,40,linear7,,20
p1437,,,op7,op1,5,linear3,,45
p1437,,,op8,op1,1,const,,55
p1437,,,op9,op1,1,const,,55
p1438,1292.131,QUERY,op1,,15,linear3,,35
p1439,1292.131,BATCH_PIPELINE,op1,,1,const,,55
p1439,,,op2,op1,5,linear3,,45
p1439,,,op3,op2,1,const,,55
p1439,,,op4,op3,5,linear3,,45
p1439,,,op5,op4,15,linear3,,37.5
p1439,,,op6,op5,15,linear3,,37.5
p1439,,,op7,op6,2,sqrt,,55
p1440,1292.131,INTERACTIVE,op1,,1,const,,55
p1440,,,op2,,5,linear3,,45
p1440,,,op3,,40,linear7,,20
p1440,,,op4,,15,linear3,,37.5
p1440,,,op5,op1;op2;op3;op4,5,linear3,,45
p1441,1303.215,QUERY,op1,,15,linear3,,35
p1442,1303.215,BATCH_PIPELINE,op1,,1,const,,55
p1442,,,op2,op1,2,sqrt,,55
p1442,,,op3,op2,15,linear3,,37.5
p1442,,,op4,op3,1,const,,55
p1442,,,op5,op4,5,linear3,,45
p1442,,,op6,op5,2,sqrt,,55
p1442,,,op7,op6,5,linear3,,45
p1442,,,op8,op7,2,sqrt,,55
p1442,,,op9,op8,5,linear3,,45
p1442,,,op10,op9,20,linear7,,30
p1443,1303.215,QUERY,op1,,15,linear3,,35
p1444,1303.215,QUERY,op1,,15,linear3,,35
p1445,1303.215,INTERACTIVE,op1,,1,const,,55
p1445,,,op2,op1,20,linear7,,30
p1445,,,op3,op2,20,linear7,,30
p1446,1303.215,BATCH_PIPELINE,op1,,1,const,,55
p1446,,,op2,op1,1,const,,55
p1446,,,op3,op2,20,linear7,,30
p1446,,,op4,op3,20,linear7,,30
p1446,,,op5,op4,40,linear7,,20
p1446,,,op6,op5,2,sqrt,,55
p1446,,,op7,op6,40,linear7,,20
p1446,,,op8,op7,5,linear3,,45
p1447,1303.215,INTERACTIVE,op1,,1,const,,55
p1447,,,op2,op1,1,const,,55
p1447,,,op3,op1,5,linear3,,45
p1447,,,op4,op1,15,linear3,,37.5
p1447,,,op5,op1,5,linear3,,45
p1448,1303.215,INTERACTIVE,op1,,1,const,,55
p1448,,,op2,op1,2,sqrt,,55
p1448,,,op3,op1,5,linear3,,45
p1448,,,op4,op1,40,linear7,,20
p1449,1303.215,BATCH_PIPELINE,op1,,1,const,,55
p1449,,,op2,op1,1,const,,55
p1449,,,op3,op1,40,linear7,,20
p1449,,,op4,op1,40,linear7,,20
p1449,,,op5,op1,5,linear3,,45
p1449,,,op6,op1,1,const,,55
p1450,1303.215,BATCH_PIPELINE,op1,,1,const,,55
p1450,,,op2,op1,1,const,,55
p1450,,,op3,op2,5,linear3,,45
p1450,,,op4,op3,80,squared,,10
p1450,,,op5,op4,5,linear3,,45
p1450,,,op6,op5,80,squared,,10
p1450,,,op7,op6,20,linear7,,30
p1450,,,op8,op7,2,sqrt,,55
p1451,1311.557,QUERY,op1,,15,linear3,,35
p1452,1311.557,BATCH_PIPELINE,op1,,1,const,,55
p1452,,,op2,,2,sqrt,,55
p1452,,,op3,,40,linear7,,20
p1452,,,op4,,5,linear3,,45
p1452,,,op5,,15,linear3,,37.5
p1452,,,op6,op1;op2;op3;op4;op5,20,linear7,,30
p1453,1311.557,QUERY,op1,,15,linear3,,35
p1454,1311.557,INTERACTIVE,op1,,1,const,,55
p1454,,,op2,op1,1,const,,55
p1455,1311.557,QUERY,op1,,15,linear3,,35
p1456,1311.557,QUERY,op1,,15,linear3,,35
p1457,1311.557,QUERY,op1,,15,linear3,,35
p1458,1311.557,QUERY,op1,,15,linear3,,35
p1459,1311.557,INTERACTIVE,op1,,1,const,,55
p1459,,,op2,op1,80,squared,,10
p1459,,,op3,op2,15,linear3,,37.5
p1459,,,op4,op3,1,const,,55
p1460,1311.557,QUERY,op1,,15,linear3,,35
p1461,1321.258,INTERACTIVE,op1,,1,const,,55
p1461,,,op2,op1,5,linear3,,45
p1461,,,op3,op1,1,const,,55
p1461,,,op4,op1,15,linear3,,37.5
p1461,,,op5,op1,2,sqrt,,55
p1461,,,op6,op1,5,linear3,,45
p1462,1321.258,INTERACTIVE,op1,,1,const,,55
p1462,,,op2,op1,20,linear7,,30
p1462,,,op3,op2,1,const,,55
p1462,,,op4,op3,20,linear7,,30
p1462,,,op5,op4,15,linear3,,37.5
p1462,,,op6,op5,80,squared,,10
p1462,,,op7,op6,5,linear3,,45
p1462,,,op8,op7,15,linear3,,37.5
p1463,1321.258,BATCH_PIPELINE,op1,,1,const,,55
p1463,,,op2,,80,squared,,10
p1463,,,op3,,2,sqrt,,55
p1463,,,op4,,15,linear3,,37.5
p1463,,,op5,,15,linear3,,37.5
p1463,,,op6,,15,linear3,,37.5
p1463,,,op7,op1;op2;op3;op4;op5;op6,5,linear3,,45
p1464,1321.258,INTERACTIVE,op1,,1,const,,55
p1464,,,op2,,80,squared,,10
p1464,,,op3,,15,linear3,,37.5
p1464,,,op4,,20,linear7,,30
p1464,,,op5,op1;op2;op3;op4,5,linear3,,45
p1465,1321.258,BATCH_PIPELINE,op1,,1,const,,55
p1465,,,op2,op1,5,linear3,,45
p1465,,,op3,op1,5,linear3,,45
p1465,,,op4,op1,40,linear7,,20
p1465,,,op5,op1,1,const,,55
p1465,,,op6,op1,5,linear3,,45
p1465,,,op7,op1,2,sqrt,,55
p1466,1321.258,QUERY,op1,,15,linear3,,35
p1467,1321.258,BATCH_PIPELINE,op1,,1,const,,55
p1467,,,op2,op1,5,linear3,,45
p1467,,,op3,op2,1,const,,55
p1467,,,op4,op3,1,const,,55
p1467,,,op5,op4,20,linear7,,30
p1467,,,op6,op5,1,const,,55
p1467,,,op7,op6,15,linear3,,37.5
p1467,,,op8,op7,15,linear3,,37.5
p1467,,,op9,op8,15,linear3,,37.5
p1468,1321.258,INTERACTIVE,op1,,1,const,,55
p1468,,,op2,op1,40,linear7,,20
p1468,,,op3,op2,5,linear3,,45
p1468,,,op4,op3,1,const,,55
p1469,1321.258,BATCH_PIPELINE,op1,,1,const,,55
p1469,,,op2,op1,40,linear7,,20
p1469,,,op3,op2,15,linear3,,37.5
p1469,,,op4,op3,40,linear7,,20
p1469,,,op5,op4,15,linear3,,37.5
p1470,1321.258,INTERACTIVE,op1,,1,const,,55
p1470,,,op2,op1,20,linear7,,30
p1470,,,op3,op2,15,linear3,,37.5
p1470,,,op4,op3,40,linear7,,20
p1471,1329.286,QUERY,op1,,15,linear3,,35
p1472,1329.286,INTERACTIVE,op1,,1,const,,55
p1472,,,op2,,40,linear7,,20
p1472,,,op3,,2,sqrt,,55
p1472,,,op4,,1,const,,55
p1472,,,op5,,80,squared,,10
p1472,,,op6,op1;op2;op3;op4;op5,20,linear7,,30
p1473,1329.286,QUERY,op1,,15,linear3,,35
p1474,1329.286,QUERY,op1,,15,linear3,,35
p1475,1329.286,BATCH_PIPELINE,op1,,1,const,,55
p1475,,,op2,op1,40,linear7,,20
p1475,,,op3,op2,40,linear7,,20
p1475,,,op4,op3,20,linear7,,30
p1475,,,op5,op4,15,linear3,,37.5
p1475,,,op6,op5,1,const,,55
p1475,,,op7,op6,20,linear7,,30
p1476,1329.286,BATCH_PIPELINE,op1,,1,const,,55
p1476,,,op2,,1,const,,55
p1476,,,op3,,5,linear3,,45
p1476,,,op4,,2,sqrt,,55
p1476,,,op5,,15,linear3,,37.5
p1476,,,op6,,15,linear3,,37.5
p1476,,,op7,,5,linear3,,45
p1476,,,op8,,40,linear7,,20
p1476,,,op9,,1,const,,55
p1476,,,op10,op1;op2;op3;op4;op5;op6;op7;op8;op9,2,sqrt,,55
p1477,1329.286,INTERACTIVE,op1,,1,const,,55
p1477,,,op2,,15,linear3,,37.5
p1477,,,op3,,15,linear3,,37.5
p1477,,,op4,,5,linear3,,45
p1477,,,op5,op1;op2;op3;op4,40,linear7,,20
p1478,1329.286,INTERACTIVE,op1,,1,const,,55
p1478,,,op2,op1,15,linear3,,37.5
p1478,,,op3,op2,5,linear3,,45
p1478,,,op4,op3,15,linear3,,37.5
p1478,,,op5,op4,40,linear7,,20
p1478,,,op6,op5,5,linear3,,45
p1478,,,op7,op6,20,linear7,,30
p1479,1329.286,QUERY,op1,,15,linear3,,35
p1480,1329.286,INTERACTIVE,op1,,1,const,,55
p1480,,,op2,op1,15,linear3,,37.5
p1480,,,op3,op2,80,squared,,10
p1480,,,op4,op3,2,sqrt,,55
p1480,,,op5,op4,1,const,,55
p1481,1336.9,INTERACTIVE,op1,,1,const,,55
p1481,,,op2,op1,15,linear3,,37.5
p1481,,,op3,op2,5,linear3,,45
p1482,1336.9,BATCH_PIPELINE,op1,,1,const,,55
p1482,,,op2,op1,2,sqrt,,55
p1482,,,op3,op2,1,const,,55
p1482,,,op4,op3,20,linear7,,30
p1482,,,op5,op4,5,linear3,,45
p1482,,,op6,op5,80,squared,,10
p1483,1336.9,QUERY,op1,,15,linear3,,35
p1484,1336.9,BATCH_PIPELINE,op1,,1,const,,55
p1484,,,op2,op1,2,sqrt,,55
p1484,,,op3,op2,20,linear7,,30
p1484,,,op4,op3,20,linear7,,30
p1484,,,op5,op4,1,const,,55
p1484,,,op6,op5,1,const,,55
p1484,,,op7,op6,1,const,,55
p1484,,,op8,op7,20,linear7,,30
p1484,,,op9,op8,5,linear3,,45
p1484,,,op10,op9,5,linear3,,45
p1485,1336.9,BATCH_PIPELINE,op1,,1,const,,55
p1485,,,op2,op1,2,sqrt,,55
p1485,,,op3,op2,15,linear3,,37.5
p1485,,,op4,op3,20,linear7,,30
p1485,,,op5,op4,80,squared,,10
p1486,1336.9,QUERY,op1,,15,linear3,,35
p1487,1336.9,BATCH_PIPELINE,op1,,1,const,,55
p1487,,,op2,op1,5,linear3,,45
p1487,,,op3,op2,1,const,,55
p1487,,,op4,op3,15,linear3,,37.5
p1487,,,op5,op4,2,sqrt,,55
p1487,,,op6,op5,1,const,,55
p1488,1336.9,QUERY,op1,,15,linear3,,35
p1489,1336.9,BATCH_PIPELINE,op1,,1,const,,55
p1489,,,op2,op1,2,sqrt,,55
p1489,,,op3,op2,40,linear7,,20
p1489,,,op4,op3,2,sqrt,,55
p1490,1336.9,INTERACTIVE,op1,,1,const,,55
p1490,,,op2,,40,linear7,,20
p1490,,,op3,,15,linear3,,37.5
p1490,,,op4,,20,linear7,,30
p1490,,,op5,,40,linear7,,20
p1490,,,op6,op1;op2;op3;op4;op5,20,linear7,,30
p1491,1345.58,QUERY,op1,,15,linear3,,35
p1492,1345.58,QUERY,op1,,15,linear3,,35
p1493,1345.58,QUERY,op1,,15,linear3,,35
p1494,1345.58,QUERY,op1,,15,linear3,,35
p1495,1345.58,QUERY,op1,,15,linear3,,35
p1496,1345.58,INTERACTIVE,op1,,1,const,,55
p1496,,,op2,op1,20,linear7,,30
p1496,,,op3,op2,5,linear3,,45
p1496,,,op4,op3,1,const,,55
p1496,,,op5,op4,15,linear3,,37.5
p1496,,,op6,op5,20,linear7,,30
p1496,,,op7,op6,20,linear7,,30
p1496,,,op8,op7,15,linear3,,37.5
p1497,1345.58,INTERACTIVE,op1,,1,const,,55
p1497,,,op2,op1,2,sqrt,,55
p1497,,,op3,op1,80,squared,,10
p1498,1345.58,QUERY,op1,,15,linear3,,35
p1499,1345.58,QUERY,op1,,15,linear3,,35
p1500,1345.58,INTERACTIVE,op1,,1,const,,55
p1500,,,op2,op1,15,linear3,,37.5
p1500,,,op3,op2,20,linear7,,30
p1500,,,op4,op3,15,linear3,,37.5
p1501,1356.063,QUERY,op1,,15,linear3,,35
p1502,1356.063,QUERY,op1,,15,linear3,,35
p1503,1356.063,BATCH_PIPELINE,op1,,1,const,,55
p1503,,,op2,op1,20,linear7,,30
p1503,,,op3,op2,2,sqrt,,55
p1503,,,op4,op3,15,linear3,,37.5
p1503,,,op5,op4,15,linear3,,37.5
p1503,,,op6,op5,2,sqrt,,55
p1504,1356.063,INTERACTIVE,op1,,1,const,,55
p1504,,,op2,op1,15,linear3,,37.5
p1504,,,op3,op2,15,linear3,,37.5
p1504,,,op4,op3,5,linear3,,45
p1504,,,op5,op4,15,linear3,,37.5
p1504,,,op6,op5,5,linear3,,45
p1505,1356.063,QUERY,op1,,15,linear3,,35
p1506,1356.063,INTERACTIVE,op1,,1,const,,55
p1506,,,op2,,5,linear3,,45
p1506,,,op3,op1;op2,80,squared,,10
p1507,1356.063,QUERY,op1,,15,linear3,,35
p1508,1356.063,BATCH_PIPELINE,op1,,1,const,,55
p1508,,,op2,op1,40,linear7,,20
p1508,,,op3,op2,40,linear7,,20
p1508,,,op4,op3,5,linear3,,45
p1508,,,op5,op4,15,linear3,,37.5
p1508,,,op6,op5,1,const,,55
p1508,,,op7,op6,15,linear3,,37.5
p1508,,,op8,op7,2,sqrt,,55
p1509,1356.063,QUERY,op1,,15,linear3,,35
p1510,1356.063,QUERY,op1,,15,linear3,,35
p1511,1365.974,QUERY,op1,,15,linear3,,35
p1512,1365.974,INTERACTIVE,op1,,1,const,,55
p1512,,,op2,op1,40,linear7,,20
p1512,,,op3,op2,20,linear7,,30
p1512,,,op4,op3,40,linear7,,20
p1513,1365.974,QUERY,op1,,15,linear3,,35
p1514,1365.974,QUERY,op1,,15,linear3,,35
p1515,1365.974,BATCH_PIPELINE,op1,,1,const,,55
p1515,,,op2,op1,5,linear3,,45
p1515,,,op3,op2,2,sqrt,,55
p1515,,,op4,op3,20,linear7,,30
p1515,,,op5,op4,40,linear7,,20
p1516,1365.974,BATCH_PIPELINE,op1,,1,const,,55
p1516,,,op2,op1,20,linear7,,30
p1516,,,op3,op2,15,linear3,,37.5
p1516,,,op4,op3,20,linear7,,30
p1516,,,op5,op4,15,linear3,,37.5
p1516,,,op6,op5,20,linear7,,30
p1516,,,op7,op6,1,const,,55
p1516,,,op8,op7,5,linear3,,45
p1517,1365.974,INTERACTIVE,op1,,1,const,,55
p1517,,,op2,op1,5,linear3,,45
p1517,,,op3,op2,15,linear3,,37.5
p1517,,,op4,op3,40,linear7,,20
p1517,,,op5,op4,1,const,,55
p1517,,,op6,op5,5,linear3,,45
p1518,1365.974,BATCH_PIPELINE,op1,,1,const,,55
p1518,,,op2,op1,40,linear7,,20
p1519,1365.974,QUERY,op1,,15,linear3,,35
p1520,1365.974,QUERY,op1,,15,linear3,,35
p1521,1376.959,QUERY,op1,,15,linear3,,35
p1522,1376.959,QUERY,op1,,15,linear3,,35
p1523,1376.959,QUERY,op1,,15,linear3,,35
p1524,1376.959,QUERY,op1,,15,linear3,,35
p1525,1376.959,INTERACTIVE,op1,,1,const,,55
p1525,,,op2,op1,80,squared,,10
p1525,,,op3,op2,5,linear3,,45
p1525,,,op4,op3,2,sqrt,,55
p1525,,,op5,op4,80,squared,,10
p1525,,,op6,op5,20,linear7,,30
p1525,,,op7,op6,20,linear7,,30
p1526,1376.959,BATCH_PIPELINE,op1,,1,const,,55
p1526,,,op2,op1,20,linear7,,30
p1526,,,op3,op1,40,linear7,,20
p1526,,,op4,op1,80,squared,,10
p1526,,,op5,op1,20,linear7,,30
p1526,,,op6,op1,1,const,,55
p1526,,,op7,op1,15,linear3,,37.5
p1526,,,op8,op1,80,squared,,10
p1527,1376.959,INTERACTIVE,op1,,1,const,,55
p1527,,,op2,op1,20,linear7,,30
p1527,,,op3,op2,80,squared,,10
p1527,,,op4,op3,5,linear3,,45
p1527,,,op5,op4,2,sqrt,,55
p1528,1376.959,INTERACTIVE,op1,,1,const,,55
p1528,,,op2,op1,15,linear3,,37.5
p1528,,,op3,op2,40,linear7,,20
p1528,,,op4,op3,20,linear7,,30
p1529,1376.959,INTERACTIVE,op1,,1,const,,55
p1529,,,op2,op1,80,squared,,10
p1529,,,op3,op2,20,linear7,,30
p1529,,,op4,op3,15,linear3,,37.5
p1529,,,op5,op4,2,sqrt,,55
p1530,1376.959,INTERACTIVE,op1,,1,const,,55
p1530,,,op2,op1,15,linear3,,37.5
p1530,,,op3,op2,80,squared,,10
p1530,,,op4,op3,80,squared,,10
p1530,,,op5,op4,15,linear3,,37.5
p1531,1383.241,INTERACTIVE,op1,,1,const,,55
p1531,,,op2,op1,40,linear7,,20
p1531,,,op3,op2,40,linear7,,20
p1531,,,op4,op3,1,const,,55
p1531,,,op5,op4,2,sqrt,,55
p1532,1383.241,BATCH_PIPELINE,op1,,1,const,,55
p1532,,,op2,op1,2,sqrt,,55
p1532,,,op3,op2,20,linear7,,30
p1532,,,op4,op3,5,linear3,,45
p1532,,,op5,op4,20,linear7,,30
p1532,,,op6,op5,1,const,,55
p1532,,,op7,op6,1,const,,55
p1532,,,op8,op7,20,linear7,,30
p1532,,,op9,op8,15,linear3,,37.5
p1533,1383.241,INTERACTIVE,op1,,1,const,,55
p1533,,,op2,op1,80,squared,,10
p1533,,,op3,op1,1,const,,55
p1533,,,op4,op1,80,squared,,10
p1533,,,op5,op1,80,squared,,10
p1534,1383.241,BATCH_PIPELINE,op1,,1,const,,55
p1534,,,op2,op1,5,linear3,,45
p1534,,,op3,op2,1,const,,55
p1534,,,op4,op3,2,sqrt,,55
p1534,,,op5,op4,20,linear7,,30
p1534,,,op6,op5,20,linear7,,30
p1535,1383.241,BATCH_PIPELINE,op1,,1,const,,55
p1535,,,op2,op1,80,squared,,10
p1535,,,op3,op2,20,linear7,,30
p1535,,,op4,op3,40,linear7,,20
p1535,,,op5,op4,20,linear7,,30
p1535,,,op6,op5,40,linear7,,20
p1535,,,op7,op6,1,const,,55
p1535,,,op8,op7,5,linear3,,45
p1535,,,op9,op8,15,linear3,,37.5
p1536,1383.241,QUERY,op1,,15,linear3,,35
p1537,1383.241,QUERY,op1,,15,linear3,,35
p1538,1383.241,QUERY,op1,,15,linear3,,35
p1539,1383.241,BATCH_PIPELINE,op1,,1,const,,55
p1539,,,op2,,40,linear7,,20
p1539,,,op3,,15,linear3,,37.5
p1539,,,op4,,2,sqrt,,55
p1539,,,op5,,5,linear3,,45
p1539,,,op6,,1,const,,55
p1539,,,op7,op1;op2;op3;op4;op5;op6,15,linear3,,37.5
p1540,1383.241,QUERY,op1,,15,linear3,,35
p1541,1390.949,INTERACTIVE,op1,,1,const,,55
p1541,,,op2,op1,80,squared,,10
p1541,,,op3,op2,40,linear7,,20
p1541,,,op4,op3,15,linear3,,37.5
p1542,1390.949,QUERY,op1,,15,linear3,,35
p1543,1390.949,QUERY,op1,,15,linear3,,35
p1544,1390.949,INTERACTIVE,op1,,1,const,,55
p1544,,,op2,op1,5,linear3,,45
p1544,,,op3,op2,15,linear3,,37.5
p1544,,,op4,op3,20,linear7,,30
p1545,1390.949,INTERACTIVE,op1,,1,const,,55
p1545,,,op2,op1,15,linear3,,37.5
p1545,,,op3,op2,80,squared,,10
p1545,,,op4,op3,20,linear7,,30
p1546,1390.949,QUERY,op1,,15,linear3,,35
p1547,1390.949,QUERY,op1,,15,linear3,,35
p1548,1390.949,QUERY,op1,,15,linear3,,35
p1549,1390.949,QUERY,op1,,15,linear3,,35
p1550,1390.949,BATCH_PIPELINE,op1,,1,const,,55
p1550,,,op2,op1,20,linear7,,30
p1550,,,op3,op2,15,linear3,,37.5
p1550,,,op4,op3,20,linear7,,30
p1550,,,op5,op4,80,squared,,10
p1550,,,op6,op5,20,linear7,,30
p1550,,,op7,op6,5,linear3,,45
p1550,,,op8,op7,40,linear7,,20
p1550,,,op9,op8,2,sqrt,,55
p1550,,,op10,op9,15,linear3,,37.5
p1550,,,op11,op10,1,const,,55
p1551,1397.625,INTERACTIVE,op1,,1,const,,55
p1551,,,op2,op1,20,linear7,,30
p1551,,,op3,op2,2,sqrt,,55
p1551,,,op4,op3,80,squared,,10
p1551,,,op5,op4,5,linear3,,45
p1551,,,op6,op5,2,sqrt,,55
p1552,1397.625,BATCH_PIPELINE,op1,,1,const,,55
p1552,,,op2,op1,15,linear3,,37.5
p1552,,,op3,op2,5,linear3,,45
p1552,,,op4,op3,20,linear7,,30
p1552,,,op5,op4,2,sqrt,,55
p1552,,,op6,op5,1,const,,55
p1553,1397.625,BATCH_PIPELINE,op1,,1,const,,55
p1553,,,op2,op1,20,linear7,,30
p1553,,,op3,op2,20,linear7,,30
p1553,,,op4,op3,1,const,,55
p1553,,,op5,op4,2,sqrt,,55
p1554,1397.625,BATCH_PIPELINE,op1,,1,const,,55
p1554,,,op2,op1,5,linear3,,45
p1554,,,op3,op2,20,linear7,,30
p1554,,,op4,op3,1,const,,55
p1554,,,op5,op4,2,sqrt,,55
p1554,,,op6,op5,15,linear3,,37.5
p1554,,,op7,op6,20,linear7,,30
p1554,,,op8,op7,15,linear3,,37.5
p1554,,,op9,op8,15,linear3,,37.5
p1554,,,op10,op9,15,linear3,,37.5
p1554,,,op11,op10,5,linear3,,45
p1555,1397.625,INTERACTIVE,op1,,1,const,,55
p1555,,,op2,op1,20,linear7,,30
p1555,,,op3,op1,15,linear3,,37.5
p1555,,,op4,op1,2,sqrt,,55
p1555,,,op5,op1,2,sqrt,,55
p1556,1397.625,INTERACTIVE,op1,,1,const,,55
p1556,,,op2,op1,5,linear3,,45
p1556,,,op3,op2,20,linear7,,30
p1556,,,op4,op3,2,sqrt,,55
p1556,,,op5,op4,80,squared,,10
p1556,,,op6,op5,15,linear3,,37.5
p1556,,,op7,op6,5,linear3,,45
p1556,,,op8,op7,15,linear3,,37.5
p1557,1397.625,QUERY,op1,,15,linear3,,35
p1558,1397.625,BATCH_PIPELINE,op1,,1,const,,55
p1558,,,op2,op1,20,linear7,,30
p1558,,,op3,op2,2,sqrt,,55
p1558,,,op4,op3,15,linear3,,37.5
p1558,,,op5,op4,15,linear3,,37.5
p1558,,,op6,op5,1,const,,55
p1558,,,op7,op6,15,linear3,,37.5
p1559,1397.625,INTERACTIVE,op1,,1,const,,55
p1559,,,op2,op1,20,linear7,,30
p1559,,,op3,op2,80,squared,,10
p1559,,,op4,op3,2,sqrt,,55
p1559,,,op5,op4,5,linear3,,45
p1559,,,op6,op5,20,linear7,,30
p1560,1397.625,QUERY,op1,,15,linear3,,35
p1561,1407.659,QUERY,op1,,15,linear3,,35
p1562,1407.659,INTERACTIVE,op1,,1,const,,55
p1562,,,op2,op1,2,sqrt,,55
p1562,,,op3,op2,5,linear3,,45
p1562,,,op4,op3,40,linear7,,20
p1562,,,op5,op4,20,linear7,,30
p1562,,,op6,op5,20,linear7,,30
p1562,,,op7,op6,15,linear3,,37.5
p1563,1407.659,BATCH_PIPELINE,op1,,1,const,,55
p1563,,,op2,op1,20,linear7,,30
p1563,,,op3,op2,2,sqrt,,55
p1563,,,op4,op3,20,linear7,,30
p1563,,,op5,op4,2,sqrt,,55
p1563,,,op6,op5,20,linear7,,30
p1563,,,op7,op6,5,linear3,,45
p1564,1407.659,INTERACTIVE,op1,,1,const,,55
p1564,,,op2,op1,20,linear7,,30
p1564,,,op3,op2,2,sqrt,,55
p1564,,,op4,op3,15,linear3,,37.5
p1564,,,op5,op4,15,linear3,,37.5
p1565,1407.659,INTERACTIVE,op1,,1,const,,55
p1565,,,op2,op1,5,linear3,,45
p1565,,,op3,op2,20,linear7,,30
p1565,,,op4,op3,20,linear7,,30
p1565,,,op5,op4,1,const,,55
p1566,1407.659,BATCH_PIPELINE,op1,,1,const,,55
p1566,,,op2,op1,5,linear3,,45
p1566,,,op3,op2,15,linear3,,37.5
p1566,,,op4,op3,1,const,,55
p1566,,,op5,op4,15,linear3,,37.5
p1567,1407.659,INTERACTIVE,op1,,1,const,,55
p1567,,,op2,op1,20,linear7,,30
p1567,,,op3,op2,20,linear7,,30
p1567,,,op4,op3,1,const,,55
p1568,1407.659,QUERY,op1,,15,linear3,,35
p1569,1407.659,BATCH_PIPELINE,op1,,1,const,,55
p1569,,,op2,op1,1,const,,55
p1569,,,op3,op2,20,linear7,,30
p1569,,,op4,op3,5,linear3,,45
p1569,,,op5,op4,20,linear7,,30
p1569,,,op6,op5,5,linear3,,45
p1569,,,op7,op6,15,linear3,,37.5
p1569,,,op8,op7,2,sqrt,,55
p1569,,,op9,op8,20,linear7,,30
p1570,1407.659,INTERACTIVE,op1,,1,const,,55
p1570,,,op2,op1,80,squared,,10
p1570,,,op3,op2,80,squared,,10
p1570,,,op4,op3,15,linear3,,37.5
p1570,,,op5,op4,40,linear7,,20
p1570,,,op6,op5,15,linear3,,37.5
p1570,,,op7,op6,1,const,,55
p1570,,,op8,op7,80,squared,,10
p1570,,,op9,op8,40,linear7,,20
p1571,1416.589,INTERACTIVE,op1,,1,const,,55
p1571,,,op2,,40,linear7,,20
p1571,,,op3,,1,const,,55
p1571,,,op4,,20,linear7,,30
p1571,,,op5,op1;op2;op3;op4,2,sqrt,,55
p1572,1416.589,INTERACTIVE,op1,,1,const,,55
p1572,,,op2,op1,40,linear7,,20
p1572,,,op3,op2,2,sqrt,,55
p1572,,,op4,op3,5,linear3,,45
p1572,,,op5,op4,1,const,,55
p1572,,,op6,op5,1,const,,55
p1573,1416.589,BATCH_PIPELINE,op1,,1,const,,55
p1573,,,op2,op1,2,sqrt,,55
p1573,,,op3,op2,5,linear3,,45
p1573,,,op4,op3,20,linear7,,30
p1573,,,op5,op4,5,linear3,,45
p1573,,,op6,op5,15,linear3,,37.5
p1573,,,op7,op6,15,linear3,,37.5
p1573,,,op8,op7,5,linear3,,45
p1573,,,op9,op8,5,linear3,,45
p1573,,,op10,op9,15,linear3,,37.5
p1573,,,op11,op10,2,sqrt,,55
p1573,,,op12,op11,20,linear7,,30
p1574,1416.589,QUERY,op1,,15,linear3,,35
p1575,1416.589,QUERY,op1,,15,linear3,,35
p1576,1416.589,INTERACTIVE,op1,,1,const,,55
p1576,,,op2,op1,1,const,,55
p1576,,,op3,op2,5,linear3,,45
p1576,,,op4,op3,15,linear3,,37.5
p1576,,,op5,op4,80,squared,,10
p1577,1416.589,QUERY,op1,,15,linear3,,35
p1578,1416.589,QUERY,op1,,15,linear3,,35
p1579,1416.589,INTERACTIVE,op1,,1,const,,55
p1579,,,op2,op1,20,linear7,,30
p1579,,,op3,op2,15,linear3,,37.5
p1579,,,op4,op3,80,squared,,10
p1580,1416.589,INTERACTIVE,op1,,1,const,,55
p1580,,,op2,,5,linear3,,45
p1580,,,op3,,15,linear3,,37.5
p1580,,,op4,,2,sqrt,,55
p1580,,,op5,,20,linear7,,30
p1580,,,op6,,5,linear3,,45
p1580,,,op7,op1;op2;op3;op4;op5;op6,5,linear3,,45
p1581,1426.711,BATCH_PIPELINE,op1,,1,const,,55
p1581,,,op2,op1,40,linear7,,20
p1581,,,op3,op2,5,linear3,,45
p1581,,,op4,op3,20,linear7,,30
p1581,,,op5,op4,15,linear3,,37.5
p1581,,,op6,op5,20,linear7,,30
p1581,,,op7,op6,15,linear3,,37.5
p1581,,,op8,op7,1,const,,55
p1581,,,op9,op8,40,linear7,,20
p1582,1426.711,INTERACTIVE,op1,,1,const,,55
p1582,,,op2,op1,5,linear3,,45
p1582,,,op3,op2,2,sqrt,,55
p1582,,,op4,op3,20,linear7,,30
p1582,,,op5,op4,5,linear3,,45
p1582,,,op6,op5,40,linear7,,20
p1582,,,op7,op6,15,linear3,,37.5
p1583,1426.711,QUERY,op1,,15,linear3,,35
p1584,1426.711,QUERY,op1,,15,linear3,,35
p1585,1426.711,QUERY,op1,,15,linear3,,35
p1586,1426.711,BATCH_PIPELINE,op1,,1,const,,55
p1586,,,op2,op1,15,linear3,,37.5
p1586,,,op3,op1,20,linear7,,30
p1586,,,op4,op1,15,linear3,,37.5
p1586,,,op5,op1,15,linear3,,37.5
p1586,,,op6,op1,80,squared,,10
p1586,,,op7,op1,40,linear7,,20
p1586,,,op8,op1,15,linear3,,37.5
p1587,1426.711,QUERY,op1,,15,linear3,,35
p1588,1426.711,INTERACTIVE,op1,,1,const,,55
p1588,,,op2,op1,40,linear7,,20
p1588,,,op3,op2,40,linear7,,20
p1588,,,op4,op3,2,sqrt,,55
p1588,,,op5,op4,40,linear7,,20
p1589,1426.711,QUERY,op1,,15,linear3,,35
p1590,1426.711,INTERACTIVE,op1,,1,const,,55
p1590,,,op2,op1,20,linear7,,30
p1590,,,op3,op2,40,linear7,,20
p1590,,,op4,op3,40,linear7,,20
p1590,,,op5,op4,80,squared,,10
p1590,,,op6,op5,40,linear7,,20
p1590,,,op7,op6,1,const,,55
p1590,,,op8,op7,80,squared,,10
p1591,1438.109,INTERACTIVE,op1,,1,const,,55
p1591,,,op2,op1,15,linear3,,37.5
p1591,,,op3,op2,20,linear7,,30
p1591,,,op4,op3,40,linear7,,20
p1592,1438.109,BATCH_PIPELINE,op1,,1,const,,55
p1592,,,op2,op1,5,linear3,,45
p1592,,,op3,op2,15,linear3,,37.5
p1592,,,op4,op3,1,const,,55
p1592,,,op5,op4,5,linear3,,45
p1593,1438.109,QUERY,op1,,15,linear3,,35
p1594,1438.109,QUERY,op1,,15,linear3,,35
p1595,1438.109,BATCH_PIPELINE,op1,,1,const,,55
p1595,,,op2,op1,20,linear7,,30
p1595,,,op3,op2,20,linear7,,30
p1595,,,op4,op3,5,linear3,,45
p1595,,,op5,op4,15,linear3,,37.5
p1596,1438.109,INTERACTIVE,op1,,1,const,,55
p1596,,,op2,op1,20,linear7,,30
p1596,,,op3,op2,80,squared,,10
p1596,,,op4,op3,2,sqrt,,55
p1596,,,op5,op4,15,linear3,,37.5
p1596,,,op6,op5,15,linear3,,37.5
p1597,1438.109,QUERY,op1,,15,linear3,,35
p1598,1438.109,QUERY,op1,,15,linear3,,35
p1599,1438.109,BATCH_PIPELINE,op1,,1,const,,55
p1599,,,op2,op1,5,linear3,,45
p1599,,,op3,op2,5,linear3,,45
p1599,,,op4,op3,2,sqrt,,55
p1599,,,op5,op4,1,const,,55
p1599,,,op6,op5,15,linear3,,37.5
p1599,,,op7,op6,80,squared,,10
p1599,,,op8,op7,20,linear7,,30
p1600,1438.109,QUERY,op1,,15,linear3,,35
p1601,1446.18,INTERACTIVE,op1,,1,const,,55
p1601,,,op2,op1,80,squared,,10
p1601,,,op3,op2,40,linear7,,20
p1601,,,op4,op3,15,linear3,,37.5
p1601,,,op5,op4,20,linear7,,30
p1601,,,op6,op5,5,linear3,,45
p1601,,,op7,op6,1,const,,55
p1602,1446.18,INTERACTIVE,op1,,1,const,,55
p1602,,,op2,,1,const,,55
p1602,,,op3,,15,linear3,,37.5
p1602,,,op4,,5,linear3,,45
p1602,,,op5,,2,sqrt,,55
p1602,,,op6,op1;op2;op3;op4;op5,5,linear3,,45
p1603,1446.18,INTERACTIVE,op1,,1,const,,55
p1603,,,op2,,1,const,,55
p1603,,,op3,,1,const,,55
p1603,,,op4,,15,linear3,,37.5
p1603,,,op5,op1;op2;op3;op4,15,linear3,,37.5
p1604,1446.18,BATCH_PIPELINE,op1,,1,const,,55
p1604,,,op2,op1,15,linear3,,37.5
p1604,,,op3,op2,5,linear3,,45
p1604,,,op4,op3,80,squared,,10
p1604,,,op5,op4,5,linear3,,45
p1604,,,op6,op5,15,linear3,,37.5
p1605,1446.18,INTERACTIVE,op1,,1,const,,55
p1605,,,op2,op1,20,linear7,,30
p1605,,,op3,op2,40,linear7,,20
p1605,,,op4,op3,20,linear7,,30
p1605,,,op5,op4,15,linear3,,37.5
p1606,1446.18,QUERY,op1,,15,linear3,,35
p1607,1446.18,INTERACTIVE,op1,,1,const,,55
p1607,,,op2,,80,squared,,10
p1607,,,op3,,20,linear7,,30
p1607,,,op4,,40,linear7,,20
p1607,,,op5,,2,sqrt,,55
p1607,,,op6,op1;op2;op3;op4;op5,15,linear3,,37.5
p1608,1446.18,INTERACTIVE,op1,,1,const,,55
p1608,,,op2,op1,5,linear3,,45
p1608,,,op3,op2,80,squared,,10
p1608,,,op4,op3,15,linear3,,37.5
p1608,,,op5,op4,80,squared,,10
p1608,,,op6,op5,20,linear7,,30
p1608,,,op7,op6,20,linear7,,30
p1608,,,op8,op7,5,linear3,,45
p1609,1446.18,QUERY,op1,,15,linear3,,35
p1610,1446.18,INTERACTIVE,op1,,1,const,,55
p1610,,,op2,op1,40,linear7,,20
p1610,,,op3,op2,15,linear3,,37.5
p1610,,,op4,op3,5,linear3,,45
p1611,1457.452,BATCH_PIPELINE,op1,,1,const,,55
p1611,,,op2,op1,1,const,,55
p1611,,,op3,op2,2,sqrt,,55
p1611,,,op4,op3,15,linear3,,37.5
p1611,,,op5,op4,15,linear3,,37.5
p1611,,,op6,op5,2,sqrt,,55
p1611,,,op7,op6,2,sqrt,,55
p1612,1457.452,INTERACTIVE,op1,,1,const,,55
p1612,,,op2,op1,2,sqrt,,55
p1612,,,op3,op1,1,const,,55
p1612,,,op4,op1,20,linear7,,30
p1612,,,op5,op1,1,const,,55
p1612,,,op6,op1,15,linear3,,37.5
p1613,1457.452,INTERACTIVE,op1,,1,const,,55
p1613,,,op2,op1,20,linear7,,30
p1613,,,op3,op2,2,sqrt,,55
p1613,,,op4,op3,2,sqrt,,55
p1613,,,op5,op4,15,linear3,,37.5
p1613,,,op6,op5,80,squared,,10
p1613,,,op7,op6,20,linear7,,30
p1613,,,op8,op7,5,linear3,,45
p1614,1457.452,INTERACTIVE,op1,,1,const,,55
p1614,,,op2,op1,2,sqrt,,55
p1615,1457.452,QUERY,op1,,15,linear3,,35
p1616,1457.452,INTERACTIVE,op1,,1,const,,55
p1616,,,op2,op1,15,linear3,,37.5
p1616,,,op3,op2,20,linear7,,30
p1616,,,op4,op3,15,linear3,,37.5
p1616,,,op5,op4,15,linear3,,37.5
p1617,1457.452,QUERY,op1,,15,linear3,,35
p1618,1457.452,INTERACTIVE,op1,,1,const,,55
p1618,,,op2,op1,40,linear7,,20
p1618,,,op3,op1,2,sqrt,,55
p1618,,,op4,op1,80,squared,,10
p1618,,,op5,op1,1,const,,55
p1619,1457.452,BATCH_PIPELINE,op1,,1,const,,55
p1619,,,op2,op1,5,linear3,,45
p1619,,,op3,op1,5,linear3,,45
p1619,,,op4,op1,5,linear3,,45
p1619,,,op5,op1,15,linear3,,37.5
p1619,,,op6,op1,5,linear3,,45
p1620,1457.452,INTERACTIVE,op1,,1,const,,55
p1621,1466.493,INTERACTIVE,op1,,1,const,,55
p1621,,,op2,op1,40,linear7,,20
p1621,,,op3,op2,2,sqrt,,55
p1621,,,op4,op3,40,linear7,,20
p1621,,,op5,op4,5,linear3,,45
p1621,,,op6,op5,2,sqrt,,55
p1621,,,op7,op6,15,linear3,,37.5
p1622,1466.493,QUERY,op1,,15,linear3,,35
p1623,1466.493,INTERACTIVE,op1,,1,const,,55
p1623,,,op2,op1,40,linear7,,20
p1623,,,op3,op2,5,linear3,,45
p1623,,,op4,op3,20,linear7,,30
p1623,,,op5,op4,20,linear7,,30
p1623,,,op6,op5,20,linear7,,30
p1623,,,op7,op6,20,linear7,,30
p1623,,,op8,op7,5,linear3,,45
p1624,1466.493,BATCH_PIPELINE,op1,,1,const,,55
p1624,,,op2,,1,const,,55
p1624,,,op3,,20,linear7,,30
p1624,,,op4,,5,linear3,,45
p1624,,,op5,,5,linear3,,45
p1624,,,op6,,20,linear7,,30
p1624,,,op7,,5,linear3,,45
p1624,,,op8,,5,linear3,,45
p1624,,,op9,,5,linear3,,45
p1624,,,op10,,80,squared,,10
p1624,,,op11,op1;op2;op3;op4;op5;op6;op7;op8;op9;op10,15,linear3,,37.5
p1625,1466.493,QUERY,op1,,15,linear3,,35
p1626,1466.493,QUERY,op1,,15,linear3,,35
p1627,1466.493,QUERY,op1,,15,linear3,,35
p1628,1466.493,BATCH_PIPELINE,op1,,1,const,,55
p1628,,,op2,op1,20,linear7,,30
p1628,,,op3,op2,5,linear3,,45
p1628,,,op4,op3,15,linear3,,37.5
p1629,1466.493,INTERACTIVE,op1,,1,const,,55
p1629,,,op2,op1,1,const,,55
p1629,,,op3,op2,15,linear3,,37.5
p1629,,,op4,op3,20,linear7,,30
p1629,,,op5,op4,5,linear3,,45
p1629,,,op6,op5,15,linear3,,37.5
p1630,1466.493,INTERACTIVE,op1,,1,const,,55
p1630,,,op2,,40,linear7,,20
p1630,,,op3,,15,linear3,,37.5
p1630,,,op4,,15,linear3,,37.5
p1630,,,op5,,1,const,,55
p1630,,,op6,op1;op2;op3;op4;op5,5,linear3,,45
p1631,1472.449,INTERACTIVE,op1,,1,const,,55
p1631,,,op2,,80,squared,,10
p1631,,,op3,,15,linear3,,37.5
p1631,,,op4,,80,squared,,10
p1631,,,op5,,20,linear7,,30
p1631,,,op6,op1;op2;op3;op4;op5,1,const,,55
p1632,1472.449,QUERY,op1,,15,linear3,,35
p1633,1472.449,QUERY,op1,,15,linear3,,35
p1634,1472.449,QUERY,op1,,15,linear3,,35
p1635,1472.449,QUERY,op1,,15,linear3,,35
p1636,1472.449,QUERY,op1,,15,linear3,,35
p1637,1472.449,BATCH_PIPELINE,op1,,1,const,,55
p1637,,,op2,op1,20,linear7,,30
p1637,,,op3,op2,40,linear7,,20
p1637,,,op4,op3,5,linear3,,45
p1637,,,op5,op4,40,linear7,,20
p1637,,,op6,op5,1,const,,55
p1637,,,op7,op6,1,const,,55
p1638,1472.449,QUERY,op1,,15,linear3,,35
p1639,1472.449,INTERACTIVE,op1,,1,const,,55
p1639,,,op2,op1,5,linear3,,45
p1639,,,op3,op2,15,linear3,,37.5
p1639,,,op4,op3,20,linear7,,30
p1639,,,op5,op4,5,linear3,,45
p1639,,,op6,op5,5,linear3,,45
p1639,,,op7,op6,1,const,,55
p1640,1472.449,INTERACTIVE,op1,,1,const,,55
p1640,,,op2,op1,5,linear3,,45
p1640,,,op3,op2,80,squared,,10
p1640,,,op4,op3,5,linear3,,45
p1640,,,op5,op4,80,squared,,10
p1640,,,op6,op5,80,squared,,10
p1640,,,op7,op6,15,linear3,,37.5
p1641,1478.078,INTERACTIVE,op1,,1,const,,55
p1641,,,op2,op1,40,linear7,,20
p1641,,,op3,op2,40,linear7,,20
p1641,,,op4,op3,80,squared,,10
p1641,,,op5,op4,5,linear3,,45
p1641,,,op6,op5,20,linear7,,30
p1642,1478.078,INTERACTIVE,op1,,1,const,,55
p1642,,,op2,op1,40,linear7,,20
p1642,,,op3,op2,20,linear7,,30
p1642,,,op4,op3,15,linear3,,37.5
p1642,,,op5,op4,15,linear3,,37.5
p1642,,,op6,op5,2,sqrt,,55
p1643,1478.078,QUERY,op1,,15,linear3,,35
p1644,1478.078,INTERACTIVE,op1,,1,const,,55
p1644,,,op2,op1,20,linear7,,30
p1644,,,op3,op2,15,linear3,,37.5
p1644,,,op4,op3,1,const,,55
p1644,,,op5,op4,1,const,,55
p1645,1478.078,INTERACTIVE,op1,,1,const,,55
p1645,,,op2,op1,20,linear7,,30
p1646,1478.078,QUERY,op1,,15,linear3,,35
p1647,1478.078,INTERACTIVE,op1,,1,const,,55
p1647,,,op2,op1,80,squared,,10
p1647,,,op3,op2,5,linear3,,45
p1648,1478.078,QUERY,op1,,15,linear3,,35
p1649,1478.078,QUERY,op1,,15,linear3,,35
p1650,1478.078,INTERACTIVE,op1,,1,const,,55
p1650,,,op2,op1,5,linear3,,45
p1650,,,op3,op1,80,squared,,10
p1650,,,op4,op1,15,linear3,,37.5
p1650,,,op5,op1,40,linear7,,20
p1650,,,op6,op1,5,linear3,,45
p1650,,,op7,op1,80,squared,,10
p1651,1487.694,QUERY,op1,,15,linear3,,35
p1652,1487.694,BATCH_PIPELINE,op1,,1,const,,55
p1652,,,op2,op1,5,linear3,,45
p1652,,,op3,op2,40,linear7,,20
p1652,,,op4,op3,5,linear3,,45
p1652,,,op5,op4,1,const,,55
p1652,,,op6,op5,1,const,,55
p1653,1487.694,INTERACTIVE,op1,,1,const,,55
p1653,,,op2,op1,20,linear7,,30
p1653,,,op3,op1,15,linear3,,37.5
p1653,,,op4,op1,15,linear3,,37.5
p1653,,,op5,op1,20,linear7,,30
p1653,,,op6,op1,15,linear3,,37.5
p1654,1487.694,QUERY,op1,,15,linear3,,35
p1655,1487.694,INTERACTIVE,op1,,1,const,,55
p1655,,,op2,,80,squared,,10
p1655,,,op3,,1,const,,55
p1655,,,op4,,5,linear3,,45
p1655,,,op5,,1,const,,55
p1655,,,op6,op1;op2;op3;op4;op5,80,squared,,10
p1656,1487.694,INTERACTIVE,op1,,1,const,,55
p1656,,,op2,op1,80,squared,,10
p1656,,,op3,op2,80,squared,,10
p1656,,,op4,op3,40,linear7,,20
p1656,,,op5,op4,20,linear7,,30
p1656,,,op6,op5,5,linear3,,45
p1657,1487.694,INTERACTIVE,op1,,1,const,,55
p1657,,,op2,op1,5,linear3,,45
p1657,,,op3,op1,40,linear7,,20
p1657,,,op4,op1,80,squared,,10
p1657,,,op5,op1,5,linear3,,45
p1657,,,op6,op1,15,linear3,,37.5
p1657,,,op7,op1,20,linear7,,30
p1658,1487.694,BATCH_PIPELINE,op1,,1,const,,55
p1658,,,op2,op1,20,linear7,,30
p1658,,,op3,op1,20,linear7,,30
p1658,,,op4,op1,80,squared,,10
p1658,,,op5,op1,5,linear3,,45
p1658,,,op6,op1,15,linear3,,37.5
p1659,1487.694,BATCH_PIPELINE,op1,,1,const,,55
p1659,,,op2,op1,20,linear7,,30
p1659,,,op3,op2,20,linear7,,30
p1659,,,op4,op3,5,linear3,,45
p1659,,,op5,op4,5,linear3,,45
p1659,,,op6,op5,20,linear7,,30
p1659,,,op7,op6,1,const,,55
p1660,1487.694,BATCH_PIPELINE,op1,,1,const,,55
p1660,,,op2,op1,20,linear7,,30
p1660,,,op3,op2,1,const,,55
p1660,,,op4,op3,5,linear3,,45
p1660,,,op5,op4,1,const,,55
p1660,,,op6,op5,80,squared,,10
p1660,,,op7,op6,1,const,,55
p1660,,,op8,op7,1,const,,55
p1660,,,op9,op8,15,linear3,,37.5
p1661,1495.7640000000001,BATCH_PIPELINE,op1,,1,const,,55
p1661,,,op2,op1,2,sqrt,,55
p1661,,,op3,op2,5,linear3,,45
p1661,,,op4,op3,20,linear7,,30
p1661,,,op5,op4,40,linear7,,20
p1661,,,op6,op5,40,linear7,,20
p1661,,,op7,op6,5,linear3,,45
p1661,,,op8,op7,1,const,,55
p1661,,,op9,op8,15,linear3,,37.5
p1662,1495.7640000000001,BATCH_PIPELINE,op1,,1,const,,55
p1662,,,op2,op1,1,const,,55
p1662,,,op3,op1,5,linear3,,45
p1662,,,op4,op1,80,squared,,10
p1662,,,op5,op1,1,const,,55
p1662,,,op6,op1,1,const,,55
p1662,,,op7,op1,40,linear7,,20
p1662,,,op8,op1,5,linear3,,45
p1662,,,op9,op1,1,const,,55
p1662,,,op10,op1,80,squared,,10
p1663,1495.7640000000001,QUERY,op1,,15,linear3,,35
p1664,1495.7640000000001,INTERACTIVE,op1,,1,const,,55
p1664,,,op2,,15,linear3,,37.5
p1664,,,op3,,80,squared,,10
p1664,,,op4,op1;op2;op3,40,linear7,,20
p1665,1495.7640000000001,QUERY,op1,,15,linear3,,35
p1666,1495.7640000000001,QUERY,op1,,15,linear3,,35
p1667,1495.7640000000001,INTERACTIVE,op1,,1,const,,55
p1667,,,op2,op1,20,linear7,,30
p1667,,,op3,op2,15,linear3,,37.5
p1667,,,op4,op3,2,sqrt,,55
p1667,,,op5,op4,20,linear7,,30
p1667,,,op6,op5,1,const,,55
p1667,,,op7,op6,5,linear3,,45
p1667,,,op8,op7,5,linear3,,45
p1668,1495.7640000000001,INTERACTIVE,op1,,1,const,,55
p1668,,,op2,op1,80,squared,,10
p1668,,,op3,op2,20,linear7,,30
p1668,,,op4,op3,80,squared,,10
p1668,,,op5,op4,15,linear3,,37.5
p1669,1495.7640000000001,INTERACTIVE,op1,,1,const,,55
p1669,,,op2,op1,15,linear3,,37.5
p1669,,,op3,op2,40,linear7,,20
p1669,,,op4,op3,2,sqrt,,55
p1669,,,op5,op4,40,linear7,,20
p1669,,,op6,op5,20,linear7,,30
p1669,,,op7,op6,80,squared,,10
p1669,,,op8,op7,40,linear7,,20
p1670,1495.7640000000001,BATCH_PIPELINE,op1,,1,const,,55
p1670,,,op2,op1,80,squared,,10
p1670,,,op3,op1,1,const,,55
p1670,,,op4,op1,1,const,,55
p1670,,,op5,op1,20,linear7,,30
p1670,,,op6,op1,80,squared,,10
p1670,,,op7,op1,15,linear3,,37.5
p1671,1507.013,INTERACTIVE,op1,,1,const,,55
p1671,,,op2,op1,40,linear7,,20
p1671,,,op3,op2,1,const,,55
p1671,,,op4,op3,2,sqrt,,55
p1671,,,op5,op4,20,linear7,,30
p1672,1507.013,BATCH_PIPELINE,op1,,1,const,,55
p1672,,,op2,op1,20,linear7,,30
p1672,,,op3,op2,5,linear3,,45
p1672,,,op4,op3,2,sqrt,,55
p1672,,,op5,op4,20,linear7,,30
p1672,,,op6,op5,20,linear7,,30
p1672,,,op7,op6,20,linear7,,30
p1673,1507.013,QUERY,op1,,15,linear3,,35
p1674,1507.013,INTERACTIVE,op1,,1,const,,55
p1674,,,op2,op1,5,linear3,,45
p1674,,,op3,op2,15,linear3,,37.5
p1674,,,op4,op3,5,linear3,,45
p1674,,,op5,op4,40,linear7,,20
p1674,,,op6,op5,1,const,,55
p1674,,,op7,op6,2,sqrt,,55
p1675,1507.013,QUERY,op1,,15,linear3,,35
p1676,1507.013,INTERACTIVE,op1,,1,const,,55
p1676,,,op2,op1,80,squared,,10
p1676,,,op3,op2,80,squared,,10
p1676,,,op4,op3,2,sqrt,,55
p1676,,,op5,op4,1,const,,55
p1676,,,op6,op5,15,linear3,,37.5
p1676,,,op7,op6,40,linear7,,20
p1677,1507.013,INTERACTIVE,op1,,1,const,,55
p1677,,,op2,op1,1,const,,55
p1677,,,op3,op2,5,linear3,,45
p1677,,,op4,op3,5,linear3,,45
p1678,1507.013,QUERY,op1,,15,linear3,,35
p1679,1507.013,BATCH_PIPELINE,op1,,1,const,,55
p1679,,,op2,op1,20,linear7,,30
p1679,,,op3,op2,20,linear7,,30
p1679,,,op4,op3,1,const,,55
p1679,,,op5,op4,1,const,,55
p1679,,,op6,op5,40,linear7,,20
p1679,,,op7,op6,5,linear3,,45
p1679,,,op8,op7,1,const,,55
p1679,,,op9,op8,5,linear3,,45
p1680,1507.013,QUERY,op1,,15,linear3,,35
p1681,1515.827,BATCH_PIPELINE,op1,,1,const,,55
p1681,,,op2,op1,5,linear3,,45
p1681,,,op3,op2,5,linear3,,45
p1681,,,op4,op3,15,linear3,,37.5
p1681,,,op5,op4,1,const,,55
p1681,,,op6,op5,15,linear3,,37.5
p1681,,,op7,op6,1,const,,55
p1681,,,op8,op7,15,linear3,,37.5
p1681,,,op9,op8,1,const,,55
p1681,,,op10,op9,1,const,,55
p1681,,,op11,op10,80,squared,,10
p1682,1515.827,INTERACTIVE,op1,,1,const,,55
p1682,,,op2,op1,5,linear3,,45
p1682,,,op3,op2,20,linear7,,30
p1682,,,op4,op3,15,linear3,,37.5
p1682,,,op5,op4,1,const,,55
p1682,,,op6,op5,20,linear7,,30
p1683,1515.827,INTERACTIVE,op1,,1,const,,55
p1683,,,op2,op1,1,const,,55
p1683,,,op3,op2,2,sqrt,,55
p1683,,,op4,op3,2,sqrt,,55
p1683,,,op5,op4,40,linear7,,20
p1683,,,op6,op5,1,const,,55
p1683,,,op7,op6,5,linear3,,45
p1684,1515.827,BATCH_PIPELINE,op1,,1,const,,55
p1684,,,op2,op1,1,const,,55
p1684,,,op3,op2,1,const,,55
p1684,,,op4,op3,80,squared,,10
p1684,,,op5,op4,15,linear3,,37.5
p1684,,,op6,op5,15,linear3,,37.5
p1684,,,op7,op6,1,const,,55
p1684,,,op8,op7,15,linear3,,37.5
p1685,1515.827,INTERACTIVE,op1,,1,const,,55
p1685,,,op2,op1,20,linear7,,30
p1685,,,op3,op1,5,linear3,,45
p1685,,,op4,op1,1,const,,55
p1685,,,op5,op1,1,const,,55
p1685,,,op6,op1,80,squared,,10
p1685,,,op7,op1,2,sqrt,,55
p1686,1515.827,QUERY,op1,,15,linear3,,35
p1687,1515.827,BATCH_PIPELINE,op1,,1,const,,55
p1687,,,op2,,5,linear3,,45
p1687,,,op3,,15,linear3,,37.5
p1687,,,op4,,2,sqrt,,55
p1687,,,op5,,5,linear3,,45
p1687,,,op6,,20,linear7,,30
p1687,,,op7,,15,linear3,,37.5
p1687,,,op8,,80,squared,,10
p1687,,,op9,,20,linear7,,30
p1687,,,op10,op1;op2;op3;op4;op5;op6;op7;op8;op9,40,linear7,,20
p1688,1515.827,INTERACTIVE,op1,,1,const,,55
p1688,,,op2,op1,20,linear7,,30
p1688,,,op3,op1,20,linear7,,30
p1688,,,op4,op1,15,linear3,,37.5
p1688,,,op5,op1,80,squared,,10
p1688,,,op6,op1,80,squared,,10
p1689,1515.827,INTERACTIVE,op1,,1,const,,55
p1689,,,op2,op1,1,const,,55
p1689,,,op3,op2,80,squared,,10
p1689,,,op4,op3,2,sqrt,,55
p1689,,,op5,op4,5,linear3,,45
p1689,,,op6,op5,20,linear7,,30
p1689,,,op7,op6,80,squared,,10
p1690,1515.827,QUERY,op1,,15,linear3,,35
p1691,1523.674,BATCH_PIPELINE,op1,,1,const,,55
p1691,,,op2,op1,80,squared,,10
p1691,,,op3,op2,20,linear7,,30
p1691,,,op4,op3,2,sqrt,,55
p1691,,,op5,op4,1,const,,55
p1691,,,op6,op5,5,linear3,,45
p1691,,,op7,op6,2,sqrt,,55
p1692,1523.674,INTERACTIVE,op1,,1,const,,55
p1692,,,op2,op1,80,squared,,10
p1692,,,op3,op1,5,linear3,,45
p1692,,,op4,op1,15,linear3,,37.5
p1692,,,op5,op1,20,linear7,,30
p1692,,,op6,op1,40,linear7,,20
p1693,1523.674,INTERACTIVE,op1,,1,const,,55
p1693,,,op2,op1,5,linear3,,45
p1693,,,op3,op1,40,linear7,,20
p1693,,,op4,op1,40,linear7,,20
p1693,,,op5,op1,80,squared,,10
p1693,,,op6,op1,1,const,,55
p1694,1523.674,INTERACTIVE,op1,,1,const,,55
p1694,,,op2,op1,20,linear7,,30
p1694,,,op3,op2,40,linear7,,20
p1694,,,op4,op3,5,linear3,,45
p1694,,,op5,op4,5,linear3,,45
p1694,,,op6,op5,2,sqrt,,55
p1694,,,op7,op6,5,linear3,,45
p1695,1523.674,BATCH_PIPELINE,op1,,1,const,,55
p1695,,,op2,op1,5,linear3,,45
p1695,,,op3,op2,5,linear3,,45
p1695,,,op4,op3,80,squared,,10
p1695,,,op5,op4,5,linear3,,45
p1695,,,op6,op5,15,linear3,,37.5
p1696,1523.674,QUERY,op1,,15,linear3,,35
p1697,1523.674,INTERACTIVE,op1,,1,const,,55
p1697,,,op2,op1,2,sqrt,,55
p1697,,,op3,op2,15,linear3,,37.5
p1698,1523.674,INTERACTIVE,op1,,1,const,,55
p1698,,,op2,op1,1,const,,55
p1698,,,op3,op1,15,linear3,,37.5
p1699,1523.674,QUERY,op1,,15,linear3,,35
p1700,1523.674,INTERACTIVE,op1,,1,const,,55
p1700,,,op2,op1,20,linear7,,30
p1700,,,op3,op2,5,linear3,,45
p1700,,,op4,op3,15,linear3,,37.5
p1700,,,op5,op4,2,sqrt,,55
p1701,1533.621,QUERY,op1,,15,linear3,,35
p1702,1533.621,INTERACTIVE,op1,,1,const,,55
p1702,,,op2,op1,20,linear7,,30
p1702,,,op3,op2,40,linear7,,20
p1702,,,op4,op3,20,linear7,,30
p1702,,,op5,op4,5,linear3,,45
p1702,,,op6,op5,40,linear7,,20
p1703,1533.621,QUERY,op1,,15,linear3,,35
p1704,1533.621,INTERACTIVE,op1,,1,const,,55
p1705,1533.621,INTERACTIVE,op1,,1,const,,55
p1705,,,op2,,5,linear3,,45
p1705,,,op3,,20,linear7,,30
p1705,,,op4,,2,sqrt,,55
p1705,,,op5,,20,linear7,,30
p1705,,,op6,op1;op2;op3;op4;op5,5,linear3,,45
p1706,1533.621,QUERY,op1,,15,linear3,,35
p1707,1533.621,BATCH_PIPELINE,op1,,1,const,,55
p1707,,,op2,op1,2,sqrt,,55
p1707,,,op3,op2,5,linear3,,45
p1707,,,op4,op3,20,linear7,,30
p1707,,,op5,op4,2,sqrt,,55
p1707,,,op6,op5,5,linear3,,45
p1707,,,op7,op6,5,linear3,,45
p1707,,,op8,op7,5,linear3,,45
p1707,,,op9,op8,2,sqrt,,55
p1708,1533.621,INTERACTIVE,op1,,1,const,,55
p1708,,,op2,op1,1,const,,55
p1708,,,op3,op2,20,linear7,,30
p1708,,,op4,op3,40,linear7,,20
p1708,,,op5,op4,20,linear7,,30
p1708,,,op6,op5,5,linear3,,45
p1709,1533.621,INTERACTIVE,op1,,1,const,,55
p1709,,,op2,op1,15,linear3,,37.5
p1709,,,op3,op2,15,linear3,,37.5
p1709,,,op4,op3,2,sqrt,,55
p1709,,,op5,op4,20,linear7,,30
p1709,,,op6,op5,20,linear7,,30
p1710,1533.621,INTERACTIVE,op1,,1,const,,55
p1710,,,op2,op1,5,linear3,,45
p1710,,,op3,op2,80,squared,,10
p1710,,,op4,op3,5,linear3,,45
p1710,,,op5,op4,40,linear7,,20
p1710,,,op6,op5,80,squared,,10
p1711,1541.962,QUERY,op1,,15,linear3,,35
p1712,1541.962,QUERY,op1,,15,linear3,,35
p1713,1541.962,INTERACTIVE,op1,,1,const,,55
p1713,,,op2,op1,40,linear7,,20
p1713,,,op3,op2,2,sqrt,,55
p1713,,,op4,op3,15,linear3,,37.5
p1713,,,op5,op4,20,linear7,,30
p1714,1541.962,BATCH_PIPELINE,op1,,1,const,,55
p1714,,,op2,op1,15,linear3,,37.5
p1714,,,op3,op2,40,linear7,,20
p1714,,,op4,op3,5,linear3,,45
p1714,,,op5,op4,40,linear7,,20
p1714,,,op6,op5,1,const,,55
p1714,,,op7,op6,5,linear3,,45
p1714,,,op8,op7,40,linear7,,20
p1714,,,op9,op8,80,squared,,10
p1714,,,op10,op9,2,sqrt,,55
p1714,,,op11,op10,2,sqrt,,55
p1714,,,op12,op11,20,linear7,,30
p1715,1541.962,INTERACTIVE,op1,,1,const,,55
p1715,,,op2,op1,5,linear3,,45
p1715,,,op3,op2,1,const,,55
p1715,,,op4,op3,1,const,,55
p1715,,,op5,op4,15,linear3,,37.5
p1716,1541.962,INTERACTIVE,op1,,1,const,,55
p1716,,,op2,op1,80,squared,,10
p1716,,,op3,op2,80,squared,,10
p1716,,,op4,op3,2,sqrt,,55
p1716,,,op5,op4,20,linear7,,30
p1717,1541.962,INTERACTIVE,op1,,1,const,,55
p1717,,,op2,op1,5,linear3,,45
p1717,,,op3,op1,15,linear3,,37.5
p1717,,,op4,op1,2,sqrt,,55
p1717,,,op5,op1,40,linear7,,20
p1718,1541.962,INTERACTIVE,op1,,1,const,,55
p1718,,,op2,op1,5,linear3,,45
p1718,,,op3,op2,40,linear7,,20
p1718,,,op4,op3,80,squared,,10
p1718,,,op5,op4,1,const,,55
p1719,1541.962,QUERY,op1,,15,linear3,,35
p1720,1541.962,INTERACTIVE,op1,,1,const,,55
p1720,,,op2,,5,linear3,,45
p1720,,,op3,,5,linear3,,45
p1720,,,op4,,15,linear3,,37.5
p1720,,,op5,,20,linear7,,30
p1720,,,op6,,2,sqrt,,55
p1720,,,op7,op1;op2;op3;op4;op5;op6,15,linear3,,37.5
p1721,1549.228,INTERACTIVE,op1,,1,const,,55
p1721,,,op2,,5,linear3,,45
p1721,,,op3,,20,linear7,,30
p1721,,,op4,op1;op2;op3,15,linear3,,37.5
p1722,1549.228,QUERY,op1,,15,linear3,,35
p1723,1549.228,QUERY,op1,,15,linear3,,35
p1724,1549.228,BATCH_PIPELINE,op1,,1,const,,55
p1724,,,op2,,20,linear7,,30
p1724,,,op3,,5,linear3,,45
p1724,,,op4,,15,linear3,,37.5
p1724,,,op5,,2,sqrt,,55
p1724,,,op6,,20,linear7,,30
p1724,,,op7,,1,const,,55
p1724,,,op8,op1;op2;op3;op4;op5;op6;op7,20,linear7,,30
p1725,1549.228,BATCH_PIPELINE,op1,,1,const,,55
p1725,,,op2,op1,5,linear3,,45
p1725,,,op3,op2,40,linear7,,20
p1725,,,op4,op3,80,squared,,10
p1725,,,op5,op4,40,linear7,,20
p1725,,,op6,op5,5,linear3,,45
p1725,,,op7,op6,20,linear7,,30
p1726,1549.228,QUERY,op1,,15,linear3,,35
p1727,1549.228,INTERACTIVE,op1,,1,const,,55
p1727,,,op2,op1,40,linear7,,20
p1727,,,op3,op2,1,const,,55
p1727,,,op4,op3,5,linear3,,45
p1728,1549.228,INTERACTIVE,op1,,1,const,,55
p1728,,,op2,op1,1,const,,55
p1728,,,op3,op2,80,squared,,10
p1728,,,op4,op3,1,const,,55
p1728,,,op5,op4,1,const,,55
p1728,,,op6,op5,15,linear3,,37.5
p1729,1549.228,INTERACTIVE,op1,,1,const,,55
p1729,,,op2,op1,15,linear3,,37.5
p1729,,,op3,op2,2,sqrt,,55
p1729,,,op4,op3,20,linear7,,30
p1729,,,op5,op4,5,linear3,,45
p1730,1549.228,BATCH_PIPELINE,op1,,1,const,,55
p1730,,,op2,op1,1,const,,55
p1730,,,op3,op2,5,linear3,,45
p1730,,,op4,op3,1,const,,55
p1730,,,op5,op4,1,const,,55
p1730,,,op6,op5,20,linear7,,30
p1730,,,op7,op6,1,const,,55
p1731,1561.406,INTERACTIVE,op1,,1,const,,55
p1731,,,op2,op1,40,linear7,,20
p1731,,,op3,op2,15,linear3,,37.5
p1731,,,op4,op3,5,linear3,,45
p1731,,,op5,op4,15,linear3,,37.5
p1732,1561.406,INTERACTIVE,op1,,1,const,,55
p1732,,,op2,op1,20,linear7,,30
p1732,,,op3,op2,15,linear3,,37.5
p1733,1561.406,BATCH_PIPELINE,op1,,1,const,,55
p1733,,,op2,op1,5,linear3,,45
p1733,,,op3,op1,2,sqrt,,55
p1733,,,op4,op1,15,linear3,,37.5
p1733,,,op5,op1,15,linear3,,37.5
p1733,,,op6,op1,2,sqrt,,55
p1734,1561.406,INTERACTIVE,op1,,1,const,,55
p1734,,,op2,op1,5,linear3,,45
p1734,,,op3,op2,1,const,,55
p1734,,,op4,op3,15,linear3,,37.5
p1734,,,op5,op4,2,sqrt,,55
p1735,1561.406,BATCH_PIPELINE,op1,,1,const,,55
p1735,,,op2,op1,15,linear3,,37.5
p1735,,,op3,op2,5,linear3,,45
p1735,,,op4,op3,5,linear3,,45
p1735,,,op5,op4,20,linear7,,30
p1735,,,op6,op5,1,const,,55
p1735,,,op7,op6,20,linear7,,30
p1736,1561.406,QUERY,op1,,15,linear3,,35
p1737,1561.406,INTERACTIVE,op1,,1,const,,55
p1737,,,op2,op1,80,squared,,10
p1737,,,op3,op1,40,linear7,,20
p1737,,,op4,op1,20,linear7,,30
p1737,,,op5,op1,1,const,,55
p1738,1561.406,QUERY,op1,,15,linear3,,35
p1739,1561.406,INTERACTIVE,op1,,1,const,,55
p1739,,,op2,op1,5,linear3,,45
p1739,,,op3,op2,40,linear7,,20
p1739,,,op4,op3,1,const,,55
p1740,1561.406,INTERACTIVE,op1,,1,const,,55
p1740,,,op2,op1,20,linear7,,30
p1740,,,op3,op2,2,sqrt,,55
p1740,,,op4,op3,15,linear3,,37.5
p1741,1569.929,INTERACTIVE,op1,,1,const,,55
p1741,,,op2,op1,5,linear3,,45
p1741,,,op3,op2,15,linear3,,37.5
p1741,,,op4,op3,15,linear3,,37.5
p1741,,,op5,op4,5,linear3,,45
p1742,1569.929,QUERY,op1,,15,linear3,,35
p1743,1569.929,BATCH_PIPELINE,op1,,1,const,,55
p1743,,,op2,op1,2,sqrt,,55
p1743,,,op3,op2,5,linear3,,45
p1743,,,op4,op3,5,linear3,,45
p1743,,,op5,op4,1,const,,55
p1743,,,op6,op5,15,linear3,,37.5
p1743,,,op7,op6,5,linear3,,45
p1744,1569.929,QUERY,op1,,15,linear3,,35
p1745,1569.929,INTERACTIVE,op1,,1,const,,55
p1745,,,op2,op1,1,const,,55
p1745,,,op3,op2,1,const,,55
p1745,,,op4,op3,40,linear7,,20
p1745,,,op5,op4,80,squared,,10
p1745,,,op6,op5,5,linear3,,45
p1745,,,op7,op6,80,squared,,10
p1745,,,op8,op7,40,linear7,,20
p1745,,,op9,op8,15,linear3,,37.5
p1745,,,op10,op9,15,linear3,,37.5
p1746,1569.929,QUERY,op1,,15,linear3,,35
p1747,1569.929,INTERACTIVE,op1,,1,const,,55
p1747,,,op2,op1,15,linear3,,37.5
p1747,,,op3,op1,80,squared,,10
p1747,,,op4,op1,20,linear7,,30
p1747,,,op5,op1,40,linear7,,20
p1747,,,op6,op1,20,linear7,,30
p1748,1569.929,INTERACTIVE,op1,,1,const,,55
p1748,,,op2,op1,40,linear7,,20
p1748,,,op3,op2,20,linear7,,30
p1748,,,op4,op3,5,linear3,,45
p1748,,,op5,op4,20,linear7,,30
p1748,,,op6,op5,15,linear3,,37.5
p1749,1569.929,INTERACTIVE,op1,,1,const,,55
p1749,,,op2,op1,40,linear7,,20
p1749,,,op3,op2,2,sqrt,,55
p1749,,,op4,op3,15,linear3,,37.5
p1749,,,op5,op4,80,squared,,10
p1749,,,op6,op5,2,sqrt,,55
p1749,,,op7,op6,5,linear3,,45
p1749,,,op8,op7,15,linear3,,37.5
p1749,,,op9,op8,2,sqrt,,55
p1749,,,op10,op9,40,linear7,,20
p1750,1569.929,QUERY,op1,,15,linear3,,35
p1751,1580.401,BATCH_PIPELINE,op1,,1,const,,55
p1751,,,op2,,1,const,,55
p1751,,,op3,,80,squared,,10
p1751,,,op4,op1;op2;op3,1,const,,55
p1752,1580.401,BATCH_PIPELINE,op1,,1,const,,55
p1752,,,op2,,1,const,,55
p1752,,,op3,,80,squared,,10
p1752,,,op4,,2,sqrt,,55
p1752,,,op5,,5,linear3,,45
p1752,,,op6,,5,linear3,,45
p1752,,,op7,,20,linear7,,30
p1752,,,op8,op1;op2;op3;op4;op5;op6;op7,20,linear7,,30
p1753,1580.401,INTERACTIVE,op1,,1,const,,55
p1753,,,op2,op1,40,linear7,,20
p1753,,,op3,op1,2,sqrt,,55
p1753,,,op4,op1,80,squared,,10
p1753,,,op5,op1,5,linear3,,45
p1754,1580.401,INTERACTIVE,op1,,1,const,,55
p1754,,,op2,op1,2,sqrt,,55
p1754,,,op3,op2,2,sqrt,,55
p1754,,,op4,op3,5,linear3,,45
p1755,1580.401,INTERACTIVE,op1,,1,const,,55
p1755,,,op2,,20,linear7,,30
p1755,,,op3,,5,linear3,,45
p1755,,,op4,op1;op2;op3,2,sqrt,,55
p1756,1580.401,QUERY,op1,,15,linear3,,35
p1757,1580.401,QUERY,op1,,15,linear3,,35
p1758,1580.401,INTERACTIVE,op1,,1,const,,55
p1758,,,op2,,2,sqrt,,55
p1758,,,op3,,2,sqrt,,55
p1758,,,op4,,80,squared,,10
p1758,,,op5,op1;op2;op3;op4,20,linear7,,30
p1759,1580.401,BATCH_PIPELINE,op1,,1,const,,55
p1759,,,op2,op1,2,sqrt,,55
p1759,,,op3,op1,20,linear7,,30
p1759,,,op4,op1,5,linear3,,45
p1759,,,op5,op1,80,squared,,10
p1759,,,op6,op1,40,linear7,,20
p1760,1580.401,INTERACTIVE,op1,,1,const,,55
p1760,,,op2,op1,20,linear7,,30
p1760,,,op3,op2,5,linear3,,45
p1760,,,op4,op3,80,squared,,10
p1760,,,op5,op4,20,linear7,,30
p1760,,,op6,op5,20,linear7,,30
p1760,,,op7,op6,15,linear3,,37.5
p1761,1593.317,BATCH_PIPELINE,op1,,1,const,,55
p1761,,,op2,op1,1,const,,55
p1761,,,op3,op2,2,sqrt,,55
p1761,,,op4,op3,1,const,,55
p1761,,,op5,op4,20,linear7,,30
p1761,,,op6,op5,2,sqrt,,55
p1761,,,op7,op6,15,linear3,,37.5
p1761,,,op8,op7,40,linear7,,20
p1761,,,op9,op8,2,sqrt,,55
p1761,,,op10,op9,5,linear3,,45
p1761,,,op11,op10,1,const,,55
p1762,1593.317,QUERY,op1,,15,linear3,,35
p1763,1593.317,QUERY,op1,,15,linear3,,35
p1764,1593.317,BATCH_PIPELINE,op1,,1,const,,55
p1764,,,op2,op1,15,linear3,,37.5
p1764,,,op3,op2,15,linear3,,37.5
p1764,,,op4,op3,5,linear3,,45
p1764,,,op5,op4,20,linear7,,30
p1764,,,op6,op5,2,sqrt,,55
p1764,,,op7,op6,2,sqrt,,55
p1765,1593.317,INTERACTIVE,op1,,1,const,,55
p1765,,,op2,,15,linear3,,37.5
p1765,,,op3,,1,const,,55
p1765,,,op4,op1;op2;op3,15,linear3,,37.5
p1766,1593.317,QUERY,op1,,15,linear3,,35
p1767,1593.317,BATCH_PIPELINE,op1,,1,const,,55
p1767,,,op2,,40,linear7,,20
p1767,,,op3,,2,sqrt,,55
p1767,,,op4,,1,const,,55
p1767,,,op5,,2,sqrt,,55
p1767,,,op6,,1,const,,55
p1767,,,op7,op1;op2;op3;op4;op5;op6,80,squared,,10
p1768,1593.317,QUERY,op1,,15,linear3,,35
p1769,1593.317,INTERACTIVE,op1,,1,const,,55
p1769,,,op2,op1,15,linear3,,37.5
p1769,,,op3,op2,40,linear7,,20
p1769,,,op4,op3,20,linear7,,30
p1769,,,op5,op4,2,sqrt,,55
p1770,1593.317,INTERACTIVE,op1,,1,const,,55
p1770,,,op2,op1,1,const,,55
p1770,,,op3,op2,20,linear7,,30
p1770,,,op4,op3,15,linear3,,37.5
p1770,,,op5,op4,15,linear3,,37.5
p1771,1601.411,INTERACTIVE,op1,,1,const,,55
p1771,,,op2,,20,linear7,,30
p1771,,,op3,,15,linear3,,37.5
p1771,,,op4,,40,linear7,,20
p1771,,,op5,op1;op2;op3;op4,15,linear3,,37.5
p1772,1601.411,BATCH_PIPELINE,op1,,1,const,,55
p1772,,,op2,op1,15,linear3,,37.5
p1772,,,op3,op2,1,const,,55
p1772,,,op4,op3,2,sqrt,,55
p1772,,,op5,op4,1,const,,55
p1772,,,op6,op5,5,linear3,,45
p1772,,,op7,op6,80,squared,,10
p1772,,,op8,op7,5,linear3,,45
p1773,1601.411,QUERY,op1,,15,linear3,,35
p1774,1601.411,INTERACTIVE,op1,,1,const,,55
p1774,,,op2,op1,5,linear3,,45
p1774,,,op3,op2,15,linear3,,37.5
p1774,,,op4,op3,5,linear3,,45
p1774,,,op5,op4,5,linear3,,45
p1774,,,op6,op5,40,linear7,,20
p1775,1601.411,QUERY,op1,,15,linear3,,35
p1776,1601.411,INTERACTIVE,op1,,1,const,,55
p1776,,,op2,op1,20,linear7,,30
p1776,,,op3,op2,40,linear7,,20
p1776,,,op4,op3,80,squared,,10
p1777,1601.411,INTERACTIVE,op1,,1,const,,55
p1777,,,op2,,5,linear3,,45
p1777,,,op3,,15,linear3,,37.5
p1777,,,op4,,5,linear3,,45
p1777,,,op5,op1;op2;op3;op4,1,const,,55
p1778,1601.411,INTERACTIVE,op1,,1,const,,55
p1778,,,op2,op1,15,linear3,,37.5
p1778,,,op3,op2,2,sqrt,,55
p1778,,,op4,op3,15,linear3,,37.5
p1778,,,op5,op4,1,const,,55
p1779,1601.411,QUERY,op1,,15,linear3,,35
p1780,1601.411,QUERY,op1,,15,linear3,,35
p1781,1609.855,QUERY,op1,,15,linear3,,35
p1782,1609.855,INTERACTIVE,op1,,1,const,,55
p1782,,,op2,op1,40,linear7,,20
p1782,,,op3,op2,20,linear7,,30
p1782,,,op4,op3,20,linear7,,30
p1782,,,op5,op4,80,squared,,10
p1783,1609.855,INTERACTIVE,op1,,1,const,,55
p1783,,,op2,op1,2,sqrt,,55
p1783,,,op3,op2,40,linear7,,20
p1783,,,op4,op3,1,const,,55
p1783,,,op5,op4,20,linear7,,30
p1783,,,op6,op5,15,linear3,,37.5
p1783,,,op7,op6,40,linear7,,20
p1783,,,op8,op7,15,linear3,,37.5
p1784,1609.855,INTERACTIVE,op1,,1,const,,55
p1784,,,op2,op1,5,linear3,,45
p1784,,,op3,op1,20,linear7,,30
p1784,,,op4,op1,15,linear3,,37.5
p1784,,,op5,op1,5,linear3,,45
p1784,,,op6,op1,15,linear3,,37.5
p1785,1609.855,BATCH_PIPELINE,op1,,1,const,,55
p1785,,,op2,op1,1,const,,55
p1785,,,op3,op2,15,linear3,,37.5
p1785,,,op4,op3,20,linear7,,30
p1785,,,op5,op4,20,linear7,,30
p1785,,,op6,op5,15,linear3,,37.5
p1785,,,op7,op6,40,linear7,,20
p1786,1609.855,QUERY,op1,,15,linear3,,35
p1787,1609.855,INTERACTIVE,op1,,1,const,,55
p1787,,,op2,,15,linear3,,37.5
p1787,,,op3,,1,const,,55
p1787,,,op4,,20,linear7,,30
p1787,,,op5,,40,linear7,,20
p1787,,,op6,,80,squared,,10
p1787,,,op7,op1;op2;op3;op4;op5;op6,80,squared,,10
p1788,1609.855,QUERY,op1,,15,linear3,,35
p1789,1609.855,QUERY,op1,,15,linear3,,35
p1790,1609.855,INTERACTIVE,op1,,1,const,,55
p1790,,,op2,op1,5,linear3,,45
p1790,,,op3,op2,20,linear7,,30
p1791,1618.978,QUERY,op1,,15,linear3,,35
p1792,1618.978,QUERY,op1,,15,linear3,,35
p1793,1618.978,INTERACTIVE,op1,,1,const,,55
p1794,1618.978,QUERY,op1,,15,linear3,,35
p1795,1618.978,QUERY,op1,,15,linear3,,35
p1796,1618.978,INTERACTIVE,op1,,1,const,,55
p1796,,,op2,op1,15,linear3,,37.5
p1796,,,op3,op2,20,linear7,,30
p1796,,,op4,op3,15,linear3,,37.5
p1796,,,op5,op4,5,linear3,,45
p1796,,,op6,op5,5,linear3,,45
p1796,,,op7,op6,2,sqrt,,55
p1796,,,op8,op7,20,linear7,,30
p1797,1618.978,QUERY,op1,,15,linear3,,35
p1798,1618.978,INTERACTIVE,op1,,1,const,,55
p1798,,,op2,,40,linear7,,20
p1798,,,op3,,2,sqrt,,55
p1798,,,op4,,2,sqrt,,55
p1798,,,op5,op1;op2;op3;op4,40,linear7,,20
p1799,1618.978,BATCH_PIPELINE,op1,,1,const,,55
p1799,,,op2,op1,80,squared,,10
p1799,,,op3,op2,20,linear7,,30
p1799,,,op4,op3,20,linear7,,30
p1799,,,op5,op4,80,squared,,10
p1799,,,op6,op5,1,const,,55
p1799,,,op7,op6,5,linear3,,45
p1799,,,op8,op7,20,linear7,,30
p1799,,,op9,op8,5,linear3,,45
p1800,1618.978,INTERACTIVE,op1,,1,const,,55
p1800,,,op2,op1,15,linear3,,37.5
p1800,,,op3,op2,5,linear3,,45
p1800,,,op4,op3,5,linear3,,45
p1800,,,op5,op4,20,linear7,,30
p1801,1626.236,INTERACTIVE,op1,,1,const,,55
p1801,,,op2,op1,2,sqrt,,55
p1801,,,op3,op2,1,const,,55
p1801,,,op4,op3,15,linear3,,37.5
p1801,,,op5,op4,80,squared,,10
p1801,,,op6,op5,80,squared,,10
p1802,1626.236,INTERACTIVE,op1,,1,const,,55
p1802,,,op2,op1,1,const,,55
p1802,,,op3,op2,80,squared,,10
p1802,,,op4,op3,15,linear3,,37.5
p1802,,,op5,op4,15,linear3,,37.5
p1802,,,op6,op5,15,linear3,,37.5
p1803,1626.236,QUERY,op1,,15,linear3,,35
p1804,1626.236,QUERY,op1,,15,linear3,,35
p1805,1626.236,INTERACTIVE,op1,,1,const,,55
p1805,,,op2,op1,5,linear3,,45
p1805,,,op3,op2,40,linear7,,20
p1805,,,op4,op3,20,linear7,,30
p1805,,,op5,op4,40,linear7,,20
p1805,,,op6,op5,20,linear7,,30
p1806,1626.236,QUERY,op1,,15,linear3,,35
p1807,1626.236,BATCH_PIPELINE,op1,,1,const,,55
p1807,,,op2,op1,40,linear7,,20
p1807,,,op3,op2,15,linear3,,37.5
p1807,,,op4,op3,80,squared,,10
p1807,,,op5,op4,5,linear3,,45
p1807,,,op6,op5,80,squared,,10
p1807,,,op7,op6,20,linear7,,30
p1807,,,op8,op7,15,linear3,,37.5
p1808,1626.236,QUERY,op1,,15,linear3,,35
p1809,1626.236,QUERY,op1,,15,linear3,,35
p1810,1626.236,QUERY,op1,,15,linear3,,35
p1811,1634.771,INTERACTIVE,op1,,1,const,,55
p1811,,,op2,op1,40,linear7,,20
p1811,,,op3,op2,2,sqrt,,55
p1811,,,op4,op3,15,linear3,,37.5
p1811,,,op5,op4,20,linear7,,30
p1812,1634.771,BATCH_PIPELINE,op1,,1,const,,55
p1812,,,op2,op1,20,linear7,,30
p1812,,,op3,op2,15,linear3,,37.5
p1812,,,op4,op3,40,linear7,,20
p1813,1634.771,BATCH_PIPELINE,op1,,1,const,,55
p1813,,,op2,op1,5,linear3,,45
p1813,,,op3,op2,1,const,,55
p1814,1634.771,QUERY,op1,,15,linear3,,35
p1815,1634.771,INTERACTIVE,op1,,1,const,,55
p1815,,,op2,op1,2,sqrt,,55
p1815,,,op3,op2,15,linear3,,37.5
p1815,,,op4,op3,2,sqrt,,55
p1816,1634.771,QUERY,op1,,15,linear3,,35
p1817,1634.771,QUERY,op1,,15,linear3,,35
p1818,1634.771,QUERY,op1,,15,linear3,,35
p1819,1634.771,INTERACTIVE,op1,,1,const,,55
p1819,,,op2,op1,40,linear7,,20
p1819,,,op3,op2,80,squared,,10
p1819,,,op4,op3,40,linear7,,20
p1819,,,op5,op4,2,sqrt,,55
p1820,1634.771,INTERACTIVE,op1,,1,const,,55
p1820,,,op2,,1,const,,55
p1820,,,op3,op1;op2,2,sqrt,,55
p1821,1643.7640000000001,QUERY,op1,,15,linear3,,35
p1822,1643.7640000000001,QUERY,op1,,15,linear3,,35
p1823,1643.7640000000001,BATCH_PIPELINE,op1,,1,const,,55
p1823,,,op2,op1,1,const,,55
p1823,,,op3,op2,80,squared,,10
p1823,,,op4,op3,2,sqrt,,55
p1823,,,op5,op4,80,squared,,10
p1823,,,op6,op5,80,squared,,10
p1823,,,op7,op6,20,linear7,,30
p1823,,,op8,op7,40,linear7,,20
p1823,,,op9,op8,1,const,,55
p1824,1643.7640000000001,QUERY,op1,,15,linear3,,35
p1825,1643.7640000000001,QUERY,op1,,15,linear3,,35
p1826,1643.7640000000001,INTERACTIVE,op1,,1,const,,55
p1826,,,op2,op1,1,const,,55
p1826,,,op3,op2,20,linear7,,30
p1826,,,op4,op3,1,const,,55
p1827,1643.7640000000001,INTERACTIVE,op1,,1,const,,55
p1827,,,op2,op1,20,linear7,,30
p1827,,,op3,op2,15,linear3,,37.5
p1827,,,op4,op3,20,linear7,,30
p1827,,,op5,op4,2,sqrt,,55
p1827,,,op6,op5,20,linear7,,30
p1827,,,op7,op6,1,const,,55
p1828,1643.7640000000001,INTERACTIVE,op1,,1,const,,55
p1828,,,op2,op1,20,linear7,,30
p1828,,,op3,op2,5,linear3,,45
p1828,,,op4,op3,80,squared,,10
p1828,,,op5,op4,15,linear3,,37.5
p1829,1643.7640000000001,INTERACTIVE,op1,,1,const,,55
p1829,,,op2,,20,linear7,,30
p1829,,,op3,,20,linear7,,30
p1829,,,op4,,40,linear7,,20
p1829,,,op5,,1,const,,55
p1829,,,op6,op1;op2;op3;op4;op5,1,const,,55
p1830,1643.7640000000001,QUERY,op1,,15,linear3,,35
p1831,1652.32,QUERY,op1,,15,linear3,,35
p1832,1652.32,BATCH_PIPELINE,op1,,1,const,,55
p1832,,,op2,op1,15,linear3,,37.5
p1832,,,op3,op2,1,const,,55
p1832,,,op4,op3,15,linear3,,37.5
p1832,,,op5,op4,1,const,,55
p1832,,,op6,op5,15,linear3,,37.5
p1832,,,op7,op6,1,const,,55
p1832,,,op8,op7,5,linear3,,45
p1832,,,op9,op8,20,linear7,,30
p1833,1652.32,QUERY,op1,,15,linear3,,35
p1834,1652.32,INTERACTIVE,op1,,1,const,,55
p1834,,,op2,op1,15,linear3,,37.5
p1834,,,op3,op2,20,linear7,,30
p1835,1652.32,BATCH_PIPELINE,op1,,1,const,,55
p1835,,,op2,op1,5,linear3,,45
p1835,,,op3,op2,2,sqrt,,55
p1835,,,op4,op3,5,linear3,,45
p1835,,,op5,op4,1,const,,55
p1835,,,op6,op5,2,sqrt,,55
p1835,,,op7,op6,15,linear3,,37.5
p1835,,,op8,op7,5,linear3,,45
p1835,,,op9,op8,80,squared,,10
p1836,1652.32,BATCH_PIPELINE,op1,,1,const,,55
p1836,,,op2,op1,5,linear3,,45
p1836,,,op3,op2,5,linear3,,45
p1836,,,op4,op3,20,linear7,,30
p1836,,,op5,op4,5,linear3,,45
p1836,,,op6,op5,5,linear3,,45
p1836,,,op7,op6,5,linear3,,45
p1837,1652.32,QUERY,op1,,15,linear3,,35
p1838,1652.32,QUERY,op1,,15,linear3,,35
p1839,1652.32,INTERACTIVE,op1,,1,const,,55
p1839,,,op2,op1,15,linear3,,37.5
p1839,,,op3,op2,15,linear3,,37.5
p1839,,,op4,op3,1,const,,55
p1839,,,op5,op4,20,linear7,,30
p1839,,,op6,op5,5,linear3,,45
p1840,1652.32,INTERACTIVE,op1,,1,const,,55
p1840,,,op2,op1,2,sqrt,,55
p1840,,,op3,op2,15,linear3,,37.5
p1840,,,op4,op3,20,linear7,,30
p1840,,,op5,op4,5,linear3,,45
p1840,,,op6,op5,5,linear3,,45
p1840,,,op7,op6,20,linear7,,30
p1841,1662.44,QUERY,op1,,15,linear3,,35
p1842,1662.44,INTERACTIVE,op1,,1,const,,55
p1842,,,op2,op1,20,linear7,,30
p1842,,,op3,op2,15,linear3,,37.5
p1842,,,op4,op3,1,const,,55
p1842,,,op5,op4,15,linear3,,37.5
p1842,,,op6,op5,20,linear7,,30
p1843,1662.44,BATCH_PIPELINE,op1,,1,const,,55
p1843,,,op2,op1,40,linear7,,20
p1843,,,op3,op2,20,linear7,,30
p1843,,,op4,op3,1,const,,55
p1843,,,op5,op4,2,sqrt,,55
p1843,,,op6,op5,15,linear3,,37.5
p1843,,,op7,op6,20,linear7,,30
p1843,,,op8,op7,5,linear3,,45
p1844,1662.44,BATCH_PIPELINE,op1,,1,const,,55
p1844,,,op2,op1,1,const,,55
p1844,,,op3,op2,2,sqrt,,55
p1844,,,op4,op3,80,squared,,10
p1845,1662.44,BATCH_PIPELINE,op1,,1,const,,55
p1845,,,op2,op1,5,linear3,,45
p1845,,,op3,op2,20,linear7,,30
p1845,,,op4,op3,1,const,,55
p1845,,,op5,op4,5,linear3,,45
p1845,,,op6,op5,80,squared,,10
p1845,,,op7,op6,2,sqrt,,55
p1845,,,op8,op7,2,sqrt,,55
p1846,1662.44,QUERY,op1,,15,linear3,,35
p1847,1662.44,QUERY,op1,,15,linear3,,35
p1848,1662.44,QUERY,op1,,15,linear3,,35
p1849,1662.44,QUERY,op1,,15,linear3,,35
p1850,1662.44,BATCH_PIPELINE,op1,,1,const,,55
p1850,,,op2,op1,15,linear3,,37.5
p1850,,,op3,op2,80,squared,,10
p1850,,,op4,op3,5,linear3,,45
p1850,,,op5,op4,1,const,,55
p1850,,,op6,op5,15,linear3,,37.5
p1850,,,op7,op6,40,linear7,,20
p1850,,,op8,op7,15,linear3,,37.5
p1850,,,op9,op8,15,linear3,,37.5
p1850,,,op10,op9,1,const,,55
p1850,,,op11,op10,15,linear3,,37.5
p1851,1674.2150000000001,QUERY,op1,,15,linear3,,35
p1852,1674.2150000000001,QUERY,op1,,15,linear3,,35
p1853,1674.2150000000001,INTERACTIVE,op1,,1,const,,55
p1853,,,op2,op1,20,linear7,,30
p1853,,,op3,op2,20,linear7,,30
p1853,,,op4,op3,2,sqrt,,55
p1854,1674.2150000000001,INTERACTIVE,op1,,1,const,,55
p1854,,,op2,op1,80,squared,,10
p1854,,,op3,op2,80,squared,,10
p1854,,,op4,op3,80,squared,,10
p1854,,,op5,op4,2,sqrt,,55
p1854,,,op6,op5,20,linear7,,30
p1855,1674.2150000000001,QUERY,op1,,15,linear3,,35
p1856,1674.2150000000001,INTERACTIVE,op1,,1,const,,55
p1856,,,op2,op1,15,linear3,,37.5
p1856,,,op3,op2,15,linear3,,37.5
p1856,,,op4,op3,1,const,,55
p1856,,,op5,op4,20,linear7,,30
p1857,1674.2150000000001,BATCH_PIPELINE,op1,,1,const,,55
p1857,,,op2,op1,15,linear3,,37.5
p1857,,,op3,op1,15,linear3,,37.5
p1857,,,op4,op1,20,linear7,,30
p1857,,,op5,op1,5,linear3,,45
p1857,,,op6,op1,1,const,,55
p1857,,,op7,op1,20,linear7,,30
p1857,,,op8,op1,2,sqrt,,55
p1858,1674.2150000000001,QUERY,op1,,15,linear3,,35
p1859,1674.2150000000001,INTERACTIVE,op1,,1,const,,55
p1859,,,op2,op1,1,const,,55
p1859,,,op3,op2,5,linear3,,45
p1859,,,op4,op3,40,linear7,,20
p1859,,,op5,op4,5,linear3,,45
p1859,,,op6,op5,15,linear3,,37.5
p1860,1674.2150000000001,QUERY,op1,,15,linear3,,35
p1861,1685.005,QUERY,op1,,15,linear3,,35
p1862,1685.005,QUERY,op1,,15,linear3,,35
p1863,1685.005,QUERY,op1,,15,linear3,,35
p1864,1685.005,BATCH_PIPELINE,op1,,1,const,,55
p1864,,,op2,op1,1,const,,55
p1864,,,op3,op2,15,linear3,,37.5
p1864,,,op4,op3,5,linear3,,45
p1864,,,op5,op4,20,linear7,,30
p1864,,,op6,op5,40,linear7,,20
p1864,,,op7,op6,15,linear3,,37.5
p1864,,,op8,op7,5,linear3,,45
p1864,,,op9,op8,20,linear7,,30
p1864,,,op10,op9,5,linear3,,45
p1864,,,op11,op10,5,linear3,,45
p1864,,,op12,op11,40,linear7,,20
p1865,1685.005,INTERACTIVE,op1,,1,const,,55
p1865,,,op2,op1,1,const,,55
p1865,,,op3,op2,15,linear3,,37.5
p1865,,,op4,op3,5,linear3,,45
p1865,,,op5,op4,15,linear3,,37.5
p1865,,,op6,op5,5,linear3,,45
p1865,,,op7,op6,15,linear3,,37.5
p1866,1685.005,INTERACTIVE,op1,,1,const,,55
p1866,,,op2,op1,2,sqrt,,55
p1866,,,op3,op2,15,linear3,,37.5
p1866,,,op4,op3,40,linear7,,20
p1867,1685.005,INTERACTIVE,op1,,1,const,,55
p1867,,,op2,,40,linear7,,20
p1867,,,op3,,80,squared,,10
p1867,,,op4,,20,linear7,,30
p1867,,,op5,,1,const,,55
p1867,,,op6,,5,linear3,,45
p1867,,,op7,op1;op2;op3;op4;op5;op6,20,linear7,,30
p1868,1685.005,QUERY,op1,,15,linear3,,35
p1869,1685.005,QUERY,op1,,15,linear3,,35
p1870,1685.005,INTERACTIVE,op1,,1,const,,55
p1870,,,op2,op1,15,linear3,,37.5
p1870,,,op3,op2,15,linear3,,37.5
p1870,,,op4,op3,40,linear7,,20
p1870,,,op5,op4,1,const,,55
p1870,,,op6,op5,15,linear3,,37.5
p1871,1695.871,QUERY,op1,,15,linear3,,35
p1872,1695.871,QUERY,op1,,15,linear3,,35
p1873,1695.871,QUERY,op1,,15,linear3,,35
p1874,1695.871,QUERY,op1,,15,linear3,,35
p1875,1695.871,INTERACTIVE,op1,,1,const,,55
p1875,,,op2,op1,20,linear7,,30
p1875,,,op3,op2,40,linear7,,20
p1875,,,op4,op3,2,sqrt,,55
p1875,,,op5,op4,5,linear3,,45
p1875,,,op6,op5,15,linear3,,37.5
p1875,,,op7,op6,40,linear7,,20
p1876,1695.871,INTERACTIVE,op1,,1,const,,55
p1876,,,op2,op1,20,linear7,,30
p1876,,,op3,op1,15,linear3,,37.5
p1876,,,op4,op1,5,linear3,,45
p1876,,,op5,op1,80,squared,,10
p1877,1695.871,BATCH_PIPELINE,op1,,1,const,,55
p1877,,,op2,op1,2,sqrt,,55
p1877,,,op3,op2,20,linear7,,30
p1877,,,op4,op3,15,linear3,,37.5
p1877,,,op5,op4,20,linear7,,30
p1877,,,op6,op5,20,linear7,,30
p1877,,,op7,op6,80,squared,,10
p1878,1695.871,INTERACTIVE,op1,,1,const,,55
p1878,,,op2,op1,5,linear3,,45
p1878,,,op3,op2,2,sqrt,,55
p1879,1695.871,QUERY,op1,,15,linear3,,35
p1880,1695.871,INTERACTIVE,op1,,1,const,,55
p1880,,,op2,op1,80,squared,,10
p1880,,,op3,op2,5,linear3,,45
p1880,,,op4,op3,1,const,,55
p1880,,,op5,op4,40,linear7,,20
p1880,,,op6,op5,1,const,,55
p1880,,,op7,op6,5,linear3,,45
p1880,,,op8,op7,20,linear7,,30
p1881,1704.641,BATCH_PIPELINE,op1,,1,const,,55
p1881,,,op2,op1,40,linear7,,20
p1881,,,op3,op2,15,linear3,,37.5
p1881,,,op4,op3,2,sqrt,,55
p1881,,,op5,op4,1,const,,55
p1882,1704.641,QUERY,op1,,15,linear3,,35
p1883,1704.641,INTERACTIVE,op1,,1,const,,55
p1883,,,op2,op1,1,const,,55
p1883,,,op3,op2,20,linear7,,30
p1883,,,op4,op3,2,sqrt,,55
p1883,,,op5,op4,20,linear7,,30
p1883,,,op6,op5,5,linear3,,45
p1884,1704.641,INTERACTIVE,op1,,1,const,,55
p1884,,,op2,op1,40,linear7,,20
p1884,,,op3,op2,15,linear3,,37.5
p1884,,,op4,op3,20,linear7,,30
p1884,,,op5,op4,1,const,,55
p1884,,,op6,op5,2,sqrt,,55
p1885,1704.641,BATCH_PIPELINE,op1,,1,const,,55
p1885,,,op2,,15,linear3,,37.5
p1885,,,op3,,15,linear3,,37.5
p1885,,,op4,,1,const,,55
p1885,,,op5,,5,linear3,,45
p1885,,,op6,,80,squared,,10
p1885,,,op7,,15,linear3,,37.5
p1885,,,op8,,5,linear3,,45
p1885,,,op9,,1,const,,55
p1885,,,op10,,40,linear7,,20
p1885,,,op11,op1;op2;op3;op4;op5;op6;op7;op8;op9;op10,15,linear3,,37.5
p1886,1704.641,QUERY,op1,,15,linear3,,35
p1887,1704.641,QUERY,op1,,15,linear3,,35
p1888,1704.641,QUERY,op1,,15,linear3,,35
p1889,1704.641,BATCH_PIPELINE,op1,,1,const,,55
p1889,,,op2,,20,linear7,,30
p1889,,,op3,,15,linear3,,37.5
p1889,,,op4,,40,linear7,,20
p1889,,,op5,,5,linear3,,45
p1889,,,op6,,80,squared,,10
p1889,,,op7,,5,linear3,,45
p1889,,,op8,op1;op2;op3;op4;op5;op6;op7,2,sqrt,,55
p1890,1704.641,INTERACTIVE,op1,,1,const,,55
p1890,,,op2,op1,20,linear7,,30
p1890,,,op3,op1,1,const,,55
p1890,,,op4,op1,15,linear3,,37.5
p1890,,,op5,op1,1,const,,55
p1891,1712.784,INTERACTIVE,op1,,1,const,,55
p1891,,,op2,,15,linear3,,37.5
p1891,,,op3,,5,linear3,,45
p1891,,,op4,,2,sqrt,,55
p1891,,,op5,,5,linear3,,45
p1891,,,op6,,40,linear7,,20
p1891,,,op7,,5,linear3,,45
p1891,,,op8,,80,squared,,10
p1891,,,op9,op1;op2;op3;op4;op5;op6;op7;op8,20,linear7,,30
p1892,1712.784,INTERACTIVE,op1,,1,const,,55
p1892,,,op2,op1,40,linear7,,20
p1892,,,op3,op2,1,const,,55
p1892,,,op4,op3,1,const,,55
p1892,,,op5,op4,5,linear3,,45
p1893,1712.784,INTERACTIVE,op1,,1,const,,55
p1893,,,op2,op1,20,linear7,,30
p1893,,,op3,op1,15,linear3,,37.5
p1893,,,op4,op1,40,linear7,,20
p1893,,,op5,op1,2,sqrt,,55
p1893,,,op6,op1,1,const,,55
p1893,,,op7,op1,20,linear7,,30
p1894,1712.784,INTERACTIVE,op1,,1,const,,55
p1894,,,op2,op1,20,linear7,,30
p1894,,,op3,op2,40,linear7,,20
p1894,,,op4,op3,40,linear7,,20
p1894,,,op5,op4,15,linear3,,37.5
p1895,1712.784,BATCH_PIPELINE,op1,,1,const,,55
p1895,,,op2,op1,5,linear3,,45
p1895,,,op3,op2,80,squared,,10
p1895,,,op4,op3,15,linear3,,37.5
p1895,,,op5,op4,20,linear7,,30
p1895,,,op6,op5,2,sqrt,,55
p1895,,,op7,op6,40,linear7,,20
p1895,,,op8,op7,20,linear7,,30
p1896,1712.784,INTERACTIVE,op1,,1,const,,55
p1896,,,op2,op1,80,squared,,10
p1896,,,op3,op2,20,linear7,,30
p1896,,,op4,op3,15,linear3,,37.5
p1896,,,op5,op4,40,linear7,,20
p1896,,,op6,op5,2,sqrt,,55
p1897,1712.784,QUERY,op1,,15,linear3,,35
p1898,1712.784,INTERACTIVE,op1,,1,const,,55
p1898,,,op2,op1,2,sqrt,,55
p1898,,,op3,op2,5,linear3,,45
p1899,1712.784,QUERY,op1,,15,linear3,,35
p1900,1712.784,INTERACTIVE,op1,,1,const,,55
p1900,,,op2,op1,15,linear3,,37.5
p1900,,,op3,op2,5,linear3,,45
p1900,,,op4,op3,5,linear3,,45
p1900,,,op5,op4,40,linear7,,20
p1901,1717.05,QUERY,op1,,15,linear3,,35
p1902,1717.05,INTERACTIVE,op1,,1,const,,55
p1902,,,op2,op1,5,linear3,,45
p1902,,,op3,op2,15,linear3,,37.5
p1902,,,op4,op3,40,linear7,,20
p1902,,,op5,op4,20,linear7,,30
p1902,,,op6,op5,2,sqrt,,55
p1903,1717.05,INTERACTIVE,op1,,1,const,,55
p1903,,,op2,op1,15,linear3,,37.5
p1903,,,op3,op2,15,linear3,,37.5
p1903,,,op4,op3,5,linear3,,45
p1903,,,op5,op4,80,squared,,10
p1903,,,op6,op5,5,linear3,,45
p1903,,,op7,op6,20,linear7,,30
p1904,1717.05,BATCH_PIPELINE,op1,,1,const,,55
p1904,,,op2,op1,5,linear3,,45
p1904,,,op3,op2,15,linear3,,37.5
p1904,,,op4,op3,2,sqrt,,55
p1904,,,op5,op4,1,const,,55
p1904,,,op6,op5,40,linear7,,20
p1904,,,op7,op6,5,linear3,,45
p1904,,,op8,op7,1,const,,55
p1904,,,op9,op8,80,squared,,10
p1905,1717.05,QUERY,op1,,15,linear3,,35
p1906,1717.05,QUERY,op1,,15,linear3,,35
p1907,1717.05,INTERACTIVE,op1,,1,const,,55
p1907,,,op2,,2,sqrt,,55
p1907,,,op3,,1,const,,55
p1907,,,op4,,15,linear3,,37.5
p1907,,,op5,op1;op2;op3;op4,20,linear7,,30
p1908,1717.05,QUERY,op1,,15,linear3,,35
p1909,1717.05,QUERY,op1,,15,linear3,,35
p1910,1717.05,INTERACTIVE,op1,,1,const,,55
p1910,,,op2,op1,15,linear3,,37.5
p1910,,,op3,op2,80,squared,,10
p1911,1726.067,BATCH_PIPELINE,op1,,1,const,,55
p1911,,,op2,op1,20,linear7,,30
p1911,,,op3,op2,15,linear3,,37.5
p1911,,,op4,op3,1,const,,55
p1911,,,op5,op4,1,const,,55
p1911,,,op6,op5,15,linear3,,37.5
p1911,,,op7,op6,40,linear7,,20
p1912,1726.067,QUERY,op1,,15,linear3,,35
p1913,1726.067,QUERY,op1,,15,linear3,,35
p1914,1726.067,INTERACTIVE,op1,,1,const,,55
p1914,,,op2,op1,15,linear3,,37.5
p1914,,,op3,op2,80,squared,,10
p1914,,,op4,op3,20,linear7,,30
p1914,,,op5,op4,40,linear7,,20
p1914,,,op6,op5,5,linear3,,45
p1915,1726.067,QUERY,op1,,15,linear3,,35
p1916,1726.067,INTERACTIVE,op1,,1,const,,55
p1916,,,op2,op1,1,const,,55
p1916,,,op3,op2,15,linear3,,37.5
p1916,,,op4,op3,15,linear3,,37.5
p1916,,,op5,op4,1,const,,55
p1917,1726.067,BATCH_PIPELINE,op1,,1,const,,55
p1917,,,op2,op1,80,squared,,10
p1917,,,op3,op1,40,linear7,,20
p1917,,,op4,op1,20,linear7,,30
p1917,,,op5,op1,15,linear3,,37.5
p1917,,,op6,op1,5,linear3,,45
p1918,1726.067,QUERY,op1,,15,linear3,,35
p1919,1726.067,QUERY,op1,,15,linear3,,35
p1920,1726.067,QUERY,op1,,15,linear3,,35
p1921,1731.9170000000001,INTERACTIVE,op1,,1,const,,55
p1921,,,op2,op1,20,linear7,,30
p1921,,,op3,op2,15,linear3,,37.5
p1921,,,op4,op3,20,linear7,,30
p1921,,,op5,op4,20,linear7,,30
p1922,1731.9170000000001,INTERACTIVE,op1,,1,const,,55
p1922,,,op2,op1,5,linear3,,45
p1922,,,op3,op2,5,linear3,,45
p1922,,,op4,op3,40,linear7,,20
p1922,,,op5,op4,15,linear3,,37.5
p1922,,,op6,op5,80,squared,,10
p1923,1731.9170000000001,BATCH_PIPELINE,op1,,1,const,,55
p1923,,,op2,,5,linear3,,45
p1923,,,op3,,40,linear7,,20
p1923,,,op4,,5,linear3,,45
p1923,,,op5,,2,sqrt,,55
p1923,,,op6,op1;op2;op3;op4;op5,5,linear3,,45
p1924,1731.9170000000001,INTERACTIVE,op1,,1,const,,55
p1924,,,op2,op1,80,squared,,10
p1924,,,op3,op2,20,linear7,,30
p1924,,,op4,op3,5,linear3,,45
p1924,,,op5,op4,5,linear3,,45
p1924,,,op6,op5,20,linear7,,30
p1924,,,op7,op6,40,linear7,,20
p1925,1731.9170000000001,INTERACTIVE,op1,,1,const,,55
p1925,,,op2,op1,20,linear7,,30
p1925,,,op3,op2,5,linear3,,45
p1925,,,op4,op3,2,sqrt,,55
p1925,,,op5,op4,2,sqrt,,55
p1926,1731.9170000000001,INTERACTIVE,op1,,1,const,,55
p1926,,,op2,,1,const,,55
p1926,,,op3,,5,linear3,,45
p1926,,,op4,,5,linear3,,45
p1926,,,op5,,40,linear7,,20
p1926,,,op6,op1;op2;op3;op4;op5,5,linear3,,45
p1927,1731.9170000000001,QUERY,op1,,15,linear3,,35
p1928,1731.9170000000001,BATCH_PIPELINE,op1,,1,const,,55
p1928,,,op2,,2,sqrt,,55
p1928,,,op3,,5,linear3,,45
p1928,,,op4,,40,linear7,,20
p1928,,,op5,,2,sqrt,,55
p1928,,,op6,,2,sqrt,,55
p1928,,,op7,,40,linear7,,20
p1928,,,op8,op1;op2;op3;op4;op5;op6;op7,15,linear3,,37.5
p1929,1731.9170000000001,BATCH_PIPELINE,op1,,1,const,,55
p1929,,,op2,op1,5,linear3,,45
p1929,,,op3,op2,20,linear7,,30
p1929,,,op4,op3,40,linear7,,20
p1929,,,op5,op4,40,linear7,,20
p1929,,,op6,op5,1,const,,55
p1929,,,op7,op6,40,linear7,,20
p1929,,,op8,op7,5,linear3,,45
p1930,1731.9170000000001,INTERACTIVE,op1,,1,const,,55
p1930,,,op2,,20,linear7,,30
p1930,,,op3,,15,linear3,,37.5
p1930,,,op4,,40,linear7,,20
p1930,,,op5,op1;op2;op3;op4,15,linear3,,37.5
p1931,1739.628,INTERACTIVE,op1,,1,const,,55
p1931,,,op2,op1,1,const,,55
p1931,,,op3,op2,40,linear7,,20
p1931,,,op4,op3,5,linear3,,45
p1931,,,op5,op4,80,squared,,10
p1931,,,op6,op5,1,const,,55
p1932,1739.628,QUERY,op1,,15,linear3,,35
p1933,1739.628,INTERACTIVE,op1,,1,const,,55
p1933,,,op2,,80,squared,,10
p1933,,,op3,,15,linear3,,37.5
p1933,,,op4,op1;op2;op3,5,linear3,,45
p1934,1739.628,INTERACTIVE,op1,,1,const,,55
p1934,,,op2,op1,5,linear3,,45
p1934,,,op3,op2,15,linear3,,37.5
p1935,1739.628,INTERACTIVE,op1,,1,const,,55
p1935,,,op2,op1,5,linear3,,45
p1935,,,op3,op1,40,linear7,,20
p1935,,,op4,op1,80,squared,,10
p1935,,,op5,op1,1,const,,55
p1936,1739.628,BATCH_PIPELINE,op1,,1,const,,55
p1936,,,op2,,1,const,,55
p1936,,,op3,,80,squared,,10
p1936,,,op4,,15,linear3,,37.5
p1936,,,op5,,5,linear3,,45
p1936,,,op6,op1;op2;op3;op4;op5,80,squared,,10
p1937,1739.628,QUERY,op1,,15,linear3,,35
p1938,1739.628,QUERY,op1,,15,linear3,,35
p1939,1739.628,INTERACTIVE,op1,,1,const,,55
p1939,,,op2,,80,squared,,10
p1939,,,op3,op1;op2,20,linear7,,30
p1940,1739.628,BATCH_PIPELINE,op1,,1,const,,55
p1940,,,op2,op1,1,const,,55
p1940,,,op3,op2,1,const,,55
p1940,,,op4,op3,5,linear3,,45
p1940,,,op5,op4,80,squared,,10
p1940,,,op6,op5,80,squared,,10
p1941,1747.613,QUERY,op1,,15,linear3,,35
p1942,1747.613,BATCH_PIPELINE,op1,,1,const,,55
p1942,,,op2,op1,20,linear7,,30
p1942,,,op3,op2,40,linear7,,20
p1942,,,op4,op3,5,linear3,,45
p1942,,,op5,op4,20,linear7,,30
p1942,,,op6,op5,2,sqrt,,55
p1942,,,op7,op6,20,linear7,,30
p1942,,,op8,op7,5,linear3,,45
p1943,1747.613,INTERACTIVE,op1,,1,const,,55
p1943,,,op2,op1,40,linear7,,20
p1943,,,op3,op2,1,const,,55
p1943,,,op4,op3,2,sqrt,,55
p1943,,,op5,op4,15,linear3,,37.5
p1943,,,op6,op5,1,const,,55
p1944,1747.613,INTERACTIVE,op1,,1,const,,55
p1944,,,op2,,15,linear3,,37.5
p1944,,,op3,,40,linear7,,20
p1944,,,op4,,20,linear7,,30
p1944,,,op5,op1;op2;op3;op4,5,linear3,,45
p1945,1747.613,INTERACTIVE,op1,,1,const,,55
p1945,,,op2,op1,15,linear3,,37.5
p1945,,,op3,op2,1,const,,55
p1945,,,op4,op3,1,const,,55
p1945,,,op5,op4,5,linear3,,45
p1945,,,op6,op5,1,const,,55
p1945,,,op7,op6,80,squared,,10
p1946,1747.613,QUERY,op1,,15,linear3,,35
p1947,1747.613,QUERY,op1,,15,linear3,,35
p1948,1747.613,QUERY,op1,,15,linear3,,35
p1949,1747.613,QUERY,op1,,15,linear3,,35
p1950,1747.613,QUERY,op1,,15,linear3,,35
p1951,1754.3220000000001,QUERY,op1,,15,linear3,,35
p1952,1754.3220000000001,INTERACTIVE,op1,,1,const,,55
p1952,,,op2,op1,40,linear7,,20
p1952,,,op3,op2,15,linear3,,37.5
p1952,,,op4,op3,40,linear7,,20
p1952,,,op5,op4,5,linear3,,45
p1952,,,op6,op5,1,const,,55
p1953,1754.3220000000001,BATCH_PIPELINE,op1,,1,const,,55
p1953,,,op2,,2,sqrt,,55
p1953,,,op3,,5,linear3,,45
p1953,,,op4,,20,linear7,,30
p1953,,,op5,,80,squared,,10
p1953,,,op6,op1;op2;op3;op4;op5,1,const,,55
p1954,1754.3220000000001,BATCH_PIPELINE,op1,,1,const,,55
p1954,,,op2,op1,5,linear3,,45
p1954,,,op3,op2,2,sqrt,,55
p1954,,,op4,op3,20,linear7,,30
p1954,,,op5,op4,40,linear7,,20
p1954,,,op6,op5,15,linear3,,37.5
p1955,1754.3220000000001,BATCH_PIPELINE,op1,,1,const,,55
p1955,,,op2,op1,5,linear3,,45
p1955,,,op3,op2,5,linear3,,45
p1955,,,op4,op3,40,linear7,,20
p1955,,,op5,op4,15,linear3,,37.5
p1955,,,op6,op5,40,linear7,,20
p1955,,,op7,op6,40,linear7,,20
p1955,,,op8,op7,20,linear7,,30
p1956,1754.3220000000001,INTERACTIVE,op1,,1,const,,55
p1956,,,op2,op1,80,squared,,10
p1956,,,op3,op2,20,linear7,,30
p1956,,,op4,op3,20,linear7,,30
p1956,,,op5,op4,20,linear7,,30
p1956,,,op6,op5,15,linear3,,37.5
p1956,,,op7,op6,15,linear3,,37.5
p1957,1754.3220000000001,QUERY,op1,,15,linear3,,35
p1958,1754.3220000000001,INTERACTIVE,op1,,1,const,,55
p1958,,,op2,op1,5,linear3,,45
p1958,,,op3,op2,5,linear3,,45
p1958,,,op4,op3,1,const,,55
p1958,,,op5,op4,80,squared,,10
p1958,,,op6,op5,5,linear3,,45
p1958,,,op7,op6,40,linear7,,20
p1959,1754.3220000000001,INTERACTIVE,op1,,1,const,,55
p1959,,,op2,op1,5,linear3,,45
p1959,,,op3,op2,2,sqrt,,55
p1959,,,op4,op3,80,squared,,10
p1959,,,op5,op4,15,linear3,,37.5
p1959,,,op6,op5,40,linear7,,20
p1960,1754.3220000000001,QUERY,op1,,15,linear3,,35
p1961,1762.3980000000001,INTERACTIVE,op1,,1,const,,55
p1961,,,op2,op1,15,linear3,,37.5
p1961,,,op3,op1,20,linear7,,30
p1961,,,op4,op1,5,linear3,,45
p1961,,,op5,op1,5,linear3,,45
p1961,,,op6,op1,15,linear3,,37.5
p1962,1762.3980000000001,INTERACTIVE,op1,,1,const,,55
p1962,,,op2,op1,15,linear3,,37.5
p1962,,,op3,op2,5,linear3,,45
p1963,1762.3980000000001,QUERY,op1,,15,linear3,,35
p1964,1762.3980000000001,INTERACTIVE,op1,,1,const,,55
p1964,,,op2,op1,40,linear7,,20
p1964,,,op3,op2,80,squared,,10
p1964,,,op4,op3,40,linear7,,20
p1964,,,op5,op4,5,linear3,,45
p1964,,,op6,op5,20,linear7,,30
p1964,,,op7,op6,20,linear7,,30
p1965,1762.3980000000001,INTERACTIVE,op1,,1,const,,55
p1965,,,op2,,15,linear3,,37.5
p1965,,,op3,op1;op2,20,linear7,,30
p1966,1762.3980000000001,QUERY,op1,,15,linear3,,35
p1967,1762.3980000000001,INTERACTIVE,op1,,1,const,,55
p1967,,,op2,,20,linear7,,30
p1967,,,op3,,2,sqrt,,55
p1967,,,op4,,20,linear7,,30
p1967,,,op5,,20,linear7,,30
p1967,,,op6,op1;op2;op3;op4;op5,5,linear3,,45
p1968,1762.3980000000001,QUERY,op1,,15,linear3,,35
p1969,1762.3980000000001,BATCH_PIPELINE,op1,,1,const,,55
p1969,,,op2,,5,linear3,,45
p1969,,,op3,,80,squared,,10
p1969,,,op4,,1,const,,55
p1969,,,op5,op1;op2;op3;op4,15,linear3,,37.5
p1970,1762.3980000000001,QUERY,op1,,15,linear3,,35
p1971,1773.991,BATCH_PIPELINE,op1,,1,const,,55
p1971,,,op2,op1,5,linear3,,45
p1971,,,op3,op2,2,sqrt,,55
p1971,,,op4,op3,15,linear3,,37.5
p1971,,,op5,op4,1,const,,55
p1971,,,op6,op5,5,linear3,,45
p1972,1773.991,BATCH_PIPELINE,op1,,1,const,,55
p1972,,,op2,op1,40,linear7,,20
p1972,,,op3,op2,20,linear7,,30
p1972,,,op4,op3,2,sqrt,,55
p1972,,,op5,op4,1,const,,55
p1972,,,op6,op5,2,sqrt,,55
p1972,,,op7,op6,20,linear7,,30
p1973,1773.991,INTERACTIVE,op1,,1,const,,55
p1973,,,op2,op1,2,sqrt,,55
p1973,,,op3,op2,40,linear7,,20
p1973,,,op4,op3,5,linear3,,45
p1973,,,op5,op4,15,linear3,,37.5
p1973,,,op6,op5,1,const,,55
p1973,,,op7,op6,5,linear3,,45
p1974,1773.991,INTERACTIVE,op1,,1,const,,55
p1974,,,op2,op1,1,const,,55
p1974,,,op3,op2,5,linear3,,45
p1974,,,op4,op3,15,linear3,,37.5
p1975,1773.991,QUERY,op1,,15,linear3,,35
p1976,1773.991,BATCH_PIPELINE,op1,,1,const,,55
p1976,,,op2,op1,2,sqrt,,55
p1976,,,op3,op2,5,linear3,,45
p1976,,,op4,op3,15,linear3,,37.5
p1976,,,op5,op4,1,const,,55
p1976,,,op6,op5,5,linear3,,45
p1976,,,op7,op6,40,linear7,,20
p1976,,,op8,op7,20,linear7,,30
p1976,,,op9,op8,5,linear3,,45
p1977,1773.991,QUERY,op1,,15,linear3,,35
p1978,1773.991,QUERY,op1,,15,linear3,,35
p1979,1773.991,INTERACTIVE,op1,,1,const,,55
p1979,,,op2,op1,80,squared,,10
p1979,,,op3,op2,20,linear7,,30
p1979,,,op4,op3,2,sqrt,,55
p1979,,,op5,op4,2,sqrt,,55
p1980,1773.991,INTERACTIVE,op1,,1,const,,55
p1980,,,op2,op1,20,linear7,,30
p1980,,,op3,op2,80,squared,,10
p1980,,,op4,op3,20,linear7,,30
p1980,,,op5,op4,5,linear3,,45
p1980,,,op6,op5,5,linear3,,45
p1981,1783.666,INTERACTIVE,op1,,1,const,,55
p1981,,,op2,op1,40,linear7,,20
p1981,,,op3,op2,2,sqrt,,55
p1981,,,op4,op3,20,linear7,,30
p1981,,,op5,op4,5,linear3,,45
p1981,,,op6,op5,15,linear3,,37.5
p1982,1783.666,INTERACTIVE,op1,,1,const,,55
p1982,,,op2,op1,20,linear7,,30
p1982,,,op3,op2,15,linear3,,37.5
p1982,,,op4,op3,15,linear3,,37.5
p1982,,,op5,op4,1,const,,55
p1982,,,op6,op5,80,squared,,10
p1982,,,op7,op6,5,linear3,,45
p1983,1783.666,QUERY,op1,,15,linear3,,35
p1984,1783.666,QUERY,op1,,15,linear3,,35
p1985,1783.666,INTERACTIVE,op1,,1,const,,55
p1985,,,op2,op1,20,linear7,,30
p1985,,,op3,op2,5,linear3,,45
p1985,,,op4,op3,15,linear3,,37.5
p1986,1783.666,BATCH_PIPELINE,op1,,1,const,,55
p1986,,,op2,op1,80,squared,,10
p1986,,,op3,op2,40,linear7,,20
p1986,,,op4,op3,5,linear3,,45
p1986,,,op5,op4,1,const,,55
p1986,,,op6,op5,40,linear7,,20
p1986,,,op7,op6,20,linear7,,30
p1986,,,op8,op7,1,const,,55
p1986,,,op9,op8,5,linear3,,45
p1987,1783.666,BATCH_PIPELINE,op1,,1,const,,55
p1987,,,op2,op1,2,sqrt,,55
p1987,,,op3,op2,80,squared,,10
p1987,,,op4,op3,20,linear7,,30
p1987,,,op5,op4,80,squared,,10
p1987,,,op6,op5,15,linear3,,37.5
p1987,,,op7,op6,40,linear7,,20
p1987,,,op8,op7,2,sqrt,,55
p1988,1783.666,INTERACTIVE,op1,,1,const,,55
p1988,,,op2,op1,20,linear7,,30
p1988,,,op3,op2,5,linear3,,45
p1988,,,op4,op3,15,linear3,,37.5
p1988,,,op5,op4,1,const,,55
p1988,,,op6,op5,1,const,,55
p1989,1783.666,QUERY,op1,,15,linear3,,35
p1990,1783.666,INTERACTIVE,op1,,1,const,,55
p1990,,,op2,,80,squared,,10
p1990,,,op3,,20,linear7,,30
p1990,,,op4,,80,squared,,10
p1990,,,op5,op1;op2;op3;op4,20,linear7,,30
p1991,1793.346,BATCH_PIPELINE,op1,,1,const,,55
p1991,,,op2,op1,1,const,,55
p1991,,,op3,op2,5,linear3,,45
p1991,,,op4,op3,15,linear3,,37.5
p1991,,,op5,op4,2,sqrt,,55
p1992,1793.346,INTERACTIVE,op1,,1,const,,55
p1992,,,op2,op1,5,linear3,,45
p1992,,,op3,op2,5,linear3,,45
p1992,,,op4,op3,2,sqrt,,55
p1992,,,op5,op4,40,linear7,,20
p1992,,,op6,op5,15,linear3,,37.5
p1992,,,op7,op6,1,const,,55
p1992,,,op8,op7,15,linear3,,37.5
p1993,1793.346,INTERACTIVE,op1,,1,const,,55
p1993,,,op2,op1,5,linear3,,45
p1993,,,op3,op2,80,squared,,10
p1993,,,op4,op3,15,linear3,,37.5
p1993,,,op5,op4,40,linear7,,20
p1993,,,op6,op5,5,linear3,,45
p1993,,,op7,op6,20,linear7,,30
p1994,1793.346,INTERACTIVE,op1,,1,const,,55
p1994,,,op2,op1,5,linear3,,45
p1994,,,op3,op1,80,squared,,10
p1994,,,op4,op1,5,linear3,,45
p1994,,,op5,op1,40,linear7,,20
p1995,1793.346,QUERY,op1,,15,linear3,,35
p1996,1793.346,QUERY,op1,,15,linear3,,35
p1997,1793.346,BATCH_PIPELINE,op1,,1,const,,55
p1997,,,op2,,20,linear7,,30
p1997,,,op3,,80,squared,,10
p1997,,,op4,,2,sqrt,,55
p1997,,,op5,,2,sqrt,,55
p1997,,,op6,,2,sqrt,,55
p1997,,,op7,,40,linear7,,20
p1997,,,op8,,40,linear7,,20
p1997,,,op9,op1;op2;op3;op4;op5;op6;op7;op8,5,linear3,,45
p1998,1793.346,BATCH_PIPELINE,op1,,1,const,,55
p1998,,,op2,op1,15,linear3,,37.5
p1998,,,op3,op2,15,linear3,,37.5
p1998,,,op4,op3,5,linear3,,45
p1998,,,op5,op4,40,linear7,,20
p1998,,,op6,op5,15,linear3,,37.5
p1999,1793.346,INTERACTIVE,op1,,1,const,,55
p1999,,,op2,op1,20,linear7,,30
p1999,,,op3,op1,2,sqrt,,55
p1999,,,op4,op1,20,linear7,,30
p1999,,,op5,op1,40,linear7,,20
p1999,,,op6,op1,40,linear7,,20
p2000,1793.346,INTERACTIVE,op1,,1,const,,55
p2000,,,op2,op1,5,linear3,,45
p2000,,,op3,op2,15,linear3,,37.5
p2000,,,op4,op3,15,linear3,,37.5
p2001,1799.818,QUERY,op1,,15,linear3,,35
p2002,1799.818,QUERY,op1,,15,linear3,,35
p2003,1799.818,BATCH_PIPELINE,op1,,1,const,,55
p2003,,,op2,op1,80,squared,,10
p2003,,,op3,op1,80,squared,,10
p2003,,,op4,op1,2,sqrt,,55
p2003,,,op5,op1,15,linear3,,37.5
p2003,,,op6,op1,1,const,,55
p2003,,,op7,op1,1,const,,55
p2004,1799.818,QUERY,op1,,15,linear3,,35
p2005,1799.818,INTERACTIVE,op1,,1,const,,55
p2005,,,op2,op1,20,linear7,,30
p2005,,,op3,op1,5,linear3,,45
p2005,,,op4,op1,15,linear3,,37.5
p2005,,,op5,op1,2,sqrt,,55
p2006,1799.818,INTERACTIVE,op1,,1,const,,55
p2006,,,op2,,5,linear3,,45
p2006,,,op3,op1;op2,1,const,,55
p2007,1799.818,BATCH_PIPELINE,op1,,1,const,,55
p2007,,,op2,op1,5,linear3,,45
p2007,,,op3,op1,20,linear7,,30
p2007,,,op4,op1,40,linear7,,20
p2007,,,op5,op1,2,sqrt,,55
p2008,1799.818,INTERACTIVE,op1,,1,const,,55
p2008,,,op2,op1,20,linear7,,30
p2008,,,op3,op2,1,const,,55
p2008,,,op4,op3,20,linear7,,30
p2008,,,op5,op4,5,linear3,,45
p2008,,,op6,op5,20,linear7,,30
p2009,1799.818,QUERY,op1,,15,linear3,,35
p2010,1799.818,INTERACTIVE,op1,,1,const,,55
p2010,,,op2,,20,linear7,,30
p2010,,,op3,,80,squared,,10
p2010,,,op4,,15,linear3,,37.5
p2010,,,op5,,15,linear3,,37.5
p2010,,,op6,op1;op2;op3;op4;op5,40,linear7,,20
p2011,1807.7150000000001,BATCH_PIPELINE,op1,,1,const,,55
p2011,,,op2,op1,1,const,,55
p2011,,,op3,op2,20,linear7,,30
p2011,,,op4,op3,80,squared,,10
p2011,,,op5,op4,1,const,,55
p2011,,,op6,op5,40,linear7,,20
p2011,,,op7,op6,1,const,,55
p2011,,,op8,op7,5,linear3,,45
p2012,1807.7150000000001,INTERACTIVE,op1,,1,const,,55
p2012,,,op2,op1,40,linear7,,20
p2012,,,op3,op1,1,const,,55
p2012,,,op4,op1,15,linear3,,37.5
p2012,,,op5,op1,15,linear3,,37.5
p2013,1807.7150000000001,QUERY,op1,,15,linear3,,35
p2014,1807.7150000000001,BATCH_PIPELINE,op1,,1,const,,55
p2014,,,op2,op1,2,sqrt,,55
p2014,,,op3,op2,40,linear7,,20
p2014,,,op4,op3,15,linear3,,37.5
p2014,,,op5,op4,5,linear3,,45
p2014,,,op6,op5,5,linear3,,45
p2014,,,op7,op6,5,linear3,,45
p2015,1807.7150000000001,INTERACTIVE,op1,,1,const,,55
p2015,,,op2,op1,5,linear3,,45
p2015,,,op3,op2,5,linear3,,45
p2015,,,op4,op3,15,linear3,,37.5
p2016,1807.7150000000001,INTERACTIVE,op1,,1,const,,55
p2016,,,op2,op1,80,squared,,10
p2016,,,op3,op2,80,squared,,10
p2016,,,op4,op3,2,sqrt,,55
p2016,,,op5,op4,2,sqrt,,55
p2017,1807.7150000000001,BATCH_PIPELINE,op1,,1,const,,55
p2017,,,op2,op1,15,linear3,,37.5
p2017,,,op3,op2,80,squared,,10
p2017,,,op4,op3,15,linear3,,37.5
p2017,,,op5,op4,20,linear7,,30
p2017,,,op6,op5,20,linear7,,30
p2017,,,op7,op6,5,linear3,,45
p2017,,,op8,op7,40,linear7,,20
p2017,,,op9,op8,2,sqrt,,55
p2017,,,op10,op9,40,linear7,,20
p2018,1807.7150000000001,INTERACTIVE,op1,,1,const,,55
p2018,,,op2,op1,2,sqrt,,55
p2018,,,op3,op1,5,linear3,,45
p2018,,,op4,op1,1,const,,55
p2018,,,op5,op1,15,linear3,,37.5
p2019,1807.7150000000001,QUERY,op1,,15,linear3,,35
p2020,1807.7150000000001,QUERY,op1,,15,linear3,,35
p2021,1818.493,QUERY,op1,,15,linear3,,35
p2022,1818.493,INTERACTIVE,op1,,1,const,,55
p2022,,,op2,op1,80,squared,,10
p2022,,,op3,op2,2,sqrt,,55
p2022,,,op4,op3,5,linear3,,45
p2022,,,op5,op4,2,sqrt,,55
p2023,1818.493,BATCH_PIPELINE,op1,,1,const,,55
p2023,,,op2,,40,linear7,,20
p2023,,,op3,,40,linear7,,20
p2023,,,op4,,80,squared,,10
p2023,,,op5,,15,linear3,,37.5
p2023,,,op6,,5,linear3,,45
p2023,,,op7,,1,const,,55
p2023,,,op8,op1;op2;op3;op4;op5;op6;op7,20,linear7,,30
p2024,1818.493,INTERACTIVE,op1,,1,const,,55
p2024,,,op2,op1,20,linear7,,30
p2024,,,op3,op2,20,linear7,,30
p2024,,,op4,op3,15,linear3,,37.5
p2024,,,op5,op4,5,linear3,,45
p2024,,,op6,op5,40,linear7,,20
p2025,1818.493,QUERY,op1,,15,linear3,,35
p2026,1818.493,BATCH_PIPELINE,op1,,1,const,,55
p2026,,,op2,op1,20,linear7,,30
p2026,,,op3,op2,1,const,,55
p2026,,,op4,op3,5,linear3,,45
p2026,,,op5,op4,1,const,,55
p2026,,,op6,op5,5,linear3,,45
p2026,,,op7,op6,20,linear7,,30
p2026,,,op8,op7,1,const,,55
p2026,,,op9,op8,5,linear3,,45
p2027,1818.493,BATCH_PIPELINE,op1,,1,const,,55
p2027,,,op2,op1,1,const,,55
p2027,,,op3,op1,5,linear3,,45
p2027,,,op4,op1,80,squared,,10
p2027,,,op5,op1,20,linear7,,30
p2027,,,op6,op1,2,sqrt,,55
p2027,,,op7,op1,5,linear3,,45
p2027,,,op8,op1,5,linear3,,45
p2027,,,op9,op1,5,linear3,,45
p2027,,,op10,op1,1,const,,55
p2027,,,op11,op1,2,sqrt,,55
p2028,1818.493,QUERY,op1,,15,linear3,,35
p2029,1818.493,INTERACTIVE,op1,,1,const,,55
p2029,,,op2,op1,80,squared,,10
p2029,,,op3,op2,15,linear3,,37.5
p2029,,,op4,op3,40,linear7,,20
p2029,,,op5,op4,5,linear3,,45
p2030,1818.493,BATCH_PIPELINE,op1,,1,const,,55
p2030,,,op2,op1,5,linear3,,45
p2030,,,op3,op2,20,linear7,,30
p2030,,,op4,op3,2,sqrt,,55
p2030,,,op5,op4,15,linear3,,37.5
p2030,,,op6,op5,20,linear7,,30
p2030,,,op7,op6,2,sqrt,,55
p2030,,,op8,op7,40,linear7,,20
p2031,1827.657,BATCH_PIPELINE,op1,,1,const,,55
p2031,,,op2,,15,linear3,,37.5
p2031,,,op3,op1;op2,80,squared,,10
p2032,1827.657,BATCH_PIPELINE,op1,,1,const,,55
p2032,,,op2,op1,5,linear3,,45
p2032,,,op3,op2,40,linear7,,20
p2032,,,op4,op3,2,sqrt,,55
p2032,,,op5,op4,40,linear7,,20
p2032,,,op6,op5,20,linear7,,30
p2032,,,op7,op6,15,linear3,,37.5
p2032,,,op8,op7,5,linear3,,45
p2032,,,op9,op8,2,sqrt,,55
p2032,,,op10,op9,80,squared,,10
p2033,1827.657,QUERY,op1,,15,linear3,,35
p2034,1827.657,QUERY,op1,,15,linear3,,35
p2035,1827.657,BATCH_PIPELINE,op1,,1,const,,55
p2035,,,op2,op1,40,linear7,,20
p2035,,,op3,op2,15,linear3,,37.5
p2035,,,op4,op3,20,linear7,,30
p2035,,,op5,op4,2,sqrt,,55
p2035,,,op6,op5,1,const,,55
p2035,,,op7,op6,15,linear3,,37.5
p2035,,,op8,op7,1,const,,55
p2036,1827.657,QUERY,op1,,15,linear3,,35
p2037,1827.657,QUERY,op1,,15,linear3,,35
p2038,1827.657,QUERY,op1,,15,linear3,,35
p2039,1827.657,QUERY,op1,,15,linear3,,35
p2040,1827.657,INTERACTIVE,op1,,1,const,,55
p2040,,,op2,op1,20,linear7,,30
p2040,,,op3,op2,1,const,,55
p2040,,,op4,op3,40,linear7,,20
p2040,,,op5,op4,15,linear3,,37.5
p2040,,,op6,op5,15,linear3,,37.5
p2040,,,op7,op6,1,const,,55
p2040,,,op8,op7,15,linear3,,37.5
p2040,,,op9,op8,40,linear7,,20
p2041,1836.126,QUERY,op1,,15,linear3,,35
p2042,1836.126,QUERY,op1,,15,linear3,,35
p2043,1836.126,QUERY,op1,,15,linear3,,35
p2044,1836.126,QUERY,op1,,15,linear3,,35
p2045,1836.126,BATCH_PIPELINE,op1,,1,const,,55
p2045,,,op2,op1,15,linear3,,37.5
p2045,,,op3,op2,1,const,,55
p2045,,,op4,op3,5,linear3,,45
p2045,,,op5,op4,1,const,,55
p2045,,,op6,op5,80,squared,,10
p2045,,,op7,op6,80,squared,,10
p2045,,,op8,op7,20,linear7,,30
p2046,1836.126,QUERY,op1,,15,linear3,,35
p2047,1836.126,INTERACTIVE,op1,,1,const,,55
p2047,,,op2,,5,linear3,,45
p2047,,,op3,,1,const,,55
p2047,,,op4,,40,linear7,,20
p2047,,,op5,op1;op2;op3;op4,80,squared,,10
p2048,1836.126,INTERACTIVE,op1,,1,const,,55
p2048,,,op2,op1,15,linear3,,37.5
p2048,,,op3,op2,1,const,,55
p2048,,,op4,op3,15,linear3,,37.5
p2048,,,op5,op4,20,linear7,,30
p2048,,,op6,op5,15,linear3,,37.5
p2048,,,op7,op6,15,linear3,,37.5
p2049,1836.126,BATCH_PIPELINE,op1,,1,const,,55
p2049,,,op2,op1,80,squared,,10
p2049,,,op3,op2,15,linear3,,37.5
p2049,,,op4,op3,15,linear3,,37.5
p2049,,,op5,op4,2,sqrt,,55
p2050,1836.126,INTERACTIVE,op1,,1,const,,55
p2050,,,op2,op1,20,linear7,,30
p2050,,,op3,op2,20,linear7,,30
p2050,,,op4,op3,20,linear7,,30
p2050,,,op5,op4,80,squared,,10
p2050,,,op6,op5,80,squared,,10
p2050,,,op7,op6,15,linear3,,37.5
p2050,,,op8,op7,20,linear7,,30
p2051,1845.316,INTERACTIVE,op1,,1,const,,55
p2051,,,op2,op1,20,linear7,,30
p2051,,,op3,op2,2,sqrt,,55
p2051,,,op4,op3,5,linear3,,45
p2051,,,op5,op4,5,linear3,,45
p2051,,,op6,op5,2,sqrt,,55
p2052,1845.316,QUERY,op1,,15,linear3,,35
p2053,1845.316,QUERY,op1,,15,linear3,,35
p2054,1845.316,BATCH_PIPELINE,op1,,1,const,,55
p2054,,,op2,op1,80,squared,,10
p2054,,,op3,op2,5,linear3,,45
p2054,,,op4,op3,15,linear3,,37.5
p2054,,,op5,op4,5,linear3,,45
p2054,,,op6,op5,40,linear7,,20
p2055,1845.316,QUERY,op1,,15,linear3,,35
p2056,1845.316,INTERACTIVE,op1,,1,const,,55
p2056,,,op2,op1,80,squared,,10
p2056,,,op3,op2,40,linear7,,20
p2056,,,op4,op3,5,linear3,,45
p2056,,,op5,op4,80,squared,,10
p2056,,,op6,op5,5,linear3,,45
p2057,1845.316,QUERY,op1,,15,linear3,,35
p2058,1845.316,BATCH_PIPELINE,op1,,1,const,,55
p2058,,,op2,op1,20,linear7,,30
p2058,,,op3,op2,80,squared,,10
p2058,,,op4,op3,2,sqrt,,55
p2058,,,op5,op4,80,squared,,10
p2058,,,op6,op5,15,linear3,,37.5
p2059,1845.316,INTERACTIVE,op1,,1,const,,55
p2059,,,op2,op1,2,sqrt,,55
p2059,,,op3,op2,20,linear7,,30
p2059,,,op4,op3,40,linear7,,20
p2059,,,op5,op4,20,linear7,,30
p2060,1845.316,INTERACTIVE,op1,,1,const,,55
p2060,,,op2,op1,20,linear7,,30
p2060,,,op3,op1,40,linear7,,20
p2060,,,op4,op1,20,linear7,,30
p2060,,,op5,op1,1,const,,55
p2061,1853.051,QUERY,op1,,15,linear3,,35
p2062,1853.051,QUERY,op1,,15,linear3,,35
p2063,1853.051,QUERY,op1,,15,linear3,,35
p2064,1853.051,QUERY,op1,,15,linear3,,35
p2065,1853.051,QUERY,op1,,15,linear3,,35
p2066,1853.051,INTERACTIVE,op1,,1,const,,55
p2066,,,op2,op1,2,sqrt,,55
p2066,,,op3,op2,15,linear3,,37.5
p2067,1853.051,BATCH_PIPELINE,op1,,1,const,,55
p2067,,,op2,op1,20,linear7,,30
p2067,,,op3,op2,5,linear3,,45
p2067,,,op4,op3,2,sqrt,,55
p2067,,,op5,op4,80,squared,,10
p2067,,,op6,op5,40,linear7,,20
p2067,,,op7,op6,15,linear3,,37.5
p2067,,,op8,op7,5,linear3,,45
p2068,1853.051,INTERACTIVE,op1,,1,const,,55
p2068,,,op2,op1,1,const,,55
p2068,,,op3,op2,80,squared,,10
p2068,,,op4,op3,15,linear3,,37.5
p2068,,,op5,op4,20,linear7,,30
p2068,,,op6,op5,40,linear7,,20
p2068,,,op7,op6,20,linear7,,30
p2068,,,op8,op7,40,linear7,,20
p2069,1853.051,QUERY,op1,,15,linear3,,35
p2070,1853.051,INTERACTIVE,op1,,1,const,,55
p2070,,,op2,,5,linear3,,45
p2070,,,op3,,5,linear3,,45
p2070,,,op4,,80,squared,,10
p2070,,,op5,,5,linear3,,45
p2070,,,op6,op1;op2;op3;op4;op5,5,linear3,,45
p2071,1861.212,QUERY,op1,,15,linear3,,35
p2072,1861.212,INTERACTIVE,op1,,1,const,,55
p2072,,,op2,op1,20,linear7,,30
p2072,,,op3,op2,40,linear7,,20
p2072,,,op4,op3,80,squared,,10
p2072,,,op5,op4,80,squared,,10
p2073,1861.212,INTERACTIVE,op1,,1,const,,55
p2073,,,op2,op1,15,linear3,,37.5
p2073,,,op3,op2,20,linear7,,30
p2073,,,op4,op3,40,linear7,,20
p2073,,,op5,op4,20,linear7,,30
p2074,1861.212,INTERACTIVE,op1,,1,const,,55
p2074,,,op2,op1,40,linear7,,20
p2074,,,op3,op2,15,linear3,,37.5
p2074,,,op4,op3,2,sqrt,,55
p2074,,,op5,op4,2,sqrt,,55
p2074,,,op6,op5,5,linear3,,45
p2074,,,op7,op6,20,linear7,,30
p2075,1861.212,QUERY,op1,,15,linear3,,35
p2076,1861.212,INTERACTIVE,op1,,1,const,,55
p2076,,,op2,op1,2,sqrt,,55
p2076,,,op3,op2,20,linear7,,30
p2076,,,op4,op3,5,linear3,,45
p2076,,,op5,op4,5,linear3,,45
p2077,1861.212,QUERY,op1,,15,linear3,,35
p2078,1861.212,QUERY,op1,,15,linear3,,35
p2079,1861.212,INTERACTIVE,op1,,1,const,,55
p2079,,,op2,op1,5,linear3,,45
p2079,,,op3,op2,1,const,,55
p2079,,,op4,op3,1,const,,55
p2079,,,op5,op4,5,linear3,,45
p2080,1861.212,BATCH_PIPELINE,op1,,1,const,,55
p2080,,,op2,,1,const,,55
p2080,,,op3,,5,linear3,,45
p2080,,,op4,,80,squared,,10
p2080,,,op5,,20,linear7,,30
p2080,,,op6,,5,linear3,,45
p2080,,,op7,op1;op2;op3;op4;op5;op6,5,linear3,,45
p2081,1871.179,INTERACTIVE,op1,,1,const,,55
p2081,,,op2,op1,1,const,,55
p2081,,,op3,op2,15,linear3,,37.5
p2081,,,op4,op3,1,const,,55
p2081,,,op5,op4,5,linear3,,45
p2082,1871.179,QUERY,op1,,15,linear3,,35
p2083,1871.179,BATCH_PIPELINE,op1,,1,const,,55
p2083,,,op2,op1,1,const,,55
p2083,,,op3,op1,15,linear3,,37.5
p2083,,,op4,op1,1,const,,55
p2083,,,op5,op1,5,linear3,,45
p2083,,,op6,op1,80,squared,,10
p2084,1871.179,QUERY,op1,,15,linear3,,35
p2085,1871.179,INTERACTIVE,op1,,1,const,,55
p2085,,,op2,op1,40,linear7,,20
p2085,,,op3,op2,1,const,,55
p2085,,,op4,op3,15,linear3,,37.5
p2085,,,op5,op4,1,const,,55
p2085,,,op6,op5,20,linear7,,30
p2085,,,op7,op6,15,linear3,,37.5
p2085,,,op8,op7,5,linear3,,45
p2085,,,op9,op8,40,linear7,,20
p2085,,,op10,op9,5,linear3,,45
p2086,1871.179,INTERACTIVE,op1,,1,const,,55
p2086,,,op2,op1,5,linear3,,45
p2086,,,op3,op2,15,linear3,,37.5
p2086,,,op4,op3,20,linear7,,30
p2086,,,op5,op4,80,squared,,10
p2086,,,op6,op5,15,linear3,,37.5
p2086,,,op7,op6,5,linear3,,45
p2087,1871.179,QUERY,op1,,15,linear3,,35
p2088,1871.179,QUERY,op1,,15,linear3,,35
p2089,1871.179,QUERY,op1,,15,linear3,,35
p2090,1871.179,INTERACTIVE,op1,,1,const,,55
p2090,,,op2,op1,5,linear3,,45
p2090,,,op3,op2,5,linear3,,45
p2090,,,op4,op3,20,linear7,,30
p2090,,,op5,op4,1,const,,55
p2091,1878.8210000000001,INTERACTIVE,op1,,1,const,,55
p2091,,,op2,op1,5,linear3,,45
p2091,,,op3,op2,5,linear3,,45
p2091,,,op4,op3,15,linear3,,37.5
p2091,,,op5,op4,5,linear3,,45
p2092,1878.8210000000001,INTERACTIVE,op1,,1,const,,55
p2092,,,op2,op1,5,linear3,,45
p2092,,,op3,op2,2,sqrt,,55
p2092,,,op4,op3,2,sqrt,,55
p2092,,,op5,op4,15,linear3,,37.5
p2092,,,op6,op5,20,linear7,,30
p2093,1878.8210000000001,QUERY,op1,,15,linear3,,35
p2094,1878.8210000000001,QUERY,op1,,15,linear3,,35
p2095,1878.8210000000001,QUERY,op1,,15,linear3,,35
p2096,1878.8210000000001,QUERY,op1,,15,linear3,,35
p2097,1878.8210000000001,QUERY,op1,,15,linear3,,35
p2098,1878.8210000000001,QUERY,op1,,15,linear3,,35
p2099,1878.8210000000001,BATCH_PIPELINE,op1,,1,const,,55
p2099,,,op2,,1,const,,55
p2099,,,op3,,80,squared,,10
p2099,,,op4,,80,squared,,10
p2099,,,op5,,2,sqrt,,55
p2099,,,op6,,2,sqrt,,55
p2099,,,op7,op1;op2;op3;op4;op5;op6,5,linear3,,45
p2100,1878.8210000000001,BATCH_PIPELINE,op1,,1,const,,55
p2100,,,op2,op1,80,squared,,10
p2100,,,op3,op2,15,linear3,,37.5
p2100,,,op4,op3,20,linear7,,30
p2100,,,op5,op4,5,linear3,,45
p2101,1888.8700000000001,INTERACTIVE,op1,,1,const,,55
p2101,,,op2,op1,1,const,,55
p2101,,,op3,op2,5,linear3,,45
p2101,,,op4,op3,5,linear3,,45
p2102,1888.8700000000001,INTERACTIVE,op1,,1,const,,55
p2102,,,op2,op1,1,const,,55
p2102,,,op3,op2,15,linear3,,37.5
p2102,,,op4,op3,5,linear3,,45
p2102,,,op5,op4,1,const,,55
p2103,1888.8700000000001,QUERY,op1,,15,linear3,,35
p2104,1888.8700000000001,BATCH_PIPELINE,op1,,1,const,,55
p2104,,,op2,op1,1,const,,55
p2104,,,op3,op2,20,linear7,,30
p2104,,,op4,op3,1,const,,55
p2104,,,op5,op4,15,linear3,,37.5
p2104,,,op6,op5,2,sqrt,,55
p2104,,,op7,op6,5,linear3,,45
p2104,,,op8,op7,40,linear7,,20
p2104,,,op9,op8,20,linear7,,30
p2105,1888.8700000000001,INTERACTIVE,op1,,1,const,,55
p2105,,,op2,op1,1,const,,55
p2105,,,op3,op2,5,linear3,,45
p2105,,,op4,op3,15,linear3,,37.5
p2105,,,op5,op4,80,squared,,10
p2105,,,op6,op5,5,linear3,,45
p2106,1888.8700000000001,INTERACTIVE,op1,,1,const,,55
p2106,,,op2,op1,15,linear3,,37.5
p2106,,,op3,op2,40,linear7,,20
p2106,,,op4,op3,1,const,,55
p2106,,,op5,op4,1,const,,55
p2106,,,op6,op5,1,const,,55
p2107,1888.8700000000001,INTERACTIVE,op1,,1,const,,55
p2107,,,op2,,40,linear7,,20
p2107,,,op3,,5,linear3,,45
p2107,,,op4,,5,linear3,,45
p2107,,,op5,op1;op2;op3;op4,15,linear3,,37.5
p2108,1888.8700000000001,BATCH_PIPELINE,op1,,1,const,,55
p2108,,,op2,op1,15,linear3,,37.5
p2108,,,op3,op2,40,linear7,,20
p2108,,,op4,op3,5,linear3,,45
p2108,,,op5,op4,5,linear3,,45
p2108,,,op6,op5,5,linear3,,45
p2108,,,op7,op6,2,sqrt,,55
p2108,,,op8,op7,5,linear3,,45
p2108,,,op9,op8,1,const,,55
p2108,,,op10,op9,40,linear7,,20
p2108,,,op11,op10,20,linear7,,30
p2109,1888.8700000000001,QUERY,op1,,15,linear3,,35
p2110,1888.8700000000001,BATCH_PIPELINE,op1,,1,const,,55
p2110,,,op2,op1,1,const,,55
p2110,,,op3,op2,2,sqrt,,55
p2110,,,op4,op3,40,linear7,,20
p2110,,,op5,op4,15,linear3,,37.5
p2110,,,op6,op5,5,linear3,,45
p2110,,,op7,op6,2,sqrt,,55
p2110,,,op8,op7,1,const,,55
p2110,,,op9,op8,40,linear7,,20
p2110,,,op10,op9,20,linear7,,30
p2110,,,op11,op10,40,linear7,,20
p2111,1898.7630000000001,BATCH_PIPELINE,op1,,1,const,,55
p2111,,,op2,op1,5,linear3,,45
p2111,,,op3,op1,5,linear3,,45
p2111,,,op4,op1,1,const,,55
p2111,,,op5,op1,40,linear7,,20
p2112,1898.7630000000001,INTERACTIVE,op1,,1,const,,55
p2112,,,op2,op1,15,linear3,,37.5
p2112,,,op3,op2,1,const,,55
p2112,,,op4,op3,15,linear3,,37.5
p2112,,,op5,op4,1,const,,55
p2112,,,op6,op5,1,const,,55
p2113,1898.7630000000001,INTERACTIVE,op1,,1,const,,55
p2113,,,op2,op1,2,sqrt,,55
p2113,,,op3,op2,20,linear7,,30
p2113,,,op4,op3,80,squared,,10
p2113,,,op5,op4,20,linear7,,30
p2113,,,op6,op5,40,linear7,,20
p2113,,,op7,op6,5,linear3,,45
p2113,,,op8,op7,5,linear3,,45
p2113,,,op9,op8,15,linear3,,37.5
p2114,1898.7630000000001,INTERACTIVE,op1,,1,const,,55
p2114,,,op2,op1,40,linear7,,20
p2114,,,op3,op2,15,linear3,,37.5
p2114,,,op4,op3,15,linear3,,37.5
p2114,,,op5,op4,1,const,,55
p2114,,,op6,op5,2,sqrt,,55
p2114,,,op7,op6,40,linear7,,20
p2115,1898.7630000000001,INTERACTIVE,op1,,1,const,,55
p2115,,,op2,op1,15,linear3,,37.5
p2115,,,op3,op2,1,const,,55
p2115,,,op4,op3,15,linear3,,37.5
p2115,,,op5,op4,20,linear7,,30
p2115,,,op6,op5,20,linear7,,30
p2116,1898.7630000000001,BATCH_PIPELINE,op1,,1,const,,55
p2116,,,op2,op1,5,linear3,,45
p2116,,,op3,op2,5,linear3,,45
p2116,,,op4,op3,80,squared,,10
p2116,,,op5,op4,2,sqrt,,55
p2116,,,op6,op5,40,linear7,,20
p2116,,,op7,op6,1,const,,55
p2117,1898.7630000000001,INTERACTIVE,op1,,1,const,,55
p2117,,,op2,op1,2,sqrt,,55
p2117,,,op3,op2,1,const,,55
p2117,,,op4,op3,5,linear3,,45
p2117,,,op5,op4,20,linear7,,30
p2117,,,op6,op5,2,sqrt,,55
p2117,,,op7,op6,15,linear3,,37.5
p2118,1898.7630000000001,QUERY,op1,,15,linear3,,35
p2119,1898.7630000000001,QUERY,op1,,15,linear3,,35
p2120,1898.7630000000001,INTERACTIVE,op1,,1,const,,55
p2120,,,op2,,2,sqrt,,55
p2120,,,op3,,5,linear3,,45
p2120,,,op4,,2,sqrt,,55
p2120,,,op5,op1;op2;op3;op4,1,const,,55
p2121,1910.2,INTERACTIVE,op1,,1,const,,55
p2121,,,op2,op1,40,linear7,,20
p2122,1910.2,INTERACTIVE,op1,,1,const,,55
p2122,,,op2,op1,20,linear7,,30
p2122,,,op3,op2,40,linear7,,20
p2122,,,op4,op3,20,linear7,,30
p2122,,,op5,op4,1,const,,55
p2122,,,op6,op5,2,sqrt,,55
p2122,,,op7,op6,40,linear7,,20
p2122,,,op8,op7,2,sqrt,,55
p2123,1910.2,QUERY,op1,,15,linear3,,35
p2124,1910.2,INTERACTIVE,op1,,1,const,,55
p2124,,,op2,op1,5,linear3,,45
p2124,,,op3,op1,2,sqrt,,55
p2124,,,op4,op1,20,linear7,,30
p2124,,,op5,op1,15,linear3,,37.5
p2124,,,op6,op1,20,linear7,,30
p2125,1910.2,INTERACTIVE,op1,,1,const,,55
p2125,,,op2,op1,2,sqrt,,55
p2125,,,op3,op1,40,linear7,,20
p2125,,,op4,op1,15,linear3,,37.5
p2126,1910.2,INTERACTIVE,op1,,1,const,,55
p2126,,,op2,op1,1,const,,55
p2126,,,op3,op2,2,sqrt,,55
p2126,,,op4,op3,40,linear7,,20
p2126,,,op5,op4,15,linear3,,37.5
p2126,,,op6,op5,1,const,,55
p2127,1910.2,INTERACTIVE,op1,,1,const,,55
p2127,,,op2,op1,2,sqrt,,55
p2127,,,op3,op1,40,linear7,,20
p2127,,,op4,op1,1,const,,55
p2127,,,op5,op1,2,sqrt,,55
p2128,1910.2,QUERY,op1,,15,linear3,,35
p2129,1910.2,INTERACTIVE,op1,,1,const,,55
p2129,,,op2,op1,80,squared,,10
p2129,,,op3,op2,1,const,,55
p2129,,,op4,op3,20,linear7,,30
p2129,,,op5,op4,20,linear7,,30
p2129,,,op6,op5,2,sqrt,,55
p2130,1910.2,INTERACTIVE,op1,,1,const,,55
p2130,,,op2,,1,const,,55
p2130,,,op3,,20,linear7,,30
p2130,,,op4,,5,linear3,,45
p2130,,,op5,op1;op2;op3;op4,40,linear7,,20
p2131,1919.102,QUERY,op1,,15,linear3,,35
p2132,1919.102,INTERACTIVE,op1,,1,const,,55
p2132,,,op2,op1,40,linear7,,20
p2132,,,op3,op2,20,linear7,,30
p2132,,,op4,op3,1,const,,55
p2132,,,op5,op4,2,sqrt,,55
p2133,1919.102,QUERY,op1,,15,linear3,,35
p2134,1919.102,QUERY,op1,,15,linear3,,35
p2135,1919.102,BATCH_PIPELINE,op1,,1,const,,55
p2135,,,op2,op1,1,const,,55
p2135,,,op3,op2,5,linear3,,45
p2135,,,op4,op3,80,squared,,10
p2135,,,op5,op4,2,sqrt,,55
p2135,,,op6,op5,2,sqrt,,55
p2135,,,op7,op6,2,sqrt,,55
p2135,,,op8,op7,40,linear7,,20
p2135,,,op9,op8,5,linear3,,45
p2136,1919.102,QUERY,op1,,15,linear3,,35
p2137,1919.102,INTERACTIVE,op1,,1,const,,55
p2137,,,op2,,2,sqrt,,55
p2137,,,op3,,40,linear7,,20
p2137,,,op4,,15,linear3,,37.5
p2137,,,op5,,1,const,,55
p2137,,,op6,op1;op2;op3;op4;op5,1,const,,55
p2138,1919.102,BATCH_PIPELINE,op1,,1,const,,55
p2138,,,op2,,1,const,,55
p2138,,,op3,,1,const,,55
p2138,,,op4,,2,sqrt,,55
p2138,,,op5,,2,sqrt,,55
p2138,,,op6,,5,linear3,,45
p2138,,,op7,,80,squared,,10
p2138,,,op8,op1;op2;op3;op4;op5;op6;op7,5,linear3,,45
p2139,1919.102,INTERACTIVE,op1,,1,const,,55
p2139,,,op2,op1,20,linear7,,30
p2139,,,op3,op2,20,linear7,,30
p2139,,,op4,op3,15,linear3,,37.5
p2139,,,op5,op4,80,squared,,10
p2139,,,op6,op5,40,linear7,,20
p2140,1919.102,INTERACTIVE,op1,,1,const,,55
p2140,,,op2,op1,20,linear7,,30
p2140,,,op3,op2,1,const,,55
p2140,,,op4,op3,2,sqrt,,55
p2140,,,op5,op4,20,linear7,,30
p2140,,,op6,op5,40,linear7,,20
p2141,1929.233,INTERACTIVE,op1,,1,const,,55
p2141,,,op2,op1,5,linear3,,45
p2141,,,op3,op2,40,linear7,,20
p2141,,,op4,op3,40,linear7,,20
p2141,,,op5,op4,15,linear3,,37.5
p2141,,,op6,op5,15,linear3,,37.5
p2142,1929.233,QUERY,op1,,15,linear3,,35
p2143,1929.233,QUERY,op1,,15,linear3,,35
p2144,1929.233,INTERACTIVE,op1,,1,const,,55
p2144,,,op2,op1,2,sqrt,,55
p2144,,,op3,op2,20,linear7,,30
p2144,,,op4,op3,15,linear3,,37.5
p2144,,,op5,op4,80,squared,,10
p2144,,,op6,op5,40,linear7,,20
p2145,1929.233,BATCH_PIPELINE,op1,,1,const,,55
p2145,,,op2,op1,40,linear7,,20
p2145,,,op3,op2,5,linear3,,45
p2145,,,op4,op3,15,linear3,,37.5
p2145,,,op5,op4,15,linear3,,37.5
p2145,,,op6,op5,15,linear3,,37.5
p2145,,,op7,op6,2,sqrt,,55
p2145,,,op8,op7,20,linear7,,30
p2145,,,op9,op8,20,linear7,,30
p2146,1929.233,INTERACTIVE,op1,,1,const,,55
p2146,,,op2,op1,40,linear7,,20
p2146,,,op3,op2,5,linear3,,45
p2146,,,op4,op3,40,linear7,,20
p2146,,,op5,op4,40,linear7,,20
p2147,1929.233,QUERY,op1,,15,linear3,,35
p2148,1929.233,QUERY,op1,,15,linear3,,35
p2149,1929.233,QUERY,op1,,15,linear3,,35
p2150,1929.233,INTERACTIVE,op1,,1,const,,55
p2150,,,op2,,80,squared,,10
p2150,,,op3,,20,linear7,,30
p2150,,,op4,,2,sqrt,,55
p2150,,,op5,,80,squared,,10
p2150,,,op6,op1;op2;op3;op4;op5,15,linear3,,37.5
p2151,1935.772,BATCH_PIPELINE,op1,,1,const,,55
p2151,,,op2,op1,40,linear7,,20
p2151,,,op3,op2,40,linear7,,20
p2151,,,op4,op3,40,linear7,,20
p2151,,,op5,op4,20,linear7,,30
p2151,,,op6,op5,15,linear3,,37.5
p2151,,,op7,op6,20,linear7,,30
p2151,,,op8,op7,20,linear7,,30
p2151,,,op9,op8,2,sqrt,,55
p2151,,,op10,op9,20,linear7,,30
p2152,1935.772,QUERY,op1,,15,linear3,,35
p2153,1935.772,INTERACTIVE,op1,,1,const,,55
p2153,,,op2,op1,5,linear3,,45
p2153,,,op3,op2,1,const,,55
p2153,,,op4,op3,40,linear7,,20
p2153,,,op5,op4,5,linear3,,45
p2154,1935.772,QUERY,op1,,15,linear3,,35
p2155,1935.772,QUERY,op1,,15,linear3,,35
p2156,1935.772,INTERACTIVE,op1,,1,const,,55
p2156,,,op2,op1,2,sqrt,,55
p2156,,,op3,op2,5,linear3,,45
p2156,,,op4,op3,20,linear7,,30
p2156,,,op5,op4,15,linear3,,37.5
p2156,,,op6,op5,15,linear3,,37.5
p2156,,,op7,op6,20,linear7,,30
p2157,1935.772,BATCH_PIPELINE,op1,,1,const,,55
p2157,,,op2,op1,2,sqrt,,55
p2157,,,op3,op2,80,squared,,10
p2157,,,op4,op3,5,linear3,,45
p2157,,,op5,op4,15,linear3,,37.5
p2157,,,op6,op5,20,linear7,,30
p2157,,,op7,op6,5,linear3,,45
p2158,1935.772,QUERY,op1,,15,linear3,,35
p2159,1935.772,QUERY,op1,,15,linear3,,35
p2160,1935.772,QUERY,op1,,15,linear3,,35
p2161,1945.759,QUERY,op1,,15,linear3,,35
p2162,1945.759,QUERY,op1,,15,linear3,,35
p2163,1945.759,QUERY,op1,,15,linear3,,35
p2164,1945.759,INTERACTIVE,op1,,1,const,,55
p2164,,,op2,op1,80,squared,,10
p2164,,,op3,op2,80,squared,,10
p2165,1945.759,QUERY,op1,,15,linear3,,35
p2166,1945.759,INTERACTIVE,op1,,1,const,,55
p2166,,,op2,,40,linear7,,20
p2166,,,op3,,2,sqrt,,55
p2166,,,op4,,2,sqrt,,55
p2166,,,op5,,2,sqrt,,55
p2166,,,op6,op1;op2;op3;op4;op5,40,linear7,,20
p2167,1945.759,QUERY,op1,,15,linear3,,35
p2168,1945.759,INTERACTIVE,op1,,1,const,,55
p2168,,,op2,,5,linear3,,45
p2168,,,op3,,5,linear3,,45
p2168,,,op4,,1,const,,55
p2168,,,op5,op1;op2;op3;op4,5,linear3,,45
p2169,1945.759,BATCH_PIPELINE,op1,,1,const,,55
p2169,,,op2,op1,1,const,,55
p2169,,,op3,op1,5,linear3,,45
p2169,,,op4,op1,80,squared,,10
p2169,,,op5,op1,2,sqrt,,55
p2169,,,op6,op1,20,linear7,,30
p2169,,,op7,op1,15,linear3,,37.5
p2169,,,op8,op1,40,linear7,,20
p2169,,,op9,op1,15,linear3,,37.5
p2170,1945.759,INTERACTIVE,op1,,1,const,,55
p2170,,,op2,op1,15,linear3,,37.5
p2170,,,op3,op2,15,linear3,,37.5
p2170,,,op4,op3,15,linear3,,37.5
p2170,,,op5,op4,1,const,,55
p2170,,,op6,op5,80,squared,,10
p2171,1957.159,INTERACTIVE,op1,,1,const,,55
p2171,,,op2,op1,2,sqrt,,55
p2171,,,op3,op2,1,const,,55
p2171,,,op4,op3,5,linear3,,45
p2171,,,op5,op4,5,linear3,,45
p2172,1957.159,INTERACTIVE,op1,,1,const,,55
p2172,,,op2,op1,40,linear7,,20
p2172,,,op3,op1,15,linear3,,37.5
p2172,,,op4,op1,1,const,,55
p2172,,,op5,op1,40,linear7,,20
p2172,,,op6,op1,15,linear3,,37.5
p2173,1957.159,INTERACTIVE,op1,,1,const,,55
p2173,,,op2,op1,1,const,,55
p2173,,,op3,op2,2,sqrt,,55
p2173,,,op4,op3,20,linear7,,30
p2173,,,op5,op4,15,linear3,,37.5
p2173,,,op6,op5,2,sqrt,,55
p2173,,,op7,op6,1,const,,55
p2173,,,op8,op7,5,linear3,,45
p2174,1957.159,INTERACTIVE,op1,,1,const,,55
p2174,,,op2,,5,linear3,,45
p2174,,,op3,,5,linear3,,45
p2174,,,op4,,20,linear7,,30
p2174,,,op5,,15,linear3,,37.5
p2174,,,op6,op1;op2;op3;op4;op5,20,linear7,,30
p2175,1957.159,INTERACTIVE,op1,,1,const,,55
p2175,,,op2,op1,1,const,,55
p2175,,,op3,op1,2,sqrt,,55
p2175,,,op4,op1,5,linear3,,45
p2175,,,op5,op1,5,linear3,,45
p2176,1957.159,QUERY,op1,,15,linear3,,35
p2177,1957.159,QUERY,op1,,15,linear3,,35
p2178,1957.159,QUERY,op1,,15,linear3,,35
p2179,1957.159,INTERACTIVE,op1,,1,const,,55
p2179,,,op2,op1,5,linear3,,45
p2179,,,op3,op2,15,linear3,,37.5
p2179,,,op4,op3,40,linear7,,20
p2179,,,op5,op4,80,squared,,10
p2180,1957.159,QUERY,op1,,15,linear3,,35
p2181,1965.852,INTERACTIVE,op1,,1,const,,55
p2181,,,op2,,2,sqrt,,55
p2181,,,op3,,40,linear7,,20
p2181,,,op4,,20,linear7,,30
p2181,,,op5,,15,linear3,,37.5
p2181,,,op6,op1;op2;op3;op4;op5,2,sqrt,,55
p2182,1965.852,QUERY,op1,,15,linear3,,35
p2183,1965.852,QUERY,op1,,15,linear3,,35
p2184,1965.852,INTERACTIVE,op1,,1,const,,55
p2184,,,op2,op1,80,squared,,10
p2184,,,op3,op2,20,linear7,,30
p2184,,,op4,op3,80,squared,,10
p2184,,,op5,op4,20,linear7,,30
p2185,1965.852,QUERY,op1,,15,linear3,,35
p2186,1965.852,QUERY,op1,,15,linear3,,35
p2187,1965.852,QUERY,op1,,15,linear3,,35
p2188,1965.852,QUERY,op1,,15,linear3,,35
p2189,1965.852,INTERACTIVE,op1,,1,const,,55
p2189,,,op2,op1,15,linear3,,37.5
p2189,,,op3,op1,5,linear3,,45
p2189,,,op4,op1,80,squared,,10
p2189,,,op5,op1,2,sqrt,,55
p2190,1965.852,QUERY,op1,,15,linear3,,35
p2191,1976.0320000000002,QUERY,op1,,15,linear3,,35
p2192,1976.0320000000002,QUERY,op1,,15,linear3,,35
p2193,1976.0320000000002,BATCH_PIPELINE,op1,,1,const,,55
p2193,,,op2,op1,15,linear3,,37.5
p2193,,,op3,op1,1,const,,55
p2193,,,op4,op1,80,squared,,10
p2193,,,op5,op1,15,linear3,,37.5
p2193,,,op6,op1,20,linear7,,30
p2193,,,op7,op1,5,linear3,,45
p2193,,,op8,op1,2,sqrt,,55
p2193,,,op9,op1,80,squared,,10
p2194,1976.0320000000002,INTERACTIVE,op1,,1,const,,55
p2194,,,op2,op1,5,linear3,,45
p2194,,,op3,op2,5,linear3,,45
p2194,,,op4,op3,2,sqrt,,55
p2194,,,op5,op4,15,linear3,,37.5
p2194,,,op6,op5,1,const,,55
p2195,1976.0320000000002,BATCH_PIPELINE,op1,,1,const,,55
p2195,,,op2,op1,80,squared,,10
p2195,,,op3,op2,5,linear3,,45
p2195,,,op4,op3,5,linear3,,45
p2195,,,op5,op4,5,linear3,,45
p2195,,,op6,op5,15,linear3,,37.5
p2195,,,op7,op6,40,linear7,,20
p2196,1976.0320000000002,BATCH_PIPELINE,op1,,1,const,,55
p2196,,,op2,op1,80,squared,,10
p2196,,,op3,op2,15,linear3,,37.5
p2196,,,op4,op3,80,squared,,10
p2196,,,op5,op4,20,linear7,,30
p2196,,,op6,op5,15,linear3,,37.5
p2196,,,op7,op6,15,linear3,,37.5
p2196,,,op8,op7,1,const,,55
p2196,,,op9,op8,15,linear3,,37.5
p2197,1976.0320000000002,INTERACTIVE,op1,,1,const,,55
p2197,,,op2,op1,2,sqrt,,55
p2197,,,op3,op2,15,linear3,,37.5
p2198,1976.0320000000002,INTERACTIVE,op1,,1,const,,55
p2198,,,op2,op1,40,linear7,,20
p2198,,,op3,op2,15,linear3,,37.5
p2198,,,op4,op3,20,linear7,,30
p2198,,,op5,op4,2,sqrt,,55
p2198,,,op6,op5,15,linear3,,37.5
p2199,1976.0320000000002,QUERY,op1,,15,linear3,,35
p2200,1976.0320000000002,BATCH_PIPELINE,op1,,1,const,,55
p2200,,,op2,op1,2,sqrt,,55
p2200,,,op3,op2,2,sqrt,,55
p2200,,,op4,op3,1,const,,55
p2200,,,op5,op4,5,linear3,,45
p2200,,,op6,op5,20,linear7,,30
p2201,1983.266,INTERACTIVE,op1,,1,const,,55
p2201,,,op2,op1,5,linear3,,45
p2201,,,op3,op2,5,linear3,,45
p2201,,,op4,op3,2,sqrt,,55
p2201,,,op5,op4,2,sqrt,,55
p2202,1983.266,BATCH_PIPELINE,op1,,1,const,,55
p2202,,,op2,op1,40,linear7,,20
p2202,,,op3,op2,40,linear7,,20
p2202,,,op4,op3,1,const,,55
p2202,,,op5,op4,20,linear7,,30
p2202,,,op6,op5,15,linear3,,37.5
p2202,,,op7,op6,5,linear3,,45
p2203,1983.266,QUERY,op1,,15,linear3,,35
p2204,1983.266,BATCH_PIPELINE,op1,,1,const,,55
p2204,,,op2,op1,2,sqrt,,55
p2204,,,op3,op2,5,linear3,,45
p2204,,,op4,op3,1,const,,55
p2204,,,op5,op4,5,linear3,,45
p2204,,,op6,op5,5,linear3,,45
p2204,,,op7,op6,1,const,,55
p2204,,,op8,op7,20,linear7,,30
p2204,,,op9,op8,40,linear7,,20
p2204,,,op10,op9,15,linear3,,37.5
p2205,1983.266,QUERY,op1,,15,linear3,,35
p2206,1983.266,BATCH_PIPELINE,op1,,1,const,,55
p2206,,,op2,op1,2,sqrt,,55
p2206,,,op3,op2,5,linear3,,45
p2206,,,op4,op3,15,linear3,,37.5
p2206,,,op5,op4,15,linear3,,37.5
p2206,,,op6,op5,15,linear3,,37.5
p2206,,,op7,op6,1,const,,55
p2207,1983.266,INTERACTIVE,op1,,1,const,,55
p2207,,,op2,op1,5,linear3,,45
p2207,,,op3,op2,20,linear7,,30
p2207,,,op4,op3,80,squared,,10
p2207,,,op5,op4,15,linear3,,37.5
p2207,,,op6,op5,15,linear3,,37.5
p2208,1983.266,QUERY,op1,,15,linear3,,35
p2209,1983.266,BATCH_PIPELINE,op1,,1,const,,55
p2209,,,op2,op1,5,linear3,,45
p2209,,,op3,op2,5,linear3,,45
p2209,,,op4,op3,1,const,,55
p2209,,,op5,op4,40,linear7,,20
p2210,1983.266,INTERACTIVE,op1,,1,const,,55
p2210,,,op2,op1,5,linear3,,45
p2210,,,op3,op2,20,linear7,,30
p2210,,,op4,op3,40,linear7,,20
p2211,1993.333,INTERACTIVE,op1,,1,const,,55
p2211,,,op2,op1,5,linear3,,45
p2211,,,op3,op2,15,linear3,,37.5
p2211,,,op4,op3,1,const,,55
p2211,,,op5,op4,15,linear3,,37.5
p2211,,,op6,op5,1,const,,55
p2211,,,op7,op6,15,linear3,,37.5
p2212,1993.333,INTERACTIVE,op1,,1,const,,55
p2212,,,op2,op1,2,sqrt,,55
p2212,,,op3,op1,80,squared,,10
p2212,,,op4,op1,40,linear7,,20
p2212,,,op5,op1,5,linear3,,45
p2212,,,op6,op1,2,sqrt,,55
p2212,,,op7,op1,1,const,,55
p2213,1993.333,INTERACTIVE,op1,,1,const,,55
p2213,,,op2,op1,5,linear3,,45
p2213,,,op3,op2,2,sqrt,,55
p2213,,,op4,op3,20,linear7,,30
p2214,1993.333,INTERACTIVE,op1,,1,const,,55
p2214,,,op2,,15,linear3,,37.5
p2214,,,op3,,15,linear3,,37.5
p2214,,,op4,,20,linear7,,30
p2214,,,op5,,1,const,,55
p2214,,,op6,op1;op2;op3;op4;op5,20,linear7,,30
p2215,1993.333,QUERY,op1,,15,linear3,,35
p2216,1993.333,QUERY,op1,,15,linear3,,35
p2217,1993.333,INTERACTIVE,op1,,1,const,,55
p2217,,,op2,op1,15,linear3,,37.5
p2217,,,op3,op2,20,linear7,,30
p2217,,,op4,op3,5,linear3,,45
p2217,,,op5,op4,20,linear7,,30
p2218,1993.333,INTERACTIVE,op1,,1,const,,55
p2218,,,op2,op1,40,linear7,,20
p2218,,,op3,op2,80,squared,,10
p2218,,,op4,op3,1,const,,55
p2218,,,op5,op4,1,const,,55
p2218,,,op6,op5,5,linear3,,45
p2218,,,op7,op6,15,linear3,,37.5
p2218,,,op8,op7,15,linear3,,37.5
p2219,1993.333,INTERACTIVE,op1,,1,const,,55
p2219,,,op2,op1,80,squared,,10
p2219,,,op3,op2,40,linear7,,20
p2219,,,op4,op3,20,linear7,,30
p2219,,,op5,op4,2,sqrt,,55
p2219,,,op6,op5,15,linear3,,37.5
p2219,,,op7,op6,80,squared,,10
p2220,1993.333,QUERY,op1,,15,linear3,,35
p2221,2001.31,BATCH_PIPELINE,op1,,1,const,,55
p2221,,,op2,op1,5,linear3,,45
p2221,,,op3,op2,5,linear3,,45
p2221,,,op4,op3,15,linear3,,37.5
p2221,,,op5,op4,40,linear7,,20
p2221,,,op6,op5,2,sqrt,,55
p2221,,,op7,op6,40,linear7,,20
p2221,,,op8,op7,15,linear3,,37.5
p2221,,,op9,op8,80,squared,,10
p2221,,,op10,op9,15,linear3,,37.5
p2222,2001.31,QUERY,op1,,15,linear3,,35
p2223,2001.31,QUERY,op1,,15,linear3,,35
p2224,2001.31,QUERY,op1,,15,linear3,,35
p2225,2001.31,QUERY,op1,,15,linear3,,35
p2226,2001.31,INTERACTIVE,op1,,1,const,,55
p2226,,,op2,op1,15,linear3,,37.5
p2226,,,op3,op2,1,const,,55
p2226,,,op4,op3,5,linear3,,45
p2226,,,op5,op4,20,linear7,,30
p2227,2001.31,QUERY,op1,,15,linear3,,35
p2228,2001.31,INTERACTIVE,op1,,1,const,,55
p2228,,,op2,op1,15,linear3,,37.5
p2228,,,op3,op1,15,linear3,,37.5
p2228,,,op4,op1,2,sqrt,,55
p2228,,,op5,op1,20,linear7,,30
p2229,2001.31,INTERACTIVE,op1,,1,const,,55
p2229,,,op2,op1,15,linear3,,37.5
p2229,,,op3,op2,15,linear3,,37.5
p2229,,,op4,op3,5,linear3,,45
p2229,,,op5,op4,2,sqrt,,55
p2230,2001.31,BATCH_PIPELINE,op1,,1,const,,55
p2230,,,op2,op1,5,linear3,,45
p2230,,,op3,op2,2,sqrt,,55
p2230,,,op4,op3,1,const,,55
p2230,,,op5,op4,5,linear3,,45
p2230,,,op6,op5,20,linear7,,30
p2231,2010.7540000000001,INTERACTIVE,op1,,1,const,,55
p2231,,,op2,op1,80,squared,,10
p2231,,,op3,op2,15,linear3,,37.5
p2231,,,op4,op3,15,linear3,,37.5
p2231,,,op5,op4,15,linear3,,37.5
p2231,,,op6,op5,80,squared,,10
p2231,,,op7,op6,15,linear3,,37.5
p2232,2010.7540000000001,BATCH_PIPELINE,op1,,1,const,,55
p2232,,,op2,op1,20,linear7,,30
p2232,,,op3,op2,20,linear7,,30
p2232,,,op4,op3,5,linear3,,45
p2232,,,op5,op4,20,linear7,,30
p2232,,,op6,op5,1,const,,55
p2232,,,op7,op6,15,linear3,,37.5
p2232,,,op8,op7,5,linear3,,45
p2232,,,op9,op8,80,squared,,10
p2233,2010.7540000000001,INTERACTIVE,op1,,1,const,,55
p2233,,,op2,op1,80,squared,,10
p2233,,,op3,op1,5,linear3,,45
p2233,,,op4,op1,5,linear3,,45
p2233,,,op5,op1,20,linear7,,30
p2234,2010.7540000000001,INTERACTIVE,op1,,1,const,,55
p2234,,,op2,op1,15,linear3,,37.5
p2234,,,op3,op2,20,linear7,,30
p2234,,,op4,op3,20,linear7,,30
p2234,,,op5,op4,20,linear7,,30
p2234,,,op6,op5,40,linear7,,20
p2235,2010.7540000000001,QUERY,op1,,15,linear3,,35
p2236,2010.7540000000001,QUERY,op1,,15,linear3,,35
p2237,2010.7540000000001,INTERACTIVE,op1,,1,const,,55
p2237,,,op2,op1,1,const,,55
p2237,,,op3,op2,40,linear7,,20
p2237,,,op4,op3,80,squared,,10
p2237,,,op5,op4,2,sqrt,,55
p2237,,,op6,op5,15,linear3,,37.5
p2237,,,op7,op6,5,linear3,,45
p2238,2010.7540000000001,QUERY,op1,,15,linear3,,35
p2239,2010.7540000000001,QUERY,op1,,15,linear3,,35
p2240,2010.7540000000001,BATCH_PIPELINE,op1,,1,const,,55
p2240,,,op2,op1,5,linear3,,45
p2240,,,op3,op2,1,const,,55
p2240,,,op4,op3,20,linear7,,30
p2240,,,op5,op4,5,linear3,,45
p2241,2018.805,INTERACTIVE,op1,,1,const,,55
p2241,,,op2,op1,2,sqrt,,55
p2241,,,op3,op2,1,const,,55
p2241,,,op4,op3,5,linear3,,45
p2241,,,op5,op4,15,linear3,,37.5
p2242,2018.805,QUERY,op1,,15,linear3,,35
p2243,2018.805,INTERACTIVE,op1,,1,const,,55
p2243,,,op2,op1,1,const,,55
p2243,,,op3,op1,40,linear7,,20
p2243,,,op4,op1,5,linear3,,45
p2243,,,op5,op1,40,linear7,,20
p2243,,,op6,op1,15,linear3,,37.5
p2244,2018.805,INTERACTIVE,op1,,1,const,,55
p2244,,,op2,op1,20,linear7,,30
p2244,,,op3,op1,2,sqrt,,55
p2244,,,op4,op1,15,linear3,,37.5
p2244,,,op5,op1,20,linear7,,30
p2245,2018.805,INTERACTIVE,op1,,1,const,,55
p2245,,,op2,op1,20,linear7,,30
p2245,,,op3,op2,15,linear3,,37.5
p2245,,,op4,op3,40,linear7,,20
p2245,,,op5,op4,40,linear7,,20
p2246,2018.805,INTERACTIVE,op1,,1,const,,55
p2246,,,op2,op1,80,squared,,10
p2246,,,op3,op1,2,sqrt,,55
p2246,,,op4,op1,5,linear3,,45
p2246,,,op5,op1,40,linear7,,20
p2246,,,op6,op1,40,linear7,,20
p2246,,,op7,op1,20,linear7,,30
p2247,2018.805,INTERACTIVE,op1,,1,const,,55
p2247,,,op2,op1,15,linear3,,37.5
p2248,2018.805,QUERY,op1,,15,linear3,,35
p2249,2018.805,QUERY,op1,,15,linear3,,35
p2250,2018.805,QUERY,op1,,15,linear3,,35
p2251,2026.538,INTERACTIVE,op1,,1,const,,55
p2251,,,op2,op1,2,sqrt,,55
p2251,,,op3,op2,15,linear3,,37.5
p2251,,,op4,op3,15,linear3,,37.5
p2251,,,op5,op4,20,linear7,,30
p2251,,,op6,op5,40,linear7,,20
p2252,2026.538,QUERY,op1,,15,linear3,,35
p2253,2026.538,INTERACTIVE,op1,,1,const,,55
p2253,,,op2,op1,80,squared,,10
p2253,,,op3,op2,80,squared,,10
p2253,,,op4,op3,1,const,,55
p2254,2026.538,BATCH_PIPELINE,op1,,1,const,,55
p2254,,,op2,op1,5,linear3,,45
p2254,,,op3,op2,5,linear3,,45
p2254,,,op4,op3,20,linear7,,30
p2254,,,op5,op4,1,const,,55
p2254,,,op6,op5,40,linear7,,20
p2254,,,op7,op6,15,linear3,,37.5
p2254,,,op8,op7,2,sqrt,,55
p2254,,,op9,op8,40,linear7,,20
p2255,2026.538,QUERY,op1,,15,linear3,,35
p2256,2026.538,INTERACTIVE,op1,,1,const,,55
p2256,,,op2,op1,5,linear3,,45
p2256,,,op3,op2,1,const,,55
p2256,,,op4,op3,5,linear3,,45
p2256,,,op5,op4,20,linear7,,30
p2257,2026.538,QUERY,op1,,15,linear3,,35
p2258,2026.538,INTERACTIVE,op1,,1,const,,55
p2258,,,op2,op1,2,sqrt,,55
p2258,,,op3,op1,80,squared,,10
p2258,,,op4,op1,5,linear3,,45
p2258,,,op5,op1,5,linear3,,45
p2258,,,op6,op1,5,linear3,,45
p2258,,,op7,op1,2,sqrt,,55
p2258,,,op8,op1,5,linear3,,45
p2259,2026.538,QUERY,op1,,15,linear3,,35
p2260,2026.538,QUERY,op1,,15,linear3,,35
p2261,2034.665,QUERY,op1,,15,linear3,,35
p2262,2034.665,BATCH_PIPELINE,op1,,1,const,,55
p2262,,,op2,op1,5,linear3,,45
p2262,,,op3,op2,5,linear3,,45
p2262,,,op4,op3,15,linear3,,37.5
p2262,,,op5,op4,40,linear7,,20
p2262,,,op6,op5,2,sqrt,,55
p2262,,,op7,op6,15,linear3,,37.5
p2262,,,op8,op7,40,linear7,,20
p2263,2034.665,INTERACTIVE,op1,,1,const,,55
p2263,,,op2,,1,const,,55
p2263,,,op3,,15,linear3,,37.5
p2263,,,op4,,15,linear3,,37.5
p2263,,,op5,op1;op2;op3;op4,20,linear7,,30
p2264,2034.665,QUERY,op1,,15,linear3,,35
p2265,2034.665,QUERY,op1,,15,linear3,,35
p2266,2034.665,QUERY,op1,,15,linear3,,35
p2267,2034.665,QUERY,op1,,15,linear3,,35
p2268,2034.665,QUERY,op1,,15,linear3,,35
p2269,2034.665,INTERACTIVE,op1,,1,const,,55
p2269,,,op2,,5,linear3,,45
p2269,,,op3,,20,linear7,,30
p2269,,,op4,op1;op2;op3,5,linear3,,45
p2270,2034.665,INTERACTIVE,op1,,1,const,,55
p2270,,,op2,op1,20,linear7,,30
p2270,,,op3,op2,20,linear7,,30
p2270,,,op4,op3,20,linear7,,30
p2270,,,op5,op4,20,linear7,,30
p2271,2044.857,BATCH_PIPELINE,op1,,1,const,,55
p2271,,,op2,op1,15,linear3,,37.5
p2271,,,op3,op1,15,linear3,,37.5
p2271,,,op4,op1,15,linear3,,37.5
p2271,,,op5,op1,5,linear3,,45
p2271,,,op6,op1,5,linear3,,45
p2271,,,op7,op1,15,linear3,,37.5
p2271,,,op8,op1,5,linear3,,45
p2272,2044.857,QUERY,op1,,15,linear3,,35
p2273,2044.857,QUERY,op1,,15,linear3,,35
p2274,2044.857,QUERY,op1,,15,linear3,,35
p2275,2044.857,INTERACTIVE,op1,,1,const,,55
p2275,,,op2,op1,20,linear7,,30
p2275,,,op3,op1,15,linear3,,37.5
p2275,,,op4,op1,2,sqrt,,55
p2275,,,op5,op1,40,linear7,,20
p2276,2044.857,BATCH_PIPELINE,op1,,1,const,,55
p2276,,,op2,op1,1,const,,55
p2276,,,op3,op2,15,linear3,,37.5
p2276,,,op4,op3,5,linear3,,45
p2276,,,op5,op4,5,linear3,,45
p2276,,,op6,op5,2,sqrt,,55
p2276,,,op7,op6,5,linear3,,45
p2276,,,op8,op7,5,linear3,,45
p2276,,,op9,op8,1,const,,55
p2276,,,op10,op9,40,linear7,,20
p2277,2044.857,QUERY,op1,,15,linear3,,35
p2278,2044.857,INTERACTIVE,op1,,1,const,,55
p2278,,,op2,,2,sqrt,,55
p2278,,,op3,,15,linear3,,37.5
p2278,,,op4,op1;op2;op3,5,linear3,,45
p2279,2044.857,INTERACTIVE,op1,,1,const,,55
p2279,,,op2,op1,15,linear3,,37.5
p2279,,,op3,op2,20,linear7,,30
p2279,,,op4,op3,5,linear3,,45
p2280,2044.857,QUERY,op1,,15,linear3,,35
p2281,2055.857,QUERY,op1,,15,linear3,,35
p2282,2055.857,QUERY,op1,,15,linear3,,35
p2283,2055.857,QUERY,op1,,15,linear3,,35
p2284,2055.857,BATCH_PIPELINE,op1,,1,const,,55
p2284,,,op2,op1,1,const,,55
p2284,,,op3,op2,40,linear7,,20
p2284,,,op4,op3,40,linear7,,20
p2284,,,op5,op4,1,const,,55
p2284,,,op6,op5,1,const,,55
p2284,,,op7,op6,20,linear7,,30
p2284,,,op8,op7,5,linear3,,45
p2285,2055.857,INTERACTIVE,op1,,1,const,,55
p2285,,,op2,op1,2,sqrt,,55
p2285,,,op3,op2,20,linear7,,30
p2285,,,op4,op3,2,sqrt,,55
p2285,,,op5,op4,80,squared,,10
p2285,,,op6,op5,20,linear7,,30
p2286,2055.857,QUERY,op1,,15,linear3,,35
p2287,2055.857,BATCH_PIPELINE,op1,,1,const,,55
p2287,,,op2,op1,20,linear7,,30
p2287,,,op3,op2,5,linear3,,45
p2287,,,op4,op3,15,linear3,,37.5
p2287,,,op5,op4,1,const,,55
p2287,,,op6,op5,15,linear3,,37.5
p2287,,,op7,op6,15,linear3,,37.5
p2287,,,op8,op7,80,squared,,10
p2287,,,op9,op8,1,const,,55
p2287,,,op10,op9,5,linear3,,45
p2287,,,op11,op10,40,linear7,,20
p2287,,,op12,op11,5,linear3,,45
p2288,2055.857,QUERY,op1,,15,linear3,,35
p2289,2055.857,QUERY,op1,,15,linear3,,35
p2290,2055.857,QUERY,op1,,15,linear3,,35
p2291,2060.7490000000003,QUERY,op1,,15,linear3,,35
p2292,2060.7490000000003,QUERY,op1,,15,linear3,,35
p2293,2060.7490000000003,BATCH_PIPELINE,op1,,1,const,,55
p2293,,,op2,op1,5,linear3,,45
p2293,,,op3,op2,15,linear3,,37.5
p2293,,,op4,op3,5,linear3,,45
p2293,,,op5,op4,2,sqrt,,55
p2293,,,op6,op5,15,linear3,,37.5
p2294,2060.7490000000003,QUERY,op1,,15,linear3,,35
p2295,2060.7490000000003,QUERY,op1,,15,linear3,,35
p2296,2060.7490000000003,INTERACTIVE,op1,,1,const,,55
p2296,,,op2,,15,linear3,,37.5
p2296,,,op3,,5,linear3,,45
p2296,,,op4,,2,sqrt,,55
p2296,,,op5,op1;op2;op3;op4,5,linear3,,45
p2297,2060.7490000000003,INTERACTIVE,op1,,1,const,,55
p2297,,,op2,op1,2,sqrt,,55
p2297,,,op3,op1,5,linear3,,45
p2297,,,op4,op1,5,linear3,,45
p2297,,,op5,op1,40,linear7,,20
p2297,,,op6,op1,15,linear3,,37.5
p2297,,,op7,op1,15,linear3,,37.5
p2298,2060.7490000000003,QUERY,op1,,15,linear3,,35
p2299,2060.7490000000003,QUERY,op1,,15,linear3,,35
p2300,2060.7490000000003,INTERACTIVE,op1,,1,const,,55
p2300,,,op2,op1,15,linear3,,37.5
p2300,,,op3,op2,80,squared,,10
p2300,,,op4,op3,5,linear3,,45
p2300,,,op5,op4,40,linear7,,20
p2301,2068.342,INTERACTIVE,op1,,1,const,,55
p2301,,,op2,op1,40,linear7,,20
p2301,,,op3,op2,20,linear7,,30
p2301,,,op4,op3,2,sqrt,,55
p2301,,,op5,op4,15,linear3,,37.5
p2301,,,op6,op5,5,linear3,,45
p2302,2068.342,QUERY,op1,,15,linear3,,35
p2303,2068.342,QUERY,op1,,15,linear3,,35
p2304,2068.342,QUERY,op1,,15,linear3,,35
p2305,2068.342,INTERACTIVE,op1,,1,const,,55
p2305,,,op2,op1,15,linear3,,37.5
p2305,,,op3,op2,2,sqrt,,55
p2305,,,op4,op3,20,linear7,,30
p2305,,,op5,op4,15,linear3,,37.5
p2305,,,op6,op5,2,sqrt,,55
p2306,2068.342,INTERACTIVE,op1,,1,const,,55
p2306,,,op2,op1,80,squared,,10
p2306,,,op3,op2,1,const,,55
p2306,,,op4,op3,80,squared,,10
p2306,,,op5,op4,2,sqrt,,55
p2306,,,op6,op5,20,linear7,,30
p2307,2068.342,INTERACTIVE,op1,,1,const,,55
p2307,,,op2,op1,80,squared,,10
p2307,,,op3,op1,15,linear3,,37.5
p2307,,,op4,op1,20,linear7,,30
p2308,2068.342,INTERACTIVE,op1,,1,const,,55
p2308,,,op2,op1,20,linear7,,30
p2308,,,op3,op2,5,linear3,,45
p2308,,,op4,op3,1,const,,55
p2308,,,op5,op4,5,linear3,,45
p2308,,,op6,op5,80,squared,,10
p2308,,,op7,op6,5,linear3,,45
p2308,,,op8,op7,40,linear7,,20
p2309,2068.342,INTERACTIVE,op1,,1,const,,55
p2309,,,op2,op1,1,const,,55
p2309,,,op3,op2,5,linear3,,45
p2309,,,op4,op3,40,linear7,,20
p2309,,,op5,op4,15,linear3,,37.5
p2310,2068.342,INTERACTIVE,op1,,1,const,,55
p2310,,,op2,op1,5,linear3,,45
p2310,,,op3,op1,80,squared,,10
p2310,,,op4,op1,15,linear3,,37.5
p2310,,,op5,op1,80,squared,,10
p2310,,,op6,op1,2,sqrt,,55
p2311,2077.7580000000003,INTERACTIVE,op1,,1,const,,55
p2311,,,op2,,20,linear7,,30
p2311,,,op3,,80,squared,,10
p2311,,,op4,,5,linear3,,45
p2311,,,op5,,2,sqrt,,55
p2311,,,op6,op1;op2;op3;op4;op5,15,linear3,,37.5
p2312,2077.7580000000003,INTERACTIVE,op1,,1,const,,55
p2312,,,op2,op1,40,linear7,,20
p2312,,,op3,op2,5,linear3,,45
p2312,,,op4,op3,80,squared,,10
p2312,,,op5,op4,15,linear3,,37.5
p2313,2077.7580000000003,INTERACTIVE,op1,,1,const,,55
p2313,,,op2,,20,linear7,,30
p2313,,,op3,,80,squared,,10
p2313,,,op4,,20,linear7,,30
p2313,,,op5,,40,linear7,,20
p2313,,,op6,op1;op2;op3;op4;op5,20,linear7,,30
p2314,2077.7580000000003,INTERACTIVE,op1,,1,const,,55
p2314,,,op2,op1,40,linear7,,20
p2314,,,op3,op2,1,const,,55
p2314,,,op4,op3,20,linear7,,30
p2314,,,op5,op4,15,linear3,,37.5
p2314,,,op6,op5,5,linear3,,45
p2315,2077.7580000000003,INTERACTIVE,op1,,1,const,,55
p2315,,,op2,,40,linear7,,20
p2315,,,op3,,1,const,,55
p2315,,,op4,op1;op2;op3,1,const,,55
p2316,2077.7580000000003,INTERACTIVE,op1,,1,const,,55
p2316,,,op2,,5,linear3,,45
p2316,,,op3,,1,const,,55
p2316,,,op4,,2,sqrt,,55
p2316,,,op5,,15,linear3,,37.5
p2316,,,op6,op1;op2;op3;op4;op5,2,sqrt,,55
p2317,2077.7580000000003,QUERY,op1,,15,linear3,,35
p2318,2077.7580000000003,INTERACTIVE,op1,,1,const,,55
p2318,,,op2,op1,20,linear7,,30
p2318,,,op3,op2,20,linear7,,30
p2318,,,op4,op3,5,linear3,,45
p2318,,,op5,op4,15,linear3,,37.5
p2318,,,op6,op5,20,linear7,,30
p2319,2077.7580000000003,QUERY,op1,,15,linear3,,35
p2320,2077.7580000000003,INTERACTIVE,op1,,1,const,,55
p2320,,,op2,op1,2,sqrt,,55
p2320,,,op3,op2,5,linear3,,45
p2320,,,op4,op3,2,sqrt,,55
p2320,,,op5,op4,40,linear7,,20
p2320,,,op6,op5,1,const,,55
p2321,2084.669,INTERACTIVE,op1,,1,const,,55
p2321,,,op2,op1,40,linear7,,20
p2321,,,op3,op2,40,linear7,,20
p2321,,,op4,op3,40,linear7,,20
p2321,,,op5,op4,40,linear7,,20
p2322,2084.669,BATCH_PIPELINE,op1,,1,const,,55
p2322,,,op2,op1,15,linear3,,37.5
p2322,,,op3,op1,5,linear3,,45
p2322,,,op4,op1,5,linear3,,45
p2322,,,op5,op1,20,linear7,,30
p2322,,,op6,op1,40,linear7,,20
p2322,,,op7,op1,15,linear3,,37.5
p2323,2084.669,QUERY,op1,,15,linear3,,35
p2324,2084.669,INTERACTIVE,op1,,1,const,,55
p2324,,,op2,op1,5,linear3,,45
p2324,,,op3,op2,15,linear3,,37.5
p2325,2084.669,QUERY,op1,,15,linear3,,35
p2326,2084.669,INTERACTIVE,op1,,1,const,,55
p2326,,,op2,op1,5,linear3,,45
p2326,,,op3,op2,15,linear3,,37.5
p2327,2084.669,QUERY,op1,,15,linear3,,35
p2328,2084.669,INTERACTIVE,op1,,1,const,,55
p2328,,,op2,op1,15,linear3,,37.5
p2328,,,op3,op2,15,linear3,,37.5
p2329,2084.669,INTERACTIVE,op1,,1,const,,55
p2329,,,op2,op1,15,linear3,,37.5
p2329,,,op3,op2,40,linear7,,20
p2329,,,op4,op3,5,linear3,,45
p2329,,,op5,op4,2,sqrt,,55
p2329,,,op6,op5,15,linear3,,37.5
p2330,2084.669,BATCH_PIPELINE,op1,,1,const,,55
p2330,,,op2,op1,80,squared,,10
p2330,,,op3,op2,15,linear3,,37.5
p2330,,,op4,op3,15,linear3,,37.5
p2331,2088.877,INTERACTIVE,op1,,1,const,,55
p2331,,,op2,op1,15,linear3,,37.5
p2331,,,op3,op2,15,linear3,,37.5
p2331,,,op4,op3,2,sqrt,,55
p2331,,,op5,op4,20,linear7,,30
p2331,,,op6,op5,40,linear7,,20
p2332,2088.877,QUERY,op1,,15,linear3,,35
p2333,2088.877,QUERY,op1,,15,linear3,,35
p2334,2088.877,QUERY,op1,,15,linear3,,35
p2335,2088.877,BATCH_PIPELINE,op1,,1,const,,55
p2335,,,op2,op1,80,squared,,10
p2335,,,op3,op2,20,linear7,,30
p2335,,,op4,op3,2,sqrt,,55
p2335,,,op5,op4,15,linear3,,37.5
p2336,2088.877,BATCH_PIPELINE,op1,,1,const,,55
p2336,,,op2,op1,1,const,,55
p2336,,,op3,op2,20,linear7,,30
p2336,,,op4,op3,80,squared,,10
p2336,,,op5,op4,20,linear7,,30
p2336,,,op6,op5,1,const,,55
p2337,2088.877,QUERY,op1,,15,linear3,,35
p2338,2088.877,INTERACTIVE,op1,,1,const,,55
p2338,,,op2,op1,2,sqrt,,55
p2338,,,op3,op2,2,sqrt,,55
p2338,,,op4,op3,2,sqrt,,55
p2338,,,op5,op4,15,linear3,,37.5
p2338,,,op6,op5,80,squared,,10
p2339,2088.877,QUERY,op1,,15,linear3,,35
p2340,2088.877,INTERACTIVE,op1,,1,const,,55
p2340,,,op2,op1,15,linear3,,37.5
p2340,,,op3,op1,2,sqrt,,55
p2340,,,op4,op1,5,linear3,,45
p2341,2096.097,INTERACTIVE,op1,,1,const,,55
p2341,,,op2,op1,15,linear3,,37.5
p2341,,,op3,op2,5,linear3,,45
p2341,,,op4,op3,1,const,,55
p2341,,,op5,op4,40,linear7,,20
p2341,,,op6,op5,20,linear7,,30
p2341,,,op7,op6,5,linear3,,45
p2341,,,op8,op7,80,squared,,10
p2341,,,op9,op8,15,linear3,,37.5
p2341,,,op10,op9,40,linear7,,20
p2342,2096.097,QUERY,op1,,15,linear3,,35
p2343,2096.097,INTERACTIVE,op1,,1,const,,55
p2343,,,op2,op1,15,linear3,,37.5
p2343,,,op3,op2,40,linear7,,20
p2343,,,op4,op3,5,linear3,,45
p2343,,,op5,op4,20,linear7,,30
p2344,2096.097,QUERY,op1,,15,linear3,,35
p2345,2096.097,QUERY,op1,,15,linear3,,35
p2346,2096.097,QUERY,op1,,15,linear3,,35
p2347,2096.097,INTERACTIVE,op1,,1,const,,55
p2347,,,op2,op1,2,sqrt,,55
p2347,,,op3,op2,2,sqrt,,55
p2347,,,op4,op3,15,linear3,,37.5
p2347,,,op5,op4,80,squared,,10
p2348,2096.097,QUERY,op1,,15,linear3,,35
p2349,2096.097,INTERACTIVE,op1,,1,const,,55
p2349,,,op2,,15,linear3,,37.5
p2349,,,op3,,5,linear3,,45
p2349,,,op4,,5,linear3,,45
p2349,,,op5,,1,const,,55
p2349,,,op6,op1;op2;op3;op4;op5,15,linear3,,37.5
p2350,2096.097,QUERY,op1,,15,linear3,,35
p2351,2105.227,BATCH_PIPELINE,op1,,1,const,,55
p2351,,,op2,op1,15,linear3,,37.5
p2351,,,op3,op2,2,sqrt,,55
p2351,,,op4,op3,5,linear3,,45
p2351,,,op5,op4,1,const,,55
p2351,,,op6,op5,5,linear3,,45
p2351,,,op7,op6,15,linear3,,37.5
p2351,,,op8,op7,80,squared,,10
p2351,,,op9,op8,20,linear7,,30
p2352,2105.227,BATCH_PIPELINE,op1,,1,const,,55
p2352,,,op2,op1,20,linear7,,30
p2352,,,op3,op2,5,linear3,,45
p2352,,,op4,op3,20,linear7,,30
p2352,,,op5,op4,5,linear3,,45
p2353,2105.227,QUERY,op1,,15,linear3,,35
p2354,2105.227,QUERY,op1,,15,linear3,,35
p2355,2105.227,BATCH_PIPELINE,op1,,1,const,,55
p2355,,,op2,op1,5,linear3,,45
p2355,,,op3,op2,5,linear3,,45
p2355,,,op4,op3,5,linear3,,45
p2355,,,op5,op4,15,linear3,,37.5
p2356,2105.227,INTERACTIVE,op1,,1,const,,55
p2356,,,op2,op1,20,linear7,,30
p2356,,,op3,op1,80,squared,,10
p2356,,,op4,op1,15,linear3,,37.5
p2356,,,op5,op1,40,linear7,,20
p2356,,,op6,op1,20,linear7,,30
p2356,,,op7,op1,5,linear3,,45
p2357,2105.227,QUERY,op1,,15,linear3,,35
p2358,2105.227,QUERY,op1,,15,linear3,,35
p2359,2105.227,QUERY,op1,,15,linear3,,35
p2360,2105.227,BATCH_PIPELINE,op1,,1,const,,55
p2360,,,op2,op1,1,const,,55
p2360,,,op3,op2,80,squared,,10
p2360,,,op4,op3,5,linear3,,45
p2360,,,op5,op4,2,sqrt,,55
p2360,,,op6,op5,1,const,,55
p2360,,,op7,op6,5,linear3,,45
p2360,,,op8,op7,5,linear3,,45
p2360,,,op9,op8,2,sqrt,,55
p2361,2112.693,QUERY,op1,,15,linear3,,35
p2362,2112.693,INTERACTIVE,op1,,1,const,,55
p2362,,,op2,op1,5,linear3,,45
p2362,,,op3,op1,15,linear3,,37.5
p2362,,,op4,op1,20,linear7,,30
p2362,,,op5,op1,5,linear3,,45
p2362,,,op6,op1,5,linear3,,45
p2362,,,op7,op1,40,linear7,,20
p2363,2112.693,INTERACTIVE,op1,,1,const,,55
p2363,,,op2,op1,15,linear3,,37.5
p2363,,,op3,op2,1,const,,55
p2363,,,op4,op3,15,linear3,,37.5
p2363,,,op5,op4,20,linear7,,30
p2363,,,op6,op5,15,linear3,,37.5
p2364,2112.693,QUERY,op1,,15,linear3,,35
p2365,2112.693,QUERY,op1,,15,linear3,,35
p2366,2112.693,BATCH_PIPELINE,op1,,1,const,,55
p2366,,,op2,op1,20,linear7,,30
p2366,,,op3,op2,80,squared,,10
p2366,,,op4,op3,5,linear3,,45
p2366,,,op5,op4,20,linear7,,30
p2367,2112.693,QUERY,op1,,15,linear3,,35
p2368,2112.693,INTERACTIVE,op1,,1,const,,55
p2368,,,op2,op1,80,squared,,10
p2368,,,op3,op2,20,linear7,,30
p2368,,,op4,op3,80,squared,,10
p2368,,,op5,op4,5,linear3,,45
p2368,,,op6,op5,80,squared,,10
p2368,,,op7,op6,40,linear7,,20
p2369,2112.693,QUERY,op1,,15,linear3,,35
p2370,2112.693,BATCH_PIPELINE,op1,,1,const,,55
p2370,,,op2,,2,sqrt,,55
p2370,,,op3,,5,linear3,,45
p2370,,,op4,,1,const,,55
p2370,,,op5,,5,linear3,,45
p2370,,,op6,,2,sqrt,,55
p2370,,,op7,,5,linear3,,45
p2370,,,op8,,80,squared,,10
p2370,,,op9,op1;op2;op3;op4;op5;op6;op7;op8,80,squared,,10
p2371,2118.455,INTERACTIVE,op1,,1,const,,55
p2371,,,op2,op1,15,linear3,,37.5
p2371,,,op3,op2,20,linear7,,30
p2371,,,op4,op3,1,const,,55
p2371,,,op5,op4,2,sqrt,,55
p2371,,,op6,op5,15,linear3,,37.5
p2371,,,op7,op6,15,linear3,,37.5
p2372,2118.455,QUERY,op1,,15,linear3,,35
p2373,2118.455,QUERY,op1,,15,linear3,,35
p2374,2118.455,BATCH_PIPELINE,op1,,1,const,,55
p2374,,,op2,op1,15,linear3,,37.5
p2374,,,op3,op1,80,squared,,10
p2374,,,op4,op1,2,sqrt,,55
p2374,,,op5,op1,15,linear3,,37.5
p2374,,,op6,op1,5,linear3,,45
p2374,,,op7,op1,20,linear7,,30
p2375,2118.455,QUERY,op1,,15,linear3,,35
p2376,2118.455,QUERY,op1,,15,linear3,,35
p2377,2118.455,BATCH_PIPELINE,op1,,1,const,,55
p2377,,,op2,op1,20,linear7,,30
p2377,,,op3,op2,40,linear7,,20
p2377,,,op4,op3,20,linear7,,30
p2377,,,op5,op4,2,sqrt,,55
p2377,,,op6,op5,20,linear7,,30
p2377,,,op7,op6,80,squared,,10
p2377,,,op8,op7,2,sqrt,,55
p2377,,,op9,op8,80,squared,,10
p2377,,,op10,op9,15,linear3,,37.5
p2377,,,op11,op10,5,linear3,,45
p2378,2118.455,QUERY,op1,,15,linear3,,35
p2379,2118.455,INTERACTIVE,op1,,1,const,,55
p2379,,,op2,op1,15,linear3,,37.5
p2379,,,op3,op2,2,sqrt,,55
p2380,2118.455,BATCH_PIPELINE,op1,,1,const,,55
p2380,,,op2,op1,5,linear3,,45
p2380,,,op3,op2,15,linear3,,37.5
p2380,,,op4,op3,15,linear3,,37.5
p2380,,,op5,op4,2,sqrt,,55
p2380,,,op6,op5,15,linear3,,37.5
p2380,,,op7,op6,15,linear3,,37.5
p2381,2124.892,INTERACTIVE,op1,,1,const,,55
p2381,,,op2,op1,15,linear3,,37.5
p2381,,,op3,op2,20,linear7,,30
p2381,,,op4,op3,2,sqrt,,55
p2381,,,op5,op4,2,sqrt,,55
p2381,,,op6,op5,15,linear3,,37.5
p2382,2124.892,INTERACTIVE,op1,,1,const,,55
p2382,,,op2,,80,squared,,10
p2382,,,op3,,15,linear3,,37.5
p2382,,,op4,,80,squared,,10
p2382,,,op5,,5,linear3,,45
p2382,,,op6,op1;op2;op3;op4;op5,2,sqrt,,55
p2383,2124.892,QUERY,op1,,15,linear3,,35
p2384,2124.892,QUERY,op1,,15,linear3,,35
p2385,2124.892,BATCH_PIPELINE,op1,,1,const,,55
p2385,,,op2,op1,20,linear7,,30
p2385,,,op3,op2,5,linear3,,45
p2385,,,op4,op3,5,linear3,,45
p2385,,,op5,op4,40,linear7,,20
p2385,,,op6,op5,1,const,,55
p2385,,,op7,op6,1,const,,55
p2385,,,op8,op7,5,linear3,,45
p2385,,,op9,op8,40,linear7,,20
p2385,,,op10,op9,5,linear3,,45
p2385,,,op11,op10,20,linear7,,30
p2385,,,op12,op11,15,linear3,,37.5
p2385,,,op13,op12,40,linear7,,20
p2386,2124.892,INTERACTIVE,op1,,1,const,,55
p2386,,,op2,op1,40,linear7,,20
p2386,,,op3,op2,2,sqrt,,55
p2386,,,op4,op3,15,linear3,,37.5
p2386,,,op5,op4,15,linear3,,37.5
p2386,,,op6,op5,2,sqrt,,55
p2386,,,op7,op6,2,sqrt,,55
p2387,2124.892,INTERACTIVE,op1,,1,const,,55
p2387,,,op2,,5,linear3,,45
p2387,,,op3,,1,const,,55
p2387,,,op4,,5,linear3,,45
p2387,,,op5,,40,linear7,,20
p2387,,,op6,op1;op2;op3;op4;op5,40,linear7,,20
p2388,2124.892,INTERACTIVE,op1,,1,const,,55
p2388,,,op2,op1,2,sqrt,,55
p2388,,,op3,op2,80,squared,,10
p2388,,,op4,op3,80,squared,,10
p2388,,,op5,op4,15,linear3,,37.5
p2388,,,op6,op5,80,squared,,10
p2389,2124.892,QUERY,op1,,15,linear3,,35
p2390,2124.892,INTERACTIVE,op1,,1,const,,55
p2390,,,op2,op1,80,squared,,10
p2390,,,op3,op2,15,linear3,,37.5
p2390,,,op4,op3,2,sqrt,,55
p2391,2131.871,QUERY,op1,,15,linear3,,35
p2392,2131.871,QUERY,op1,,15,linear3,,35
p2393,2131.871,QUERY,op1,,15,linear3,,35
p2394,2131.871,QUERY,op1,,15,linear3,,35
p2395,2131.871,INTERACTIVE,op1,,1,const,,55
p2395,,,op2,op1,15,linear3,,37.5
p2395,,,op3,op2,80,squared,,10
p2395,,,op4,op3,80,squared,,10
p2395,,,op5,op4,15,linear3,,37.5
p2395,,,op6,op5,15,linear3,,37.5
p2395,,,op7,op6,5,linear3,,45
p2395,,,op8,op7,15,linear3,,37.5
p2396,2131.871,INTERACTIVE,op1,,1,const,,55
p2396,,,op2,op1,40,linear7,,20
p2396,,,op3,op1,1,const,,55
p2397,2131.871,QUERY,op1,,15,linear3,,35
p2398,2131.871,INTERACTIVE,op1,,1,const,,55
p2398,,,op2,,1,const,,55
p2398,,,op3,,80,squared,,10
p2398,,,op4,,80,squared,,10
p2398,,,op5,,2,sqrt,,55
p2398,,,op6,,5,linear3,,45
p2398,,,op7,,2,sqrt,,55
p2398,,,op8,op1;op2;op3;op4;op5;op6;op7,15,linear3,,37.5
p2399,2131.871,QUERY,op1,,15,linear3,,35
p2400,2131.871,QUERY,op1,,15,linear3,,35
p2401,2136.779,QUERY,op1,,15,linear3,,35
p2402,2136.779,INTERACTIVE,op1,,1,const,,55
p2402,,,op2,op1,2,sqrt,,55
p2402,,,op3,op2,5,linear3,,45
p2402,,,op4,op3,80,squared,,10
p2402,,,op5,op4,2,sqrt,,55
p2403,2136.779,QUERY,op1,,15,linear3,,35
p2404,2136.779,QUERY,op1,,15,linear3,,35
p2405,2136.779,INTERACTIVE,op1,,1,const,,55
p2405,,,op2,op1,15,linear3,,37.5
p2405,,,op3,op2,5,linear3,,45
p2405,,,op4,op3,20,linear7,,30
p2406,2136.779,INTERACTIVE,op1,,1,const,,55
p2406,,,op2,op1,1,const,,55
p2406,,,op3,op2,40,linear7,,20
p2406,,,op4,op3,15,linear3,,37.5
p2406,,,op5,op4,80,squared,,10
p2406,,,op6,op5,80,squared,,10
p2406,,,op7,op6,5,linear3,,45
p2406,,,op8,op7,40,linear7,,20
p2406,,,op9,op8,5,linear3,,45
p2407,2136.779,INTERACTIVE,op1,,1,const,,55
p2407,,,op2,,40,linear7,,20
p2407,,,op3,,15,linear3,,37.5
p2407,,,op4,,80,squared,,10
p2407,,,op5,,5,linear3,,45
p2407,,,op6,,1,const,,55
p2407,,,op7,op1;op2;op3;op4;op5;op6,1,const,,55
p2408,2136.779,INTERACTIVE,op1,,1,const,,55
p2408,,,op2,op1,5,linear3,,45
p2408,,,op3,op2,5,linear3,,45
p2408,,,op4,op3,5,linear3,,45
p2408,,,op5,op4,20,linear7,,30
p2409,2136.779,QUERY,op1,,15,linear3,,35
p2410,2136.779,QUERY,op1,,15,linear3,,35
p2411,2146.543,INTERACTIVE,op1,,1,const,,55
p2411,,,op2,op1,80,squared,,10
p2411,,,op3,op2,80,squared,,10
p2412,2146.543,QUERY,op1,,15,linear3,,35
p2413,2146.543,BATCH_PIPELINE,op1,,1,const,,55
p2413,,,op2,op1,1,const,,55
p2413,,,op3,op2,5,linear3,,45
p2413,,,op4,op3,40,linear7,,20
p2413,,,op5,op4,20,linear7,,30
p2413,,,op6,op5,2,sqrt,,55
p2413,,,op7,op6,5,linear3,,45
p2413,,,op8,op7,20,linear7,,30
p2414,2146.543,INTERACTIVE,op1,,1,const,,55
p2414,,,op2,op1,20,linear7,,30
p2414,,,op3,op2,20,linear7,,30
p2414,,,op4,op3,5,linear3,,45
p2414,,,op5,op4,5,linear3,,45
p2414,,,op6,op5,2,sqrt,,55
p2415,2146.543,INTERACTIVE,op1,,1,const,,55
p2415,,,op2,op1,1,const,,55
p2415,,,op3,op2,20,linear7,,30
p2415,,,op4,op3,40,linear7,,20
p2415,,,op5,op4,1,const,,55
p2416,2146.543,INTERACTIVE,op1,,1,const,,55
p2416,,,op2,op1,1,const,,55
p2416,,,op3,op1,20,linear7,,30
p2416,,,op4,op1,5,linear3,,45
p2416,,,op5,op1,20,linear7,,30
p2416,,,op6,op1,5,linear3,,45
p2416,,,op7,op1,15,linear3,,37.5
p2416,,,op8,op1,5,linear3,,45
p2417,2146.543,INTERACTIVE,op1,,1,const,,55
p2417,,,op2,op1,2,sqrt,,55
p2417,,,op3,op2,20,linear7,,30
p2417,,,op4,op3,15,linear3,,37.5
p2417,,,op5,op4,1,const,,55
p2418,2146.543,INTERACTIVE,op1,,1,const,,55
p2418,,,op2,op1,40,linear7,,20
p2418,,,op3,op2,20,linear7,,30
p2418,,,op4,op3,40,linear7,,20
p2418,,,op5,op4,15,linear3,,37.5
p2419,2146.543,INTERACTIVE,op1,,1,const,,55
p2419,,,op2,op1,20,linear7,,30
p2419,,,op3,op2,80,squared,,10
p2419,,,op4,op3,40,linear7,,20
p2419,,,op5,op4,5,linear3,,45
p2419,,,op6,op5,5,linear3,,45
p2420,2146.543,INTERACTIVE,op1,,1,const,,55
p2420,,,op2,op1,1,const,,55
p2420,,,op3,op2,1,const,,55
p2420,,,op4,op3,80,squared,,10
p2421,2154.0660000000003,BATCH_PIPELINE,op1,,1,const,,55
p2421,,,op2,op1,1,const,,55
p2421,,,op3,op2,15,linear3,,37.5
p2421,,,op4,op3,80,squared,,10
p2421,,,op5,op4,80,squared,,10
p2421,,,op6,op5,15,linear3,,37.5
p2421,,,op7,op6,1,const,,55
p2421,,,op8,op7,2,sqrt,,55
p2422,2154.0660000000003,QUERY,op1,,15,linear3,,35
p2423,2154.0660000000003,QUERY,op1,,15,linear3,,35
p2424,2154.0660000000003,INTERACTIVE,op1,,1,const,,55
p2424,,,op2,op1,80,squared,,10
p2424,,,op3,op2,2,sqrt,,55
p2424,,,op4,op3,15,linear3,,37.5
p2424,,,op5,op4,20,linear7,,30
p2424,,,op6,op5,2,sqrt,,55
p2425,2154.0660000000003,QUERY,op1,,15,linear3,,35
p2426,2154.0660000000003,QUERY,op1,,15,linear3,,35
p2427,2154.0660000000003,QUERY,op1,,15,linear3,,35
p2428,2154.0660000000003,INTERACTIVE,op1,,1,const,,55
p2428,,,op2,,15,linear3,,37.5
p2428,,,op3,,15,linear3,,37.5
p2428,,,op4,,5,linear3,,45
p2428,,,op5,,15,linear3,,37.5
p2428,,,op6,,5,linear3,,45
p2428,,,op7,,15,linear3,,37.5
p2428,,,op8,op1;op2;op3;op4;op5;op6;op7,20,linear7,,30
p2429,2154.0660000000003,INTERACTIVE,op1,,1,const,,55
p2429,,,op2,op1,5,linear3,,45
p2429,,,op3,op1,5,linear3,,45
p2429,,,op4,op1,40,linear7,,20
p2429,,,op5,op1,1,const,,55
p2430,2154.0660000000003,INTERACTIVE,op1,,1,const,,55
p2430,,,op2,,40,linear7,,20
p2430,,,op3,,5,linear3,,45
p2430,,,op4,,2,sqrt,,55
p2430,,,op5,,2,sqrt,,55
p2430,,,op6,op1;op2;op3;op4;op5,15,linear3,,37.5
p2431,2164.64,INTERACTIVE,op1,,1,const,,55
p2431,,,op2,op1,5,linear3,,45
p2431,,,op3,op2,40,linear7,,20
p2431,,,op4,op3,15,linear3,,37.5
p2431,,,op5,op4,2,sqrt,,55
p2431,,,op6,op5,5,linear3,,45
p2432,2164.64,INTERACTIVE,op1,,1,const,,55
p2432,,,op2,op1,5,linear3,,45
p2432,,,op3,op2,5,linear3,,45
p2432,,,op4,op3,1,const,,55
p2433,2164.64,QUERY,op1,,15,linear3,,35
p2434,2164.64,QUERY,op1,,15,linear3,,35
p2435,2164.64,INTERACTIVE,op1,,1,const,,55
p2435,,,op2,op1,15,linear3,,37.5
p2435,,,op3,op2,2,sqrt,,55
p2435,,,op4,op3,1,const,,55
p2436,2164.64,QUERY,op1,,15,linear3,,35
p2437,2164.64,QUERY,op1,,15,linear3,,35
p2438,2164.64,BATCH_PIPELINE,op1,,1,const,,55
p2438,,,op2,op1,15,linear3,,37.5
p2438,,,op3,op2,5,linear3,,45
p2438,,,op4,op3,15,linear3,,37.5
p2438,,,op5,op4,5,linear3,,45
p2438,,,op6,op5,2,sqrt,,55
p2438,,,op7,op6,1,const,,55
p2438,,,op8,op7,40,linear7,,20
p2438,,,op9,op8,15,linear3,,37.5
p2439,2164.64,INTERACTIVE,op1,,1,const,,55
p2439,,,op2,op1,5,linear3,,45
p2439,,,op3,op2,5,linear3,,45
p2439,,,op4,op3,20,linear7,,30
p2439,,,op5,op4,5,linear3,,45
p2439,,,op6,op5,2,sqrt,,55
p2440,2164.64,QUERY,op1,,15,linear3,,35
p2441,2173.238,INTERACTIVE,op1,,1,const,,55
p2441,,,op2,op1,5,linear3,,45
p2441,,,op3,op2,20,linear7,,30
p2441,,,op4,op3,1,const,,55
p2441,,,op5,op4,20,linear7,,30
p2441,,,op6,op5,5,linear3,,45
p2441,,,op7,op6,40,linear7,,20
p2442,2173.238,BATCH_PIPELINE,op1,,1,const,,55
p2442,,,op2,op1,5,linear3,,45
p2442,,,op3,op1,1,const,,55
p2442,,,op4,op1,15,linear3,,37.5
p2442,,,op5,op1,1,const,,55
p2442,,,op6,op1,1,const,,55
p2442,,,op7,op1,40,linear7,,20
p2442,,,op8,op1,15,linear3,,37.5
p2443,2173.238,BATCH_PIPELINE,op1,,1,const,,55
p2443,,,op2,op1,15,linear3,,37.5
p2443,,,op3,op2,5,linear3,,45
p2443,,,op4,op3,80,squared,,10
p2443,,,op5,op4,5,linear3,,45
p2443,,,op6,op5,15,linear3,,37.5
p2444,2173.238,INTERACTIVE,op1,,1,const,,55
p2444,,,op2,op1,5,linear3,,45
p2444,,,op3,op2,5,linear3,,45
p2444,,,op4,op3,20,linear7,,30
p2444,,,op5,op4,80,squared,,10
p2445,2173.238,BATCH_PIPELINE,op1,,1,const,,55
p2445,,,op2,op1,40,linear7,,20
p2445,,,op3,op2,2,sqrt,,55
p2445,,,op4,op3,5,linear3,,45
p2445,,,op5,op4,5,linear3,,45
p2445,,,op6,op5,20,linear7,,30
p2445,,,op7,op6,20,linear7,,30
p2445,,,op8,op7,15,linear3,,37.5
p2445,,,op9,op8,20,linear7,,30
p2445,,,op10,op9,5,linear3,,45
p2446,2173.238,QUERY,op1,,15,linear3,,35
p2447,2173.238,QUERY,op1,,15,linear3,,35
p2448,2173.238,QUERY,op1,,15,linear3,,35
p2449,2173.238,INTERACTIVE,op1,,1,const,,55
p2449,,,op2,op1,15,linear3,,37.5
p2449,,,op3,op2,20,linear7,,30
p2449,,,op4,op3,1,const,,55
p2449,,,op5,op4,20,linear7,,30
p2449,,,op6,op5,2,sqrt,,55
p2449,,,op7,op6,5,linear3,,45
p2450,2173.238,QUERY,op1,,15,linear3,,35
p2451,2180.594,INTERACTIVE,op1,,1,const,,55
p2451,,,op2,op1,20,linear7,,30
p2451,,,op3,op2,5,linear3,,45
p2451,,,op4,op3,80,squared,,10
p2451,,,op5,op4,15,linear3,,37.5
p2451,,,op6,op5,2,sqrt,,55
p2452,2180.594,QUERY,op1,,15,linear3,,35
p2453,2180.594,QUERY,op1,,15,linear3,,35
p2454,2180.594,QUERY,op1,,15,linear3,,35
p2455,2180.594,QUERY,op1,,15,linear3,,35
p2456,2180.594,QUERY,op1,,15,linear3,,35
p2457,2180.594,QUERY,op1,,15,linear3,,35
p2458,2180.594,BATCH_PIPELINE,op1,,1,const,,55
p2458,,,op2,,80,squared,,10
p2458,,,op3,,1,const,,55
p2458,,,op4,,2,sqrt,,55
p2458,,,op5,,5,linear3,,45
p2458,,,op6,,80,squared,,10
p2458,,,op7,,80,squared,,10
p2458,,,op8,,40,linear7,,20
p2458,,,op9,op1;op2;op3;op4;op5;op6;op7;op8,2,sqrt,,55
p2459,2180.594,QUERY,op1,,15,linear3,,35
p2460,2180.594,QUERY,op1,,15,linear3,,35
p2461,2187.832,QUERY,op1,,15,linear3,,35
p2462,2187.832,QUERY,op1,,15,linear3,,35
p2463,2187.832,QUERY,op1,,15,linear3,,35
p2464,2187.832,QUERY,op1,,15,linear3,,35
p2465,2187.832,BATCH_PIPELINE,op1,,1,const,,55
p2465,,,op2,op1,5,linear3,,45
p2465,,,op3,op2,5,linear3,,45
p2465,,,op4,op3,2,sqrt,,55
p2465,,,op5,op4,15,linear3,,37.5
p2465,,,op6,op5,15,linear3,,37.5
p2465,,,op7,op6,5,linear3,,45
p2465,,,op8,op7,15,linear3,,37.5
p2466,2187.832,INTERACTIVE,op1,,1,const,,55
p2466,,,op2,op1,5,linear3,,45
p2466,,,op3,op1,5,linear3,,45
p2466,,,op4,op1,15,linear3,,37.5
p2466,,,op5,op1,80,squared,,10
p2466,,,op6,op1,15,linear3,,37.5
p2466,,,op7,op1,2,sqrt,,55
p2467,2187.832,QUERY,op1,,15,linear3,,35
p2468,2187.832,QUERY,op1,,15,linear3,,35
p2469,2187.832,INTERACTIVE,op1,,1,const,,55
p2469,,,op2,op1,5,linear3,,45
p2469,,,op3,op2,80,squared,,10
p2469,,,op4,op3,2,sqrt,,55
p2469,,,op5,op4,15,linear3,,37.5
p2470,2187.832,BATCH_PIPELINE,op1,,1,const,,55
p2470,,,op2,op1,5,linear3,,45
p2470,,,op3,op2,15,linear3,,37.5
p2470,,,op4,op3,80,squared,,10
p2470,,,op5,op4,1,const,,55
p2470,,,op6,op5,1,const,,55
p2470,,,op7,op6,2,sqrt,,55
p2470,,,op8,op7,20,linear7,,30
p2471,2193.21,QUERY,op1,,15,linear3,,35
p2472,2193.21,INTERACTIVE,op1,,1,const,,55
p2472,,,op2,op1,20,linear7,,30
p2472,,,op3,op2,80,squared,,10
p2472,,,op4,op3,20,linear7,,30
p2472,,,op5,op4,5,linear3,,45
p2472,,,op6,op5,2,sqrt,,55
p2472,,,op7,op6,5,linear3,,45
p2472,,,op8,op7,15,linear3,,37.5
p2472,,,op9,op8,15,linear3,,37.5
p2473,2193.21,QUERY,op1,,15,linear3,,35
p2474,2193.21,INTERACTIVE,op1,,1,const,,55
p2474,,,op2,,80,squared,,10
p2474,,,op3,,15,linear3,,37.5
p2474,,,op4,,2,sqrt,,55
p2474,,,op5,,1,const,,55
p2474,,,op6,op1;op2;op3;op4;op5,20,linear7,,30
p2475,2193.21,INTERACTIVE,op1,,1,const,,55
p2475,,,op2,op1,1,const,,55
p2475,,,op3,op1,20,linear7,,30
p2475,,,op4,op1,80,squared,,10
p2475,,,op5,op1,40,linear7,,20
p2475,,,op6,op1,1,const,,55
p2475,,,op7,op1,2,sqrt,,55
p2476,2193.21,QUERY,op1,,15,linear3,,35
p2477,2193.21,QUERY,op1,,15,linear3,,35
p2478,2193.21,QUERY,op1,,15,linear3,,35
p2479,2193.21,QUERY,op1,,15,linear3,,35
p2480,2193.21,INTERACTIVE,op1,,1,const,,55
p2480,,,op2,op1,15,linear3,,37.5
p2480,,,op3,op2,5,linear3,,45
p2480,,,op4,op3,2,sqrt,,55
p2480,,,op5,op4,15,linear3,,37.5
p2480,,,op6,op5,15,linear3,,37.5
p2480,,,op7,op6,20,linear7,,30
p2481,2203.7780000000002,INTERACTIVE,op1,,1,const,,55
p2481,,,op2,op1,1,const,,55
p2481,,,op3,op2,20,linear7,,30
p2481,,,op4,op3,15,linear3,,37.5
p2481,,,op5,op4,20,linear7,,30
p2481,,,op6,op5,2,sqrt,,55
p2481,,,op7,op6,80,squared,,10
p2482,2203.7780000000002,QUERY,op1,,15,linear3,,35
p2483,2203.7780000000002,INTERACTIVE,op1,,1,const,,55
p2483,,,op2,op1,2,sqrt,,55
p2483,,,op3,op2,40,linear7,,20
p2483,,,op4,op3,2,sqrt,,55
p2483,,,op5,op4,80,squared,,10
p2483,,,op6,op5,5,linear3,,45
p2483,,,op7,op6,80,squared,,10
p2484,2203.7780000000002,INTERACTIVE,op1,,1,const,,55
p2484,,,op2,op1,15,linear3,,37.5
p2484,,,op3,op2,40,linear7,,20
p2484,,,op4,op3,20,linear7,,30
p2484,,,op5,op4,40,linear7,,20
p2484,,,op6,op5,5,linear3,,45
p2484,,,op7,op6,15,linear3,,37.5
p2484,,,op8,op7,80,squared,,10
p2485,2203.7780000000002,QUERY,op1,,15,linear3,,35
p2486,2203.7780000000002,QUERY,op1,,15,linear3,,35
p2487,2203.7780000000002,QUERY,op1,,15,linear3,,35
p2488,2203.7780000000002,QUERY,op1,,15,linear3,,35
p2489,2203.7780000000002,QUERY,op1,,15,linear3,,35
p2490,2203.7780000000002,BATCH_PIPELINE,op1,,1,const,,55
p2490,,,op2,op1,5,linear3,,45
p2490,,,op3,op2,80,squared,,10
p2490,,,op4,op3,40,linear7,,20
p2490,,,op5,op4,15,linear3,,37.5
p2490,,,op6,op5,2,sqrt,,55
p2490,,,op7,op6,2,sqrt,,55
p2491,2217.2200000000003,INTERACTIVE,op1,,1,const,,55
p2491,,,op2,op1,5,linear3,,45
p2491,,,op3,op2,2,sqrt,,55
p2491,,,op4,op3,5,linear3,,45
p2491,,,op5,op4,5,linear3,,45
p2491,,,op6,op5,5,linear3,,45
p2492,2217.2200000000003,QUERY,op1,,15,linear3,,35
p2493,2217.2200000000003,QUERY,op1,,15,linear3,,35
p2494,2217.2200000000003,INTERACTIVE,op1,,1,const,,55
p2494,,,op2,,5,linear3,,45
p2494,,,op3,,40,linear7,,20
p2494,,,op4,,2,sqrt,,55
p2494,,,op5,,40,linear7,,20
p2494,,,op6,op1;op2;op3;op4;op5,15,linear3,,37.5
p2495,2217.2200000000003,INTERACTIVE,op1,,1,const,,55
p2495,,,op2,op1,1,const,,55
p2495,,,op3,op1,5,linear3,,45
p2495,,,op4,op1,20,linear7,,30
p2496,2217.2200000000003,INTERACTIVE,op1,,1,const,,55
p2496,,,op2,,5,linear3,,45
p2496,,,op3,op1;op2,5,linear3,,45
p2497,2217.2200000000003,QUERY,op1,,15,linear3,,35
p2498,2217.2200000000003,QUERY,op1,,15,linear3,,35
p2499,2217.2200000000003,INTERACTIVE,op1,,1,const,,55
p2499,,,op2,op1,2,sqrt,,55
p2499,,,op3,op2,20,linear7,,30
p2499,,,op4,op3,5,linear3,,45
p2499,,,op5,op4,40,linear7,,20
p2499,,,op6,op5,20,linear7,,30
p2499,,,op7,op6,80,squared,,10
p2499,,,op8,op7,40,linear7,,20
p2499,,,op9,op8,40,linear7,,20
p2500,2217.2200000000003,BATCH_PIPELINE,op1,,1,const,,55
p2500,,,op2,op1,1,const,,55
p2500,,,op3,op1,80,squared,,10
p2500,,,op4,op1,20,linear7,,30
p2500,,,op5,op1,5,linear3,,45
p2500,,,op6,op1,40,linear7,,20
p2500,,,op7,op1,2,sqrt,,55
p2501,2222.085,QUERY,op1,,15,linear3,,35
p2502,2222.085,QUERY,op1,,15,linear3,,35
p2503,2222.085,QUERY,op1,,15,linear3,,35
p2504,2222.085,QUERY,op1,,15,linear3,,35
p2505,2222.085,INTERACTIVE,op1,,1,const,,55
p2505,,,op2,op1,20,linear7,,30
p2505,,,op3,op1,5,linear3,,45
p2505,,,op4,op1,20,linear7,,30
p2505,,,op5,op1,1,const,,55
p2505,,,op6,op1,80,squared,,10
p2505,,,op7,op1,1,const,,55
p2506,2222.085,QUERY,op1,,15,linear3,,35
p2507,2222.085,QUERY,op1,,15,linear3,,35
p2508,2222.085,INTERACTIVE,op1,,1,const,,55
p2508,,,op2,op1,40,linear7,,20
p2508,,,op3,op2,20,linear7,,30
p2508,,,op4,op3,5,linear3,,45
p2508,,,op5,op4,15,linear3,,37.5
p2508,,,op6,op5,80,squared,,10
p2509,2222.085,QUERY,op1,,15,linear3,,35
p2510,2222.085,QUERY,op1,,15,linear3,,35
p2511,2229.554,INTERACTIVE,op1,,1,const,,55
p2511,,,op2,,40,linear7,,20
p2511,,,op3,,2,sqrt,,55
p2511,,,op4,,80,squared,,10
p2511,,,op5,,20,linear7,,30
p2511,,,op6,op1;op2;op3;op4;op5,2,sqrt,,55
p2512,2229.554,QUERY,op1,,15,linear3,,35
p2513,2229.554,INTERACTIVE,op1,,1,const,,55
p2513,,,op2,op1,2,sqrt,,55
p2513,,,op3,op2,1,const,,55
p2513,,,op4,op3,20,linear7,,30
p2513,,,op5,op4,20,linear7,,30
p2513,,,op6,op5,15,linear3,,37.5
p2514,2229.554,QUERY,op1,,15,linear3,,35
p2515,2229.554,INTERACTIVE,op1,,1,const,,55
p2515,,,op2,op1,15,linear3,,37.5
p2515,,,op3,op2,80,squared,,10
p2515,,,op4,op3,40,linear7,,20
p2515,,,op5,op4,15,linear3,,37.5
p2515,,,op6,op5,5,linear3,,45
p2516,2229.554,INTERACTIVE,op1,,1,const,,55
p2516,,,op2,op1,5,linear3,,45
p2516,,,op3,op2,1,const,,55
p2516,,,op4,op3,2,sqrt,,55
p2516,,,op5,op4,20,linear7,,30
p2516,,,op6,op5,15,linear3,,37.5
p2516,,,op7,op6,20,linear7,,30
p2517,2229.554,QUERY,op1,,15,linear3,,35
p2518,2229.554,QUERY,op1,,15,linear3,,35
p2519,2229.554,BATCH_PIPELINE,op1,,1,const,,55
p2519,,,op2,op1,1,const,,55
p2519,,,op3,op2,5,linear3,,45
p2519,,,op4,op3,40,linear7,,20
p2519,,,op5,op4,80,squared,,10
p2519,,,op6,op5,5,linear3,,45
p2519,,,op7,op6,2,sqrt,,55
p2519,,,op8,op7,1,const,,55
p2519,,,op9,op8,20,linear7,,30
p2520,2229.554,INTERACTIVE,op1,,1,const,,55
p2520,,,op2,op1,80,squared,,10
p2520,,,op3,op2,40,linear7,,20
p2520,,,op4,op3,2,sqrt,,55
p2520,,,op5,op4,20,linear7,,30
p2520,,,op6,op5,40,linear7,,20
p2520,,,op7,op6,15,linear3,,37.5
p2520,,,op8,op7,40,linear7,,20
p2520,,,op9,op8,40,linear7,,20
p2520,,,op10,op9,20,linear7,,30
p2521,2238.517,QUERY,op1,,15,linear3,,35
p2522,2238.517,QUERY,op1,,15,linear3,,35
p2523,2238.517,QUERY,op1,,15,linear3,,35
p2524,2238.517,BATCH_PIPELINE,op1,,1,const,,55
p2524,,,op2,op1,1,const,,55
p2524,,,op3,op2,5,linear3,,45
p2524,,,op4,op3,5,linear3,,45
p2524,,,op5,op4,80,squared,,10
p2524,,,op6,op5,15,linear3,,37.5
p2524,,,op7,op6,40,linear7,,20
p2524,,,op8,op7,5,linear3,,45
p2525,2238.517,QUERY,op1,,15,linear3,,35
p2526,2238.517,INTERACTIVE,op1,,1,const,,55
p2526,,,op2,op1,2,sqrt,,55
p2526,,,op3,op2,15,linear3,,37.5
p2526,,,op4,op3,40,linear7,,20
p2526,,,op5,op4,40,linear7,,20
p2527,2238.517,BATCH_PIPELINE,op1,,1,const,,55
p2527,,,op2,op1,1,const,,55
p2527,,,op3,op2,1,const,,55
p2527,,,op4,op3,20,linear7,,30
p2527,,,op5,op4,2,sqrt,,55
p2527,,,op6,op5,5,linear3,,45
p2527,,,op7,op6,5,linear3,,45
p2527,,,op8,op7,15,linear3,,37.5
p2527,,,op9,op8,1,const,,55
p2527,,,op10,op9,1,const,,55
p2527,,,op11,op10,15,linear3,,37.5
p2528,2238.517,INTERACTIVE,op1,,1,const,,55
p2528,,,op2,op1,1,const,,55
p2528,,,op3,op1,40,linear7,,20
p2528,,,op4,op1,5,linear3,,45
p2528,,,op5,op1,2,sqrt,,55
p2529,2238.517,INTERACTIVE,op1,,1,const,,55
p2529,,,op2,op1,15,linear3,,37.5
p2529,,,op3,op2,2,sqrt,,55
p2530,2238.517,QUERY,op1,,15,linear3,,35
p2531,2246.963,INTERACTIVE,op1,,1,const,,55
p2531,,,op2,op1,15,linear3,,37.5
p2531,,,op3,op2,2,sqrt,,55
p2532,2246.963,QUERY,op1,,15,linear3,,35
p2533,2246.963,QUERY,op1,,15,linear3,,35
p2534,2246.963,QUERY,op1,,15,linear3,,35
p2535,2246.963,INTERACTIVE,op1,,1,const,,55
p2535,,,op2,op1,80,squared,,10
p2536,2246.963,QUERY,op1,,15,linear3,,35
p2537,2246.963,QUERY,op1,,15,linear3,,35
p2538,2246.963,QUERY,op1,,15,linear3,,35
p2539,2246.963,QUERY,op1,,15,linear3,,35
p2540,2246.963,QUERY,op1,,15,linear3,,35
p2541,2258.358,QUERY,op1,,15,linear3,,35
p2542,2258.358,QUERY,op1,,15,linear3,,35
p2543,2258.358,INTERACTIVE,op1,,1,const,,55
p2543,,,op2,op1,5,linear3,,45
p2544,2258.358,INTERACTIVE,op1,,1,const,,55
p2544,,,op2,op1,80,squared,,10
p2544,,,op3,op2,40,linear7,,20
p2544,,,op4,op3,2,sqrt,,55
p2544,,,op5,op4,15,linear3,,37.5
p2544,,,op6,op5,20,linear7,,30
p2545,2258.358,QUERY,op1,,15,linear3,,35
p2546,2258.358,INTERACTIVE,op1,,1,const,,55
p2546,,,op2,op1,1,const,,55
p2546,,,op3,op2,20,linear7,,30
p2546,,,op4,op3,1,const,,55
p2546,,,op5,op4,2,sqrt,,55
p2546,,,op6,op5,1,const,,55
p2547,2258.358,INTERACTIVE,op1,,1,const,,55
p2547,,,op2,op1,15,linear3,,37.5
p2547,,,op3,op2,1,const,,55
p2547,,,op4,op3,5,linear3,,45
p2547,,,op5,op4,20,linear7,,30
p2547,,,op6,op5,15,linear3,,37.5
p2548,2258.358,BATCH_PIPELINE,op1,,1,const,,55
p2548,,,op2,op1,1,const,,55
p2548,,,op3,op2,2,sqrt,,55
p2548,,,op4,op3,15,linear3,,37.5
p2548,,,op5,op4,2,sqrt,,55
p2548,,,op6,op5,2,sqrt,,55
p2548,,,op7,op6,15,linear3,,37.5
p2548,,,op8,op7,80,squared,,10
p2548,,,op9,op8,5,linear3,,45
p2549,2258.358,BATCH_PIPELINE,op1,,1,const,,55
p2549,,,op2,op1,20,linear7,,30
p2549,,,op3,op2,20,linear7,,30
p2549,,,op4,op3,40,linear7,,20
p2549,,,op5,op4,5,linear3,,45
p2550,2258.358,BATCH_PIPELINE,op1,,1,const,,55
p2550,,,op2,op1,1,const,,55
p2550,,,op3,op2,20,linear7,,30
p2550,,,op4,op3,5,linear3,,45
p2550,,,op5,op4,20,linear7,,30
p2550,,,op6,op5,20,linear7,,30
p2550,,,op7,op6,1,const,,55
p2550,,,op8,op7,15,linear3,,37.5
p2550,,,op9,op8,15,linear3,,37.5
p2550,,,op10,op9,15,linear3,,37.5
p2550,,,op11,op10,20,linear7,,30
p2551,2270.724,INTERACTIVE,op1,,1,const,,55
p2551,,,op2,op1,80,squared,,10
p2551,,,op3,op2,40,linear7,,20
p2551,,,op4,op3,20,linear7,,30
p2551,,,op5,op4,20,linear7,,30
p2551,,,op6,op5,20,linear7,,30
p2552,2270.724,BATCH_PIPELINE,op1,,1,const,,55
p2552,,,op2,op1,40,linear7,,20
p2552,,,op3,op2,5,linear3,,45
p2552,,,op4,op3,1,const,,55
p2552,,,op5,op4,5,linear3,,45
p2552,,,op6,op5,5,linear3,,45
p2552,,,op7,op6,20,linear7,,30
p2552,,,op8,op7,15,linear3,,37.5
p2552,,,op9,op8,2,sqrt,,55
p2552,,,op10,op9,80,squared,,10
p2552,,,op11,op10,40,linear7,,20
p2552,,,op12,op11,80,squared,,10
p2553,2270.724,QUERY,op1,,15,linear3,,35
p2554,2270.724,INTERACTIVE,op1,,1,const,,55
p2554,,,op2,op1,15,linear3,,37.5
p2554,,,op3,op1,15,linear3,,37.5
p2554,,,op4,op1,1,const,,55
p2554,,,op5,op1,15,linear3,,37.5
p2554,,,op6,op1,5,linear3,,45
p2554,,,op7,op1,15,linear3,,37.5
p2555,2270.724,QUERY,op1,,15,linear3,,35
p2556,2270.724,INTERACTIVE,op1,,1,const,,55
p2556,,,op2,,5,linear3,,45
p2556,,,op3,,2,sqrt,,55
p2556,,,op4,op1;op2;op3,5,linear3,,45
p2557,2270.724,QUERY,op1,,15,linear3,,35
p2558,2270.724,QUERY,op1,,15,linear3,,35
p2559,2270.724,QUERY,op1,,15,linear3,,35
p2560,2270.724,INTERACTIVE,op1,,1,const,,55
p2560,,,op2,op1,2,sqrt,,55
p2560,,,op3,op2,80,squared,,10
p2560,,,op4,op3,20,linear7,,30
p2560,,,op5,op4,15,linear3,,37.5
p2560,,,op6,op5,20,linear7,,30
p2560,,,op7,op6,15,linear3,,37.5
p2561,2280.951,QUERY,op1,,15,linear3,,35
p2562,2280.951,BATCH_PIPELINE,op1,,1,const,,55
p2562,,,op2,op1,5,linear3,,45
p2562,,,op3,op1,20,linear7,,30
p2563,2280.951,QUERY,op1,,15,linear3,,35
p2564,2280.951,INTERACTIVE,op1,,1,const,,55
p2564,,,op2,op1,15,linear3,,37.5
p2564,,,op3,op2,15,linear3,,37.5
p2564,,,op4,op3,80,squared,,10
p2564,,,op5,op4,5,linear3,,45
p2564,,,op6,op5,5,linear3,,45
p2564,,,op7,op6,2,sqrt,,55
p2565,2280.951,INTERACTIVE,op1,,1,const,,55
p2565,,,op2,,5,linear3,,45
p2565,,,op3,,15,linear3,,37.5
p2565,,,op4,,2,sqrt,,55
p2565,,,op5,op1;op2;op3;op4,1,const,,55
p2566,2280.951,INTERACTIVE,op1,,1,const,,55
p2566,,,op2,op1,80,squared,,10
p2567,2280.951,INTERACTIVE,op1,,1,const,,55
p2567,,,op2,op1,80,squared,,10
p2567,,,op3,op1,5,linear3,,45
p2567,,,op4,op1,1,const,,55
p2567,,,op5,op1,15,linear3,,37.5
p2567,,,op6,op1,80,squared,,10
p2567,,,op7,op1,20,linear7,,30
p2568,2280.951,INTERACTIVE,op1,,1,const,,55
p2568,,,op2,op1,15,linear3,,37.5
p2568,,,op3,op2,80,squared,,10
p2568,,,op4,op3,5,linear3,,45
p2568,,,op5,op4,40,linear7,,20
p2568,,,op6,op5,40,linear7,,20
p2569,2280.951,INTERACTIVE,op1,,1,const,,55
p2569,,,op2,op1,2,sqrt,,55
p2569,,,op3,op2,40,linear7,,20
p2569,,,op4,op3,15,linear3,,37.5
p2569,,,op5,op4,20,linear7,,30
p2570,2280.951,QUERY,op1,,15,linear3,,35
p2571,2291.427,BATCH_PIPELINE,op1,,1,const,,55
p2571,,,op2,op1,5,linear3,,45
p2571,,,op3,op2,5,linear3,,45
p2571,,,op4,op3,5,linear3,,45
p2571,,,op5,op4,5,linear3,,45
p2571,,,op6,op5,80,squared,,10
p2571,,,op7,op6,40,linear7,,20
p2572,2291.427,QUERY,op1,,15,linear3,,35
p2573,2291.427,INTERACTIVE,op1,,1,const,,55
p2573,,,op2,op1,40,linear7,,20
p2573,,,op3,op2,1,const,,55
p2573,,,op4,op3,15,linear3,,37.5
p2573,,,op5,op4,5,linear3,,45
p2574,2291.427,QUERY,op1,,15,linear3,,35
p2575,2291.427,BATCH_PIPELINE,op1,,1,const,,55
p2575,,,op2,op1,40,linear7,,20
p2575,,,op3,op1,15,linear3,,37.5
p2575,,,op4,op1,15,linear3,,37.5
p2575,,,op5,op1,15,linear3,,37.5
p2575,,,op6,op1,80,squared,,10
p2575,,,op7,op1,15,linear3,,37.5
p2576,2291.427,INTERACTIVE,op1,,1,const,,55
p2576,,,op2,op1,5,linear3,,45
p2576,,,op3,op2,15,linear3,,37.5
p2577,2291.427,QUERY,op1,,15,linear3,,35
p2578,2291.427,BATCH_PIPELINE,op1,,1,const,,55
p2578,,,op2,op1,20,linear7,,30
p2578,,,op3,op2,40,linear7,,20
p2578,,,op4,op3,1,const,,55
p2578,,,op5,op4,15,linear3,,37.5
p2578,,,op6,op5,1,const,,55
p2579,2291.427,QUERY,op1,,15,linear3,,35
p2580,2291.427,BATCH_PIPELINE,op1,,1,const,,55
p2580,,,op2,op1,40,linear7,,20
p2580,,,op3,op2,2,sqrt,,55
p2580,,,op4,op3,2,sqrt,,55
p2580,,,op5,op4,15,linear3,,37.5
p2580,,,op6,op5,15,linear3,,37.5
p2580,,,op7,op6,2,sqrt,,55
p2580,,,op8,op7,80,squared,,10
p2581,2299.83,INTERACTIVE,op1,,1,const,,55
p2581,,,op2,op1,80,squared,,10
p2581,,,op3,op2,80,squared,,10
p2581,,,op4,op3,5,linear3,,45
p2581,,,op5,op4,40,linear7,,20
p2582,2299.83,INTERACTIVE,op1,,1,const,,55
p2582,,,op2,,15,linear3,,37.5
p2582,,,op3,,40,linear7,,20
p2582,,,op4,,40,linear7,,20
p2582,,,op5,,80,squared,,10
p2582,,,op6,,15,linear3,,37.5
p2582,,,op7,op1;op2;op3;op4;op5;op6,15,linear3,,37.5
p2583,2299.83,QUERY,op1,,15,linear3,,35
p2584,2299.83,INTERACTIVE,op1,,1,const,,55
p2584,,,op2,op1,40,linear7,,20
p2584,,,op3,op2,1,const,,55
p2584,,,op4,op3,5,linear3,,45
p2584,,,op5,op4,5,linear3,,45
p2585,2299.83,INTERACTIVE,op1,,1,const,,55
p2585,,,op2,,15,linear3,,37.5
p2585,,,op3,,40,linear7,,20
p2585,,,op4,,40,linear7,,20
p2585,,,op5,op1;op2;op3;op4,15,linear3,,37.5
p2586,2299.83,QUERY,op1,,15,linear3,,35
p2587,2299.83,QUERY,op1,,15,linear3,,35
p2588,2299.83,INTERACTIVE,op1,,1,const,,55
p2588,,,op2,op1,40,linear7,,20
p2588,,,op3,op1,15,linear3,,37.5
p2588,,,op4,op1,2,sqrt,,55
p2588,,,op5,op1,5,linear3,,45
p2588,,,op6,op1,80,squared,,10
p2589,2299.83,INTERACTIVE,op1,,1,const,,55
p2589,,,op2,op1,5,linear3,,45
p2589,,,op3,op2,5,linear3,,45
p2589,,,op4,op3,15,linear3,,37.5
p2589,,,op5,op4,15,linear3,,37.5
p2589,,,op6,op5,5,linear3,,45
p2589,,,op7,op6,5,linear3,,45
p2590,2299.83,BATCH_PIPELINE,op1,,1,const,,55
p2590,,,op2,op1,1,const,,55
p2590,,,op3,op1,15,linear3,,37.5
p2590,,,op4,op1,40,linear7,,20
p2590,,,op5,op1,5,linear3,,45
p2590,,,op6,op1,5,linear3,,45
p2590,,,op7,op1,40,linear7,,20
p2591,2306.616,QUERY,op1,,15,linear3,,35
p2592,2306.616,QUERY,op1,,15,linear3,,35
p2593,2306.616,BATCH_PIPELINE,op1,,1,const,,55
p2593,,,op2,,15,linear3,,37.5
p2593,,,op3,,40,linear7,,20
p2593,,,op4,,80,squared,,10
p2593,,,op5,,15,linear3,,37.5
p2593,,,op6,,40,linear7,,20
p2593,,,op7,op1;op2;op3;op4;op5;op6,15,linear3,,37.5
p2594,2306.616,INTERACTIVE,op1,,1,const,,55
p2594,,,op2,op1,2,sqrt,,55
p2594,,,op3,op2,80,squared,,10
p2595,2306.616,INTERACTIVE,op1,,1,const,,55
p2595,,,op2,op1,80,squared,,10
p2595,,,op3,op2,80,squared,,10
p2595,,,op4,op3,5,linear3,,45
p2596,2306.616,BATCH_PIPELINE,op1,,1,const,,55
p2596,,,op2,op1,40,linear7,,20
p2596,,,op3,op1,20,linear7,,30
p2596,,,op4,op1,1,const,,55
p2596,,,op5,op1,20,linear7,,30
p2596,,,op6,op1,5,linear3,,45
p2596,,,op7,op1,15,linear3,,37.5
p2596,,,op8,op1,15,linear3,,37.5
p2597,2306.616,QUERY,op1,,15,linear3,,35
p2598,2306.616,BATCH_PIPELINE,op1,,1,const,,55
p2598,,,op2,op1,20,linear7,,30
p2598,,,op3,op2,15,linear3,,37.5
p2598,,,op4,op3,5,linear3,,45
p2598,,,op5,op4,1,const,,55
p2598,,,op6,op5,5,linear3,,45
p2599,2306.616,INTERACTIVE,op1,,1,const,,55
p2599,,,op2,,15,linear3,,37.5
p2599,,,op3,op1;op2,20,linear7,,30
p2600,2306.616,QUERY,op1,,15,linear3,,35
p2601,2312.41,INTERACTIVE,op1,,1,const,,55
p2601,,,op2,op1,5,linear3,,45
p2601,,,op3,op1,80,squared,,10
p2601,,,op4,op1,5,linear3,,45
p2601,,,op5,op1,20,linear7,,30
p2601,,,op6,op1,40,linear7,,20
p2601,,,op7,op1,40,linear7,,20
p2602,2312.41,BATCH_PIPELINE,op1,,1,const,,55
p2602,,,op2,op1,80,squared,,10
p2602,,,op3,op2,2,sqrt,,55
p2602,,,op4,op3,5,linear3,,45
p2602,,,op5,op4,20,linear7,,30
p2602,,,op6,op5,20,linear7,,30
p2603,2312.41,BATCH_PIPELINE,op1,,1,const,,55
p2603,,,op2,,15,linear3,,37.5
p2603,,,op3,,40,linear7,,20
p2603,,,op4,,5,linear3,,45
p2603,,,op5,,15,linear3,,37.5
p2603,,,op6,op1;op2;op3;op4;op5,2,sqrt,,55
p2604,2312.41,QUERY,op1,,15,linear3,,35
p2605,2312.41,QUERY,op1,,15,linear3,,35
p2606,2312.41,QUERY,op1,,15,linear3,,35
p2607,2312.41,INTERACTIVE,op1,,1,const,,55
p2607,,,op2,op1,1,const,,55
p2607,,,op3,op2,80,squared,,10
p2607,,,op4,op3,15,linear3,,37.5
p2607,,,op5,op4,20,linear7,,30
p2607,,,op6,op5,2,sqrt,,55
p2608,2312.41,INTERACTIVE,op1,,1,const,,55
p2608,,,op2,op1,5,linear3,,45
p2608,,,op3,op2,20,linear7,,30
p2608,,,op4,op3,15,linear3,,37.5
p2608,,,op5,op4,15,linear3,,37.5
p2608,,,op6,op5,80,squared,,10
p2608,,,op7,op6,5,linear3,,45
p2609,2312.41,INTERACTIVE,op1,,1,const,,55
p2609,,,op2,op1,80,squared,,10
p2609,,,op3,op2,20,linear7,,30
p2609,,,op4,op3,15,linear3,,37.5
p2609,,,op5,op4,80,squared,,10
p2609,,,op6,op5,80,squared,,10
p2610,2312.41,QUERY,op1,,15,linear3,,35
p2611,2312.663,INTERACTIVE,op1,,1,const,,55
p2611,,,op2,op1,20,linear7,,30
p2611,,,op3,op2,20,linear7,,30
p2611,,,op4,op3,20,linear7,,30
p2611,,,op5,op4,15,linear3,,37.5
p2611,,,op6,op5,80,squared,,10
p2612,2312.663,QUERY,op1,,15,linear3,,35
p2613,2312.663,BATCH_PIPELINE,op1,,1,const,,55
p2613,,,op2,op1,40,linear7,,20
p2613,,,op3,op1,5,linear3,,45
p2613,,,op4,op1,40,linear7,,20
p2613,,,op5,op1,15,linear3,,37.5
p2613,,,op6,op1,80,squared,,10
p2613,,,op7,op1,40,linear7,,20
p2613,,,op8,op1,2,sqrt,,55
p2614,2312.663,INTERACTIVE,op1,,1,const,,55
p2614,,,op2,op1,5,linear3,,45
p2615,2312.663,BATCH_PIPELINE,op1,,1,const,,55
p2615,,,op2,op1,5,linear3,,45
p2615,,,op3,op2,2,sqrt,,55
p2615,,,op4,op3,5,linear3,,45
p2615,,,op5,op4,5,linear3,,45
p2615,,,op6,op5,2,sqrt,,55
p2615,,,op7,op6,15,linear3,,37.5
p2615,,,op8,op7,15,linear3,,37.5
p2616,2312.663,QUERY,op1,,15,linear3,,35
p2617,2312.663,INTERACTIVE,op1,,1,const,,55
p2617,,,op2,op1,40,linear7,,20
p2617,,,op3,op2,20,linear7,,30
p2617,,,op4,op3,80,squared,,10
p2617,,,op5,op4,40,linear7,,20
p2617,,,op6,op5,80,squared,,10
p2618,2312.663,INTERACTIVE,op1,,1,const,,55
p2618,,,op2,op1,15,linear3,,37.5
p2618,,,op3,op1,20,linear7,,30
p2619,2312.663,INTERACTIVE,op1,,1,const,,55
p2619,,,op2,op1,5,linear3,,45
p2619,,,op3,op2,5,linear3,,45
p2619,,,op4,op3,15,linear3,,37.5
p2619,,,op5,op4,40,linear7,,20
p2619,,,op6,op5,5,linear3,,45
p2619,,,op7,op6,15,linear3,,37.5
p2620,2312.663,BATCH_PIPELINE,op1,,1,const,,55
p2620,,,op2,op1,2,sqrt,,55
p2620,,,op3,op2,1,const,,55
p2620,,,op4,op3,15,linear3,,37.5
p2620,,,op5,op4,20,linear7,,30
p2620,,,op6,op5,2,sqrt,,55
p2620,,,op7,op6,40,linear7,,20
p2621,2325.995,BATCH_PIPELINE,op1,,1,const,,55
p2621,,,op2,op1,80,squared,,10
p2621,,,op3,op2,40,linear7,,20
p2621,,,op4,op3,2,sqrt,,55
p2621,,,op5,op4,40,linear7,,20
p2621,,,op6,op5,2,sqrt,,55
p2621,,,op7,op6,15,linear3,,37.5
p2621,,,op8,op7,2,sqrt,,55
p2621,,,op9,op8,5,linear3,,45
p2621,,,op10,op9,80,squared,,10
p2622,2325.995,QUERY,op1,,15,linear3,,35
p2623,2325.995,INTERACTIVE,op1,,1,const,,55
p2623,,,op2,op1,1,const,,55
p2623,,,op3,op2,15,linear3,,37.5
p2623,,,op4,op3,5,linear3,,45
p2623,,,op5,op4,80,squared,,10
p2624,2325.995,QUERY,op1,,15,linear3,,35
p2625,2325.995,INTERACTIVE,op1,,1,const,,55
p2625,,,op2,op1,40,linear7,,20
p2625,,,op3,op2,40,linear7,,20
p2625,,,op4,op3,5,linear3,,45
p2626,2325.995,QUERY,op1,,15,linear3,,35
p2627,2325.995,INTERACTIVE,op1,,1,const,,55
p2627,,,op2,,20,linear7,,30
p2627,,,op3,,15,linear3,,37.5
p2627,,,op4,op1;op2;op3,20,linear7,,30
p2628,2325.995,INTERACTIVE,op1,,1,const,,55
p2628,,,op2,op1,20,linear7,,30
p2628,,,op3,op2,40,linear7,,20
p2628,,,op4,op3,20,linear7,,30
p2628,,,op5,op4,20,linear7,,30
p2628,,,op6,op5,15,linear3,,37.5
p2629,2325.995,QUERY,op1,,15,linear3,,35
p2630,2325.995,INTERACTIVE,op1,,1,const,,55
p2630,,,op2,op1,1,const,,55
p2630,,,op3,op2,20,linear7,,30
p2630,,,op4,op3,5,linear3,,45
p2631,2333.987,QUERY,op1,,15,linear3,,35
p2632,2333.987,QUERY,op1,,15,linear3,,35
p2633,2333.987,QUERY,op1,,15,linear3,,35
p2634,2333.987,BATCH_PIPELINE,op1,,1,const,,55
p2634,,,op2,,15,linear3,,37.5
p2634,,,op3,,20,linear7,,30
p2634,,,op4,,80,squared,,10
p2634,,,op5,,80,squared,,10
p2634,,,op6,op1;op2;op3;op4;op5,20,linear7,,30
p2635,2333.987,INTERACTIVE,op1,,1,const,,55
p2635,,,op2,op1,40,linear7,,20
p2635,,,op3,op2,20,linear7,,30
p2636,2333.987,QUERY,op1,,15,linear3,,35
p2637,2333.987,BATCH_PIPELINE,op1,,1,const,,55
p2637,,,op2,,40,linear7,,20
p2637,,,op3,,20,linear7,,30
p2637,,,op4,,2,sqrt,,55
p2637,,,op5,,40,linear7,,20
p2637,,,op6,,1,const,,55
p2637,,,op7,,15,linear3,,37.5
p2637,,,op8,,5,linear3,,45
p2637,,,op9,op1;op2;op3;op4;op5;op6;op7;op8,2,sqrt,,55
p2638,2333.987,QUERY,op1,,15,linear3,,35
p2639,2333.987,BATCH_PIPELINE,op1,,1,const,,55
p2639,,,op2,op1,1,const,,55
p2639,,,op3,op2,1,const,,55
p2639,,,op4,op3,15,linear3,,37.5
p2639,,,op5,op4,15,linear3,,37.5
p2639,,,op6,op5,5,linear3,,45
p2639,,,op7,op6,80,squared,,10
p2639,,,op8,op7,15,linear3,,37.5
p2639,,,op9,op8,20,linear7,,30
p2639,,,op10,op9,40,linear7,,20
p2640,2333.987,QUERY,op1,,15,linear3,,35
p2641,2348.817,INTERACTIVE,op1,,1,const,,55
p2641,,,op2,op1,80,squared,,10
p2641,,,op3,op2,40,linear7,,20
p2641,,,op4,op3,5,linear3,,45
p2641,,,op5,op4,2,sqrt,,55
p2642,2348.817,INTERACTIVE,op1,,1,const,,55
p2642,,,op2,,15,linear3,,37.5
p2642,,,op3,,20,linear7,,30
p2642,,,op4,,20,linear7,,30
p2642,,,op5,,5,linear3,,45
p2642,,,op6,op1;op2;op3;op4;op5,15,linear3,,37.5
p2643,2348.817,BATCH_PIPELINE,op1,,1,const,,55
p2643,,,op2,,40,linear7,,20
p2643,,,op3,,20,linear7,,30
p2643,,,op4,,5,linear3,,45
p2643,,,op5,,80,squared,,10
p2643,,,op6,,20,linear7,,30
p2643,,,op7,,40,linear7,,20
p2643,,,op8,op1;op2;op3;op4;op5;op6;op7,80,squared,,10
p2644,2348.817,INTERACTIVE,op1,,1,const,,55
p2644,,,op2,op1,40,linear7,,20
p2644,,,op3,op2,2,sqrt,,55
p2644,,,op4,op3,2,sqrt,,55
p2644,,,op5,op4,2,sqrt,,55
p2644,,,op6,op5,15,linear3,,37.5
p2645,2348.817,INTERACTIVE,op1,,1,const,,55
p2645,,,op2,op1,5,linear3,,45
p2645,,,op3,op1,15,linear3,,37.5
p2646,2348.817,QUERY,op1,,15,linear3,,35
p2647,2348.817,QUERY,op1,,15,linear3,,35
p2648,2348.817,QUERY,op1,,15,linear3,,35
p2649,2348.817,INTERACTIVE,op1,,1,const,,55
p2649,,,op2,op1,15,linear3,,37.5
p2649,,,op3,op2,15,linear3,,37.5
p2649,,,op4,op3,2,sqrt,,55
p2650,2348.817,INTERACTIVE,op1,,1,const,,55
p2650,,,op2,op1,20,linear7,,30
p2650,,,op3,op1,80,squared,,10
p2650,,,op4,op1,20,linear7,,30
p2650,,,op5,op1,20,linear7,,30
p2651,2357.128,INTERACTIVE,op1,,1,const,,55
p2651,,,op2,op1,1,const,,55
p2651,,,op3,op2,2,sqrt,,55
p2651,,,op4,op3,80,squared,,10
p2651,,,op5,op4,20,linear7,,30
p2652,2357.128,INTERACTIVE,op1,,1,const,,55
p2652,,,op2,op1,20,linear7,,30
p2652,,,op3,op1,80,squared,,10
p2652,,,op4,op1,15,linear3,,37.5
p2652,,,op5,op1,1,const,,55
p2652,,,op6,op1,5,linear3,,45
p2653,2357.128,BATCH_PIPELINE,op1,,1,const,,55
p2653,,,op2,op1,80,squared,,10
p2653,,,op3,op2,1,const,,55
p2653,,,op4,op3,5,linear3,,45
p2653,,,op5,op4,2,sqrt,,55
p2653,,,op6,op5,2,sqrt,,55
p2653,,,op7,op6,5,linear3,,45
p2653,,,op8,op7,20,linear7,,30
p2654,2357.128,QUERY,op1,,15,linear3,,35
p2655,2357.128,INTERACTIVE,op1,,1,const,,55
p2655,,,op2,op1,20,linear7,,30
p2655,,,op3,op2,20,linear7,,30
p2655,,,op4,op3,20,linear7,,30
p2656,2357.128,QUERY,op1,,15,linear3,,35
p2657,2357.128,QUERY,op1,,15,linear3,,35
p2658,2357.128,BATCH_PIPELINE,op1,,1,const,,55
p2658,,,op2,op1,15,linear3,,37.5
p2658,,,op3,op1,15,linear3,,37.5
p2658,,,op4,op1,15,linear3,,37.5
p2658,,,op5,op1,2,sqrt,,55
p2658,,,op6,op1,20,linear7,,30
p2658,,,op7,op1,20,linear7,,30
p2658,,,op8,op1,5,linear3,,45
p2658,,,op9,op1,40,linear7,,20
p2658,,,op10,op1,15,linear3,,37.5
p2659,2357.128,INTERACTIVE,op1,,1,const,,55
p2659,,,op2,op1,40,linear7,,20
p2659,,,op3,op2,40,linear7,,20
p2659,,,op4,op3,15,linear3,,37.5
p2659,,,op5,op4,5,linear3,,45
p2659,,,op6,op5,15,linear3,,37.5
p2660,2357.128,BATCH_PIPELINE,op1,,1,const,,55
p2660,,,op2,op1,15,linear3,,37.5
p2660,,,op3,op1,40,linear7,,20
p2660,,,op4,op1,2,sqrt,,55
p2660,,,op5,op1,80,squared,,10
p2660,,,op6,op1,20,linear7,,30
p2660,,,op7,op1,1,const,,55
p2660,,,op8,op1,15,linear3,,37.5
p2661,2367.867,BATCH_PIPELINE,op1,,1,const,,55
p2661,,,op2,op1,20,linear7,,30
p2661,,,op3,op2,1,const,,55
p2661,,,op4,op3,1,const,,55
p2661,,,op5,op4,20,linear7,,30
p2662,2367.867,INTERACTIVE,op1,,1,const,,55
p2662,,,op2,op1,1,const,,55
p2662,,,op3,op2,20,linear7,,30
p2662,,,op4,op3,2,sqrt,,55
p2663,2367.867,INTERACTIVE,op1,,1,const,,55
p2663,,,op2,op1,5,linear3,,45
p2663,,,op3,op1,1,const,,55
p2663,,,op4,op1,20,linear7,,30
p2663,,,op5,op1,15,linear3,,37.5
p2663,,,op6,op1,5,linear3,,45
p2664,2367.867,INTERACTIVE,op1,,1,const,,55
p2664,,,op2,op1,15,linear3,,37.5
p2664,,,op3,op2,80,squared,,10
p2664,,,op4,op3,40,linear7,,20
p2664,,,op5,op4,15,linear3,,37.5
p2664,,,op6,op5,40,linear7,,20
p2665,2367.867,INTERACTIVE,op1,,1,const,,55
p2665,,,op2,op1,2,sqrt,,55
p2665,,,op3,op2,15,linear3,,37.5
p2665,,,op4,op3,40,linear7,,20
p2665,,,op5,op4,20,linear7,,30
p2665,,,op6,op5,5,linear3,,45
p2666,2367.867,INTERACTIVE,op1,,1,const,,55
p2666,,,op2,op1,20,linear7,,30
p2667,2367.867,QUERY,op1,,15,linear3,,35
p2668,2367.867,BATCH_PIPELINE,op1,,1,const,,55
p2668,,,op2,op1,2,sqrt,,55
p2668,,,op3,op2,1,const,,55
p2668,,,op4,op3,1,const,,55
p2668,,,op5,op4,1,const,,55
p2668,,,op6,op5,40,linear7,,20
p2669,2367.867,QUERY,op1,,15,linear3,,35
p2670,2367.867,INTERACTIVE,op1,,1,const,,55
p2670,,,op2,op1,15,linear3,,37.5
p2670,,,op3,op1,15,linear3,,37.5
p2670,,,op4,op1,5,linear3,,45
p2670,,,op5,op1,80,squared,,10
p2670,,,op6,op1,80,squared,,10
p2670,,,op7,op1,80,squared,,10
p2671,2372.026,INTERACTIVE,op1,,1,const,,55
p2671,,,op2,op1,1,const,,55
p2671,,,op3,op2,1,const,,55
p2671,,,op4,op3,80,squared,,10
p2671,,,op5,op4,5,linear3,,45
p2671,,,op6,op5,1,const,,55
p2672,2372.026,INTERACTIVE,op1,,1,const,,55
p2672,,,op2,op1,20,linear7,,30
p2672,,,op3,op1,2,sqrt,,55
p2672,,,op4,op1,1,const,,55
p2672,,,op5,op1,80,squared,,10
p2672,,,op6,op1,20,linear7,,30
p2673,2372.026,QUERY,op1,,15,linear3,,35
p2674,2372.026,INTERACTIVE,op1,,1,const,,55
p2674,,,op2,op1,40,linear7,,20
p2674,,,op3,op2,5,linear3,,45
p2674,,,op4,op3,15,linear3,,37.5
p2674,,,op5,op4,20,linear7,,30
p2674,,,op6,op5,5,linear3,,45
p2674,,,op7,op6,15,linear3,,37.5
p2674,,,op8,op7,5,linear3,,45
p2675,2372.026,QUERY,op1,,15,linear3,,35
p2676,2372.026,BATCH_PIPELINE,op1,,1,const,,55
p2676,,,op2,op1,5,linear3,,45
p2676,,,op3,op2,20,linear7,,30
p2676,,,op4,op3,5,linear3,,45
p2676,,,op5,op4,2,sqrt,,55
p2676,,,op6,op5,20,linear7,,30
p2676,,,op7,op6,20,linear7,,30
p2676,,,op8,op7,5,linear3,,45
p2676,,,op9,op8,5,linear3,,45
p2677,2372.026,INTERACTIVE,op1,,1,const,,55
p2677,,,op2,op1,20,linear7,,30
p2677,,,op3,op1,15,linear3,,37.5
p2677,,,op4,op1,2,sqrt,,55
p2677,,,op5,op1,40,linear7,,20
p2678,2372.026,BATCH_PIPELINE,op1,,1,const,,55
p2678,,,op2,op1,15,linear3,,37.5
p2678,,,op3,op2,1,const,,55
p2678,,,op4,op3,5,linear3,,45
p2678,,,op5,op4,15,linear3,,37.5
p2678,,,op6,op5,5,linear3,,45
p2679,2372.026,INTERACTIVE,op1,,1,const,,55
p2679,,,op2,op1,2,sqrt,,55
p2679,,,op3,op2,20,linear7,,30
p2680,2372.026,QUERY,op1,,15,linear3,,35
p2681,2379.129,INTERACTIVE,op1,,1,const,,55
p2681,,,op2,op1,15,linear3,,37.5
p2681,,,op3,op2,15,linear3,,37.5
p2681,,,op4,op3,40,linear7,,20
p2681,,,op5,op4,15,linear3,,37.5
p2682,2379.129,BATCH_PIPELINE,op1,,1,const,,55
p2682,,,op2,op1,15,linear3,,37.5
p2682,,,op3,op1,5,linear3,,45
p2682,,,op4,op1,5,linear3,,45
p2682,,,op5,op1,40,linear7,,20
p2682,,,op6,op1,5,linear3,,45
p2682,,,op7,op1,40,linear7,,20
p2682,,,op8,op1,2,sqrt,,55
p2682,,,op9,op1,80,squared,,10
p2683,2379.129,QUERY,op1,,15,linear3,,35
p2684,2379.129,QUERY,op1,,15,linear3,,35
p2685,2379.129,BATCH_PIPELINE,op1,,1,const,,55
p2685,,,op2,op1,5,linear3,,45
p2685,,,op3,op2,5,linear3,,45
p2685,,,op4,op3,40,linear7,,20
p2685,,,op5,op4,20,linear7,,30
p2685,,,op6,op5,1,const,,55
p2686,2379.129,QUERY,op1,,15,linear3,,35
p2687,2379.129,INTERACTIVE,op1,,1,const,,55
p2687,,,op2,op1,80,squared,,10
p2687,,,op3,op1,40,linear7,,20
p2687,,,op4,op1,5,linear3,,45
p2687,,,op5,op1,5,linear3,,45
p2687,,,op6,op1,15,linear3,,37.5
p2688,2379.129,INTERACTIVE,op1,,1,const,,55
p2688,,,op2,op1,15,linear3,,37.5
p2688,,,op3,op2,20,linear7,,30
p2688,,,op4,op3,40,linear7,,20
p2688,,,op5,op4,15,linear3,,37.5
p2688,,,op6,op5,20,linear7,,30
p2688,,,op7,op6,20,linear7,,30
p2689,2379.129,QUERY,op1,,15,linear3,,35
p2690,2379.129,QUERY,op1,,15,linear3,,35
p2691,2386.605,INTERACTIVE,op1,,1,const,,55
p2691,,,op2,op1,20,linear7,,30
p2691,,,op3,op2,20,linear7,,30
p2691,,,op4,op3,1,const,,55
p2692,2386.605,QUERY,op1,,15,linear3,,35
p2693,2386.605,QUERY,op1,,15,linear3,,35
p2694,2386.605,INTERACTIVE,op1,,1,const,,55
p2694,,,op2,op1,20,linear7,,30
p2694,,,op3,op1,1,const,,55
p2694,,,op4,op1,15,linear3,,37.5
p2695,2386.605,INTERACTIVE,op1,,1,const,,55
p2695,,,op2,op1,80,squared,,10
p2695,,,op3,op2,1,const,,55
p2695,,,op4,op3,40,linear7,,20
p2695,,,op5,op4,1,const,,55
p2696,2386.605,QUERY,op1,,15,linear3,,35
p2697,2386.605,INTERACTIVE,op1,,1,const,,55
p2697,,,op2,op1,80,squared,,10
p2697,,,op3,op2,40,linear7,,20
p2697,,,op4,op3,5,linear3,,45
p2697,,,op5,op4,5,linear3,,45
p2697,,,op6,op5,2,sqrt,,55
p2697,,,op7,op6,40,linear7,,20
p2697,,,op8,op7,5,linear3,,45
p2697,,,op9,op8,2,sqrt,,55
p2698,2386.605,QUERY,op1,,15,linear3,,35
p2699,2386.605,INTERACTIVE,op1,,1,const,,55
p2699,,,op2,op1,5,linear3,,45
p2699,,,op3,op2,5,linear3,,45
p2699,,,op4,op3,80,squared,,10
p2699,,,op5,op4,15,linear3,,37.5
p2700,2386.605,BATCH_PIPELINE,op1,,1,const,,55
p2700,,,op2,op1,2,sqrt,,55
p2700,,,op3,op2,20,linear7,,30
p2700,,,op4,op3,15,linear3,,37.5
p2700,,,op5,op4,1,const,,55
p2700,,,op6,op5,80,squared,,10
p2700,,,op7,op6,80,squared,,10
p2701,2393.804,BATCH_PIPELINE,op1,,1,const,,55
p2701,,,op2,,40,linear7,,20
p2701,,,op3,,5,linear3,,45
p2701,,,op4,,80,squared,,10
p2701,,,op5,,2,sqrt,,55
p2701,,,op6,,5,linear3,,45
p2701,,,op7,,40,linear7,,20
p2701,,,op8,op1;op2;op3;op4;op5;op6;op7,5,linear3,,45
p2702,2393.804,QUERY,op1,,15,linear3,,35
p2703,2393.804,BATCH_PIPELINE,op1,,1,const,,55
p2703,,,op2,op1,1,const,,55
p2703,,,op3,op2,20,linear7,,30
p2703,,,op4,op3,15,linear3,,37.5
p2703,,,op5,op4,40,linear7,,20
p2703,,,op6,op5,5,linear3,,45
p2704,2393.804,BATCH_PIPELINE,op1,,1,const,,55
p2704,,,op2,op1,20,linear7,,30
p2704,,,op3,op1,15,linear3,,37.5
p2705,2393.804,INTERACTIVE,op1,,1,const,,55
p2705,,,op2,op1,80,squared,,10
p2705,,,op3,op2,20,linear7,,30
p2706,2393.804,BATCH_PIPELINE,op1,,1,const,,55
p2706,,,op2,op1,5,linear3,,45
p2706,,,op3,op2,80,squared,,10
p2706,,,op4,op3,5,linear3,,45
p2706,,,op5,op4,1,const,,55
p2707,2393.804,BATCH_PIPELINE,op1,,1,const,,55
p2707,,,op2,,20,linear7,,30
p2707,,,op3,,40,linear7,,20
p2707,,,op4,,15,linear3,,37.5
p2707,,,op5,,2,sqrt,,55
p2707,,,op6,,5,linear3,,45
p2707,,,op7,,1,const,,55
p2707,,,op8,op1;op2;op3;op4;op5;op6;op7,5,linear3,,45
p2708,2393.804,INTERACTIVE,op1,,1,const,,55
p2708,,,op2,op1,40,linear7,,20
p2708,,,op3,op2,1,const,,55
p2708,,,op4,op3,1,const,,55
p2709,2393.804,QUERY,op1,,15,linear3,,35
p2710,2393.804,BATCH_PIPELINE,op1,,1,const,,55
p2710,,,op2,op1,15,linear3,,37.5
p2710,,,op3,op2,5,linear3,,45
p2710,,,op4,op3,1,const,,55
p2710,,,op5,op4,15,linear3,,37.5
p2710,,,op6,op5,5,linear3,,45
p2710,,,op7,op6,5,linear3,,45
p2710,,,op8,op7,80,squared,,10
p2710,,,op9,op8,5,linear3,,45
p2711,2405.799,QUERY,op1,,15,linear3,,35
p2712,2405.799,QUERY,op1,,15,linear3,,35
p2713,2405.799,INTERACTIVE,op1,,1,const,,55
p2713,,,op2,op1,5,linear3,,45
p2713,,,op3,op2,40,linear7,,20
p2713,,,op4,op3,40,linear7,,20
p2713,,,op5,op4,5,linear3,,45
p2713,,,op6,op5,5,linear3,,45
p2713,,,op7,op6,15,linear3,,37.5
p2714,2405.799,INTERACTIVE,op1,,1,const,,55
p2714,,,op2,,15,linear3,,37.5
p2714,,,op3,,20,linear7,,30
p2714,,,op4,,1,const,,55
p2714,,,op5,,5,linear3,,45
p2714,,,op6,,20,linear7,,30
p2714,,,op7,,40,linear7,,20
p2714,,,op8,op1;op2;op3;op4;op5;op6;op7,15,linear3,,37.5
p2715,2405.799,QUERY,op1,,15,linear3,,35
p2716,2405.799,INTERACTIVE,op1,,1,const,,55
p2716,,,op2,,20,linear7,,30
p2716,,,op3,,5,linear3,,45
p2716,,,op4,,80,squared,,10
p2716,,,op5,op1;op2;op3;op4,2,sqrt,,55
p2717,2405.799,INTERACTIVE,op1,,1,const,,55
p2717,,,op2,op1,5,linear3,,45
p2717,,,op3,op2,15,linear3,,37.5
p2717,,,op4,op3,40,linear7,,20
p2717,,,op5,op4,5,linear3,,45
p2717,,,op6,op5,2,sqrt,,55
p2717,,,op7,op6,40,linear7,,20
p2718,2405.799,INTERACTIVE,op1,,1,const,,55
p2718,,,op2,op1,80,squared,,10
p2718,,,op3,op2,40,linear7,,20
p2718,,,op4,op3,5,linear3,,45
p2718,,,op5,op4,20,linear7,,30
p2718,,,op6,op5,5,linear3,,45
p2718,,,op7,op6,5,linear3,,45
p2719,2405.799,INTERACTIVE,op1,,1,const,,55
p2719,,,op2,op1,15,linear3,,37.5
p2719,,,op3,op2,2,sqrt,,55
p2719,,,op4,op3,1,const,,55
p2719,,,op5,op4,80,squared,,10
p2720,2405.799,QUERY,op1,,15,linear3,,35
p2721,2412.945,INTERACTIVE,op1,,1,const,,55
p2721,,,op2,op1,1,const,,55
p2721,,,op3,op1,80,squared,,10
p2721,,,op4,op1,1,const,,55
p2721,,,op5,op1,15,linear3,,37.5
p2721,,,op6,op1,2,sqrt,,55
p2721,,,op7,op1,5,linear3,,45
p2721,,,op8,op1,20,linear7,,30
p2721,,,op9,op1,1,const,,55
p2722,2412.945,INTERACTIVE,op1,,1,const,,55
p2722,,,op2,,1,const,,55
p2722,,,op3,,15,linear3,,37.5
p2722,,,op4,,5,linear3,,45
p2722,,,op5,,5,linear3,,45
p2722,,,op6,,2,sqrt,,55
p2722,,,op7,op1;op2;op3;op4;op5;op6,20,linear7,,30
p2723,2412.945,QUERY,op1,,15,linear3,,35
p2724,2412.945,INTERACTIVE,op1,,1,const,,55
p2724,,,op2,op1,2,sqrt,,55
p2724,,,op3,op1,15,linear3,,37.5
p2724,,,op4,op1,80,squared,,10
p2725,2412.945,BATCH_PIPELINE,op1,,1,const,,55
p2725,,,op2,,5,linear3,,45
p2725,,,op3,,5,linear3,,45
p2725,,,op4,,20,linear7,,30
p2725,,,op5,op1;op2;op3;op4,20,linear7,,30
p2726,2412.945,QUERY,op1,,15,linear3,,35
p2727,2412.945,INTERACTIVE,op1,,1,const,,55
p2727,,,op2,op1,80,squared,,10
p2727,,,op3,op2,40,linear7,,20
p2727,,,op4,op3,15,linear3,,37.5
p2727,,,op5,op4,2,sqrt,,55
p2727,,,op6,op5,40,linear7,,20
p2728,2412.945,QUERY,op1,,15,linear3,,35
p2729,2412.945,INTERACTIVE,op1,,1,const,,55
p2729,,,op2,op1,40,linear7,,20
p2729,,,op3,op2,20,linear7,,30
p2729,,,op4,op3,15,linear3,,37.5
p2729,,,op5,op4,15,linear3,,37.5
p2730,2412.945,INTERACTIVE,op1,,1,const,,55
p2730,,,op2,op1,5,linear3,,45
p2731,2419.936,INTERACTIVE,op1,,1,const,,55
p2731,,,op2,op1,80,squared,,10
p2731,,,op3,op1,5,linear3,,45
p2731,,,op4,op1,15,linear3,,37.5
p2731,,,op5,op1,15,linear3,,37.5
p2731,,,op6,op1,40,linear7,,20
p2731,,,op7,op1,15,linear3,,37.5
p2732,2419.936,INTERACTIVE,op1,,1,const,,55
p2732,,,op2,op1,40,linear7,,20
p2732,,,op3,op2,1,const,,55
p2733,2419.936,QUERY,op1,,15,linear3,,35
p2734,2419.936,INTERACTIVE,op1,,1,const,,55
p2734,,,op2,op1,80,squared,,10
p2734,,,op3,op2,80,squared,,10
p2734,,,op4,op3,15,linear3,,37.5
p2735,2419.936,QUERY,op1,,15,linear3,,35
p2736,2419.936,INTERACTIVE,op1,,1,const,,55
p2736,,,op2,op1,15,linear3,,37.5
p2736,,,op3,op1,80,squared,,10
p2736,,,op4,op1,15,linear3,,37.5
p2736,,,op5,op1,2,sqrt,,55
p2736,,,op6,op1,1,const,,55
p2737,2419.936,INTERACTIVE,op1,,1,const,,55
p2737,,,op2,op1,1,const,,55
p2737,,,op3,op2,20,linear7,,30
p2737,,,op4,op3,2,sqrt,,55
p2738,2419.936,QUERY,op1,,15,linear3,,35
p2739,2419.936,BATCH_PIPELINE,op1,,1,const,,55
p2739,,,op2,,80,squared,,10
p2739,,,op3,,20,linear7,,30
p2739,,,op4,,80,squared,,10
p2739,,,op5,,5,linear3,,45
p2739,,,op6,,15,linear3,,37.5
p2739,,,op7,,40,linear7,,20
p2739,,,op8,,40,linear7,,20
p2739,,,op9,,20,linear7,,30
p2739,,,op10,,5,linear3,,45
p2739,,,op11,op1;op2;op3;op4;op5;op6;op7;op8;op9;op10,5,linear3,,45
p2740,2419.936,INTERACTIVE,op1,,1,const,,55
p2740,,,op2,op1,5,linear3,,45
p2740,,,op3,op2,2,sqrt,,55
p2740,,,op4,op3,40,linear7,,20
p2740,,,op5,op4,2,sqrt,,55
p2740,,,op6,op5,40,linear7,,20
p2740,,,op7,op6,20,linear7,,30
p2740,,,op8,op7,5,linear3,,45
p2741,2432.455,INTERACTIVE,op1,,1,const,,55
p2741,,,op2,op1,1,const,,55
p2741,,,op3,op2,80,squared,,10
p2741,,,op4,op3,40,linear7,,20
p2741,,,op5,op4,5,linear3,,45
p2741,,,op6,op5,2,sqrt,,55
p2741,,,op7,op6,1,const,,55
p2741,,,op8,op7,80,squared,,10
p2742,2432.455,QUERY,op1,,15,linear3,,35
p2743,2432.455,QUERY,op1,,15,linear3,,35
p2744,2432.455,INTERACTIVE,op1,,1,const,,55
p2744,,,op2,op1,40,linear7,,20
p2744,,,op3,op2,20,linear7,,30
p2745,2432.455,QUERY,op1,,15,linear3,,35
p2746,2432.455,QUERY,op1,,15,linear3,,35
p2747,2432.455,INTERACTIVE,op1,,1,const,,55
p2747,,,op2,op1,5,linear3,,45
p2747,,,op3,op2,5,linear3,,45
p2747,,,op4,op3,5,linear3,,45
p2747,,,op5,op4,40,linear7,,20
p2748,2432.455,INTERACTIVE,op1,,1,const,,55
p2748,,,op2,op1,15,linear3,,37.5
p2748,,,op3,op2,80,squared,,10
p2748,,,op4,op3,2,sqrt,,55
p2749,2432.455,INTERACTIVE,op1,,1,const,,55
p2749,,,op2,,5,linear3,,45
p2749,,,op3,,40,linear7,,20
p2749,,,op4,,20,linear7,,30
p2749,,,op5,,40,linear7,,20
p2749,,,op6,op1;op2;op3;op4;op5,20,linear7,,30
p2750,2432.455,BATCH_PIPELINE,op1,,1,const,,55
p2750,,,op2,op1,80,squared,,10
p2750,,,op3,op2,40,linear7,,20
p2750,,,op4,op3,2,sqrt,,55
p2750,,,op5,op4,20,linear7,,30
p2750,,,op6,op5,20,linear7,,30
p2750,,,op7,op6,80,squared,,10
p2750,,,op8,op7,2,sqrt,,55
p2750,,,op9,op8,20,linear7,,30
p2750,,,op10,op9,2,sqrt,,55
p2750,,,op11,op10,20,linear7,,30
p2751,2440.972,QUERY,op1,,15,linear3,,35
p2752,2440.972,QUERY,op1,,15,linear3,,35
p2753,2440.972,QUERY,op1,,15,linear3,,35
p2754,2440.972,INTERACTIVE,op1,,1,const,,55
p2754,,,op2,op1,5,linear3,,45
p2754,,,op3,op2,20,linear7,,30
p2754,,,op4,op3,15,linear3,,37.5
p2754,,,op5,op4,15,linear3,,37.5
p2754,,,op6,op5,80,squared,,10
p2755,2440.972,INTERACTIVE,op1,,1,const,,55
p2755,,,op2,op1,5,linear3,,45
p2755,,,op3,op2,1,const,,55
p2755,,,op4,op3,5,linear3,,45
p2755,,,op5,op4,2,sqrt,,55
p2756,2440.972,INTERACTIVE,op1,,1,const,,55
p2756,,,op2,op1,40,linear7,,20
p2756,,,op3,op2,20,linear7,,30
p2756,,,op4,op3,20,linear7,,30
p2756,,,op5,op4,2,sqrt,,55
p2757,2440.972,BATCH_PIPELINE,op1,,1,const,,55
p2757,,,op2,op1,20,linear7,,30
p2757,,,op3,op2,1,const,,55
p2757,,,op4,op3,40,linear7,,20
p2757,,,op5,op4,80,squared,,10
p2757,,,op6,op5,15,linear3,,37.5
p2757,,,op7,op6,5,linear3,,45
p2757,,,op8,op7,5,linear3,,45
p2757,,,op9,op8,5,linear3,,45
p2757,,,op10,op9,5,linear3,,45
p2758,2440.972,QUERY,op1,,15,linear3,,35
p2759,2440.972,INTERACTIVE,op1,,1,const,,55
p2759,,,op2,op1,2,sqrt,,55
p2759,,,op3,op2,5,linear3,,45
p2759,,,op4,op3,5,linear3,,45
p2759,,,op5,op4,15,linear3,,37.5
p2759,,,op6,op5,80,squared,,10
p2759,,,op7,op6,80,squared,,10
p2760,2440.972,INTERACTIVE,op1,,1,const,,55
p2760,,,op2,,20,linear7,,30
p2760,,,op3,,5,linear3,,45
p2760,,,op4,,80,squared,,10
p2760,,,op5,,1,const,,55
p2760,,,op6,op1;op2;op3;op4;op5,20,linear7,,30
p2761,2448.005,BATCH_PIPELINE,op1,,1,const,,55
p2761,,,op2,op1,15,linear3,,37.5
p2761,,,op3,op2,20,linear7,,30
p2761,,,op4,op3,2,sqrt,,55
p2761,,,op5,op4,15,linear3,,37.5
p2761,,,op6,op5,40,linear7,,20
p2761,,,op7,op6,15,linear3,,37.5
p2761,,,op8,op7,5,linear3,,45
p2761,,,op9,op8,5,linear3,,45
p2762,2448.005,BATCH_PIPELINE,op1,,1,const,,55
p2762,,,op2,,20,linear7,,30
p2762,,,op3,,5,linear3,,45
p2762,,,op4,,1,const,,55
p2762,,,op5,op1;op2;op3;op4,40,linear7,,20
p2763,2448.005,INTERACTIVE,op1,,1,const,,55
p2763,,,op2,op1,15,linear3,,37.5
p2763,,,op3,op2,2,sqrt,,55
p2763,,,op4,op3,40,linear7,,20
p2763,,,op5,op4,15,linear3,,37.5
p2764,2448.005,BATCH_PIPELINE,op1,,1,const,,55
p2764,,,op2,op1,1,const,,55
p2764,,,op3,op1,1,const,,55
p2764,,,op4,op1,80,squared,,10
p2764,,,op5,op1,20,linear7,,30
p2764,,,op6,op1,15,linear3,,37.5
p2765,2448.005,QUERY,op1,,15,linear3,,35
p2766,2448.005,QUERY,op1,,15,linear3,,35
p2767,2448.005,INTERACTIVE,op1,,1,const,,55
p2767,,,op2,op1,20,linear7,,30
p2767,,,op3,op2,80,squared,,10
p2767,,,op4,op3,80,squared,,10
p2768,2448.005,QUERY,op1,,15,linear3,,35
p2769,2448.005,BATCH_PIPELINE,op1,,1,const,,55
p2769,,,op2,op1,15,linear3,,37.5
p2769,,,op3,op2,5,linear3,,45
p2769,,,op4,op3,5,linear3,,45
p2769,,,op5,op4,20,linear7,,30
p2769,,,op6,op5,15,linear3,,37.5
p2769,,,op7,op6,20,linear7,,30
p2769,,,op8,op7,2,sqrt,,55
p2769,,,op9,op8,5,linear3,,45
p2769,,,op10,op9,2,sqrt,,55
p2769,,,op11,op10,5,linear3,,45
p2770,2448.005,QUERY,op1,,15,linear3,,35
p2771,2461.155,QUERY,op1,,15,linear3,,35
p2772,2461.155,QUERY,op1,,15,linear3,,35
p2773,2461.155,BATCH_PIPELINE,op1,,1,const,,55
p2773,,,op2,,5,linear3,,45
p2773,,,op3,,2,sqrt,,55
p2773,,,op4,,80,squared,,10
p2773,,,op5,,15,linear3,,37.5
p2773,,,op6,,1,const,,55
p2773,,,op7,,15,linear3,,37.5
p2773,,,op8,op1;op2;op3;op4;op5;op6;op7,40,linear7,,20
p2774,2461.155,BATCH_PIPELINE,op1,,1,const,,55
p2774,,,op2,op1,2,sqrt,,55
p2774,,,op3,op2,80,squared,,10
p2774,,,op4,op3,15,linear3,,37.5
p2774,,,op5,op4,1,const,,55
p2774,,,op6,op5,15,linear3,,37.5
p2775,2461.155,QUERY,op1,,15,linear3,,35
p2776,2461.155,BATCH_PIPELINE,op1,,1,const,,55
p2776,,,op2,,40,linear7,,20
p2776,,,op3,,15,linear3,,37.5
p2776,,,op4,,20,linear7,,30
p2776,,,op5,op1;op2;op3;op4,15,linear3,,37.5
p2777,2461.155,QUERY,op1,,15,linear3,,35
p2778,2461.155,QUERY,op1,,15,linear3,,35
p2779,2461.155,INTERACTIVE,op1,,1,const,,55
p2779,,,op2,,2,sqrt,,55
p2779,,,op3,,15,linear3,,37.5
p2779,,,op4,,40,linear7,,20
p2779,,,op5,,80,squared,,10
p2779,,,op6,,80,squared,,10
p2779,,,op7,op1;op2;op3;op4;op5;op6,5,linear3,,45
p2780,2461.155,BATCH_PIPELINE,op1,,1,const,,55
p2780,,,op2,op1,20,linear7,,30
p2780,,,op3,op2,1,const,,55
p2780,,,op4,op3,20,linear7,,30
p2780,,,op5,op4,40,linear7,,20
p2780,,,op6,op5,15,linear3,,37.5
p2780,,,op7,op6,5,linear3,,45
p2780,,,op8,op7,1,const,,55
p2781,2471.694,QUERY,op1,,15,linear3,,35
p2782,2471.694,INTERACTIVE,op1,,1,const,,55
p2782,,,op2,op1,5,linear3,,45
p2782,,,op3,op1,15,linear3,,37.5
p2782,,,op4,op1,1,const,,55
p2782,,,op5,op1,80,squared,,10
p2783,2471.694,INTERACTIVE,op1,,1,const,,55
p2783,,,op2,op1,40,linear7,,20
p2783,,,op3,op2,20,linear7,,30
p2783,,,op4,op3,20,linear7,,30
p2784,2471.694,QUERY,op1,,15,linear3,,35
p2785,2471.694,BATCH_PIPELINE,op1,,1,const,,55
p2785,,,op2,,5,linear3,,45
p2785,,,op3,,20,linear7,,30
p2785,,,op4,,40,linear7,,20
p2785,,,op5,,5,linear3,,45
p2785,,,op6,,80,squared,,10
p2785,,,op7,,15,linear3,,37.5
p2785,,,op8,op1;op2;op3;op4;op5;op6;op7,15,linear3,,37.5
p2786,2471.694,BATCH_PIPELINE,op1,,1,const,,55
p2786,,,op2,op1,2,sqrt,,55
p2786,,,op3,op2,80,squared,,10
p2786,,,op4,op3,15,linear3,,37.5
p2786,,,op5,op4,5,linear3,,45
p2786,,,op6,op5,1,const,,55
p2786,,,op7,op6,15,linear3,,37.5
p2786,,,op8,op7,2,sqrt,,55
p2786,,,op9,op8,20,linear7,,30
p2786,,,op10,op9,1,const,,55
p2786,,,op11,op10,80,squared,,10
p2787,2471.694,INTERACTIVE,op1,,1,const,,55
p2787,,,op2,op1,80,squared,,10
p2787,,,op3,op2,1,const,,55
p2787,,,op4,op3,20,linear7,,30
p2787,,,op5,op4,5,linear3,,45
p2787,,,op6,op5,5,linear3,,45
p2787,,,op7,op6,5,linear3,,45
p2787,,,op8,op7,2,sqrt,,55
p2787,,,op9,op8,2,sqrt,,55
p2788,2471.694,INTERACTIVE,op1,,1,const,,55
p2788,,,op2,op1,20,linear7,,30
p2788,,,op3,op2,40,linear7,,20
p2788,,,op4,op3,1,const,,55
p2788,,,op5,op4,5,linear3,,45
p2788,,,op6,op5,40,linear7,,20
p2789,2471.694,QUERY,op1,,15,linear3,,35
p2790,2471.694,QUERY,op1,,15,linear3,,35
p2791,2482.7960000000003,INTERACTIVE,op1,,1,const,,55
p2791,,,op2,,15,linear3,,37.5
p2791,,,op3,,5,linear3,,45
p2791,,,op4,op1;op2;op3,5,linear3,,45
p2792,2482.7960000000003,QUERY,op1,,15,linear3,,35
p2793,2482.7960000000003,QUERY,op1,,15,linear3,,35
p2794,2482.7960000000003,INTERACTIVE,op1,,1,const,,55
p2794,,,op2,op1,20,linear7,,30
p2794,,,op3,op2,40,linear7,,20
p2794,,,op4,op3,20,linear7,,30
p2794,,,op5,op4,5,linear3,,45
p2795,2482.7960000000003,QUERY,op1,,15,linear3,,35
p2796,2482.7960000000003,BATCH_PIPELINE,op1,,1,const,,55
p2796,,,op2,op1,40,linear7,,20
p2796,,,op3,op2,40,linear7,,20
p2796,,,op4,op3,80,squared,,10
p2796,,,op5,op4,2,sqrt,,55
p2796,,,op6,op5,80,squared,,10
p2797,2482.7960000000003,INTERACTIVE,op1,,1,const,,55
p2797,,,op2,op1,80,squared,,10
p2797,,,op3,op2,15,linear3,,37.5
p2797,,,op4,op3,15,linear3,,37.5
p2797,,,op5,op4,5,linear3,,45
p2798,2482.7960000000003,QUERY,op1,,15,linear3,,35
p2799,2482.7960000000003,INTERACTIVE,op1,,1,const,,55
p2799,,,op2,op1,20,linear7,,30
p2799,,,op3,op2,1,const,,55
p2799,,,op4,op3,40,linear7,,20
p2800,2482.7960000000003,INTERACTIVE,op1,,1,const,,55
p2800,,,op2,op1,2,sqrt,,55
p2800,,,op3,op2,40,linear7,,20
p2800,,,op4,op3,15,linear3,,37.5
p2800,,,op5,op4,20,linear7,,30
p2801,2492.926,INTERACTIVE,op1,,1,const,,55
p2801,,,op2,op1,20,linear7,,30
p2801,,,op3,op2,5,linear3,,45
p2802,2492.926,INTERACTIVE,op1,,1,const,,55
p2802,,,op2,op1,5,linear3,,45
p2802,,,op3,op2,1,const,,55
p2802,,,op4,op3,1,const,,55
p2802,,,op5,op4,5,linear3,,45
p2802,,,op6,op5,80,squared,,10
p2802,,,op7,op6,5,linear3,,45
p2803,2492.926,QUERY,op1,,15,linear3,,35
p2804,2492.926,QUERY,op1,,15,linear3,,35
p2805,2492.926,INTERACTIVE,op1,,1,const,,55
p2805,,,op2,op1,40,linear7,,20
p2805,,,op3,op1,15,linear3,,37.5
p2805,,,op4,op1,80,squared,,10
p2805,,,op5,op1,2,sqrt,,55
p2806,2492.926,QUERY,op1,,15,linear3,,35
p2807,2492.926,INTERACTIVE,op1,,1,const,,55
p2807,,,op2,op1,5,linear3,,45
p2807,,,op3,op2,5,linear3,,45
p2807,,,op4,op3,2,sqrt,,55
p2807,,,op5,op4,2,sqrt,,55
p2808,2492.926,INTERACTIVE,op1,,1,const,,55
p2808,,,op2,op1,80,squared,,10
p2808,,,op3,op2,15,linear3,,37.5
p2808,,,op4,op3,15,linear3,,37.5
p2808,,,op5,op4,5,linear3,,45
p2808,,,op6,op5,15,linear3,,37.5
p2809,2492.926,INTERACTIVE,op1,,1,const,,55
p2809,,,op2,op1,40,linear7,,20
p2809,,,op3,op2,20,linear7,,30
p2809,,,op4,op3,40,linear7,,20
p2809,,,op5,op4,15,linear3,,37.5
p2810,2492.926,INTERACTIVE,op1,,1,const,,55
p2810,,,op2,op1,20,linear7,,30
p2810,,,op3,op2,15,linear3,,37.5
p2810,,,op4,op3,15,linear3,,37.5
p2810,,,op5,op4,15,linear3,,37.5
p2811,2501.995,INTERACTIVE,op1,,1,const,,55
p2811,,,op2,op1,40,linear7,,20
p2811,,,op3,op1,80,squared,,10
p2811,,,op4,op1,5,linear3,,45
p2811,,,op5,op1,20,linear7,,30
p2812,2501.995,INTERACTIVE,op1,,1,const,,55
p2812,,,op2,op1,2,sqrt,,55
p2812,,,op3,op2,20,linear7,,30
p2812,,,op4,op3,5,linear3,,45
p2812,,,op5,op4,5,linear3,,45
p2812,,,op6,op5,5,linear3,,45
p2812,,,op7,op6,40,linear7,,20
p2813,2501.995,QUERY,op1,,15,linear3,,35
p2814,2501.995,INTERACTIVE,op1,,1,const,,55
p2814,,,op2,op1,80,squared,,10
p2814,,,op3,op1,40,linear7,,20
p2814,,,op4,op1,40,linear7,,20
p2814,,,op5,op1,1,const,,55
p2815,2501.995,QUERY,op1,,15,linear3,,35
p2816,2501.995,QUERY,op1,,15,linear3,,35
p2817,2501.995,QUERY,op1,,15,linear3,,35
p2818,2501.995,QUERY,op1,,15,linear3,,35
p2819,2501.995,BATCH_PIPELINE,op1,,1,const,,55
p2819,,,op2,op1,5,linear3,,45
p2819,,,op3,op2,5,linear3,,45
p2819,,,op4,op3,1,const,,55
p2819,,,op5,op4,80,squared,,10
p2819,,,op6,op5,15,linear3,,37.5
p2819,,,op7,op6,2,sqrt,,55
p2819,,,op8,op7,2,sqrt,,55
p2819,,,op9,op8,15,linear3,,37.5
p2819,,,op10,op9,40,linear7,,20
p2819,,,op11,op10,1,const,,55
p2819,,,op12,op11,40,linear7,,20
p2819,,,op13,op12,15,linear3,,37.5
p2820,2501.995,QUERY,op1,,15,linear3,,35
p2821,2509.943,BATCH_PIPELINE,op1,,1,const,,55
p2821,,,op2,,40,linear7,,20
p2821,,,op3,,15,linear3,,37.5
p2821,,,op4,,2,sqrt,,55
p2821,,,op5,op1;op2;op3;op4,40,linear7,,20
p2822,2509.943,QUERY,op1,,15,linear3,,35
p2823,2509.943,BATCH_PIPELINE,op1,,1,const,,55
p2823,,,op2,,15,linear3,,37.5
p2823,,,op3,,1,const,,55
p2823,,,op4,,40,linear7,,20
p2823,,,op5,,80,squared,,10
p2823,,,op6,op1;op2;op3;op4;op5,5,linear3,,45
p2824,2509.943,BATCH_PIPELINE,op1,,1,const,,55
p2824,,,op2,op1,80,squared,,10
p2824,,,op3,op2,1,const,,55
p2824,,,op4,op3,5,linear3,,45
p2824,,,op5,op4,20,linear7,,30
p2824,,,op6,op5,5,linear3,,45
p2824,,,op7,op6,80,squared,,10
p2824,,,op8,op7,80,squared,,10
p2824,,,op9,op8,2,sqrt,,55
p2824,,,op10,op9,5,linear3,,45
p2825,2509.943,BATCH_PIPELINE,op1,,1,const,,55
p2825,,,op2,op1,40,linear7,,20
p2825,,,op3,op2,2,sqrt,,55
p2825,,,op4,op3,1,const,,55
p2825,,,op5,op4,1,const,,55
p2825,,,op6,op5,2,sqrt,,55
p2825,,,op7,op6,2,sqrt,,55
p2826,2509.943,INTERACTIVE,op1,,1,const,,55
p2826,,,op2,op1,2,sqrt,,55
p2826,,,op3,op2,2,sqrt,,55
p2826,,,op4,op3,2,sqrt,,55
p2826,,,op5,op4,5,linear3,,45
p2826,,,op6,op5,5,linear3,,45
p2827,2509.943,BATCH_PIPELINE,op1,,1,const,,55
p2827,,,op2,op1,5,linear3,,45
p2827,,,op3,op2,20,linear7,,30
p2827,,,op4,op3,5,linear3,,45
p2827,,,op5,op4,40,linear7,,20
p2827,,,op6,op5,1,const,,55
p2828,2509.943,QUERY,op1,,15,linear3,,35
p2829,2509.943,INTERACTIVE,op1,,1,const,,55
p2829,,,op2,op1,80,squared,,10
p2829,,,op3,op2,2,sqrt,,55
p2829,,,op4,op3,15,linear3,,37.5
p2830,2509.943,INTERACTIVE,op1,,1,const,,55
p2830,,,op2,op1,5,linear3,,45
p2830,,,op3,op1,5,linear3,,45
p2831,2518.435,BATCH_PIPELINE,op1,,1,const,,55
p2831,,,op2,op1,1,const,,55
p2831,,,op3,op2,5,linear3,,45
p2831,,,op4,op3,15,linear3,,37.5
p2831,,,op5,op4,2,sqrt,,55
p2831,,,op6,op5,15,linear3,,37.5
p2832,2518.435,INTERACTIVE,op1,,1,const,,55
p2832,,,op2,op1,15,linear3,,37.5
p2832,,,op3,op2,40,linear7,,20
p2832,,,op4,op3,5,linear3,,45
p2832,,,op5,op4,5,linear3,,45
p2832,,,op6,op5,80,squared,,10
p2832,,,op7,op6,80,squared,,10
p2833,2518.435,INTERACTIVE,op1,,1,const,,55
p2833,,,op2,op1,15,linear3,,37.5
p2833,,,op3,op2,20,linear7,,30
p2833,,,op4,op3,40,linear7,,20
p2833,,,op5,op4,5,linear3,,45
p2834,2518.435,QUERY,op1,,15,linear3,,35
p2835,2518.435,BATCH_PIPELINE,op1,,1,const,,55
p2835,,,op2,op1,2,sqrt,,55
p2835,,,op3,op1,40,linear7,,20
p2835,,,op4,op1,40,linear7,,20
p2835,,,op5,op1,20,linear7,,30
p2836,2518.435,QUERY,op1,,15,linear3,,35
p2837,2518.435,QUERY,op1,,15,linear3,,35
p2838,2518.435,BATCH_PIPELINE,op1,,1,const,,55
p2838,,,op2,op1,20,linear7,,30
p2838,,,op3,op2,20,linear7,,30
p2838,,,op4,op3,1,const,,55
p2838,,,op5,op4,2,sqrt,,55
p2838,,,op6,op5,2,sqrt,,55
p2838,,,op7,op6,40,linear7,,20
p2838,,,op8,op7,80,squared,,10
p2839,2518.435,QUERY,op1,,15,linear3,,35
p2840,2518.435,INTERACTIVE,op1,,1,const,,55
p2840,,,op2,op1,20,linear7,,30
p2840,,,op3,op1,80,squared,,10
p2840,,,op4,op1,20,linear7,,30
p2840,,,op5,op1,1,const,,55
p2840,,,op6,op1,15,linear3,,37.5
p2841,2528.596,QUERY,op1,,15,linear3,,35
p2842,2528.596,QUERY,op1,,15,linear3,,35
p2843,2528.596,QUERY,op1,,15,linear3,,35
p2844,2528.596,QUERY,op1,,15,linear3,,35
p2845,2528.596,INTERACTIVE,op1,,1,const,,55
p2845,,,op2,op1,1,const,,55
p2845,,,op3,op1,5,linear3,,45
p2845,,,op4,op1,1,const,,55
p2845,,,op5,op1,5,linear3,,45
p2846,2528.596,BATCH_PIPELINE,op1,,1,const,,55
p2846,,,op2,,80,squared,,10
p2846,,,op3,,80,squared,,10
p2846,,,op4,,15,linear3,,37.5
p2846,,,op5,op1;op2;op3;op4,20,linear7,,30
p2847,2528.596,BATCH_PIPELINE,op1,,1,const,,55
p2847,,,op2,op1,15,linear3,,37.5
p2847,,,op3,op2,40,linear7,,20
p2847,,,op4,op3,5,linear3,,45
p2848,2528.596,QUERY,op1,,15,linear3,,35
p2849,2528.596,INTERACTIVE,op1,,1,const,,55
p2849,,,op2,op1,2,sqrt,,55
p2849,,,op3,op1,20,linear7,,30
p2849,,,op4,op1,15,linear3,,37.5
p2849,,,op5,op1,5,linear3,,45
p2850,2528.596,INTERACTIVE,op1,,1,const,,55
p2850,,,op2,,2,sqrt,,55
p2850,,,op3,,15,linear3,,37.5
p2850,,,op4,,2,sqrt,,55
p2850,,,op5,,15,linear3,,37.5
p2850,,,op6,,2,sqrt,,55
p2850,,,op7,op1;op2;op3;op4;op5;op6,80,squared,,10
p2851,2539.359,BATCH_PIPELINE,op1,,1,const,,55
p2851,,,op2,op1,5,linear3,,45
p2851,,,op3,op2,80,squared,,10
p2851,,,op4,op3,5,linear3,,45
p2851,,,op5,op4,1,const,,55
p2851,,,op6,op5,40,linear7,,20
p2851,,,op7,op6,15,linear3,,37.5
p2851,,,op8,op7,80,squared,,10
p2851,,,op9,op8,15,linear3,,37.5
p2851,,,op10,op9,15,linear3,,37.5
p2852,2539.359,QUERY,op1,,15,linear3,,35
p2853,2539.359,BATCH_PIPELINE,op1,,1,const,,55
p2853,,,op2,op1,1,const,,55
p2853,,,op3,op2,20,linear7,,30
p2853,,,op4,op3,5,linear3,,45
p2853,,,op5,op4,40,linear7,,20
p2853,,,op6,op5,15,linear3,,37.5
p2854,2539.359,QUERY,op1,,15,linear3,,35
p2855,2539.359,BATCH_PIPELINE,op1,,1,const,,55
p2855,,,op2,op1,40,linear7,,20
p2855,,,op3,op1,15,linear3,,37.5
p2855,,,op4,op1,2,sqrt,,55
p2855,,,op5,op1,1,const,,55
p2855,,,op6,op1,15,linear3,,37.5
p2856,2539.359,INTERACTIVE,op1,,1,const,,55
p2856,,,op2,op1,5,linear3,,45
p2856,,,op3,op2,20,linear7,,30
p2856,,,op4,op3,20,linear7,,30
p2856,,,op5,op4,80,squared,,10
p2857,2539.359,QUERY,op1,,15,linear3,,35
p2858,2539.359,QUERY,op1,,15,linear3,,35
p2859,2539.359,QUERY,op1,,15,linear3,,35
p2860,2539.359,INTERACTIVE,op1,,1,const,,55
p2860,,,op2,op1,40,linear7,,20
p2860,,,op3,op2,80,squared,,10
p2860,,,op4,op3,1,const,,55
p2860,,,op5,op4,80,squared,,10
p2861,2549.114,INTERACTIVE,op1,,1,const,,55
p2861,,,op2,op1,20,linear7,,30
p2861,,,op3,op1,40,linear7,,20
p2861,,,op4,op1,20,linear7,,30
p2861,,,op5,op1,1,const,,55
p2861,,,op6,op1,15,linear3,,37.5
p2861,,,op7,op1,1,const,,55
p2862,2549.114,QUERY,op1,,15,linear3,,35
p2863,2549.114,INTERACTIVE,op1,,1,const,,55
p2863,,,op2,op1,2,sqrt,,55
p2863,,,op3,op2,5,linear3,,45
p2863,,,op4,op3,20,linear7,,30
p2864,2549.114,BATCH_PIPELINE,op1,,1,const,,55
p2864,,,op2,op1,40,linear7,,20
p2864,,,op3,op2,1,const,,55
p2864,,,op4,op3,40,linear7,,20
p2864,,,op5,op4,80,squared,,10
p2864,,,op6,op5,80,squared,,10
p2864,,,op7,op6,5,linear3,,45
p2864,,,op8,op7,2,sqrt,,55
p2864,,,op9,op8,2,sqrt,,55
p2865,2549.114,QUERY,op1,,15,linear3,,35
p2866,2549.114,INTERACTIVE,op1,,1,const,,55
p2866,,,op2,op1,5,linear3,,45
p2866,,,op3,op2,15,linear3,,37.5
p2866,,,op4,op3,15,linear3,,37.5
p2866,,,op5,op4,5,linear3,,45
p2866,,,op6,op5,40,linear7,,20
p2866,,,op7,op6,20,linear7,,30
p2867,2549.114,INTERACTIVE,op1,,1,const,,55
p2867,,,op2,op1,20,linear7,,30
p2867,,,op3,op1,2,sqrt,,55
p2867,,,op4,op1,40,linear7,,20
p2867,,,op5,op1,20,linear7,,30
p2867,,,op6,op1,5,linear3,,45
p2868,2549.114,INTERACTIVE,op1,,1,const,,55
p2868,,,op2,op1,2,sqrt,,55
p2868,,,op3,op2,80,squared,,10
p2868,,,op4,op3,15,linear3,,37.5
p2868,,,op5,op4,5,linear3,,45
p2868,,,op6,op5,5,linear3,,45
p2869,2549.114,BATCH_PIPELINE,op1,,1,const,,55
p2869,,,op2,op1,80,squared,,10
p2869,,,op3,op2,1,const,,55
p2869,,,op4,op3,2,sqrt,,55
p2870,2549.114,INTERACTIVE,op1,,1,const,,55
p2870,,,op2,op1,15,linear3,,37.5
p2870,,,op3,op2,5,linear3,,45
p2870,,,op4,op3,15,linear3,,37.5
p2870,,,op5,op4,1,const,,55
p2871,2555.542,QUERY,op1,,15,linear3,,35
p2872,2555.542,BATCH_PIPELINE,op1,,1,const,,55
p2872,,,op2,op1,1,const,,55
p2872,,,op3,op1,2,sqrt,,55
p2872,,,op4,op1,40,linear7,,20
p2872,,,op5,op1,80,squared,,10
p2872,,,op6,op1,40,linear7,,20
p2872,,,op7,op1,5,linear3,,45
p2872,,,op8,op1,1,const,,55
p2872,,,op9,op1,15,linear3,,37.5
p2872,,,op10,op1,15,linear3,,37.5
p2873,2555.542,BATCH_PIPELINE,op1,,1,const,,55
p2873,,,op2,,15,linear3,,37.5
p2873,,,op3,,15,linear3,,37.5
p2873,,,op4,,20,linear7,,30
p2873,,,op5,,2,sqrt,,55
p2873,,,op6,,2,sqrt,,55
p2873,,,op7,,40,linear7,,20
p2873,,,op8,op1;op2;op3;op4;op5;op6;op7,1,const,,55
p2874,2555.542,QUERY,op1,,15,linear3,,35
p2875,2555.542,INTERACTIVE,op1,,1,const,,55
p2875,,,op2,,15,linear3,,37.5
p2875,,,op3,,1,const,,55
p2875,,,op4,,20,linear7,,30
p2875,,,op5,op1;op2;op3;op4,15,linear3,,37.5
p2876,2555.542,INTERACTIVE,op1,,1,const,,55
p2876,,,op2,op1,5,linear3,,45
p2876,,,op3,op2,80,squared,,10
p2876,,,op4,op3,15,linear3,,37.5
p2876,,,op5,op4,5,linear3,,45
p2877,2555.542,QUERY,op1,,15,linear3,,35
p2878,2555.542,QUERY,op1,,15,linear3,,35
p2879,2555.542,INTERACTIVE,op1,,1,const,,55
p2879,,,op2,op1,1,const,,55
p2879,,,op3,op2,2,sqrt,,55
p2879,,,op4,op3,20,linear7,,30
p2879,,,op5,op4,2,sqrt,,55
p2879,,,op6,op5,20,linear7,,30
p2880,2555.542,QUERY,op1,,15,linear3,,35
p2881,2564.926,QUERY,op1,,15,linear3,,35
p2882,2564.926,INTERACTIVE,op1,,1,const,,55
p2882,,,op2,op1,15,linear3,,37.5
p2882,,,op3,op2,20,linear7,,30
p2882,,,op4,op3,80,squared,,10
p2882,,,op5,op4,15,linear3,,37.5
p2883,2564.926,BATCH_PIPELINE,op1,,1,const,,55
p2883,,,op2,op1,15,linear3,,37.5
p2883,,,op3,op2,5,linear3,,45
p2883,,,op4,op3,20,linear7,,30
p2883,,,op5,op4,5,linear3,,45
p2883,,,op6,op5,1,const,,55
p2883,,,op7,op6,20,linear7,,30
p2883,,,op8,op7,20,linear7,,30
p2883,,,op9,op8,80,squared,,10
p2883,,,op10,op9,2,sqrt,,55
p2884,2564.926,INTERACTIVE,op1,,1,const,,55
p2884,,,op2,op1,15,linear3,,37.5
p2884,,,op3,op2,15,linear3,,37.5
p2884,,,op4,op3,20,linear7,,30
p2884,,,op5,op4,40,linear7,,20
p2884,,,op6,op5,80,squared,,10
p2885,2564.926,INTERACTIVE,op1,,1,const,,55
p2885,,,op2,op1,5,linear3,,45
p2885,,,op3,op2,1,const,,55
p2885,,,op4,op3,15,linear3,,37.5
p2885,,,op5,op4,20,linear7,,30
p2886,2564.926,QUERY,op1,,15,linear3,,35
p2887,2564.926,INTERACTIVE,op1,,1,const,,55
p2887,,,op2,op1,5,linear3,,45
p2887,,,op3,op2,2,sqrt,,55
p2887,,,op4,op3,15,linear3,,37.5
p2887,,,op5,op4,80,squared,,10
p2887,,,op6,op5,2,sqrt,,55
p2888,2564.926,QUERY,op1,,15,linear3,,35
p2889,2564.926,INTERACTIVE,op1,,1,const,,55
p2889,,,op2,op1,20,linear7,,30
p2890,2564.926,INTERACTIVE,op1,,1,const,,55
p2890,,,op2,op1,5,linear3,,45
p2890,,,op3,op2,5,linear3,,45
p2890,,,op4,op3,5,linear3,,45
p2890,,,op5,op4,5,linear3,,45
p2891,2576.606,BATCH_PIPELINE,op1,,1,const,,55
p2891,,,op2,op1,5,linear3,,45
p2891,,,op3,op2,5,linear3,,45
p2891,,,op4,op3,5,linear3,,45
p2892,2576.606,INTERACTIVE,op1,,1,const,,55
p2892,,,op2,op1,2,sqrt,,55
p2892,,,op3,op2,5,linear3,,45
p2892,,,op4,op3,1,const,,55
p2892,,,op5,op4,40,linear7,,20
p2893,2576.606,INTERACTIVE,op1,,1,const,,55
p2893,,,op2,op1,20,linear7,,30
p2893,,,op3,op2,15,linear3,,37.5
p2893,,,op4,op3,20,linear7,,30
p2893,,,op5,op4,2,sqrt,,55
p2893,,,op6,op5,2,sqrt,,55
p2893,,,op7,op6,15,linear3,,37.5
p2894,2576.606,BATCH_PIPELINE,op1,,1,const,,55
p2894,,,op2,op1,2,sqrt,,55
p2894,,,op3,op2,5,linear3,,45
p2894,,,op4,op3,15,linear3,,37.5
p2894,,,op5,op4,15,linear3,,37.5
p2894,,,op6,op5,15,linear3,,37.5
p2894,,,op7,op6,15,linear3,,37.5
p2894,,,op8,op7,1,const,,55
p2894,,,op9,op8,1,const,,55
p2894,,,op10,op9,5,linear3,,45
p2895,2576.606,BATCH_PIPELINE,op1,,1,const,,55
p2895,,,op2,,15,linear3,,37.5
p2895,,,op3,,40,linear7,,20
p2895,,,op4,,40,linear7,,20
p2895,,,op5,,40,linear7,,20
p2895,,,op6,,1,const,,55
p2895,,,op7,op1;op2;op3;op4;op5;op6,15,linear3,,37.5
p2896,2576.606,BATCH_PIPELINE,op1,,1,const,,55
p2896,,,op2,op1,1,const,,55
p2896,,,op3,op2,80,squared,,10
p2896,,,op4,op3,2,sqrt,,55
p2896,,,op5,op4,1,const,,55
p2896,,,op6,op5,5,linear3,,45
p2896,,,op7,op6,1,const,,55
p2896,,,op8,op7,2,sqrt,,55
p2897,2576.606,BATCH_PIPELINE,op1,,1,const,,55
p2897,,,op2,op1,15,linear3,,37.5
p2897,,,op3,op1,2,sqrt,,55
p2897,,,op4,op1,20,linear7,,30
p2897,,,op5,op1,2,sqrt,,55
p2897,,,op6,op1,15,linear3,,37.5
p2897,,,op7,op1,1,const,,55
p2898,2576.606,BATCH_PIPELINE,op1,,1,const,,55
p2898,,,op2,op1,5,linear3,,45
p2898,,,op3,op2,5,linear3,,45
p2898,,,op4,op3,2,sqrt,,55
p2898,,,op5,op4,2,sqrt,,55
p2898,,,op6,op5,80,squared,,10
p2898,,,op7,op6,5,linear3,,45
p2898,,,op8,op7,1,const,,55
p2898,,,op9,op8,1,const,,55
p2899,2576.606,INTERACTIVE,op1,,1,const,,55
p2899,,,op2,,40,linear7,,20
p2899,,,op3,,5,linear3,,45
p2899,,,op4,,20,linear7,,30
p2899,,,op5,op1;op2;op3;op4,5,linear3,,45
p2900,2576.606,INTERACTIVE,op1,,1,const,,55
p2900,,,op2,op1,2,sqrt,,55
p2900,,,op3,op2,40,linear7,,20
p2900,,,op4,op3,40,linear7,,20
p2900,,,op5,op4,15,linear3,,37.5
p2901,2584.545,QUERY,op1,,15,linear3,,35
p2902,2584.545,INTERACTIVE,op1,,1,const,,55
p2902,,,op2,op1,40,linear7,,20
p2902,,,op3,op2,15,linear3,,37.5
p2902,,,op4,op3,15,linear3,,37.5
p2902,,,op5,op4,15,linear3,,37.5
p2903,2584.545,QUERY,op1,,15,linear3,,35
p2904,2584.545,QUERY,op1,,15,linear3,,35
p2905,2584.545,BATCH_PIPELINE,op1,,1,const,,55
p2905,,,op2,,40,linear7,,20
p2905,,,op3,,15,linear3,,37.5
p2905,,,op4,,20,linear7,,30
p2905,,,op5,,40,linear7,,20
p2905,,,op6,,40,linear7,,20
p2905,,,op7,,40,linear7,,20
p2905,,,op8,,20,linear7,,30
p2905,,,op9,,80,squared,,10
p2905,,,op10,op1;op2;op3;op4;op5;op6;op7;op8;op9,5,linear3,,45
p2906,2584.545,QUERY,op1,,15,linear3,,35
p2907,2584.545,QUERY,op1,,15,linear3,,35
p2908,2584.545,INTERACTIVE,op1,,1,const,,55
p2908,,,op2,op1,2,sqrt,,55
p2908,,,op3,op2,15,linear3,,37.5
p2909,2584.545,BATCH_PIPELINE,op1,,1,const,,55
p2909,,,op2,op1,2,sqrt,,55
p2909,,,op3,op2,1,const,,55
p2909,,,op4,op3,15,linear3,,37.5
p2909,,,op5,op4,2,sqrt,,55
p2909,,,op6,op5,5,linear3,,45
p2909,,,op7,op6,15,linear3,,37.5
p2909,,,op8,op7,20,linear7,,30
p2909,,,op9,op8,2,sqrt,,55
p2909,,,op10,op9,2,sqrt,,55
p2910,2584.545,QUERY,op1,,15,linear3,,35
p2911,2594.759,INTERACTIVE,op1,,1,const,,55
p2911,,,op2,op1,40,linear7,,20
p2911,,,op3,op2,80,squared,,10
p2911,,,op4,op3,2,sqrt,,55
p2912,2594.759,BATCH_PIPELINE,op1,,1,const,,55
p2912,,,op2,op1,2,sqrt,,55
p2912,,,op3,op2,15,linear3,,37.5
p2912,,,op4,op3,80,squared,,10
p2912,,,op5,op4,1,const,,55
p2912,,,op6,op5,80,squared,,10
p2912,,,op7,op6,5,linear3,,45
p2912,,,op8,op7,15,linear3,,37.5
p2913,2594.759,INTERACTIVE,op1,,1,const,,55
p2913,,,op2,op1,40,linear7,,20
p2913,,,op3,op2,15,linear3,,37.5
p2913,,,op4,op3,20,linear7,,30
p2913,,,op5,op4,15,linear3,,37.5
p2913,,,op6,op5,40,linear7,,20
p2914,2594.759,QUERY,op1,,15,linear3,,35
p2915,2594.759,INTERACTIVE,op1,,1,const,,55
p2915,,,op2,op1,1,const,,55
p2915,,,op3,op1,5,linear3,,45
p2916,2594.759,INTERACTIVE,op1,,1,const,,55
p2916,,,op2,op1,2,sqrt,,55
p2916,,,op3,op1,20,linear7,,30
p2916,,,op4,op1,80,squared,,10
p2916,,,op5,op1,15,linear3,,37.5
p2916,,,op6,op1,15,linear3,,37.5
p2916,,,op7,op1,80,squared,,10
p2916,,,op8,op1,40,linear7,,20
p2917,2594.759,INTERACTIVE,op1,,1,const,,55
p2917,,,op2,op1,1,const,,55
p2917,,,op3,op2,5,linear3,,45
p2917,,,op4,op3,80,squared,,10
p2917,,,op5,op4,80,squared,,10
p2918,2594.759,QUERY,op1,,15,linear3,,35
p2919,2594.759,BATCH_PIPELINE,op1,,1,const,,55
p2919,,,op2,op1,5,linear3,,45
p2919,,,op3,op2,1,const,,55
p2919,,,op4,op3,5,linear3,,45
p2919,,,op5,op4,80,squared,,10
p2920,2594.759,BATCH_PIPELINE,op1,,1,const,,55
p2920,,,op2,op1,1,const,,55
p2920,,,op3,op2,1,const,,55
p2920,,,op4,op3,1,const,,55
p2920,,,op5,op4,15,linear3,,37.5
p2920,,,op6,op5,15,linear3,,37.5
p2920,,,op7,op6,2,sqrt,,55
p2920,,,op8,op7,15,linear3,,37.5
p2921,2607.065,INTERACTIVE,op1,,1,const,,55
p2921,,,op2,op1,40,linear7,,20
p2921,,,op3,op2,80,squared,,10
p2921,,,op4,op3,1,const,,55
p2921,,,op5,op4,80,squared,,10
p2921,,,op6,op5,5,linear3,,45
p2921,,,op7,op6,5,linear3,,45
p2922,2607.065,INTERACTIVE,op1,,1,const,,55
p2922,,,op2,op1,15,linear3,,37.5
p2922,,,op3,op1,20,linear7,,30
p2922,,,op4,op1,20,linear7,,30
p2922,,,op5,op1,20,linear7,,30
p2922,,,op6,op1,5,linear3,,45
p2923,2607.065,BATCH_PIPELINE,op1,,1,const,,55
p2923,,,op2,op1,20,linear7,,30
p2923,,,op3,op2,40,linear7,,20
p2923,,,op4,op3,20,linear7,,30
p2923,,,op5,op4,80,squared,,10
p2923,,,op6,op5,40,linear7,,20
p2923,,,op7,op6,15,linear3,,37.5
p2923,,,op8,op7,2,sqrt,,55
p2923,,,op9,op8,5,linear3,,45
p2923,,,op10,op9,5,linear3,,45
p2924,2607.065,BATCH_PIPELINE,op1,,1,const,,55
p2924,,,op2,op1,1,const,,55
p2924,,,op3,op2,1,const,,55
p2924,,,op4,op3,5,linear3,,45
p2924,,,op5,op4,2,sqrt,,55
p2924,,,op6,op5,1,const,,55
p2925,2607.065,BATCH_PIPELINE,op1,,1,const,,55
p2925,,,op2,op1,2,sqrt,,55
p2925,,,op3,op2,5,linear3,,45
p2925,,,op4,op3,15,linear3,,37.5
p2925,,,op5,op4,40,linear7,,20
p2925,,,op6,op5,80,squared,,10
p2926,2607.065,INTERACTIVE,op1,,1,const,,55
p2926,,,op2,op1,20,linear7,,30
p2926,,,op3,op2,20,linear7,,30
p2926,,,op4,op3,80,squared,,10
p2926,,,op5,op4,1,const,,55
p2926,,,op6,op5,15,linear3,,37.5
p2927,2607.065,BATCH_PIPELINE,op1,,1,const,,55
p2927,,,op2,,1,const,,55
p2927,,,op3,,20,linear7,,30
p2927,,,op4,,2,sqrt,,55
p2927,,,op5,,1,const,,55
p2927,,,op6,,20,linear7,,30
p2927,,,op7,op1;op2;op3;op4;op5;op6,20,linear7,,30
p2928,2607.065,QUERY,op1,,15,linear3,,35
p2929,2607.065,QUERY,op1,,15,linear3,,35
p2930,2607.065,INTERACTIVE,op1,,1,const,,55
p2930,,,op2,op1,1,const,,55
p2930,,,op3,op2,5,linear3,,45
p2930,,,op4,op3,15,linear3,,37.5
p2930,,,op5,op4,5,linear3,,45
p2930,,,op6,op5,20,linear7,,30
p2930,,,op7,op6,40,linear7,,20
p2931,2616.693,INTERACTIVE,op1,,1,const,,55
p2931,,,op2,op1,2,sqrt,,55
p2931,,,op3,op2,2,sqrt,,55
p2931,,,op4,op3,1,const,,55
p2931,,,op5,op4,15,linear3,,37.5
p2931,,,op6,op5,20,linear7,,30
p2932,2616.693,QUERY,op1,,15,linear3,,35
p2933,2616.693,INTERACTIVE,op1,,1,const,,55
p2933,,,op2,op1,5,linear3,,45
p2933,,,op3,op2,2,sqrt,,55
p2933,,,op4,op3,20,linear7,,30
p2934,2616.693,BATCH_PIPELINE,op1,,1,const,,55
p2934,,,op2,op1,5,linear3,,45
p2934,,,op3,op2,80,squared,,10
p2934,,,op4,op3,1,const,,55
p2934,,,op5,op4,40,linear7,,20
p2934,,,op6,op5,80,squared,,10
p2934,,,op7,op6,20,linear7,,30
p2934,,,op8,op7,5,linear3,,45
p2934,,,op9,op8,80,squared,,10
p2935,2616.693,QUERY,op1,,15,linear3,,35
p2936,2616.693,INTERACTIVE,op1,,1,const,,55
p2936,,,op2,op1,2,sqrt,,55
p2936,,,op3,op2,40,linear7,,20
p2936,,,op4,op3,5,linear3,,45
p2936,,,op5,op4,15,linear3,,37.5
p2937,2616.693,INTERACTIVE,op1,,1,const,,55
p2937,,,op2,op1,2,sqrt,,55
p2937,,,op3,op2,15,linear3,,37.5
p2937,,,op4,op3,40,linear7,,20
p2937,,,op5,op4,20,linear7,,30
p2937,,,op6,op5,20,linear7,,30
p2938,2616.693,QUERY,op1,,15,linear3,,35
p2939,2616.693,QUERY,op1,,15,linear3,,35
p2940,2616.693,INTERACTIVE,op1,,1,const,,55
p2940,,,op2,op1,80,squared,,10
p2940,,,op3,op2,2,sqrt,,55
p2940,,,op4,op3,5,linear3,,45
p2940,,,op5,op4,5,linear3,,45
p2941,2622.393,INTERACTIVE,op1,,1,const,,55
p2941,,,op2,op1,80,squared,,10
p2941,,,op3,op1,5,linear3,,45
p2941,,,op4,op1,80,squared,,10
p2941,,,op5,op1,5,linear3,,45
p2941,,,op6,op1,15,linear3,,37.5
p2941,,,op7,op1,2,sqrt,,55
p2942,2622.393,INTERACTIVE,op1,,1,const,,55
p2942,,,op2,op1,40,linear7,,20
p2942,,,op3,op2,1,const,,55
p2942,,,op4,op3,20,linear7,,30
p2942,,,op5,op4,2,sqrt,,55
p2942,,,op6,op5,1,const,,55
p2942,,,op7,op6,20,linear7,,30
p2942,,,op8,op7,20,linear7,,30
p2943,2622.393,QUERY,op1,,15,linear3,,35
p2944,2622.393,INTERACTIVE,op1,,1,const,,55
p2944,,,op2,op1,2,sqrt,,55
p2944,,,op3,op1,80,squared,,10
p2944,,,op4,op1,80,squared,,10
p2944,,,op5,op1,5,linear3,,45
p2944,,,op6,op1,1,const,,55
p2944,,,op7,op1,1,const,,55
p2945,2622.393,BATCH_PIPELINE,op1,,1,const,,55
p2945,,,op2,op1,2,sqrt,,55
p2945,,,op3,op2,2,sqrt,,55
p2945,,,op4,op3,1,const,,55
p2945,,,op5,op4,20,linear7,,30
p2945,,,op6,op5,15,linear3,,37.5
p2945,,,op7,op6,80,squared,,10
p2945,,,op8,op7,20,linear7,,30
p2945,,,op9,op8,20,linear7,,30
p2945,,,op10,op9,5,linear3,,45
p2945,,,op11,op10,2,sqrt,,55
p2945,,,op12,op11,2,sqrt,,55
p2946,2622.393,INTERACTIVE,op1,,1,const,,55
p2946,,,op2,op1,40,linear7,,20
p2946,,,op3,op2,15,linear3,,37.5
p2946,,,op4,op3,15,linear3,,37.5
p2946,,,op5,op4,2,sqrt,,55
p2946,,,op6,op5,20,linear7,,30
p2946,,,op7,op6,15,linear3,,37.5
p2947,2622.393,INTERACTIVE,op1,,1,const,,55
p2947,,,op2,op1,80,squared,,10
p2947,,,op3,op1,20,linear7,,30
p2947,,,op4,op1,40,linear7,,20
p2948,2622.393,BATCH_PIPELINE,op1,,1,const,,55
p2948,,,op2,,20,linear7,,30
p2948,,,op3,,15,linear3,,37.5
p2948,,,op4,,2,sqrt,,55
p2948,,,op5,,1,const,,55
p2948,,,op6,,40,linear7,,20
p2948,,,op7,,2,sqrt,,55
p2948,,,op8,,20,linear7,,30
p2948,,,op9,,20,linear7,,30
p2948,,,op10,,40,linear7,,20
p2948,,,op11,op1;op2;op3;op4;op5;op6;op7;op8;op9;op10,5,linear3,,45
p2949,2622.393,QUERY,op1,,15,linear3,,35
p2950,2622.393,QUERY,op1,,15,linear3,,35
p2951,2630.736,INTERACTIVE,op1,,1,const,,55
p2951,,,op2,op1,2,sqrt,,55
p2951,,,op3,op2,15,linear3,,37.5
p2951,,,op4,op3,80,squared,,10
p2951,,,op5,op4,1,const,,55
p2951,,,op6,op5,40,linear7,,20
p2951,,,op7,op6,2,sqrt,,55
p2951,,,op8,op7,20,linear7,,30
p2952,2630.736,INTERACTIVE,op1,,1,const,,55
p2952,,,op2,,5,linear3,,45
p2952,,,op3,,5,linear3,,45
p2952,,,op4,,15,linear3,,37.5
p2952,,,op5,,15,linear3,,37.5
p2952,,,op6,,20,linear7,,30
p2952,,,op7,,15,linear3,,37.5
p2952,,,op8,op1;op2;op3;op4;op5;op6;op7,1,const,,55
p2953,2630.736,QUERY,op1,,15,linear3,,35
p2954,2630.736,QUERY,op1,,15,linear3,,35
p2955,2630.736,BATCH_PIPELINE,op1,,1,const,,55
p2955,,,op2,op1,20,linear7,,30
p2955,,,op3,op2,5,linear3,,45
p2955,,,op4,op3,40,linear7,,20
p2955,,,op5,op4,1,const,,55
p2955,,,op6,op5,2,sqrt,,55
p2955,,,op7,op6,40,linear7,,20
p2955,,,op8,op7,80,squared,,10
p2955,,,op9,op8,80,squared,,10
p2956,2630.736,QUERY,op1,,15,linear3,,35
p2957,2630.736,QUERY,op1,,15,linear3,,35
p2958,2630.736,INTERACTIVE,op1,,1,const,,55
p2958,,,op2,op1,40,linear7,,20
p2958,,,op3,op1,20,linear7,,30
p2958,,,op4,op1,20,linear7,,30
p2958,,,op5,op1,2,sqrt,,55
p2958,,,op6,op1,5,linear3,,45
p2958,,,op7,op1,5,linear3,,45
p2959,2630.736,QUERY,op1,,15,linear3,,35
p2960,2630.736,BATCH_PIPELINE,op1,,1,const,,55
p2960,,,op2,,15,linear3,,37.5
p2960,,,op3,,20,linear7,,30
p2960,,,op4,,15,linear3,,37.5
p2960,,,op5,,5,linear3,,45
p2960,,,op6,,2,sqrt,,55
p2960,,,op7,op1;op2;op3;op4;op5;op6,20,linear7,,30
p2961,2639.507,QUERY,op1,,15,linear3,,35
p2962,2639.507,QUERY,op1,,15,linear3,,35
p2963,2639.507,INTERACTIVE,op1,,1,const,,55
p2963,,,op2,op1,15,linear3,,37.5
p2963,,,op3,op1,20,linear7,,30
p2963,,,op4,op1,20,linear7,,30
p2963,,,op5,op1,80,squared,,10
p2964,2639.507,BATCH_PIPELINE,op1,,1,const,,55
p2964,,,op2,op1,20,linear7,,30
p2964,,,op3,op2,5,linear3,,45
p2964,,,op4,op3,20,linear7,,30
p2964,,,op5,op4,2,sqrt,,55
p2964,,,op6,op5,1,const,,55
p2964,,,op7,op6,80,squared,,10
p2964,,,op8,op7,1,const,,55
p2964,,,op9,op8,20,linear7,,30
p2964,,,op10,op9,2,sqrt,,55
p2964,,,op11,op10,40,linear7,,20
p2965,2639.507,QUERY,op1,,15,linear3,,35
p2966,2639.507,QUERY,op1,,15,linear3,,35
p2967,2639.507,QUERY,op1,,15,linear3,,35
p2968,2639.507,QUERY,op1,,15,linear3,,35
p2969,2639.507,INTERACTIVE,op1,,1,const,,55
p2969,,,op2,,15,linear3,,37.5
p2969,,,op3,,15,linear3,,37.5
p2969,,,op4,,15,linear3,,37.5
p2969,,,op5,,1,const,,55
p2969,,,op6,,20,linear7,,30
p2969,,,op7,op1;op2;op3;op4;op5;op6,1,const,,55
p2970,2639.507,INTERACTIVE,op1,,1,const,,55
p2970,,,op2,op1,2,sqrt,,55
p2970,,,op3,op2,1,const,,55
p2970,,,op4,op3,2,sqrt,,55
p2970,,,op5,op4,15,linear3,,37.5
p2971,2647.081,INTERACTIVE,op1,,1,const,,55
p2971,,,op2,op1,40,linear7,,20
p2971,,,op3,op2,40,linear7,,20
p2971,,,op4,op3,2,sqrt,,55
p2971,,,op5,op4,20,linear7,,30
p2971,,,op6,op5,40,linear7,,20
p2971,,,op7,op6,5,linear3,,45
p2971,,,op8,op7,5,linear3,,45
p2972,2647.081,BATCH_PIPELINE,op1,,1,const,,55
p2972,,,op2,op1,2,sqrt,,55
p2972,,,op3,op2,20,linear7,,30
p2972,,,op4,op3,15,linear3,,37.5
p2972,,,op5,op4,40,linear7,,20
p2973,2647.081,INTERACTIVE,op1,,1,const,,55
p2973,,,op2,op1,5,linear3,,45
p2973,,,op3,op2,5,linear3,,45
p2973,,,op4,op3,1,const,,55
p2974,2647.081,INTERACTIVE,op1,,1,const,,55
p2974,,,op2,op1,40,linear7,,20
p2974,,,op3,op2,15,linear3,,37.5
p2974,,,op4,op3,1,const,,55
p2974,,,op5,op4,2,sqrt,,55
p2974,,,op6,op5,2,sqrt,,55
p2974,,,op7,op6,5,linear3,,45
p2974,,,op8,op7,20,linear7,,30
p2975,2647.081,INTERACTIVE,op1,,1,const,,55
p2975,,,op2,op1,2,sqrt,,55
p2975,,,op3,op2,2,sqrt,,55
p2976,2647.081,INTERACTIVE,op1,,1,const,,55
p2976,,,op2,,15,linear3,,37.5
p2976,,,op3,,2,sqrt,,55
p2976,,,op4,,15,linear3,,37.5
p2976,,,op5,,80,squared,,10
p2976,,,op6,op1;op2;op3;op4;op5,20,linear7,,30
p2977,2647.081,INTERACTIVE,op1,,1,const,,55
p2977,,,op2,op1,20,linear7,,30
p2977,,,op3,op2,20,linear7,,30
p2977,,,op4,op3,15,linear3,,37.5
p2977,,,op5,op4,20,linear7,,30
p2978,2647.081,BATCH_PIPELINE,op1,,1,const,,55
p2978,,,op2,op1,20,linear7,,30
p2978,,,op3,op2,15,linear3,,37.5
p2978,,,op4,op3,80,squared,,10
p2978,,,op5,op4,20,linear7,,30
p2978,,,op6,op5,5,linear3,,45
p2979,2647.081,BATCH_PIPELINE,op1,,1,const,,55
p2979,,,op2,op1,80,squared,,10
p2979,,,op3,op2,80,squared,,10
p2979,,,op4,op3,1,const,,55
p2979,,,op5,op4,1,const,,55
p2979,,,op6,op5,1,const,,55
p2979,,,op7,op6,40,linear7,,20
p2979,,,op8,op7,20,linear7,,30
p2979,,,op9,op8,15,linear3,,37.5
p2979,,,op10,op9,1,const,,55
p2980,2647.081,QUERY,op1,,15,linear3,,35
p2981,2656.497,QUERY,op1,,15,linear3,,35
p2982,2656.497,INTERACTIVE,op1,,1,const,,55
p2982,,,op2,op1,40,linear7,,20
p2982,,,op3,op2,20,linear7,,30
p2982,,,op4,op3,2,sqrt,,55
p2982,,,op5,op4,80,squared,,10
p2982,,,op6,op5,80,squared,,10
p2983,2656.497,QUERY,op1,,15,linear3,,35
p2984,2656.497,QUERY,op1,,15,linear3,,35
p2985,2656.497,INTERACTIVE,op1,,1,const,,55
p2985,,,op2,,5,linear3,,45
p2985,,,op3,op1;op2,40,linear7,,20
p2986,2656.497,BATCH_PIPELINE,op1,,1,const,,55
p2986,,,op2,op1,40,linear7,,20
p2986,,,op3,op2,5,linear3,,45
p2986,,,op4,op3,2,sqrt,,55
p2986,,,op5,op4,2,sqrt,,55
p2987,2656.497,BATCH_PIPELINE,op1,,1,const,,55
p2987,,,op2,op1,80,squared,,10
p2987,,,op3,op1,15,linear3,,37.5
p2987,,,op4,op1,20,linear7,,30
p2987,,,op5,op1,5,linear3,,45
p2987,,,op6,op1,15,linear3,,37.5
p2987,,,op7,op1,15,linear3,,37.5
p2987,,,op8,op1,2,sqrt,,55
p2987,,,op9,op1,2,sqrt,,55
p2987,,,op10,op1,40,linear7,,20
p2987,,,op11,op1,1,const,,55
p2988,2656.497,BATCH_PIPELINE,op1,,1,const,,55
p2988,,,op2,op1,80,squared,,10
p2988,,,op3,op2,2,sqrt,,55
p2988,,,op4,op3,1,const,,55
p2988,,,op5,op4,5,linear3,,45
p2988,,,op6,op5,2,sqrt,,55
p2988,,,op7,op6,15,linear3,,37.5
p2989,2656.497,QUERY,op1,,15,linear3,,35
p2990,2656.497,QUERY,op1,,15,linear3,,35
p2991,2666.025,INTERACTIVE,op1,,1,const,,55
p2991,,,op2,op1,15,linear3,,37.5
p2991,,,op3,op2,5,linear3,,45
p2991,,,op4,op3,80,squared,,10
p2992,2666.025,INTERACTIVE,op1,,1,const,,55
p2992,,,op2,,80,squared,,10
p2992,,,op3,,20,linear7,,30
p2992,,,op4,,15,linear3,,37.5
p2992,,,op5,,15,linear3,,37.5
p2992,,,op6,,15,linear3,,37.5
p2992,,,op7,op1;op2;op3;op4;op5;op6,1,const,,55
p2993,2666.025,BATCH_PIPELINE,op1,,1,const,,55
p2993,,,op2,,5,linear3,,45
p2993,,,op3,,20,linear7,,30
p2993,,,op4,,1,const,,55
p2993,,,op5,,1,const,,55
p2993,,,op6,,1,const,,55
p2993,,,op7,,5,linear3,,45
p2993,,,op8,op1;op2;op3;op4;op5;op6;op7,2,sqrt,,55
p2994,2666.025,QUERY,op1,,15,linear3,,35
p2995,2666.025,BATCH_PIPELINE,op1,,1,const,,55
p2995,,,op2,op1,80,squared,,10
p2995,,,op3,op2,15,linear3,,37.5
p2995,,,op4,op3,2,sqrt,,55
p2995,,,op5,op4,2,sqrt,,55
p2995,,,op6,op5,5,linear3,,45
p2995,,,op7,op6,5,linear3,,45
p2996,2666.025,QUERY,op1,,15,linear3,,35
p2997,2666.025,QUERY,op1,,15,linear3,,35
p2998,2666.025,INTERACTIVE,op1,,1,const,,55
p2998,,,op2,,40,linear7,,20
p2998,,,op3,,40,linear7,,20
p2998,,,op4,,80,squared,,10
p2998,,,op5,op1;op2;op3;op4,15,linear3,,37.5
p2999,2666.025,INTERACTIVE,op1,,1,const,,55
p2999,,,op2,op1,40,linear7,,20
p3000,2666.025,QUERY,op1,,15,linear3,,35
p3001,2674.831,INTERACTIVE,op1,,1,const,,55
p3001,,,op2,op1,5,linear3,,45
p3001,,,op3,op2,2,sqrt,,55
p3001,,,op4,op3,20,linear7,,30
p3001,,,op5,op4,20,linear7,,30
p3002,2674.831,INTERACTIVE,op1,,1,const,,55
p3002,,,op2,op1,1,const,,55
p3002,,,op3,op1,20,linear7,,30
p3002,,,op4,op1,15,linear3,,37.5
p3002,,,op5,op1,2,sqrt,,55
p3003,2674.831,INTERACTIVE,op1,,1,const,,55
p3003,,,op2,op1,2,sqrt,,55
p3003,,,op3,op2,20,linear7,,30
p3003,,,op4,op3,2,sqrt,,55
p3003,,,op5,op4,5,linear3,,45
p3004,2674.831,QUERY,op1,,15,linear3,,35
p3005,2674.831,INTERACTIVE,op1,,1,const,,55
p3005,,,op2,op1,5,linear3,,45
p3005,,,op3,op2,40,linear7,,20
p3005,,,op4,op3,5,linear3,,45
p3005,,,op5,op4,15,linear3,,37.5
p3006,2674.831,INTERACTIVE,op1,,1,const,,55
p3006,,,op2,,20,linear7,,30
p3006,,,op3,,20,linear7,,30
p3006,,,op4,,5,linear3,,45
p3006,,,op5,,2,sqrt,,55
p3006,,,op6,op1;op2;op3;op4;op5,1,const,,55
p3007,2674.831,QUERY,op1,,15,linear3,,35
p3008,2674.831,BATCH_PIPELINE,op1,,1,const,,55
p3008,,,op2,op1,2,sqrt,,55
p3008,,,op3,op2,40,linear7,,20
p3009,2674.831,QUERY,op1,,15,linear3,,35
p3010,2674.831,INTERACTIVE,op1,,1,const,,55
p3010,,,op2,,5,linear3,,45
p3010,,,op3,,1,const,,55
p3010,,,op4,,1,const,,55
p3010,,,op5,,80,squared,,10
p3010,,,op6,,5,linear3,,45
p3010,,,op7,,15,linear3,,37.5
p3010,,,op8,op1;op2;op3;op4;op5;op6;op7,20,linear7,,30
p3011,2680.9,BATCH_PIPELINE,op1,,1,const,,55
p3011,,,op2,,5,linear3,,45
p3011,,,op3,,1,const,,55
p3011,,,op4,,5,linear3,,45
p3011,,,op5,,20,linear7,,30
p3011,,,op6,,15,linear3,,37.5
p3011,,,op7,op1;op2;op3;op4;op5;op6,15,linear3,,37.5
p3012,2680.9,INTERACTIVE,op1,,1,const,,55
p3012,,,op2,,5,linear3,,45
p3012,,,op3,,40,linear7,,20
p3012,,,op4,,20,linear7,,30
p3012,,,op5,op1;op2;op3;op4,5,linear3,,45
p3013,2680.9,INTERACTIVE,op1,,1,const,,55
p3013,,,op2,op1,15,linear3,,37.5
p3013,,,op3,op2,80,squared,,10
p3013,,,op4,op3,40,linear7,,20
p3013,,,op5,op4,80,squared,,10
p3013,,,op6,op5,5,linear3,,45
p3013,,,op7,op6,40,linear7,,20
p3014,2680.9,QUERY,op1,,15,linear3,,35
p3015,2680.9,QUERY,op1,,15,linear3,,35
p3016,2680.9,QUERY,op1,,15,linear3,,35
p3017,2680.9,QUERY,op1,,15,linear3,,35
p3018,2680.9,QUERY,op1,,15,linear3,,35
p3019,2680.9,INTERACTIVE,op1,,1,const,,55
p3019,,,op2,,5,linear3,,45
p3019,,,op3,,40,linear7,,20
p3019,,,op4,op1;op2;op3,1,const,,55
p3020,2680.9,INTERACTIVE,op1,,1,const,,55
p3020,,,op2,op1,15,linear3,,37.5
p3020,,,op3,op2,5,linear3,,45
p3020,,,op4,op3,5,linear3,,45
p3020,,,op5,op4,2,sqrt,,55
p3021,2691.786,QUERY,op1,,15,linear3,,35
p3022,2691.786,INTERACTIVE,op1,,1,const,,55
p3022,,,op2,op1,15,linear3,,37.5
p3022,,,op3,op2,15,linear3,,37.5
p3022,,,op4,op3,20,linear7,,30
p3022,,,op5,op4,1,const,,55
p3022,,,op6,op5,2,sqrt,,55
p3023,2691.786,INTERACTIVE,op1,,1,const,,55
p3023,,,op2,,40,linear7,,20
p3023,,,op3,,20,linear7,,30
p3023,,,op4,op1;op2;op3,15,linear3,,37.5
p3024,2691.786,QUERY,op1,,15,linear3,,35
p3025,2691.786,QUERY,op1,,15,linear3,,35
p3026,2691.786,BATCH_PIPELINE,op1,,1,const,,55
p3026,,,op2,op1,2,sqrt,,55
p3026,,,op3,op2,15,linear3,,37.5
p3026,,,op4,op3,40,linear7,,20
p3026,,,op5,op4,40,linear7,,20
p3026,,,op6,op5,40,linear7,,20
p3026,,,op7,op6,15,linear3,,37.5
p3027,2691.786,QUERY,op1,,15,linear3,,35
p3028,2691.786,INTERACTIVE,op1,,1,const,,55
p3028,,,op2,op1,15,linear3,,37.5
p3028,,,op3,op1,15,linear3,,37.5
p3029,2691.786,BATCH_PIPELINE,op1,,1,const,,55
p3029,,,op2,,20,linear7,,30
p3029,,,op3,,5,linear3,,45
p3029,,,op4,,20,linear7,,30
p3029,,,op5,,20,linear7,,30
p3029,,,op6,,40,linear7,,20
p3029,,,op7,,5,linear3,,45
p3029,,,op8,,40,linear7,,20
p3029,,,op9,,1,const,,55
p3029,,,op10,op1;op2;op3;op4;op5;op6;op7;op8;op9,40,linear7,,20
p3030,2691.786,INTERACTIVE,op1,,1,const,,55
p3030,,,op2,op1,5,linear3,,45
p3030,,,op3,op2,80,squared,,10
p3030,,,op4,op3,5,linear3,,45
p3030,,,op5,op4,40,linear7,,20
p3031,2700.864,INTERACTIVE,op1,,1,const,,55
p3031,,,op2,op1,15,linear3,,37.5
p3031,,,op3,op1,80,squared,,10
p3031,,,op4,op1,20,linear7,,30
p3031,,,op5,op1,15,linear3,,37.5
p3031,,,op6,op1,80,squared,,10
p3032,2700.864,INTERACTIVE,op1,,1,const,,55
p3032,,,op2,op1,40,linear7,,20
p3032,,,op3,op2,40,linear7,,20
p3032,,,op4,op3,1,const,,55
p3032,,,op5,op4,20,linear7,,30
p3032,,,op6,op5,15,linear3,,37.5
p3032,,,op7,op6,5,linear3,,45
p3033,2700.864,INTERACTIVE,op1,,1,const,,55
p3033,,,op2,op1,80,squared,,10
p3033,,,op3,op2,20,linear7,,30
p3034,2700.864,INTERACTIVE,op1,,1,const,,55
p3034,,,op2,op1,15,linear3,,37.5
p3034,,,op3,op1,80,squared,,10
p3034,,,op4,op1,40,linear7,,20
p3034,,,op5,op1,1,const,,55
p3035,2700.864,INTERACTIVE,op1,,1,const,,55
p3035,,,op2,op1,1,const,,55
p3035,,,op3,op2,2,sqrt,,55
p3035,,,op4,op3,5,linear3,,45
p3035,,,op5,op4,20,linear7,,30
p3036,2700.864,BATCH_PIPELINE,op1,,1,const,,55
p3036,,,op2,op1,5,linear3,,45
p3036,,,op3,op2,20,linear7,,30
p3036,,,op4,op3,5,linear3,,45
p3036,,,op5,op4,5,linear3,,45
p3036,,,op6,op5,80,squared,,10
p3036,,,op7,op6,1,const,,55
p3036,,,op8,op7,1,const,,55
p3036,,,op9,op8,15,linear3,,37.5
p3037,2700.864,BATCH_PIPELINE,op1,,1,const,,55
p3037,,,op2,op1,2,sqrt,,55
p3037,,,op3,op2,20,linear7,,30
p3037,,,op4,op3,40,linear7,,20
p3037,,,op5,op4,80,squared,,10
p3038,2700.864,INTERACTIVE,op1,,1,const,,55
p3038,,,op2,op1,1,const,,55
p3038,,,op3,op1,1,const,,55
p3038,,,op4,op1,80,squared,,10
p3038,,,op5,op1,20,linear7,,30
p3038,,,op6,op1,15,linear3,,37.5
p3039,2700.864,QUERY,op1,,15,linear3,,35
p3040,2700.864,INTERACTIVE,op1,,1,const,,55
p3040,,,op2,op1,15,linear3,,37.5
p3040,,,op3,op2,2,sqrt,,55
p3040,,,op4,op3,20,linear7,,30
p3041,2708.906,INTERACTIVE,op1,,1,const,,55
p3041,,,op2,op1,20,linear7,,30
p3041,,,op3,op2,2,sqrt,,55
p3041,,,op4,op3,20,linear7,,30
p3041,,,op5,op4,20,linear7,,30
p3042,2708.906,BATCH_PIPELINE,op1,,1,const,,55
p3042,,,op2,op1,20,linear7,,30
p3042,,,op3,op2,1,const,,55
p3042,,,op4,op3,5,linear3,,45
p3042,,,op5,op4,5,linear3,,45
p3042,,,op6,op5,80,squared,,10
p3042,,,op7,op6,5,linear3,,45
p3042,,,op8,op7,20,linear7,,30
p3042,,,op9,op8,1,const,,55
p3042,,,op10,op9,5,linear3,,45
p3043,2708.906,INTERACTIVE,op1,,1,const,,55
p3043,,,op2,,15,linear3,,37.5
p3043,,,op3,,15,linear3,,37.5
p3043,,,op4,,1,const,,55
p3043,,,op5,,5,linear3,,45
p3043,,,op6,,20,linear7,,30
p3043,,,op7,,15,linear3,,37.5
p3043,,,op8,,1,const,,55
p3043,,,op9,op1;op2;op3;op4;op5;op6;op7;op8,5,linear3,,45
p3044,2708.906,QUERY,op1,,15,linear3,,35
p3045,2708.906,BATCH_PIPELINE,op1,,1,const,,55
p3045,,,op2,op1,40,linear7,,20
p3045,,,op3,op2,15,linear3,,37.5
p3045,,,op4,op3,80,squared,,10
p3045,,,op5,op4,15,linear3,,37.5
p3045,,,op6,op5,1,const,,55
p3045,,,op7,op6,20,linear7,,30
p3045,,,op8,op7,5,linear3,,45
p3045,,,op9,op8,5,linear3,,45
p3045,,,op10,op9,1,const,,55
p3046,2708.906,QUERY,op1,,15,linear3,,35
p3047,2708.906,QUERY,op1,,15,linear3,,35
p3048,2708.906,QUERY,op1,,15,linear3,,35
p3049,2708.906,INTERACTIVE,op1,,1,const,,55
p3049,,,op2,,15,linear3,,37.5
p3049,,,op3,,15,linear3,,37.5
p3049,,,op4,op1;op2;op3,2,sqrt,,55
p3050,2708.906,INTERACTIVE,op1,,1,const,,55
p3050,,,op2,op1,5,linear3,,45
p3050,,,op3,op2,5,linear3,,45
p3050,,,op4,op3,15,linear3,,37.5
p3050,,,op5,op4,80,squared,,10
p3050,,,op6,op5,15,linear3,,37.5
p3051,2716.353,QUERY,op1,,15,linear3,,35
p3052,2716.353,QUERY,op1,,15,linear3,,35
p3053,2716.353,QUERY,op1,,15,linear3,,35
p3054,2716.353,QUERY,op1,,15,linear3,,35
p3055,2716.353,QUERY,op1,,15,linear3,,35
p3056,2716.353,QUERY,op1,,15,linear3,,35
p3057,2716.353,INTERACTIVE,op1,,1,const,,55
p3057,,,op2,op1,40,linear7,,20
p3057,,,op3,op1,20,linear7,,30
p3057,,,op4,op1,20,linear7,,30
p3057,,,op5,op1,40,linear7,,20
p3057,,,op6,op1,2,sqrt,,55
p3058,2716.353,INTERACTIVE,op1,,1,const,,55
p3058,,,op2,op1,2,sqrt,,55
p3058,,,op3,op2,2,sqrt,,55
p3058,,,op4,op3,40,linear7,,20
p3058,,,op5,op4,80,squared,,10
p3059,2716.353,BATCH_PIPELINE,op1,,1,const,,55
p3059,,,op2,,40,linear7,,20
p3059,,,op3,,80,squared,,10
p3059,,,op4,,80,squared,,10
p3059,,,op5,,5,linear3,,45
p3059,,,op6,,20,linear7,,30
p3059,,,op7,,20,linear7,,30
p3059,,,op8,op1;op2;op3;op4;op5;op6;op7,15,linear3,,37.5
p3060,2716.353,INTERACTIVE,op1,,1,const,,55
p3060,,,op2,op1,80,squared,,10
p3060,,,op3,op1,15,linear3,,37.5
p3060,,,op4,op1,20,linear7,,30
p3061,2728.047,INTERACTIVE,op1,,1,const,,55
p3061,,,op2,op1,20,linear7,,30
p3061,,,op3,op2,2,sqrt,,55
p3061,,,op4,op3,15,linear3,,37.5
p3061,,,op5,op4,40,linear7,,20
p3062,2728.047,QUERY,op1,,15,linear3,,35
p3063,2728.047,INTERACTIVE,op1,,1,const,,55
p3063,,,op2,,15,linear3,,37.5
p3063,,,op3,,15,linear3,,37.5
p3063,,,op4,,15,linear3,,37.5
p3063,,,op5,op1;op2;op3;op4,5,linear3,,45
p3064,2728.047,INTERACTIVE,op1,,1,const,,55
p3064,,,op2,op1,20,linear7,,30
p3064,,,op3,op2,5,linear3,,45
p3065,2728.047,BATCH_PIPELINE,op1,,1,const,,55
p3065,,,op2,op1,2,sqrt,,55
p3065,,,op3,op2,5,linear3,,45
p3065,,,op4,op3,20,linear7,,30
p3065,,,op5,op4,20,linear7,,30
p3065,,,op6,op5,5,linear3,,45
p3065,,,op7,op6,1,const,,55
p3065,,,op8,op7,2,sqrt,,55
p3066,2728.047,QUERY,op1,,15,linear3,,35
p3067,2728.047,QUERY,op1,,15,linear3,,35
p3068,2728.047,INTERACTIVE,op1,,1,const,,55
p3068,,,op2,op1,40,linear7,,20
p3068,,,op3,op2,1,const,,55
p3068,,,op4,op3,5,linear3,,45
p3068,,,op5,op4,1,const,,55
p3068,,,op6,op5,5,linear3,,45
p3068,,,op7,op6,2,sqrt,,55
p3069,2728.047,INTERACTIVE,op1,,1,const,,55
p3069,,,op2,op1,5,linear3,,45
p3069,,,op3,op2,2,sqrt,,55
p3069,,,op4,op3,2,sqrt,,55
p3069,,,op5,op4,20,linear7,,30
p3069,,,op6,op5,80,squared,,10
p3070,2728.047,QUERY,op1,,15,linear3,,35
p3071,2736.204,QUERY,op1,,15,linear3,,35
p3072,2736.204,INTERACTIVE,op1,,1,const,,55
p3072,,,op2,op1,20,linear7,,30
p3072,,,op3,op2,15,linear3,,37.5
p3072,,,op4,op3,20,linear7,,30
p3072,,,op5,op4,20,linear7,,30
p3072,,,op6,op5,5,linear3,,45
p3072,,,op7,op6,2,sqrt,,55
p3072,,,op8,op7,40,linear7,,20
p3072,,,op9,op8,15,linear3,,37.5
p3073,2736.204,BATCH_PIPELINE,op1,,1,const,,55
p3073,,,op2,op1,15,linear3,,37.5
p3073,,,op3,op2,80,squared,,10
p3073,,,op4,op3,15,linear3,,37.5
p3073,,,op5,op4,2,sqrt,,55
p3073,,,op6,op5,5,linear3,,45
p3073,,,op7,op6,80,squared,,10
p3073,,,op8,op7,1,const,,55
p3073,,,op9,op8,2,sqrt,,55
p3073,,,op10,op9,40,linear7,,20
p3073,,,op11,op10,5,linear3,,45
p3074,2736.204,BATCH_PIPELINE,op1,,1,const,,55
p3074,,,op2,op1,1,const,,55
p3074,,,op3,op2,1,const,,55
p3074,,,op4,op3,20,linear7,,30
p3074,,,op5,op4,15,linear3,,37.5
p3074,,,op6,op5,2,sqrt,,55
p3074,,,op7,op6,1,const,,55
p3074,,,op8,op7,5,linear3,,45
p3074,,,op9,op8,40,linear7,,20
p3074,,,op10,op9,2,sqrt,,55
p3075,2736.204,INTERACTIVE,op1,,1,const,,55
p3075,,,op2,op1,20,linear7,,30
p3075,,,op3,op2,80,squared,,10
p3075,,,op4,op3,20,linear7,,30
p3076,2736.204,INTERACTIVE,op1,,1,const,,55
p3076,,,op2,op1,5,linear3,,45
p3076,,,op3,op2,80,squared,,10
p3076,,,op4,op3,15,linear3,,37.5
p3076,,,op5,op4,20,linear7,,30
p3076,,,op6,op5,20,linear7,,30
p3076,,,op7,op6,20,linear7,,30
p3077,2736.204,BATCH_PIPELINE,op1,,1,const,,55
p3077,,,op2,op1,15,linear3,,37.5
p3077,,,op3,op1,40,linear7,,20
p3077,,,op4,op1,5,linear3,,45
p3077,,,op5,op1,5,linear3,,45
p3077,,,op6,op1,20,linear7,,30
p3078,2736.204,INTERACTIVE,op1,,1,const,,55
p3078,,,op2,op1,40,linear7,,20
p3078,,,op3,op2,15,linear3,,37.5
p3078,,,op4,op3,5,linear3,,45
p3079,2736.204,INTERACTIVE,op1,,1,const,,55
p3079,,,op2,op1,20,linear7,,30
p3079,,,op3,op2,20,linear7,,30
p3079,,,op4,op3,1,const,,55
p3079,,,op5,op4,15,linear3,,37.5
p3079,,,op6,op5,20,linear7,,30
p3080,2736.204,INTERACTIVE,op1,,1,const,,55
p3080,,,op2,op1,2,sqrt,,55
p3080,,,op3,op2,1,const,,55
p3080,,,op4,op3,40,linear7,,20
p3080,,,op5,op4,40,linear7,,20
p3080,,,op6,op5,40,linear7,,20
p3080,,,op7,op6,5,linear3,,45
p3081,2747.013,QUERY,op1,,15,linear3,,35
p3082,2747.013,INTERACTIVE,op1,,1,const,,55
p3082,,,op2,op1,80,squared,,10
p3082,,,op3,op1,15,linear3,,37.5
p3082,,,op4,op1,2,sqrt,,55
p3082,,,op5,op1,2,sqrt,,55
p3082,,,op6,op1,5,linear3,,45
p3083,2747.013,BATCH_PIPELINE,op1,,1,const,,55
p3083,,,op2,op1,5,linear3,,45
p3083,,,op3,op1,15,linear3,,37.5
p3083,,,op4,op1,20,linear7,,30
p3083,,,op5,op1,5,linear3,,45
p3083,,,op6,op1,5,linear3,,45
p3083,,,op7,op1,2,sqrt,,55
p3083,,,op8,op1,5,linear3,,45
p3083,,,op9,op1,15,linear3,,37.5
p3084,2747.013,INTERACTIVE,op1,,1,const,,55
p3084,,,op2,op1,15,linear3,,37.5
p3084,,,op3,op2,2,sqrt,,55
p3084,,,op4,op3,15,linear3,,37.5
p3084,,,op5,op4,5,linear3,,45
p3084,,,op6,op5,15,linear3,,37.5
p3085,2747.013,BATCH_PIPELINE,op1,,1,const,,55
p3085,,,op2,op1,15,linear3,,37.5
p3085,,,op3,op2,20,linear7,,30
p3085,,,op4,op3,2,sqrt,,55
p3085,,,op5,op4,40,linear7,,20
p3086,2747.013,QUERY,op1,,15,linear3,,35
p3087,2747.013,INTERACTIVE,op1,,1,const,,55
p3087,,,op2,op1,20,linear7,,30
p3087,,,op3,op2,15,linear3,,37.5
p3087,,,op4,op3,15,linear3,,37.5
p3087,,,op5,op4,5,linear3,,45
p3088,2747.013,QUERY,op1,,15,linear3,,35
p3089,2747.013,INTERACTIVE,op1,,1,const,,55
p3089,,,op2,op1,40,linear7,,20
p3089,,,op3,op2,15,linear3,,37.5
p3089,,,op4,op3,20,linear7,,30
p3089,,,op5,op4,15,linear3,,37.5
p3089,,,op6,op5,1,const,,55
p3090,2747.013,INTERACTIVE,op1,,1,const,,55
p3090,,,op2,,5,linear3,,45
p3090,,,op3,,15,linear3,,37.5
p3090,,,op4,,2,sqrt,,55
p3090,,,op5,op1;op2;op3;op4,5,linear3,,45
p3091,2759.496,INTERACTIVE,op1,,1,const,,55
p3091,,,op2,op1,5,linear3,,45
p3091,,,op3,op2,15,linear3,,37.5
p3091,,,op4,op3,2,sqrt,,55
p3091,,,op5,op4,20,linear7,,30
p3092,2759.496,INTERACTIVE,op1,,1,const,,55
p3092,,,op2,op1,1,const,,55
p3092,,,op3,op2,15,linear3,,37.5
p3092,,,op4,op3,20,linear7,,30
p3092,,,op5,op4,40,linear7,,20
p3092,,,op6,op5,80,squared,,10
p3092,,,op7,op6,40,linear7,,20
p3093,2759.496,QUERY,op1,,15,linear3,,35
p3094,2759.496,INTERACTIVE,op1,,1,const,,55
p3094,,,op2,op1,15,linear3,,37.5
p3094,,,op3,op2,2,sqrt,,55
p3094,,,op4,op3,15,linear3,,37.5
p3094,,,op5,op4,1,const,,55
p3094,,,op6,op5,5,linear3,,45
p3095,2759.496,QUERY,op1,,15,linear3,,35
p3096,2759.496,QUERY,op1,,15,linear3,,35
p3097,2759.496,QUERY,op1,,15,linear3,,35
p3098,2759.496,QUERY,op1,,15,linear3,,35
p3099,2759.496,QUERY,op1,,15,linear3,,35
p3100,2759.496,INTERACTIVE,op1,,1,const,,55
p3100,,,op2,op1,5,linear3,,45
p3100,,,op3,op1,40,linear7,,20
p3100,,,op4,op1,15,linear3,,37.5
p3100,,,op5,op1,15,linear3,,37.5
p3100,,,op6,op1,20,linear7,,30
p3101,2765.2490000000003,QUERY,op1,,15,linear3,,35
p3102,2765.2490000000003,QUERY,op1,,15,linear3,,35
p3103,2765.2490000000003,INTERACTIVE,op1,,1,const,,55
p3103,,,op2,op1,2,sqrt,,55
p3103,,,op3,op2,2,sqrt,,55
p3103,,,op4,op3,80,squared,,10
p3103,,,op5,op4,20,linear7,,30
p3104,2765.2490000000003,INTERACTIVE,op1,,1,const,,55
p3104,,,op2,op1,20,linear7,,30
p3104,,,op3,op2,15,linear3,,37.5
p3104,,,op4,op3,15,linear3,,37.5
p3104,,,op5,op4,2,sqrt,,55
p3105,2765.2490000000003,QUERY,op1,,15,linear3,,35
p3106,2765.2490000000003,INTERACTIVE,op1,,1,const,,55
p3106,,,op2,,80,squared,,10
p3106,,,op3,,80,squared,,10
p3106,,,op4,op1;op2;op3,20,linear7,,30
p3107,2765.2490000000003,QUERY,op1,,15,linear3,,35
p3108,2765.2490000000003,QUERY,op1,,15,linear3,,35
p3109,2765.2490000000003,QUERY,op1,,15,linear3,,35
p3110,2765.2490000000003,BATCH_PIPELINE,op1,,1,const,,55
p3110,,,op2,op1,5,linear3,,45
p3110,,,op3,op2,20,linear7,,30
p3110,,,op4,op3,2,sqrt,,55
p3110,,,op5,op4,5,linear3,,45
p3110,,,op6,op5,20,linear7,,30
p3110,,,op7,op6,80,squared,,10
p3110,,,op8,op7,1,const,,55
p3110,,,op9,op8,1,const,,55
p3110,,,op10,op9,2,sqrt,,55
p3111,2770.79,BATCH_PIPELINE,op1,,1,const,,55
p3111,,,op2,,5,linear3,,45
p3111,,,op3,,15,linear3,,37.5
p3111,,,op4,,2,sqrt,,55
p3111,,,op5,,20,linear7,,30
p3111,,,op6,op1;op2;op3;op4;op5,80,squared,,10
p3112,2770.79,BATCH_PIPELINE,op1,,1,const,,55
p3112,,,op2,,15,linear3,,37.5
p3112,,,op3,,20,linear7,,30
p3112,,,op4,,15,linear3,,37.5
p3112,,,op5,,80,squared,,10
p3112,,,op6,,20,linear7,,30
p3112,,,op7,,20,linear7,,30
p3112,,,op8,,5,linear3,,45
p3112,,,op9,,20,linear7,,30
p3112,,,op10,,2,sqrt,,55
p3112,,,op11,op1;op2;op3;op4;op5;op6;op7;op8;op9;op10,15,linear3,,37.5
p3113,2770.79,INTERACTIVE,op1,,1,const,,55
p3113,,,op2,op1,20,linear7,,30
p3114,2770.79,QUERY,op1,,15,linear3,,35
p3115,2770.79,INTERACTIVE,op1,,1,const,,55
p3115,,,op2,op1,20,linear7,,30
p3115,,,op3,op1,5,linear3,,45
p3115,,,op4,op1,80,squared,,10
p3115,,,op5,op1,15,linear3,,37.5
p3115,,,op6,op1,20,linear7,,30
p3116,2770.79,INTERACTIVE,op1,,1,const,,55
p3116,,,op2,op1,40,linear7,,20
p3116,,,op3,op1,40,linear7,,20
p3116,,,op4,op1,20,linear7,,30
p3116,,,op5,op1,2,sqrt,,55
p3117,2770.79,INTERACTIVE,op1,,1,const,,55
p3117,,,op2,op1,20,linear7,,30
p3117,,,op3,op2,2,sqrt,,55
p3117,,,op4,op3,40,linear7,,20
p3117,,,op5,op4,5,linear3,,45
p3117,,,op6,op5,2,sqrt,,55
p3117,,,op7,op6,5,linear3,,45
p3117,,,op8,op7,5,linear3,,45
p3118,2770.79,QUERY,op1,,15,linear3,,35
p3119,2770.79,QUERY,op1,,15,linear3,,35
p3120,2770.79,BATCH_PIPELINE,op1,,1,const,,55
p3120,,,op2,op1,20,linear7,,30
p3120,,,op3,op2,20,linear7,,30
p3120,,,op4,op3,15,linear3,,37.5
p3120,,,op5,op4,15,linear3,,37.5
p3120,,,op6,op5,80,squared,,10
p3120,,,op7,op6,5,linear3,,45
p3121,2777.666,INTERACTIVE,op1,,1,const,,55
p3121,,,op2,op1,5,linear3,,45
p3121,,,op3,op2,5,linear3,,45
p3121,,,op4,op3,15,linear3,,37.5
p3122,2777.666,BATCH_PIPELINE,op1,,1,const,,55
p3122,,,op2,,15,linear3,,37.5
p3122,,,op3,,5,linear3,,45
p3122,,,op4,,1,const,,55
p3122,,,op5,,15,linear3,,37.5
p3122,,,op6,,1,const,,55
p3122,,,op7,,1,const,,55
p3122,,,op8,,5,linear3,,45
p3122,,,op9,,15,linear3,,37.5
p3122,,,op10,op1;op2;op3;op4;op5;op6;op7;op8;op9,5,linear3,,45
p3123,2777.666,QUERY,op1,,15,linear3,,35
p3124,2777.666,QUERY,op1,,15,linear3,,35
p3125,2777.666,BATCH_PIPELINE,op1,,1,const,,55
p3125,,,op2,op1,80,squared,,10
p3125,,,op3,op2,20,linear7,,30
p3125,,,op4,op3,2,sqrt,,55
p3125,,,op5,op4,5,linear3,,45
p3125,,,op6,op5,1,const,,55
p3125,,,op7,op6,15,linear3,,37.5
p3126,2777.666,BATCH_PIPELINE,op1,,1,const,,55
p3126,,,op2,op1,1,const,,55
p3126,,,op3,op2,1,const,,55
p3126,,,op4,op3,5,linear3,,45
p3126,,,op5,op4,15,linear3,,37.5
p3126,,,op6,op5,5,linear3,,45
p3126,,,op7,op6,5,linear3,,45
p3127,2777.666,BATCH_PIPELINE,op1,,1,const,,55
p3127,,,op2,op1,5,linear3,,45
p3127,,,op3,op1,5,linear3,,45
p3127,,,op4,op1,15,linear3,,37.5
p3127,,,op5,op1,20,linear7,,30
p3128,2777.666,INTERACTIVE,op1,,1,const,,55
p3128,,,op2,op1,80,squared,,10
p3128,,,op3,op2,20,linear7,,30
p3128,,,op4,op3,2,sqrt,,55
p3128,,,op5,op4,20,linear7,,30
p3129,2777.666,INTERACTIVE,op1,,1,const,,55
p3129,,,op2,op1,40,linear7,,20
p3129,,,op3,op2,2,sqrt,,55
p3129,,,op4,op3,15,linear3,,37.5
p3129,,,op5,op4,5,linear3,,45
p3129,,,op6,op5,20,linear7,,30
p3129,,,op7,op6,80,squared,,10
p3129,,,op8,op7,20,linear7,,30
p3130,2777.666,QUERY,op1,,15,linear3,,35
p3131,2783.824,QUERY,op1,,15,linear3,,35
p3132,2783.824,QUERY,op1,,15,linear3,,35
p3133,2783.824,QUERY,op1,,15,linear3,,35
p3134,2783.824,INTERACTIVE,op1,,1,const,,55
p3134,,,op2,op1,20,linear7,,30
p3134,,,op3,op2,2,sqrt,,55
p3134,,,op4,op3,5,linear3,,45
p3134,,,op5,op4,5,linear3,,45
p3134,,,op6,op5,1,const,,55
p3135,2783.824,INTERACTIVE,op1,,1,const,,55
p3135,,,op2,op1,15,linear3,,37.5
p3135,,,op3,op1,80,squared,,10
p3135,,,op4,op1,20,linear7,,30
p3136,2783.824,INTERACTIVE,op1,,1,const,,55
p3136,,,op2,op1,20,linear7,,30
p3136,,,op3,op2,20,linear7,,30
p3136,,,op4,op3,40,linear7,,20
p3136,,,op5,op4,1,const,,55
p3136,,,op6,op5,80,squared,,10
p3137,2783.824,QUERY,op1,,15,linear3,,35
p3138,2783.824,INTERACTIVE,op1,,1,const,,55
p3138,,,op2,op1,5,linear3,,45
p3138,,,op3,op1,20,linear7,,30
p3139,2783.824,BATCH_PIPELINE,op1,,1,const,,55
p3139,,,op2,op1,15,linear3,,37.5
p3139,,,op3,op2,1,const,,55
p3139,,,op4,op3,15,linear3,,37.5
p3139,,,op5,op4,5,linear3,,45
p3139,,,op6,op5,40,linear7,,20
p3139,,,op7,op6,5,linear3,,45
p3139,,,op8,op7,40,linear7,,20
p3139,,,op9,op8,2,sqrt,,55
p3139,,,op10,op9,5,linear3,,45
p3139,,,op11,op10,5,linear3,,45
p3139,,,op12,op11,20,linear7,,30
p3140,2783.824,INTERACTIVE,op1,,1,const,,55
p3140,,,op2,op1,20,linear7,,30
p3140,,,op3,op1,2,sqrt,,55
p3140,,,op4,op1,20,linear7,,30
p3140,,,op5,op1,80,squared,,10
p3140,,,op6,op1,1,const,,55
p3140,,,op7,op1,20,linear7,,30
p3141,2794.347,QUERY,op1,,15,linear3,,35
p3142,2794.347,INTERACTIVE,op1,,1,const,,55
p3142,,,op2,op1,5,linear3,,45
p3142,,,op3,op2,5,linear3,,45
p3142,,,op4,op3,1,const,,55
p3142,,,op5,op4,80,squared,,10
p3142,,,op6,op5,20,linear7,,30
p3143,2794.347,BATCH_PIPELINE,op1,,1,const,,55
p3143,,,op2,op1,40,linear7,,20
p3143,,,op3,op2,2,sqrt,,55
p3143,,,op4,op3,1,const,,55
p3143,,,op5,op4,15,linear3,,37.5
p3143,,,op6,op5,2,sqrt,,55
p3143,,,op7,op6,20,linear7,,30
p3143,,,op8,op7,40,linear7,,20
p3144,2794.347,BATCH_PIPELINE,op1,,1,const,,55
p3144,,,op2,op1,80,squared,,10
p3144,,,op3,op2,40,linear7,,20
p3144,,,op4,op3,80,squared,,10
p3144,,,op5,op4,15,linear3,,37.5
p3144,,,op6,op5,1,const,,55
p3144,,,op7,op6,80,squared,,10
p3144,,,op8,op7,15,linear3,,37.5
p3144,,,op9,op8,40,linear7,,20
p3144,,,op10,op9,5,linear3,,45
p3144,,,op11,op10,40,linear7,,20
p3145,2794.347,INTERACTIVE,op1,,1,const,,55
p3145,,,op2,op1,20,linear7,,30
p3145,,,op3,op2,40,linear7,,20
p3145,,,op4,op3,2,sqrt,,55
p3145,,,op5,op4,20,linear7,,30
p3146,2794.347,QUERY,op1,,15,linear3,,35
p3147,2794.347,QUERY,op1,,15,linear3,,35
p3148,2794.347,INTERACTIVE,op1,,1,const,,55
p3148,,,op2,op1,80,squared,,10
p3148,,,op3,op2,40,linear7,,20
p3148,,,op4,op3,15,linear3,,37.5
p3148,,,op5,op4,1,const,,55
p3149,2794.347,QUERY,op1,,15,linear3,,35
p3150,2794.347,INTERACTIVE,op1,,1,const,,55
p3150,,,op2,,20,linear7,,30
p3150,,,op3,,1,const,,55
p3150,,,op4,,80,squared,,10
p3150,,,op5,,20,linear7,,30
p3150,,,op6,op1;op2;op3;op4;op5,5,linear3,,45
p3151,2805.5750000000003,BATCH_PIPELINE,op1,,1,const,,55
p3151,,,op2,op1,15,linear3,,37.5
p3151,,,op3,op2,5,linear3,,45
p3151,,,op4,op3,15,linear3,,37.5
p3151,,,op5,op4,80,squared,,10
p3151,,,op6,op5,5,linear3,,45
p3151,,,op7,op6,20,linear7,,30
p3151,,,op8,op7,2,sqrt,,55
p3151,,,op9,op8,1,const,,55
p3151,,,op10,op9,15,linear3,,37.5
p3152,2805.5750000000003,BATCH_PIPELINE,op1,,1,const,,55
p3152,,,op2,op1,15,linear3,,37.5
p3152,,,op3,op2,15,linear3,,37.5
p3152,,,op4,op3,2,sqrt,,55
p3152,,,op5,op4,1,const,,55
p3152,,,op6,op5,5,linear3,,45
p3152,,,op7,op6,20,linear7,,30
p3153,2805.5750000000003,BATCH_PIPELINE,op1,,1,const,,55
p3153,,,op2,,2,sqrt,,55
p3153,,,op3,,15,linear3,,37.5
p3153,,,op4,op1;op2;op3,20,linear7,,30
p3154,2805.5750000000003,QUERY,op1,,15,linear3,,35
p3155,2805.5750000000003,INTERACTIVE,op1,,1,const,,55
p3155,,,op2,,40,linear7,,20
p3155,,,op3,,80,squared,,10
p3155,,,op4,,15,linear3,,37.5
p3155,,,op5,,5,linear3,,45
p3155,,,op6,,40,linear7,,20
p3155,,,op7,,15,linear3,,37.5
p3155,,,op8,op1;op2;op3;op4;op5;op6;op7,1,const,,55
p3156,2805.5750000000003,QUERY,op1,,15,linear3,,35
p3157,2805.5750000000003,INTERACTIVE,op1,,1,const,,55
p3157,,,op2,op1,15,linear3,,37.5
p3157,,,op3,op1,40,linear7,,20
p3157,,,op4,op1,15,linear3,,37.5
p3157,,,op5,op1,1,const,,55
p3157,,,op6,op1,80,squared,,10
p3157,,,op7,op1,15,linear3,,37.5
p3158,2805.5750000000003,QUERY,op1,,15,linear3,,35
p3159,2805.5750000000003,INTERACTIVE,op1,,1,const,,55
p3159,,,op2,op1,15,linear3,,37.5
p3159,,,op3,op2,2,sqrt,,55
p3159,,,op4,op3,1,const,,55
p3159,,,op5,op4,80,squared,,10
p3160,2805.5750000000003,INTERACTIVE,op1,,1,const,,55
p3160,,,op2,op1,20,linear7,,30
p3160,,,op3,op2,5,linear3,,45
p3160,,,op4,op3,20,linear7,,30
p3160,,,op5,op4,80,squared,,10
p3160,,,op6,op5,15,linear3,,37.5
p3160,,,op7,op6,80,squared,,10
p3161,2811.202,QUERY,op1,,15,linear3,,35
p3162,2811.202,INTERACTIVE,op1,,1,const,,55
p3162,,,op2,op1,80,squared,,10
p3162,,,op3,op2,80,squared,,10
p3162,,,op4,op3,40,linear7,,20
p3163,2811.202,INTERACTIVE,op1,,1,const,,55
p3163,,,op2,op1,1,const,,55
p3163,,,op3,op2,80,squared,,10
p3164,2811.202,INTERACTIVE,op1,,1,const,,55
p3164,,,op2,op1,20,linear7,,30
p3164,,,op3,op2,15,linear3,,37.5
p3164,,,op4,op3,80,squared,,10
p3164,,,op5,op4,80,squared,,10
p3165,2811.202,INTERACTIVE,op1,,1,const,,55
p3165,,,op2,op1,1,const,,55
p3165,,,op3,op2,20,linear7,,30
p3165,,,op4,op3,40,linear7,,20
p3165,,,op5,op4,2,sqrt,,55
p3166,2811.202,BATCH_PIPELINE,op1,,1,const,,55
p3166,,,op2,op1,40,linear7,,20
p3166,,,op3,op1,2,sqrt,,55
p3166,,,op4,op1,20,linear7,,30
p3166,,,op5,op1,1,const,,55
p3166,,,op6,op1,15,linear3,,37.5
p3166,,,op7,op1,15,linear3,,37.5
p3167,2811.202,QUERY,op1,,15,linear3,,35
p3168,2811.202,BATCH_PIPELINE,op1,,1,const,,55
p3168,,,op2,op1,40,linear7,,20
p3168,,,op3,op2,20,linear7,,30
p3168,,,op4,op3,20,linear7,,30
p3168,,,op5,op4,15,linear3,,37.5
p3168,,,op6,op5,5,linear3,,45
p3169,2811.202,QUERY,op1,,15,linear3,,35
p3170,2811.202,QUERY,op1,,15,linear3,,35
p3171,2819.812,INTERACTIVE,op1,,1,const,,55
p3171,,,op2,op1,1,const,,55
p3171,,,op3,op1,40,linear7,,20
p3171,,,op4,op1,5,linear3,,45
p3171,,,op5,op1,2,sqrt,,55
p3171,,,op6,op1,80,squared,,10
p3172,2819.812,QUERY,op1,,15,linear3,,35
p3173,2819.812,QUERY,op1,,15,linear3,,35
p3174,2819.812,BATCH_PIPELINE,op1,,1,const,,55
p3174,,,op2,op1,20,linear7,,30
p3174,,,op3,op1,40,linear7,,20
p3174,,,op4,op1,15,linear3,,37.5
p3174,,,op5,op1,80,squared,,10
p3174,,,op6,op1,5,linear3,,45
p3174,,,op7,op1,1,const,,55
p3175,2819.812,BATCH_PIPELINE,op1,,1,const,,55
p3175,,,op2,op1,5,linear3,,45
p3175,,,op3,op2,20,linear7,,30
p3175,,,op4,op3,15,linear3,,37.5
p3176,2819.812,QUERY,op1,,15,linear3,,35
p3177,2819.812,QUERY,op1,,15,linear3,,35
p3178,2819.812,QUERY,op1,,15,linear3,,35
p3179,2819.812,QUERY,op1,,15,linear3,,35
p3180,2819.812,QUERY,op1,,15,linear3,,35
p3181,2825.367,QUERY,op1,,15,linear3,,35
p3182,2825.367,BATCH_PIPELINE,op1,,1,const,,55
p3182,,,op2,op1,15,linear3,,37.5
p3182,,,op3,op2,5,linear3,,45
p3182,,,op4,op3,40,linear7,,20
p3182,,,op5,op4,15,linear3,,37.5
p3182,,,op6,op5,80,squared,,10
p3182,,,op7,op6,15,linear3,,37.5
p3182,,,op8,op7,15,linear3,,37.5
p3182,,,op9,op8,5,linear3,,45
p3183,2825.367,INTERACTIVE,op1,,1,const,,55
p3183,,,op2,op1,15,linear3,,37.5
p3183,,,op3,op2,20,linear7,,30
p3183,,,op4,op3,20,linear7,,30
p3183,,,op5,op4,20,linear7,,30
p3184,2825.367,QUERY,op1,,15,linear3,,35
p3185,2825.367,INTERACTIVE,op1,,1,const,,55
p3185,,,op2,op1,20,linear7,,30
p3185,,,op3,op2,80,squared,,10
p3185,,,op4,op3,15,linear3,,37.5
p3185,,,op5,op4,40,linear7,,20
p3185,,,op6,op5,5,linear3,,45
p3185,,,op7,op6,80,squared,,10
p3185,,,op8,op7,5,linear3,,45
p3185,,,op9,op8,20,linear7,,30
p3186,2825.367,QUERY,op1,,15,linear3,,35
p3187,2825.367,BATCH_PIPELINE,op1,,1,const,,55
p3187,,,op2,op1,5,linear3,,45
p3187,,,op3,op2,80,squared,,10
p3187,,,op4,op3,20,linear7,,30
p3187,,,op5,op4,1,const,,55
p3187,,,op6,op5,40,linear7,,20
p3187,,,op7,op6,2,sqrt,,55
p3188,2825.367,INTERACTIVE,op1,,1,const,,55
p3188,,,op2,,80,squared,,10
p3188,,,op3,,2,sqrt,,55
p3188,,,op4,,20,linear7,,30
p3188,,,op5,,80,squared,,10
p3188,,,op6,op1;op2;op3;op4;op5,5,linear3,,45
p3189,2825.367,BATCH_PIPELINE,op1,,1,const,,55
p3189,,,op2,op1,1,const,,55
p3189,,,op3,op2,20,linear7,,30
p3189,,,op4,op3,1,const,,55
p3189,,,op5,op4,40,linear7,,20
p3189,,,op6,op5,20,linear7,,30
p3189,,,op7,op6,80,squared,,10
p3190,2825.367,INTERACTIVE,op1,,1,const,,55
p3190,,,op2,op1,20,linear7,,30
p3190,,,op3,op2,15,linear3,,37.5
p3190,,,op4,op3,40,linear7,,20
p3190,,,op5,op4,2,sqrt,,55
p3191,2838.915,BATCH_PIPELINE,op1,,1,const,,55
p3191,,,op2,op1,2,sqrt,,55
p3191,,,op3,op2,15,linear3,,37.5
p3191,,,op4,op3,1,const,,55
p3191,,,op5,op4,80,squared,,10
p3191,,,op6,op5,1,const,,55
p3191,,,op7,op6,1,const,,55
p3192,2838.915,INTERACTIVE,op1,,1,const,,55
p3192,,,op2,op1,15,linear3,,37.5
p3192,,,op3,op1,40,linear7,,20
p3192,,,op4,op1,15,linear3,,37.5
p3192,,,op5,op1,20,linear7,,30
p3192,,,op6,op1,80,squared,,10
p3192,,,op7,op1,15,linear3,,37.5
p3193,2838.915,QUERY,op1,,15,linear3,,35
p3194,2838.915,INTERACTIVE,op1,,1,const,,55
p3194,,,op2,op1,40,linear7,,20
p3194,,,op3,op2,15,linear3,,37.5
p3194,,,op4,op3,15,linear3,,37.5
p3194,,,op5,op4,20,linear7,,30
p3194,,,op6,op5,20,linear7,,30
p3194,,,op7,op6,80,squared,,10
p3195,2838.915,QUERY,op1,,15,linear3,,35
p3196,2838.915,QUERY,op1,,15,linear3,,35
p3197,2838.915,QUERY,op1,,15,linear3,,35
p3198,2838.915,QUERY,op1,,15,linear3,,35
p3199,2838.915,QUERY,op1,,15,linear3,,35
p3200,2838.915,QUERY,op1,,15,linear3,,35
p3201,2844.545,INTERACTIVE,op1,,1,const,,55
p3201,,,op2,op1,15,linear3,,37.5
p3201,,,op3,op2,20,linear7,,30
p3201,,,op4,op3,80,squared,,10
p3201,,,op5,op4,80,squared,,10
p3201,,,op6,op5,40,linear7,,20
p3201,,,op7,op6,2,sqrt,,55
p3202,2844.545,INTERACTIVE,op1,,1,const,,55
p3202,,,op2,op1,40,linear7,,20
p3203,2844.545,QUERY,op1,,15,linear3,,35
p3204,2844.545,QUERY,op1,,15,linear3,,35
p3205,2844.545,QUERY,op1,,15,linear3,,35
p3206,2844.545,BATCH_PIPELINE,op1,,1,const,,55
p3206,,,op2,op1,2,sqrt,,55
p3206,,,op3,op2,80,squared,,10
p3206,,,op4,op3,1,const,,55
p3206,,,op5,op4,5,linear3,,45
p3206,,,op6,op5,1,const,,55
p3207,2844.545,BATCH_PIPELINE,op1,,1,const,,55
p3207,,,op2,op1,2,sqrt,,55
p3207,,,op3,op1,15,linear3,,37.5
p3207,,,op4,op1,5,linear3,,45
p3207,,,op5,op1,5,linear3,,45
p3207,,,op6,op1,80,squared,,10
p3207,,,op7,op1,15,linear3,,37.5
p3208,2844.545,QUERY,op1,,15,linear3,,35
p3209,2844.545,BATCH_PIPELINE,op1,,1,const,,55
p3209,,,op2,op1,80,squared,,10
p3209,,,op3,op2,5,linear3,,45
p3209,,,op4,op3,15,linear3,,37.5
p3209,,,op5,op4,2,sqrt,,55
p3209,,,op6,op5,1,const,,55
p3210,2844.545,INTERACTIVE,op1,,1,const,,55
p3210,,,op2,op1,80,squared,,10
p3210,,,op3,op2,5,linear3,,45
p3210,,,op4,op3,1,const,,55
p3210,,,op5,op4,2,sqrt,,55
p3210,,,op6,op5,20,linear7,,30
p3210,,,op7,op6,20,linear7,,30
p3210,,,op8,op7,15,linear3,,37.5
p3210,,,op9,op8,5,linear3,,45
p3211,2855.66,INTERACTIVE,op1,,1,const,,55
p3211,,,op2,op1,5,linear3,,45
p3211,,,op3,op2,2,sqrt,,55
p3211,,,op4,op3,5,linear3,,45
p3211,,,op5,op4,80,squared,,10
p3211,,,op6,op5,40,linear7,,20
p3212,2855.66,INTERACTIVE,op1,,1,const,,55
p3212,,,op2,op1,40,linear7,,20
p3212,,,op3,op2,40,linear7,,20
p3212,,,op4,op3,15,linear3,,37.5
p3213,2855.66,INTERACTIVE,op1,,1,const,,55
p3213,,,op2,,40,linear7,,20
p3213,,,op3,op1;op2,5,linear3,,45
p3214,2855.66,QUERY,op1,,15,linear3,,35
p3215,2855.66,INTERACTIVE,op1,,1,const,,55
p3215,,,op2,op1,15,linear3,,37.5
p3215,,,op3,op2,5,linear3,,45
p3215,,,op4,op3,15,linear3,,37.5
p3215,,,op5,op4,5,linear3,,45
p3216,2855.66,INTERACTIVE,op1,,1,const,,55
p3216,,,op2,op1,40,linear7,,20
p3216,,,op3,op2,15,linear3,,37.5
p3217,2855.66,BATCH_PIPELINE,op1,,1,const,,55
p3217,,,op2,op1,80,squared,,10
p3217,,,op3,op2,40,linear7,,20
p3217,,,op4,op3,15,linear3,,37.5
p3217,,,op5,op4,2,sqrt,,55
p3217,,,op6,op5,80,squared,,10
p3217,,,op7,op6,15,linear3,,37.5
p3218,2855.66,INTERACTIVE,op1,,1,const,,55
p3218,,,op2,op1,5,linear3,,45
p3218,,,op3,op2,15,linear3,,37.5
p3218,,,op4,op3,1,const,,55
p3218,,,op5,op4,20,linear7,,30
p3218,,,op6,op5,5,linear3,,45
p3218,,,op7,op6,5,linear3,,45
p3218,,,op8,op7,5,linear3,,45
p3219,2855.66,INTERACTIVE,op1,,1,const,,55
p3219,,,op2,op1,15,linear3,,37.5
p3219,,,op3,op2,15,linear3,,37.5
p3219,,,op4,op3,80,squared,,10
p3220,2855.66,INTERACTIVE,op1,,1,const,,55
p3220,,,op2,op1,15,linear3,,37.5
p3220,,,op3,op2,20,linear7,,30
p3220,,,op4,op3,15,linear3,,37.5
p3220,,,op5,op4,20,linear7,,30
p3220,,,op6,op5,5,linear3,,45
p3221,2863.549,BATCH_PIPELINE,op1,,1,const,,55
p3221,,,op2,op1,80,squared,,10
p3221,,,op3,op2,15,linear3,,37.5
p3221,,,op4,op3,20,linear7,,30
p3222,2863.549,INTERACTIVE,op1,,1,const,,55
p3222,,,op2,op1,5,linear3,,45
p3222,,,op3,op2,80,squared,,10
p3222,,,op4,op3,15,linear3,,37.5
p3223,2863.549,BATCH_PIPELINE,op1,,1,const,,55
p3223,,,op2,op1,5,linear3,,45
p3223,,,op3,op2,40,linear7,,20
p3223,,,op4,op3,20,linear7,,30
p3223,,,op5,op4,20,linear7,,30
p3223,,,op6,op5,15,linear3,,37.5
p3223,,,op7,op6,2,sqrt,,55
p3224,2863.549,BATCH_PIPELINE,op1,,1,const,,55
p3224,,,op2,op1,40,linear7,,20
p3224,,,op3,op2,15,linear3,,37.5
p3224,,,op4,op3,40,linear7,,20
p3224,,,op5,op4,20,linear7,,30
p3224,,,op6,op5,1,const,,55
p3224,,,op7,op6,20,linear7,,30
p3224,,,op8,op7,5,linear3,,45
p3224,,,op9,op8,40,linear7,,20
p3224,,,op10,op9,20,linear7,,30
p3225,2863.549,BATCH_PIPELINE,op1,,1,const,,55
p3225,,,op2,op1,5,linear3,,45
p3225,,,op3,op2,1,const,,55
p3225,,,op4,op3,5,linear3,,45
p3225,,,op5,op4,1,const,,55
p3225,,,op6,op5,1,const,,55
p3225,,,op7,op6,15,linear3,,37.5
p3226,2863.549,BATCH_PIPELINE,op1,,1,const,,55
p3226,,,op2,,2,sqrt,,55
p3226,,,op3,,5,linear3,,45
p3226,,,op4,,2,sqrt,,55
p3226,,,op5,,15,linear3,,37.5
p3226,,,op6,,1,const,,55
p3226,,,op7,op1;op2;op3;op4;op5;op6,20,linear7,,30
p3227,2863.549,INTERACTIVE,op1,,1,const,,55
p3227,,,op2,op1,20,linear7,,30
p3227,,,op3,op2,40,linear7,,20
p3227,,,op4,op3,1,const,,55
p3227,,,op5,op4,5,linear3,,45
p3227,,,op6,op5,40,linear7,,20
p3228,2863.549,INTERACTIVE,op1,,1,const,,55
p3228,,,op2,,20,linear7,,30
p3228,,,op3,,15,linear3,,37.5
p3228,,,op4,,2,sqrt,,55
p3228,,,op5,,5,linear3,,45
p3228,,,op6,,5,linear3,,45
p3228,,,op7,,5,linear3,,45
p3228,,,op8,op1;op2;op3;op4;op5;op6;op7,2,sqrt,,55
p3229,2863.549,BATCH_PIPELINE,op1,,1,const,,55
p3229,,,op2,op1,5,linear3,,45
p3229,,,op3,op2,40,linear7,,20
p3229,,,op4,op3,15,linear3,,37.5
p3229,,,op5,op4,15,linear3,,37.5
p3229,,,op6,op5,5,linear3,,45
p3229,,,op7,op6,5,linear3,,45
p3229,,,op8,op7,20,linear7,,30
p3229,,,op9,op8,15,linear3,,37.5
p3229,,,op10,op9,2,sqrt,,55
p3229,,,op11,op10,2,sqrt,,55
p3230,2863.549,INTERACTIVE,op1,,1,const,,55
p3230,,,op2,,2,sqrt,,55
p3230,,,op3,,80,squared,,10
p3230,,,op4,,40,linear7,,20
p3230,,,op5,,1,const,,55
p3230,,,op6,op1;op2;op3;op4;op5,80,squared,,10
p3231,2872.079,QUERY,op1,,15,linear3,,35
p3232,2872.079,QUERY,op1,,15,linear3,,35
p3233,2872.079,QUERY,op1,,15,linear3,,35
p3234,2872.079,QUERY,op1,,15,linear3,,35
p3235,2872.079,QUERY,op1,,15,linear3,,35
p3236,2872.079,INTERACTIVE,op1,,1,const,,55
p3236,,,op2,op1,80,squared,,10
p3237,2872.079,INTERACTIVE,op1,,1,const,,55
p3237,,,op2,op1,5,linear3,,45
p3237,,,op3,op2,40,linear7,,20
p3237,,,op4,op3,20,linear7,,30
p3237,,,op5,op4,15,linear3,,37.5
p3238,2872.079,INTERACTIVE,op1,,1,const,,55
p3238,,,op2,,2,sqrt,,55
p3238,,,op3,op1;op2,15,linear3,,37.5
p3239,2872.079,INTERACTIVE,op1,,1,const,,55
p3239,,,op2,op1,5,linear3,,45
p3239,,,op3,op2,15,linear3,,37.5
p3239,,,op4,op3,2,sqrt,,55
p3239,,,op5,op4,20,linear7,,30
p3239,,,op6,op5,20,linear7,,30
p3239,,,op7,op6,20,linear7,,30
p3240,2872.079,QUERY,op1,,15,linear3,,35
p3241,2880.646,BATCH_PIPELINE,op1,,1,const,,55
p3241,,,op2,op1,20,linear7,,30
p3241,,,op3,op2,80,squared,,10
p3241,,,op4,op3,15,linear3,,37.5
p3241,,,op5,op4,40,linear7,,20
p3241,,,op6,op5,5,linear3,,45
p3241,,,op7,op6,5,linear3,,45
p3241,,,op8,op7,40,linear7,,20
p3241,,,op9,op8,20,linear7,,30
p3241,,,op10,op9,5,linear3,,45
p3242,2880.646,BATCH_PIPELINE,op1,,1,const,,55
p3242,,,op2,op1,80,squared,,10
p3242,,,op3,op2,20,linear7,,30
p3242,,,op4,op3,2,sqrt,,55
p3242,,,op5,op4,2,sqrt,,55
p3242,,,op6,op5,2,sqrt,,55
p3242,,,op7,op6,5,linear3,,45
p3243,2880.646,INTERACTIVE,op1,,1,const,,55
p3243,,,op2,op1,80,squared,,10
p3243,,,op3,op2,2,sqrt,,55
p3243,,,op4,op3,1,const,,55
p3243,,,op5,op4,80,squared,,10
p3243,,,op6,op5,80,squared,,10
p3243,,,op7,op6,15,linear3,,37.5
p3244,2880.646,INTERACTIVE,op1,,1,const,,55
p3244,,,op2,op1,2,sqrt,,55
p3244,,,op3,op2,1,const,,55
p3244,,,op4,op3,2,sqrt,,55
p3244,,,op5,op4,80,squared,,10
p3244,,,op6,op5,80,squared,,10
p3245,2880.646,INTERACTIVE,op1,,1,const,,55
p3245,,,op2,,20,linear7,,30
p3245,,,op3,,20,linear7,,30
p3245,,,op4,op1;op2;op3,1,const,,55
p3246,2880.646,QUERY,op1,,15,linear3,,35
p3247,2880.646,INTERACTIVE,op1,,1,const,,55
p3247,,,op2,op1,5,linear3,,45
p3247,,,op3,op2,40,linear7,,20
p3247,,,op4,op3,20,linear7,,30
p3247,,,op5,op4,15,linear3,,37.5
p3247,,,op6,op5,20,linear7,,30
p3247,,,op7,op6,15,linear3,,37.5
p3248,2880.646,BATCH_PIPELINE,op1,,1,const,,55
p3248,,,op2,op1,15,linear3,,37.5
p3248,,,op3,op2,40,linear7,,20
p3248,,,op4,op3,1,const,,55
p3248,,,op5,op4,2,sqrt,,55
p3248,,,op6,op5,15,linear3,,37.5
p3248,,,op7,op6,2,sqrt,,55
p3248,,,op8,op7,5,linear3,,45
p3248,,,op9,op8,40,linear7,,20
p3249,2880.646,BATCH_PIPELINE,op1,,1,const,,55
p3249,,,op2,op1,15,linear3,,37.5
p3249,,,op3,op2,15,linear3,,37.5
p3249,,,op4,op3,20,linear7,,30
p3250,2880.646,INTERACTIVE,op1,,1,const,,55
p3250,,,op2,op1,5,linear3,,45
p3250,,,op3,op2,5,linear3,,45
p3250,,,op4,op3,15,linear3,,37.5
p3250,,,op5,op4,20,linear7,,30
p3251,2890.556,INTERACTIVE,op1,,1,const,,55
p3251,,,op2,op1,20,linear7,,30
p3251,,,op3,op2,15,linear3,,37.5
p3251,,,op4,op3,20,linear7,,30
p3251,,,op5,op4,5,linear3,,45
p3252,2890.556,QUERY,op1,,15,linear3,,35
p3253,2890.556,QUERY,op1,,15,linear3,,35
p3254,2890.556,QUERY,op1,,15,linear3,,35
p3255,2890.556,BATCH_PIPELINE,op1,,1,const,,55
p3255,,,op2,op1,1,const,,55
p3255,,,op3,op1,80,squared,,10
p3255,,,op4,op1,5,linear3,,45
p3255,,,op5,op1,5,linear3,,45
p3255,,,op6,op1,2,sqrt,,55
p3255,,,op7,op1,40,linear7,,20
p3256,2890.556,BATCH_PIPELINE,op1,,1,const,,55
p3256,,,op2,op1,5,linear3,,45
p3256,,,op3,op2,2,sqrt,,55
p3256,,,op4,op3,5,linear3,,45
p3256,,,op5,op4,2,sqrt,,55
p3256,,,op6,op5,1,const,,55
p3257,2890.556,QUERY,op1,,15,linear3,,35
p3258,2890.556,INTERACTIVE,op1,,1,const,,55
p3258,,,op2,,20,linear7,,30
p3258,,,op3,,1,const,,55
p3258,,,op4,,2,sqrt,,55
p3258,,,op5,,20,linear7,,30
p3258,,,op6,op1;op2;op3;op4;op5,2,sqrt,,55
p3259,2890.556,INTERACTIVE,op1,,1,const,,55
p3259,,,op2,op1,80,squared,,10
p3259,,,op3,op1,40,linear7,,20
p3260,2890.556,BATCH_PIPELINE,op1,,1,const,,55
p3260,,,op2,op1,80,squared,,10
p3260,,,op3,op2,20,linear7,,30
p3260,,,op4,op3,1,const,,55
p3260,,,op5,op4,20,linear7,,30
p3260,,,op6,op5,80,squared,,10
p3260,,,op7,op6,5,linear3,,45
p3260,,,op8,op7,40,linear7,,20
p3260,,,op9,op8,2,sqrt,,55
p3261,2900.3940000000002,QUERY,op1,,15,linear3,,35
p3262,2900.3940000000002,INTERACTIVE,op1,,1,const,,55
p3262,,,op2,op1,1,const,,55
p3262,,,op3,op2,5,linear3,,45
p3262,,,op4,op3,20,linear7,,30
p3262,,,op5,op4,15,linear3,,37.5
p3263,2900.3940000000002,INTERACTIVE,op1,,1,const,,55
p3263,,,op2,op1,80,squared,,10
p3263,,,op3,op2,2,sqrt,,55
p3263,,,op4,op3,80,squared,,10
p3263,,,op5,op4,40,linear7,,20
p3263,,,op6,op5,5,linear3,,45
p3263,,,op7,op6,15,linear3,,37.5
p3264,2900.3940000000002,INTERACTIVE,op1,,1,const,,55
p3264,,,op2,op1,1,const,,55
p3264,,,op3,op2,20,linear7,,30
p3264,,,op4,op3,1,const,,55
p3264,,,op5,op4,15,linear3,,37.5
p3264,,,op6,op5,80,squared,,10
p3265,2900.3940000000002,QUERY,op1,,15,linear3,,35
p3266,2900.3940000000002,INTERACTIVE,op1,,1,const,,55
p3266,,,op2,,20,linear7,,30
p3266,,,op3,,1,const,,55
p3266,,,op4,,1,const,,55
p3266,,,op5,,15,linear3,,37.5
p3266,,,op6,op1;op2;op3;op4;op5,2,sqrt,,55
p3267,2900.3940000000002,QUERY,op1,,15,linear3,,35
p3268,2900.3940000000002,INTERACTIVE,op1,,1,const,,55
p3268,,,op2,op1,20,linear7,,30
p3268,,,op3,op2,80,squared,,10
p3268,,,op4,op3,40,linear7,,20
p3268,,,op5,op4,15,linear3,,37.5
p3269,2900.3940000000002,BATCH_PIPELINE,op1,,1,const,,55
p3269,,,op2,op1,2,sqrt,,55
p3269,,,op3,op2,80,squared,,10
p3269,,,op4,op3,2,sqrt,,55
p3269,,,op5,op4,15,linear3,,37.5
p3269,,,op6,op5,5,linear3,,45
p3269,,,op7,op6,5,linear3,,45
p3270,2900.3940000000002,INTERACTIVE,op1,,1,const,,55
p3270,,,op2,op1,5,linear3,,45
p3270,,,op3,op2,15,linear3,,37.5
p3270,,,op4,op3,15,linear3,,37.5
p3270,,,op5,op4,2,sqrt,,55
p3271,2908.44,INTERACTIVE,op1,,1,const,,55
p3271,,,op2,op1,15,linear3,,37.5
p3271,,,op3,op2,5,linear3,,45
p3271,,,op4,op3,5,linear3,,45
p3271,,,op5,op4,2,sqrt,,55
p3271,,,op6,op5,1,const,,55
p3271,,,op7,op6,5,linear3,,45
p3272,2908.44,BATCH_PIPELINE,op1,,1,const,,55
p3272,,,op2,,5,linear3,,45
p3272,,,op3,,40,linear7,,20
p3272,,,op4,,2,sqrt,,55
p3272,,,op5,,15,linear3,,37.5
p3272,,,op6,,15,linear3,,37.5
p3272,,,op7,op1;op2;op3;op4;op5;op6,15,linear3,,37.5
p3273,2908.44,INTERACTIVE,op1,,1,const,,55
p3273,,,op2,op1,15,linear3,,37.5
p3273,,,op3,op1,80,squared,,10
p3273,,,op4,op1,15,linear3,,37.5
p3273,,,op5,op1,1,const,,55
p3273,,,op6,op1,20,linear7,,30
p3274,2908.44,INTERACTIVE,op1,,1,const,,55
p3274,,,op2,op1,1,const,,55
p3274,,,op3,op2,1,const,,55
p3274,,,op4,op3,80,squared,,10
p3274,,,op5,op4,5,linear3,,45
p3274,,,op6,op5,40,linear7,,20
p3275,2908.44,INTERACTIVE,op1,,1,const,,55
p3275,,,op2,op1,15,linear3,,37.5
p3275,,,op3,op2,20,linear7,,30
p3275,,,op4,op3,15,linear3,,37.5
p3276,2908.44,INTERACTIVE,op1,,1,const,,55
p3276,,,op2,op1,80,squared,,10
p3276,,,op3,op2,80,squared,,10
p3276,,,op4,op3,2,sqrt,,55
p3277,2908.44,QUERY,op1,,15,linear3,,35
p3278,2908.44,INTERACTIVE,op1,,1,const,,55
p3278,,,op2,,20,linear7,,30
p3278,,,op3,,15,linear3,,37.5
p3278,,,op4,,15,linear3,,37.5
p3278,,,op5,,80,squared,,10
p3278,,,op6,op1;op2;op3;op4;op5,5,linear3,,45
p3279,2908.44,BATCH_PIPELINE,op1,,1,const,,55
p3279,,,op2,op1,1,const,,55
p3279,,,op3,op2,15,linear3,,37.5
p3279,,,op4,op3,5,linear3,,45
p3279,,,op5,op4,15,linear3,,37.5
p3279,,,op6,op5,2,sqrt,,55
p3279,,,op7,op6,20,linear7,,30
p3279,,,op8,op7,40,linear7,,20
p3279,,,op9,op8,40,linear7,,20
p3279,,,op10,op9,5,linear3,,45
p3280,2908.44,BATCH_PIPELINE,op1,,1,const,,55
p3280,,,op2,op1,15,linear3,,37.5
p3280,,,op3,op2,20,linear7,,30
p3280,,,op4,op3,5,linear3,,45
p3280,,,op5,op4,5,linear3,,45
p3280,,,op6,op5,20,linear7,,30
p3280,,,op7,op6,5,linear3,,45
p3280,,,op8,op7,20,linear7,,30
p3281,2918.582,QUERY,op1,,15,linear3,,35
p3282,2918.582,QUERY,op1,,15,linear3,,35
p3283,2918.582,BATCH_PIPELINE,op1,,1,const,,55
p3283,,,op2,op1,15,linear3,,37.5
p3283,,,op3,op2,5,linear3,,45
p3283,,,op4,op3,15,linear3,,37.5
p3283,,,op5,op4,40,linear7,,20
p3283,,,op6,op5,40,linear7,,20
p3284,2918.582,BATCH_PIPELINE,op1,,1,const,,55
p3284,,,op2,op1,1,const,,55
p3284,,,op3,op1,5,linear3,,45
p3284,,,op4,op1,15,linear3,,37.5
p3284,,,op5,op1,5,linear3,,45
p3284,,,op6,op1,5,linear3,,45
p3284,,,op7,op1,5,linear3,,45
p3284,,,op8,op1,20,linear7,,30
p3284,,,op9,op1,1,const,,55
p3284,,,op10,op1,80,squared,,10
p3285,2918.582,QUERY,op1,,15,linear3,,35
p3286,2918.582,QUERY,op1,,15,linear3,,35
p3287,2918.582,INTERACTIVE,op1,,1,const,,55
p3287,,,op2,op1,40,linear7,,20
p3287,,,op3,op2,15,linear3,,37.5
p3287,,,op4,op3,80,squared,,10
p3287,,,op5,op4,1,const,,55
p3287,,,op6,op5,40,linear7,,20
p3288,2918.582,QUERY,op1,,15,linear3,,35
p3289,2918.582,INTERACTIVE,op1,,1,const,,55
p3289,,,op2,op1,1,const,,55
p3289,,,op3,op2,15,linear3,,37.5
p3289,,,op4,op3,40,linear7,,20
p3289,,,op5,op4,20,linear7,,30
p3289,,,op6,op5,80,squared,,10
p3289,,,op7,op6,80,squared,,10
p3289,,,op8,op7,20,linear7,,30
p3290,2918.582,BATCH_PIPELINE,op1,,1,const,,55
p3290,,,op2,op1,5,linear3,,45
p3290,,,op3,op2,40,linear7,,20
p3290,,,op4,op3,2,sqrt,,55
p3290,,,op5,op4,5,linear3,,45
p3290,,,op6,op5,5,linear3,,45
p3290,,,op7,op6,15,linear3,,37.5
p3290,,,op8,op7,5,linear3,,45
p3290,,,op9,op8,1,const,,55
p3291,2930.197,INTERACTIVE,op1,,1,const,,55
p3291,,,op2,op1,80,squared,,10
p3291,,,op3,op1,20,linear7,,30
p3291,,,op4,op1,80,squared,,10
p3291,,,op5,op1,20,linear7,,30
p3291,,,op6,op1,20,linear7,,30
p3291,,,op7,op1,40,linear7,,20
p3291,,,op8,op1,80,squared,,10
p3291,,,op9,op1,15,linear3,,37.5
p3292,2930.197,INTERACTIVE,op1,,1,const,,55
p3292,,,op2,op1,15,linear3,,37.5
p3292,,,op3,op2,1,const,,55
p3292,,,op4,op3,15,linear3,,37.5
p3292,,,op5,op4,40,linear7,,20
p3293,2930.197,BATCH_PIPELINE,op1,,1,const,,55
p3293,,,op2,op1,5,linear3,,45
p3293,,,op3,op2,40,linear7,,20
p3293,,,op4,op3,20,linear7,,30
p3293,,,op5,op4,20,linear7,,30
p3293,,,op6,op5,40,linear7,,20
p3293,,,op7,op6,15,linear3,,37.5
p3293,,,op8,op7,1,const,,55
p3293,,,op9,op8,5,linear3,,45
p3294,2930.197,QUERY,op1,,15,linear3,,35
p3295,2930.197,QUERY,op1,,15,linear3,,35
p3296,2930.197,QUERY,op1,,15,linear3,,35
p3297,2930.197,INTERACTIVE,op1,,1,const,,55
p3297,,,op2,,1,const,,55
p3297,,,op3,,15,linear3,,37.5
p3297,,,op4,,1,const,,55
p3297,,,op5,,5,linear3,,45
p3297,,,op6,op1;op2;op3;op4;op5,80,squared,,10
p3298,2930.197,INTERACTIVE,op1,,1,const,,55
p3298,,,op2,op1,2,sqrt,,55
p3298,,,op3,op2,15,linear3,,37.5
p3298,,,op4,op3,40,linear7,,20
p3298,,,op5,op4,20,linear7,,30
p3298,,,op6,op5,1,const,,55
p3299,2930.197,QUERY,op1,,15,linear3,,35
p3300,2930.197,INTERACTIVE,op1,,1,const,,55
p3300,,,op2,op1,2,sqrt,,55
p3300,,,op3,op2,40,linear7,,20
p3300,,,op4,op3,20,linear7,,30
p3300,,,op5,op4,20,linear7,,30
p3300,,,op6,op5,80,squared,,10
p3300,,,op7,op6,20,linear7,,30
p3301,2937.746,BATCH_PIPELINE,op1,,1,const,,55
p3301,,,op2,op1,15,linear3,,37.5
p3301,,,op3,op2,15,linear3,,37.5
p3301,,,op4,op3,1,const,,55
p3301,,,op5,op4,15,linear3,,37.5
p3301,,,op6,op5,15,linear3,,37.5
p3301,,,op7,op6,2,sqrt,,55
p3302,2937.746,QUERY,op1,,15,linear3,,35
p3303,2937.746,INTERACTIVE,op1,,1,const,,55
p3303,,,op2,op1,15,linear3,,37.5
p3303,,,op3,op2,5,linear3,,45
p3303,,,op4,op3,15,linear3,,37.5
p3303,,,op5,op4,15,linear3,,37.5
p3304,2937.746,INTERACTIVE,op1,,1,const,,55
p3304,,,op2,op1,40,linear7,,20
p3304,,,op3,op2,20,linear7,,30
p3304,,,op4,op3,80,squared,,10
p3304,,,op5,op4,40,linear7,,20
p3305,2937.746,INTERACTIVE,op1,,1,const,,55
p3305,,,op2,,2,sqrt,,55
p3305,,,op3,,20,linear7,,30
p3305,,,op4,,80,squared,,10
p3305,,,op5,,80,squared,,10
p3305,,,op6,,5,linear3,,45
p3305,,,op7,,20,linear7,,30
p3305,,,op8,op1;op2;op3;op4;op5;op6;op7,15,linear3,,37.5
p3306,2937.746,QUERY,op1,,15,linear3,,35
p3307,2937.746,INTERACTIVE,op1,,1,const,,55
p3307,,,op2,op1,15,linear3,,37.5
p3307,,,op3,op2,80,squared,,10
p3307,,,op4,op3,15,linear3,,37.5
p3308,2937.746,INTERACTIVE,op1,,1,const,,55
p3308,,,op2,op1,20,linear7,,30
p3308,,,op3,op2,20,linear7,,30
p3308,,,op4,op3,2,sqrt,,55
p3308,,,op5,op4,15,linear3,,37.5
p3308,,,op6,op5,40,linear7,,20
p3309,2937.746,QUERY,op1,,15,linear3,,35
p3310,2937.746,BATCH_PIPELINE,op1,,1,const,,55
p3310,,,op2,op1,20,linear7,,30
p3310,,,op3,op2,5,linear3,,45
p3310,,,op4,op3,2,sqrt,,55
p3310,,,op5,op4,5,linear3,,45
p3310,,,op6,op5,1,const,,55
p3310,,,op7,op6,20,linear7,,30
p3310,,,op8,op7,40,linear7,,20
p3311,2945.149,QUERY,op1,,15,linear3,,35
p3312,2945.149,BATCH_PIPELINE,op1,,1,const,,55
p3312,,,op2,,2,sqrt,,55
p3312,,,op3,,1,const,,55
p3312,,,op4,,15,linear3,,37.5
p3312,,,op5,op1;op2;op3;op4,15,linear3,,37.5
p3313,2945.149,QUERY,op1,,15,linear3,,35
p3314,2945.149,INTERACTIVE,op1,,1,const,,55
p3314,,,op2,,80,squared,,10
p3314,,,op3,,40,linear7,,20
p3314,,,op4,op1;op2;op3,40,linear7,,20
p3315,2945.149,INTERACTIVE,op1,,1,const,,55
p3315,,,op2,op1,15,linear3,,37.5
p3315,,,op3,op1,5,linear3,,45
p3315,,,op4,op1,15,linear3,,37.5
p3315,,,op5,op1,80,squared,,10
p3315,,,op6,op1,2,sqrt,,55
p3315,,,op7,op1,5,linear3,,45
p3316,2945.149,INTERACTIVE,op1,,1,const,,55
p3316,,,op2,,40,linear7,,20
p3316,,,op3,,20,linear7,,30
p3316,,,op4,,15,linear3,,37.5
p3316,,,op5,op1;op2;op3;op4,20,linear7,,30
p3317,2945.149,QUERY,op1,,15,linear3,,35
p3318,2945.149,INTERACTIVE,op1,,1,const,,55
p3318,,,op2,,5,linear3,,45
p3318,,,op3,,20,linear7,,30
p3318,,,op4,,15,linear3,,37.5
p3318,,,op5,,20,linear7,,30
p3318,,,op6,,15,linear3,,37.5
p3318,,,op7,op1;op2;op3;op4;op5;op6,15,linear3,,37.5
p3319,2945.149,QUERY,op1,,15,linear3,,35
p3320,2945.149,INTERACTIVE,op1,,1,const,,55
p3320,,,op2,,5,linear3,,45
p3320,,,op3,,80,squared,,10
p3320,,,op4,,2,sqrt,,55
p3320,,,op5,,15,linear3,,37.5
p3320,,,op6,op1;op2;op3;op4;op5,15,linear3,,37.5
p3321,2953.42,QUERY,op1,,15,linear3,,35
p3322,2953.42,QUERY,op1,,15,linear3,,35
p3323,2953.42,BATCH_PIPELINE,op1,,1,const,,55
p3323,,,op2,,20,linear7,,30
p3323,,,op3,,5,linear3,,45
p3323,,,op4,,20,linear7,,30
p3323,,,op5,op1;op2;op3;op4,5,linear3,,45
p3324,2953.42,QUERY,op1,,15,linear3,,35
p3325,2953.42,BATCH_PIPELINE,op1,,1,const,,55
p3325,,,op2,op1,15,linear3,,37.5
p3325,,,op3,op2,5,linear3,,45
p3325,,,op4,op3,5,linear3,,45
p3325,,,op5,op4,5,linear3,,45
p3325,,,op6,op5,1,const,,55
p3325,,,op7,op6,15,linear3,,37.5
p3325,,,op8,op7,20,linear7,,30
p3325,,,op9,op8,15,linear3,,37.5
p3326,2953.42,QUERY,op1,,15,linear3,,35
p3327,2953.42,INTERACTIVE,op1,,1,const,,55
p3327,,,op2,op1,20,linear7,,30
p3327,,,op3,op2,1,const,,55
p3327,,,op4,op3,20,linear7,,30
p3327,,,op5,op4,20,linear7,,30
p3328,2953.42,QUERY,op1,,15,linear3,,35
p3329,2953.42,QUERY,op1,,15,linear3,,35
p3330,2953.42,INTERACTIVE,op1,,1,const,,55
p3330,,,op2,op1,20,linear7,,30
p3330,,,op3,op2,80,squared,,10
p3330,,,op4,op3,20,linear7,,30
p3330,,,op5,op4,1,const,,55
p3331,2963.063,INTERACTIVE,op1,,1,const,,55
p3331,,,op2,op1,40,linear7,,20
p3331,,,op3,op2,5,linear3,,45
p3331,,,op4,op3,1,const,,55
p3332,2963.063,INTERACTIVE,op1,,1,const,,55
p3332,,,op2,,5,linear3,,45
p3332,,,op3,,5,linear3,,45
p3332,,,op4,,20,linear7,,30
p3332,,,op5,op1;op2;op3;op4,20,linear7,,30
p3333,2963.063,QUERY,op1,,15,linear3,,35
p3334,2963.063,QUERY,op1,,15,linear3,,35
p3335,2963.063,INTERACTIVE,op1,,1,const,,55
p3335,,,op2,op1,5,linear3,,45
p3335,,,op3,op1,1,const,,55
p3335,,,op4,op1,5,linear3,,45
p3336,2963.063,QUERY,op1,,15,linear3,,35
p3337,2963.063,INTERACTIVE,op1,,1,const,,55
p3337,,,op2,,80,squared,,10
p3337,,,op3,,2,sqrt,,55
p3337,,,op4,,2,sqrt,,55
p3337,,,op5,,40,linear7,,20
p3337,,,op6,op1;op2;op3;op4;op5,15,linear3,,37.5
p3338,2963.063,INTERACTIVE,op1,,1,const,,55
p3338,,,op2,op1,2,sqrt,,55
p3338,,,op3,op2,2,sqrt,,55
p3338,,,op4,op3,20,linear7,,30
p3338,,,op5,op4,20,linear7,,30
p3338,,,op6,op5,80,squared,,10
p3339,2963.063,QUERY,op1,,15,linear3,,35
p3340,2963.063,QUERY,op1,,15,linear3,,35
p3341,2975.303,QUERY,op1,,15,linear3,,35
p3342,2975.303,QUERY,op1,,15,linear3,,35
p3343,2975.303,QUERY,op1,,15,linear3,,35
p3344,2975.303,QUERY,op1,,15,linear3,,35
p3345,2975.303,BATCH_PIPELINE,op1,,1,const,,55
p3345,,,op2,,80,squared,,10
p3345,,,op3,,1,const,,55
p3345,,,op4,,1,const,,55
p3345,,,op5,,15,linear3,,37.5
p3345,,,op6,,20,linear7,,30
p3345,,,op7,,1,const,,55
p3345,,,op8,op1;op2;op3;op4;op5;op6;op7,1,const,,55
p3346,2975.303,BATCH_PIPELINE,op1,,1,const,,55
p3346,,,op2,op1,5,linear3,,45
p3346,,,op3,op1,5,linear3,,45
p3346,,,op4,op1,2,sqrt,,55
p3346,,,op5,op1,20,linear7,,30
p3346,,,op6,op1,80,squared,,10
p3346,,,op7,op1,40,linear7,,20
p3346,,,op8,op1,15,linear3,,37.5
p3346,,,op9,op1,2,sqrt,,55
p3346,,,op10,op1,15,linear3,,37.5
p3347,2975.303,INTERACTIVE,op1,,1,const,,55
p3347,,,op2,op1,5,linear3,,45
p3347,,,op3,op2,15,linear3,,37.5
p3347,,,op4,op3,1,const,,55
p3347,,,op5,op4,20,linear7,,30
p3348,2975.303,QUERY,op1,,15,linear3,,35
p3349,2975.303,INTERACTIVE,op1,,1,const,,55
p3349,,,op2,op1,40,linear7,,20
p3349,,,op3,op2,20,linear7,,30
p3349,,,op4,op3,2,sqrt,,55
p3350,2975.303,QUERY,op1,,15,linear3,,35
p3351,2984.522,BATCH_PIPELINE,op1,,1,const,,55
p3351,,,op2,,5,linear3,,45
p3351,,,op3,,1,const,,55
p3351,,,op4,,5,linear3,,45
p3351,,,op5,,20,linear7,,30
p3351,,,op6,op1;op2;op3;op4;op5,15,linear3,,37.5
p3352,2984.522,QUERY,op1,,15,linear3,,35
p3353,2984.522,QUERY,op1,,15,linear3,,35
p3354,2984.522,QUERY,op1,,15,linear3,,35
p3355,2984.522,INTERACTIVE,op1,,1,const,,55
p3355,,,op2,op1,15,linear3,,37.5
p3355,,,op3,op1,80,squared,,10
p3355,,,op4,op1,80,squared,,10
p3355,,,op5,op1,20,linear7,,30
p3355,,,op6,op1,20,linear7,,30
p3355,,,op7,op1,2,sqrt,,55
p3355,,,op8,op1,80,squared,,10
p3356,2984.522,INTERACTIVE,op1,,1,const,,55
p3356,,,op2,op1,5,linear3,,45
p3356,,,op3,op2,20,linear7,,30
p3356,,,op4,op3,20,linear7,,30
p3357,2984.522,INTERACTIVE,op1,,1,const,,55
p3357,,,op2,,20,linear7,,30
p3357,,,op3,,2,sqrt,,55
p3357,,,op4,,40,linear7,,20
p3357,,,op5,,15,linear3,,37.5
p3357,,,op6,op1;op2;op3;op4;op5,20,linear7,,30
p3358,2984.522,QUERY,op1,,15,linear3,,35
p3359,2984.522,QUERY,op1,,15,linear3,,35
p3360,2984.522,QUERY,op1,,15,linear3,,35
p3361,2997.4500000000003,INTERACTIVE,op1,,1,const,,55
p3361,,,op2,op1,15,linear3,,37.5
p3361,,,op3,op2,15,linear3,,37.5
p3361,,,op4,op3,80,squared,,10
p3361,,,op5,op4,20,linear7,,30
p3361,,,op6,op5,20,linear7,,30
p3361,,,op7,op6,80,squared,,10
p3362,2997.4500000000003,INTERACTIVE,op1,,1,const,,55
p3362,,,op2,op1,40,linear7,,20
p3362,,,op3,op1,15,linear3,,37.5
p3362,,,op4,op1,5,linear3,,45
p3362,,,op5,op1,2,sqrt,,55
p3362,,,op6,op1,2,sqrt,,55
p3362,,,op7,op1,2,sqrt,,55
p3363,2997.4500000000003,BATCH_PIPELINE,op1,,1,const,,55
p3363,,,op2,op1,20,linear7,,30
p3363,,,op3,op2,2,sqrt,,55
p3363,,,op4,op3,2,sqrt,,55
p3363,,,op5,op4,5,linear3,,45
p3363,,,op6,op5,2,sqrt,,55
p3363,,,op7,op6,2,sqrt,,55
p3364,2997.4500000000003,BATCH_PIPELINE,op1,,1,const,,55
p3364,,,op2,op1,15,linear3,,37.5
p3364,,,op3,op2,40,linear7,,20
p3364,,,op4,op3,20,linear7,,30
p3365,2997.4500000000003,BATCH_PIPELINE,op1,,1,const,,55
p3365,,,op2,op1,5,linear3,,45
p3365,,,op3,op2,2,sqrt,,55
p3365,,,op4,op3,1,const,,55
p3365,,,op5,op4,2,sqrt,,55
p3365,,,op6,op5,80,squared,,10
p3365,,,op7,op6,5,linear3,,45
p3365,,,op8,op7,80,squared,,10
p3365,,,op9,op8,80,squared,,10
p3365,,,op10,op9,80,squared,,10
p3365,,,op11,op10,80,squared,,10
p3366,2997.4500000000003,INTERACTIVE,op1,,1,const,,55
p3366,,,op2,op1,5,linear3,,45
p3366,,,op3,op2,20,linear7,,30
p3366,,,op4,op3,20,linear7,,30
p3366,,,op5,op4,15,linear3,,37.5
p3366,,,op6,op5,15,linear3,,37.5
p3367,2997.4500000000003,INTERACTIVE,op1,,1,const,,55
p3367,,,op2,op1,20,linear7,,30
p3367,,,op3,op2,5,linear3,,45
p3367,,,op4,op3,5,linear3,,45
p3367,,,op5,op4,15,linear3,,37.5
p3368,2997.4500000000003,INTERACTIVE,op1,,1,const,,55
p3368,,,op2,op1,40,linear7,,20
p3368,,,op3,op1,20,linear7,,30
p3368,,,op4,op1,15,linear3,,37.5
p3368,,,op5,op1,15,linear3,,37.5
p3368,,,op6,op1,2,sqrt,,55
p3368,,,op7,op1,20,linear7,,30
p3369,2997.4500000000003,INTERACTIVE,op1,,1,const,,55
p3369,,,op2,op1,1,const,,55
p3369,,,op3,op2,5,linear3,,45
p3369,,,op4,op3,80,squared,,10
p3369,,,op5,op4,20,linear7,,30
p3369,,,op6,op5,5,linear3,,45
p3369,,,op7,op6,1,const,,55
p3370,2997.4500000000003,QUERY,op1,,15,linear3,,35
p3371,3004.76,BATCH_PIPELINE,op1,,1,const,,55
p3371,,,op2,op1,20,linear7,,30
p3371,,,op3,op2,20,linear7,,30
p3371,,,op4,op3,1,const,,55
p3371,,,op5,op4,15,linear3,,37.5
p3371,,,op6,op5,15,linear3,,37.5
p3371,,,op7,op6,15,linear3,,37.5
p3371,,,op8,op7,1,const,,55
p3371,,,op9,op8,15,linear3,,37.5
p3371,,,op10,op9,20,linear7,,30
p3372,3004.76,INTERACTIVE,op1,,1,const,,55
p3372,,,op2,,15,linear3,,37.5
p3372,,,op3,,20,linear7,,30
p3372,,,op4,op1;op2;op3,15,linear3,,37.5
p3373,3004.76,QUERY,op1,,15,linear3,,35
p3374,3004.76,INTERACTIVE,op1,,1,const,,55
p3374,,,op2,op1,15,linear3,,37.5
p3374,,,op3,op2,80,squared,,10
p3374,,,op4,op3,1,const,,55
p3374,,,op5,op4,15,linear3,,37.5
p3374,,,op6,op5,2,sqrt,,55
p3375,3004.76,INTERACTIVE,op1,,1,const,,55
p3375,,,op2,op1,15,linear3,,37.5
p3375,,,op3,op2,80,squared,,10
p3375,,,op4,op3,20,linear7,,30
p3375,,,op5,op4,40,linear7,,20
p3375,,,op6,op5,40,linear7,,20
p3375,,,op7,op6,1,const,,55
p3376,3004.76,INTERACTIVE,op1,,1,const,,55
p3376,,,op2,op1,80,squared,,10
p3376,,,op3,op2,5,linear3,,45
p3376,,,op4,op3,80,squared,,10
p3377,3004.76,BATCH_PIPELINE,op1,,1,const,,55
p3377,,,op2,op1,5,linear3,,45
p3377,,,op3,op2,15,linear3,,37.5
p3377,,,op4,op3,5,linear3,,45
p3377,,,op5,op4,5,linear3,,45
p3378,3004.76,BATCH_PIPELINE,op1,,1,const,,55
p3378,,,op2,op1,80,squared,,10
p3378,,,op3,op2,5,linear3,,45
p3378,,,op4,op3,5,linear3,,45
p3378,,,op5,op4,5,linear3,,45
p3378,,,op6,op5,80,squared,,10
p3378,,,op7,op6,20,linear7,,30
p3378,,,op8,op7,1,const,,55
p3379,3004.76,QUERY,op1,,15,linear3,,35
p3380,3004.76,INTERACTIVE,op1,,1,const,,55
p3380,,,op2,,20,linear7,,30
p3380,,,op3,,15,linear3,,37.5
p3380,,,op4,,80,squared,,10
p3380,,,op5,,40,linear7,,20
p3380,,,op6,op1;op2;op3;op4;op5,15,linear3,,37.5
p3381,3016.338,QUERY,op1,,15,linear3,,35
p3382,3016.338,QUERY,op1,,15,linear3,,35
p3383,3016.338,INTERACTIVE,op1,,1,const,,55
p3383,,,op2,op1,15,linear3,,37.5
p3383,,,op3,op1,20,linear7,,30
p3383,,,op4,op1,20,linear7,,30
p3383,,,op5,op1,40,linear7,,20
p3383,,,op6,op1,40,linear7,,20
p3384,3016.338,QUERY,op1,,15,linear3,,35
p3385,3016.338,INTERACTIVE,op1,,1,const,,55
p3385,,,op2,op1,40,linear7,,20
p3385,,,op3,op2,15,linear3,,37.5
p3385,,,op4,op3,20,linear7,,30
p3385,,,op5,op4,40,linear7,,20
p3386,3016.338,BATCH_PIPELINE,op1,,1,const,,55
p3386,,,op2,op1,20,linear7,,30
p3386,,,op3,op1,5,linear3,,45
p3386,,,op4,op1,20,linear7,,30
p3386,,,op5,op1,20,linear7,,30
p3386,,,op6,op1,20,linear7,,30
p3386,,,op7,op1,80,squared,,10
p3386,,,op8,op1,1,const,,55
p3386,,,op9,op1,80,squared,,10
p3386,,,op10,op1,80,squared,,10
p3387,3016.338,INTERACTIVE,op1,,1,const,,55
p3387,,,op2,op1,15,linear3,,37.5
p3387,,,op3,op2,20,linear7,,30
p3387,,,op4,op3,20,linear7,,30
p3387,,,op5,op4,40,linear7,,20
p3387,,,op6,op5,20,linear7,,30
p3388,3016.338,QUERY,op1,,15,linear3,,35
p3389,3016.338,QUERY,op1,,15,linear3,,35
p3390,3016.338,INTERACTIVE,op1,,1,const,,55
p3390,,,op2,,15,linear3,,37.5
p3390,,,op3,,80,squared,,10
p3390,,,op4,,2,sqrt,,55
p3390,,,op5,,15,linear3,,37.5
p3390,,,op6,,5,linear3,,45
p3390,,,op7,op1;op2;op3;op4;op5;op6,80,squared,,10
p3391,3029.03,QUERY,op1,,15,linear3,,35
p3392,3029.03,INTERACTIVE,op1,,1,const,,55
p3392,,,op2,op1,15,linear3,,37.5
p3392,,,op3,op2,40,linear7,,20
p3392,,,op4,op3,2,sqrt,,55
p3392,,,op5,op4,15,linear3,,37.5
p3392,,,op6,op5,80,squared,,10
p3392,,,op7,op6,5,linear3,,45
p3392,,,op8,op7,40,linear7,,20
p3393,3029.03,INTERACTIVE,op1,,1,const,,55
p3393,,,op2,op1,80,squared,,10
p3393,,,op3,op2,20,linear7,,30
p3393,,,op4,op3,40,linear7,,20
p3393,,,op5,op4,80,squared,,10
p3394,3029.03,INTERACTIVE,op1,,1,const,,55
p3394,,,op2,op1,15,linear3,,37.5
p3394,,,op3,op1,40,linear7,,20
p3394,,,op4,op1,5,linear3,,45
p3395,3029.03,QUERY,op1,,15,linear3,,35
p3396,3029.03,QUERY,op1,,15,linear3,,35
p3397,3029.03,QUERY,op1,,15,linear3,,35
p3398,3029.03,QUERY,op1,,15,linear3,,35
p3399,3029.03,QUERY,op1,,15,linear3,,35
p3400,3029.03,INTERACTIVE,op1,,1,const,,55
p3400,,,op2,op1,40,linear7,,20
p3401,3038.813,QUERY,op1,,15,linear3,,35
p3402,3038.813,QUERY,op1,,15,linear3,,35
p3403,3038.813,QUERY,op1,,15,linear3,,35
p3404,3038.813,BATCH_PIPELINE,op1,,1,const,,55
p3404,,,op2,op1,15,linear3,,37.5
p3404,,,op3,op2,80,squared,,10
p3404,,,op4,op3,2,sqrt,,55
p3404,,,op5,op4,15,linear3,,37.5
p3404,,,op6,op5,20,linear7,,30
p3404,,,op7,op6,2,sqrt,,55
p3405,3038.813,BATCH_PIPELINE,op1,,1,const,,55
p3405,,,op2,op1,5,linear3,,45
p3405,,,op3,op2,5,linear3,,45
p3405,,,op4,op3,40,linear7,,20
p3405,,,op5,op4,2,sqrt,,55
p3405,,,op6,op5,15,linear3,,37.5
p3406,3038.813,INTERACTIVE,op1,,1,const,,55
p3406,,,op2,,40,linear7,,20
p3406,,,op3,,2,sqrt,,55
p3406,,,op4,,15,linear3,,37.5
p3406,,,op5,,2,sqrt,,55
p3406,,,op6,op1;op2;op3;op4;op5,15,linear3,,37.5
p3407,3038.813,QUERY,op1,,15,linear3,,35
p3408,3038.813,INTERACTIVE,op1,,1,const,,55
p3408,,,op2,op1,1,const,,55
p3408,,,op3,op2,2,sqrt,,55
p3409,3038.813,INTERACTIVE,op1,,1,const,,55
p3409,,,op2,op1,15,linear3,,37.5
p3409,,,op3,op2,5,linear3,,45
p3410,3038.813,INTERACTIVE,op1,,1,const,,55
p3410,,,op2,op1,5,linear3,,45
p3410,,,op3,op2,5,linear3,,45
p3410,,,op4,op3,5,linear3,,45
p3411,3049.3650000000002,QUERY,op1,,15,linear3,,35
p3412,3049.3650000000002,INTERACTIVE,op1,,1,const,,55
p3412,,,op2,op1,5,linear3,,45
p3412,,,op3,op2,15,linear3,,37.5
p3412,,,op4,op3,5,linear3,,45
p3412,,,op5,op4,20,linear7,,30
p3412,,,op6,op5,40,linear7,,20
p3413,3049.3650000000002,BATCH_PIPELINE,op1,,1,const,,55
p3413,,,op2,op1,1,const,,55
p3413,,,op3,op1,5,linear3,,45
p3413,,,op4,op1,40,linear7,,20
p3413,,,op5,op1,1,const,,55
p3413,,,op6,op1,5,linear3,,45
p3414,3049.3650000000002,INTERACTIVE,op1,,1,const,,55
p3414,,,op2,op1,5,linear3,,45
p3414,,,op3,op2,2,sqrt,,55
p3414,,,op4,op3,15,linear3,,37.5
p3414,,,op5,op4,20,linear7,,30
p3414,,,op6,op5,2,sqrt,,55
p3414,,,op7,op6,40,linear7,,20
p3414,,,op8,op7,20,linear7,,30
p3414,,,op9,op8,40,linear7,,20
p3415,3049.3650000000002,INTERACTIVE,op1,,1,const,,55
p3415,,,op2,op1,80,squared,,10
p3415,,,op3,op2,15,linear3,,37.5
p3415,,,op4,op3,15,linear3,,37.5
p3415,,,op5,op4,5,linear3,,45
p3415,,,op6,op5,5,linear3,,45
p3416,3049.3650000000002,INTERACTIVE,op1,,1,const,,55
p3416,,,op2,op1,15,linear3,,37.5
p3416,,,op3,op2,15,linear3,,37.5
p3416,,,op4,op3,20,linear7,,30
p3416,,,op5,op4,1,const,,55
p3416,,,op6,op5,2,sqrt,,55
p3416,,,op7,op6,1,const,,55
p3417,3049.3650000000002,INTERACTIVE,op1,,1,const,,55
p3417,,,op2,op1,2,sqrt,,55
p3417,,,op3,op2,5,linear3,,45
p3417,,,op4,op3,2,sqrt,,55
p3418,3049.3650000000002,INTERACTIVE,op1,,1,const,,55
p3418,,,op2,op1,5,linear3,,45
p3418,,,op3,op2,1,const,,55
p3418,,,op4,op3,5,linear3,,45
p3418,,,op5,op4,5,linear3,,45
p3418,,,op6,op5,20,linear7,,30
p3419,3049.3650000000002,BATCH_PIPELINE,op1,,1,const,,55
p3419,,,op2,op1,5,linear3,,45
p3419,,,op3,op2,2,sqrt,,55
p3419,,,op4,op3,40,linear7,,20
p3419,,,op5,op4,15,linear3,,37.5
p3419,,,op6,op5,5,linear3,,45
p3419,,,op7,op6,80,squared,,10
p3419,,,op8,op7,20,linear7,,30
p3420,3049.3650000000002,QUERY,op1,,15,linear3,,35
p3421,3056.822,INTERACTIVE,op1,,1,const,,55
p3421,,,op2,op1,20,linear7,,30
p3421,,,op3,op2,40,linear7,,20
p3421,,,op4,op3,20,linear7,,30
p3421,,,op5,op4,40,linear7,,20
p3421,,,op6,op5,20,linear7,,30
p3422,3056.822,BATCH_PIPELINE,op1,,1,const,,55
p3422,,,op2,op1,1,const,,55
p3422,,,op3,op2,15,linear3,,37.5
p3422,,,op4,op3,1,const,,55
p3422,,,op5,op4,15,linear3,,37.5
p3422,,,op6,op5,5,linear3,,45
p3423,3056.822,BATCH_PIPELINE,op1,,1,const,,55
p3423,,,op2,op1,15,linear3,,37.5
p3423,,,op3,op1,40,linear7,,20
p3423,,,op4,op1,1,const,,55
p3423,,,op5,op1,2,sqrt,,55
p3423,,,op6,op1,20,linear7,,30
p3423,,,op7,op1,15,linear3,,37.5
p3423,,,op8,op1,15,linear3,,37.5
p3424,3056.822,INTERACTIVE,op1,,1,const,,55
p3424,,,op2,op1,5,linear3,,45
p3424,,,op3,op2,5,linear3,,45
p3424,,,op4,op3,80,squared,,10
p3425,3056.822,QUERY,op1,,15,linear3,,35
p3426,3056.822,QUERY,op1,,15,linear3,,35
p3427,3056.822,QUERY,op1,,15,linear3,,35
p3428,3056.822,BATCH_PIPELINE,op1,,1,const,,55
p3428,,,op2,op1,1,const,,55
p3428,,,op3,op2,5,linear3,,45
p3428,,,op4,op3,20,linear7,,30
p3428,,,op5,op4,15,linear3,,37.5
p3428,,,op6,op5,5,linear3,,45
p3429,3056.822,QUERY,op1,,15,linear3,,35
p3430,3056.822,INTERACTIVE,op1,,1,const,,55
p3430,,,op2,,20,linear7,,30
p3430,,,op3,,40,linear7,,20
p3430,,,op4,,5,linear3,,45
p3430,,,op5,,40,linear7,,20
p3430,,,op6,op1;op2;op3;op4;op5,15,linear3,,37.5
p3431,3068.404,BATCH_PIPELINE,op1,,1,const,,55
p3431,,,op2,op1,40,linear7,,20
p3431,,,op3,op2,2,sqrt,,55
p3431,,,op4,op3,5,linear3,,45
p3431,,,op5,op4,5,linear3,,45
p3432,3068.404,QUERY,op1,,15,linear3,,35
p3433,3068.404,QUERY,op1,,15,linear3,,35
p3434,3068.404,QUERY,op1,,15,linear3,,35
p3435,3068.404,QUERY,op1,,15,linear3,,35
p3436,3068.404,INTERACTIVE,op1,,1,const,,55
p3436,,,op2,op1,20,linear7,,30
p3436,,,op3,op2,2,sqrt,,55
p3436,,,op4,op3,20,linear7,,30
p3437,3068.404,INTERACTIVE,op1,,1,const,,55
p3437,,,op2,op1,40,linear7,,20
p3437,,,op3,op1,80,squared,,10
p3437,,,op4,op1,2,sqrt,,55
p3437,,,op5,op1,15,linear3,,37.5
p3438,3068.404,BATCH_PIPELINE,op1,,1,const,,55
p3438,,,op2,op1,20,linear7,,30
p3438,,,op3,op1,2,sqrt,,55
p3438,,,op4,op1,1,const,,55
p3438,,,op5,op1,1,const,,55
p3438,,,op6,op1,40,linear7,,20
p3438,,,op7,op1,2,sqrt,,55
p3438,,,op8,op1,15,linear3,,37.5
p3439,3068.404,QUERY,op1,,15,linear3,,35
p3440,3068.404,INTERACTIVE,op1,,1,const,,55
p3440,,,op2,,15,linear3,,37.5
p3440,,,op3,,5,linear3,,45
p3440,,,op4,,2,sqrt,,55
p3440,,,op5,,15,linear3,,37.5
p3440,,,op6,op1;op2;op3;op4;op5,15,linear3,,37.5
p3441,3078.37,QUERY,op1,,15,linear3,,35
p3442,3078.37,INTERACTIVE,op1,,1,const,,55
p3442,,,op2,,5,linear3,,45
p3442,,,op3,,1,const,,55
p3442,,,op4,op1;op2;op3,5,linear3,,45
p3443,3078.37,QUERY,op1,,15,linear3,,35
p3444,3078.37,INTERACTIVE,op1,,1,const,,55
p3444,,,op2,op1,80,squared,,10
p3444,,,op3,op2,40,linear7,,20
p3444,,,op4,op3,40,linear7,,20
p3444,,,op5,op4,5,linear3,,45
p3444,,,op6,op5,2,sqrt,,55
p3444,,,op7,op6,5,linear3,,45
p3444,,,op8,op7,15,linear3,,37.5
p3445,3078.37,INTERACTIVE,op1,,1,const,,55
p3445,,,op2,op1,2,sqrt,,55
p3445,,,op3,op2,1,const,,55
p3445,,,op4,op3,2,sqrt,,55
p3446,3078.37,INTERACTIVE,op1,,1,const,,55
p3446,,,op2,op1,20,linear7,,30
p3446,,,op3,op2,20,linear7,,30
p3446,,,op4,op3,5,linear3,,45
p3447,3078.37,QUERY,op1,,15,linear3,,35
p3448,3078.37,QUERY,op1,,15,linear3,,35
p3449,3078.37,INTERACTIVE,op1,,1,const,,55
p3449,,,op2,op1,80,squared,,10
p3449,,,op3,op1,80,squared,,10
p3449,,,op4,op1,5,linear3,,45
p3449,,,op5,op1,80,squared,,10
p3449,,,op6,op1,15,linear3,,37.5
p3449,,,op7,op1,40,linear7,,20
p3450,3078.37,INTERACTIVE,op1,,1,const,,55
p3450,,,op2,op1,2,sqrt,,55
p3450,,,op3,op2,1,const,,55
p3451,3089.349,INTERACTIVE,op1,,1,const,,55
p3451,,,op2,op1,80,squared,,10
p3451,,,op3,op1,20,linear7,,30
p3451,,,op4,op1,15,linear3,,37.5
p3451,,,op5,op1,15,linear3,,37.5
p3452,3089.349,INTERACTIVE,op1,,1,const,,55
p3452,,,op2,op1,20,linear7,,30
p3452,,,op3,op2,15,linear3,,37.5
p3452,,,op4,op3,1,const,,55
p3452,,,op5,op4,40,linear7,,20
p3452,,,op6,op5,2,sqrt,,55
p3452,,,op7,op6,20,linear7,,30
p3453,3089.349,QUERY,op1,,15,linear3,,35
p3454,3089.349,QUERY,op1,,15,linear3,,35
p3455,3089.349,INTERACTIVE,op1,,1,const,,55
p3455,,,op2,op1,2,sqrt,,55
p3455,,,op3,op2,40,linear7,,20
p3455,,,op4,op3,5,linear3,,45
p3455,,,op5,op4,1,const,,55
p3455,,,op6,op5,20,linear7,,30
p3455,,,op7,op6,2,sqrt,,55
p3455,,,op8,op7,20,linear7,,30
p3455,,,op9,op8,2,sqrt,,55
p3456,3089.349,INTERACTIVE,op1,,1,const,,55
p3456,,,op2,op1,20,linear7,,30
p3456,,,op3,op2,15,linear3,,37.5
p3456,,,op4,op3,80,squared,,10
p3456,,,op5,op4,20,linear7,,30
p3456,,,op6,op5,40,linear7,,20
p3457,3089.349,INTERACTIVE,op1,,1,const,,55
p3457,,,op2,op1,5,linear3,,45
p3457,,,op3,op2,80,squared,,10
p3457,,,op4,op3,15,linear3,,37.5
p3458,3089.349,BATCH_PIPELINE,op1,,1,const,,55
p3458,,,op2,op1,5,linear3,,45
p3458,,,op3,op2,5,linear3,,45
p3458,,,op4,op3,40,linear7,,20
p3458,,,op5,op4,2,sqrt,,55
p3458,,,op6,op5,1,const,,55
p3459,3089.349,INTERACTIVE,op1,,1,const,,55
p3459,,,op2,op1,1,const,,55
p3459,,,op3,op2,40,linear7,,20
p3459,,,op4,op3,15,linear3,,37.5
p3459,,,op5,op4,20,linear7,,30
p3459,,,op6,op5,20,linear7,,30
p3460,3089.349,QUERY,op1,,15,linear3,,35
p3461,3099.031,QUERY,op1,,15,linear3,,35
p3462,3099.031,QUERY,op1,,15,linear3,,35
p3463,3099.031,QUERY,op1,,15,linear3,,35
p3464,3099.031,BATCH_PIPELINE,op1,,1,const,,55
p3464,,,op2,,2,sqrt,,55
p3464,,,op3,,40,linear7,,20
p3464,,,op4,op1;op2;op3,40,linear7,,20
p3465,3099.031,INTERACTIVE,op1,,1,const,,55
p3465,,,op2,,40,linear7,,20
p3465,,,op3,,1,const,,55
p3465,,,op4,,1,const,,55
p3465,,,op5,op1;op2;op3;op4,15,linear3,,37.5
p3466,3099.031,BATCH_PIPELINE,op1,,1,const,,55
p3466,,,op2,op1,40,linear7,,20
p3466,,,op3,op2,2,sqrt,,55
p3466,,,op4,op3,15,linear3,,37.5
p3466,,,op5,op4,20,linear7,,30
p3466,,,op6,op5,1,const,,55
p3466,,,op7,op6,40,linear7,,20
p3466,,,op8,op7,15,linear3,,37.5
p3467,3099.031,INTERACTIVE,op1,,1,const,,55
p3467,,,op2,op1,40,linear7,,20
p3467,,,op3,op2,5,linear3,,45
p3467,,,op4,op3,20,linear7,,30
p3467,,,op5,op4,5,linear3,,45
p3467,,,op6,op5,2,sqrt,,55
p3468,3099.031,QUERY,op1,,15,linear3,,35
p3469,3099.031,INTERACTIVE,op1,,1,const,,55
p3469,,,op2,op1,5,linear3,,45
p3469,,,op3,op2,20,linear7,,30
p3469,,,op4,op3,5,linear3,,45
p3469,,,op5,op4,1,const,,55
p3469,,,op6,op5,5,linear3,,45
p3469,,,op7,op6,15,linear3,,37.5
p3470,3099.031,INTERACTIVE,op1,,1,const,,55
p3470,,,op2,op1,2,sqrt,,55
p3470,,,op3,op2,5,linear3,,45
p3470,,,op4,op3,80,squared,,10
p3470,,,op5,op4,1,const,,55
p3470,,,op6,op5,5,linear3,,45
p3471,3105.621,QUERY,op1,,15,linear3,,35
p3472,3105.621,BATCH_PIPELINE,op1,,1,const,,55
p3472,,,op2,op1,1,const,,55
p3472,,,op3,op2,5,linear3,,45
p3472,,,op4,op3,15,linear3,,37.5
p3472,,,op5,op4,20,linear7,,30
p3472,,,op6,op5,80,squared,,10
p3472,,,op7,op6,20,linear7,,30
p3472,,,op8,op7,2,sqrt,,55
p3472,,,op9,op8,15,linear3,,37.5
p3473,3105.621,QUERY,op1,,15,linear3,,35
p3474,3105.621,INTERACTIVE,op1,,1,const,,55
p3474,,,op2,op1,20,linear7,,30
p3474,,,op3,op2,5,linear3,,45
p3474,,,op4,op3,15,linear3,,37.5
p3474,,,op5,op4,80,squared,,10
p3474,,,op6,op5,2,sqrt,,55
p3475,3105.621,INTERACTIVE,op1,,1,const,,55
p3475,,,op2,op1,1,const,,55
p3475,,,op3,op2,80,squared,,10
p3475,,,op4,op3,15,linear3,,37.5
p3475,,,op5,op4,5,linear3,,45
p3475,,,op6,op5,5,linear3,,45
p3475,,,op7,op6,5,linear3,,45
p3476,3105.621,INTERACTIVE,op1,,1,const,,55
p3476,,,op2,op1,20,linear7,,30
p3476,,,op3,op2,20,linear7,,30
p3476,,,op4,op3,80,squared,,10
p3476,,,op5,op4,15,linear3,,37.5
p3476,,,op6,op5,2,sqrt,,55
p3477,3105.621,INTERACTIVE,op1,,1,const,,55
p3477,,,op2,op1,5,linear3,,45
p3477,,,op3,op2,80,squared,,10
p3477,,,op4,op3,80,squared,,10
p3477,,,op5,op4,1,const,,55
p3477,,,op6,op5,5,linear3,,45
p3477,,,op7,op6,15,linear3,,37.5
p3477,,,op8,op7,2,sqrt,,55
p3477,,,op9,op8,15,linear3,,37.5
p3478,3105.621,QUERY,op1,,15,linear3,,35
p3479,3105.621,QUERY,op1,,15,linear3,,35
p3480,3105.621,QUERY,op1,,15,linear3,,35
p3481,3117.251,INTERACTIVE,op1,,1,const,,55
p3481,,,op2,,40,linear7,,20
p3481,,,op3,,2,sqrt,,55
p3481,,,op4,,20,linear7,,30
p3481,,,op5,op1;op2;op3;op4,15,linear3,,37.5
p3482,3117.251,QUERY,op1,,15,linear3,,35
p3483,3117.251,INTERACTIVE,op1,,1,const,,55
p3483,,,op2,op1,5,linear3,,45
p3483,,,op3,op2,2,sqrt,,55
p3483,,,op4,op3,20,linear7,,30
p3483,,,op5,op4,5,linear3,,45
p3483,,,op6,op5,2,sqrt,,55
p3484,3117.251,INTERACTIVE,op1,,1,const,,55
p3484,,,op2,op1,2,sqrt,,55
p3484,,,op3,op2,40,linear7,,20
p3484,,,op4,op3,15,linear3,,37.5
p3484,,,op5,op4,40,linear7,,20
p3484,,,op6,op5,5,linear3,,45
p3485,3117.251,QUERY,op1,,15,linear3,,35
p3486,3117.251,INTERACTIVE,op1,,1,const,,55
p3486,,,op2,op1,40,linear7,,20
p3486,,,op3,op2,5,linear3,,45
p3486,,,op4,op3,2,sqrt,,55
p3486,,,op5,op4,40,linear7,,20
p3486,,,op6,op5,80,squared,,10
p3486,,,op7,op6,40,linear7,,20
p3486,,,op8,op7,15,linear3,,37.5
p3487,3117.251,INTERACTIVE,op1,,1,const,,55
p3487,,,op2,,15,linear3,,37.5
p3487,,,op3,,15,linear3,,37.5
p3487,,,op4,,5,linear3,,45
p3487,,,op5,,5,linear3,,45
p3487,,,op6,,5,linear3,,45
p3487,,,op7,op1;op2;op3;op4;op5;op6,1,const,,55
p3488,3117.251,QUERY,op1,,15,linear3,,35
p3489,3117.251,QUERY,op1,,15,linear3,,35
p3490,3117.251,INTERACTIVE,op1,,1,const,,55
p3490,,,op2,op1,80,squared,,10
p3490,,,op3,op2,5,linear3,,45
p3490,,,op4,op3,1,const,,55
p3490,,,op5,op4,40,linear7,,20
p3490,,,op6,op5,80,squared,,10
p3490,,,op7,op6,80,squared,,10
p3491,3127.343,INTERACTIVE,op1,,1,const,,55
p3491,,,op2,op1,80,squared,,10
p3491,,,op3,op2,80,squared,,10
p3491,,,op4,op3,40,linear7,,20
p3491,,,op5,op4,5,linear3,,45
p3491,,,op6,op5,2,sqrt,,55
p3492,3127.343,QUERY,op1,,15,linear3,,35
p3493,3127.343,INTERACTIVE,op1,,1,const,,55
p3493,,,op2,op1,20,linear7,,30
p3493,,,op3,op2,20,linear7,,30
p3493,,,op4,op3,15,linear3,,37.5
p3493,,,op5,op4,2,sqrt,,55
p3493,,,op6,op5,1,const,,55
p3493,,,op7,op6,5,linear3,,45
p3493,,,op8,op7,5,linear3,,45
p3494,3127.343,QUERY,op1,,15,linear3,,35
p3495,3127.343,INTERACTIVE,op1,,1,const,,55
p3495,,,op2,,20,linear7,,30
p3495,,,op3,,1,const,,55
p3495,,,op4,,80,squared,,10
p3495,,,op5,,15,linear3,,37.5
p3495,,,op6,op1;op2;op3;op4;op5,1,const,,55
p3496,3127.343,QUERY,op1,,15,linear3,,35
p3497,3127.343,QUERY,op1,,15,linear3,,35
p3498,3127.343,INTERACTIVE,op1,,1,const,,55
p3498,,,op2,op1,2,sqrt,,55
p3498,,,op3,op2,2,sqrt,,55
p3498,,,op4,op3,40,linear7,,20
p3498,,,op5,op4,80,squared,,10
p3499,3127.343,QUERY,op1,,15,linear3,,35
p3500,3127.343,QUERY,op1,,15,linear3,,35
p3501,3133.809,QUERY,op1,,15,linear3,,35
p3502,3133.809,QUERY,op1,,15,linear3,,35
p3503,3133.809,QUERY,op1,,15,linear3,,35
p3504,3133.809,INTERACTIVE,op1,,1,const,,55
p3504,,,op2,,40,linear7,,20
p3504,,,op3,,15,linear3,,37.5
p3504,,,op4,,80,squared,,10
p3504,,,op5,,20,linear7,,30
p3504,,,op6,op1;op2;op3;op4;op5,80,squared,,10
p3505,3133.809,BATCH_PIPELINE,op1,,1,const,,55
p3505,,,op2,op1,2,sqrt,,55
p3505,,,op3,op2,20,linear7,,30
p3505,,,op4,op3,15,linear3,,37.5
p3505,,,op5,op4,5,linear3,,45
p3505,,,op6,op5,20,linear7,,30
p3505,,,op7,op6,15,linear3,,37.5
p3505,,,op8,op7,20,linear7,,30
p3506,3133.809,BATCH_PIPELINE,op1,,1,const,,55
p3506,,,op2,op1,40,linear7,,20
p3506,,,op3,op2,40,linear7,,20
p3506,,,op4,op3,15,linear3,,37.5
p3506,,,op5,op4,5,linear3,,45
p3506,,,op6,op5,80,squared,,10
p3506,,,op7,op6,5,linear3,,45
p3506,,,op8,op7,20,linear7,,30
p3506,,,op9,op8,5,linear3,,45
p3507,3133.809,QUERY,op1,,15,linear3,,35
p3508,3133.809,INTERACTIVE,op1,,1,const,,55
p3508,,,op2,,20,linear7,,30
p3508,,,op3,,40,linear7,,20
p3508,,,op4,,20,linear7,,30
p3508,,,op5,,5,linear3,,45
p3508,,,op6,op1;op2;op3;op4;op5,20,linear7,,30
p3509,3133.809,INTERACTIVE,op1,,1,const,,55
p3509,,,op2,,15,linear3,,37.5
p3509,,,op3,,5,linear3,,45
p3509,,,op4,,15,linear3,,37.5
p3509,,,op5,op1;op2;op3;op4,80,squared,,10
p3510,3133.809,INTERACTIVE,op1,,1,const,,55
p3510,,,op2,,1,const,,55
p3510,,,op3,,80,squared,,10
p3510,,,op4,,40,linear7,,20
p3510,,,op5,,40,linear7,,20
p3510,,,op6,op1;op2;op3;op4;op5,1,const,,55
p3511,3142.902,INTERACTIVE,op1,,1,const,,55
p3511,,,op2,,15,linear3,,37.5
p3511,,,op3,,20,linear7,,30
p3511,,,op4,,5,linear3,,45
p3511,,,op5,,5,linear3,,45
p3511,,,op6,,15,linear3,,37.5
p3511,,,op7,op1;op2;op3;op4;op5;op6,80,squared,,10
p3512,3142.902,BATCH_PIPELINE,op1,,1,const,,55
p3512,,,op2,op1,80,squared,,10
p3512,,,op3,op2,1,const,,55
p3512,,,op4,op3,80,squared,,10
p3512,,,op5,op4,80,squared,,10
p3512,,,op6,op5,20,linear7,,30
p3512,,,op7,op6,20,linear7,,30
p3512,,,op8,op7,15,linear3,,37.5
p3512,,,op9,op8,5,linear3,,45
p3512,,,op10,op9,2,sqrt,,55
p3513,3142.902,QUERY,op1,,15,linear3,,35
p3514,3142.902,BATCH_PIPELINE,op1,,1,const,,55
p3514,,,op2,op1,15,linear3,,37.5
p3514,,,op3,op1,1,const,,55
p3514,,,op4,op1,80,squared,,10
p3514,,,op5,op1,1,const,,55
p3514,,,op6,op1,5,linear3,,45
p3514,,,op7,op1,15,linear3,,37.5
p3514,,,op8,op1,20,linear7,,30
p3515,3142.902,BATCH_PIPELINE,op1,,1,const,,55
p3515,,,op2,op1,20,linear7,,30
p3515,,,op3,op2,40,linear7,,20
p3515,,,op4,op3,1,const,,55
p3515,,,op5,op4,40,linear7,,20
p3515,,,op6,op5,40,linear7,,20
p3516,3142.902,QUERY,op1,,15,linear3,,35
p3517,3142.902,QUERY,op1,,15,linear3,,35
p3518,3142.902,INTERACTIVE,op1,,1,const,,55
p3518,,,op2,,15,linear3,,37.5
p3518,,,op3,,2,sqrt,,55
p3518,,,op4,,15,linear3,,37.5
p3518,,,op5,op1;op2;op3;op4,2,sqrt,,55
p3519,3142.902,QUERY,op1,,15,linear3,,35
p3520,3142.902,INTERACTIVE,op1,,1,const,,55
p3520,,,op2,op1,80,squared,,10
p3520,,,op3,op2,80,squared,,10
p3520,,,op4,op3,2,sqrt,,55
p3521,3150.56,INTERACTIVE,op1,,1,const,,55
p3521,,,op2,op1,15,linear3,,37.5
p3521,,,op3,op2,5,linear3,,45
p3521,,,op4,op3,1,const,,55
p3521,,,op5,op4,1,const,,55
p3521,,,op6,op5,5,linear3,,45
p3521,,,op7,op6,15,linear3,,37.5
p3522,3150.56,INTERACTIVE,op1,,1,const,,55
p3522,,,op2,op1,15,linear3,,37.5
p3522,,,op3,op2,5,linear3,,45
p3522,,,op4,op3,15,linear3,,37.5
p3522,,,op5,op4,20,linear7,,30
p3522,,,op6,op5,40,linear7,,20
p3523,3150.56,INTERACTIVE,op1,,1,const,,55
p3523,,,op2,op1,20,linear7,,30
p3523,,,op3,op2,80,squared,,10
p3523,,,op4,op3,5,linear3,,45
p3524,3150.56,BATCH_PIPELINE,op1,,1,const,,55
p3524,,,op2,op1,5,linear3,,45
p3524,,,op3,op2,40,linear7,,20
p3524,,,op4,op3,1,const,,55
p3524,,,op5,op4,80,squared,,10
p3524,,,op6,op5,2,sqrt,,55
p3524,,,op7,op6,20,linear7,,30
p3524,,,op8,op7,5,linear3,,45
p3524,,,op9,op8,15,linear3,,37.5
p3525,3150.56,INTERACTIVE,op1,,1,const,,55
p3525,,,op2,op1,5,linear3,,45
p3525,,,op3,op2,80,squared,,10
p3525,,,op4,op3,15,linear3,,37.5
p3525,,,op5,op4,5,linear3,,45
p3525,,,op6,op5,1,const,,55
p3525,,,op7,op6,80,squared,,10
p3526,3150.56,INTERACTIVE,op1,,1,const,,55
p3526,,,op2,op1,15,linear3,,37.5
p3526,,,op3,op2,15,linear3,,37.5
p3526,,,op4,op3,80,squared,,10
p3526,,,op5,op4,1,const,,55
p3526,,,op6,op5,20,linear7,,30
p3526,,,op7,op6,15,linear3,,37.5
p3526,,,op8,op7,15,linear3,,37.5
p3526,,,op9,op8,15,linear3,,37.5
p3527,3150.56,INTERACTIVE,op1,,1,const,,55
p3527,,,op2,op1,1,const,,55
p3527,,,op3,op1,20,linear7,,30
p3527,,,op4,op1,40,linear7,,20
p3527,,,op5,op1,5,linear3,,45
p3527,,,op6,op1,80,squared,,10
p3528,3150.56,QUERY,op1,,15,linear3,,35
p3529,3150.56,QUERY,op1,,15,linear3,,35
p3530,3150.56,QUERY,op1,,15,linear3,,35
p3531,3159.628,INTERACTIVE,op1,,1,const,,55
p3531,,,op2,,5,linear3,,45
p3531,,,op3,,15,linear3,,37.5
p3531,,,op4,,20,linear7,,30
p3531,,,op5,,40,linear7,,20
p3531,,,op6,,15,linear3,,37.5
p3531,,,op7,,5,linear3,,45
p3531,,,op8,op1;op2;op3;op4;op5;op6;op7,80,squared,,10
p3532,3159.628,QUERY,op1,,15,linear3,,35
p3533,3159.628,QUERY,op1,,15,linear3,,35
p3534,3159.628,INTERACTIVE,op1,,1,const,,55
p3534,,,op2,op1,80,squared,,10
p3534,,,op3,op2,15,linear3,,37.5
p3534,,,op4,op3,20,linear7,,30
p3535,3159.628,QUERY,op1,,15,linear3,,35
p3536,3159.628,QUERY,op1,,15,linear3,,35
p3537,3159.628,BATCH_PIPELINE,op1,,1,const,,55
p3537,,,op2,op1,2,sqrt,,55
p3537,,,op3,op2,5,linear3,,45
p3537,,,op4,op3,2,sqrt,,55
p3537,,,op5,op4,15,linear3,,37.5
p3537,,,op6,op5,15,linear3,,37.5
p3537,,,op7,op6,5,linear3,,45
p3537,,,op8,op7,1,const,,55
p3537,,,op9,op8,80,squared,,10
p3537,,,op10,op9,15,linear3,,37.5
p3538,3159.628,INTERACTIVE,op1,,1,const,,55
p3538,,,op2,op1,15,linear3,,37.5
p3538,,,op3,op1,5,linear3,,45
p3538,,,op4,op1,40,linear7,,20
p3538,,,op5,op1,40,linear7,,20
p3539,3159.628,BATCH_PIPELINE,op1,,1,const,,55
p3539,,,op2,op1,15,linear3,,37.5
p3539,,,op3,op2,40,linear7,,20
p3539,,,op4,op3,20,linear7,,30
p3539,,,op5,op4,1,const,,55
p3539,,,op6,op5,5,linear3,,45
p3539,,,op7,op6,2,sqrt,,55
p3539,,,op8,op7,15,linear3,,37.5
p3539,,,op9,op8,2,sqrt,,55
p3540,3159.628,INTERACTIVE,op1,,1,const,,55
p3540,,,op2,op1,80,squared,,10
p3540,,,op3,op1,1,const,,55
p3540,,,op4,op1,2,sqrt,,55
p3540,,,op5,op1,80,squared,,10
p3540,,,op6,op1,40,linear7,,20
p3540,,,op7,op1,20,linear7,,30
p3541,3168.701,INTERACTIVE,op1,,1,const,,55
p3541,,,op2,op1,15,linear3,,37.5
p3541,,,op3,op1,5,linear3,,45
p3542,3168.701,INTERACTIVE,op1,,1,const,,55
p3542,,,op2,op1,20,linear7,,30
p3542,,,op3,op2,20,linear7,,30
p3542,,,op4,op3,20,linear7,,30
p3542,,,op5,op4,5,linear3,,45
p3542,,,op6,op5,80,squared,,10
p3542,,,op7,op6,20,linear7,,30
p3542,,,op8,op7,2,sqrt,,55
p3542,,,op9,op8,15,linear3,,37.5
p3543,3168.701,BATCH_PIPELINE,op1,,1,const,,55
p3543,,,op2,op1,20,linear7,,30
p3543,,,op3,op2,20,linear7,,30
p3543,,,op4,op3,15,linear3,,37.5
p3543,,,op5,op4,15,linear3,,37.5
p3543,,,op6,op5,1,const,,55
p3543,,,op7,op6,20,linear7,,30
p3544,3168.701,INTERACTIVE,op1,,1,const,,55
p3544,,,op2,op1,20,linear7,,30
p3544,,,op3,op2,40,linear7,,20
p3544,,,op4,op3,20,linear7,,30
p3545,3168.701,INTERACTIVE,op1,,1,const,,55
p3545,,,op2,,20,linear7,,30
p3545,,,op3,,5,linear3,,45
p3545,,,op4,,40,linear7,,20
p3545,,,op5,,1,const,,55
p3545,,,op6,,40,linear7,,20
p3545,,,op7,op1;op2;op3;op4;op5;op6,15,linear3,,37.5
p3546,3168.701,BATCH_PIPELINE,op1,,1,const,,55
p3546,,,op2,op1,40,linear7,,20
p3546,,,op3,op2,15,linear3,,37.5
p3546,,,op4,op3,15,linear3,,37.5
p3546,,,op5,op4,20,linear7,,30
p3546,,,op6,op5,2,sqrt,,55
p3547,3168.701,QUERY,op1,,15,linear3,,35
p3548,3168.701,QUERY,op1,,15,linear3,,35
p3549,3168.701,BATCH_PIPELINE,op1,,1,const,,55
p3549,,,op2,,20,linear7,,30
p3549,,,op3,,20,linear7,,30
p3549,,,op4,op1;op2;op3,80,squared,,10
p3550,3168.701,QUERY,op1,,15,linear3,,35
p3551,3179.073,INTERACTIVE,op1,,1,const,,55
p3551,,,op2,op1,80,squared,,10
p3551,,,op3,op1,5,linear3,,45
p3551,,,op4,op1,40,linear7,,20
p3551,,,op5,op1,20,linear7,,30
p3552,3179.073,BATCH_PIPELINE,op1,,1,const,,55
p3552,,,op2,op1,1,const,,55
p3552,,,op3,op2,80,squared,,10
p3552,,,op4,op3,2,sqrt,,55
p3552,,,op5,op4,5,linear3,,45
p3552,,,op6,op5,5,linear3,,45
p3552,,,op7,op6,2,sqrt,,55
p3552,,,op8,op7,15,linear3,,37.5
p3553,3179.073,QUERY,op1,,15,linear3,,35
p3554,3179.073,INTERACTIVE,op1,,1,const,,55
p3554,,,op2,op1,40,linear7,,20
p3554,,,op3,op2,1,const,,55
p3554,,,op4,op3,2,sqrt,,55
p3554,,,op5,op4,40,linear7,,20
p3554,,,op6,op5,5,linear3,,45
p3555,3179.073,QUERY,op1,,15,linear3,,35
p3556,3179.073,INTERACTIVE,op1,,1,const,,55
p3556,,,op2,op1,15,linear3,,37.5
p3556,,,op3,op2,2,sqrt,,55
p3556,,,op4,op3,40,linear7,,20
p3556,,,op5,op4,80,squared,,10
p3557,3179.073,BATCH_PIPELINE,op1,,1,const,,55
p3557,,,op2,op1,80,squared,,10
p3557,,,op3,op2,1,const,,55
p3557,,,op4,op3,20,linear7,,30
p3558,3179.073,BATCH_PIPELINE,op1,,1,const,,55
p3558,,,op2,op1,5,linear3,,45
p3558,,,op3,op2,15,linear3,,37.5
p3558,,,op4,op3,2,sqrt,,55
p3558,,,op5,op4,40,linear7,,20
p3558,,,op6,op5,20,linear7,,30
p3559,3179.073,BATCH_PIPELINE,op1,,1,const,,55
p3559,,,op2,op1,80,squared,,10
p3559,,,op3,op2,40,linear7,,20
p3559,,,op4,op3,20,linear7,,30
p3559,,,op5,op4,2,sqrt,,55
p3559,,,op6,op5,1,const,,55
p3559,,,op7,op6,1,const,,55
p3559,,,op8,op7,2,sqrt,,55
p3559,,,op9,op8,40,linear7,,20
p3559,,,op10,op9,20,linear7,,30
p3560,3179.073,INTERACTIVE,op1,,1,const,,55
p3560,,,op2,op1,40,linear7,,20
p3560,,,op3,op1,2,sqrt,,55
p3560,,,op4,op1,20,linear7,,30
p3560,,,op5,op1,20,linear7,,30
p3561,3186.164,INTERACTIVE,op1,,1,const,,55
p3561,,,op2,,40,linear7,,20
p3561,,,op3,,15,linear3,,37.5
p3561,,,op4,,20,linear7,,30
p3561,,,op5,op1;op2;op3;op4,2,sqrt,,55
p3562,3186.164,INTERACTIVE,op1,,1,const,,55
p3562,,,op2,op1,20,linear7,,30
p3562,,,op3,op1,5,linear3,,45
p3562,,,op4,op1,80,squared,,10
p3562,,,op5,op1,80,squared,,10
p3562,,,op6,op1,20,linear7,,30
p3562,,,op7,op1,2,sqrt,,55
p3562,,,op8,op1,2,sqrt,,55
p3562,,,op9,op1,40,linear7,,20
p3563,3186.164,BATCH_PIPELINE,op1,,1,const,,55
p3563,,,op2,op1,15,linear3,,37.5
p3563,,,op3,op2,15,linear3,,37.5
p3563,,,op4,op3,5,linear3,,45
p3563,,,op5,op4,40,linear7,,20
p3564,3186.164,QUERY,op1,,15,linear3,,35
p3565,3186.164,BATCH_PIPELINE,op1,,1,const,,55
p3565,,,op2,op1,40,linear7,,20
p3565,,,op3,op2,5,linear3,,45
p3565,,,op4,op3,2,sqrt,,55
p3565,,,op5,op4,1,const,,55
p3565,,,op6,op5,1,const,,55
p3565,,,op7,op6,5,linear3,,45
p3565,,,op8,op7,5,linear3,,45
p3566,3186.164,BATCH_PIPELINE,op1,,1,const,,55
p3566,,,op2,,20,linear7,,30
p3566,,,op3,,1,const,,55
p3566,,,op4,,5,linear3,,45
p3566,,,op5,,20,linear7,,30
p3566,,,op6,op1;op2;op3;op4;op5,2,sqrt,,55
p3567,3186.164,INTERACTIVE,op1,,1,const,,55
p3567,,,op2,,40,linear7,,20
p3567,,,op3,,5,linear3,,45
p3567,,,op4,,20,linear7,,30
p3567,,,op5,op1;op2;op3;op4,15,linear3,,37.5
p3568,3186.164,INTERACTIVE,op1,,1,const,,55
p3568,,,op2,op1,40,linear7,,20
p3568,,,op3,op2,80,squared,,10
p3568,,,op4,op3,5,linear3,,45
p3568,,,op5,op4,5,linear3,,45
p3569,3186.164,QUERY,op1,,15,linear3,,35
p3570,3186.164,QUERY,op1,,15,linear3,,35
p3571,3192.657,QUERY,op1,,15,linear3,,35
p3572,3192.657,BATCH_PIPELINE,op1,,1,const,,55
p3572,,,op2,op1,2,sqrt,,55
p3572,,,op3,op2,5,linear3,,45
p3572,,,op4,op3,5,linear3,,45
p3572,,,op5,op4,1,const,,55
p3572,,,op6,op5,1,const,,55
p3573,3192.657,INTERACTIVE,op1,,1,const,,55
p3573,,,op2,op1,80,squared,,10
p3573,,,op3,op1,5,linear3,,45
p3573,,,op4,op1,80,squared,,10
p3574,3192.657,INTERACTIVE,op1,,1,const,,55
p3574,,,op2,op1,20,linear7,,30
p3574,,,op3,op2,15,linear3,,37.5
p3574,,,op4,op3,20,linear7,,30
p3574,,,op5,op4,15,linear3,,37.5
p3575,3192.657,QUERY,op1,,15,linear3,,35
p3576,3192.657,INTERACTIVE,op1,,1,const,,55
p3576,,,op2,op1,5,linear3,,45
p3576,,,op3,op2,1,const,,55
p3576,,,op4,op3,15,linear3,,37.5
p3576,,,op5,op4,2,sqrt,,55
p3576,,,op6,op5,40,linear7,,20
p3576,,,op7,op6,5,linear3,,45
p3577,3192.657,QUERY,op1,,15,linear3,,35
p3578,3192.657,BATCH_PIPELINE,op1,,1,const,,55
p3578,,,op2,op1,20,linear7,,30
p3578,,,op3,op2,1,const,,55
p3578,,,op4,op3,40,linear7,,20
p3578,,,op5,op4,40,linear7,,20
p3578,,,op6,op5,20,linear7,,30
p3578,,,op7,op6,1,const,,55
p3579,3192.657,INTERACTIVE,op1,,1,const,,55
p3579,,,op2,op1,40,linear7,,20
p3579,,,op3,op1,20,linear7,,30
p3579,,,op4,op1,2,sqrt,,55
p3580,3192.657,BATCH_PIPELINE,op1,,1,const,,55
p3580,,,op2,op1,15,linear3,,37.5
p3580,,,op3,op2,20,linear7,,30
p3580,,,op4,op3,5,linear3,,45
p3580,,,op5,op4,80,squared,,10
p3580,,,op6,op5,20,linear7,,30
p3580,,,op7,op6,80,squared,,10
p3581,3202.0570000000002,BATCH_PIPELINE,op1,,1,const,,55
p3581,,,op2,op1,40,linear7,,20
p3581,,,op3,op2,15,linear3,,37.5
p3581,,,op4,op3,1,const,,55
p3581,,,op5,op4,20,linear7,,30
p3581,,,op6,op5,1,const,,55
p3581,,,op7,op6,15,linear3,,37.5
p3581,,,op8,op7,5,linear3,,45
p3581,,,op9,op8,1,const,,55
p3582,3202.0570000000002,BATCH_PIPELINE,op1,,1,const,,55
p3582,,,op2,,20,linear7,,30
p3582,,,op3,,80,squared,,10
p3582,,,op4,,20,linear7,,30
p3582,,,op5,,2,sqrt,,55
p3582,,,op6,,15,linear3,,37.5
p3582,,,op7,,20,linear7,,30
p3582,,,op8,,80,squared,,10
p3582,,,op9,,40,linear7,,20
p3582,,,op10,,1,const,,55
p3582,,,op11,,2,sqrt,,55
p3582,,,op12,op1;op2;op3;op4;op5;op6;op7;op8;op9;op10;op11,15,linear3,,37.5
p3583,3202.0570000000002,INTERACTIVE,op1,,1,const,,55
p3584,3202.0570000000002,BATCH_PIPELINE,op1,,1,const,,55
p3584,,,op2,op1,15,linear3,,37.5
p3584,,,op3,op2,15,linear3,,37.5
p3584,,,op4,op3,5,linear3,,45
p3584,,,op5,op4,40,linear7,,20
p3584,,,op6,op5,15,linear3,,37.5
p3585,3202.0570000000002,INTERACTIVE,op1,,1,const,,55
p3585,,,op2,op1,40,linear7,,20
p3585,,,op3,op2,2,sqrt,,55
p3585,,,op4,op3,20,linear7,,30
p3586,3202.0570000000002,BATCH_PIPELINE,op1,,1,const,,55
p3586,,,op2,op1,2,sqrt,,55
p3586,,,op3,op2,20,linear7,,30
p3586,,,op4,op3,20,linear7,,30
p3586,,,op5,op4,5,linear3,,45
p3586,,,op6,op5,1,const,,55
p3586,,,op7,op6,20,linear7,,30
p3586,,,op8,op7,15,linear3,,37.5
p3586,,,op9,op8,1,const,,55
p3586,,,op10,op9,15,linear3,,37.5
p3586,,,op11,op10,2,sqrt,,55
p3587,3202.0570000000002,INTERACTIVE,op1,,1,const,,55
p3587,,,op2,op1,80,squared,,10
p3587,,,op3,op2,40,linear7,,20
p3587,,,op4,op3,20,linear7,,30
p3587,,,op5,op4,20,linear7,,30
p3588,3202.0570000000002,BATCH_PIPELINE,op1,,1,const,,55
p3588,,,op2,op1,2,sqrt,,55
p3588,,,op3,op2,80,squared,,10
p3588,,,op4,op3,40,linear7,,20
p3588,,,op5,op4,2,sqrt,,55
p3589,3202.0570000000002,QUERY,op1,,15,linear3,,35
p3590,3202.0570000000002,INTERACTIVE,op1,,1,const,,55
p3590,,,op2,op1,80,squared,,10
p3590,,,op3,op1,15,linear3,,37.5
p3590,,,op4,op1,20,linear7,,30
p3590,,,op5,op1,20,linear7,,30
p3591,3208.745,QUERY,op1,,15,linear3,,35
p3592,3208.745,QUERY,op1,,15,linear3,,35
p3593,3208.745,INTERACTIVE,op1,,1,const,,55
p3593,,,op2,op1,15,linear3,,37.5
p3593,,,op3,op2,40,linear7,,20
p3593,,,op4,op3,20,linear7,,30
p3594,3208.745,INTERACTIVE,op1,,1,const,,55
p3594,,,op2,,1,const,,55
p3594,,,op3,,5,linear3,,45
p3594,,,op4,,1,const,,55
p3594,,,op5,,15,linear3,,37.5
p3594,,,op6,,1,const,,55
p3594,,,op7,op1;op2;op3;op4;op5;op6,80,squared,,10
p3595,3208.745,QUERY,op1,,15,linear3,,35
p3596,3208.745,QUERY,op1,,15,linear3,,35
p3597,3208.745,BATCH_PIPELINE,op1,,1,const,,55
p3597,,,op2,op1,20,linear7,,30
p3597,,,op3,op1,40,linear7,,20
p3597,,,op4,op1,5,linear3,,45
p3597,,,op5,op1,2,sqrt,,55
p3597,,,op6,op1,15,linear3,,37.5
p3597,,,op7,op1,1,const,,55
p3597,,,op8,op1,80,squared,,10
p3598,3208.745,INTERACTIVE,op1,,1,const,,55
p3598,,,op2,op1,1,const,,55
p3598,,,op3,op2,80,squared,,10
p3598,,,op4,op3,2,sqrt,,55
p3598,,,op5,op4,20,linear7,,30
p3598,,,op6,op5,20,linear7,,30
p3598,,,op7,op6,15,linear3,,37.5
p3599,3208.745,INTERACTIVE,op1,,1,const,,55
p3599,,,op2,op1,40,linear7,,20
p3599,,,op3,op1,20,linear7,,30
p3599,,,op4,op1,15,linear3,,37.5
p3599,,,op5,op1,5,linear3,,45
p3600,3208.745,QUERY,op1,,15,linear3,,35
p3601,3214.8160000000003,QUERY,op1,,15,linear3,,35
p3602,3214.8160000000003,INTERACTIVE,op1,,1,const,,55
p3602,,,op2,op1,20,linear7,,30
p3602,,,op3,op2,15,linear3,,37.5
p3602,,,op4,op3,20,linear7,,30
p3602,,,op5,op4,20,linear7,,30
p3603,3214.8160000000003,QUERY,op1,,15,linear3,,35
p3604,3214.8160000000003,BATCH_PIPELINE,op1,,1,const,,55
p3604,,,op2,op1,1,const,,55
p3604,,,op3,op2,15,linear3,,37.5
p3604,,,op4,op3,40,linear7,,20
p3604,,,op5,op4,20,linear7,,30
p3604,,,op6,op5,15,linear3,,37.5
p3605,3214.8160000000003,INTERACTIVE,op1,,1,const,,55
p3605,,,op2,op1,20,linear7,,30
p3605,,,op3,op1,5,linear3,,45
p3605,,,op4,op1,1,const,,55
p3605,,,op5,op1,40,linear7,,20
p3605,,,op6,op1,20,linear7,,30
p3605,,,op7,op1,15,linear3,,37.5
p3606,3214.8160000000003,QUERY,op1,,15,linear3,,35
p3607,3214.8160000000003,QUERY,op1,,15,linear3,,35
p3608,3214.8160000000003,INTERACTIVE,op1,,1,const,,55
p3608,,,op2,op1,20,linear7,,30
p3608,,,op3,op2,2,sqrt,,55
p3608,,,op4,op3,20,linear7,,30
p3608,,,op5,op4,5,linear3,,45
p3609,3214.8160000000003,QUERY,op1,,15,linear3,,35
p3610,3214.8160000000003,BATCH_PIPELINE,op1,,1,const,,55
p3610,,,op2,op1,15,linear3,,37.5
p3610,,,op3,op2,1,const,,55
p3610,,,op4,op3,40,linear7,,20
p3610,,,op5,op4,15,linear3,,37.5
p3610,,,op6,op5,15,linear3,,37.5
p3611,3226.083,INTERACTIVE,op1,,1,const,,55
p3611,,,op2,op1,20,linear7,,30
p3611,,,op3,op2,5,linear3,,45
p3611,,,op4,op3,1,const,,55
p3611,,,op5,op4,20,linear7,,30
p3611,,,op6,op5,80,squared,,10
p3612,3226.083,QUERY,op1,,15,linear3,,35
p3613,3226.083,INTERACTIVE,op1,,1,const,,55
p3613,,,op2,op1,1,const,,55
p3613,,,op3,op2,40,linear7,,20
p3613,,,op4,op3,2,sqrt,,55
p3613,,,op5,op4,80,squared,,10
p3613,,,op6,op5,40,linear7,,20
p3613,,,op7,op6,15,linear3,,37.5
p3614,3226.083,INTERACTIVE,op1,,1,const,,55
p3614,,,op2,op1,20,linear7,,30
p3614,,,op3,op2,80,squared,,10
p3614,,,op4,op3,15,linear3,,37.5
p3614,,,op5,op4,20,linear7,,30
p3614,,,op6,op5,2,sqrt,,55
p3614,,,op7,op6,1,const,,55
p3614,,,op8,op7,15,linear3,,37.5
p3614,,,op9,op8,15,linear3,,37.5
p3615,3226.083,INTERACTIVE,op1,,1,const,,55
p3615,,,op2,op1,2,sqrt,,55
p3615,,,op3,op1,20,linear7,,30
p3616,3226.083,BATCH_PIPELINE,op1,,1,const,,55
p3616,,,op2,op1,80,squared,,10
p3616,,,op3,op2,20,linear7,,30
p3616,,,op4,op3,15,linear3,,37.5
p3616,,,op5,op4,80,squared,,10
p3616,,,op6,op5,15,linear3,,37.5
p3616,,,op7,op6,2,sqrt,,55
p3617,3226.083,BATCH_PIPELINE,op1,,1,const,,55
p3617,,,op2,op1,40,linear7,,20
p3617,,,op3,op1,15,linear3,,37.5
p3617,,,op4,op1,40,linear7,,20
p3617,,,op5,op1,5,linear3,,45
p3617,,,op6,op1,2,sqrt,,55
p3617,,,op7,op1,1,const,,55
p3618,3226.083,INTERACTIVE,op1,,1,const,,55
p3618,,,op2,op1,20,linear7,,30
p3618,,,op3,op2,15,linear3,,37.5
p3618,,,op4,op3,80,squared,,10
p3619,3226.083,INTERACTIVE,op1,,1,const,,55
p3619,,,op2,op1,15,linear3,,37.5
p3619,,,op3,op1,80,squared,,10
p3619,,,op4,op1,40,linear7,,20
p3619,,,op5,op1,80,squared,,10
p3620,3226.083,INTERACTIVE,op1,,1,const,,55
p3620,,,op2,op1,15,linear3,,37.5
p3620,,,op3,op1,2,sqrt,,55
p3620,,,op4,op1,15,linear3,,37.5
p3620,,,op5,op1,15,linear3,,37.5
p3620,,,op6,op1,80,squared,,10
p3621,3236.418,INTERACTIVE,op1,,1,const,,55
p3621,,,op2,op1,5,linear3,,45
p3622,3236.418,INTERACTIVE,op1,,1,const,,55
p3622,,,op2,op1,15,linear3,,37.5
p3622,,,op3,op2,2,sqrt,,55
p3622,,,op4,op3,1,const,,55
p3622,,,op5,op4,80,squared,,10
p3623,3236.418,BATCH_PIPELINE,op1,,1,const,,55
p3623,,,op2,op1,5,linear3,,45
p3623,,,op3,op2,2,sqrt,,55
p3623,,,op4,op3,5,linear3,,45
p3623,,,op5,op4,15,linear3,,37.5
p3623,,,op6,op5,80,squared,,10
p3623,,,op7,op6,40,linear7,,20
p3623,,,op8,op7,1,const,,55
p3624,3236.418,QUERY,op1,,15,linear3,,35
p3625,3236.418,INTERACTIVE,op1,,1,const,,55
p3625,,,op2,op1,20,linear7,,30
p3625,,,op3,op2,15,linear3,,37.5
p3625,,,op4,op3,20,linear7,,30
p3625,,,op5,op4,2,sqrt,,55
p3626,3236.418,INTERACTIVE,op1,,1,const,,55
p3626,,,op2,op1,20,linear7,,30
p3626,,,op3,op2,20,linear7,,30
p3627,3236.418,QUERY,op1,,15,linear3,,35
p3628,3236.418,QUERY,op1,,15,linear3,,35
p3629,3236.418,QUERY,op1,,15,linear3,,35
p3630,3236.418,BATCH_PIPELINE,op1,,1,const,,55
p3630,,,op2,op1,1,const,,55
p3630,,,op3,op2,80,squared,,10
p3630,,,op4,op3,40,linear7,,20
p3630,,,op5,op4,80,squared,,10
p3631,3249.292,QUERY,op1,,15,linear3,,35
p3632,3249.292,INTERACTIVE,op1,,1,const,,55
p3633,3249.292,QUERY,op1,,15,linear3,,35
p3634,3249.292,BATCH_PIPELINE,op1,,1,const,,55
p3634,,,op2,op1,15,linear3,,37.5
p3634,,,op3,op1,40,linear7,,20
p3634,,,op4,op1,1,const,,55
p3634,,,op5,op1,1,const,,55
p3634,,,op6,op1,80,squared,,10
p3634,,,op7,op1,20,linear7,,30
p3635,3249.292,QUERY,op1,,15,linear3,,35
p3636,3249.292,INTERACTIVE,op1,,1,const,,55
p3636,,,op2,op1,15,linear3,,37.5
p3636,,,op3,op2,20,linear7,,30
p3637,3249.292,BATCH_PIPELINE,op1,,1,const,,55
p3637,,,op2,op1,15,linear3,,37.5
p3637,,,op3,op2,40,linear7,,20
p3637,,,op4,op3,40,linear7,,20
p3637,,,op5,op4,2,sqrt,,55
p3637,,,op6,op5,20,linear7,,30
p3637,,,op7,op6,2,sqrt,,55
p3638,3249.292,QUERY,op1,,15,linear3,,35
p3639,3249.292,BATCH_PIPELINE,op1,,1,const,,55
p3639,,,op2,op1,5,linear3,,45
p3639,,,op3,op2,5,linear3,,45
p3639,,,op4,op3,20,linear7,,30
p3639,,,op5,op4,2,sqrt,,55
p3639,,,op6,op5,2,sqrt,,55
p3640,3249.292,QUERY,op1,,15,linear3,,35
p3641,3258.5370000000003,BATCH_PIPELINE,op1,,1,const,,55
p3641,,,op2,op1,1,const,,55
p3641,,,op3,op2,1,const,,55
p3641,,,op4,op3,40,linear7,,20
p3641,,,op5,op4,2,sqrt,,55
p3641,,,op6,op5,1,const,,55
p3641,,,op7,op6,20,linear7,,30
p3641,,,op8,op7,20,linear7,,30
p3641,,,op9,op8,2,sqrt,,55
p3642,3258.5370000000003,QUERY,op1,,15,linear3,,35
p3643,3258.5370000000003,BATCH_PIPELINE,op1,,1,const,,55
p3643,,,op2,op1,15,linear3,,37.5
p3643,,,op3,op2,5,linear3,,45
p3643,,,op4,op3,15,linear3,,37.5
p3643,,,op5,op4,20,linear7,,30
p3643,,,op6,op5,1,const,,55
p3643,,,op7,op6,2,sqrt,,55
p3643,,,op8,op7,1,const,,55
p3643,,,op9,op8,15,linear3,,37.5
p3643,,,op10,op9,15,linear3,,37.5
p3644,3258.5370000000003,QUERY,op1,,15,linear3,,35
p3645,3258.5370000000003,QUERY,op1,,15,linear3,,35
p3646,3258.5370000000003,INTERACTIVE,op1,,1,const,,55
p3646,,,op2,,40,linear7,,20
p3646,,,op3,,5,linear3,,45
p3646,,,op4,op1;op2;op3,20,linear7,,30
p3647,3258.5370000000003,INTERACTIVE,op1,,1,const,,55
p3647,,,op2,op1,20,linear7,,30
p3647,,,op3,op2,20,linear7,,30
p3647,,,op4,op3,20,linear7,,30
p3647,,,op5,op4,2,sqrt,,55
p3648,3258.5370000000003,INTERACTIVE,op1,,1,const,,55
p3648,,,op2,op1,5,linear3,,45
p3648,,,op3,op2,40,linear7,,20
p3648,,,op4,op3,1,const,,55
p3648,,,op5,op4,5,linear3,,45
p3648,,,op6,op5,15,linear3,,37.5
p3649,3258.5370000000003,BATCH_PIPELINE,op1,,1,const,,55
p3649,,,op2,op1,1,const,,55
p3649,,,op3,op2,5,linear3,,45
p3649,,,op4,op3,1,const,,55
p3649,,,op5,op4,80,squared,,10
p3649,,,op6,op5,15,linear3,,37.5
p3649,,,op7,op6,15,linear3,,37.5
p3650,3258.5370000000003,INTERACTIVE,op1,,1,const,,55
p3650,,,op2,op1,1,const,,55
p3650,,,op3,op2,80,squared,,10
p3650,,,op4,op3,80,squared,,10
p3650,,,op5,op4,15,linear3,,37.5
p3650,,,op6,op5,15,linear3,,37.5
p3651,3260.556,INTERACTIVE,op1,,1,const,,55
p3651,,,op2,,40,linear7,,20
p3651,,,op3,,15,linear3,,37.5
p3651,,,op4,,80,squared,,10
p3651,,,op5,,40,linear7,,20
p3651,,,op6,op1;op2;op3;op4;op5,5,linear3,,45
p3652,3260.556,BATCH_PIPELINE,op1,,1,const,,55
p3652,,,op2,op1,5,linear3,,45
p3652,,,op3,op2,2,sqrt,,55
p3652,,,op4,op3,5,linear3,,45
p3652,,,op5,op4,20,linear7,,30
p3653,3260.556,INTERACTIVE,op1,,1,const,,55
p3653,,,op2,op1,1,const,,55
p3653,,,op3,op2,1,const,,55
p3653,,,op4,op3,5,linear3,,45
p3653,,,op5,op4,2,sqrt,,55
p3654,3260.556,QUERY,op1,,15,linear3,,35
p3655,3260.556,QUERY,op1,,15,linear3,,35
p3656,3260.556,BATCH_PIPELINE,op1,,1,const,,55
p3656,,,op2,op1,80,squared,,10
p3656,,,op3,op1,80,squared,,10
p3656,,,op4,op1,20,linear7,,30
p3656,,,op5,op1,1,const,,55
p3657,3260.556,QUERY,op1,,15,linear3,,35
p3658,3260.556,QUERY,op1,,15,linear3,,35
p3659,3260.556,INTERACTIVE,op1,,1,const,,55
p3659,,,op2,op1,5,linear3,,45
p3659,,,op3,op2,2,sqrt,,55
p3659,,,op4,op3,80,squared,,10
p3659,,,op5,op4,40,linear7,,20
p3660,3260.556,BATCH_PIPELINE,op1,,1,const,,55
p3660,,,op2,op1,80,squared,,10
p3660,,,op3,op2,20,linear7,,30
p3660,,,op4,op3,20,linear7,,30
p3660,,,op5,op4,15,linear3,,37.5
p3660,,,op6,op5,5,linear3,,45
p3660,,,op7,op6,40,linear7,,20
p3660,,,op8,op7,20,linear7,,30
p3661,3267.69,INTERACTIVE,op1,,1,const,,55
p3661,,,op2,op1,2,sqrt,,55
p3661,,,op3,op2,20,linear7,,30
p3661,,,op4,op3,1,const,,55
p3661,,,op5,op4,1,const,,55
p3661,,,op6,op5,15,linear3,,37.5
p3661,,,op7,op6,20,linear7,,30
p3662,3267.69,QUERY,op1,,15,linear3,,35
p3663,3267.69,INTERACTIVE,op1,,1,const,,55
p3663,,,op2,op1,1,const,,55
p3663,,,op3,op2,5,linear3,,45
p3663,,,op4,op3,40,linear7,,20
p3663,,,op5,op4,40,linear7,,20
p3663,,,op6,op5,20,linear7,,30
p3664,3267.69,INTERACTIVE,op1,,1,const,,55
p3664,,,op2,,80,squared,,10
p3664,,,op3,,5,linear3,,45
p3664,,,op4,,15,linear3,,37.5
p3664,,,op5,,5,linear3,,45
p3664,,,op6,,40,linear7,,20
p3664,,,op7,op1;op2;op3;op4;op5;op6,2,sqrt,,55
p3665,3267.69,QUERY,op1,,15,linear3,,35
p3666,3267.69,QUERY,op1,,15,linear3,,35
p3667,3267.69,QUERY,op1,,15,linear3,,35
p3668,3267.69,QUERY,op1,,15,linear3,,35
p3669,3267.69,BATCH_PIPELINE,op1,,1,const,,55
p3669,,,op2,op1,20,linear7,,30
p3669,,,op3,op1,20,linear7,,30
p3669,,,op4,op1,20,linear7,,30
p3669,,,op5,op1,2,sqrt,,55
p3669,,,op6,op1,5,linear3,,45
p3669,,,op7,op1,15,linear3,,37.5
p3669,,,op8,op1,5,linear3,,45
p3669,,,op9,op1,1,const,,55
p3670,3267.69,QUERY,op1,,15,linear3,,35
p3671,3277.208,INTERACTIVE,op1,,1,const,,55
p3671,,,op2,op1,5,linear3,,45
p3671,,,op3,op2,2,sqrt,,55
p3671,,,op4,op3,20,linear7,,30
p3671,,,op5,op4,80,squared,,10
p3671,,,op6,op5,40,linear7,,20
p3672,3277.208,BATCH_PIPELINE,op1,,1,const,,55
p3672,,,op2,,80,squared,,10
p3672,,,op3,,40,linear7,,20
p3672,,,op4,,2,sqrt,,55
p3672,,,op5,,15,linear3,,37.5
p3672,,,op6,,1,const,,55
p3672,,,op7,,80,squared,,10
p3672,,,op8,,15,linear3,,37.5
p3672,,,op9,,40,linear7,,20
p3672,,,op10,op1;op2;op3;op4;op5;op6;op7;op8;op9,5,linear3,,45
p3673,3277.208,INTERACTIVE,op1,,1,const,,55
p3673,,,op2,op1,2,sqrt,,55
p3673,,,op3,op2,40,linear7,,20
p3673,,,op4,op3,80,squared,,10
p3673,,,op5,op4,15,linear3,,37.5
p3673,,,op6,op5,15,linear3,,37.5
p3673,,,op7,op6,20,linear7,,30
p3673,,,op8,op7,2,sqrt,,55
p3673,,,op9,op8,5,linear3,,45
p3674,3277.208,INTERACTIVE,op1,,1,const,,55
p3674,,,op2,op1,5,linear3,,45
p3674,,,op3,op2,40,linear7,,20
p3674,,,op4,op3,1,const,,55
p3674,,,op5,op4,20,linear7,,30
p3675,3277.208,BATCH_PIPELINE,op1,,1,const,,55
p3675,,,op2,,40,linear7,,20
p3675,,,op3,,40,linear7,,20
p3675,,,op4,,5,linear3,,45
p3675,,,op5,,40,linear7,,20
p3675,,,op6,,80,squared,,10
p3675,,,op7,,1,const,,55
p3675,,,op8,,20,linear7,,30
p3675,,,op9,,15,linear3,,37.5
p3675,,,op10,,15,linear3,,37.5
p3675,,,op11,,15,linear3,,37.5
p3675,,,op12,op1;op2;op3;op4;op5;op6;op7;op8;op9;op10;op11,15,linear3,,37.5
p3676,3277.208,QUERY,op1,,15,linear3,,35
p3677,3277.208,QUERY,op1,,15,linear3,,35
p3678,3277.208,INTERACTIVE,op1,,1,const,,55
p3678,,,op2,op1,5,linear3,,45
p3678,,,op3,op2,20,linear7,,30
p3678,,,op4,op3,5,linear3,,45
p3678,,,op5,op4,40,linear7,,20
p3679,3277.208,BATCH_PIPELINE,op1,,1,const,,55
p3679,,,op2,,2,sqrt,,55
p3679,,,op3,,40,linear7,,20
p3679,,,op4,,15,linear3,,37.5
p3679,,,op5,,5,linear3,,45
p3679,,,op6,,20,linear7,,30
p3679,,,op7,,20,linear7,,30
p3679,,,op8,,1,const,,55
p3679,,,op9,,40,linear7,,20
p3679,,,op10,op1;op2;op3;op4;op5;op6;op7;op8;op9,5,linear3,,45
p3680,3277.208,INTERACTIVE,op1,,1,const,,55
p3680,,,op2,op1,15,linear3,,37.5
p3680,,,op3,op2,1,const,,55
p3681,3287.689,INTERACTIVE,op1,,1,const,,55
p3681,,,op2,op1,5,linear3,,45
p3681,,,op3,op2,2,sqrt,,55
p3681,,,op4,op3,40,linear7,,20
p3681,,,op5,op4,15,linear3,,37.5
p3682,3287.689,BATCH_PIPELINE,op1,,1,const,,55
p3682,,,op2,op1,5,linear3,,45
p3682,,,op3,op2,20,linear7,,30
p3682,,,op4,op3,1,const,,55
p3682,,,op5,op4,80,squared,,10
p3682,,,op6,op5,5,linear3,,45
p3682,,,op7,op6,20,linear7,,30
p3682,,,op8,op7,20,linear7,,30
p3682,,,op9,op8,5,linear3,,45
p3682,,,op10,op9,5,linear3,,45
p3683,3287.689,INTERACTIVE,op1,,1,const,,55
p3683,,,op2,op1,2,sqrt,,55
p3683,,,op3,op1,80,squared,,10
p3683,,,op4,op1,5,linear3,,45
p3683,,,op5,op1,20,linear7,,30
p3683,,,op6,op1,15,linear3,,37.5
p3683,,,op7,op1,15,linear3,,37.5
p3684,3287.689,BATCH_PIPELINE,op1,,1,const,,55
p3684,,,op2,,5,linear3,,45
p3684,,,op3,,5,linear3,,45
p3684,,,op4,,2,sqrt,,55
p3684,,,op5,,5,linear3,,45
p3684,,,op6,,80,squared,,10
p3684,,,op7,op1;op2;op3;op4;op5;op6,20,linear7,,30
p3685,3287.689,INTERACTIVE,op1,,1,const,,55
p3685,,,op2,op1,80,squared,,10
p3685,,,op3,op2,80,squared,,10
p3685,,,op4,op3,80,squared,,10
p3685,,,op5,op4,40,linear7,,20
p3685,,,op6,op5,20,linear7,,30
p3685,,,op7,op6,80,squared,,10
p3686,3287.689,QUERY,op1,,15,linear3,,35
p3687,3287.689,QUERY,op1,,15,linear3,,35
p3688,3287.689,INTERACTIVE,op1,,1,const,,55
p3688,,,op2,op1,2,sqrt,,55
p3688,,,op3,op2,20,linear7,,30
p3688,,,op4,op3,40,linear7,,20
p3688,,,op5,op4,5,linear3,,45
p3688,,,op6,op5,20,linear7,,30
p3688,,,op7,op6,80,squared,,10
p3688,,,op8,op7,80,squared,,10
p3689,3287.689,QUERY,op1,,15,linear3,,35
p3690,3287.689,QUERY,op1,,15,linear3,,35
p3691,3300.5950000000003,INTERACTIVE,op1,,1,const,,55
p3691,,,op2,op1,40,linear7,,20
p3691,,,op3,op2,2,sqrt,,55
p3691,,,op4,op3,2,sqrt,,55
p3691,,,op5,op4,15,linear3,,37.5
p3691,,,op6,op5,40,linear7,,20
p3691,,,op7,op6,20,linear7,,30
p3692,3300.5950000000003,BATCH_PIPELINE,op1,,1,const,,55
p3692,,,op2,,1,const,,55
p3692,,,op3,,40,linear7,,20
p3692,,,op4,,15,linear3,,37.5
p3692,,,op5,,1,const,,55
p3692,,,op6,,15,linear3,,37.5
p3692,,,op7,,2,sqrt,,55
p3692,,,op8,op1;op2;op3;op4;op5;op6;op7,5,linear3,,45
p3693,3300.5950000000003,QUERY,op1,,15,linear3,,35
p3694,3300.5950000000003,QUERY,op1,,15,linear3,,35
p3695,3300.5950000000003,QUERY,op1,,15,linear3,,35
p3696,3300.5950000000003,QUERY,op1,,15,linear3,,35
p3697,3300.5950000000003,BATCH_PIPELINE,op1,,1,const,,55
p3697,,,op2,op1,2,sqrt,,55
p3697,,,op3,op2,20,linear7,,30
p3697,,,op4,op3,15,linear3,,37.5
p3697,,,op5,op4,40,linear7,,20
p3698,3300.5950000000003,BATCH_PIPELINE,op1,,1,const,,55
p3698,,,op2,,20,linear7,,30
p3698,,,op3,,20,linear7,,30
p3698,,,op4,,15,linear3,,37.5
p3698,,,op5,,15,linear3,,37.5
p3698,,,op6,,2,sqrt,,55
p3698,,,op7,,20,linear7,,30
p3698,,,op8,,15,linear3,,37.5
p3698,,,op9,op1;op2;op3;op4;op5;op6;op7;op8,80,squared,,10
p3699,3300.5950000000003,BATCH_PIPELINE,op1,,1,const,,55
p3699,,,op2,,1,const,,55
p3699,,,op3,,80,squared,,10
p3699,,,op4,,1,const,,55
p3699,,,op5,,20,linear7,,30
p3699,,,op6,op1;op2;op3;op4;op5,20,linear7,,30
p3700,3300.5950000000003,QUERY,op1,,15,linear3,,35
p3701,3308.856,QUERY,op1,,15,linear3,,35
p3702,3308.856,QUERY,op1,,15,linear3,,35
p3703,3308.856,QUERY,op1,,15,linear3,,35
p3704,3308.856,INTERACTIVE,op1,,1,const,,55
p3704,,,op2,op1,20,linear7,,30
p3704,,,op3,op1,15,linear3,,37.5
p3704,,,op4,op1,80,squared,,10
p3704,,,op5,op1,15,linear3,,37.5
p3704,,,op6,op1,20,linear7,,30
p3705,3308.856,QUERY,op1,,15,linear3,,35
p3706,3308.856,BATCH_PIPELINE,op1,,1,const,,55
p3706,,,op2,op1,20,linear7,,30
p3706,,,op3,op2,5,linear3,,45
p3706,,,op4,op3,1,const,,55
p3706,,,op5,op4,20,linear7,,30
p3706,,,op6,op5,20,linear7,,30
p3706,,,op7,op6,20,linear7,,30
p3707,3308.856,QUERY,op1,,15,linear3,,35
p3708,3308.856,QUERY,op1,,15,linear3,,35
p3709,3308.856,INTERACTIVE,op1,,1,const,,55
p3709,,,op2,op1,15,linear3,,37.5
p3709,,,op3,op2,15,linear3,,37.5
p3709,,,op4,op3,20,linear7,,30
p3709,,,op5,op4,5,linear3,,45
p3710,3308.856,QUERY,op1,,15,linear3,,35
p3711,3317.636,INTERACTIVE,op1,,1,const,,55
p3711,,,op2,op1,40,linear7,,20
p3711,,,op3,op2,20,linear7,,30
p3711,,,op4,op3,80,squared,,10
p3711,,,op5,op4,2,sqrt,,55
p3712,3317.636,QUERY,op1,,15,linear3,,35
p3713,3317.636,QUERY,op1,,15,linear3,,35
p3714,3317.636,BATCH_PIPELINE,op1,,1,const,,55
p3714,,,op2,op1,80,squared,,10
p3714,,,op3,op2,5,linear3,,45
p3714,,,op4,op3,5,linear3,,45
p3714,,,op5,op4,20,linear7,,30
p3714,,,op6,op5,2,sqrt,,55
p3714,,,op7,op6,20,linear7,,30
p3714,,,op8,op7,2,sqrt,,55
p3714,,,op9,op8,15,linear3,,37.5
p3714,,,op10,op9,40,linear7,,20
p3714,,,op11,op10,15,linear3,,37.5
p3715,3317.636,QUERY,op1,,15,linear3,,35
p3716,3317.636,QUERY,op1,,15,linear3,,35
p3717,3317.636,BATCH_PIPELINE,op1,,1,const,,55
p3717,,,op2,op1,20,linear7,,30
p3717,,,op3,op2,20,linear7,,30
p3717,,,op4,op3,20,linear7,,30
p3717,,,op5,op4,15,linear3,,37.5
p3717,,,op6,op5,2,sqrt,,55
p3718,3317.636,INTERACTIVE,op1,,1,const,,55
p3718,,,op2,op1,15,linear3,,37.5
p3718,,,op3,op2,20,linear7,,30
p3718,,,op4,op3,5,linear3,,45
p3719,3317.636,INTERACTIVE,op1,,1,const,,55
p3719,,,op2,,15,linear3,,37.5
p3719,,,op3,,5,linear3,,45
p3719,,,op4,,80,squared,,10
p3719,,,op5,,2,sqrt,,55
p3719,,,op6,,40,linear7,,20
p3719,,,op7,,20,linear7,,30
p3719,,,op8,op1;op2;op3;op4;op5;op6;op7,15,linear3,,37.5
p3720,3317.636,INTERACTIVE,op1,,1,const,,55
p3720,,,op2,,20,linear7,,30
p3720,,,op3,,80,squared,,10
p3720,,,op4,,40,linear7,,20
p3720,,,op5,op1;op2;op3;op4,20,linear7,,30
p3721,3327.9320000000002,QUERY,op1,,15,linear3,,35
p3722,3327.9320000000002,INTERACTIVE,op1,,1,const,,55
p3722,,,op2,op1,15,linear3,,37.5
p3722,,,op3,op2,1,const,,55
p3722,,,op4,op3,20,linear7,,30
p3722,,,op5,op4,40,linear7,,20
p3722,,,op6,op5,2,sqrt,,55
p3722,,,op7,op6,80,squared,,10
p3722,,,op8,op7,5,linear3,,45
p3723,3327.9320000000002,QUERY,op1,,15,linear3,,35
p3724,3327.9320000000002,QUERY,op1,,15,linear3,,35
p3725,3327.9320000000002,QUERY,op1,,15,linear3,,35
p3726,3327.9320000000002,INTERACTIVE,op1,,1,const,,55
p3726,,,op2,op1,40,linear7,,20
p3726,,,op3,op2,20,linear7,,30
p3726,,,op4,op3,20,linear7,,30
p3726,,,op5,op4,40,linear7,,20
p3726,,,op6,op5,5,linear3,,45
p3727,3327.9320000000002,INTERACTIVE,op1,,1,const,,55
p3727,,,op2,,80,squared,,10
p3727,,,op3,,5,linear3,,45
p3727,,,op4,,20,linear7,,30
p3727,,,op5,op1;op2;op3;op4,5,linear3,,45
p3728,3327.9320000000002,BATCH_PIPELINE,op1,,1,const,,55
p3728,,,op2,op1,20,linear7,,30
p3728,,,op3,op2,15,linear3,,37.5
p3728,,,op4,op3,5,linear3,,45
p3728,,,op5,op4,15,linear3,,37.5
p3728,,,op6,op5,15,linear3,,37.5
p3728,,,op7,op6,1,const,,55
p3728,,,op8,op7,15,linear3,,37.5
p3728,,,op9,op8,15,linear3,,37.5
p3728,,,op10,op9,15,linear3,,37.5
p3728,,,op11,op10,15,linear3,,37.5
p3728,,,op12,op11,5,linear3,,45
p3729,3327.9320000000002,INTERACTIVE,op1,,1,const,,55
p3729,,,op2,op1,20,linear7,,30
p3729,,,op3,op2,15,linear3,,37.5
p3729,,,op4,op3,20,linear7,,30
p3729,,,op5,op4,1,const,,55
p3729,,,op6,op5,80,squared,,10
p3730,3327.9320000000002,BATCH_PIPELINE,op1,,1,const,,55
p3730,,,op2,op1,1,const,,55
p3730,,,op3,op2,15,linear3,,37.5
p3730,,,op4,op3,15,linear3,,37.5
p3730,,,op5,op4,15,linear3,,37.5
p3730,,,op6,op5,15,linear3,,37.5
p3730,,,op7,op6,2,sqrt,,55
p3730,,,op8,op7,1,const,,55
p3730,,,op9,op8,15,linear3,,37.5
p3730,,,op10,op9,1,const,,55
p3730,,,op11,op10,1,const,,55
p3730,,,op12,op11,5,linear3,,45
p3731,3337.9010000000003,INTERACTIVE,op1,,1,const,,55
p3731,,,op2,op1,20,linear7,,30
p3731,,,op3,op2,20,linear7,,30
p3731,,,op4,op3,80,squared,,10
p3731,,,op5,op4,1,const,,55
p3731,,,op6,op5,5,linear3,,45
p3731,,,op7,op6,5,linear3,,45
p3732,3337.9010000000003,BATCH_PIPELINE,op1,,1,const,,55
p3732,,,op2,op1,20,linear7,,30
p3732,,,op3,op1,20,linear7,,30
p3732,,,op4,op1,20,linear7,,30
p3732,,,op5,op1,80,squared,,10
p3732,,,op6,op1,15,linear3,,37.5
p3733,3337.9010000000003,BATCH_PIPELINE,op1,,1,const,,55
p3733,,,op2,op1,80,squared,,10
p3733,,,op3,op1,2,sqrt,,55
p3733,,,op4,op1,20,linear7,,30
p3733,,,op5,op1,20,linear7,,30
p3733,,,op6,op1,40,linear7,,20
p3734,3337.9010000000003,QUERY,op1,,15,linear3,,35
p3735,3337.9010000000003,BATCH_PIPELINE,op1,,1,const,,55
p3735,,,op2,,5,linear3,,45
p3735,,,op3,,40,linear7,,20
p3735,,,op4,,20,linear7,,30
p3735,,,op5,,5,linear3,,45
p3735,,,op6,,1,const,,55
p3735,,,op7,op1;op2;op3;op4;op5;op6,2,sqrt,,55
p3736,3337.9010000000003,QUERY,op1,,15,linear3,,35
p3737,3337.9010000000003,BATCH_PIPELINE,op1,,1,const,,55
p3737,,,op2,,20,linear7,,30
p3737,,,op3,,20,linear7,,30
p3737,,,op4,,2,sqrt,,55
p3737,,,op5,,1,const,,55
p3737,,,op6,,20,linear7,,30
p3737,,,op7,op1;op2;op3;op4;op5;op6,5,linear3,,45
p3738,3337.9010000000003,INTERACTIVE,op1,,1,const,,55
p3738,,,op2,op1,5,linear3,,45
p3738,,,op3,op1,20,linear7,,30
p3738,,,op4,op1,5,linear3,,45
p3738,,,op5,op1,40,linear7,,20
p3738,,,op6,op1,20,linear7,,30
p3739,3337.9010000000003,BATCH_PIPELINE,op1,,1,const,,55
p3739,,,op2,op1,40,linear7,,20
p3739,,,op3,op2,1,const,,55
p3739,,,op4,op3,5,linear3,,45
p3739,,,op5,op4,80,squared,,10
p3739,,,op6,op5,15,linear3,,37.5
p3739,,,op7,op6,15,linear3,,37.5
p3740,3337.9010000000003,BATCH_PIPELINE,op1,,1,const,,55
p3740,,,op2,op1,5,linear3,,45
p3740,,,op3,op2,40,linear7,,20
p3740,,,op4,op3,40,linear7,,20
p3740,,,op5,op4,20,linear7,,30
p3741,3346.813,INTERACTIVE,op1,,1,const,,55
p3741,,,op2,op1,40,linear7,,20
p3741,,,op3,op2,80,squared,,10
p3741,,,op4,op3,15,linear3,,37.5
p3741,,,op5,op4,15,linear3,,37.5
p3742,3346.813,QUERY,op1,,15,linear3,,35
p3743,3346.813,INTERACTIVE,op1,,1,const,,55
p3743,,,op2,op1,80,squared,,10
p3743,,,op3,op2,1,const,,55
p3743,,,op4,op3,1,const,,55
p3743,,,op5,op4,15,linear3,,37.5
p3744,3346.813,INTERACTIVE,op1,,1,const,,55
p3744,,,op2,op1,20,linear7,,30
p3744,,,op3,op2,5,linear3,,45
p3744,,,op4,op3,80,squared,,10
p3745,3346.813,INTERACTIVE,op1,,1,const,,55
p3745,,,op2,op1,1,const,,55
p3745,,,op3,op1,20,linear7,,30
p3745,,,op4,op1,80,squared,,10
p3745,,,op5,op1,2,sqrt,,55
p3745,,,op6,op1,15,linear3,,37.5
p3745,,,op7,op1,2,sqrt,,55
p3746,3346.813,INTERACTIVE,op1,,1,const,,55
p3746,,,op2,op1,1,const,,55
p3746,,,op3,op1,1,const,,55
p3746,,,op4,op1,1,const,,55
p3746,,,op5,op1,20,linear7,,30
p3746,,,op6,op1,20,linear7,,30
p3747,3346.813,QUERY,op1,,15,linear3,,35
p3748,3346.813,QUERY,op1,,15,linear3,,35
p3749,3346.813,INTERACTIVE,op1,,1,const,,55
p3749,,,op2,op1,15,linear3,,37.5
p3749,,,op3,op2,5,linear3,,45
p3749,,,op4,op3,15,linear3,,37.5
p3749,,,op5,op4,80,squared,,10
p3749,,,op6,op5,40,linear7,,20
p3749,,,op7,op6,15,linear3,,37.5
p3750,3346.813,QUERY,op1,,15,linear3,,35
p3751,3353.335,QUERY,op1,,15,linear3,,35
p3752,3353.335,QUERY,op1,,15,linear3,,35
p3753,3353.335,INTERACTIVE,op1,,1,const,,55
p3753,,,op2,op1,80,squared,,10
p3753,,,op3,op2,20,linear7,,30
p3753,,,op4,op3,5,linear3,,45
p3753,,,op5,op4,5,linear3,,45
p3753,,,op6,op5,80,squared,,10
p3753,,,op7,op6,20,linear7,,30
p3753,,,op8,op7,5,linear3,,45
p3753,,,op9,op8,15,linear3,,37.5
p3753,,,op10,op9,20,linear7,,30
p3754,3353.335,QUERY,op1,,15,linear3,,35
p3755,3353.335,BATCH_PIPELINE,op1,,1,const,,55
p3755,,,op2,op1,20,linear7,,30
p3755,,,op3,op2,15,linear3,,37.5
p3755,,,op4,op3,5,linear3,,45
p3755,,,op5,op4,40,linear7,,20
p3755,,,op6,op5,1,const,,55
p3755,,,op7,op6,1,const,,55
p3755,,,op8,op7,15,linear3,,37.5
p3755,,,op9,op8,5,linear3,,45
p3755,,,op10,op9,1,const,,55
p3755,,,op11,op10,1,const,,55
p3756,3353.335,INTERACTIVE,op1,,1,const,,55
p3756,,,op2,op1,80,squared,,10
p3756,,,op3,op1,40,linear7,,20
p3756,,,op4,op1,80,squared,,10
p3756,,,op5,op1,2,sqrt,,55
p3756,,,op6,op1,2,sqrt,,55
p3757,3353.335,INTERACTIVE,op1,,1,const,,55
p3757,,,op2,op1,1,const,,55
p3757,,,op3,op2,40,linear7,,20
p3757,,,op4,op3,40,linear7,,20
p3757,,,op5,op4,40,linear7,,20
p3757,,,op6,op5,5,linear3,,45
p3758,3353.335,QUERY,op1,,15,linear3,,35
p3759,3353.335,BATCH_PIPELINE,op1,,1,const,,55
p3759,,,op2,op1,2,sqrt,,55
p3759,,,op3,op2,5,linear3,,45
p3759,,,op4,op3,5,linear3,,45
p3759,,,op5,op4,2,sqrt,,55
p3759,,,op6,op5,1,const,,55
p3759,,,op7,op6,80,squared,,10
p3760,3353.335,INTERACTIVE,op1,,1,const,,55
p3760,,,op2,op1,80,squared,,10
p3760,,,op3,op2,15,linear3,,37.5
p3760,,,op4,op3,5,linear3,,45
p3760,,,op5,op4,5,linear3,,45
p3760,,,op6,op5,40,linear7,,20
p3761,3355.6910000000003,BATCH_PIPELINE,op1,,1,const,,55
p3761,,,op2,op1,80,squared,,10
p3761,,,op3,op2,5,linear3,,45
p3761,,,op4,op3,40,linear7,,20
p3761,,,op5,op4,80,squared,,10
p3761,,,op6,op5,20,linear7,,30
p3761,,,op7,op6,2,sqrt,,55
p3762,3355.6910000000003,QUERY,op1,,15,linear3,,35
p3763,3355.6910000000003,INTERACTIVE,op1,,1,const,,55
p3763,,,op2,op1,80,squared,,10
p3763,,,op3,op1,80,squared,,10
p3763,,,op4,op1,40,linear7,,20
p3763,,,op5,op1,2,sqrt,,55
p3763,,,op6,op1,15,linear3,,37.5
p3763,,,op7,op1,80,squared,,10
p3763,,,op8,op1,15,linear3,,37.5
p3764,3355.6910000000003,BATCH_PIPELINE,op1,,1,const,,55
p3764,,,op2,op1,5,linear3,,45
p3764,,,op3,op2,15,linear3,,37.5
p3764,,,op4,op3,15,linear3,,37.5
p3764,,,op5,op4,1,const,,55
p3764,,,op6,op5,5,linear3,,45
p3764,,,op7,op6,1,const,,55
p3765,3355.6910000000003,INTERACTIVE,op1,,1,const,,55
p3765,,,op2,,5,linear3,,45
p3765,,,op3,,40,linear7,,20
p3765,,,op4,,40,linear7,,20
p3765,,,op5,op1;op2;op3;op4,20,linear7,,30
p3766,3355.6910000000003,INTERACTIVE,op1,,1,const,,55
p3766,,,op2,op1,15,linear3,,37.5
p3766,,,op3,op1,20,linear7,,30
p3766,,,op4,op1,40,linear7,,20
p3766,,,op5,op1,20,linear7,,30
p3767,3355.6910000000003,INTERACTIVE,op1,,1,const,,55
p3767,,,op2,op1,40,linear7,,20
p3767,,,op3,op2,40,linear7,,20
p3767,,,op4,op3,5,linear3,,45
p3767,,,op5,op4,20,linear7,,30
p3767,,,op6,op5,15,linear3,,37.5
p3768,3355.6910000000003,INTERACTIVE,op1,,1,const,,55
p3768,,,op2,,20,linear7,,30
p3768,,,op3,,1,const,,55
p3768,,,op4,,5,linear3,,45
p3768,,,op5,,5,linear3,,45
p3768,,,op6,op1;op2;op3;op4;op5,80,squared,,10
p3769,3355.6910000000003,INTERACTIVE,op1,,1,const,,55
p3769,,,op2,op1,15,linear3,,37.5
p3769,,,op3,op2,40,linear7,,20
p3769,,,op4,op3,2,sqrt,,55
p3770,3355.6910000000003,INTERACTIVE,op1,,1,const,,55
p3770,,,op2,op1,15,linear3,,37.5
p3770,,,op3,op2,1,const,,55
p3770,,,op4,op3,2,sqrt,,55
p3770,,,op5,op4,20,linear7,,30
p3770,,,op6,op5,5,linear3,,45
p3770,,,op7,op6,20,linear7,,30
p3770,,,op8,op7,20,linear7,,30
p3770,,,op9,op8,1,const,,55
p3771,3366.976,INTERACTIVE,op1,,1,const,,55
p3771,,,op2,op1,80,squared,,10
p3771,,,op3,op2,2,sqrt,,55
p3771,,,op4,op3,15,linear3,,37.5
p3772,3366.976,INTERACTIVE,op1,,1,const,,55
p3772,,,op2,op1,5,linear3,,45
p3772,,,op3,op2,40,linear7,,20
p3772,,,op4,op3,80,squared,,10
p3772,,,op5,op4,80,squared,,10
p3772,,,op6,op5,20,linear7,,30
p3773,3366.976,QUERY,op1,,15,linear3,,35
p3774,3366.976,QUERY,op1,,15,linear3,,35
p3775,3366.976,BATCH_PIPELINE,op1,,1,const,,55
p3775,,,op2,op1,40,linear7,,20
p3775,,,op3,op2,5,linear3,,45
p3775,,,op4,op3,20,linear7,,30
p3775,,,op5,op4,1,const,,55
p3775,,,op6,op5,5,linear3,,45
p3775,,,op7,op6,80,squared,,10
p3776,3366.976,INTERACTIVE,op1,,1,const,,55
p3776,,,op2,op1,5,linear3,,45
p3776,,,op3,op1,1,const,,55
p3776,,,op4,op1,20,linear7,,30
p3776,,,op5,op1,1,const,,55
p3776,,,op6,op1,5,linear3,,45
p3777,3366.976,QUERY,op1,,15,linear3,,35
p3778,3366.976,BATCH_PIPELINE,op1,,1,const,,55
p3778,,,op2,op1,40,linear7,,20
p3778,,,op3,op1,2,sqrt,,55
p3778,,,op4,op1,80,squared,,10
p3778,,,op5,op1,20,linear7,,30
p3778,,,op6,op1,2,sqrt,,55
p3778,,,op7,op1,15,linear3,,37.5
p3778,,,op8,op1,40,linear7,,20
p3778,,,op9,op1,5,linear3,,45
p3778,,,op10,op1,15,linear3,,37.5
p3778,,,op11,op1,15,linear3,,37.5
p3778,,,op12,op1,1,const,,55
p3779,3366.976,INTERACTIVE,op1,,1,const,,55
p3779,,,op2,,2,sqrt,,55
p3779,,,op3,,20,linear7,,30
p3779,,,op4,op1;op2;op3,1,const,,55
p3780,3366.976,INTERACTIVE,op1,,1,const,,55
p3780,,,op2,op1,15,linear3,,37.5
p3780,,,op3,op2,20,linear7,,30
p3780,,,op4,op3,1,const,,55
p3781,3375.597,INTERACTIVE,op1,,1,const,,55
p3781,,,op2,op1,15,linear3,,37.5
p3781,,,op3,op1,5,linear3,,45
p3781,,,op4,op1,80,squared,,10
p3781,,,op5,op1,2,sqrt,,55
p3781,,,op6,op1,5,linear3,,45
p3782,3375.597,INTERACTIVE,op1,,1,const,,55
p3782,,,op2,op1,1,const,,55
p3782,,,op3,op2,5,linear3,,45
p3782,,,op4,op3,2,sqrt,,55
p3782,,,op5,op4,80,squared,,10
p3783,3375.597,BATCH_PIPELINE,op1,,1,const,,55
p3783,,,op2,op1,20,linear7,,30
p3783,,,op3,op1,2,sqrt,,55
p3783,,,op4,op1,5,linear3,,45
p3783,,,op5,op1,2,sqrt,,55
p3783,,,op6,op1,5,linear3,,45
p3783,,,op7,op1,5,linear3,,45
p3784,3375.597,INTERACTIVE,op1,,1,const,,55
p3784,,,op2,op1,15,linear3,,37.5
p3784,,,op3,op2,15,linear3,,37.5
p3784,,,op4,op3,1,const,,55
p3785,3375.597,INTERACTIVE,op1,,1,const,,55
p3785,,,op2,op1,15,linear3,,37.5
p3785,,,op3,op2,5,linear3,,45
p3785,,,op4,op3,1,const,,55
p3786,3375.597,QUERY,op1,,15,linear3,,35
p3787,3375.597,BATCH_PIPELINE,op1,,1,const,,55
p3787,,,op2,op1,15,linear3,,37.5
p3787,,,op3,op2,40,linear7,,20
p3787,,,op4,op3,5,linear3,,45
p3787,,,op5,op4,20,linear7,,30
p3787,,,op6,op5,2,sqrt,,55
p3787,,,op7,op6,5,linear3,,45
p3787,,,op8,op7,15,linear3,,37.5
p3787,,,op9,op8,1,const,,55
p3788,3375.597,INTERACTIVE,op1,,1,const,,55
p3788,,,op2,op1,5,linear3,,45
p3788,,,op3,op2,5,linear3,,45
p3788,,,op4,op3,40,linear7,,20
p3788,,,op5,op4,20,linear7,,30
p3789,3375.597,INTERACTIVE,op1,,1,const,,55
p3789,,,op2,op1,15,linear3,,37.5
p3789,,,op3,op2,5,linear3,,45
p3789,,,op4,op3,20,linear7,,30
p3789,,,op5,op4,15,linear3,,37.5
p3789,,,op6,op5,5,linear3,,45
p3790,3375.597,INTERACTIVE,op1,,1,const,,55
p3790,,,op2,op1,20,linear7,,30
p3790,,,op3,op2,1,const,,55
p3790,,,op4,op3,40,linear7,,20
p3790,,,op5,op4,20,linear7,,30
p3790,,,op6,op5,80,squared,,10
p3791,3382.085,QUERY,op1,,15,linear3,,35
p3792,3382.085,QUERY,op1,,15,linear3,,35
p3793,3382.085,QUERY,op1,,15,linear3,,35
p3794,3382.085,QUERY,op1,,15,linear3,,35
p3795,3382.085,QUERY,op1,,15,linear3,,35
p3796,3382.085,BATCH_PIPELINE,op1,,1,const,,55
p3796,,,op2,op1,1,const,,55
p3796,,,op3,op2,80,squared,,10
p3796,,,op4,op3,1,const,,55
p3796,,,op5,op4,15,linear3,,37.5
p3797,3382.085,BATCH_PIPELINE,op1,,1,const,,55
p3797,,,op2,,40,linear7,,20
p3797,,,op3,,5,linear3,,45
p3797,,,op4,,15,linear3,,37.5
p3797,,,op5,,5,linear3,,45
p3797,,,op6,,40,linear7,,20
p3797,,,op7,,80,squared,,10
p3797,,,op8,op1;op2;op3;op4;op5;op6;op7,1,const,,55
p3798,3382.085,QUERY,op1,,15,linear3,,35
p3799,3382.085,INTERACTIVE,op1,,1,const,,55
p3799,,,op2,op1,40,linear7,,20
p3799,,,op3,op2,80,squared,,10
p3799,,,op4,op3,80,squared,,10
p3799,,,op5,op4,80,squared,,10
p3799,,,op6,op5,40,linear7,,20
p3799,,,op7,op6,2,sqrt,,55
p3800,3382.085,INTERACTIVE,op1,,1,const,,55
p3800,,,op2,op1,15,linear3,,37.5
p3800,,,op3,op2,80,squared,,10
p3800,,,op4,op3,5,linear3,,45
p3800,,,op5,op4,40,linear7,,20
p3800,,,op6,op5,20,linear7,,30
p3801,3389.156,BATCH_PIPELINE,op1,,1,const,,55
p3801,,,op2,op1,15,linear3,,37.5
p3801,,,op3,op2,2,sqrt,,55
p3801,,,op4,op3,1,const,,55
p3802,3389.156,INTERACTIVE,op1,,1,const,,55
p3802,,,op2,op1,2,sqrt,,55
p3802,,,op3,op2,15,linear3,,37.5
p3802,,,op4,op3,20,linear7,,30
p3802,,,op5,op4,5,linear3,,45
p3803,3389.156,INTERACTIVE,op1,,1,const,,55
p3803,,,op2,op1,15,linear3,,37.5
p3803,,,op3,op2,15,linear3,,37.5
p3803,,,op4,op3,5,linear3,,45
p3803,,,op5,op4,2,sqrt,,55
p3804,3389.156,INTERACTIVE,op1,,1,const,,55
p3804,,,op2,op1,20,linear7,,30
p3804,,,op3,op2,15,linear3,,37.5
p3805,3389.156,BATCH_PIPELINE,op1,,1,const,,55
p3805,,,op2,op1,5,linear3,,45
p3805,,,op3,op2,5,linear3,,45
p3805,,,op4,op3,80,squared,,10
p3805,,,op5,op4,40,linear7,,20
p3805,,,op6,op5,15,linear3,,37.5
p3805,,,op7,op6,40,linear7,,20
p3805,,,op8,op7,40,linear7,,20
p3806,3389.156,BATCH_PIPELINE,op1,,1,const,,55
p3806,,,op2,op1,20,linear7,,30
p3806,,,op3,op1,5,linear3,,45
p3806,,,op4,op1,15,linear3,,37.5
p3806,,,op5,op1,5,linear3,,45
p3806,,,op6,op1,40,linear7,,20
p3806,,,op7,op1,1,const,,55
p3807,3389.156,BATCH_PIPELINE,op1,,1,const,,55
p3807,,,op2,op1,15,linear3,,37.5
p3807,,,op3,op2,15,linear3,,37.5
p3807,,,op4,op3,5,linear3,,45
p3808,3389.156,INTERACTIVE,op1,,1,const,,55
p3808,,,op2,op1,20,linear7,,30
p3808,,,op3,op1,5,linear3,,45
p3808,,,op4,op1,20,linear7,,30
p3808,,,op5,op1,2,sqrt,,55
p3808,,,op6,op1,80,squared,,10
p3808,,,op7,op1,40,linear7,,20
p3808,,,op8,op1,2,sqrt,,55
p3809,3389.156,INTERACTIVE,op1,,1,const,,55
p3809,,,op2,op1,20,linear7,,30
p3809,,,op3,op2,5,linear3,,45
p3809,,,op4,op3,80,squared,,10
p3809,,,op5,op4,15,linear3,,37.5
p3809,,,op6,op5,80,squared,,10
p3810,3389.156,INTERACTIVE,op1,,1,const,,55
p3810,,,op2,op1,40,linear7,,20
p3810,,,op3,op2,20,linear7,,30
p3811,3399.611,INTERACTIVE,op1,,1,const,,55
p3811,,,op2,op1,80,squared,,10
p3811,,,op3,op2,20,linear7,,30
p3812,3399.611,INTERACTIVE,op1,,1,const,,55
p3812,,,op2,op1,40,linear7,,20
p3812,,,op3,op2,80,squared,,10
p3812,,,op4,op3,15,linear3,,37.5
p3812,,,op5,op4,15,linear3,,37.5
p3812,,,op6,op5,15,linear3,,37.5
p3812,,,op7,op6,1,const,,55
p3813,3399.611,INTERACTIVE,op1,,1,const,,55
p3813,,,op2,,20,linear7,,30
p3813,,,op3,,15,linear3,,37.5
p3813,,,op4,,1,const,,55
p3813,,,op5,,80,squared,,10
p3813,,,op6,,5,linear3,,45
p3813,,,op7,op1;op2;op3;op4;op5;op6,5,linear3,,45
p3814,3399.611,INTERACTIVE,op1,,1,const,,55
p3814,,,op2,op1,40,linear7,,20
p3814,,,op3,op2,2,sqrt,,55
p3814,,,op4,op3,15,linear3,,37.5
p3814,,,op5,op4,80,squared,,10
p3814,,,op6,op5,5,linear3,,45
p3814,,,op7,op6,2,sqrt,,55
p3815,3399.611,QUERY,op1,,15,linear3,,35
p3816,3399.611,BATCH_PIPELINE,op1,,1,const,,55
p3816,,,op2,op1,1,const,,55
p3816,,,op3,op2,40,linear7,,20
p3816,,,op4,op3,2,sqrt,,55
p3816,,,op5,op4,2,sqrt,,55
p3816,,,op6,op5,1,const,,55
p3816,,,op7,op6,40,linear7,,20
p3816,,,op8,op7,15,linear3,,37.5
p3816,,,op9,op8,15,linear3,,37.5
p3817,3399.611,INTERACTIVE,op1,,1,const,,55
p3817,,,op2,,1,const,,55
p3817,,,op3,,2,sqrt,,55
p3817,,,op4,,5,linear3,,45
p3817,,,op5,,5,linear3,,45
p3817,,,op6,,15,linear3,,37.5
p3817,,,op7,op1;op2;op3;op4;op5;op6,20,linear7,,30
p3818,3399.611,QUERY,op1,,15,linear3,,35
p3819,3399.611,INTERACTIVE,op1,,1,const,,55
p3819,,,op2,op1,2,sqrt,,55
p3819,,,op3,op2,15,linear3,,37.5
p3819,,,op4,op3,20,linear7,,30
p3819,,,op5,op4,15,linear3,,37.5
p3820,3399.611,QUERY,op1,,15,linear3,,35
p3821,3408.8250000000003,INTERACTIVE,op1,,1,const,,55
p3821,,,op2,op1,15,linear3,,37.5
p3821,,,op3,op2,2,sqrt,,55
p3821,,,op4,op3,20,linear7,,30
p3822,3408.8250000000003,QUERY,op1,,15,linear3,,35
p3823,3408.8250000000003,BATCH_PIPELINE,op1,,1,const,,55
p3823,,,op2,op1,1,const,,55
p3823,,,op3,op2,80,squared,,10
p3823,,,op4,op3,5,linear3,,45
p3823,,,op5,op4,2,sqrt,,55
p3823,,,op6,op5,1,const,,55
p3824,3408.8250000000003,BATCH_PIPELINE,op1,,1,const,,55
p3824,,,op2,op1,1,const,,55
p3824,,,op3,op2,1,const,,55
p3824,,,op4,op3,20,linear7,,30
p3824,,,op5,op4,5,linear3,,45
p3824,,,op6,op5,5,linear3,,45
p3825,3408.8250000000003,QUERY,op1,,15,linear3,,35
p3826,3408.8250000000003,INTERACTIVE,op1,,1,const,,55
p3826,,,op2,op1,1,const,,55
p3826,,,op3,op2,5,linear3,,45
p3826,,,op4,op3,2,sqrt,,55
p3826,,,op5,op4,20,linear7,,30
p3827,3408.8250000000003,QUERY,op1,,15,linear3,,35
p3828,3408.8250000000003,QUERY,op1,,15,linear3,,35
p3829,3408.8250000000003,INTERACTIVE,op1,,1,const,,55
p3829,,,op2,op1,5,linear3,,45
p3829,,,op3,op2,5,linear3,,45
p3829,,,op4,op3,80,squared,,10
p3829,,,op5,op4,5,linear3,,45
p3830,3408.8250000000003,QUERY,op1,,15,linear3,,35
p3831,3417.094,QUERY,op1,,15,linear3,,35
p3832,3417.094,BATCH_PIPELINE,op1,,1,const,,55
p3832,,,op2,op1,5,linear3,,45
p3832,,,op3,op1,15,linear3,,37.5
p3832,,,op4,op1,80,squared,,10
p3832,,,op5,op1,40,linear7,,20
p3832,,,op6,op1,40,linear7,,20
p3832,,,op7,op1,1,const,,55
p3833,3417.094,INTERACTIVE,op1,,1,const,,55
p3833,,,op2,op1,5,linear3,,45
p3833,,,op3,op2,5,linear3,,45
p3833,,,op4,op3,80,squared,,10
p3833,,,op5,op4,20,linear7,,30
p3833,,,op6,op5,40,linear7,,20
p3834,3417.094,QUERY,op1,,15,linear3,,35
p3835,3417.094,BATCH_PIPELINE,op1,,1,const,,55
p3835,,,op2,op1,2,sqrt,,55
p3835,,,op3,op2,2,sqrt,,55
p3835,,,op4,op3,2,sqrt,,55
p3835,,,op5,op4,5,linear3,,45
p3835,,,op6,op5,20,linear7,,30
p3835,,,op7,op6,1,const,,55
p3835,,,op8,op7,20,linear7,,30
p3835,,,op9,op8,2,sqrt,,55
p3836,3417.094,INTERACTIVE,op1,,1,const,,55
p3836,,,op2,op1,15,linear3,,37.5
p3836,,,op3,op2,5,linear3,,45
p3836,,,op4,op3,5,linear3,,45
p3836,,,op5,op4,80,squared,,10
p3837,3417.094,INTERACTIVE,op1,,1,const,,55
p3837,,,op2,op1,5,linear3,,45
p3837,,,op3,op2,5,linear3,,45
p3837,,,op4,op3,40,linear7,,20
p3837,,,op5,op4,5,linear3,,45
p3838,3417.094,INTERACTIVE,op1,,1,const,,55
p3838,,,op2,op1,5,linear3,,45
p3838,,,op3,op2,40,linear7,,20
p3838,,,op4,op3,1,const,,55
p3838,,,op5,op4,80,squared,,10
p3838,,,op6,op5,40,linear7,,20
p3839,3417.094,BATCH_PIPELINE,op1,,1,const,,55
p3839,,,op2,op1,20,linear7,,30
p3839,,,op3,op2,2,sqrt,,55
p3839,,,op4,op3,1,const,,55
p3839,,,op5,op4,80,squared,,10
p3839,,,op6,op5,40,linear7,,20
p3839,,,op7,op6,15,linear3,,37.5
p3840,3417.094,INTERACTIVE,op1,,1,const,,55
p3840,,,op2,op1,1,const,,55
p3840,,,op3,op1,5,linear3,,45
p3840,,,op4,op1,5,linear3,,45
p3840,,,op5,op1,15,linear3,,37.5
p3840,,,op6,op1,40,linear7,,20
p3841,3422.067,QUERY,op1,,15,linear3,,35
p3842,3422.067,QUERY,op1,,15,linear3,,35
p3843,3422.067,QUERY,op1,,15,linear3,,35
p3844,3422.067,INTERACTIVE,op1,,1,const,,55
p3844,,,op2,op1,40,linear7,,20
p3844,,,op3,op2,40,linear7,,20
p3844,,,op4,op3,20,linear7,,30
p3844,,,op5,op4,15,linear3,,37.5
p3844,,,op6,op5,5,linear3,,45
p3844,,,op7,op6,2,sqrt,,55
p3844,,,op8,op7,2,sqrt,,55
p3845,3422.067,QUERY,op1,,15,linear3,,35
p3846,3422.067,BATCH_PIPELINE,op1,,1,const,,55
p3846,,,op2,op1,5,linear3,,45
p3846,,,op3,op1,2,sqrt,,55
p3846,,,op4,op1,5,linear3,,45
p3846,,,op5,op1,20,linear7,,30
p3846,,,op6,op1,2,sqrt,,55
p3846,,,op7,op1,15,linear3,,37.5
p3847,3422.067,INTERACTIVE,op1,,1,const,,55
p3847,,,op2,op1,1,const,,55
p3847,,,op3,op2,15,linear3,,37.5
p3847,,,op4,op3,1,const,,55
p3848,3422.067,INTERACTIVE,op1,,1,const,,55
p3848,,,op2,op1,40,linear7,,20
p3848,,,op3,op1,2,sqrt,,55
p3848,,,op4,op1,5,linear3,,45
p3848,,,op5,op1,1,const,,55
p3849,3422.067,INTERACTIVE,op1,,1,const,,55
p3849,,,op2,,2,sqrt,,55
p3849,,,op3,,15,linear3,,37.5
p3849,,,op4,,5,linear3,,45
p3849,,,op5,,15,linear3,,37.5
p3849,,,op6,,15,linear3,,37.5
p3849,,,op7,,20,linear7,,30
p3849,,,op8,op1;op2;op3;op4;op5;op6;op7,2,sqrt,,55
p3850,3422.067,INTERACTIVE,op1,,1,const,,55
p3850,,,op2,op1,1,const,,55
p3850,,,op3,op2,5,linear3,,45
p3850,,,op4,op3,5,linear3,,45
p3851,3433.1910000000003,QUERY,op1,,15,linear3,,35
p3852,3433.1910000000003,QUERY,op1,,15,linear3,,35
p3853,3433.1910000000003,INTERACTIVE,op1,,1,const,,55
p3853,,,op2,op1,5,linear3,,45
p3854,3433.1910000000003,INTERACTIVE,op1,,1,const,,55
p3854,,,op2,op1,15,linear3,,37.5
p3854,,,op3,op2,5,linear3,,45
p3854,,,op4,op3,40,linear7,,20
p3854,,,op5,op4,40,linear7,,20
p3855,3433.1910000000003,QUERY,op1,,15,linear3,,35
p3856,3433.1910000000003,INTERACTIVE,op1,,1,const,,55
p3856,,,op2,op1,80,squared,,10
p3856,,,op3,op2,15,linear3,,37.5
p3856,,,op4,op3,40,linear7,,20
p3856,,,op5,op4,2,sqrt,,55
p3856,,,op6,op5,5,linear3,,45
p3857,3433.1910000000003,INTERACTIVE,op1,,1,const,,55
p3857,,,op2,op1,1,const,,55
p3857,,,op3,op2,15,linear3,,37.5
p3857,,,op4,op3,20,linear7,,30
p3857,,,op5,op4,20,linear7,,30
p3857,,,op6,op5,2,sqrt,,55
p3858,3433.1910000000003,QUERY,op1,,15,linear3,,35
p3859,3433.1910000000003,QUERY,op1,,15,linear3,,35
p3860,3433.1910000000003,INTERACTIVE,op1,,1,const,,55
p3860,,,op2,op1,40,linear7,,20
p3860,,,op3,op1,15,linear3,,37.5
p3860,,,op4,op1,20,linear7,,30
p3860,,,op5,op1,80,squared,,10
p3861,3441.8920000000003,BATCH_PIPELINE,op1,,1,const,,55
p3861,,,op2,op1,40,linear7,,20
p3861,,,op3,op2,20,linear7,,30
p3861,,,op4,op3,1,const,,55
p3861,,,op5,op4,2,sqrt,,55
p3861,,,op6,op5,5,linear3,,45
p3861,,,op7,op6,15,linear3,,37.5
p3861,,,op8,op7,80,squared,,10
p3861,,,op9,op8,2,sqrt,,55
p3862,3441.8920000000003,INTERACTIVE,op1,,1,const,,55
p3862,,,op2,,40,linear7,,20
p3862,,,op3,,40,linear7,,20
p3862,,,op4,,20,linear7,,30
p3862,,,op5,op1;op2;op3;op4,5,linear3,,45
p3863,3441.8920000000003,BATCH_PIPELINE,op1,,1,const,,55
p3863,,,op2,op1,15,linear3,,37.5
p3863,,,op3,op2,2,sqrt,,55
p3863,,,op4,op3,40,linear7,,20
p3863,,,op5,op4,5,linear3,,45
p3864,3441.8920000000003,INTERACTIVE,op1,,1,const,,55
p3864,,,op2,op1,5,linear3,,45
p3864,,,op3,op2,40,linear7,,20
p3864,,,op4,op3,40,linear7,,20
p3865,3441.8920000000003,INTERACTIVE,op1,,1,const,,55
p3865,,,op2,,20,linear7,,30
p3865,,,op3,,15,linear3,,37.5
p3865,,,op4,,5,linear3,,45
p3865,,,op5,,15,linear3,,37.5
p3865,,,op6,op1;op2;op3;op4;op5,1,const,,55
p3866,3441.8920000000003,QUERY,op1,,15,linear3,,35
p3867,3441.8920000000003,QUERY,op1,,15,linear3,,35
p3868,3441.8920000000003,INTERACTIVE,op1,,1,const,,55
p3868,,,op2,op1,5,linear3,,45
p3868,,,op3,op2,2,sqrt,,55
p3868,,,op4,op3,5,linear3,,45
p3868,,,op5,op4,80,squared,,10
p3868,,,op6,op5,20,linear7,,30
p3868,,,op7,op6,5,linear3,,45
p3869,3441.8920000000003,BATCH_PIPELINE,op1,,1,const,,55
p3869,,,op2,op1,20,linear7,,30
p3869,,,op3,op2,5,linear3,,45
p3869,,,op4,op3,2,sqrt,,55
p3870,3441.8920000000003,QUERY,op1,,15,linear3,,35
p3871,3452.3540000000003,BATCH_PIPELINE,op1,,1,const,,55
p3871,,,op2,op1,80,squared,,10
p3871,,,op3,op2,40,linear7,,20
p3871,,,op4,op3,80,squared,,10
p3871,,,op5,op4,1,const,,55
p3871,,,op6,op5,5,linear3,,45
p3872,3452.3540000000003,BATCH_PIPELINE,op1,,1,const,,55
p3872,,,op2,op1,15,linear3,,37.5
p3872,,,op3,op2,2,sqrt,,55
p3872,,,op4,op3,2,sqrt,,55
p3872,,,op5,op4,20,linear7,,30
p3872,,,op6,op5,20,linear7,,30
p3872,,,op7,op6,15,linear3,,37.5
p3872,,,op8,op7,15,linear3,,37.5
p3872,,,op9,op8,15,linear3,,37.5
p3873,3452.3540000000003,INTERACTIVE,op1,,1,const,,55
p3873,,,op2,op1,20,linear7,,30
p3873,,,op3,op1,15,linear3,,37.5
p3873,,,op4,op1,15,linear3,,37.5
p3873,,,op5,op1,15,linear3,,37.5
p3873,,,op6,op1,5,linear3,,45
p3873,,,op7,op1,5,linear3,,45
p3873,,,op8,op1,20,linear7,,30
p3874,3452.3540000000003,BATCH_PIPELINE,op1,,1,const,,55
p3874,,,op2,op1,20,linear7,,30
p3874,,,op3,op1,20,linear7,,30
p3874,,,op4,op1,20,linear7,,30
p3874,,,op5,op1,5,linear3,,45
p3874,,,op6,op1,20,linear7,,30
p3874,,,op7,op1,20,linear7,,30
p3874,,,op8,op1,1,const,,55
p3874,,,op9,op1,80,squared,,10
p3875,3452.3540000000003,INTERACTIVE,op1,,1,const,,55
p3875,,,op2,op1,20,linear7,,30
p3875,,,op3,op2,5,linear3,,45
p3875,,,op4,op3,15,linear3,,37.5
p3875,,,op5,op4,40,linear7,,20
p3875,,,op6,op5,2,sqrt,,55
p3875,,,op7,op6,2,sqrt,,55
p3876,3452.3540000000003,QUERY,op1,,15,linear3,,35
p3877,3452.3540000000003,BATCH_PIPELINE,op1,,1,const,,55
p3877,,,op2,op1,5,linear3,,45
p3877,,,op3,op2,2,sqrt,,55
p3877,,,op4,op3,1,const,,55
p3877,,,op5,op4,2,sqrt,,55
p3877,,,op6,op5,15,linear3,,37.5
p3878,3452.3540000000003,BATCH_PIPELINE,op1,,1,const,,55
p3878,,,op2,op1,2,sqrt,,55
p3878,,,op3,op2,2,sqrt,,55
p3878,,,op4,op3,15,linear3,,37.5
p3878,,,op5,op4,5,linear3,,45
p3878,,,op6,op5,40,linear7,,20
p3878,,,op7,op6,15,linear3,,37.5
p3878,,,op8,op7,40,linear7,,20
p3879,3452.3540000000003,BATCH_PIPELINE,op1,,1,const,,55
p3879,,,op2,op1,15,linear3,,37.5
p3879,,,op3,op2,20,linear7,,30
p3879,,,op4,op3,2,sqrt,,55
p3879,,,op5,op4,20,linear7,,30
p3879,,,op6,op5,40,linear7,,20
p3879,,,op7,op6,5,linear3,,45
p3879,,,op8,op7,20,linear7,,30
p3879,,,op9,op8,15,linear3,,37.5
p3879,,,op10,op9,15,linear3,,37.5
p3880,3452.3540000000003,QUERY,op1,,15,linear3,,35
p3881,3462.522,QUERY,op1,,15,linear3,,35
p3882,3462.522,QUERY,op1,,15,linear3,,35
p3883,3462.522,QUERY,op1,,15,linear3,,35
p3884,3462.522,QUERY,op1,,15,linear3,,35
p3885,3462.522,BATCH_PIPELINE,op1,,1,const,,55
p3885,,,op2,op1,40,linear7,,20
p3885,,,op3,op2,5,linear3,,45
p3885,,,op4,op3,15,linear3,,37.5
p3886,3462.522,QUERY,op1,,15,linear3,,35
p3887,3462.522,QUERY,op1,,15,linear3,,35
p3888,3462.522,INTERACTIVE,op1,,1,const,,55
p3888,,,op2,op1,2,sqrt,,55
p3888,,,op3,op2,20,linear7,,30
p3888,,,op4,op3,20,linear7,,30
p3889,3462.522,INTERACTIVE,op1,,1,const,,55
p3889,,,op2,op1,40,linear7,,20
p3889,,,op3,op1,5,linear3,,45
p3889,,,op4,op1,20,linear7,,30
p3889,,,op5,op1,5,linear3,,45
p3889,,,op6,op1,40,linear7,,20
p3890,3462.522,BATCH_PIPELINE,op1,,1,const,,55
p3890,,,op2,op1,15,linear3,,37.5
p3890,,,op3,op2,40,linear7,,20
p3890,,,op4,op3,80,squared,,10
p3890,,,op5,op4,1,const,,55
p3890,,,op6,op5,2,sqrt,,55
p3890,,,op7,op6,1,const,,55
p3890,,,op8,op7,40,linear7,,20
p3890,,,op9,op8,1,const,,55
p3890,,,op10,op9,1,const,,55
p3891,3469.053,QUERY,op1,,15,linear3,,35
p3892,3469.053,QUERY,op1,,15,linear3,,35
p3893,3469.053,BATCH_PIPELINE,op1,,1,const,,55
p3893,,,op2,op1,15,linear3,,37.5
p3893,,,op3,op2,1,const,,55
p3893,,,op4,op3,2,sqrt,,55
p3894,3469.053,INTERACTIVE,op1,,1,const,,55
p3894,,,op2,,40,linear7,,20
p3894,,,op3,,80,squared,,10
p3894,,,op4,,5,linear3,,45
p3894,,,op5,op1;op2;op3;op4,1,const,,55
p3895,3469.053,INTERACTIVE,op1,,1,const,,55
p3895,,,op2,op1,20,linear7,,30
p3895,,,op3,op2,80,squared,,10
p3895,,,op4,op3,1,const,,55
p3895,,,op5,op4,5,linear3,,45
p3895,,,op6,op5,80,squared,,10
p3896,3469.053,INTERACTIVE,op1,,1,const,,55
p3896,,,op2,op1,80,squared,,10
p3896,,,op3,op2,80,squared,,10
p3896,,,op4,op3,20,linear7,,30
p3896,,,op5,op4,1,const,,55
p3896,,,op6,op5,5,linear3,,45
p3896,,,op7,op6,80,squared,,10
p3897,3469.053,QUERY,op1,,15,linear3,,35
p3898,3469.053,INTERACTIVE,op1,,1,const,,55
p3898,,,op2,op1,40,linear7,,20
p3899,3469.053,QUERY,op1,,15,linear3,,35
p3900,3469.053,INTERACTIVE,op1,,1,const,,55
p3900,,,op2,op1,20,linear7,,30
p3900,,,op3,op2,15,linear3,,37.5
p3900,,,op4,op3,1,const,,55
p3901,3478.121,BATCH_PIPELINE,op1,,1,const,,55
p3901,,,op2,op1,5,linear3,,45
p3901,,,op3,op2,15,linear3,,37.5
p3901,,,op4,op3,15,linear3,,37.5
p3901,,,op5,op4,2,sqrt,,55
p3901,,,op6,op5,15,linear3,,37.5
p3901,,,op7,op6,20,linear7,,30
p3901,,,op8,op7,40,linear7,,20
p3901,,,op9,op8,20,linear7,,30
p3901,,,op10,op9,2,sqrt,,55
p3902,3478.121,QUERY,op1,,15,linear3,,35
p3903,3478.121,INTERACTIVE,op1,,1,const,,55
p3903,,,op2,op1,20,linear7,,30
p3903,,,op3,op1,80,squared,,10
p3903,,,op4,op1,1,const,,55
p3904,3478.121,QUERY,op1,,15,linear3,,35
p3905,3478.121,INTERACTIVE,op1,,1,const,,55
p3905,,,op2,op1,20,linear7,,30
p3905,,,op3,op2,5,linear3,,45
p3905,,,op4,op3,15,linear3,,37.5
p3905,,,op5,op4,1,const,,55
p3905,,,op6,op5,1,const,,55
p3906,3478.121,QUERY,op1,,15,linear3,,35
p3907,3478.121,INTERACTIVE,op1,,1,const,,55
p3907,,,op2,op1,2,sqrt,,55
p3907,,,op3,op1,5,linear3,,45
p3907,,,op4,op1,15,linear3,,37.5
p3907,,,op5,op1,15,linear3,,37.5
p3907,,,op6,op1,5,linear3,,45
p3908,3478.121,INTERACTIVE,op1,,1,const,,55
p3908,,,op2,,40,linear7,,20
p3908,,,op3,,15,linear3,,37.5
p3908,,,op4,,15,linear3,,37.5
p3908,,,op5,,80,squared,,10
p3908,,,op6,op1;op2;op3;op4;op5,2,sqrt,,55
p3909,3478.121,BATCH_PIPELINE,op1,,1,const,,55
p3909,,,op2,op1,2,sqrt,,55
p3909,,,op3,op2,20,linear7,,30
p3909,,,op4,op3,5,linear3,,45
p3909,,,op5,op4,1,const,,55
p3909,,,op6,op5,80,squared,,10
p3909,,,op7,op6,1,const,,55
p3909,,,op8,op7,15,linear3,,37.5
p3909,,,op9,op8,1,const,,55
p3910,3478.121,INTERACTIVE,op1,,1,const,,55
p3910,,,op2,op1,15,linear3,,37.5
p3910,,,op3,op2,80,squared,,10
p3910,,,op4,op3,5,linear3,,45
p3910,,,op5,op4,1,const,,55
p3911,3487.656,QUERY,op1,,15,linear3,,35
p3912,3487.656,QUERY,op1,,15,linear3,,35
p3913,3487.656,QUERY,op1,,15,linear3,,35
p3914,3487.656,QUERY,op1,,15,linear3,,35
p3915,3487.656,BATCH_PIPELINE,op1,,1,const,,55
p3915,,,op2,op1,20,linear7,,30
p3915,,,op3,op2,1,const,,55
p3915,,,op4,op3,5,linear3,,45
p3915,,,op5,op4,20,linear7,,30
p3915,,,op6,op5,15,linear3,,37.5
p3915,,,op7,op6,5,linear3,,45
p3915,,,op8,op7,15,linear3,,37.5
p3915,,,op9,op8,15,linear3,,37.5
p3916,3487.656,QUERY,op1,,15,linear3,,35
p3917,3487.656,INTERACTIVE,op1,,1,const,,55
p3917,,,op2,,80,squared,,10
p3917,,,op3,,40,linear7,,20
p3917,,,op4,,80,squared,,10
p3917,,,op5,,5,linear3,,45
p3917,,,op6,op1;op2;op3;op4;op5,1,const,,55
p3918,3487.656,INTERACTIVE,op1,,1,const,,55
p3918,,,op2,op1,2,sqrt,,55
p3918,,,op3,op1,15,linear3,,37.5
p3918,,,op4,op1,20,linear7,,30
p3918,,,op5,op1,15,linear3,,37.5
p3919,3487.656,INTERACTIVE,op1,,1,const,,55
p3919,,,op2,op1,80,squared,,10
p3919,,,op3,op2,15,linear3,,37.5
p3919,,,op4,op3,2,sqrt,,55
p3919,,,op5,op4,80,squared,,10
p3919,,,op6,op5,2,sqrt,,55
p3920,3487.656,BATCH_PIPELINE,op1,,1,const,,55
p3920,,,op2,op1,20,linear7,,30
p3920,,,op3,op2,1,const,,55
p3920,,,op4,op3,2,sqrt,,55
p3920,,,op5,op4,15,linear3,,37.5
p3920,,,op6,op5,2,sqrt,,55
p3920,,,op7,op6,5,linear3,,45
p3920,,,op8,op7,20,linear7,,30
p3920,,,op9,op8,5,linear3,,45
p3920,,,op10,op9,1,const,,55
p3921,3498.649,INTERACTIVE,op1,,1,const,,55
p3921,,,op2,op1,15,linear3,,37.5
p3921,,,op3,op2,80,squared,,10
p3921,,,op4,op3,15,linear3,,37.5
p3921,,,op5,op4,80,squared,,10
p3922,3498.649,QUERY,op1,,15,linear3,,35
p3923,3498.649,INTERACTIVE,op1,,1,const,,55
p3923,,,op2,op1,40,linear7,,20
p3923,,,op3,op2,40,linear7,,20
p3923,,,op4,op3,1,const,,55
p3923,,,op5,op4,40,linear7,,20
p3924,3498.649,QUERY,op1,,15,linear3,,35
p3925,3498.649,INTERACTIVE,op1,,1,const,,55
p3925,,,op2,op1,5,linear3,,45
p3925,,,op3,op2,15,linear3,,37.5
p3925,,,op4,op3,40,linear7,,20
p3926,3498.649,INTERACTIVE,op1,,1,const,,55
p3926,,,op2,,15,linear3,,37.5
p3926,,,op3,,2,sqrt,,55
p3926,,,op4,op1;op2;op3,1,const,,55
p3927,3498.649,BATCH_PIPELINE,op1,,1,const,,55
p3927,,,op2,op1,2,sqrt,,55
p3927,,,op3,op2,15,linear3,,37.5
p3927,,,op4,op3,1,const,,55
p3927,,,op5,op4,2,sqrt,,55
p3927,,,op6,op5,15,linear3,,37.5
p3927,,,op7,op6,15,linear3,,37.5
p3927,,,op8,op7,1,const,,55
p3928,3498.649,QUERY,op1,,15,linear3,,35
p3929,3498.649,QUERY,op1,,15,linear3,,35
p3930,3498.649,QUERY,op1,,15,linear3,,35
p3931,3505.82,BATCH_PIPELINE,op1,,1,const,,55
p3931,,,op2,,15,linear3,,37.5
p3931,,,op3,,1,const,,55
p3931,,,op4,,2,sqrt,,55
p3931,,,op5,,80,squared,,10
p3931,,,op6,,80,squared,,10
p3931,,,op7,,20,linear7,,30
p3931,,,op8,op1;op2;op3;op4;op5;op6;op7,40,linear7,,20
p3932,3505.82,INTERACTIVE,op1,,1,const,,55
p3932,,,op2,,80,squared,,10
p3932,,,op3,,5,linear3,,45
p3932,,,op4,op1;op2;op3,40,linear7,,20
p3933,3505.82,QUERY,op1,,15,linear3,,35
p3934,3505.82,QUERY,op1,,15,linear3,,35
p3935,3505.82,QUERY,op1,,15,linear3,,35
p3936,3505.82,INTERACTIVE,op1,,1,const,,55
p3936,,,op2,,1,const,,55
p3936,,,op3,,80,squared,,10
p3936,,,op4,,5,linear3,,45
p3936,,,op5,op1;op2;op3;op4,1,const,,55
p3937,3505.82,QUERY,op1,,15,linear3,,35
p3938,3505.82,QUERY,op1,,15,linear3,,35
p3939,3505.82,INTERACTIVE,op1,,1,const,,55
p3939,,,op2,op1,2,sqrt,,55
p3939,,,op3,op2,5,linear3,,45
p3939,,,op4,op3,40,linear7,,20
p3939,,,op5,op4,1,const,,55
p3939,,,op6,op5,15,linear3,,37.5
p3939,,,op7,op6,40,linear7,,20
p3940,3505.82,BATCH_PIPELINE,op1,,1,const,,55
p3940,,,op2,op1,1,const,,55
p3940,,,op3,op2,80,squared,,10
p3940,,,op4,op3,15,linear3,,37.5
p3940,,,op5,op4,40,linear7,,20
p3940,,,op6,op5,1,const,,55
p3940,,,op7,op6,1,const,,55
p3940,,,op8,op7,80,squared,,10
p3940,,,op9,op8,2,sqrt,,55
p3941,3514.121,INTERACTIVE,op1,,1,const,,55
p3941,,,op2,op1,20,linear7,,30
p3941,,,op3,op2,2,sqrt,,55
p3941,,,op4,op3,40,linear7,,20
p3941,,,op5,op4,40,linear7,,20
p3941,,,op6,op5,1,const,,55
p3941,,,op7,op6,80,squared,,10
p3942,3514.121,QUERY,op1,,15,linear3,,35
p3943,3514.121,QUERY,op1,,15,linear3,,35
p3944,3514.121,INTERACTIVE,op1,,1,const,,55
p3944,,,op2,op1,15,linear3,,37.5
p3944,,,op3,op2,20,linear7,,30
p3944,,,op4,op3,15,linear3,,37.5
p3944,,,op5,op4,40,linear7,,20
p3944,,,op6,op5,80,squared,,10
p3944,,,op7,op6,1,const,,55
p3945,3514.121,BATCH_PIPELINE,op1,,1,const,,55
p3945,,,op2,,5,linear3,,45
p3945,,,op3,,2,sqrt,,55
p3945,,,op4,,20,linear7,,30
p3945,,,op5,,1,const,,55
p3945,,,op6,,20,linear7,,30
p3945,,,op7,op1;op2;op3;op4;op5;op6,20,linear7,,30
p3946,3514.121,QUERY,op1,,15,linear3,,35
p3947,3514.121,INTERACTIVE,op1,,1,const,,55
p3947,,,op2,op1,5,linear3,,45
p3947,,,op3,op2,20,linear7,,30
p3947,,,op4,op3,20,linear7,,30
p3947,,,op5,op4,40,linear7,,20
p3947,,,op6,op5,1,const,,55
p3947,,,op7,op6,15,linear3,,37.5
p3948,3514.121,BATCH_PIPELINE,op1,,1,const,,55
p3948,,,op2,op1,5,linear3,,45
p3948,,,op3,op2,2,sqrt,,55
p3948,,,op4,op3,20,linear7,,30
p3948,,,op5,op4,5,linear3,,45
p3948,,,op6,op5,80,squared,,10
p3948,,,op7,op6,80,squared,,10
p3948,,,op8,op7,40,linear7,,20
p3948,,,op9,op8,15,linear3,,37.5
p3949,3514.121,QUERY,op1,,15,linear3,,35
p3950,3514.121,QUERY,op1,,15,linear3,,35
p3951,3522.043,INTERACTIVE,op1,,1,const,,55
p3951,,,op2,op1,20,linear7,,30
p3951,,,op3,op2,1,const,,55
p3951,,,op4,op3,5,linear3,,45
p3952,3522.043,INTERACTIVE,op1,,1,const,,55
p3952,,,op2,op1,20,linear7,,30
p3952,,,op3,op2,2,sqrt,,55
p3952,,,op4,op3,2,sqrt,,55
p3952,,,op5,op4,15,linear3,,37.5
p3952,,,op6,op5,20,linear7,,30
p3953,3522.043,INTERACTIVE,op1,,1,const,,55
p3953,,,op2,op1,80,squared,,10
p3953,,,op3,op1,20,linear7,,30
p3953,,,op4,op1,15,linear3,,37.5
p3954,3522.043,QUERY,op1,,15,linear3,,35
p3955,3522.043,BATCH_PIPELINE,op1,,1,const,,55
p3955,,,op2,op1,20,linear7,,30
p3955,,,op3,op2,15,linear3,,37.5
p3955,,,op4,op3,5,linear3,,45
p3955,,,op5,op4,5,linear3,,45
p3955,,,op6,op5,80,squared,,10
p3955,,,op7,op6,5,linear3,,45
p3955,,,op8,op7,1,const,,55
p3956,3522.043,QUERY,op1,,15,linear3,,35
p3957,3522.043,INTERACTIVE,op1,,1,const,,55
p3957,,,op2,op1,80,squared,,10
p3957,,,op3,op2,15,linear3,,37.5
p3957,,,op4,op3,40,linear7,,20
p3957,,,op5,op4,5,linear3,,45
p3957,,,op6,op5,5,linear3,,45
p3957,,,op7,op6,15,linear3,,37.5
p3958,3522.043,INTERACTIVE,op1,,1,const,,55
p3958,,,op2,,20,linear7,,30
p3958,,,op3,,1,const,,55
p3958,,,op4,,5,linear3,,45
p3958,,,op5,op1;op2;op3;op4,5,linear3,,45
p3959,3522.043,BATCH_PIPELINE,op1,,1,const,,55
p3959,,,op2,op1,1,const,,55
p3959,,,op3,op2,5,linear3,,45
p3959,,,op4,op3,2,sqrt,,55
p3959,,,op5,op4,20,linear7,,30
p3959,,,op6,op5,20,linear7,,30
p3959,,,op7,op6,1,const,,55
p3959,,,op8,op7,2,sqrt,,55
p3960,3522.043,QUERY,op1,,15,linear3,,35
p3961,3527.8740000000003,INTERACTIVE,op1,,1,const,,55
p3961,,,op2,,5,linear3,,45
p3961,,,op3,,1,const,,55
p3961,,,op4,,40,linear7,,20
p3961,,,op5,,80,squared,,10
p3961,,,op6,,80,squared,,10
p3961,,,op7,op1;op2;op3;op4;op5;op6,15,linear3,,37.5
p3962,3527.8740000000003,QUERY,op1,,15,linear3,,35
p3963,3527.8740000000003,INTERACTIVE,op1,,1,const,,55
p3963,,,op2,,20,linear7,,30
p3963,,,op3,,15,linear3,,37.5
p3963,,,op4,,40,linear7,,20
p3963,,,op5,op1;op2;op3;op4,40,linear7,,20
p3964,3527.8740000000003,BATCH_PIPELINE,op1,,1,const,,55
p3964,,,op2,op1,5,linear3,,45
p3964,,,op3,op1,2,sqrt,,55
p3964,,,op4,op1,20,linear7,,30
p3964,,,op5,op1,5,linear3,,45
p3964,,,op6,op1,5,linear3,,45
p3965,3527.8740000000003,QUERY,op1,,15,linear3,,35
p3966,3527.8740000000003,QUERY,op1,,15,linear3,,35
p3967,3527.8740000000003,QUERY,op1,,15,linear3,,35
p3968,3527.8740000000003,INTERACTIVE,op1,,1,const,,55
p3968,,,op2,op1,5,linear3,,45
p3968,,,op3,op2,40,linear7,,20
p3968,,,op4,op3,20,linear7,,30
p3968,,,op5,op4,2,sqrt,,55
p3968,,,op6,op5,40,linear7,,20
p3968,,,op7,op6,80,squared,,10
p3969,3527.8740000000003,BATCH_PIPELINE,op1,,1,const,,55
p3969,,,op2,op1,80,squared,,10
p3969,,,op3,op1,15,linear3,,37.5
p3969,,,op4,op1,5,linear3,,45
p3969,,,op5,op1,1,const,,55
p3969,,,op6,op1,15,linear3,,37.5
p3969,,,op7,op1,20,linear7,,30
p3969,,,op8,op1,15,linear3,,37.5
p3969,,,op9,op1,1,const,,55
p3969,,,op10,op1,5,linear3,,45
p3969,,,op11,op1,20,linear7,,30
p3970,3527.8740000000003,INTERACTIVE,op1,,1,const,,55
p3970,,,op2,op1,40,linear7,,20
p3970,,,op3,op2,80,squared,,10
p3970,,,op4,op3,5,linear3,,45
p3970,,,op5,op4,15,linear3,,37.5
p3970,,,op6,op5,20,linear7,,30
p3971,3538.3360000000002,INTERACTIVE,op1,,1,const,,55
p3971,,,op2,op1,20,linear7,,30
p3971,,,op3,op2,20,linear7,,30
p3971,,,op4,op3,15,linear3,,37.5
p3971,,,op5,op4,1,const,,55
p3971,,,op6,op5,15,linear3,,37.5
p3971,,,op7,op6,5,linear3,,45
p3971,,,op8,op7,80,squared,,10
p3972,3538.3360000000002,INTERACTIVE,op1,,1,const,,55
p3972,,,op2,op1,20,linear7,,30
p3972,,,op3,op2,20,linear7,,30
p3972,,,op4,op3,15,linear3,,37.5
p3973,3538.3360000000002,INTERACTIVE,op1,,1,const,,55
p3973,,,op2,,40,linear7,,20
p3973,,,op3,,1,const,,55
p3973,,,op4,,1,const,,55
p3973,,,op5,op1;op2;op3;op4,80,squared,,10
p3974,3538.3360000000002,BATCH_PIPELINE,op1,,1,const,,55
p3974,,,op2,op1,15,linear3,,37.5
p3974,,,op3,op2,1,const,,55
p3974,,,op4,op3,5,linear3,,45
p3974,,,op5,op4,15,linear3,,37.5
p3975,3538.3360000000002,QUERY,op1,,15,linear3,,35
p3976,3538.3360000000002,BATCH_PIPELINE,op1,,1,const,,55
p3976,,,op2,op1,1,const,,55
p3976,,,op3,op2,15,linear3,,37.5
p3976,,,op4,op3,80,squared,,10
p3976,,,op5,op4,5,linear3,,45
p3976,,,op6,op5,20,linear7,,30
p3976,,,op7,op6,2,sqrt,,55
p3976,,,op8,op7,15,linear3,,37.5
p3976,,,op9,op8,1,const,,55
p3976,,,op10,op9,15,linear3,,37.5
p3976,,,op11,op10,5,linear3,,45
p3977,3538.3360000000002,QUERY,op1,,15,linear3,,35
p3978,3538.3360000000002,INTERACTIVE,op1,,1,const,,55
p3978,,,op2,op1,15,linear3,,37.5
p3978,,,op3,op2,20,linear7,,30
p3978,,,op4,op3,20,linear7,,30
p3978,,,op5,op4,15,linear3,,37.5
p3979,3538.3360000000002,INTERACTIVE,op1,,1,const,,55
p3979,,,op2,op1,5,linear3,,45
p3979,,,op3,op2,1,const,,55
p3979,,,op4,op3,20,linear7,,30
p3979,,,op5,op4,20,linear7,,30
p3979,,,op6,op5,2,sqrt,,55
p3980,3538.3360000000002,QUERY,op1,,15,linear3,,35
p3981,3547.013,BATCH_PIPELINE,op1,,1,const,,55
p3981,,,op2,op1,5,linear3,,45
p3981,,,op3,op2,5,linear3,,45
p3981,,,op4,op3,2,sqrt,,55
p3981,,,op5,op4,5,linear3,,45
p3981,,,op6,op5,40,linear7,,20
p3982,3547.013,QUERY,op1,,15,linear3,,35
p3983,3547.013,INTERACTIVE,op1,,1,const,,55
p3983,,,op2,op1,20,linear7,,30
p3983,,,op3,op2,20,linear7,,30
p3983,,,op4,op3,20,linear7,,30
p3983,,,op5,op4,15,linear3,,37.5
p3983,,,op6,op5,15,linear3,,37.5
p3984,3547.013,INTERACTIVE,op1,,1,const,,55
p3984,,,op2,op1,20,linear7,,30
p3984,,,op3,op2,15,linear3,,37.5
p3985,3547.013,QUERY,op1,,15,linear3,,35
p3986,3547.013,BATCH_PIPELINE,op1,,1,const,,55
p3986,,,op2,op1,1,const,,55
p3986,,,op3,op2,15,linear3,,37.5
p3986,,,op4,op3,2,sqrt,,55
p3987,3547.013,QUERY,op1,,15,linear3,,35
p3988,3547.013,BATCH_PIPELINE,op1,,1,const,,55
p3988,,,op2,op1,20,linear7,,30
p3988,,,op3,op2,40,linear7,,20
p3988,,,op4,op3,1,const,,55
p3988,,,op5,op4,15,linear3,,37.5
p3988,,,op6,op5,1,const,,55
p3989,3547.013,QUERY,op1,,15,linear3,,35
p3990,3547.013,BATCH_PIPELINE,op1,,1,const,,55
p3990,,,op2,op1,1,const,,55
p3990,,,op3,op2,5,linear3,,45
p3990,,,op4,op3,15,linear3,,37.5
p3990,,,op5,op4,2,sqrt,,55
p3990,,,op6,op5,2,sqrt,,55
p3990,,,op7,op6,5,linear3,,45
p3990,,,op8,op7,15,linear3,,37.5
p3990,,,op9,op8,5,linear3,,45
p3990,,,op10,op9,2,sqrt,,55
p3990,,,op11,op10,2,sqrt,,55
p3990,,,op12,op11,5,linear3,,45
p3990,,,op13,op12,2,sqrt,,55
p3990,,,op14,op13,2,sqrt,,55
p3991,3557.462,QUERY,op1,,15,linear3,,35
p3992,3557.462,QUERY,op1,,15,linear3,,35
p3993,3557.462,INTERACTIVE,op1,,1,const,,55
p3993,,,op2,op1,5,linear3,,45
p3993,,,op3,op1,5,linear3,,45
p3993,,,op4,op1,20,linear7,,30
p3993,,,op5,op1,5,linear3,,45
p3993,,,op6,op1,15,linear3,,37.5
p3994,3557.462,INTERACTIVE,op1,,1,const,,55
p3994,,,op2,op1,20,linear7,,30
p3994,,,op3,op2,5,linear3,,45
p3995,3557.462,QUERY,op1,,15,linear3,,35
p3996,3557.462,BATCH_PIPELINE,op1,,1,const,,55
p3996,,,op2,op1,80,squared,,10
p3996,,,op3,op2,5,linear3,,45
p3996,,,op4,op3,5,linear3,,45
p3996,,,op5,op4,2,sqrt,,55
p3996,,,op6,op5,1,const,,55
p3996,,,op7,op6,40,linear7,,20
p3996,,,op8,op7,5,linear3,,45
p3997,3557.462,INTERACTIVE,op1,,1,const,,55
p3997,,,op2,op1,2,sqrt,,55
p3997,,,op3,op2,80,squared,,10
p3997,,,op4,op3,15,linear3,,37.5
p3997,,,op5,op4,5,linear3,,45
p3997,,,op6,op5,2,sqrt,,55
p3997,,,op7,op6,15,linear3,,37.5
p3998,3557.462,QUERY,op1,,15,linear3,,35
p3999,3557.462,QUERY,op1,,15,linear3,,35
p4000,3557.462,INTERACTIVE,op1,,1,const,,55
p4000,,,op2,op1,20,linear7,,30
p4000,,,op3,op2,80,squared,,10
p4000,,,op4,op3,15,linear3,,37.5
p4000,,,op5,op4,40,linear7,,20
p4000,,,op6,op5,5,linear3,,45
p4000,,,op7,op6,40,linear7,,20
p4000,,,op8,op7,15,linear3,,37.5
p4001,3567.501,QUERY,op1,,15,linear3,,35
p4002,3567.501,QUERY,op1,,15,linear3,,35
p4003,3567.501,INTERACTIVE,op1,,1,const,,55
p4003,,,op2,,2,sqrt,,55
p4003,,,op3,,40,linear7,,20
p4003,,,op4,op1;op2;op3,40,linear7,,20
p4004,3567.501,INTERACTIVE,op1,,1,const,,55
p4004,,,op2,op1,15,linear3,,37.5
p4004,,,op3,op2,20,linear7,,30
p4004,,,op4,op3,5,linear3,,45
p4004,,,op5,op4,15,linear3,,37.5
p4004,,,op6,op5,2,sqrt,,55
p4004,,,op7,op6,5,linear3,,45
p4004,,,op8,op7,15,linear3,,37.5
p4005,3567.501,BATCH_PIPELINE,op1,,1,const,,55
p4005,,,op2,op1,15,linear3,,37.5
p4005,,,op3,op2,1,const,,55
p4005,,,op4,op3,5,linear3,,45
p4005,,,op5,op4,1,const,,55
p4005,,,op6,op5,2,sqrt,,55
p4005,,,op7,op6,80,squared,,10
p4005,,,op8,op7,1,const,,55
p4005,,,op9,op8,2,sqrt,,55
p4006,3567.501,QUERY,op1,,15,linear3,,35
p4007,3567.501,BATCH_PIPELINE,op1,,1,const,,55
p4007,,,op2,,15,linear3,,37.5
p4007,,,op3,,40,linear7,,20
p4007,,,op4,,20,linear7,,30
p4007,,,op5,,15,linear3,,37.5
p4007,,,op6,op1;op2;op3;op4;op5,40,linear7,,20
p4008,3567.501,INTERACTIVE,op1,,1,const,,55
p4008,,,op2,op1,15,linear3,,37.5
p4008,,,op3,op1,5,linear3,,45
p4009,3567.501,QUERY,op1,,15,linear3,,35
p4010,3567.501,INTERACTIVE,op1,,1,const,,55
p4010,,,op2,op1,80,squared,,10
p4010,,,op3,op2,2,sqrt,,55
p4010,,,op4,op3,2,sqrt,,55
p4010,,,op5,op4,5,linear3,,45
p4010,,,op6,op5,80,squared,,10
p4010,,,op7,op6,2,sqrt,,55
p4010,,,op8,op7,2,sqrt,,55
p4011,3573.978,QUERY,op1,,15,linear3,,35
p4012,3573.978,BATCH_PIPELINE,op1,,1,const,,55
p4012,,,op2,op1,1,const,,55
p4012,,,op3,op2,40,linear7,,20
p4012,,,op4,op3,1,const,,55
p4012,,,op5,op4,2,sqrt,,55
p4012,,,op6,op5,2,sqrt,,55
p4012,,,op7,op6,15,linear3,,37.5
p4013,3573.978,BATCH_PIPELINE,op1,,1,const,,55
p4013,,,op2,op1,2,sqrt,,55
p4013,,,op3,op2,40,linear7,,20
p4013,,,op4,op3,5,linear3,,45
p4013,,,op5,op4,5,linear3,,45
p4013,,,op6,op5,20,linear7,,30
p4013,,,op7,op6,1,const,,55
p4013,,,op8,op7,20,linear7,,30
p4013,,,op9,op8,2,sqrt,,55
p4013,,,op10,op9,2,sqrt,,55
p4013,,,op11,op10,80,squared,,10
p4014,3573.978,QUERY,op1,,15,linear3,,35
p4015,3573.978,BATCH_PIPELINE,op1,,1,const,,55
p4015,,,op2,op1,5,linear3,,45
p4015,,,op3,op2,5,linear3,,45
p4015,,,op4,op3,80,squared,,10
p4015,,,op5,op4,40,linear7,,20
p4015,,,op6,op5,5,linear3,,45
p4015,,,op7,op6,2,sqrt,,55
p4015,,,op8,op7,5,linear3,,45
p4016,3573.978,QUERY,op1,,15,linear3,,35
p4017,3573.978,INTERACTIVE,op1,,1,const,,55
p4017,,,op2,,40,linear7,,20
p4017,,,op3,,80,squared,,10
p4017,,,op4,,15,linear3,,37.5
p4017,,,op5,,80,squared,,10
p4017,,,op6,op1;op2;op3;op4;op5,1,const,,55
p4018,3573.978,INTERACTIVE,op1,,1,const,,55
p4018,,,op2,op1,20,linear7,,30
p4018,,,op3,op2,80,squared,,10
p4018,,,op4,op3,20,linear7,,30
p4019,3573.978,BATCH_PIPELINE,op1,,1,const,,55
p4019,,,op2,op1,5,linear3,,45
p4019,,,op3,op2,40,linear7,,20
p4019,,,op4,op3,40,linear7,,20
p4019,,,op5,op4,1,const,,55
p4019,,,op6,op5,15,linear3,,37.5
p4019,,,op7,op6,15,linear3,,37.5
p4020,3573.978,QUERY,op1,,15,linear3,,35
p4021,3583.965,BATCH_PIPELINE,op1,,1,const,,55
p4021,,,op2,op1,2,sqrt,,55
p4021,,,op3,op2,15,linear3,,37.5
p4021,,,op4,op3,2,sqrt,,55
p4021,,,op5,op4,15,linear3,,37.5
p4021,,,op6,op5,15,linear3,,37.5
p4021,,,op7,op6,40,linear7,,20
p4021,,,op8,op7,40,linear7,,20
p4021,,,op9,op8,20,linear7,,30
p4022,3583.965,QUERY,op1,,15,linear3,,35
p4023,3583.965,BATCH_PIPELINE,op1,,1,const,,55
p4023,,,op2,op1,15,linear3,,37.5
p4023,,,op3,op2,1,const,,55
p4023,,,op4,op3,80,squared,,10
p4023,,,op5,op4,20,linear7,,30
p4023,,,op6,op5,15,linear3,,37.5
p4023,,,op7,op6,1,const,,55
p4023,,,op8,op7,15,linear3,,37.5
p4023,,,op9,op8,20,linear7,,30
p4024,3583.965,QUERY,op1,,15,linear3,,35
p4025,3583.965,QUERY,op1,,15,linear3,,35
p4026,3583.965,INTERACTIVE,op1,,1,const,,55
p4026,,,op2,op1,40,linear7,,20
p4026,,,op3,op1,5,linear3,,45
p4026,,,op4,op1,2,sqrt,,55
p4026,,,op5,op1,20,linear7,,30
p4027,3583.965,QUERY,op1,,15,linear3,,35
p4028,3583.965,QUERY,op1,,15,linear3,,35
p4029,3583.965,QUERY,op1,,15,linear3,,35
p4030,3583.965,BATCH_PIPELINE,op1,,1,const,,55
p4030,,,op2,op1,80,squared,,10
p4030,,,op3,op2,20,linear7,,30
p4030,,,op4,op3,1,const,,55
p4030,,,op5,op4,1,const,,55
p4030,,,op6,op5,15,linear3,,37.5
p4030,,,op7,op6,5,linear3,,45
p4030,,,op8,op7,40,linear7,,20
p4031,3593.6,INTERACTIVE,op1,,1,const,,55
p4031,,,op2,op1,20,linear7,,30
p4031,,,op3,op2,2,sqrt,,55
p4031,,,op4,op3,15,linear3,,37.5
p4032,3593.6,QUERY,op1,,15,linear3,,35
p4033,3593.6,QUERY,op1,,15,linear3,,35
p4034,3593.6,BATCH_PIPELINE,op1,,1,const,,55
p4034,,,op2,op1,2,sqrt,,55
p4034,,,op3,op2,80,squared,,10
p4034,,,op4,op3,5,linear3,,45
p4034,,,op5,op4,20,linear7,,30
p4034,,,op6,op5,2,sqrt,,55
p4034,,,op7,op6,15,linear3,,37.5
p4034,,,op8,op7,2,sqrt,,55
p4034,,,op9,op8,15,linear3,,37.5
p4034,,,op10,op9,20,linear7,,30
p4035,3593.6,INTERACTIVE,op1,,1,const,,55
p4035,,,op2,,2,sqrt,,55
p4035,,,op3,,1,const,,55
p4035,,,op4,,20,linear7,,30
p4035,,,op5,op1;op2;op3;op4,15,linear3,,37.5
p4036,3593.6,QUERY,op1,,15,linear3,,35
p4037,3593.6,INTERACTIVE,op1,,1,const,,55
p4037,,,op2,op1,2,sqrt,,55
p4037,,,op3,op2,5,linear3,,45
p4037,,,op4,op3,20,linear7,,30
p4037,,,op5,op4,15,linear3,,37.5
p4037,,,op6,op5,5,linear3,,45
p4038,3593.6,QUERY,op1,,15,linear3,,35
p4039,3593.6,QUERY,op1,,15,linear3,,35
p4040,3593.6,QUERY,op1,,15,linear3,,35
