pipeline_id,arrival_seconds,priority,operator_id,parents,baseline_cpu_seconds,cpu_scaling,memory_gb,storage_read_gb
p1,0.0,BATCH_PIPELINE,op1,,1,const,,55
p1,,,op2,op1,40,linear7,,20
p1,,,op3,op1,1,const,,55
p1,,,op4,op1,1,const,,55
p1,,,op5,op1,15,linear3,,37.5
p2,0.0,BATCH_PIPELINE,op1,,1,const,,55
p2,,,op2,op1,20,linear7,,30
p2,,,op3,op2,20,linear7,,30
p2,,,op4,op3,15,linear3,,37.5
p2,,,op5,op4,40,linear7,,20
p2,,,op6,op5,20,linear7,,30
p2,,,op7,op6,2,sqrt,,55
p3,0.0,BATCH_PIPELINE,op1,,1,const,,55
p3,,,op2,,15,linear3,,37.5
p3,,,op3,,5,linear3,,45
p3,,,op4,,2,sqrt,,55
p3,,,op5,,40,linear7,,20
p3,,,op6,op1;op2;op3;op4;op5,5,linear3,,45
p4,0.0,BATCH_PIPELINE,op1,,1,const,,55
p4,,,op2,op1,15,linear3,,37.5
p4,,,op3,op2,20,linear7,,30
p4,,,op4,op3,20,linear7,,30
p4,,,op5,op4,80,squared,,10
p4,,,op6,op5,5,linear3,,45
p4,,,op7,op6,5,linear3,,45
p5,0.0,BATCH_PIPELINE,op1,,1,const,,55
p5,,,op2,op1,5,linear3,,45
p5,,,op3,op2,2,sqrt,,55
p5,,,op4,op3,2,sqrt,,55
p5,,,op5,op4,20,linear7,,30
p5,,,op6,op5,20,linear7,,30
p5,,,op7,op6,20,linear7,,30
p5,,,op8,op7,2,sqrt,,55
p5,,,op9,op8,15,linear3,,37.5
p6,0.0,BATCH_PIPELINE,op1,,1,const,,55
p6,,,op2,op1,15,linear3,,37.5
p6,,,op3,op2,20,linear7,,30
p6,,,op4,op3,15,linear3,,37.5
p6,,,op5,op4,15,linear3,,37.5
p6,,,op6,op5,20,linear7,,30
p6,,,op7,op6,1,const,,55
p6,,,op8,op7,5,linear3,,45
p7,0.0,BATCH_PIPELINE,op1,,1,const,,55
p7,,,op2,op1,80,squared,,10
p7,,,op3,op2,2,sqrt,,55
p7,,,op4,op3,40,linear7,,20
p7,,,op5,op4,1,const,,55
p7,,,op6,op5,5,linear3,,45
p8,0.0,BATCH_PIPELINE,op1,,1,const,,55
p8,,,op2,op1,20,linear7,,30
p8,,,op3,op2,5,linear3,,45
p8,,,op4,op3,5,linear3,,45
p8,,,op5,op4,20,linear7,,30
p8,,,op6,op5,5,linear3,,45
p8,,,op7,op6,1,const,,55
p8,,,op8,op7,1,const,,55
p8,,,op9,op8,2,sqrt,,55
p9,0.0,BATCH_PIPELINE,op1,,1,const,,55
p9,,,op2,op1,5,linear3,,45
p9,,,op3,op2,15,linear3,,37.5
p9,,,op4,op3,20,linear7,,30
p9,,,op5,op4,5,linear3,,45
p9,,,op6,op5,20,linear7,,30
p9,,,op7,op6,2,sqrt,,55
p9,,,op8,op7,5,linear3,,45
p10,0.0,INTERACTIVE,op1,,1,const,,55
p10,,,op2,op1,5,linear3,,45
p10,,,op3,op2,15,linear3,,37.5
p10,,,op4,op3,20,linear7,,30
p10,,,op5,op4,20,linear7,,30
p11,10.498,BATCH_PIPELINE,op1,,1,const,,55
p11,,,op2,op1,1,const,,55
p11,,,op3,op2,1,const,,55
p11,,,op4,op3,1,const,,55
p11,,,op5,op4,2,sqrt,,55
p11,,,op6,op5,15,linear3,,37.5
p11,,,op7,op6,2,sqrt,,55
p12,10.498,BATCH_PIPELINE,op1,,1,const,,55
p12,,,op2,,20,linear7,,30
p12,,,op3,,2,sqrt,,55
p12,,,op4,,5,linear3,,45
p12,,,op5,,2,sqrt,,55
p12,,,op6,,5,linear3,,45
p12,,,op7,,20,linear7,,30
p12,,,op8,,1,const,,55
p12,,,op9,,20,linear7,,30
p12,,,op10,op1;op2;op3;op4;op5;op6;op7;op8;op9,15,linear3,,37.5
p13,10.498,BATCH_PIPELINE,op1,,1,const,,55
p13,,,op2,,5,linear3,,45
p13,,,op3,,15,linear3,,37.5
p13,,,op4,,15,linear3,,37.5
p13,,,op5,op1;op2;op3;op4,80,squared,,10
p14,10.498,BATCH_PIPELINE,op1,,1,const,,55
p14,,,op2,op1,15,linear3,,37.5
p14,,,op3,op2,40,linear7,,20
p14,,,op4,op3,20,linear7,,30
p14,,,op5,op4,15,linear3,,37.5
p15,10.498,INTERACTIVE,op1,,1,const,,55
p15,,,op2,op1,2,sqrt,,55
p15,,,op3,op2,5,linear3,,45
p15,,,op4,op3,1,const,,55
p15,,,op5,op4,20,linear7,,30
p16,10.498,QUERY,op1,,15,linear3,,35
p17,10.498,BATCH_PIPELINE,op1,,1,const,,55
p17,,,op2,,20,linear7,,30
p17,,,op3,,80,squared,,10
p17,,,op4,,80,squared,,10
p17,,,op5,op1;op2;op3;op4,20,linear7,,30
p18,10.498,BATCH_PIPELINE,op1,,1,const,,55
p18,,,op2,op1,2,sqrt,,55
p18,,,op3,op2,5,linear3,,45
p19,10.498,BATCH_PIPELINE,op1,,1,const,,55
p19,,,op2,,15,linear3,,37.5
p19,,,op3,,5,linear3,,45
p19,,,op4,,2,sqrt,,55
p19,,,op5,,1,const,,55
p19,,,op6,,5,linear3,,45
p19,,,op7,op1;op2;op3;op4;op5;op6,15,linear3,,37.5
p20,10.498,BATCH_PIPELINE,op1,,1,const,,55
p20,,,op2,op1,5,linear3,,45
p20,,,op3,op2,1,const,,55
p20,,,op4,op3,2,sqrt,,55
p20,,,op5,op4,2,sqrt,,55
p20,,,op6,op5,80,squared,,10
p20,,,op7,op6,2,sqrt,,55
p20,,,op8,op7,20,linear7,,30
p21,17.467,BATCH_PIPELINE,op1,,1,const,,55
p21,,,op2,op1,15,linear3,,37.5
p21,,,op3,op2,2,sqrt,,55
p21,,,op4,op3,20,linear7,,30
p21,,,op5,op4,5,linear3,,45
p21,,,op6,op5,1,const,,55
p21,,,op7,op6,1,const,,55
p21,,,op8,op7,15,linear3,,37.5
p22,17.467,BATCH_PIPELINE,op1,,1,const,,55
p22,,,op2,op1,15,linear3,,37.5
p22,,,op3,op1,40,linear7,,20
p22,,,op4,op1,15,linear3,,37.5
p22,,,op5,op1,5,linear3,,45
p22,,,op6,op1,40,linear7,,20
p22,,,op7,op1,20,linear7,,30
p22,,,op8,op1,80,squared,,10
p23,17.467,BATCH_PIPELINE,op1,,1,const,,55
p23,,,op2,op1,80,squared,,10
p23,,,op3,op2,80,squared,,10
p23,,,op4,op3,5,linear3,,45
p23,,,op5,op4,5,linear3,,45
p24,17.467,BATCH_PIPELINE,op1,,1,const,,55
p24,,,op2,op1,20,linear7,,30
p24,,,op3,op2,5,linear3,,45
p24,,,op4,op3,15,linear3,,37.5
p24,,,op5,op4,5,linear3,,45
p25,17.467,QUERY,op1,,15,linear3,,35
p26,17.467,BATCH_PIPELINE,op1,,1,const,,55
p26,,,op2,op1,1,const,,55
p26,,,op3,op2,15,linear3,,37.5
p26,,,op4,op3,2,sqrt,,55
p26,,,op5,op4,1,const,,55
p26,,,op6,op5,2,sqrt,,55
p26,,,op7,op6,5,linear3,,45
p26,,,op8,op7,40,linear7,,20
p27,17.467,BATCH_PIPELINE,op1,,1,const,,55
p27,,,op2,op1,20,linear7,,30
p27,,,op3,op2,5,linear3,,45
p27,,,op4,op3,5,linear3,,45
p27,,,op5,op4,40,linear7,,20
p27,,,op6,op5,20,linear7,,30
p27,,,op7,op6,40,linear7,,20
p27,,,op8,op7,5,linear3,,45
p28,17.467,BATCH_PIPELINE,op1,,1,const,,55
p28,,,op2,op1,15,linear3,,37.5
p28,,,op3,op2,2,sqrt,,55
p28,,,op4,op3,15,linear3,,37.5
p28,,,op5,op4,15,linear3,,37.5
p28,,,op6,op5,80,squared,,10
p28,,,op7,op6,80,squared,,10
p29,17.467,BATCH_PIPELINE,op1,,1,const,,55
p29,,,op2,op1,5,linear3,,45
p29,,,op3,op2,15,linear3,,37.5
p29,,,op4,op3,40,linear7,,20
p29,,,op5,op4,2,sqrt,,55
p29,,,op6,op5,2,sqrt,,55
p29,,,op7,op6,1,const,,55
p30,17.467,BATCH_PIPELINE,op1,,1,const,,55
p30,,,op2,op1,80,squared,,10
p30,,,op3,op1,5,linear3,,45
p30,,,op4,op1,2,sqrt,,55
p30,,,op5,op1,15,linear3,,37.5
p31,22.513,BATCH_PIPELINE,op1,,1,const,,55
p31,,,op2,op1,2,sqrt,,55
p31,,,op3,op2,80,squared,,10
p31,,,op4,op3,80,squared,,10
p31,,,op5,op4,1,const,,55
p31,,,op6,op5,5,linear3,,45
p31,,,op7,op6,15,linear3,,37.5
p31,,,op8,op7,80,squared,,10
p31,,,op9,op8,2,sqrt,,55
p31,,,op10,op9,5,linear3,,45
p31,,,op11,op10,20,linear7,,30
p31,,,op12,op11,20,linear7,,30
p32,22.513,BATCH_PIPELINE,op1,,1,const,,55
p32,,,op2,op1,5,linear3,,45
p32,,,op3,op2,5,linear3,,45
p32,,,op4,op3,15,linear3,,37.5
p32,,,op5,op4,5,linear3,,45
p32,,,op6,op5,20,linear7,,30
p32,,,op7,op6,40,linear7,,20
p33,22.513,BATCH_PIPELINE,op1,,1,const,,55
p33,,,op2,op1,15,linear3,,37.5
p33,,,op3,op2,2,sqrt,,55
p33,,,op4,op3,15,linear3,,37.5
p33,,,op5,op4,15,linear3,,37.5
p33,,,op6,op5,80,squared,,10
p33,,,op7,op6,80,squared,,10
p33,,,op8,op7,15,linear3,,37.5
p34,22.513,QUERY,op1,,15,linear3,,35
p35,22.513,BATCH_PIPELINE,op1,,1,const,,55
p35,,,op2,op1,40,linear7,,20
p35,,,op3,op2,15,linear3,,37.5
p35,,,op4,op3,20,linear7,,30
p35,,,op5,op4,1,const,,55
p35,,,op6,op5,40,linear7,,20
p35,,,op7,op6,20,linear7,,30
p35,,,op8,op7,1,const,,55
p36,22.513,BATCH_PIPELINE,op1,,1,const,,55
p36,,,op2,op1,5,linear3,,45
p36,,,op3,op2,5,linear3,,45
p36,,,op4,op3,5,linear3,,45
p36,,,op5,op4,15,linear3,,37.5
p36,,,op6,op5,80,squared,,10
p36,,,op7,op6,1,const,,55
p36,,,op8,op7,5,linear3,,45
p37,22.513,BATCH_PIPELINE,op1,,1,const,,55
p37,,,op2,op1,1,const,,55
p37,,,op3,op2,15,linear3,,37.5
p37,,,op4,op3,80,squared,,10
p37,,,op5,op4,1,const,,55
p37,,,op6,op5,20,linear7,,30
p37,,,op7,op6,5,linear3,,45
p37,,,op8,op7,15,linear3,,37.5
p38,22.513,BATCH_PIPELINE,op1,,1,const,,55
p38,,,op2,op1,20,linear7,,30
p38,,,op3,op1,80,squared,,10
p38,,,op4,op1,40,linear7,,20
p38,,,op5,op1,20,linear7,,30
p38,,,op6,op1,80,squared,,10
p38,,,op7,op1,20,linear7,,30
p39,22.513,BATCH_PIPELINE,op1,,1,const,,55
p39,,,op2,op1,2,sqrt,,55
p39,,,op3,op2,40,linear7,,20
p39,,,op4,op3,1,const,,55
p39,,,op5,op4,20,linear7,,30
p39,,,op6,op5,5,linear3,,45
p39,,,op7,op6,40,linear7,,20
p40,22.513,INTERACTIVE,op1,,1,const,,55
p40,,,op2,op1,1,const,,55
p40,,,op3,op2,15,linear3,,37.5
p40,,,op4,op3,2,sqrt,,55
p40,,,op5,op4,5,linear3,,45
p40,,,op6,op5,80,squared,,10
p40,,,op7,op6,20,linear7,,30
p40,,,op8,op7,5,linear3,,45
p40,,,op9,op8,2,sqrt,,55
p40,,,op10,op9,15,linear3,,37.5
p40,,,op11,op10,2,sqrt,,55
p41,30.003,BATCH_PIPELINE,op1,,1,const,,55
p41,,,op2,op1,20,linear7,,30
p41,,,op3,op2,1,const,,55
p41,,,op4,op3,15,linear3,,37.5
p41,,,op5,op4,15,linear3,,37.5
p41,,,op6,op5,20,linear7,,30
p42,30.003,BATCH_PIPELINE,op1,,1,const,,55
p42,,,op2,op1,20,linear7,,30
p42,,,op3,op1,1,const,,55
p43,30.003,INTERACTIVE,op1,,1,const,,55
p43,,,op2,op1,5,linear3,,45
p43,,,op3,op2,40,linear7,,20
p43,,,op4,op3,40,linear7,,20
p43,,,op5,op4,20,linear7,,30
p43,,,op6,op5,20,linear7,,30
p43,,,op7,op6,20,linear7,,30
p43,,,op8,op7,2,sqrt,,55
p44,30.003,BATCH_PIPELINE,op1,,1,const,,55
p44,,,op2,op1,40,linear7,,20
p44,,,op3,op2,2,sqrt,,55
p44,,,op4,op3,5,linear3,,45
p44,,,op5,op4,80,squared,,10
p44,,,op6,op5,2,sqrt,,55
p44,,,op7,op6,2,sqrt,,55
p45,30.003,BATCH_PIPELINE,op1,,1,const,,55
p45,,,op2,op1,40,linear7,,20
p45,,,op3,op2,20,linear7,,30
p45,,,op4,op3,20,linear7,,30
p45,,,op5,op4,20,linear7,,30
p45,,,op6,op5,80,squared,,10
p45,,,op7,op6,5,linear3,,45
p45,,,op8,op7,1,const,,55
p45,,,op9,op8,80,squared,,10
p46,30.003,BATCH_PIPELINE,op1,,1,const,,55
p46,,,op2,op1,1,const,,55
p46,,,op3,op2,1,const,,55
p46,,,op4,op3,1,const,,55
p46,,,op5,op4,2,sqrt,,55
p46,,,op6,op5,20,linear7,,30
p46,,,op7,op6,20,linear7,,30
p46,,,op8,op7,15,linear3,,37.5
p47,30.003,INTERACTIVE,op1,,1,const,,55
p47,,,op2,op1,5,linear3,,45
p47,,,op3,op1,20,linear7,,30
p48,30.003,INTERACTIVE,op1,,1,const,,55
p48,,,op2,op1,20,linear7,,30
p48,,,op3,op2,20,linear7,,30
p48,,,op4,op3,5,linear3,,45
p48,,,op5,op4,15,linear3,,37.5
p48,,,op6,op5,15,linear3,,37.5
p48,,,op7,op6,40,linear7,,20
p48,,,op8,op7,5,linear3,,45
p49,30.003,BATCH_PIPELINE,op1,,1,const,,55
p49,,,op2,op1,20,linear7,,30
p49,,,op3,op2,1,const,,55
p49,,,op4,op3,1,const,,55
p49,,,op5,op4,1,const,,55
p49,,,op6,op5,1,const,,55
p49,,,op7,op6,2,sqrt,,55
p50,30.003,BATCH_PIPELINE,op1,,1,const,,55
p50,,,op2,,40,linear7,,20
p50,,,op3,,40,linear7,,20
p50,,,op4,,15,linear3,,37.5
p50,,,op5,,40,linear7,,20
p50,,,op6,,15,linear3,,37.5
p50,,,op7,op1;op2;op3;op4;op5;op6,2,sqrt,,55
p51,37.666000000000004,BATCH_PIPELINE,op1,,1,const,,55
p51,,,op2,op1,20,linear7,,30
p51,,,op3,op2,80,squared,,10
p51,,,op4,op3,1,const,,55
p51,,,op5,op4,15,linear3,,37.5
p51,,,op6,op5,2,sqrt,,55
p52,37.666000000000004,QUERY,op1,,15,linear3,,35
p53,37.666000000000004,BATCH_PIPELINE,op1,,1,const,,55
p53,,,op2,op1,2,sqrt,,55
p53,,,op3,op2,5,linear3,,45
p53,,,op4,op3,2,sqrt,,55
p54,37.666000000000004,BATCH_PIPELINE,op1,,1,const,,55
p54,,,op2,op1,15,linear3,,37.5
p54,,,op3,op2,15,linear3,,37.5
p54,,,op4,op3,40,linear7,,20
p54,,,op5,op4,5,linear3,,45
p54,,,op6,op5,1,const,,55
p54,,,op7,op6,40,linear7,,20
p54,,,op8,op7,5,linear3,,45
p55,37.666000000000004,BATCH_PIPELINE,op1,,1,const,,55
p55,,,op2,op1,15,linear3,,37.5
p55,,,op3,op2,80,squared,,10
p55,,,op4,op3,80,squared,,10
p55,,,op5,op4,15,linear3,,37.5
p55,,,op6,op5,15,linear3,,37.5
p55,,,op7,op6,40,linear7,,20
p55,,,op8,op7,2,sqrt,,55
p56,37.666000000000004,BATCH_PIPELINE,op1,,1,const,,55
p56,,,op2,op1,2,sqrt,,55
p56,,,op3,op2,1,const,,55
p56,,,op4,op3,1,const,,55
p56,,,op5,op4,1,const,,55
p56,,,op6,op5,5,linear3,,45
p56,,,op7,op6,5,linear3,,45
p57,37.666000000000004,BATCH_PIPELINE,op1,,1,const,,55
p57,,,op2,op1,15,linear3,,37.5
p57,,,op3,op2,5,linear3,,45
p57,,,op4,op3,5,linear3,,45
p57,,,op5,op4,15,linear3,,37.5
p57,,,op6,op5,20,linear7,,30
p57,,,op7,op6,5,linear3,,45
p57,,,op8,op7,40,linear7,,20
p57,,,op9,op8,1,const,,55
p57,,,op10,op9,15,linear3,,37.5
p58,37.666000000000004,BATCH_PIPELINE,op1,,1,const,,55
p58,,,op2,,15,linear3,,37.5
p58,,,op3,,20,linear7,,30
p58,,,op4,,15,linear3,,37.5
p58,,,op5,,5,linear3,,45
p58,,,op6,,2,sqrt,,55
p58,,,op7,,20,linear7,,30
p58,,,op8,op1;op2;op3;op4;op5;op6;op7,2,sqrt,,55
p59,37.666000000000004,BATCH_PIPELINE,op1,,1,const,,55
p59,,,op2,op1,40,linear7,,20
p59,,,op3,op2,15,linear3,,37.5
p59,,,op4,op3,5,linear3,,45
p59,,,op5,op4,20,linear7,,30
p59,,,op6,op5,5,linear3,,45
p59,,,op7,op6,40,linear7,,20
p59,,,op8,op7,1,const,,55
p59,,,op9,op8,5,linear3,,45
p60,37.666000000000004,BATCH_PIPELINE,op1,,1,const,,55
p60,,,op2,op1,20,linear7,,30
p60,,,op3,op2,2,sqrt,,55
p60,,,op4,op3,1,const,,55
p60,,,op5,op4,1,const,,55
p61,45.444,BATCH_PIPELINE,op1,,1,const,,55
p61,,,op2,op1,20,linear7,,30
p61,,,op3,op2,1,const,,55
p61,,,op4,op3,5,linear3,,45
p61,,,op5,op4,15,linear3,,37.5
p61,,,op6,op5,15,linear3,,37.5
p61,,,op7,op6,20,linear7,,30
p61,,,op8,op7,15,linear3,,37.5
p62,45.444,BATCH_PIPELINE,op1,,1,const,,55
p62,,,op2,,80,squared,,10
p62,,,op3,,2,sqrt,,55
p62,,,op4,,2,sqrt,,55
p62,,,op5,,40,linear7,,20
p62,,,op6,op1;op2;op3;op4;op5,5,linear3,,45
p63,45.444,BATCH_PIPELINE,op1,,1,const,,55
p63,,,op2,op1,15,linear3,,37.5
p63,,,op3,op2,15,linear3,,37.5
p63,,,op4,op3,80,squared,,10
p63,,,op5,op4,5,linear3,,45
p63,,,op6,op5,2,sqrt,,55
p63,,,op7,op6,5,linear3,,45
p64,45.444,QUERY,op1,,15,linear3,,35
p65,45.444,BATCH_PIPELINE,op1,,1,const,,55
p65,,,op2,op1,40,linear7,,20
p65,,,op3,op2,1,const,,55
p65,,,op4,op3,2,sqrt,,55
p65,,,op5,op4,1,const,,55
p65,,,op6,op5,2,sqrt,,55
p65,,,op7,op6,15,linear3,,37.5
p65,,,op8,op7,5,linear3,,45
p65,,,op9,op8,5,linear3,,45
p66,45.444,BATCH_PIPELINE,op1,,1,const,,55
p66,,,op2,op1,20,linear7,,30
p66,,,op3,op2,20,linear7,,30
p66,,,op4,op3,15,linear3,,37.5
p66,,,op5,op4,20,linear7,,30
p66,,,op6,op5,15,linear3,,37.5
p66,,,op7,op6,80,squared,,10
p66,,,op8,op7,15,linear3,,37.5
p67,45.444,BATCH_PIPELINE,op1,,1,const,,55
p67,,,op2,op1,1,const,,55
p67,,,op3,op1,2,sqrt,,55
p67,,,op4,op1,15,linear3,,37.5
p67,,,op5,op1,15,linear3,,37.5
p67,,,op6,op1,15,linear3,,37.5
p68,45.444,BATCH_PIPELINE,op1,,1,const,,55
p68,,,op2,op1,5,linear3,,45
p68,,,op3,op2,2,sqrt,,55
p68,,,op4,op3,20,linear7,,30
p68,,,op5,op4,15,linear3,,37.5
p68,,,op6,op5,1,const,,55
p68,,,op7,op6,15,linear3,,37.5
p68,,,op8,op7,15,linear3,,37.5
p68,,,op9,op8,2,sqrt,,55
p69,45.444,BATCH_PIPELINE,op1,,1,const,,55
p69,,,op2,op1,40,linear7,,20
p69,,,op3,op2,5,linear3,,45
p69,,,op4,op3,15,linear3,,37.5
p69,,,op5,op4,1,const,,55
p70,45.444,BATCH_PIPELINE,op1,,1,const,,55
p70,,,op2,op1,20,linear7,,30
p70,,,op3,op1,80,squared,,10
p70,,,op4,op1,1,const,,55
p70,,,op5,op1,2,sqrt,,55
p70,,,op6,op1,15,linear3,,37.5
p70,,,op7,op1,80,squared,,10
p71,51.694,BATCH_PIPELINE,op1,,1,const,,55
p71,,,op2,,5,linear3,,45
p71,,,op3,,1,const,,55
p71,,,op4,,1,const,,55
p71,,,op5,,5,linear3,,45
p71,,,op6,,5,linear3,,45
p71,,,op7,,20,linear7,,30
p71,,,op8,,15,linear3,,37.5
p71,,,op9,,1,const,,55
p71,,,op10,,20,linear7,,30
p71,,,op11,op1;op2;op3;op4;op5;op6;op7;op8;op9;op10,5,linear3,,45
p72,51.694,INTERACTIVE,op1,,1,const,,55
p72,,,op2,,20,linear7,,30
p72,,,op3,,40,linear7,,20
p72,,,op4,,20,linear7,,30
p72,,,op5,,1,const,,55
p72,,,op6,op1;op2;op3;op4;op5,20,linear7,,30
p73,51.694,INTERACTIVE,op1,,1,const,,55
p73,,,op2,,20,linear7,,30
p73,,,op3,,2,sqrt,,55
p73,,,op4,,2,sqrt,,55
p73,,,op5,,40,linear7,,20
p73,,,op6,,20,linear7,,30
p73,,,op7,,5,linear3,,45
p73,,,op8,op1;op2;op3;op4;op5;op6;op7,80,squared,,10
p74,51.694,BATCH_PIPELINE,op1,,1,const,,55
p74,,,op2,op1,2,sqrt,,55
p74,,,op3,op2,20,linear7,,30
p74,,,op4,op3,5,linear3,,45
p74,,,op5,op4,5,linear3,,45
p74,,,op6,op5,40,linear7,,20
p74,,,op7,op6,2,sqrt,,55
p74,,,op8,op7,1,const,,55
p75,51.694,BATCH_PIPELINE,op1,,1,const,,55
p75,,,op2,op1,1,const,,55
p75,,,op3,op2,5,linear3,,45
p75,,,op4,op3,5,linear3,,45
p75,,,op5,op4,5,linear3,,45
p75,,,op6,op5,1,const,,55
p75,,,op7,op6,20,linear7,,30
p75,,,op8,op7,20,linear7,,30
p75,,,op9,op8,1,const,,55
p75,,,op10,op9,20,linear7,,30
p75,,,op11,op10,80,squared,,10
p75,,,op12,op11,15,linear3,,37.5
p75,,,op13,op12,5,linear3,,45
p76,51.694,INTERACTIVE,op1,,1,const,,55
p76,,,op2,op1,2,sqrt,,55
p76,,,op3,op1,1,const,,55
p76,,,op4,op1,15,linear3,,37.5
p76,,,op5,op1,5,linear3,,45
p76,,,op6,op1,80,squared,,10
p76,,,op7,op1,15,linear3,,37.5
p76,,,op8,op1,80,squared,,10
p76,,,op9,op1,2,sqrt,,55
p77,51.694,BATCH_PIPELINE,op1,,1,const,,55
p77,,,op2,op1,15,linear3,,37.5
p77,,,op3,op2,40,linear7,,20
p77,,,op4,op3,5,linear3,,45
p77,,,op5,op4,1,const,,55
p77,,,op6,op5,15,linear3,,37.5
p77,,,op7,op6,2,sqrt,,55
p77,,,op8,op7,5,linear3,,45
p78,51.694,BATCH_PIPELINE,op1,,1,const,,55
p78,,,op2,op1,20,linear7,,30
p78,,,op3,op2,5,linear3,,45
p78,,,op4,op3,1,const,,55
p79,51.694,BATCH_PIPELINE,op1,,1,const,,55
p79,,,op2,op1,1,const,,55
p79,,,op3,op2,20,linear7,,30
p79,,,op4,op3,15,linear3,,37.5
p79,,,op5,op4,80,squared,,10
p79,,,op6,op5,20,linear7,,30
p79,,,op7,op6,15,linear3,,37.5
p79,,,op8,op7,5,linear3,,45
p80,51.694,BATCH_PIPELINE,op1,,1,const,,55
p80,,,op2,op1,5,linear3,,45
p80,,,op3,op1,5,linear3,,45
p80,,,op4,op1,5,linear3,,45
p80,,,op5,op1,20,linear7,,30
p80,,,op6,op1,80,squared,,10
p80,,,op7,op1,5,linear3,,45
p80,,,op8,op1,5,linear3,,45
p80,,,op9,op1,15,linear3,,37.5
p81,60.142,QUERY,op1,,15,linear3,,35
p82,60.142,BATCH_PIPELINE,op1,,1,const,,55
p82,,,op2,op1,1,const,,55
p82,,,op3,op2,2,sqrt,,55
p82,,,op4,op3,2,sqrt,,55
p82,,,op5,op4,5,linear3,,45
p82,,,op6,op5,40,linear7,,20
p83,60.142,INTERACTIVE,op1,,1,const,,55
p83,,,op2,op1,40,linear7,,20
p83,,,op3,op2,2,sqrt,,55
p83,,,op4,op3,2,sqrt,,55
p83,,,op5,op4,20,linear7,,30
p84,60.142,BATCH_PIPELINE,op1,,1,const,,55
p84,,,op2,op1,20,linear7,,30
p84,,,op3,op2,2,sqrt,,55
p84,,,op4,op3,15,linear3,,37.5
p84,,,op5,op4,5,linear3,,45
p84,,,op6,op5,1,const,,55
p84,,,op7,op6,1,const,,55
p84,,,op8,op7,20,linear7,,30
p84,,,op9,op8,5,linear3,,45
p85,60.142,BATCH_PIPELINE,op1,,1,const,,55
p85,,,op2,op1,1,const,,55
p85,,,op3,op2,1,const,,55
p85,,,op4,op3,2,sqrt,,55
p85,,,op5,op4,80,squared,,10
p85,,,op6,op5,15,linear3,,37.5
p85,,,op7,op6,20,linear7,,30
p86,60.142,QUERY,op1,,15,linear3,,35
p87,60.142,BATCH_PIPELINE,op1,,1,const,,55
p87,,,op2,op1,20,linear7,,30
p87,,,op3,op2,5,linear3,,45
p87,,,op4,op3,15,linear3,,37.5
p87,,,op5,op4,15,linear3,,37.5
p87,,,op6,op5,20,linear7,,30
p87,,,op7,op6,20,linear7,,30
p87,,,op8,op7,1,const,,55
p88,60.142,BATCH_PIPELINE,op1,,1,const,,55
p88,,,op2,op1,2,sqrt,,55
p88,,,op3,op2,1,const,,55
p88,,,op4,op3,15,linear3,,37.5
p88,,,op5,op4,40,linear7,,20
p88,,,op6,op5,80,squared,,10
p88,,,op7,op6,20,linear7,,30
p88,,,op8,op7,5,linear3,,45
p88,,,op9,op8,2,sqrt,,55
p88,,,op10,op9,15,linear3,,37.5
p89,60.142,BATCH_PIPELINE,op1,,1,const,,55
p89,,,op2,op1,80,squared,,10
p89,,,op3,op2,40,linear7,,20
p89,,,op4,op3,2,sqrt,,55
p89,,,op5,op4,20,linear7,,30
p90,60.142,BATCH_PIPELINE,op1,,1,const,,55
p90,,,op2,op1,20,linear7,,30
p90,,,op3,op2,20,linear7,,30
p90,,,op4,op3,20,linear7,,30
p90,,,op5,op4,15,linear3,,37.5
p90,,,op6,op5,1,const,,55
p90,,,op7,op6,15,linear3,,37.5
p90,,,op8,op7,5,linear3,,45
p91,66.263,BATCH_PIPELINE,op1,,1,const,,55
p91,,,op2,op1,15,linear3,,37.5
p91,,,op3,op2,40,linear7,,20
p91,,,op4,op3,15,linear3,,37.5
p91,,,op5,op4,15,linear3,,37.5
p91,,,op6,op5,2,sqrt,,55
p91,,,op7,op6,15,linear3,,37.5
p91,,,op8,op7,15,linear3,,37.5
p91,,,op9,op8,1,const,,55
p91,,,op10,op9,15,linear3,,37.5
p91,,,op11,op10,15,linear3,,37.5
p92,66.263,BATCH_PIPELINE,op1,,1,const,,55
p92,,,op2,op1,15,linear3,,37.5
p92,,,op3,op2,15,linear3,,37.5
p92,,,op4,op3,5,linear3,,45
p92,,,op5,op4,2,sqrt,,55
p92,,,op6,op5,5,linear3,,45
p92,,,op7,op6,2,sqrt,,55
p92,,,op8,op7,1,const,,55
p92,,,op9,op8,20,linear7,,30
p93,66.263,BATCH_PIPELINE,op1,,1,const,,55
p93,,,op2,op1,40,linear7,,20
p93,,,op3,op2,40,linear7,,20
p93,,,op4,op3,40,linear7,,20
p94,66.263,BATCH_PIPELINE,op1,,1,const,,55
p94,,,op2,op1,15,linear3,,37.5
p94,,,op3,op2,15,linear3,,37.5
p94,,,op4,op3,40,linear7,,20
p94,,,op5,op4,40,linear7,,20
p94,,,op6,op5,5,linear3,,45
p95,66.263,BATCH_PIPELINE,op1,,1,const,,55
p95,,,op2,op1,5,linear3,,45
p95,,,op3,op2,5,linear3,,45
p95,,,op4,op3,15,linear3,,37.5
p95,,,op5,op4,5,linear3,,45
p95,,,op6,op5,2,sqrt,,55
p95,,,op7,op6,15,linear3,,37.5
p96,66.263,BATCH_PIPELINE,op1,,1,const,,55
p96,,,op2,op1,1,const,,55
p96,,,op3,op2,5,linear3,,45
p96,,,op4,op3,80,squared,,10
p96,,,op5,op4,1,const,,55
p96,,,op6,op5,1,const,,55
p96,,,op7,op6,1,const,,55
p96,,,op8,op7,15,linear3,,37.5
p97,66.263,BATCH_PIPELINE,op1,,1,const,,55
p97,,,op2,,1,const,,55
p97,,,op3,,15,linear3,,37.5
p97,,,op4,,80,squared,,10
p97,,,op5,,1,const,,55
p97,,,op6,,5,linear3,,45
p97,,,op7,op1;op2;op3;op4;op5;op6,2,sqrt,,55
p98,66.263,BATCH_PIPELINE,op1,,1,const,,55
p98,,,op2,op1,80,squared,,10
p98,,,op3,op2,5,linear3,,45
p98,,,op4,op3,80,squared,,10
p98,,,op5,op4,15,linear3,,37.5
p98,,,op6,op5,80,squared,,10
p98,,,op7,op6,15,linear3,,37.5
p99,66.263,BATCH_PIPELINE,op1,,1,const,,55
p99,,,op2,op1,20,linear7,,30
p99,,,op3,op2,2,sqrt,,55
p99,,,op4,op3,40,linear7,,20
p99,,,op5,op4,5,linear3,,45
p99,,,op6,op5,5,linear3,,45
p99,,,op7,op6,40,linear7,,20
p99,,,op8,op7,15,linear3,,37.5
p100,66.263,BATCH_PIPELINE,op1,,1,const,,55
p100,,,op2,op1,20,linear7,,30
p100,,,op3,op2,1,const,,55
p100,,,op4,op3,20,linear7,,30
p100,,,op5,op4,2,sqrt,,55
p100,,,op6,op5,1,const,,55
p100,,,op7,op6,15,linear3,,37.5
p100,,,op8,op7,15,linear3,,37.5
p101,73.703,BATCH_PIPELINE,op1,,1,const,,55
p101,,,op2,op1,5,linear3,,45
p101,,,op3,op2,15,linear3,,37.5
p101,,,op4,op3,15,linear3,,37.5
p101,,,op5,op4,2,sqrt,,55
p102,73.703,BATCH_PIPELINE,op1,,1,const,,55
p102,,,op2,op1,1,const,,55
p102,,,op3,op2,15,linear3,,37.5
p102,,,op4,op3,5,linear3,,45
p102,,,op5,op4,5,linear3,,45
p102,,,op6,op5,15,linear3,,37.5
p102,,,op7,op6,15,linear3,,37.5
p102,,,op8,op7,40,linear7,,20
p103,73.703,BATCH_PIPELINE,op1,,1,const,,55
p103,,,op2,op1,15,linear3,,37.5
p103,,,op3,op2,40,linear7,,20
p103,,,op4,op3,5,linear3,,45
p103,,,op5,op4,1,const,,55
p104,73.703,BATCH_PIPELINE,op1,,1,const,,55
p104,,,op2,op1,5,linear3,,45
p104,,,op3,op2,15,linear3,,37.5
p104,,,op4,op3,5,linear3,,45
p104,,,op5,op4,40,linear7,,20
p104,,,op6,op5,2,sqrt,,55
p105,73.703,BATCH_PIPELINE,op1,,1,const,,55
p105,,,op2,op1,15,linear3,,37.5
p105,,,op3,op2,15,linear3,,37.5
p105,,,op4,op3,5,linear3,,45
p105,,,op5,op4,80,squared,,10
p105,,,op6,op5,2,sqrt,,55
p105,,,op7,op6,80,squared,,10
p105,,,op8,op7,5,linear3,,45
p106,73.703,INTERACTIVE,op1,,1,const,,55
p106,,,op2,,5,linear3,,45
p106,,,op3,,20,linear7,,30
p106,,,op4,,20,linear7,,30
p106,,,op5,,5,linear3,,45
p106,,,op6,,40,linear7,,20
p106,,,op7,,40,linear7,,20
p106,,,op8,op1;op2;op3;op4;op5;op6;op7,80,squared,,10
p107,73.703,BATCH_PIPELINE,op1,,1,const,,55
p107,,,op2,op1,5,linear3,,45
p107,,,op3,op2,2,sqrt,,55
p107,,,op4,op3,15,linear3,,37.5
p107,,,op5,op4,5,linear3,,45
p107,,,op6,op5,5,linear3,,45
p107,,,op7,op6,80,squared,,10
p107,,,op8,op7,5,linear3,,45
p107,,,op9,op8,20,linear7,,30
p107,,,op10,op9,5,linear3,,45
p108,73.703,INTERACTIVE,op1,,1,const,,55
p108,,,op2,op1,40,linear7,,20
p108,,,op3,op1,80,squared,,10
p108,,,op4,op1,20,linear7,,30
p108,,,op5,op1,20,linear7,,30
p108,,,op6,op1,2,sqrt,,55
p108,,,op7,op1,15,linear3,,37.5
p108,,,op8,op1,40,linear7,,20
p109,73.703,INTERACTIVE,op1,,1,const,,55
p109,,,op2,op1,20,linear7,,30
p109,,,op3,op2,80,squared,,10
p109,,,op4,op3,20,linear7,,30
p109,,,op5,op4,5,linear3,,45
p109,,,op6,op5,20,linear7,,30
p109,,,op7,op6,1,const,,55
p109,,,op8,op7,20,linear7,,30
p110,73.703,BATCH_PIPELINE,op1,,1,const,,55
p110,,,op2,op1,20,linear7,,30
p110,,,op3,op2,1,const,,55
p110,,,op4,op3,2,sqrt,,55
p111,85.787,BATCH_PIPELINE,op1,,1,const,,55
p111,,,op2,,20,linear7,,30
p111,,,op3,,80,squared,,10
p111,,,op4,,15,linear3,,37.5
p111,,,op5,,2,sqrt,,55
p111,,,op6,,5,linear3,,45
p111,,,op7,,15,linear3,,37.5
p111,,,op8,,1,const,,55
p111,,,op9,,5,linear3,,45
p111,,,op10,,2,sqrt,,55
p111,,,op11,,40,linear7,,20
p111,,,op12,op1;op2;op3;op4;op5;op6;op7;op8;op9;op10;op11,15,linear3,,37.5
p112,85.787,BATCH_PIPELINE,op1,,1,const,,55
p112,,,op2,op1,20,linear7,,30
p112,,,op3,op2,2,sqrt,,55
p112,,,op4,op3,2,sqrt,,55
p112,,,op5,op4,40,linear7,,20
p112,,,op6,op5,5,linear3,,45
p112,,,op7,op6,1,const,,55
p113,85.787,BATCH_PIPELINE,op1,,1,const,,55
p113,,,op2,op1,15,linear3,,37.5
p113,,,op3,op2,20,linear7,,30
p113,,,op4,op3,15,linear3,,37.5
p113,,,op5,op4,20,linear7,,30
p113,,,op6,op5,1,const,,55
p113,,,op7,op6,15,linear3,,37.5
p113,,,op8,op7,5,linear3,,45
p114,85.787,BATCH_PIPELINE,op1,,1,const,,55
p114,,,op2,op1,80,squared,,10
p114,,,op3,op1,40,linear7,,20
p114,,,op4,op1,5,linear3,,45
p114,,,op5,op1,15,linear3,,37.5
p114,,,op6,op1,20,linear7,,30
p114,,,op7,op1,15,linear3,,37.5
p114,,,op8,op1,15,linear3,,37.5
p114,,,op9,op1,20,linear7,,30
p115,85.787,BATCH_PIPELINE,op1,,1,const,,55
p115,,,op2,op1,20,linear7,,30
p115,,,op3,op2,15,linear3,,37.5
p115,,,op4,op3,15,linear3,,37.5
p115,,,op5,op4,20,linear7,,30
p115,,,op6,op5,5,linear3,,45
p116,85.787,BATCH_PIPELINE,op1,,1,const,,55
p116,,,op2,op1,80,squared,,10
p116,,,op3,op2,5,linear3,,45
p116,,,op4,op3,1,const,,55
p116,,,op5,op4,2,sqrt,,55
p116,,,op6,op5,2,sqrt,,55
p116,,,op7,op6,15,linear3,,37.5
p116,,,op8,op7,5,linear3,,45
p117,85.787,INTERACTIVE,op1,,1,const,,55
p117,,,op2,op1,20,linear7,,30
p117,,,op3,op2,20,linear7,,30
p117,,,op4,op3,20,linear7,,30
p117,,,op5,op4,1,const,,55
p117,,,op6,op5,5,linear3,,45
p117,,,op7,op6,1,const,,55
p117,,,op8,op7,15,linear3,,37.5
p117,,,op9,op8,15,linear3,,37.5
p118,85.787,BATCH_PIPELINE,op1,,1,const,,55
p118,,,op2,op1,5,linear3,,45
p118,,,op3,op2,20,linear7,,30
p118,,,op4,op3,5,linear3,,45
p118,,,op5,op4,15,linear3,,37.5
p118,,,op6,op5,40,linear7,,20
p118,,,op7,op6,5,linear3,,45
p118,,,op8,op7,20,linear7,,30
p118,,,op9,op8,20,linear7,,30
p118,,,op10,op9,2,sqrt,,55
p119,85.787,BATCH_PIPELINE,op1,,1,const,,55
p119,,,op2,op1,2,sqrt,,55
p119,,,op3,op2,2,sqrt,,55
p119,,,op4,op3,5,linear3,,45
p119,,,op5,op4,20,linear7,,30
p119,,,op6,op5,2,sqrt,,55
p119,,,op7,op6,20,linear7,,30
p119,,,op8,op7,1,const,,55
p119,,,op9,op8,5,linear3,,45
p120,85.787,BATCH_PIPELINE,op1,,1,const,,55
p120,,,op2,op1,80,squared,,10
p120,,,op3,op2,15,linear3,,37.5
p120,,,op4,op3,20,linear7,,30
p120,,,op5,op4,15,linear3,,37.5
p120,,,op6,op5,20,linear7,,30
p120,,,op7,op6,5,linear3,,45
p120,,,op8,op7,80,squared,,10
p120,,,op9,op8,5,linear3,,45
p120,,,op10,op9,40,linear7,,20
p120,,,op11,op10,2,sqrt,,55
p120,,,op12,op11,15,linear3,,37.5
p121,92.376,BATCH_PIPELINE,op1,,1,const,,55
p121,,,op2,op1,5,linear3,,45
p121,,,op3,op2,1,const,,55
p121,,,op4,op3,5,linear3,,45
p121,,,op5,op4,1,const,,55
p121,,,op6,op5,2,sqrt,,55
p121,,,op7,op6,15,linear3,,37.5
p121,,,op8,op7,40,linear7,,20
p121,,,op9,op8,80,squared,,10
p121,,,op10,op9,5,linear3,,45
p122,92.376,BATCH_PIPELINE,op1,,1,const,,55
p122,,,op2,op1,20,linear7,,30
p122,,,op3,op2,15,linear3,,37.5
p122,,,op4,op3,15,linear3,,37.5
p122,,,op5,op4,5,linear3,,45
p122,,,op6,op5,1,const,,55
p122,,,op7,op6,1,const,,55
p122,,,op8,op7,20,linear7,,30
p123,92.376,BATCH_PIPELINE,op1,,1,const,,55
p123,,,op2,op1,20,linear7,,30
p123,,,op3,op2,15,linear3,,37.5
p123,,,op4,op3,2,sqrt,,55
p123,,,op5,op4,40,linear7,,20
p123,,,op6,op5,80,squared,,10
p124,92.376,BATCH_PIPELINE,op1,,1,const,,55
p124,,,op2,op1,40,linear7,,20
p124,,,op3,op2,20,linear7,,30
p124,,,op4,op3,20,linear7,,30
p124,,,op5,op4,20,linear7,,30
p124,,,op6,op5,2,sqrt,,55
p124,,,op7,op6,20,linear7,,30
p124,,,op8,op7,1,const,,55
p124,,,op9,op8,2,sqrt,,55
p125,92.376,BATCH_PIPELINE,op1,,1,const,,55
p125,,,op2,,5,linear3,,45
p125,,,op3,,1,const,,55
p125,,,op4,,5,linear3,,45
p125,,,op5,,15,linear3,,37.5
p125,,,op6,,15,linear3,,37.5
p125,,,op7,,40,linear7,,20
p125,,,op8,,5,linear3,,45
p125,,,op9,op1;op2;op3;op4;op5;op6;op7;op8,15,linear3,,37.5
p126,92.376,INTERACTIVE,op1,,1,const,,55
p126,,,op2,op1,5,linear3,,45
p126,,,op3,op2,15,linear3,,37.5
p126,,,op4,op3,15,linear3,,37.5
p126,,,op5,op4,15,linear3,,37.5
p126,,,op6,op5,80,squared,,10
p126,,,op7,op6,15,linear3,,37.5
p126,,,op8,op7,15,linear3,,37.5
p127,92.376,BATCH_PIPELINE,op1,,1,const,,55
p127,,,op2,op1,2,sqrt,,55
p127,,,op3,op2,40,linear7,,20
p127,,,op4,op3,5,linear3,,45
p127,,,op5,op4,40,linear7,,20
p127,,,op6,op5,15,linear3,,37.5
p128,92.376,BATCH_PIPELINE,op1,,1,const,,55
p128,,,op2,,80,squared,,10
p128,,,op3,,1,const,,55
p128,,,op4,,1,const,,55
p128,,,op5,,5,linear3,,45
p128,,,op6,,15,linear3,,37.5
p128,,,op7,op1;op2;op3;op4;op5;op6,20,linear7,,30
p129,92.376,INTERACTIVE,op1,,1,const,,55
p129,,,op2,op1,40,linear7,,20
p129,,,op3,op2,15,linear3,,37.5
p129,,,op4,op3,40,linear7,,20
p129,,,op5,op4,20,linear7,,30
p129,,,op6,op5,5,linear3,,45
p129,,,op7,op6,20,linear7,,30
p130,92.376,BATCH_PIPELINE,op1,,1,const,,55
p130,,,op2,op1,1,const,,55
p130,,,op3,op1,1,const,,55
p130,,,op4,op1,1,const,,55
p130,,,op5,op1,5,linear3,,45
p130,,,op6,op1,5,linear3,,45
p130,,,op7,op1,1,const,,55
p130,,,op8,op1,2,sqrt,,55
p131,99.44,BATCH_PIPELINE,op1,,1,const,,55
p131,,,op2,op1,5,linear3,,45
p131,,,op3,op2,1,const,,55
p131,,,op4,op3,1,const,,55
p131,,,op5,op4,5,linear3,,45
p131,,,op6,op5,2,sqrt,,55
p131,,,op7,op6,15,linear3,,37.5
p131,,,op8,op7,1,const,,55
p131,,,op9,op8,2,sqrt,,55
p131,,,op10,op9,15,linear3,,37.5
p131,,,op11,op10,15,linear3,,37.5
p132,99.44,BATCH_PIPELINE,op1,,1,const,,55
p132,,,op2,op1,2,sqrt,,55
p132,,,op3,op2,20,linear7,,30
p132,,,op4,op3,15,linear3,,37.5
p132,,,op5,op4,1,const,,55
p133,99.44,BATCH_PIPELINE,op1,,1,const,,55
p133,,,op2,op1,5,linear3,,45
p133,,,op3,op2,80,squared,,10
p133,,,op4,op3,40,linear7,,20
p133,,,op5,op4,5,linear3,,45
p133,,,op6,op5,20,linear7,,30
p133,,,op7,op6,80,squared,,10
p133,,,op8,op7,80,squared,,10
p134,99.44,BATCH_PIPELINE,op1,,1,const,,55
p134,,,op2,op1,2,sqrt,,55
p134,,,op3,op2,1,const,,55
p134,,,op4,op3,5,linear3,,45
p134,,,op5,op4,20,linear7,,30
p134,,,op6,op5,5,linear3,,45
p135,99.44,BATCH_PIPELINE,op1,,1,const,,55
p135,,,op2,op1,2,sqrt,,55
p135,,,op3,op2,80,squared,,10
p135,,,op4,op3,15,linear3,,37.5
p135,,,op5,op4,20,linear7,,30
p135,,,op6,op5,5,linear3,,45
p136,99.44,BATCH_PIPELINE,op1,,1,const,,55
p136,,,op2,op1,1,const,,55
p136,,,op3,op2,1,const,,55
p136,,,op4,op3,1,const,,55
p136,,,op5,op4,1,const,,55
p136,,,op6,op5,40,linear7,,20
p137,99.44,BATCH_PIPELINE,op1,,1,const,,55
p137,,,op2,op1,20,linear7,,30
p137,,,op3,op2,2,sqrt,,55
p137,,,op4,op3,20,linear7,,30
p137,,,op5,op4,20,linear7,,30
p137,,,op6,op5,5,linear3,,45
p137,,,op7,op6,20,linear7,,30
p137,,,op8,op7,20,linear7,,30
p137,,,op9,op8,5,linear3,,45
p137,,,op10,op9,1,const,,55
p138,99.44,BATCH_PIPELINE,op1,,1,const,,55
p138,,,op2,op1,2,sqrt,,55
p138,,,op3,op2,15,linear3,,37.5
p138,,,op4,op3,20,linear7,,30
p138,,,op5,op4,20,linear7,,30
p138,,,op6,op5,80,squared,,10
p138,,,op7,op6,40,linear7,,20
p138,,,op8,op7,2,sqrt,,55
p139,99.44,BATCH_PIPELINE,op1,,1,const,,55
p139,,,op2,op1,15,linear3,,37.5
p139,,,op3,op2,5,linear3,,45
p139,,,op4,op3,1,const,,55
p139,,,op5,op4,5,linear3,,45
p139,,,op6,op5,1,const,,55
p140,99.44,BATCH_PIPELINE,op1,,1,const,,55
p140,,,op2,op1,15,linear3,,37.5
p140,,,op3,op2,2,sqrt,,55
p140,,,op4,op3,2,sqrt,,55
p140,,,op5,op4,20,linear7,,30
p140,,,op6,op5,15,linear3,,37.5
p140,,,op7,op6,80,squared,,10
p140,,,op8,op7,5,linear3,,45
p140,,,op9,op8,40,linear7,,20
p140,,,op10,op9,15,linear3,,37.5
p140,,,op11,op10,20,linear7,,30
p141,107.434,BATCH_PIPELINE,op1,,1,const,,55
p141,,,op2,,20,linear7,,30
p141,,,op3,,20,linear7,,30
p141,,,op4,,20,linear7,,30
p141,,,op5,,80,squared,,10
p141,,,op6,,80,squared,,10
p141,,,op7,op1;op2;op3;op4;op5;op6,5,linear3,,45
p142,107.434,BATCH_PIPELINE,op1,,1,const,,55
p142,,,op2,op1,5,linear3,,45
p142,,,op3,op2,80,squared,,10
p142,,,op4,op3,15,linear3,,37.5
p142,,,op5,op4,5,linear3,,45
p142,,,op6,op5,40,linear7,,20
p143,107.434,BATCH_PIPELINE,op1,,1,const,,55
p143,,,op2,op1,15,linear3,,37.5
p143,,,op3,op2,15,linear3,,37.5
p144,107.434,BATCH_PIPELINE,op1,,1,const,,55
p144,,,op2,op1,20,linear7,,30
p144,,,op3,op2,15,linear3,,37.5
p144,,,op4,op3,5,linear3,,45
p144,,,op5,op4,5,linear3,,45
p144,,,op6,op5,1,const,,55
p144,,,op7,op6,15,linear3,,37.5
p145,107.434,BATCH_PIPELINE,op1,,1,const,,55
p145,,,op2,op1,1,const,,55
p145,,,op3,op1,2,sqrt,,55
p145,,,op4,op1,15,linear3,,37.5
p146,107.434,BATCH_PIPELINE,op1,,1,const,,55
p146,,,op2,op1,20,linear7,,30
p147,107.434,BATCH_PIPELINE,op1,,1,const,,55
p147,,,op2,op1,40,linear7,,20
p147,,,op3,op2,1,const,,55
p148,107.434,BATCH_PIPELINE,op1,,1,const,,55
p148,,,op2,,2,sqrt,,55
p148,,,op3,,20,linear7,,30
p148,,,op4,,20,linear7,,30
p148,,,op5,op1;op2;op3;op4,80,squared,,10
p149,107.434,QUERY,op1,,15,linear3,,35
p150,107.434,BATCH_PIPELINE,op1,,1,const,,55
p150,,,op2,op1,2,sqrt,,55
p150,,,op3,op2,5,linear3,,45
p150,,,op4,op3,15,linear3,,37.5
p150,,,op5,op4,1,const,,55
p151,116.949,BATCH_PIPELINE,op1,,1,const,,55
p151,,,op2,op1,5,linear3,,45
p151,,,op3,op2,20,linear7,,30
p151,,,op4,op3,1,const,,55
p151,,,op5,op4,2,sqrt,,55
p151,,,op6,op5,20,linear7,,30
p151,,,op7,op6,15,linear3,,37.5
p151,,,op8,op7,20,linear7,,30
p152,116.949,BATCH_PIPELINE,op1,,1,const,,55
p152,,,op2,op1,80,squared,,10
p152,,,op3,op2,5,linear3,,45
p152,,,op4,op3,2,sqrt,,55
p152,,,op5,op4,20,linear7,,30
p152,,,op6,op5,20,linear7,,30
p152,,,op7,op6,5,linear3,,45
p152,,,op8,op7,2,sqrt,,55
p153,116.949,BATCH_PIPELINE,op1,,1,const,,55
p153,,,op2,,40,linear7,,20
p153,,,op3,,5,linear3,,45
p153,,,op4,,5,linear3,,45
p153,,,op5,,20,linear7,,30
p153,,,op6,,1,const,,55
p153,,,op7,,15,linear3,,37.5
p153,,,op8,op1;op2;op3;op4;op5;op6;op7,80,squared,,10
p154,116.949,BATCH_PIPELINE,op1,,1,const,,55
p154,,,op2,op1,5,linear3,,45
p154,,,op3,op1,5,linear3,,45
p154,,,op4,op1,5,linear3,,45
p154,,,op5,op1,40,linear7,,20
p154,,,op6,op1,1,const,,55
p154,,,op7,op1,20,linear7,,30
p155,116.949,BATCH_PIPELINE,op1,,1,const,,55
p155,,,op2,op1,40,linear7,,20
p155,,,op3,op1,40,linear7,,20
p155,,,op4,op1,40,linear7,,20
p155,,,op5,op1,1,const,,55
p155,,,op6,op1,20,linear7,,30
p155,,,op7,op1,20,linear7,,30
p155,,,op8,op1,1,const,,55
p156,116.949,INTERACTIVE,op1,,1,const,,55
p156,,,op2,op1,15,linear3,,37.5
p156,,,op3,op2,20,linear7,,30
p156,,,op4,op3,80,squared,,10
p156,,,op5,op4,80,squared,,10
p156,,,op6,op5,1,const,,55
p156,,,op7,op6,5,linear3,,45
p156,,,op8,op7,15,linear3,,37.5
p157,116.949,BATCH_PIPELINE,op1,,1,const,,55
p157,,,op2,op1,2,sqrt,,55
p157,,,op3,op2,15,linear3,,37.5
p157,,,op4,op3,2,sqrt,,55
p157,,,op5,op4,2,sqrt,,55
p157,,,op6,op5,80,squared,,10
p157,,,op7,op6,5,linear3,,45
p157,,,op8,op7,20,linear7,,30
p158,116.949,BATCH_PIPELINE,op1,,1,const,,55
p158,,,op2,op1,5,linear3,,45
p158,,,op3,op2,20,linear7,,30
p158,,,op4,op3,1,const,,55
p158,,,op5,op4,40,linear7,,20
p158,,,op6,op5,5,linear3,,45
p158,,,op7,op6,5,linear3,,45
p158,,,op8,op7,5,linear3,,45
p158,,,op9,op8,5,linear3,,45
p158,,,op10,op9,20,linear7,,30
p158,,,op11,op10,15,linear3,,37.5
p159,116.949,BATCH_PIPELINE,op1,,1,const,,55
p159,,,op2,op1,5,linear3,,45
p159,,,op3,op2,80,squared,,10
p159,,,op4,op3,1,const,,55
p159,,,op5,op4,40,linear7,,20
p159,,,op6,op5,40,linear7,,20
p159,,,op7,op6,2,sqrt,,55
p160,116.949,BATCH_PIPELINE,op1,,1,const,,55
p160,,,op2,op1,15,linear3,,37.5
p160,,,op3,op1,5,linear3,,45
p160,,,op4,op1,5,linear3,,45
p160,,,op5,op1,15,linear3,,37.5
p160,,,op6,op1,80,squared,,10
p160,,,op7,op1,15,linear3,,37.5
p160,,,op8,op1,2,sqrt,,55
p160,,,op9,op1,20,linear7,,30
p161,128.022,BATCH_PIPELINE,op1,,1,const,,55
p161,,,op2,op1,2,sqrt,,55
p161,,,op3,op1,2,sqrt,,55
p161,,,op4,op1,1,const,,55
p161,,,op5,op1,15,linear3,,37.5
p161,,,op6,op1,15,linear3,,37.5
p161,,,op7,op1,5,linear3,,45
p161,,,op8,op1,1,const,,55
p161,,,op9,op1,1,const,,55
p162,128.022,BATCH_PIPELINE,op1,,1,const,,55
p162,,,op2,op1,1,const,,55
p162,,,op3,op2,80,squared,,10
p162,,,op4,op3,5,linear3,,45
p162,,,op5,op4,15,linear3,,37.5
p162,,,op6,op5,80,squared,,10
p163,128.022,BATCH_PIPELINE,op1,,1,const,,55
p163,,,op2,op1,5,linear3,,45
p163,,,op3,op2,20,linear7,,30
p163,,,op4,op3,5,linear3,,45
p163,,,op5,op4,5,linear3,,45
p163,,,op6,op5,80,squared,,10
p163,,,op7,op6,5,linear3,,45
p164,128.022,BATCH_PIPELINE,op1,,1,const,,55
p164,,,op2,op1,15,linear3,,37.5
p164,,,op3,op2,40,linear7,,20
p164,,,op4,op3,2,sqrt,,55
p164,,,op5,op4,2,sqrt,,55
p164,,,op6,op5,20,linear7,,30
p164,,,op7,op6,40,linear7,,20
p164,,,op8,op7,15,linear3,,37.5
p165,128.022,BATCH_PIPELINE,op1,,1,const,,55
p165,,,op2,op1,1,const,,55
p165,,,op3,op2,15,linear3,,37.5
p165,,,op4,op3,40,linear7,,20
p165,,,op5,op4,15,linear3,,37.5
p166,128.022,BATCH_PIPELINE,op1,,1,const,,55
p166,,,op2,op1,80,squared,,10
p166,,,op3,op2,1,const,,55
p166,,,op4,op3,5,linear3,,45
p166,,,op5,op4,80,squared,,10
p166,,,op6,op5,20,linear7,,30
p166,,,op7,op6,20,linear7,,30
p167,128.022,BATCH_PIPELINE,op1,,1,const,,55
p167,,,op2,,2,sqrt,,55
p167,,,op3,,20,linear7,,30
p167,,,op4,,1,const,,55
p167,,,op5,,15,linear3,,37.5
p167,,,op6,,15,linear3,,37.5
p167,,,op7,,2,sqrt,,55
p167,,,op8,op1;op2;op3;op4;op5;op6;op7,15,linear3,,37.5
p168,128.022,BATCH_PIPELINE,op1,,1,const,,55
p168,,,op2,op1,1,const,,55
p168,,,op3,op2,15,linear3,,37.5
p168,,,op4,op3,1,const,,55
p168,,,op5,op4,20,linear7,,30
p169,128.022,BATCH_PIPELINE,op1,,1,const,,55
p169,,,op2,op1,40,linear7,,20
p169,,,op3,op2,15,linear3,,37.5
p169,,,op4,op3,5,linear3,,45
p169,,,op5,op4,20,linear7,,30
p169,,,op6,op5,1,const,,55
p170,128.022,BATCH_PIPELINE,op1,,1,const,,55
p170,,,op2,op1,15,linear3,,37.5
p170,,,op3,op2,20,linear7,,30
p170,,,op4,op3,20,linear7,,30
p170,,,op5,op4,1,const,,55
p170,,,op6,op5,1,const,,55
p170,,,op7,op6,15,linear3,,37.5
p170,,,op8,op7,2,sqrt,,55
p170,,,op9,op8,40,linear7,,20
p170,,,op10,op9,5,linear3,,45
p170,,,op11,op10,1,const,,55
p171,134.169,BATCH_PIPELINE,op1,,1,const,,55
p171,,,op2,op1,5,linear3,,45
p171,,,op3,op1,40,linear7,,20
p171,,,op4,op1,40,linear7,,20
p171,,,op5,op1,5,linear3,,45
p171,,,op6,op1,1,const,,55
p171,,,op7,op1,20,linear7,,30
p172,134.169,BATCH_PIPELINE,op1,,1,const,,55
p172,,,op2,op1,1,const,,55
p172,,,op3,op2,80,squared,,10
p172,,,op4,op3,2,sqrt,,55
p172,,,op5,op4,20,linear7,,30
p172,,,op6,op5,1,const,,55
p172,,,op7,op6,2,sqrt,,55
p172,,,op8,op7,80,squared,,10
p173,134.169,BATCH_PIPELINE,op1,,1,const,,55
p173,,,op2,op1,5,linear3,,45
p173,,,op3,op2,40,linear7,,20
p173,,,op4,op3,5,linear3,,45
p173,,,op5,op4,1,const,,55
p173,,,op6,op5,2,sqrt,,55
p173,,,op7,op6,20,linear7,,30
p173,,,op8,op7,15,linear3,,37.5
p173,,,op9,op8,1,const,,55
p174,134.169,INTERACTIVE,op1,,1,const,,55
p174,,,op2,op1,1,const,,55
p174,,,op3,op2,5,linear3,,45
p174,,,op4,op3,5,linear3,,45
p174,,,op5,op4,40,linear7,,20
p174,,,op6,op5,40,linear7,,20
p175,134.169,BATCH_PIPELINE,op1,,1,const,,55
p175,,,op2,op1,2,sqrt,,55
p175,,,op3,op2,1,const,,55
p175,,,op4,op3,2,sqrt,,55
p175,,,op5,op4,2,sqrt,,55
p175,,,op6,op5,1,const,,55
p175,,,op7,op6,15,linear3,,37.5
p176,134.169,BATCH_PIPELINE,op1,,1,const,,55
p176,,,op2,op1,5,linear3,,45
p176,,,op3,op2,15,linear3,,37.5
p176,,,op4,op3,15,linear3,,37.5
p177,134.169,BATCH_PIPELINE,op1,,1,const,,55
p177,,,op2,op1,40,linear7,,20
p177,,,op3,op2,1,const,,55
p177,,,op4,op3,15,linear3,,37.5
p177,,,op5,op4,40,linear7,,20
p178,134.169,BATCH_PIPELINE,op1,,1,const,,55
p178,,,op2,op1,5,linear3,,45
p178,,,op3,op2,1,const,,55
p178,,,op4,op3,1,const,,55
p178,,,op5,op4,40,linear7,,20
p178,,,op6,op5,2,sqrt,,55
p178,,,op7,op6,5,linear3,,45
p178,,,op8,op7,1,const,,55
p178,,,op9,op8,1,const,,55
p179,134.169,BATCH_PIPELINE,op1,,1,const,,55
p179,,,op2,op1,20,linear7,,30
p179,,,op3,op1,15,linear3,,37.5
p179,,,op4,op1,15,linear3,,37.5
p179,,,op5,op1,80,squared,,10
p179,,,op6,op1,2,sqrt,,55
p180,134.169,BATCH_PIPELINE,op1,,1,const,,55
p180,,,op2,op1,1,const,,55
p180,,,op3,op2,5,linear3,,45
p180,,,op4,op3,40,linear7,,20
p180,,,op5,op4,20,linear7,,30
p180,,,op6,op5,15,linear3,,37.5
p180,,,op7,op6,5,linear3,,45
p180,,,op8,op7,5,linear3,,45
p180,,,op9,op8,15,linear3,,37.5
p180,,,op10,op9,5,linear3,,45
p181,143.074,INTERACTIVE,op1,,1,const,,55
p181,,,op2,op1,80,squared,,10
p181,,,op3,op2,1,const,,55
p181,,,op4,op3,20,linear7,,30
p181,,,op5,op4,5,linear3,,45
p181,,,op6,op5,20,linear7,,30
p182,143.074,BATCH_PIPELINE,op1,,1,const,,55
p182,,,op2,op1,15,linear3,,37.5
p182,,,op3,op2,40,linear7,,20
p182,,,op4,op3,1,const,,55
p182,,,op5,op4,80,squared,,10
p182,,,op6,op5,15,linear3,,37.5
p182,,,op7,op6,40,linear7,,20
p182,,,op8,op7,1,const,,55
p182,,,op9,op8,2,sqrt,,55
p183,143.074,BATCH_PIPELINE,op1,,1,const,,55
p183,,,op2,,40,linear7,,20
p183,,,op3,,1,const,,55
p183,,,op4,,40,linear7,,20
p183,,,op5,,15,linear3,,37.5
p183,,,op6,,5,linear3,,45
p183,,,op7,op1;op2;op3;op4;op5;op6,1,const,,55
p184,143.074,BATCH_PIPELINE,op1,,1,const,,55
p184,,,op2,op1,1,const,,55
p184,,,op3,op2,15,linear3,,37.5
p185,143.074,BATCH_PIPELINE,op1,,1,const,,55
p185,,,op2,op1,2,sqrt,,55
p185,,,op3,op2,5,linear3,,45
p185,,,op4,op3,40,linear7,,20
p185,,,op5,op4,20,linear7,,30
p185,,,op6,op5,5,linear3,,45
p185,,,op7,op6,5,linear3,,45
p185,,,op8,op7,1,const,,55
p185,,,op9,op8,15,linear3,,37.5
p185,,,op10,op9,1,const,,55
p186,143.074,BATCH_PIPELINE,op1,,1,const,,55
p186,,,op2,op1,1,const,,55
p186,,,op3,op1,5,linear3,,45
p186,,,op4,op1,80,squared,,10
p186,,,op5,op1,40,linear7,,20
p186,,,op6,op1,2,sqrt,,55
p186,,,op7,op1,15,linear3,,37.5
p186,,,op8,op1,15,linear3,,37.5
p187,143.074,BATCH_PIPELINE,op1,,1,const,,55
p187,,,op2,op1,1,const,,55
p187,,,op3,op2,15,linear3,,37.5
p187,,,op4,op3,20,linear7,,30
p187,,,op5,op4,5,linear3,,45
p187,,,op6,op5,1,const,,55
p188,143.074,BATCH_PIPELINE,op1,,1,const,,55
p188,,,op2,,5,linear3,,45
p188,,,op3,,1,const,,55
p188,,,op4,,2,sqrt,,55
p188,,,op5,,5,linear3,,45
p188,,,op6,,40,linear7,,20
p188,,,op7,,2,sqrt,,55
p188,,,op8,op1;op2;op3;op4;op5;op6;op7,20,linear7,,30
p189,143.074,BATCH_PIPELINE,op1,,1,const,,55
p189,,,op2,op1,20,linear7,,30
p189,,,op3,op2,5,linear3,,45
p189,,,op4,op3,1,const,,55
p189,,,op5,op4,1,const,,55
p189,,,op6,op5,5,linear3,,45
p189,,,op7,op6,1,const,,55
p189,,,op8,op7,20,linear7,,30
p190,143.074,BATCH_PIPELINE,op1,,1,const,,55
p190,,,op2,op1,15,linear3,,37.5
p190,,,op3,op2,1,const,,55
p190,,,op4,op3,5,linear3,,45
p190,,,op5,op4,15,linear3,,37.5
p190,,,op6,op5,1,const,,55
p190,,,op7,op6,15,linear3,,37.5
p190,,,op8,op7,80,squared,,10
p190,,,op9,op8,5,linear3,,45
p190,,,op10,op9,15,linear3,,37.5
p190,,,op11,op10,40,linear7,,20
p190,,,op12,op11,5,linear3,,45
p191,150.767,BATCH_PIPELINE,op1,,1,const,,55
p191,,,op2,op1,2,sqrt,,55
p191,,,op3,op2,15,linear3,,37.5
p191,,,op4,op3,5,linear3,,45
p191,,,op5,op4,5,linear3,,45
p191,,,op6,op5,20,linear7,,30
p191,,,op7,op6,1,const,,55
p191,,,op8,op7,40,linear7,,20
p191,,,op9,op8,1,const,,55
p192,150.767,INTERACTIVE,op1,,1,const,,55
p192,,,op2,op1,15,linear3,,37.5
p192,,,op3,op2,2,sqrt,,55
p192,,,op4,op3,5,linear3,,45
p192,,,op5,op4,15,linear3,,37.5
p192,,,op6,op5,15,linear3,,37.5
p192,,,op7,op6,15,linear3,,37.5
p192,,,op8,op7,15,linear3,,37.5
p192,,,op9,op8,15,linear3,,37.5
p192,,,op10,op9,1,const,,55
p192,,,op11,op10,5,linear3,,45
p193,150.767,BATCH_PIPELINE,op1,,1,const,,55
p193,,,op2,op1,2,sqrt,,55
p193,,,op3,op2,15,linear3,,37.5
p193,,,op4,op3,5,linear3,,45
p193,,,op5,op4,80,squared,,10
p194,150.767,BATCH_PIPELINE,op1,,1,const,,55
p194,,,op2,op1,2,sqrt,,55
p194,,,op3,op2,5,linear3,,45
p194,,,op4,op3,15,linear3,,37.5
p194,,,op5,op4,5,linear3,,45
p195,150.767,BATCH_PIPELINE,op1,,1,const,,55
p195,,,op2,op1,2,sqrt,,55
p195,,,op3,op1,5,linear3,,45
p195,,,op4,op1,40,linear7,,20
p195,,,op5,op1,20,linear7,,30
p195,,,op6,op1,80,squared,,10
p196,150.767,BATCH_PIPELINE,op1,,1,const,,55
p196,,,op2,op1,1,const,,55
p196,,,op3,op2,2,sqrt,,55
p196,,,op4,op3,2,sqrt,,55
p196,,,op5,op4,2,sqrt,,55
p197,150.767,BATCH_PIPELINE,op1,,1,const,,55
p197,,,op2,op1,20,linear7,,30
p197,,,op3,op2,2,sqrt,,55
p197,,,op4,op3,80,squared,,10
p197,,,op5,op4,5,linear3,,45
p197,,,op6,op5,15,linear3,,37.5
p197,,,op7,op6,1,const,,55
p198,150.767,BATCH_PIPELINE,op1,,1,const,,55
p198,,,op2,op1,1,const,,55
p198,,,op3,op1,15,linear3,,37.5
p198,,,op4,op1,1,const,,55
p198,,,op5,op1,80,squared,,10
p198,,,op6,op1,20,linear7,,30
p198,,,op7,op1,15,linear3,,37.5
p198,,,op8,op1,1,const,,55
p198,,,op9,op1,2,sqrt,,55
p198,,,op10,op1,20,linear7,,30
p199,150.767,BATCH_PIPELINE,op1,,1,const,,55
p199,,,op2,op1,15,linear3,,37.5
p199,,,op3,op2,40,linear7,,20
p199,,,op4,op3,1,const,,55
p199,,,op5,op4,15,linear3,,37.5
p199,,,op6,op5,15,linear3,,37.5
p199,,,op7,op6,5,linear3,,45
p199,,,op8,op7,1,const,,55
p199,,,op9,op8,5,linear3,,45
p199,,,op10,op9,5,linear3,,45
p200,150.767,BATCH_PIPELINE,op1,,1,const,,55
p200,,,op2,op1,15,linear3,,37.5
p200,,,op3,op2,20,linear7,,30
p200,,,op4,op3,5,linear3,,45
p200,,,op5,op4,5,linear3,,45
p200,,,op6,op5,15,linear3,,37.5
p201,155.445,BATCH_PIPELINE,op1,,1,const,,55
p201,,,op2,,40,linear7,,20
p201,,,op3,,1,const,,55
p201,,,op4,,1,const,,55
p201,,,op5,,15,linear3,,37.5
p201,,,op6,,15,linear3,,37.5
p201,,,op7,op1;op2;op3;op4;op5;op6,15,linear3,,37.5
p202,155.445,BATCH_PIPELINE,op1,,1,const,,55
p202,,,op2,op1,20,linear7,,30
p202,,,op3,op1,5,linear3,,45
p202,,,op4,op1,1,const,,55
p202,,,op5,op1,20,linear7,,30
p202,,,op6,op1,40,linear7,,20
p202,,,op7,op1,20,linear7,,30
p202,,,op8,op1,2,sqrt,,55
p202,,,op9,op1,20,linear7,,30
p203,155.445,BATCH_PIPELINE,op1,,1,const,,55
p203,,,op2,op1,5,linear3,,45
p203,,,op3,op1,20,linear7,,30
p203,,,op4,op1,15,linear3,,37.5
p203,,,op5,op1,1,const,,55
p203,,,op6,op1,20,linear7,,30
p203,,,op7,op1,20,linear7,,30
p203,,,op8,op1,15,linear3,,37.5
p203,,,op9,op1,15,linear3,,37.5
p203,,,op10,op1,5,linear3,,45
p203,,,op11,op1,80,squared,,10
p204,155.445,BATCH_PIPELINE,op1,,1,const,,55
p204,,,op2,op1,20,linear7,,30
p204,,,op3,op2,1,const,,55
p204,,,op4,op3,1,const,,55
p204,,,op5,op4,1,const,,55
p204,,,op6,op5,15,linear3,,37.5
p205,155.445,BATCH_PIPELINE,op1,,1,const,,55
p205,,,op2,op1,2,sqrt,,55
p205,,,op3,op2,15,linear3,,37.5
p205,,,op4,op3,5,linear3,,45
p205,,,op5,op4,20,linear7,,30
p205,,,op6,op5,20,linear7,,30
p205,,,op7,op6,2,sqrt,,55
p206,155.445,QUERY,op1,,15,linear3,,35
p207,155.445,BATCH_PIPELINE,op1,,1,const,,55
p207,,,op2,op1,20,linear7,,30
p207,,,op3,op2,2,sqrt,,55
p207,,,op4,op3,80,squared,,10
p207,,,op5,op4,40,linear7,,20
p207,,,op6,op5,15,linear3,,37.5
p207,,,op7,op6,15,linear3,,37.5
p207,,,op8,op7,5,linear3,,45
p208,155.445,BATCH_PIPELINE,op1,,1,const,,55
p208,,,op2,op1,20,linear7,,30
p208,,,op3,op2,5,linear3,,45
p208,,,op4,op3,2,sqrt,,55
p208,,,op5,op4,1,const,,55
p208,,,op6,op5,2,sqrt,,55
p208,,,op7,op6,1,const,,55
p209,155.445,BATCH_PIPELINE,op1,,1,const,,55
p209,,,op2,op1,1,const,,55
p209,,,op3,op2,20,linear7,,30
p209,,,op4,op3,80,squared,,10
p209,,,op5,op4,5,linear3,,45
p209,,,op6,op5,15,linear3,,37.5
p209,,,op7,op6,1,const,,55
p209,,,op8,op7,15,linear3,,37.5
p209,,,op9,op8,2,sqrt,,55
p209,,,op10,op9,15,linear3,,37.5
p209,,,op11,op10,1,const,,55
p210,155.445,BATCH_PIPELINE,op1,,1,const,,55
p210,,,op2,op1,1,const,,55
p210,,,op3,op2,1,const,,55
p210,,,op4,op3,5,linear3,,45
p210,,,op5,op4,5,linear3,,45
p210,,,op6,op5,1,const,,55
p210,,,op7,op6,20,linear7,,30
p210,,,op8,op7,5,linear3,,45
p210,,,op9,op8,2,sqrt,,55
p210,,,op10,op9,5,linear3,,45
p211,166.856,BATCH_PIPELINE,op1,,1,const,,55
p211,,,op2,op1,1,const,,55
p211,,,op3,op1,15,linear3,,37.5
p211,,,op4,op1,15,linear3,,37.5
p211,,,op5,op1,5,linear3,,45
p211,,,op6,op1,20,linear7,,30
p211,,,op7,op1,2,sqrt,,55
p212,166.856,BATCH_PIPELINE,op1,,1,const,,55
p212,,,op2,,40,linear7,,20
p212,,,op3,,1,const,,55
p212,,,op4,,2,sqrt,,55
p212,,,op5,,40,linear7,,20
p212,,,op6,,5,linear3,,45
p212,,,op7,,1,const,,55
p212,,,op8,,2,sqrt,,55
p212,,,op9,op1;op2;op3;op4;op5;op6;op7;op8,40,linear7,,20
p213,166.856,BATCH_PIPELINE,op1,,1,const,,55
p213,,,op2,op1,1,const,,55
p213,,,op3,op2,5,linear3,,45
p213,,,op4,op3,2,sqrt,,55
p213,,,op5,op4,20,linear7,,30
p213,,,op6,op5,20,linear7,,30
p213,,,op7,op6,1,const,,55
p213,,,op8,op7,5,linear3,,45
p213,,,op9,op8,2,sqrt,,55
p213,,,op10,op9,40,linear7,,20
p214,166.856,BATCH_PIPELINE,op1,,1,const,,55
p214,,,op2,op1,1,const,,55
p214,,,op3,op2,2,sqrt,,55
p214,,,op4,op3,2,sqrt,,55
p214,,,op5,op4,1,const,,55
p214,,,op6,op5,15,linear3,,37.5
p214,,,op7,op6,1,const,,55
p214,,,op8,op7,1,const,,55
p214,,,op9,op8,5,linear3,,45
p214,,,op10,op9,1,const,,55
p214,,,op11,op10,2,sqrt,,55
p215,166.856,BATCH_PIPELINE,op1,,1,const,,55
p215,,,op2,op1,15,linear3,,37.5
p215,,,op3,op2,15,linear3,,37.5
p215,,,op4,op3,1,const,,55
p215,,,op5,op4,2,sqrt,,55
p215,,,op6,op5,15,linear3,,37.5
p216,166.856,BATCH_PIPELINE,op1,,1,const,,55
p216,,,op2,op1,5,linear3,,45
p216,,,op3,op1,5,linear3,,45
p216,,,op4,op1,15,linear3,,37.5
p216,,,op5,op1,2,sqrt,,55
p216,,,op6,op1,5,linear3,,45
p216,,,op7,op1,5,linear3,,45
p216,,,op8,op1,2,sqrt,,55
p216,,,op9,op1,20,linear7,,30
p217,166.856,BATCH_PIPELINE,op1,,1,const,,55
p217,,,op2,op1,20,linear7,,30
p217,,,op3,op2,5,linear3,,45
p217,,,op4,op3,5,linear3,,45
p217,,,op5,op4,15,linear3,,37.5
p217,,,op6,op5,80,squared,,10
p217,,,op7,op6,1,const,,55
p218,166.856,BATCH_PIPELINE,op1,,1,const,,55
p218,,,op2,op1,80,squared,,10
p218,,,op3,op2,20,linear7,,30
p218,,,op4,op3,15,linear3,,37.5
p219,166.856,BATCH_PIPELINE,op1,,1,const,,55
p219,,,op2,op1,2,sqrt,,55
p219,,,op3,op2,5,linear3,,45
p219,,,op4,op3,15,linear3,,37.5
p219,,,op5,op4,2,sqrt,,55
p219,,,op6,op5,2,sqrt,,55
p219,,,op7,op6,1,const,,55
p219,,,op8,op7,15,linear3,,37.5
p220,166.856,BATCH_PIPELINE,op1,,1,const,,55
p220,,,op2,op1,15,linear3,,37.5
p220,,,op3,op2,15,linear3,,37.5
p220,,,op4,op3,15,linear3,,37.5
p220,,,op5,op4,15,linear3,,37.5
p220,,,op6,op5,5,linear3,,45
p220,,,op7,op6,80,squared,,10
p220,,,op8,op7,5,linear3,,45
p221,174.358,BATCH_PIPELINE,op1,,1,const,,55
p221,,,op2,op1,40,linear7,,20
p221,,,op3,op2,15,linear3,,37.5
p221,,,op4,op3,1,const,,55
p221,,,op5,op4,40,linear7,,20
p221,,,op6,op5,20,linear7,,30
p221,,,op7,op6,1,const,,55
p221,,,op8,op7,80,squared,,10
p222,174.358,BATCH_PIPELINE,op1,,1,const,,55
p222,,,op2,op1,15,linear3,,37.5
p222,,,op3,op1,15,linear3,,37.5
p222,,,op4,op1,2,sqrt,,55
p222,,,op5,op1,20,linear7,,30
p222,,,op6,op1,20,linear7,,30
p222,,,op7,op1,15,linear3,,37.5
p223,174.358,BATCH_PIPELINE,op1,,1,const,,55
p223,,,op2,op1,1,const,,55
p223,,,op3,op2,1,const,,55
p223,,,op4,op3,20,linear7,,30
p223,,,op5,op4,1,const,,55
p223,,,op6,op5,15,linear3,,37.5
p223,,,op7,op6,5,linear3,,45
p223,,,op8,op7,40,linear7,,20
p224,174.358,BATCH_PIPELINE,op1,,1,const,,55
p224,,,op2,op1,15,linear3,,37.5
p224,,,op3,op2,20,linear7,,30
p224,,,op4,op3,5,linear3,,45
p224,,,op5,op4,40,linear7,,20
p224,,,op6,op5,2,sqrt,,55
p224,,,op7,op6,15,linear3,,37.5
p224,,,op8,op7,40,linear7,,20
p224,,,op9,op8,20,linear7,,30
p225,174.358,BATCH_PIPELINE,op1,,1,const,,55
p225,,,op2,op1,2,sqrt,,55
p225,,,op3,op2,20,linear7,,30
p225,,,op4,op3,20,linear7,,30
p225,,,op5,op4,15,linear3,,37.5
p225,,,op6,op5,1,const,,55
p226,174.358,QUERY,op1,,15,linear3,,35
p227,174.358,BATCH_PIPELINE,op1,,1,const,,55
p227,,,op2,op1,15,linear3,,37.5
p227,,,op3,op2,20,linear7,,30
p227,,,op4,op3,5,linear3,,45
p227,,,op5,op4,1,const,,55
p227,,,op6,op5,2,sqrt,,55
p227,,,op7,op6,2,sqrt,,55
p227,,,op8,op7,1,const,,55
p227,,,op9,op8,80,squared,,10
p227,,,op10,op9,15,linear3,,37.5
p228,174.358,BATCH_PIPELINE,op1,,1,const,,55
p228,,,op2,op1,40,linear7,,20
p228,,,op3,op2,15,linear3,,37.5
p228,,,op4,op3,20,linear7,,30
p228,,,op5,op4,5,linear3,,45
p228,,,op6,op5,5,linear3,,45
p228,,,op7,op6,1,const,,55
p229,174.358,BATCH_PIPELINE,op1,,1,const,,55
p229,,,op2,op1,5,linear3,,45
p229,,,op3,op2,1,const,,55
p229,,,op4,op3,15,linear3,,37.5
p229,,,op5,op4,15,linear3,,37.5
p229,,,op6,op5,1,const,,55
p229,,,op7,op6,2,sqrt,,55
p230,174.358,INTERACTIVE,op1,,1,const,,55
p230,,,op2,op1,15,linear3,,37.5
p230,,,op3,op2,40,linear7,,20
p230,,,op4,op3,40,linear7,,20
p230,,,op5,op4,15,linear3,,37.5
p230,,,op6,op5,5,linear3,,45
p230,,,op7,op6,5,linear3,,45
p230,,,op8,op7,20,linear7,,30
p231,183.797,BATCH_PIPELINE,op1,,1,const,,55
p231,,,op2,op1,15,linear3,,37.5
p231,,,op3,op2,20,linear7,,30
p231,,,op4,op3,20,linear7,,30
p231,,,op5,op4,2,sqrt,,55
p231,,,op6,op5,1,const,,55
p231,,,op7,op6,80,squared,,10
p231,,,op8,op7,15,linear3,,37.5
p232,183.797,INTERACTIVE,op1,,1,const,,55
p232,,,op2,op1,15,linear3,,37.5
p232,,,op3,op2,5,linear3,,45
p232,,,op4,op3,80,squared,,10
p232,,,op5,op4,2,sqrt,,55
p232,,,op6,op5,5,linear3,,45
p233,183.797,BATCH_PIPELINE,op1,,1,const,,55
p233,,,op2,op1,40,linear7,,20
p233,,,op3,op2,15,linear3,,37.5
p233,,,op4,op3,20,linear7,,30
p233,,,op5,op4,5,linear3,,45
p233,,,op6,op5,15,linear3,,37.5
p233,,,op7,op6,15,linear3,,37.5
p233,,,op8,op7,15,linear3,,37.5
p234,183.797,BATCH_PIPELINE,op1,,1,const,,55
p234,,,op2,op1,2,sqrt,,55
p234,,,op3,op2,15,linear3,,37.5
p234,,,op4,op3,15,linear3,,37.5
p234,,,op5,op4,15,linear3,,37.5
p234,,,op6,op5,80,squared,,10
p234,,,op7,op6,5,linear3,,45
p234,,,op8,op7,20,linear7,,30
p234,,,op9,op8,40,linear7,,20
p235,183.797,BATCH_PIPELINE,op1,,1,const,,55
p235,,,op2,,15,linear3,,37.5
p235,,,op3,,2,sqrt,,55
p235,,,op4,,5,linear3,,45
p235,,,op5,,15,linear3,,37.5
p235,,,op6,,20,linear7,,30
p235,,,op7,,15,linear3,,37.5
p235,,,op8,,40,linear7,,20
p235,,,op9,,15,linear3,,37.5
p235,,,op10,,5,linear3,,45
p235,,,op11,,80,squared,,10
p235,,,op12,op1;op2;op3;op4;op5;op6;op7;op8;op9;op10;op11,15,linear3,,37.5
p236,183.797,BATCH_PIPELINE,op1,,1,const,,55
p236,,,op2,op1,40,linear7,,20
p236,,,op3,op2,5,linear3,,45
p236,,,op4,op3,15,linear3,,37.5
p236,,,op5,op4,15,linear3,,37.5
p236,,,op6,op5,20,linear7,,30
p237,183.797,INTERACTIVE,op1,,1,const,,55
p237,,,op2,op1,20,linear7,,30
p237,,,op3,op1,20,linear7,,30
p237,,,op4,op1,2,sqrt,,55
p237,,,op5,op1,20,linear7,,30
p238,183.797,BATCH_PIPELINE,op1,,1,const,,55
p238,,,op2,op1,40,linear7,,20
p238,,,op3,op2,20,linear7,,30
p238,,,op4,op3,20,linear7,,30
p238,,,op5,op4,40,linear7,,20
p238,,,op6,op5,80,squared,,10
p239,183.797,BATCH_PIPELINE,op1,,1,const,,55
p239,,,op2,op1,2,sqrt,,55
p239,,,op3,op2,2,sqrt,,55
p239,,,op4,op3,5,linear3,,45
p239,,,op5,op4,1,const,,55
p239,,,op6,op5,15,linear3,,37.5
p240,183.797,BATCH_PIPELINE,op1,,1,const,,55
p240,,,op2,op1,20,linear7,,30
p240,,,op3,op2,5,linear3,,45
p240,,,op4,op3,80,squared,,10
p240,,,op5,op4,15,linear3,,37.5
p240,,,op6,op5,1,const,,55
p240,,,op7,op6,2,sqrt,,55
p240,,,op8,op7,1,const,,55
p241,192.83700000000002,INTERACTIVE,op1,,1,const,,55
p241,,,op2,op1,20,linear7,,30
p241,,,op3,op2,40,linear7,,20
p241,,,op4,op3,2,sqrt,,55
p241,,,op5,op4,2,sqrt,,55
p241,,,op6,op5,15,linear3,,37.5
p241,,,op7,op6,15,linear3,,37.5
p242,192.83700000000002,BATCH_PIPELINE,op1,,1,const,,55
p242,,,op2,op1,5,linear3,,45
p242,,,op3,op2,2,sqrt,,55
p242,,,op4,op3,5,linear3,,45
p242,,,op5,op4,5,linear3,,45
p242,,,op6,op5,15,linear3,,37.5
p242,,,op7,op6,20,linear7,,30
p243,192.83700000000002,BATCH_PIPELINE,op1,,1,const,,55
p243,,,op2,op1,20,linear7,,30
p243,,,op3,op1,20,linear7,,30
p243,,,op4,op1,5,linear3,,45
p243,,,op5,op1,20,linear7,,30
p243,,,op6,op1,40,linear7,,20
p243,,,op7,op1,40,linear7,,20
p244,192.83700000000002,INTERACTIVE,op1,,1,const,,55
p244,,,op2,op1,15,linear3,,37.5
p244,,,op3,op2,15,linear3,,37.5
p244,,,op4,op3,5,linear3,,45
p244,,,op5,op4,1,const,,55
p244,,,op6,op5,15,linear3,,37.5
p245,192.83700000000002,BATCH_PIPELINE,op1,,1,const,,55
p245,,,op2,,2,sqrt,,55
p245,,,op3,,15,linear3,,37.5
p245,,,op4,,15,linear3,,37.5
p245,,,op5,,20,linear7,,30
p245,,,op6,,80,squared,,10
p245,,,op7,,15,linear3,,37.5
p245,,,op8,op1;op2;op3;op4;op5;op6;op7,20,linear7,,30
p246,192.83700000000002,BATCH_PIPELINE,op1,,1,const,,55
p246,,,op2,,2,sqrt,,55
p246,,,op3,,2,sqrt,,55
p246,,,op4,,15,linear3,,37.5
p246,,,op5,op1;op2;op3;op4,15,linear3,,37.5
p247,192.83700000000002,BATCH_PIPELINE,op1,,1,const,,55
p247,,,op2,op1,2,sqrt,,55
p247,,,op3,op1,1,const,,55
p247,,,op4,op1,40,linear7,,20
p247,,,op5,op1,20,linear7,,30
p247,,,op6,op1,2,sqrt,,55
p247,,,op7,op1,1,const,,55
p248,192.83700000000002,QUERY,op1,,15,linear3,,35
p249,192.83700000000002,QUERY,op1,,15,linear3,,35
p250,192.83700000000002,BATCH_PIPELINE,op1,,1,const,,55
p250,,,op2,,20,linear7,,30
p250,,,op3,,1,const,,55
p250,,,op4,,40,linear7,,20
p250,,,op5,op1;op2;op3;op4,1,const,,55
p251,202.584,BATCH_PIPELINE,op1,,1,const,,55
p251,,,op2,op1,1,const,,55
p251,,,op3,op1,2,sqrt,,55
p251,,,op4,op1,15,linear3,,37.5
p251,,,op5,op1,5,linear3,,45
p251,,,op6,op1,20,linear7,,30
p251,,,op7,op1,20,linear7,,30
p251,,,op8,op1,20,linear7,,30
p251,,,op9,op1,5,linear3,,45
p251,,,op10,op1,1,const,,55
p252,202.584,BATCH_PIPELINE,op1,,1,const,,55
p252,,,op2,op1,20,linear7,,30
p252,,,op3,op2,40,linear7,,20
p252,,,op4,op3,15,linear3,,37.5
p252,,,op5,op4,1,const,,55
p252,,,op6,op5,1,const,,55
p252,,,op7,op6,80,squared,,10
p252,,,op8,op7,5,linear3,,45
p253,202.584,BATCH_PIPELINE,op1,,1,const,,55
p253,,,op2,op1,40,linear7,,20
p253,,,op3,op2,15,linear3,,37.5
p253,,,op4,op3,20,linear7,,30
p253,,,op5,op4,15,linear3,,37.5
p253,,,op6,op5,20,linear7,,30
p253,,,op7,op6,80,squared,,10
p253,,,op8,op7,40,linear7,,20
p253,,,op9,op8,1,const,,55
p253,,,op10,op9,20,linear7,,30
p254,202.584,INTERACTIVE,op1,,1,const,,55
p254,,,op2,op1,40,linear7,,20
p254,,,op3,op2,40,linear7,,20
p254,,,op4,op3,80,squared,,10
p254,,,op5,op4,5,linear3,,45
p254,,,op6,op5,5,linear3,,45
p254,,,op7,op6,5,linear3,,45
p254,,,op8,op7,5,linear3,,45
p254,,,op9,op8,2,sqrt,,55
p254,,,op10,op9,1,const,,55
p255,202.584,BATCH_PIPELINE,op1,,1,const,,55
p255,,,op2,,80,squared,,10
p255,,,op3,,15,linear3,,37.5
p255,,,op4,,40,linear7,,20
p255,,,op5,,15,linear3,,37.5
p255,,,op6,,20,linear7,,30
p255,,,op7,,15,linear3,,37.5
p255,,,op8,op1;op2;op3;op4;op5;op6;op7,40,linear7,,20
p256,202.584,BATCH_PIPELINE,op1,,1,const,,55
p256,,,op2,op1,5,linear3,,45
p256,,,op3,op2,20,linear7,,30
p256,,,op4,op3,80,squared,,10
p256,,,op5,op4,5,linear3,,45
p256,,,op6,op5,20,linear7,,30
p256,,,op7,op6,40,linear7,,20
p256,,,op8,op7,40,linear7,,20
p257,202.584,BATCH_PIPELINE,op1,,1,const,,55
p257,,,op2,op1,1,const,,55
p257,,,op3,op2,80,squared,,10
p258,202.584,INTERACTIVE,op1,,1,const,,55
p258,,,op2,,1,const,,55
p258,,,op3,,20,linear7,,30
p258,,,op4,,15,linear3,,37.5
p258,,,op5,,5,linear3,,45
p258,,,op6,,15,linear3,,37.5
p258,,,op7,,80,squared,,10
p258,,,op8,,40,linear7,,20
p258,,,op9,op1;op2;op3;op4;op5;op6;op7;op8,40,linear7,,20
p259,202.584,INTERACTIVE,op1,,1,const,,55
p259,,,op2,,1,const,,55
p259,,,op3,,15,linear3,,37.5
p259,,,op4,,40,linear7,,20
p259,,,op5,,2,sqrt,,55
p259,,,op6,,15,linear3,,37.5
p259,,,op7,,5,linear3,,45
p259,,,op8,,80,squared,,10
p259,,,op9,,40,linear7,,20
p259,,,op10,op1;op2;op3;op4;op5;op6;op7;op8;op9,20,linear7,,30
p260,202.584,BATCH_PIPELINE,op1,,1,const,,55
p260,,,op2,op1,1,const,,55
p260,,,op3,op1,1,const,,55
p260,,,op4,op1,15,linear3,,37.5
p260,,,op5,op1,15,linear3,,37.5
p260,,,op6,op1,40,linear7,,20
p260,,,op7,op1,80,squared,,10
p261,215.11700000000002,BATCH_PIPELINE,op1,,1,const,,55
p261,,,op2,op1,80,squared,,10
p261,,,op3,op2,80,squared,,10
p261,,,op4,op3,40,linear7,,20
p261,,,op5,op4,5,linear3,,45
p261,,,op6,op5,2,sqrt,,55
p261,,,op7,op6,20,linear7,,30
p262,215.11700000000002,INTERACTIVE,op1,,1,const,,55
p262,,,op2,,80,squared,,10
p262,,,op3,,5,linear3,,45
p262,,,op4,,1,const,,55
p262,,,op5,,20,linear7,,30
p262,,,op6,,5,linear3,,45
p262,,,op7,op1;op2;op3;op4;op5;op6,15,linear3,,37.5
p263,215.11700000000002,BATCH_PIPELINE,op1,,1,const,,55
p263,,,op2,,1,const,,55
p263,,,op3,,5,linear3,,45
p263,,,op4,,20,linear7,,30
p263,,,op5,,2,sqrt,,55
p263,,,op6,,1,const,,55
p263,,,op7,op1;op2;op3;op4;op5;op6,20,linear7,,30
p264,215.11700000000002,BATCH_PIPELINE,op1,,1,const,,55
p264,,,op2,op1,20,linear7,,30
p264,,,op3,op1,1,const,,55
p264,,,op4,op1,15,linear3,,37.5
p264,,,op5,op1,2,sqrt,,55
p264,,,op6,op1,1,const,,55
p264,,,op7,op1,5,linear3,,45
p265,215.11700000000002,BATCH_PIPELINE,op1,,1,const,,55
p265,,,op2,op1,5,linear3,,45
p265,,,op3,op2,40,linear7,,20
p265,,,op4,op3,15,linear3,,37.5
p265,,,op5,op4,2,sqrt,,55
p265,,,op6,op5,2,sqrt,,55
p266,215.11700000000002,INTERACTIVE,op1,,1,const,,55
p266,,,op2,op1,1,const,,55
p266,,,op3,op2,5,linear3,,45
p266,,,op4,op3,2,sqrt,,55
p266,,,op5,op4,80,squared,,10
p266,,,op6,op5,1,const,,55
p266,,,op7,op6,1,const,,55
p266,,,op8,op7,40,linear7,,20
p267,215.11700000000002,BATCH_PIPELINE,op1,,1,const,,55
p267,,,op2,op1,20,linear7,,30
p267,,,op3,op2,1,const,,55
p267,,,op4,op3,1,const,,55
p267,,,op5,op4,5,linear3,,45
p267,,,op6,op5,80,squared,,10
p268,215.11700000000002,INTERACTIVE,op1,,1,const,,55
p268,,,op2,op1,80,squared,,10
p268,,,op3,op2,5,linear3,,45
p268,,,op4,op3,15,linear3,,37.5
p268,,,op5,op4,80,squared,,10
p268,,,op6,op5,1,const,,55
p268,,,op7,op6,40,linear7,,20
p268,,,op8,op7,2,sqrt,,55
p269,215.11700000000002,BATCH_PIPELINE,op1,,1,const,,55
p269,,,op2,,2,sqrt,,55
p269,,,op3,,15,linear3,,37.5
p269,,,op4,,40,linear7,,20
p269,,,op5,,5,linear3,,45
p269,,,op6,,15,linear3,,37.5
p269,,,op7,op1;op2;op3;op4;op5;op6,20,linear7,,30
p270,215.11700000000002,BATCH_PIPELINE,op1,,1,const,,55
p270,,,op2,,80,squared,,10
p270,,,op3,,5,linear3,,45
p270,,,op4,,5,linear3,,45
p270,,,op5,,20,linear7,,30
p270,,,op6,,20,linear7,,30
p270,,,op7,,5,linear3,,45
p270,,,op8,,5,linear3,,45
p270,,,op9,op1;op2;op3;op4;op5;op6;op7;op8,20,linear7,,30
p271,222.255,BATCH_PIPELINE,op1,,1,const,,55
p271,,,op2,op1,2,sqrt,,55
p271,,,op3,op2,1,const,,55
p271,,,op4,op3,1,const,,55
p271,,,op5,op4,1,const,,55
p271,,,op6,op5,1,const,,55
p271,,,op7,op6,5,linear3,,45
p271,,,op8,op7,1,const,,55
p272,222.255,BATCH_PIPELINE,op1,,1,const,,55
p272,,,op2,op1,40,linear7,,20
p272,,,op3,op2,20,linear7,,30
p272,,,op4,op3,15,linear3,,37.5
p272,,,op5,op4,5,linear3,,45
p272,,,op6,op5,5,linear3,,45
p273,222.255,BATCH_PIPELINE,op1,,1,const,,55
p273,,,op2,,15,linear3,,37.5
p273,,,op3,,1,const,,55
p273,,,op4,,15,linear3,,37.5
p273,,,op5,,20,linear7,,30
p273,,,op6,,5,linear3,,45
p273,,,op7,,80,squared,,10
p273,,,op8,,2,sqrt,,55
p273,,,op9,op1;op2;op3;op4;op5;op6;op7;op8,15,linear3,,37.5
p274,222.255,BATCH_PIPELINE,op1,,1,const,,55
p274,,,op2,op1,15,linear3,,37.5
p274,,,op3,op2,20,linear7,,30
p274,,,op4,op3,40,linear7,,20
p274,,,op5,op4,15,linear3,,37.5
p274,,,op6,op5,20,linear7,,30
p274,,,op7,op6,2,sqrt,,55
p275,222.255,BATCH_PIPELINE,op1,,1,const,,55
p275,,,op2,op1,80,squared,,10
p275,,,op3,op2,5,linear3,,45
p275,,,op4,op3,1,const,,55
p275,,,op5,op4,5,linear3,,45
p275,,,op6,op5,40,linear7,,20
p276,222.255,QUERY,op1,,15,linear3,,35
p277,222.255,BATCH_PIPELINE,op1,,1,const,,55
p277,,,op2,op1,40,linear7,,20
p277,,,op3,op2,40,linear7,,20
p277,,,op4,op3,80,squared,,10
p277,,,op5,op4,15,linear3,,37.5
p277,,,op6,op5,40,linear7,,20
p277,,,op7,op6,5,linear3,,45
p277,,,op8,op7,2,sqrt,,55
p277,,,op9,op8,80,squared,,10
p277,,,op10,op9,15,linear3,,37.5
p278,222.255,BATCH_PIPELINE,op1,,1,const,,55
p278,,,op2,op1,15,linear3,,37.5
p278,,,op3,op2,80,squared,,10
p278,,,op4,op3,20,linear7,,30
p278,,,op5,op4,1,const,,55
p278,,,op6,op5,5,linear3,,45
p278,,,op7,op6,80,squared,,10
p278,,,op8,op7,5,linear3,,45
p279,222.255,BATCH_PIPELINE,op1,,1,const,,55
p279,,,op2,op1,15,linear3,,37.5
p279,,,op3,op2,5,linear3,,45
p279,,,op4,op3,40,linear7,,20
p279,,,op5,op4,5,linear3,,45
p279,,,op6,op5,40,linear7,,20
p279,,,op7,op6,20,linear7,,30
p279,,,op8,op7,15,linear3,,37.5
p279,,,op9,op8,15,linear3,,37.5
p279,,,op10,op9,5,linear3,,45
p279,,,op11,op10,40,linear7,,20
p280,222.255,BATCH_PIPELINE,op1,,1,const,,55
p280,,,op2,op1,20,linear7,,30
p280,,,op3,op2,20,linear7,,30
p280,,,op4,op3,20,linear7,,30
p281,230.534,BATCH_PIPELINE,op1,,1,const,,55
p281,,,op2,op1,5,linear3,,45
p281,,,op3,op2,80,squared,,10
p281,,,op4,op3,1,const,,55
p281,,,op5,op4,20,linear7,,30
p281,,,op6,op5,1,const,,55
p281,,,op7,op6,5,linear3,,45
p282,230.534,BATCH_PIPELINE,op1,,1,const,,55
p282,,,op2,,5,linear3,,45
p282,,,op3,op1;op2,1,const,,55
p283,230.534,BATCH_PIPELINE,op1,,1,const,,55
p283,,,op2,,15,linear3,,37.5
p283,,,op3,,15,linear3,,37.5
p283,,,op4,,40,linear7,,20
p283,,,op5,,80,squared,,10
p283,,,op6,,40,linear7,,20
p283,,,op7,,2,sqrt,,55
p283,,,op8,,15,linear3,,37.5
p283,,,op9,,20,linear7,,30
p283,,,op10,op1;op2;op3;op4;op5;op6;op7;op8;op9,1,const,,55
p284,230.534,BATCH_PIPELINE,op1,,1,const,,55
p284,,,op2,op1,80,squared,,10
p284,,,op3,op2,15,linear3,,37.5
p284,,,op4,op3,15,linear3,,37.5
p284,,,op5,op4,15,linear3,,37.5
p284,,,op6,op5,2,sqrt,,55
p284,,,op7,op6,2,sqrt,,55
p284,,,op8,op7,40,linear7,,20
p284,,,op9,op8,40,linear7,,20
p284,,,op10,op9,2,sqrt,,55
p284,,,op11,op10,40,linear7,,20
p284,,,op12,op11,15,linear3,,37.5
p285,230.534,BATCH_PIPELINE,op1,,1,const,,55
p285,,,op2,op1,15,linear3,,37.5
p285,,,op3,op2,80,squared,,10
p285,,,op4,op3,15,linear3,,37.5
p285,,,op5,op4,20,linear7,,30
p285,,,op6,op5,2,sqrt,,55
p285,,,op7,op6,80,squared,,10
p285,,,op8,op7,20,linear7,,30
p286,230.534,BATCH_PIPELINE,op1,,1,const,,55
p286,,,op2,op1,40,linear7,,20
p286,,,op3,op2,15,linear3,,37.5
p286,,,op4,op3,1,const,,55
p287,230.534,INTERACTIVE,op1,,1,const,,55
p287,,,op2,,15,linear3,,37.5
p287,,,op3,,20,linear7,,30
p287,,,op4,,40,linear7,,20
p287,,,op5,,2,sqrt,,55
p287,,,op6,op1;op2;op3;op4;op5,2,sqrt,,55
p288,230.534,BATCH_PIPELINE,op1,,1,const,,55
p288,,,op2,op1,1,const,,55
p288,,,op3,op2,20,linear7,,30
p288,,,op4,op3,2,sqrt,,55
p288,,,op5,op4,5,linear3,,45
p288,,,op6,op5,1,const,,55
p288,,,op7,op6,2,sqrt,,55
p288,,,op8,op7,15,linear3,,37.5
p288,,,op9,op8,40,linear7,,20
p289,230.534,BATCH_PIPELINE,op1,,1,const,,55
p289,,,op2,op1,2,sqrt,,55
p289,,,op3,op2,80,squared,,10
p289,,,op4,op3,15,linear3,,37.5
p289,,,op5,op4,5,linear3,,45
p289,,,op6,op5,5,linear3,,45
p289,,,op7,op6,40,linear7,,20
p289,,,op8,op7,80,squared,,10
p289,,,op9,op8,2,sqrt,,55
p289,,,op10,op9,15,linear3,,37.5
p289,,,op11,op10,15,linear3,,37.5
p290,230.534,BATCH_PIPELINE,op1,,1,const,,55
p290,,,op2,op1,40,linear7,,20
p290,,,op3,op1,40,linear7,,20
p290,,,op4,op1,5,linear3,,45
p290,,,op5,op1,5,linear3,,45
p290,,,op6,op1,20,linear7,,30
p290,,,op7,op1,5,linear3,,45
p291,240.859,BATCH_PIPELINE,op1,,1,const,,55
p291,,,op2,,80,squared,,10
p291,,,op3,,5,linear3,,45
p291,,,op4,,80,squared,,10
p291,,,op5,,5,linear3,,45
p291,,,op6,op1;op2;op3;op4;op5,15,linear3,,37.5
p292,240.859,BATCH_PIPELINE,op1,,1,const,,55
p292,,,op2,op1,15,linear3,,37.5
p292,,,op3,op2,40,linear7,,20
p292,,,op4,op3,2,sqrt,,55
p292,,,op5,op4,15,linear3,,37.5
p293,240.859,BATCH_PIPELINE,op1,,1,const,,55
p293,,,op2,op1,5,linear3,,45
p293,,,op3,op2,20,linear7,,30
p293,,,op4,op3,2,sqrt,,55
p293,,,op5,op4,2,sqrt,,55
p293,,,op6,op5,5,linear3,,45
p293,,,op7,op6,1,const,,55
p293,,,op8,op7,5,linear3,,45
p294,240.859,INTERACTIVE,op1,,1,const,,55
p294,,,op2,op1,15,linear3,,37.5
p294,,,op3,op1,5,linear3,,45
p294,,,op4,op1,20,linear7,,30
p294,,,op5,op1,80,squared,,10
p294,,,op6,op1,5,linear3,,45
p294,,,op7,op1,20,linear7,,30
p295,240.859,BATCH_PIPELINE,op1,,1,const,,55
p295,,,op2,,20,linear7,,30
p295,,,op3,,1,const,,55
p295,,,op4,,20,linear7,,30
p295,,,op5,,40,linear7,,20
p295,,,op6,,5,linear3,,45
p295,,,op7,,40,linear7,,20
p295,,,op8,op1;op2;op3;op4;op5;op6;op7,2,sqrt,,55
p296,240.859,BATCH_PIPELINE,op1,,1,const,,55
p296,,,op2,op1,5,linear3,,45
p296,,,op3,op2,40,linear7,,20
p296,,,op4,op3,1,const,,55
p296,,,op5,op4,1,const,,55
p296,,,op6,op5,2,sqrt,,55
p296,,,op7,op6,15,linear3,,37.5
p296,,,op8,op7,5,linear3,,45
p297,240.859,BATCH_PIPELINE,op1,,1,const,,55
p297,,,op2,op1,15,linear3,,37.5
p297,,,op3,op2,15,linear3,,37.5
p297,,,op4,op3,2,sqrt,,55
p297,,,op5,op4,20,linear7,,30
p297,,,op6,op5,1,const,,55
p297,,,op7,op6,20,linear7,,30
p297,,,op8,op7,40,linear7,,20
p297,,,op9,op8,15,linear3,,37.5
p298,240.859,BATCH_PIPELINE,op1,,1,const,,55
p298,,,op2,op1,15,linear3,,37.5
p298,,,op3,op1,5,linear3,,45
p298,,,op4,op1,15,linear3,,37.5
p298,,,op5,op1,20,linear7,,30
p298,,,op6,op1,15,linear3,,37.5
p298,,,op7,op1,1,const,,55
p298,,,op8,op1,5,linear3,,45
p299,240.859,BATCH_PIPELINE,op1,,1,const,,55
p299,,,op2,op1,40,linear7,,20
p299,,,op3,op2,2,sqrt,,55
p299,,,op4,op3,15,linear3,,37.5
p299,,,op5,op4,40,linear7,,20
p299,,,op6,op5,1,const,,55
p299,,,op7,op6,15,linear3,,37.5
p299,,,op8,op7,5,linear3,,45
p300,240.859,BATCH_PIPELINE,op1,,1,const,,55
p300,,,op2,op1,80,squared,,10
p300,,,op3,op2,1,const,,55
p300,,,op4,op3,1,const,,55
p300,,,op5,op4,1,const,,55
p300,,,op6,op5,80,squared,,10
p301,248.81900000000002,BATCH_PIPELINE,op1,,1,const,,55
p301,,,op2,op1,5,linear3,,45
p301,,,op3,op2,80,squared,,10
p301,,,op4,op3,40,linear7,,20
p301,,,op5,op4,2,sqrt,,55
p301,,,op6,op5,20,linear7,,30
p301,,,op7,op6,2,sqrt,,55
p302,248.81900000000002,BATCH_PIPELINE,op1,,1,const,,55
p302,,,op2,,40,linear7,,20
p302,,,op3,,5,linear3,,45
p302,,,op4,,5,linear3,,45
p302,,,op5,,20,linear7,,30
p302,,,op6,,15,linear3,,37.5
p302,,,op7,,5,linear3,,45
p302,,,op8,,1,const,,55
p302,,,op9,,15,linear3,,37.5
p302,,,op10,op1;op2;op3;op4;op5;op6;op7;op8;op9,40,linear7,,20
p303,248.81900000000002,BATCH_PIPELINE,op1,,1,const,,55
p303,,,op2,op1,20,linear7,,30
p303,,,op3,op2,20,linear7,,30
p303,,,op4,op3,2,sqrt,,55
p303,,,op5,op4,1,const,,55
p303,,,op6,op5,5,linear3,,45
p303,,,op7,op6,20,linear7,,30
p303,,,op8,op7,5,linear3,,45
p303,,,op9,op8,2,sqrt,,55
p304,248.81900000000002,BATCH_PIPELINE,op1,,1,const,,55
p304,,,op2,op1,20,linear7,,30
p304,,,op3,op2,40,linear7,,20
p304,,,op4,op3,20,linear7,,30
p304,,,op5,op4,5,linear3,,45
p304,,,op6,op5,5,linear3,,45
p304,,,op7,op6,5,linear3,,45
p304,,,op8,op7,80,squared,,10
p304,,,op9,op8,20,linear7,,30
p304,,,op10,op9,5,linear3,,45
p304,,,op11,op10,20,linear7,,30
p305,248.81900000000002,BATCH_PIPELINE,op1,,1,const,,55
p305,,,op2,op1,20,linear7,,30
p305,,,op3,op2,40,linear7,,20
p305,,,op4,op3,15,linear3,,37.5
p305,,,op5,op4,15,linear3,,37.5
p305,,,op6,op5,15,linear3,,37.5
p305,,,op7,op6,15,linear3,,37.5
p305,,,op8,op7,5,linear3,,45
p305,,,op9,op8,5,linear3,,45
p305,,,op10,op9,80,squared,,10
p305,,,op11,op10,5,linear3,,45
p306,248.81900000000002,BATCH_PIPELINE,op1,,1,const,,55
p306,,,op2,op1,20,linear7,,30
p306,,,op3,op2,20,linear7,,30
p306,,,op4,op3,5,linear3,,45
p306,,,op5,op4,20,linear7,,30
p306,,,op6,op5,2,sqrt,,55
p307,248.81900000000002,BATCH_PIPELINE,op1,,1,const,,55
p307,,,op2,op1,2,sqrt,,55
p307,,,op3,op2,2,sqrt,,55
p307,,,op4,op3,15,linear3,,37.5
p307,,,op5,op4,80,squared,,10
p307,,,op6,op5,1,const,,55
p307,,,op7,op6,15,linear3,,37.5
p307,,,op8,op7,1,const,,55
p307,,,op9,op8,2,sqrt,,55
p308,248.81900000000002,BATCH_PIPELINE,op1,,1,const,,55
p308,,,op2,op1,15,linear3,,37.5
p308,,,op3,op2,5,linear3,,45
p308,,,op4,op3,1,const,,55
p308,,,op5,op4,20,linear7,,30
p308,,,op6,op5,20,linear7,,30
p308,,,op7,op6,20,linear7,,30
p309,248.81900000000002,BATCH_PIPELINE,op1,,1,const,,55
p309,,,op2,op1,2,sqrt,,55
p309,,,op3,op1,15,linear3,,37.5
p309,,,op4,op1,5,linear3,,45
p309,,,op5,op1,80,squared,,10
p309,,,op6,op1,80,squared,,10
p309,,,op7,op1,1,const,,55
p309,,,op8,op1,80,squared,,10
p310,248.81900000000002,INTERACTIVE,op1,,1,const,,55
p310,,,op2,op1,2,sqrt,,55
p310,,,op3,op2,20,linear7,,30
p310,,,op4,op3,15,linear3,,37.5
p310,,,op5,op4,20,linear7,,30
p310,,,op6,op5,20,linear7,,30
p310,,,op7,op6,40,linear7,,20
p310,,,op8,op7,15,linear3,,37.5
p310,,,op9,op8,15,linear3,,37.5
p311,260.286,INTERACTIVE,op1,,1,const,,55
p311,,,op2,op1,2,sqrt,,55
p311,,,op3,op2,5,linear3,,45
p311,,,op4,op3,5,linear3,,45
p311,,,op5,op4,40,linear7,,20
p311,,,op6,op5,40,linear7,,20
p311,,,op7,op6,15,linear3,,37.5
p311,,,op8,op7,80,squared,,10
p311,,,op9,op8,80,squared,,10
p312,260.286,QUERY,op1,,15,linear3,,35
p313,260.286,BATCH_PIPELINE,op1,,1,const,,55
p313,,,op2,op1,15,linear3,,37.5
p313,,,op3,op2,5,linear3,,45
p313,,,op4,op3,2,sqrt,,55
p313,,,op5,op4,1,const,,55
p313,,,op6,op5,20,linear7,,30
p313,,,op7,op6,2,sqrt,,55
p313,,,op8,op7,80,squared,,10
p313,,,op9,op8,2,sqrt,,55
p313,,,op10,op9,1,const,,55
p313,,,op11,op10,20,linear7,,30
p314,260.286,BATCH_PIPELINE,op1,,1,const,,55
p314,,,op2,op1,1,const,,55
p314,,,op3,op2,2,sqrt,,55
p314,,,op4,op3,2,sqrt,,55
p314,,,op5,op4,1,const,,55
p314,,,op6,op5,15,linear3,,37.5
p314,,,op7,op6,1,const,,55
p314,,,op8,op7,1,const,,55
p315,260.286,BATCH_PIPELINE,op1,,1,const,,55
p315,,,op2,op1,15,linear3,,37.5
p315,,,op3,op2,20,linear7,,30
p315,,,op4,op3,20,linear7,,30
p315,,,op5,op4,40,linear7,,20
p315,,,op6,op5,15,linear3,,37.5
p316,260.286,BATCH_PIPELINE,op1,,1,const,,55
p316,,,op2,op1,5,linear3,,45
p316,,,op3,op2,5,linear3,,45
p316,,,op4,op3,2,sqrt,,55
p316,,,op5,op4,20,linear7,,30
p316,,,op6,op5,15,linear3,,37.5
p316,,,op7,op6,2,sqrt,,55
p316,,,op8,op7,2,sqrt,,55
p316,,,op9,op8,1,const,,55
p317,260.286,BATCH_PIPELINE,op1,,1,const,,55
p317,,,op2,op1,20,linear7,,30
p317,,,op3,op2,5,linear3,,45
p317,,,op4,op3,1,const,,55
p317,,,op5,op4,40,linear7,,20
p317,,,op6,op5,5,linear3,,45
p317,,,op7,op6,5,linear3,,45
p317,,,op8,op7,15,linear3,,37.5
p318,260.286,BATCH_PIPELINE,op1,,1,const,,55
p318,,,op2,,20,linear7,,30
p318,,,op3,,5,linear3,,45
p318,,,op4,,80,squared,,10
p318,,,op5,,15,linear3,,37.5
p318,,,op6,,1,const,,55
p318,,,op7,,15,linear3,,37.5
p318,,,op8,op1;op2;op3;op4;op5;op6;op7,80,squared,,10
p319,260.286,BATCH_PIPELINE,op1,,1,const,,55
p319,,,op2,op1,40,linear7,,20
p319,,,op3,op2,2,sqrt,,55
p319,,,op4,op3,15,linear3,,37.5
p319,,,op5,op4,1,const,,55
p319,,,op6,op5,2,sqrt,,55
p319,,,op7,op6,2,sqrt,,55
p319,,,op8,op7,20,linear7,,30
p319,,,op9,op8,20,linear7,,30
p319,,,op10,op9,15,linear3,,37.5
p319,,,op11,op10,1,const,,55
p320,260.286,BATCH_PIPELINE,op1,,1,const,,55
p320,,,op2,op1,40,linear7,,20
p320,,,op3,op1,40,linear7,,20
p320,,,op4,op1,2,sqrt,,55
p320,,,op5,op1,1,const,,55
p320,,,op6,op1,1,const,,55
p321,272.485,BATCH_PIPELINE,op1,,1,const,,55
p321,,,op2,op1,40,linear7,,20
p321,,,op3,op2,15,linear3,,37.5
p321,,,op4,op3,5,linear3,,45
p321,,,op5,op4,5,linear3,,45
p321,,,op6,op5,15,linear3,,37.5
p322,272.485,BATCH_PIPELINE,op1,,1,const,,55
p322,,,op2,,40,linear7,,20
p322,,,op3,,1,const,,55
p322,,,op4,,20,linear7,,30
p322,,,op5,,5,linear3,,45
p322,,,op6,,1,const,,55
p322,,,op7,,1,const,,55
p322,,,op8,op1;op2;op3;op4;op5;op6;op7,2,sqrt,,55
p323,272.485,BATCH_PIPELINE,op1,,1,const,,55
p323,,,op2,op1,80,squared,,10
p323,,,op3,op2,1,const,,55
p323,,,op4,op3,15,linear3,,37.5
p323,,,op5,op4,15,linear3,,37.5
p323,,,op6,op5,2,sqrt,,55
p323,,,op7,op6,15,linear3,,37.5
p323,,,op8,op7,1,const,,55
p324,272.485,BATCH_PIPELINE,op1,,1,const,,55
p324,,,op2,op1,15,linear3,,37.5
p324,,,op3,op2,40,linear7,,20
p324,,,op4,op3,15,linear3,,37.5
p324,,,op5,op4,15,linear3,,37.5
p324,,,op6,op5,5,linear3,,45
p325,272.485,BATCH_PIPELINE,op1,,1,const,,55
p325,,,op2,,1,const,,55
p325,,,op3,,2,sqrt,,55
p325,,,op4,,5,linear3,,45
p325,,,op5,,2,sqrt,,55
p325,,,op6,,80,squared,,10
p325,,,op7,,15,linear3,,37.5
p325,,,op8,op1;op2;op3;op4;op5;op6;op7,80,squared,,10
p326,272.485,BATCH_PIPELINE,op1,,1,const,,55
p326,,,op2,op1,5,linear3,,45
p326,,,op3,op2,15,linear3,,37.5
p326,,,op4,op3,80,squared,,10
p326,,,op5,op4,15,linear3,,37.5
p326,,,op6,op5,40,linear7,,20
p326,,,op7,op6,20,linear7,,30
p326,,,op8,op7,80,squared,,10
p327,272.485,BATCH_PIPELINE,op1,,1,const,,55
p327,,,op2,op1,2,sqrt,,55
p327,,,op3,op2,1,const,,55
p327,,,op4,op3,80,squared,,10
p327,,,op5,op4,20,linear7,,30
p327,,,op6,op5,5,linear3,,45
p327,,,op7,op6,40,linear7,,20
p327,,,op8,op7,20,linear7,,30
p327,,,op9,op8,80,squared,,10
p327,,,op10,op9,1,const,,55
p327,,,op11,op10,5,linear3,,45
p327,,,op12,op11,5,linear3,,45
p328,272.485,BATCH_PIPELINE,op1,,1,const,,55
p328,,,op2,op1,20,linear7,,30
p328,,,op3,op2,80,squared,,10
p328,,,op4,op3,5,linear3,,45
p328,,,op5,op4,5,linear3,,45
p328,,,op6,op5,15,linear3,,37.5
p328,,,op7,op6,40,linear7,,20
p328,,,op8,op7,5,linear3,,45
p328,,,op9,op8,2,sqrt,,55
p328,,,op10,op9,40,linear7,,20
p329,272.485,BATCH_PIPELINE,op1,,1,const,,55
p329,,,op2,op1,80,squared,,10
p329,,,op3,op1,20,linear7,,30
p330,272.485,INTERACTIVE,op1,,1,const,,55
p330,,,op2,op1,5,linear3,,45
p330,,,op3,op2,40,linear7,,20
p330,,,op4,op3,1,const,,55
p330,,,op5,op4,2,sqrt,,55
p330,,,op6,op5,20,linear7,,30
p330,,,op7,op6,15,linear3,,37.5
p331,282.772,BATCH_PIPELINE,op1,,1,const,,55
p331,,,op2,op1,20,linear7,,30
p331,,,op3,op2,15,linear3,,37.5
p331,,,op4,op3,15,linear3,,37.5
p331,,,op5,op4,2,sqrt,,55
p331,,,op6,op5,15,linear3,,37.5
p331,,,op7,op6,40,linear7,,20
p331,,,op8,op7,5,linear3,,45
p332,282.772,BATCH_PIPELINE,op1,,1,const,,55
p332,,,op2,op1,5,linear3,,45
p332,,,op3,op2,20,linear7,,30
p332,,,op4,op3,20,linear7,,30
p332,,,op5,op4,20,linear7,,30
p332,,,op6,op5,80,squared,,10
p332,,,op7,op6,40,linear7,,20
p333,282.772,BATCH_PIPELINE,op1,,1,const,,55
p333,,,op2,op1,5,linear3,,45
p333,,,op3,op2,1,const,,55
p333,,,op4,op3,5,linear3,,45
p333,,,op5,op4,5,linear3,,45
p333,,,op6,op5,2,sqrt,,55
p334,282.772,QUERY,op1,,15,linear3,,35
p335,282.772,BATCH_PIPELINE,op1,,1,const,,55
p335,,,op2,,15,linear3,,37.5
p335,,,op3,,5,linear3,,45
p335,,,op4,,15,linear3,,37.5
p335,,,op5,,15,linear3,,37.5
p335,,,op6,,20,linear7,,30
p335,,,op7,,80,squared,,10
p335,,,op8,op1;op2;op3;op4;op5;op6;op7,2,sqrt,,55
p336,282.772,BATCH_PIPELINE,op1,,1,const,,55
p336,,,op2,,20,linear7,,30
p336,,,op3,,40,linear7,,20
p336,,,op4,,2,sqrt,,55
p336,,,op5,,15,linear3,,37.5
p336,,,op6,,1,const,,55
p336,,,op7,,1,const,,55
p336,,,op8,op1;op2;op3;op4;op5;op6;op7,40,linear7,,20
p337,282.772,BATCH_PIPELINE,op1,,1,const,,55
p337,,,op2,op1,5,linear3,,45
p337,,,op3,op2,5,linear3,,45
p337,,,op4,op3,20,linear7,,30
p337,,,op5,op4,1,const,,55
p338,282.772,BATCH_PIPELINE,op1,,1,const,,55
p338,,,op2,,40,linear7,,20
p338,,,op3,,2,sqrt,,55
p338,,,op4,,40,linear7,,20
p338,,,op5,,2,sqrt,,55
p338,,,op6,,80,squared,,10
p338,,,op7,,1,const,,55
p338,,,op8,op1;op2;op3;op4;op5;op6;op7,40,linear7,,20
p339,282.772,BATCH_PIPELINE,op1,,1,const,,55
p339,,,op2,op1,2,sqrt,,55
p339,,,op3,op1,5,linear3,,45
p339,,,op4,op1,20,linear7,,30
p339,,,op5,op1,40,linear7,,20
p339,,,op6,op1,15,linear3,,37.5
p339,,,op7,op1,15,linear3,,37.5
p339,,,op8,op1,20,linear7,,30
p339,,,op9,op1,15,linear3,,37.5
p339,,,op10,op1,1,const,,55
p339,,,op11,op1,2,sqrt,,55
p339,,,op12,op1,15,linear3,,37.5
p340,282.772,INTERACTIVE,op1,,1,const,,55
p340,,,op2,op1,20,linear7,,30
p340,,,op3,op1,40,linear7,,20
p340,,,op4,op1,5,linear3,,45
p340,,,op5,op1,15,linear3,,37.5
p340,,,op6,op1,2,sqrt,,55
p340,,,op7,op1,2,sqrt,,55
p340,,,op8,op1,20,linear7,,30
p340,,,op9,op1,15,linear3,,37.5
p340,,,op10,op1,20,linear7,,30
p340,,,op11,op1,20,linear7,,30
p341,292.318,BATCH_PIPELINE,op1,,1,const,,55
p341,,,op2,op1,2,sqrt,,55
p341,,,op3,op1,15,linear3,,37.5
p341,,,op4,op1,20,linear7,,30
p341,,,op5,op1,2,sqrt,,55
p341,,,op6,op1,15,linear3,,37.5
p341,,,op7,op1,2,sqrt,,55
p342,292.318,INTERACTIVE,op1,,1,const,,55
p342,,,op2,op1,40,linear7,,20
p342,,,op3,op2,20,linear7,,30
p342,,,op4,op3,80,squared,,10
p342,,,op5,op4,15,linear3,,37.5
p343,292.318,BATCH_PIPELINE,op1,,1,const,,55
p343,,,op2,op1,15,linear3,,37.5
p343,,,op3,op2,5,linear3,,45
p343,,,op4,op3,15,linear3,,37.5
p343,,,op5,op4,20,linear7,,30
p343,,,op6,op5,5,linear3,,45
p344,292.318,BATCH_PIPELINE,op1,,1,const,,55
p344,,,op2,,2,sqrt,,55
p344,,,op3,,20,linear7,,30
p344,,,op4,,5,linear3,,45
p344,,,op5,,2,sqrt,,55
p344,,,op6,,2,sqrt,,55
p344,,,op7,,80,squared,,10
p344,,,op8,op1;op2;op3;op4;op5;op6;op7,5,linear3,,45
p345,292.318,INTERACTIVE,op1,,1,const,,55
p345,,,op2,op1,20,linear7,,30
p345,,,op3,op2,20,linear7,,30
p345,,,op4,op3,20,linear7,,30
p345,,,op5,op4,5,linear3,,45
p345,,,op6,op5,20,linear7,,30
p346,292.318,BATCH_PIPELINE,op1,,1,const,,55
p346,,,op2,op1,1,const,,55
p346,,,op3,op2,40,linear7,,20
p346,,,op4,op3,20,linear7,,30
p346,,,op5,op4,40,linear7,,20
p346,,,op6,op5,15,linear3,,37.5
p347,292.318,BATCH_PIPELINE,op1,,1,const,,55
p347,,,op2,op1,15,linear3,,37.5
p347,,,op3,op2,20,linear7,,30
p347,,,op4,op3,15,linear3,,37.5
p348,292.318,BATCH_PIPELINE,op1,,1,const,,55
p348,,,op2,op1,20,linear7,,30
p348,,,op3,op2,20,linear7,,30
p348,,,op4,op3,1,const,,55
p348,,,op5,op4,2,sqrt,,55
p349,292.318,INTERACTIVE,op1,,1,const,,55
p349,,,op2,op1,1,const,,55
p349,,,op3,op2,2,sqrt,,55
p349,,,op4,op3,15,linear3,,37.5
p349,,,op5,op4,2,sqrt,,55
p349,,,op6,op5,15,linear3,,37.5
p349,,,op7,op6,40,linear7,,20
p350,292.318,BATCH_PIPELINE,op1,,1,const,,55
p350,,,op2,,5,linear3,,45
p350,,,op3,,5,linear3,,45
p350,,,op4,,40,linear7,,20
p350,,,op5,,5,linear3,,45
p350,,,op6,,40,linear7,,20
p350,,,op7,op1;op2;op3;op4;op5;op6,20,linear7,,30
p351,300.547,QUERY,op1,,15,linear3,,35
p352,300.547,BATCH_PIPELINE,op1,,1,const,,55
p352,,,op2,op1,15,linear3,,37.5
p352,,,op3,op2,15,linear3,,37.5
p352,,,op4,op3,20,linear7,,30
p352,,,op5,op4,2,sqrt,,55
p352,,,op6,op5,40,linear7,,20
p352,,,op7,op6,20,linear7,,30
p352,,,op8,op7,1,const,,55
p352,,,op9,op8,40,linear7,,20
p352,,,op10,op9,80,squared,,10
p353,300.547,BATCH_PIPELINE,op1,,1,const,,55
p353,,,op2,,1,const,,55
p353,,,op3,,1,const,,55
p353,,,op4,,15,linear3,,37.5
p353,,,op5,,5,linear3,,45
p353,,,op6,,2,sqrt,,55
p353,,,op7,,15,linear3,,37.5
p353,,,op8,,20,linear7,,30
p353,,,op9,,1,const,,55
p353,,,op10,op1;op2;op3;op4;op5;op6;op7;op8;op9,5,linear3,,45
p354,300.547,BATCH_PIPELINE,op1,,1,const,,55
p354,,,op2,op1,5,linear3,,45
p354,,,op3,op1,20,linear7,,30
p354,,,op4,op1,40,linear7,,20
p354,,,op5,op1,20,linear7,,30
p355,300.547,INTERACTIVE,op1,,1,const,,55
p355,,,op2,op1,2,sqrt,,55
p355,,,op3,op2,20,linear7,,30
p355,,,op4,op3,20,linear7,,30
p355,,,op5,op4,20,linear7,,30
p356,300.547,BATCH_PIPELINE,op1,,1,const,,55
p356,,,op2,op1,20,linear7,,30
p356,,,op3,op2,15,linear3,,37.5
p356,,,op4,op3,40,linear7,,20
p356,,,op5,op4,15,linear3,,37.5
p356,,,op6,op5,1,const,,55
p357,300.547,BATCH_PIPELINE,op1,,1,const,,55
p357,,,op2,op1,2,sqrt,,55
p357,,,op3,op2,80,squared,,10
p357,,,op4,op3,2,sqrt,,55
p357,,,op5,op4,5,linear3,,45
p357,,,op6,op5,15,linear3,,37.5
p357,,,op7,op6,2,sqrt,,55
p358,300.547,BATCH_PIPELINE,op1,,1,const,,55
p358,,,op2,,15,linear3,,37.5
p358,,,op3,,1,const,,55
p358,,,op4,,15,linear3,,37.5
p358,,,op5,,5,linear3,,45
p358,,,op6,,2,sqrt,,55
p358,,,op7,,40,linear7,,20
p358,,,op8,,5,linear3,,45
p358,,,op9,,5,linear3,,45
p358,,,op10,,5,linear3,,45
p358,,,op11,op1;op2;op3;op4;op5;op6;op7;op8;op9;op10,1,const,,55
p359,300.547,QUERY,op1,,15,linear3,,35
p360,300.547,BATCH_PIPELINE,op1,,1,const,,55
p360,,,op2,op1,5,linear3,,45
p360,,,op3,op2,80,squared,,10
p361,311.277,BATCH_PIPELINE,op1,,1,const,,55
p361,,,op2,op1,40,linear7,,20
p361,,,op3,op2,1,const,,55
p361,,,op4,op3,40,linear7,,20
p361,,,op5,op4,5,linear3,,45
p361,,,op6,op5,2,sqrt,,55
p361,,,op7,op6,5,linear3,,45
p361,,,op8,op7,15,linear3,,37.5
p361,,,op9,op8,5,linear3,,45
p361,,,op10,op9,20,linear7,,30
p362,311.277,QUERY,op1,,15,linear3,,35
p363,311.277,BATCH_PIPELINE,op1,,1,const,,55
p363,,,op2,op1,5,linear3,,45
p363,,,op3,op2,15,linear3,,37.5
p363,,,op4,op3,20,linear7,,30
p363,,,op5,op4,80,squared,,10
p363,,,op6,op5,40,linear7,,20
p363,,,op7,op6,40,linear7,,20
p363,,,op8,op7,80,squared,,10
p364,311.277,BATCH_PIPELINE,op1,,1,const,,55
p364,,,op2,op1,2,sqrt,,55
p364,,,op3,op2,5,linear3,,45
p364,,,op4,op3,5,linear3,,45
p364,,,op5,op4,20,linear7,,30
p364,,,op6,op5,5,linear3,,45
p364,,,op7,op6,15,linear3,,37.5
p364,,,op8,op7,40,linear7,,20
p365,311.277,BATCH_PIPELINE,op1,,1,const,,55
p365,,,op2,,40,linear7,,20
p365,,,op3,,20,linear7,,30
p365,,,op4,,1,const,,55
p365,,,op5,,5,linear3,,45
p365,,,op6,,15,linear3,,37.5
p365,,,op7,op1;op2;op3;op4;op5;op6,20,linear7,,30
p366,311.277,BATCH_PIPELINE,op1,,1,const,,55
p366,,,op2,op1,15,linear3,,37.5
p366,,,op3,op1,2,sqrt,,55
p366,,,op4,op1,5,linear3,,45
p366,,,op5,op1,15,linear3,,37.5
p366,,,op6,op1,15,linear3,,37.5
p366,,,op7,op1,1,const,,55
p366,,,op8,op1,5,linear3,,45
p367,311.277,INTERACTIVE,op1,,1,const,,55
p367,,,op2,op1,20,linear7,,30
p367,,,op3,op2,2,sqrt,,55
p367,,,op4,op3,1,const,,55
p367,,,op5,op4,5,linear3,,45
p367,,,op6,op5,40,linear7,,20
p367,,,op7,op6,80,squared,,10
p368,311.277,BATCH_PIPELINE,op1,,1,const,,55
p368,,,op2,op1,15,linear3,,37.5
p368,,,op3,op2,15,linear3,,37.5
p368,,,op4,op3,20,linear7,,30
p368,,,op5,op4,2,sqrt,,55
p369,311.277,BATCH_PIPELINE,op1,,1,const,,55
p369,,,op2,,2,sqrt,,55
p369,,,op3,,5,linear3,,45
p369,,,op4,,1,const,,55
p369,,,op5,,2,sqrt,,55
p369,,,op6,,5,linear3,,45
p369,,,op7,,2,sqrt,,55
p369,,,op8,op1;op2;op3;op4;op5;op6;op7,15,linear3,,37.5
p370,311.277,QUERY,op1,,15,linear3,,35
p371,315.194,BATCH_PIPELINE,op1,,1,const,,55
p371,,,op2,op1,1,const,,55
p371,,,op3,op2,15,linear3,,37.5
p371,,,op4,op3,5,linear3,,45
p371,,,op5,op4,15,linear3,,37.5
p371,,,op6,op5,15,linear3,,37.5
p372,315.194,BATCH_PIPELINE,op1,,1,const,,55
p372,,,op2,op1,5,linear3,,45
p372,,,op3,op2,15,linear3,,37.5
p372,,,op4,op3,2,sqrt,,55
p373,315.194,BATCH_PIPELINE,op1,,1,const,,55
p373,,,op2,op1,5,linear3,,45
p373,,,op3,op1,15,linear3,,37.5
p373,,,op4,op1,15,linear3,,37.5
p373,,,op5,op1,80,squared,,10
p373,,,op6,op1,2,sqrt,,55
p373,,,op7,op1,15,linear3,,37.5
p374,315.194,BATCH_PIPELINE,op1,,1,const,,55
p374,,,op2,,1,const,,55
p374,,,op3,,5,linear3,,45
p374,,,op4,,2,sqrt,,55
p374,,,op5,,1,const,,55
p374,,,op6,,2,sqrt,,55
p374,,,op7,op1;op2;op3;op4;op5;op6,2,sqrt,,55
p375,315.194,BATCH_PIPELINE,op1,,1,const,,55
p375,,,op2,op1,5,linear3,,45
p375,,,op3,op2,1,const,,55
p375,,,op4,op3,5,linear3,,45
p375,,,op5,op4,15,linear3,,37.5
p375,,,op6,op5,20,linear7,,30
p375,,,op7,op6,2,sqrt,,55
p375,,,op8,op7,40,linear7,,20
p375,,,op9,op8,1,const,,55
p376,315.194,BATCH_PIPELINE,op1,,1,const,,55
p376,,,op2,,5,linear3,,45
p376,,,op3,,80,squared,,10
p376,,,op4,,20,linear7,,30
p376,,,op5,,15,linear3,,37.5
p376,,,op6,,1,const,,55
p376,,,op7,,1,const,,55
p376,,,op8,,15,linear3,,37.5
p376,,,op9,op1;op2;op3;op4;op5;op6;op7;op8,5,linear3,,45
p377,315.194,BATCH_PIPELINE,op1,,1,const,,55
p377,,,op2,op1,40,linear7,,20
p377,,,op3,op2,15,linear3,,37.5
p377,,,op4,op3,40,linear7,,20
p377,,,op5,op4,15,linear3,,37.5
p377,,,op6,op5,5,linear3,,45
p377,,,op7,op6,40,linear7,,20
p377,,,op8,op7,2,sqrt,,55
p378,315.194,BATCH_PIPELINE,op1,,1,const,,55
p378,,,op2,op1,20,linear7,,30
p378,,,op3,op2,80,squared,,10
p378,,,op4,op3,20,linear7,,30
p378,,,op5,op4,1,const,,55
p378,,,op6,op5,80,squared,,10
p378,,,op7,op6,5,linear3,,45
p378,,,op8,op7,15,linear3,,37.5
p379,315.194,BATCH_PIPELINE,op1,,1,const,,55
p379,,,op2,op1,15,linear3,,37.5
p379,,,op3,op2,5,linear3,,45
p379,,,op4,op3,80,squared,,10
p379,,,op5,op4,80,squared,,10
p379,,,op6,op5,15,linear3,,37.5
p379,,,op7,op6,15,linear3,,37.5
p379,,,op8,op7,5,linear3,,45
p379,,,op9,op8,40,linear7,,20
p380,315.194,BATCH_PIPELINE,op1,,1,const,,55
p380,,,op2,op1,5,linear3,,45
p380,,,op3,op2,15,linear3,,37.5
p380,,,op4,op3,1,const,,55
p380,,,op5,op4,20,linear7,,30
p380,,,op6,op5,80,squared,,10
p380,,,op7,op6,20,linear7,,30
p381,327.484,BATCH_PIPELINE,op1,,1,const,,55
p381,,,op2,op1,5,linear3,,45
p381,,,op3,op2,20,linear7,,30
p381,,,op4,op3,15,linear3,,37.5
p381,,,op5,op4,1,const,,55
p381,,,op6,op5,1,const,,55
p381,,,op7,op6,1,const,,55
p381,,,op8,op7,20,linear7,,30
p382,327.484,BATCH_PIPELINE,op1,,1,const,,55
p382,,,op2,op1,80,squared,,10
p382,,,op3,op1,40,linear7,,20
p382,,,op4,op1,1,const,,55
p382,,,op5,op1,5,linear3,,45
p382,,,op6,op1,40,linear7,,20
p382,,,op7,op1,20,linear7,,30
p382,,,op8,op1,1,const,,55
p382,,,op9,op1,20,linear7,,30
p382,,,op10,op1,1,const,,55
p383,327.484,BATCH_PIPELINE,op1,,1,const,,55
p383,,,op2,op1,5,linear3,,45
p383,,,op3,op2,20,linear7,,30
p383,,,op4,op3,40,linear7,,20
p383,,,op5,op4,40,linear7,,20
p383,,,op6,op5,20,linear7,,30
p383,,,op7,op6,40,linear7,,20
p383,,,op8,op7,20,linear7,,30
p383,,,op9,op8,15,linear3,,37.5
p383,,,op10,op9,15,linear3,,37.5
p384,327.484,INTERACTIVE,op1,,1,const,,55
p384,,,op2,op1,15,linear3,,37.5
p384,,,op3,op2,20,linear7,,30
p384,,,op4,op3,80,squared,,10
p384,,,op5,op4,15,linear3,,37.5
p385,327.484,BATCH_PIPELINE,op1,,1,const,,55
p385,,,op2,,20,linear7,,30
p385,,,op3,,5,linear3,,45
p385,,,op4,,40,linear7,,20
p385,,,op5,,20,linear7,,30
p385,,,op6,,1,const,,55
p385,,,op7,,15,linear3,,37.5
p385,,,op8,,80,squared,,10
p385,,,op9,,5,linear3,,45
p385,,,op10,op1;op2;op3;op4;op5;op6;op7;op8;op9,20,linear7,,30
p386,327.484,BATCH_PIPELINE,op1,,1,const,,55
p386,,,op2,,1,const,,55
p386,,,op3,,2,sqrt,,55
p386,,,op4,,40,linear7,,20
p386,,,op5,op1;op2;op3;op4,15,linear3,,37.5
p387,327.484,BATCH_PIPELINE,op1,,1,const,,55
p387,,,op2,op1,15,linear3,,37.5
p387,,,op3,op2,20,linear7,,30
p387,,,op4,op3,2,sqrt,,55
p387,,,op5,op4,15,linear3,,37.5
p387,,,op6,op5,5,linear3,,45
p387,,,op7,op6,1,const,,55
p387,,,op8,op7,2,sqrt,,55
p388,327.484,BATCH_PIPELINE,op1,,1,const,,55
p388,,,op2,op1,1,const,,55
p388,,,op3,op2,5,linear3,,45
p388,,,op4,op3,80,squared,,10
p388,,,op5,op4,5,linear3,,45
p388,,,op6,op5,40,linear7,,20
p388,,,op7,op6,15,linear3,,37.5
p388,,,op8,op7,20,linear7,,30
p389,327.484,BATCH_PIPELINE,op1,,1,const,,55
p389,,,op2,op1,20,linear7,,30
p389,,,op3,op2,2,sqrt,,55
p389,,,op4,op3,15,linear3,,37.5
p389,,,op5,op4,15,linear3,,37.5
p389,,,op6,op5,5,linear3,,45
p389,,,op7,op6,20,linear7,,30
p389,,,op8,op7,5,linear3,,45
p389,,,op9,op8,2,sqrt,,55
p390,327.484,INTERACTIVE,op1,,1,const,,55
p390,,,op2,op1,20,linear7,,30
p390,,,op3,op2,5,linear3,,45
p390,,,op4,op3,2,sqrt,,55
p390,,,op5,op4,40,linear7,,20
p390,,,op6,op5,1,const,,55
p390,,,op7,op6,40,linear7,,20
p390,,,op8,op7,15,linear3,,37.5
p390,,,op9,op8,15,linear3,,37.5
p390,,,op10,op9,20,linear7,,30
p391,337.79200000000003,BATCH_PIPELINE,op1,,1,const,,55
p391,,,op2,,1,const,,55
p391,,,op3,,5,linear3,,45
p391,,,op4,,40,linear7,,20
p391,,,op5,,80,squared,,10
p391,,,op6,,20,linear7,,30
p391,,,op7,,1,const,,55
p391,,,op8,,20,linear7,,30
p391,,,op9,op1;op2;op3;op4;op5;op6;op7;op8,20,linear7,,30
p392,337.79200000000003,BATCH_PIPELINE,op1,,1,const,,55
p392,,,op2,op1,15,linear3,,37.5
p392,,,op3,op2,2,sqrt,,55
p392,,,op4,op3,1,const,,55
p392,,,op5,op4,15,linear3,,37.5
p392,,,op6,op5,15,linear3,,37.5
p392,,,op7,op6,20,linear7,,30
p392,,,op8,op7,1,const,,55
p392,,,op9,op8,20,linear7,,30
p393,337.79200000000003,BATCH_PIPELINE,op1,,1,const,,55
p393,,,op2,op1,15,linear3,,37.5
p393,,,op3,op2,80,squared,,10
p393,,,op4,op3,2,sqrt,,55
p393,,,op5,op4,15,linear3,,37.5
p393,,,op6,op5,2,sqrt,,55
p393,,,op7,op6,5,linear3,,45
p393,,,op8,op7,15,linear3,,37.5
p394,337.79200000000003,BATCH_PIPELINE,op1,,1,const,,55
p394,,,op2,op1,5,linear3,,45
p394,,,op3,op2,80,squared,,10
p394,,,op4,op3,5,linear3,,45
p394,,,op5,op4,5,linear3,,45
p394,,,op6,op5,1,const,,55
p394,,,op7,op6,40,linear7,,20
p394,,,op8,op7,40,linear7,,20
p394,,,op9,op8,80,squared,,10
p394,,,op10,op9,1,const,,55
p394,,,op11,op10,80,squared,,10
p395,337.79200000000003,BATCH_PIPELINE,op1,,1,const,,55
p395,,,op2,op1,80,squared,,10
p395,,,op3,op2,20,linear7,,30
p395,,,op4,op3,15,linear3,,37.5
p395,,,op5,op4,20,linear7,,30
p395,,,op6,op5,2,sqrt,,55
p395,,,op7,op6,5,linear3,,45
p395,,,op8,op7,5,linear3,,45
p395,,,op9,op8,1,const,,55
p396,337.79200000000003,BATCH_PIPELINE,op1,,1,const,,55
p396,,,op2,op1,15,linear3,,37.5
p396,,,op3,op2,5,linear3,,45
p396,,,op4,op3,15,linear3,,37.5
p396,,,op5,op4,2,sqrt,,55
p396,,,op6,op5,2,sqrt,,55
p396,,,op7,op6,40,linear7,,20
p396,,,op8,op7,15,linear3,,37.5
p396,,,op9,op8,80,squared,,10
p396,,,op10,op9,15,linear3,,37.5
p397,337.79200000000003,BATCH_PIPELINE,op1,,1,const,,55
p397,,,op2,,20,linear7,,30
p397,,,op3,,40,linear7,,20
p397,,,op4,,2,sqrt,,55
p397,,,op5,,5,linear3,,45
p397,,,op6,,5,linear3,,45
p397,,,op7,,1,const,,55
p397,,,op8,,5,linear3,,45
p397,,,op9,,40,linear7,,20
p397,,,op10,op1;op2;op3;op4;op5;op6;op7;op8;op9,15,linear3,,37.5
p398,337.79200000000003,BATCH_PIPELINE,op1,,1,const,,55
p398,,,op2,,15,linear3,,37.5
p398,,,op3,,2,sqrt,,55
p398,,,op4,op1;op2;op3,5,linear3,,45
p399,337.79200000000003,BATCH_PIPELINE,op1,,1,const,,55
p399,,,op2,op1,40,linear7,,20
p399,,,op3,op2,15,linear3,,37.5
p399,,,op4,op3,80,squared,,10
p399,,,op5,op4,15,linear3,,37.5
p399,,,op6,op5,20,linear7,,30
p399,,,op7,op6,20,linear7,,30
p399,,,op8,op7,20,linear7,,30
p399,,,op9,op8,15,linear3,,37.5
p399,,,op10,op9,5,linear3,,45
p400,337.79200000000003,INTERACTIVE,op1,,1,const,,55
p400,,,op2,op1,15,linear3,,37.5
p400,,,op3,op2,20,linear7,,30
p400,,,op4,op3,5,linear3,,45
p400,,,op5,op4,20,linear7,,30
p400,,,op6,op5,15,linear3,,37.5
p401,343.233,BATCH_PIPELINE,op1,,1,const,,55
p401,,,op2,op1,15,linear3,,37.5
p401,,,op3,op2,20,linear7,,30
p401,,,op4,op3,20,linear7,,30
p401,,,op5,op4,20,linear7,,30
p402,343.233,BATCH_PIPELINE,op1,,1,const,,55
p402,,,op2,op1,2,sqrt,,55
p402,,,op3,op2,20,linear7,,30
p402,,,op4,op3,2,sqrt,,55
p402,,,op5,op4,15,linear3,,37.5
p403,343.233,BATCH_PIPELINE,op1,,1,const,,55
p403,,,op2,op1,5,linear3,,45
p403,,,op3,op2,2,sqrt,,55
p403,,,op4,op3,15,linear3,,37.5
p403,,,op5,op4,1,const,,55
p403,,,op6,op5,20,linear7,,30
p403,,,op7,op6,80,squared,,10
p403,,,op8,op7,40,linear7,,20
p403,,,op9,op8,20,linear7,,30
p404,343.233,BATCH_PIPELINE,op1,,1,const,,55
p404,,,op2,op1,40,linear7,,20
p404,,,op3,op2,2,sqrt,,55
p404,,,op4,op3,2,sqrt,,55
p405,343.233,BATCH_PIPELINE,op1,,1,const,,55
p405,,,op2,op1,15,linear3,,37.5
p405,,,op3,op1,2,sqrt,,55
p405,,,op4,op1,2,sqrt,,55
p405,,,op5,op1,2,sqrt,,55
p406,343.233,BATCH_PIPELINE,op1,,1,const,,55
p406,,,op2,op1,20,linear7,,30
p406,,,op3,op2,5,linear3,,45
p406,,,op4,op3,5,linear3,,45
p406,,,op5,op4,20,linear7,,30
p406,,,op6,op5,20,linear7,,30
p406,,,op7,op6,5,linear3,,45
p407,343.233,QUERY,op1,,15,linear3,,35
p408,343.233,BATCH_PIPELINE,op1,,1,const,,55
p408,,,op2,op1,20,linear7,,30
p408,,,op3,op2,20,linear7,,30
p408,,,op4,op3,15,linear3,,37.5
p408,,,op5,op4,15,linear3,,37.5
p408,,,op6,op5,20,linear7,,30
p409,343.233,BATCH_PIPELINE,op1,,1,const,,55
p409,,,op2,op1,40,linear7,,20
p409,,,op3,op2,15,linear3,,37.5
p409,,,op4,op3,20,linear7,,30
p409,,,op5,op4,15,linear3,,37.5
p409,,,op6,op5,15,linear3,,37.5
p409,,,op7,op6,2,sqrt,,55
p409,,,op8,op7,20,linear7,,30
p409,,,op9,op8,80,squared,,10
p410,343.233,BATCH_PIPELINE,op1,,1,const,,55
p410,,,op2,op1,5,linear3,,45
p410,,,op3,op2,80,squared,,10
p410,,,op4,op3,2,sqrt,,55
p410,,,op5,op4,5,linear3,,45
p410,,,op6,op5,1,const,,55
p410,,,op7,op6,2,sqrt,,55
p410,,,op8,op7,1,const,,55
p411,353.65500000000003,BATCH_PIPELINE,op1,,1,const,,55
p411,,,op2,op1,20,linear7,,30
p411,,,op3,op2,2,sqrt,,55
p411,,,op4,op3,40,linear7,,20
p411,,,op5,op4,5,linear3,,45
p411,,,op6,op5,2,sqrt,,55
p411,,,op7,op6,5,linear3,,45
p412,353.65500000000003,BATCH_PIPELINE,op1,,1,const,,55
p412,,,op2,op1,5,linear3,,45
p412,,,op3,op2,1,const,,55
p412,,,op4,op3,15,linear3,,37.5
p412,,,op5,op4,1,const,,55
p412,,,op6,op5,5,linear3,,45
p412,,,op7,op6,20,linear7,,30
p413,353.65500000000003,BATCH_PIPELINE,op1,,1,const,,55
p413,,,op2,op1,40,linear7,,20
p413,,,op3,op2,40,linear7,,20
p413,,,op4,op3,20,linear7,,30
p413,,,op5,op4,40,linear7,,20
p413,,,op6,op5,20,linear7,,30
p413,,,op7,op6,5,linear3,,45
p413,,,op8,op7,1,const,,55
p413,,,op9,op8,20,linear7,,30
p414,353.65500000000003,BATCH_PIPELINE,op1,,1,const,,55
p414,,,op2,op1,2,sqrt,,55
p414,,,op3,op1,20,linear7,,30
p414,,,op4,op1,15,linear3,,37.5
p414,,,op5,op1,1,const,,55
p414,,,op6,op1,15,linear3,,37.5
p414,,,op7,op1,1,const,,55
p414,,,op8,op1,2,sqrt,,55
p414,,,op9,op1,40,linear7,,20
p414,,,op10,op1,80,squared,,10
p415,353.65500000000003,BATCH_PIPELINE,op1,,1,const,,55
p415,,,op2,op1,80,squared,,10
p415,,,op3,op2,5,linear3,,45
p415,,,op4,op3,5,linear3,,45
p415,,,op5,op4,80,squared,,10
p415,,,op6,op5,5,linear3,,45
p415,,,op7,op6,20,linear7,,30
p416,353.65500000000003,BATCH_PIPELINE,op1,,1,const,,55
p416,,,op2,op1,2,sqrt,,55
p416,,,op3,op1,20,linear7,,30
p416,,,op4,op1,15,linear3,,37.5
p416,,,op5,op1,5,linear3,,45
p416,,,op6,op1,2,sqrt,,55
p416,,,op7,op1,5,linear3,,45
p417,353.65500000000003,BATCH_PIPELINE,op1,,1,const,,55
p417,,,op2,op1,2,sqrt,,55
p417,,,op3,op2,15,linear3,,37.5
p417,,,op4,op3,15,linear3,,37.5
p417,,,op5,op4,20,linear7,,30
p417,,,op6,op5,15,linear3,,37.5
p417,,,op7,op6,5,linear3,,45
p417,,,op8,op7,5,linear3,,45
p417,,,op9,op8,5,linear3,,45
p418,353.65500000000003,BATCH_PIPELINE,op1,,1,const,,55
p418,,,op2,,15,linear3,,37.5
p418,,,op3,,15,linear3,,37.5
p418,,,op4,,80,squared,,10
p418,,,op5,,5,linear3,,45
p418,,,op6,,40,linear7,,20
p418,,,op7,op1;op2;op3;op4;op5;op6,40,linear7,,20
p419,353.65500000000003,BATCH_PIPELINE,op1,,1,const,,55
p419,,,op2,op1,5,linear3,,45
p419,,,op3,op2,20,linear7,,30
p419,,,op4,op3,15,linear3,,37.5
p419,,,op5,op4,15,linear3,,37.5
p419,,,op6,op5,1,const,,55
p419,,,op7,op6,2,sqrt,,55
p420,353.65500000000003,BATCH_PIPELINE,op1,,1,const,,55
p420,,,op2,op1,80,squared,,10
p420,,,op3,op2,15,linear3,,37.5
p420,,,op4,op3,20,linear7,,30
p420,,,op5,op4,5,linear3,,45
p420,,,op6,op5,5,linear3,,45
p420,,,op7,op6,5,linear3,,45
p421,359.544,BATCH_PIPELINE,op1,,1,const,,55
p421,,,op2,op1,15,linear3,,37.5
p421,,,op3,op2,1,const,,55
p421,,,op4,op3,15,linear3,,37.5
p421,,,op5,op4,80,squared,,10
p421,,,op6,op5,20,linear7,,30
p421,,,op7,op6,2,sqrt,,55
p421,,,op8,op7,20,linear7,,30
p422,359.544,BATCH_PIPELINE,op1,,1,const,,55
p422,,,op2,op1,15,linear3,,37.5
p422,,,op3,op2,1,const,,55
p422,,,op4,op3,1,const,,55
p422,,,op5,op4,15,linear3,,37.5
p423,359.544,BATCH_PIPELINE,op1,,1,const,,55
p423,,,op2,op1,20,linear7,,30
p423,,,op3,op1,1,const,,55
p423,,,op4,op1,80,squared,,10
p423,,,op5,op1,1,const,,55
p423,,,op6,op1,2,sqrt,,55
p423,,,op7,op1,20,linear7,,30
p423,,,op8,op1,80,squared,,10
p424,359.544,BATCH_PIPELINE,op1,,1,const,,55
p424,,,op2,op1,2,sqrt,,55
p424,,,op3,op2,5,linear3,,45
p424,,,op4,op3,1,const,,55
p424,,,op5,op4,1,const,,55
p424,,,op6,op5,20,linear7,,30
p424,,,op7,op6,1,const,,55
p424,,,op8,op7,15,linear3,,37.5
p424,,,op9,op8,1,const,,55
p425,359.544,INTERACTIVE,op1,,1,const,,55
p425,,,op2,op1,20,linear7,,30
p425,,,op3,op2,80,squared,,10
p425,,,op4,op3,5,linear3,,45
p425,,,op5,op4,15,linear3,,37.5
p425,,,op6,op5,2,sqrt,,55
p425,,,op7,op6,5,linear3,,45
p426,359.544,INTERACTIVE,op1,,1,const,,55
p426,,,op2,op1,1,const,,55
p426,,,op3,op2,1,const,,55
p426,,,op4,op3,2,sqrt,,55
p426,,,op5,op4,20,linear7,,30
p426,,,op6,op5,1,const,,55
p427,359.544,BATCH_PIPELINE,op1,,1,const,,55
p427,,,op2,op1,15,linear3,,37.5
p427,,,op3,op1,20,linear7,,30
p427,,,op4,op1,20,linear7,,30
p427,,,op5,op1,1,const,,55
p427,,,op6,op1,5,linear3,,45
p427,,,op7,op1,1,const,,55
p427,,,op8,op1,80,squared,,10
p427,,,op9,op1,1,const,,55
p427,,,op10,op1,2,sqrt,,55
p427,,,op11,op1,2,sqrt,,55
p428,359.544,BATCH_PIPELINE,op1,,1,const,,55
p428,,,op2,op1,5,linear3,,45
p428,,,op3,op2,1,const,,55
p428,,,op4,op3,1,const,,55
p428,,,op5,op4,5,linear3,,45
p428,,,op6,op5,5,linear3,,45
p428,,,op7,op6,2,sqrt,,55
p428,,,op8,op7,15,linear3,,37.5
p428,,,op9,op8,15,linear3,,37.5
p428,,,op10,op9,15,linear3,,37.5
p429,359.544,QUERY,op1,,15,linear3,,35
p430,359.544,BATCH_PIPELINE,op1,,1,const,,55
p430,,,op2,op1,20,linear7,,30
p430,,,op3,op2,20,linear7,,30
p430,,,op4,op3,1,const,,55
p430,,,op5,op4,1,const,,55
p430,,,op6,op5,2,sqrt,,55
p430,,,op7,op6,2,sqrt,,55
p430,,,op8,op7,20,linear7,,30
p430,,,op9,op8,15,linear3,,37.5
p431,371.01800000000003,BATCH_PIPELINE,op1,,1,const,,55
p431,,,op2,op1,20,linear7,,30
p431,,,op3,op2,15,linear3,,37.5
p431,,,op4,op3,80,squared,,10
p431,,,op5,op4,15,linear3,,37.5
p431,,,op6,op5,5,linear3,,45
p431,,,op7,op6,2,sqrt,,55
p431,,,op8,op7,20,linear7,,30
p432,371.01800000000003,BATCH_PIPELINE,op1,,1,const,,55
p432,,,op2,,1,const,,55
p432,,,op3,,15,linear3,,37.5
p432,,,op4,,15,linear3,,37.5
p432,,,op5,,2,sqrt,,55
p432,,,op6,,80,squared,,10
p432,,,op7,op1;op2;op3;op4;op5;op6,15,linear3,,37.5
p433,371.01800000000003,BATCH_PIPELINE,op1,,1,const,,55
p433,,,op2,,2,sqrt,,55
p433,,,op3,,40,linear7,,20
p433,,,op4,,2,sqrt,,55
p433,,,op5,,2,sqrt,,55
p433,,,op6,,40,linear7,,20
p433,,,op7,,40,linear7,,20
p433,,,op8,op1;op2;op3;op4;op5;op6;op7,20,linear7,,30
p434,371.01800000000003,BATCH_PIPELINE,op1,,1,const,,55
p434,,,op2,,2,sqrt,,55
p434,,,op3,,2,sqrt,,55
p434,,,op4,,2,sqrt,,55
p434,,,op5,,2,sqrt,,55
p434,,,op6,,1,const,,55
p434,,,op7,op1;op2;op3;op4;op5;op6,15,linear3,,37.5
p435,371.01800000000003,BATCH_PIPELINE,op1,,1,const,,55
p435,,,op2,op1,15,linear3,,37.5
p435,,,op3,op1,15,linear3,,37.5
p435,,,op4,op1,5,linear3,,45
p435,,,op5,op1,20,linear7,,30
p435,,,op6,op1,20,linear7,,30
p435,,,op7,op1,15,linear3,,37.5
p435,,,op8,op1,5,linear3,,45
p435,,,op9,op1,5,linear3,,45
p435,,,op10,op1,1,const,,55
p435,,,op11,op1,2,sqrt,,55
p436,371.01800000000003,BATCH_PIPELINE,op1,,1,const,,55
p436,,,op2,op1,40,linear7,,20
p436,,,op3,op2,2,sqrt,,55
p436,,,op4,op3,15,linear3,,37.5
p436,,,op5,op4,2,sqrt,,55
p437,371.01800000000003,BATCH_PIPELINE,op1,,1,const,,55
p437,,,op2,op1,2,sqrt,,55
p437,,,op3,op2,40,linear7,,20
p437,,,op4,op3,5,linear3,,45
p437,,,op5,op4,2,sqrt,,55
p437,,,op6,op5,1,const,,55
p438,371.01800000000003,BATCH_PIPELINE,op1,,1,const,,55
p438,,,op2,op1,80,squared,,10
p438,,,op3,op2,80,squared,,10
p438,,,op4,op3,5,linear3,,45
p438,,,op5,op4,5,linear3,,45
p438,,,op6,op5,20,linear7,,30
p438,,,op7,op6,2,sqrt,,55
p438,,,op8,op7,40,linear7,,20
p438,,,op9,op8,15,linear3,,37.5
p439,371.01800000000003,INTERACTIVE,op1,,1,const,,55
p439,,,op2,,15,linear3,,37.5
p439,,,op3,,15,linear3,,37.5
p439,,,op4,,80,squared,,10
p439,,,op5,,40,linear7,,20
p439,,,op6,,5,linear3,,45
p439,,,op7,,15,linear3,,37.5
p439,,,op8,,15,linear3,,37.5
p439,,,op9,op1;op2;op3;op4;op5;op6;op7;op8,20,linear7,,30
p440,371.01800000000003,BATCH_PIPELINE,op1,,1,const,,55
p440,,,op2,op1,2,sqrt,,55
p440,,,op3,op2,2,sqrt,,55
p440,,,op4,op3,20,linear7,,30
p441,379.63800000000003,BATCH_PIPELINE,op1,,1,const,,55
p441,,,op2,op1,20,linear7,,30
p441,,,op3,op2,20,linear7,,30
p441,,,op4,op3,2,sqrt,,55
p441,,,op5,op4,15,linear3,,37.5
p442,379.63800000000003,BATCH_PIPELINE,op1,,1,const,,55
p442,,,op2,op1,5,linear3,,45
p442,,,op3,op2,15,linear3,,37.5
p442,,,op4,op3,5,linear3,,45
p442,,,op5,op4,15,linear3,,37.5
p442,,,op6,op5,1,const,,55
p442,,,op7,op6,2,sqrt,,55
p443,379.63800000000003,BATCH_PIPELINE,op1,,1,const,,55
p443,,,op2,op1,5,linear3,,45
p443,,,op3,op2,15,linear3,,37.5
p443,,,op4,op3,20,linear7,,30
p443,,,op5,op4,15,linear3,,37.5
p443,,,op6,op5,15,linear3,,37.5
p443,,,op7,op6,5,linear3,,45
p444,379.63800000000003,BATCH_PIPELINE,op1,,1,const,,55
p444,,,op2,op1,5,linear3,,45
p444,,,op3,op2,20,linear7,,30
p444,,,op4,op3,20,linear7,,30
p444,,,op5,op4,20,linear7,,30
p444,,,op6,op5,15,linear3,,37.5
p444,,,op7,op6,15,linear3,,37.5
p444,,,op8,op7,40,linear7,,20
p445,379.63800000000003,BATCH_PIPELINE,op1,,1,const,,55
p445,,,op2,op1,20,linear7,,30
p445,,,op3,op2,2,sqrt,,55
p445,,,op4,op3,15,linear3,,37.5
p445,,,op5,op4,15,linear3,,37.5
p445,,,op6,op5,1,const,,55
p446,379.63800000000003,QUERY,op1,,15,linear3,,35
p447,379.63800000000003,BATCH_PIPELINE,op1,,1,const,,55
p447,,,op2,op1,1,const,,55
p447,,,op3,op2,2,sqrt,,55
p447,,,op4,op3,1,const,,55
p447,,,op5,op4,5,linear3,,45
p447,,,op6,op5,5,linear3,,45
p447,,,op7,op6,5,linear3,,45
p448,379.63800000000003,BATCH_PIPELINE,op1,,1,const,,55
p448,,,op2,op1,5,linear3,,45
p448,,,op3,op2,40,linear7,,20
p448,,,op4,op3,15,linear3,,37.5
p448,,,op5,op4,2,sqrt,,55
p448,,,op6,op5,1,const,,55
p448,,,op7,op6,5,linear3,,45
p448,,,op8,op7,20,linear7,,30
p448,,,op9,op8,80,squared,,10
p449,379.63800000000003,INTERACTIVE,op1,,1,const,,55
p449,,,op2,op1,20,linear7,,30
p449,,,op3,op2,1,const,,55
p449,,,op4,op3,20,linear7,,30
p449,,,op5,op4,40,linear7,,20
p449,,,op6,op5,20,linear7,,30
p450,379.63800000000003,BATCH_PIPELINE,op1,,1,const,,55
p450,,,op2,op1,2,sqrt,,55
p450,,,op3,op1,80,squared,,10
p450,,,op4,op1,5,linear3,,45
p450,,,op5,op1,20,linear7,,30
p450,,,op6,op1,1,const,,55
p450,,,op7,op1,40,linear7,,20
p450,,,op8,op1,80,squared,,10
p450,,,op9,op1,15,linear3,,37.5
p451,389.896,INTERACTIVE,op1,,1,const,,55
p451,,,op2,op1,2,sqrt,,55
p451,,,op3,op2,5,linear3,,45
p451,,,op4,op3,40,linear7,,20
p451,,,op5,op4,40,linear7,,20
p451,,,op6,op5,5,linear3,,45
p452,389.896,BATCH_PIPELINE,op1,,1,const,,55
p452,,,op2,op1,2,sqrt,,55
p452,,,op3,op2,15,linear3,,37.5
p452,,,op4,op3,20,linear7,,30
p452,,,op5,op4,15,linear3,,37.5
p452,,,op6,op5,40,linear7,,20
p453,389.896,BATCH_PIPELINE,op1,,1,const,,55
p453,,,op2,op1,40,linear7,,20
p453,,,op3,op1,2,sqrt,,55
p453,,,op4,op1,15,linear3,,37.5
p453,,,op5,op1,15,linear3,,37.5
p453,,,op6,op1,2,sqrt,,55
p453,,,op7,op1,2,sqrt,,55
p454,389.896,BATCH_PIPELINE,op1,,1,const,,55
p454,,,op2,op1,15,linear3,,37.5
p454,,,op3,op2,5,linear3,,45
p454,,,op4,op3,80,squared,,10
p454,,,op5,op4,15,linear3,,37.5
p454,,,op6,op5,5,linear3,,45
p454,,,op7,op6,80,squared,,10
p454,,,op8,op7,1,const,,55
p455,389.896,BATCH_PIPELINE,op1,,1,const,,55
p455,,,op2,op1,1,const,,55
p455,,,op3,op2,5,linear3,,45
p455,,,op4,op3,80,squared,,10
p455,,,op5,op4,15,linear3,,37.5
p455,,,op6,op5,2,sqrt,,55
p455,,,op7,op6,2,sqrt,,55
p455,,,op8,op7,5,linear3,,45
p455,,,op9,op8,15,linear3,,37.5
p455,,,op10,op9,40,linear7,,20
p455,,,op11,op10,40,linear7,,20
p456,389.896,QUERY,op1,,15,linear3,,35
p457,389.896,BATCH_PIPELINE,op1,,1,const,,55
p457,,,op2,op1,1,const,,55
p457,,,op3,op2,5,linear3,,45
p457,,,op4,op3,15,linear3,,37.5
p457,,,op5,op4,1,const,,55
p458,389.896,BATCH_PIPELINE,op1,,1,const,,55
p458,,,op2,op1,40,linear7,,20
p458,,,op3,op2,20,linear7,,30
p458,,,op4,op3,15,linear3,,37.5
p458,,,op5,op4,2,sqrt,,55
p458,,,op6,op5,2,sqrt,,55
p458,,,op7,op6,5,linear3,,45
p459,389.896,QUERY,op1,,15,linear3,,35
p460,389.896,BATCH_PIPELINE,op1,,1,const,,55
p460,,,op2,op1,40,linear7,,20
p460,,,op3,op2,15,linear3,,37.5
p461,395.708,BATCH_PIPELINE,op1,,1,const,,55
p461,,,op2,op1,15,linear3,,37.5
p461,,,op3,op1,5,linear3,,45
p461,,,op4,op1,2,sqrt,,55
p461,,,op5,op1,80,squared,,10
p461,,,op6,op1,40,linear7,,20
p461,,,op7,op1,20,linear7,,30
p462,395.708,INTERACTIVE,op1,,1,const,,55
p462,,,op2,op1,2,sqrt,,55
p462,,,op3,op2,20,linear7,,30
p462,,,op4,op3,1,const,,55
p462,,,op5,op4,1,const,,55
p463,395.708,BATCH_PIPELINE,op1,,1,const,,55
p463,,,op2,op1,20,linear7,,30
p463,,,op3,op2,80,squared,,10
p463,,,op4,op3,40,linear7,,20
p463,,,op5,op4,5,linear3,,45
p463,,,op6,op5,15,linear3,,37.5
p464,395.708,BATCH_PIPELINE,op1,,1,const,,55
p464,,,op2,op1,15,linear3,,37.5
p464,,,op3,op1,15,linear3,,37.5
p464,,,op4,op1,20,linear7,,30
p464,,,op5,op1,5,linear3,,45
p464,,,op6,op1,5,linear3,,45
p464,,,op7,op1,40,linear7,,20
p464,,,op8,op1,40,linear7,,20
p464,,,op9,op1,20,linear7,,30
p464,,,op10,op1,80,squared,,10
p465,395.708,BATCH_PIPELINE,op1,,1,const,,55
p465,,,op2,op1,80,squared,,10
p465,,,op3,op2,1,const,,55
p465,,,op4,op3,2,sqrt,,55
p465,,,op5,op4,20,linear7,,30
p465,,,op6,op5,15,linear3,,37.5
p465,,,op7,op6,80,squared,,10
p465,,,op8,op7,2,sqrt,,55
p465,,,op9,op8,40,linear7,,20
p465,,,op10,op9,40,linear7,,20
p465,,,op11,op10,20,linear7,,30
p466,395.708,INTERACTIVE,op1,,1,const,,55
p466,,,op2,,20,linear7,,30
p466,,,op3,,20,linear7,,30
p466,,,op4,,20,linear7,,30
p466,,,op5,,15,linear3,,37.5
p466,,,op6,,20,linear7,,30
p466,,,op7,,15,linear3,,37.5
p466,,,op8,,2,sqrt,,55
p466,,,op9,,2,sqrt,,55
p466,,,op10,op1;op2;op3;op4;op5;op6;op7;op8;op9,5,linear3,,45
p467,395.708,BATCH_PIPELINE,op1,,1,const,,55
p467,,,op2,op1,20,linear7,,30
p467,,,op3,op2,2,sqrt,,55
p467,,,op4,op3,80,squared,,10
p467,,,op5,op4,5,linear3,,45
p467,,,op6,op5,5,linear3,,45
p467,,,op7,op6,20,linear7,,30
p468,395.708,BATCH_PIPELINE,op1,,1,const,,55
p468,,,op2,op1,1,const,,55
p468,,,op3,op2,40,linear7,,20
p468,,,op4,op3,80,squared,,10
p468,,,op5,op4,5,linear3,,45
p468,,,op6,op5,15,linear3,,37.5
p469,395.708,BATCH_PIPELINE,op1,,1,const,,55
p469,,,op2,op1,2,sqrt,,55
p469,,,op3,op2,5,linear3,,45
p469,,,op4,op3,2,sqrt,,55
p469,,,op5,op4,15,linear3,,37.5
p469,,,op6,op5,40,linear7,,20
p469,,,op7,op6,5,linear3,,45
p470,395.708,BATCH_PIPELINE,op1,,1,const,,55
p470,,,op2,op1,80,squared,,10
p470,,,op3,op2,15,linear3,,37.5
p470,,,op4,op3,5,linear3,,45
p470,,,op5,op4,20,linear7,,30
p471,404.17,BATCH_PIPELINE,op1,,1,const,,55
p471,,,op2,op1,1,const,,55
p471,,,op3,op2,20,linear7,,30
p471,,,op4,op3,5,linear3,,45
p471,,,op5,op4,5,linear3,,45
p471,,,op6,op5,80,squared,,10
p472,404.17,BATCH_PIPELINE,op1,,1,const,,55
p472,,,op2,,20,linear7,,30
p472,,,op3,,5,linear3,,45
p472,,,op4,,1,const,,55
p472,,,op5,,2,sqrt,,55
p472,,,op6,op1;op2;op3;op4;op5,40,linear7,,20
p473,404.17,BATCH_PIPELINE,op1,,1,const,,55
p473,,,op2,,2,sqrt,,55
p473,,,op3,,80,squared,,10
p473,,,op4,,5,linear3,,45
p473,,,op5,,5,linear3,,45
p473,,,op6,,40,linear7,,20
p473,,,op7,,2,sqrt,,55
p473,,,op8,op1;op2;op3;op4;op5;op6;op7,5,linear3,,45
p474,404.17,BATCH_PIPELINE,op1,,1,const,,55
p474,,,op2,op1,80,squared,,10
p474,,,op3,op2,15,linear3,,37.5
p474,,,op4,op3,1,const,,55
p474,,,op5,op4,15,linear3,,37.5
p474,,,op6,op5,15,linear3,,37.5
p474,,,op7,op6,15,linear3,,37.5
p474,,,op8,op7,15,linear3,,37.5
p475,404.17,QUERY,op1,,15,linear3,,35
p476,404.17,BATCH_PIPELINE,op1,,1,const,,55
p476,,,op2,op1,2,sqrt,,55
p476,,,op3,op2,80,squared,,10
p476,,,op4,op3,2,sqrt,,55
p476,,,op5,op4,15,linear3,,37.5
p476,,,op6,op5,1,const,,55
p476,,,op7,op6,15,linear3,,37.5
p476,,,op8,op7,2,sqrt,,55
p476,,,op9,op8,5,linear3,,45
p477,404.17,BATCH_PIPELINE,op1,,1,const,,55
p477,,,op2,,1,const,,55
p477,,,op3,,80,squared,,10
p477,,,op4,,1,const,,55
p477,,,op5,,80,squared,,10
p477,,,op6,,40,linear7,,20
p477,,,op7,,20,linear7,,30
p477,,,op8,op1;op2;op3;op4;op5;op6;op7,2,sqrt,,55
p478,404.17,QUERY,op1,,15,linear3,,35
p479,404.17,BATCH_PIPELINE,op1,,1,const,,55
p479,,,op2,op1,1,const,,55
p479,,,op3,op1,40,linear7,,20
p479,,,op4,op1,15,linear3,,37.5
p479,,,op5,op1,5,linear3,,45
p479,,,op6,op1,5,linear3,,45
p479,,,op7,op1,15,linear3,,37.5
p479,,,op8,op1,2,sqrt,,55
p480,404.17,BATCH_PIPELINE,op1,,1,const,,55
p480,,,op2,op1,5,linear3,,45
p480,,,op3,op2,1,const,,55
p480,,,op4,op3,15,linear3,,37.5
p480,,,op5,op4,1,const,,55
p480,,,op6,op5,2,sqrt,,55
p480,,,op7,op6,2,sqrt,,55
p480,,,op8,op7,20,linear7,,30
p481,412.355,BATCH_PIPELINE,op1,,1,const,,55
p481,,,op2,op1,15,linear3,,37.5
p481,,,op3,op2,5,linear3,,45
p481,,,op4,op3,5,linear3,,45
p481,,,op5,op4,1,const,,55
p481,,,op6,op5,40,linear7,,20
p481,,,op7,op6,20,linear7,,30
p481,,,op8,op7,5,linear3,,45
p481,,,op9,op8,5,linear3,,45
p481,,,op10,op9,20,linear7,,30
p481,,,op11,op10,1,const,,55
p482,412.355,BATCH_PIPELINE,op1,,1,const,,55
p482,,,op2,op1,20,linear7,,30
p482,,,op3,op2,1,const,,55
p482,,,op4,op3,1,const,,55
p482,,,op5,op4,5,linear3,,45
p483,412.355,BATCH_PIPELINE,op1,,1,const,,55
p483,,,op2,op1,15,linear3,,37.5
p483,,,op3,op1,20,linear7,,30
p483,,,op4,op1,2,sqrt,,55
p483,,,op5,op1,20,linear7,,30
p484,412.355,BATCH_PIPELINE,op1,,1,const,,55
p484,,,op2,op1,1,const,,55
p484,,,op3,op1,80,squared,,10
p484,,,op4,op1,15,linear3,,37.5
p484,,,op5,op1,40,linear7,,20
p484,,,op6,op1,2,sqrt,,55
p484,,,op7,op1,2,sqrt,,55
p485,412.355,BATCH_PIPELINE,op1,,1,const,,55
p485,,,op2,op1,5,linear3,,45
p485,,,op3,op2,2,sqrt,,55
p485,,,op4,op3,1,const,,55
p485,,,op5,op4,15,linear3,,37.5
p485,,,op6,op5,5,linear3,,45
p485,,,op7,op6,2,sqrt,,55
p485,,,op8,op7,80,squared,,10
p486,412.355,BATCH_PIPELINE,op1,,1,const,,55
p486,,,op2,op1,15,linear3,,37.5
p486,,,op3,op2,15,linear3,,37.5
p486,,,op4,op3,1,const,,55
p486,,,op5,op4,80,squared,,10
p486,,,op6,op5,5,linear3,,45
p486,,,op7,op6,20,linear7,,30
p486,,,op8,op7,2,sqrt,,55
p486,,,op9,op8,5,linear3,,45
p486,,,op10,op9,2,sqrt,,55
p487,412.355,INTERACTIVE,op1,,1,const,,55
p487,,,op2,,80,squared,,10
p487,,,op3,,40,linear7,,20
p487,,,op4,,40,linear7,,20
p487,,,op5,,1,const,,55
p487,,,op6,,5,linear3,,45
p487,,,op7,,2,sqrt,,55
p487,,,op8,op1;op2;op3;op4;op5;op6;op7,40,linear7,,20
p488,412.355,BATCH_PIPELINE,op1,,1,const,,55
p488,,,op2,op1,1,const,,55
p488,,,op3,op2,15,linear3,,37.5
p488,,,op4,op3,1,const,,55
p488,,,op5,op4,20,linear7,,30
p489,412.355,BATCH_PIPELINE,op1,,1,const,,55
p489,,,op2,op1,20,linear7,,30
p489,,,op3,op2,5,linear3,,45
p489,,,op4,op3,20,linear7,,30
p489,,,op5,op4,1,const,,55
p489,,,op6,op5,2,sqrt,,55
p489,,,op7,op6,15,linear3,,37.5
p489,,,op8,op7,1,const,,55
p490,412.355,BATCH_PIPELINE,op1,,1,const,,55
p490,,,op2,op1,2,sqrt,,55
p490,,,op3,op2,20,linear7,,30
p490,,,op4,op3,15,linear3,,37.5
p490,,,op5,op4,80,squared,,10
p491,421.371,BATCH_PIPELINE,op1,,1,const,,55
p491,,,op2,,20,linear7,,30
p491,,,op3,,20,linear7,,30
p491,,,op4,,80,squared,,10
p491,,,op5,,2,sqrt,,55
p491,,,op6,,5,linear3,,45
p491,,,op7,op1;op2;op3;op4;op5;op6,5,linear3,,45
p492,421.371,BATCH_PIPELINE,op1,,1,const,,55
p492,,,op2,,40,linear7,,20
p492,,,op3,,2,sqrt,,55
p492,,,op4,,40,linear7,,20
p492,,,op5,,20,linear7,,30
p492,,,op6,,15,linear3,,37.5
p492,,,op7,,5,linear3,,45
p492,,,op8,op1;op2;op3;op4;op5;op6;op7,80,squared,,10
p493,421.371,BATCH_PIPELINE,op1,,1,const,,55
p493,,,op2,,80,squared,,10
p493,,,op3,,20,linear7,,30
p493,,,op4,,2,sqrt,,55
p493,,,op5,,20,linear7,,30
p493,,,op6,,15,linear3,,37.5
p493,,,op7,,5,linear3,,45
p493,,,op8,op1;op2;op3;op4;op5;op6;op7,20,linear7,,30
p494,421.371,BATCH_PIPELINE,op1,,1,const,,55
p494,,,op2,op1,20,linear7,,30
p494,,,op3,op2,15,linear3,,37.5
p494,,,op4,op3,15,linear3,,37.5
p494,,,op5,op4,2,sqrt,,55
p494,,,op6,op5,80,squared,,10
p494,,,op7,op6,2,sqrt,,55
p494,,,op8,op7,20,linear7,,30
p495,421.371,BATCH_PIPELINE,op1,,1,const,,55
p495,,,op2,op1,2,sqrt,,55
p495,,,op3,op2,2,sqrt,,55
p495,,,op4,op3,15,linear3,,37.5
p495,,,op5,op4,1,const,,55
p495,,,op6,op5,5,linear3,,45
p495,,,op7,op6,1,const,,55
p495,,,op8,op7,15,linear3,,37.5
p495,,,op9,op8,5,linear3,,45
p495,,,op10,op9,1,const,,55
p495,,,op11,op10,40,linear7,,20
p496,421.371,BATCH_PIPELINE,op1,,1,const,,55
p496,,,op2,op1,80,squared,,10
p496,,,op3,op1,20,linear7,,30
p496,,,op4,op1,2,sqrt,,55
p496,,,op5,op1,2,sqrt,,55
p496,,,op6,op1,20,linear7,,30
p496,,,op7,op1,5,linear3,,45
p496,,,op8,op1,5,linear3,,45
p496,,,op9,op1,40,linear7,,20
p497,421.371,BATCH_PIPELINE,op1,,1,const,,55
p497,,,op2,op1,20,linear7,,30
p497,,,op3,op2,5,linear3,,45
p497,,,op4,op3,5,linear3,,45
p497,,,op5,op4,1,const,,55
p497,,,op6,op5,2,sqrt,,55
p497,,,op7,op6,15,linear3,,37.5
p497,,,op8,op7,5,linear3,,45
p498,421.371,BATCH_PIPELINE,op1,,1,const,,55
p498,,,op2,op1,5,linear3,,45
p498,,,op3,op2,15,linear3,,37.5
p498,,,op4,op3,2,sqrt,,55
p498,,,op5,op4,80,squared,,10
p498,,,op6,op5,40,linear7,,20
p498,,,op7,op6,15,linear3,,37.5
p498,,,op8,op7,80,squared,,10
p498,,,op9,op8,1,const,,55
p498,,,op10,op9,15,linear3,,37.5
p499,421.371,BATCH_PIPELINE,op1,,1,const,,55
p499,,,op2,op1,1,const,,55
p499,,,op3,op2,20,linear7,,30
p499,,,op4,op3,40,linear7,,20
p499,,,op5,op4,15,linear3,,37.5
p499,,,op6,op5,1,const,,55
p500,421.371,BATCH_PIPELINE,op1,,1,const,,55
p500,,,op2,op1,1,const,,55
p500,,,op3,op2,40,linear7,,20
p500,,,op4,op3,15,linear3,,37.5
p500,,,op5,op4,2,sqrt,,55
p500,,,op6,op5,40,linear7,,20
p500,,,op7,op6,2,sqrt,,55
p500,,,op8,op7,2,sqrt,,55
p500,,,op9,op8,15,linear3,,37.5
p501,434.379,INTERACTIVE,op1,,1,const,,55
p501,,,op2,op1,40,linear7,,20
p501,,,op3,op2,2,sqrt,,55
p501,,,op4,op3,20,linear7,,30
p501,,,op5,op4,5,linear3,,45
p501,,,op6,op5,20,linear7,,30
p501,,,op7,op6,15,linear3,,37.5
p501,,,op8,op7,20,linear7,,30
p502,434.379,INTERACTIVE,op1,,1,const,,55
p503,434.379,INTERACTIVE,op1,,1,const,,55
p503,,,op2,,80,squared,,10
p503,,,op3,,20,linear7,,30
p503,,,op4,,20,linear7,,30
p503,,,op5,,40,linear7,,20
p503,,,op6,,20,linear7,,30
p503,,,op7,,2,sqrt,,55
p503,,,op8,op1;op2;op3;op4;op5;op6;op7,1,const,,55
p504,434.379,BATCH_PIPELINE,op1,,1,const,,55
p504,,,op2,op1,20,linear7,,30
p504,,,op3,op2,15,linear3,,37.5
p504,,,op4,op3,40,linear7,,20
p504,,,op5,op4,5,linear3,,45
p504,,,op6,op5,20,linear7,,30
p504,,,op7,op6,20,linear7,,30
p504,,,op8,op7,80,squared,,10
p504,,,op9,op8,1,const,,55
p505,434.379,BATCH_PIPELINE,op1,,1,const,,55
p505,,,op2,op1,80,squared,,10
p505,,,op3,op2,15,linear3,,37.5
p505,,,op4,op3,5,linear3,,45
p505,,,op5,op4,20,linear7,,30
p505,,,op6,op5,20,linear7,,30
p505,,,op7,op6,5,linear3,,45
p506,434.379,BATCH_PIPELINE,op1,,1,const,,55
p506,,,op2,op1,20,linear7,,30
p506,,,op3,op2,15,linear3,,37.5
p506,,,op4,op3,15,linear3,,37.5
p506,,,op5,op4,20,linear7,,30
p506,,,op6,op5,5,linear3,,45
p506,,,op7,op6,15,linear3,,37.5
p506,,,op8,op7,2,sqrt,,55
p506,,,op9,op8,40,linear7,,20
p506,,,op10,op9,1,const,,55
p507,434.379,BATCH_PIPELINE,op1,,1,const,,55
p507,,,op2,op1,5,linear3,,45
p507,,,op3,op2,2,sqrt,,55
p507,,,op4,op3,5,linear3,,45
p507,,,op5,op4,80,squared,,10
p507,,,op6,op5,1,const,,55
p507,,,op7,op6,2,sqrt,,55
p507,,,op8,op7,80,squared,,10
p508,434.379,BATCH_PIPELINE,op1,,1,const,,55
p508,,,op2,op1,15,linear3,,37.5
p508,,,op3,op2,20,linear7,,30
p508,,,op4,op3,80,squared,,10
p508,,,op5,op4,15,linear3,,37.5
p509,434.379,BATCH_PIPELINE,op1,,1,const,,55
p509,,,op2,op1,2,sqrt,,55
p509,,,op3,op2,1,const,,55
p509,,,op4,op3,1,const,,55
p509,,,op5,op4,2,sqrt,,55
p509,,,op6,op5,1,const,,55
p509,,,op7,op6,15,linear3,,37.5
p509,,,op8,op7,1,const,,55
p509,,,op9,op8,1,const,,55
p510,434.379,BATCH_PIPELINE,op1,,1,const,,55
p510,,,op2,op1,80,squared,,10
p510,,,op3,op2,2,sqrt,,55
p510,,,op4,op3,20,linear7,,30
p510,,,op5,op4,15,linear3,,37.5
p510,,,op6,op5,15,linear3,,37.5
p510,,,op7,op6,2,sqrt,,55
p511,443.247,BATCH_PIPELINE,op1,,1,const,,55
p511,,,op2,op1,2,sqrt,,55
p511,,,op3,op2,40,linear7,,20
p511,,,op4,op3,20,linear7,,30
p511,,,op5,op4,5,linear3,,45
p511,,,op6,op5,15,linear3,,37.5
p511,,,op7,op6,15,linear3,,37.5
p511,,,op8,op7,2,sqrt,,55
p512,443.247,QUERY,op1,,15,linear3,,35
p513,443.247,INTERACTIVE,op1,,1,const,,55
p513,,,op2,op1,5,linear3,,45
p513,,,op3,op2,20,linear7,,30
p513,,,op4,op3,5,linear3,,45
p513,,,op5,op4,80,squared,,10
p513,,,op6,op5,40,linear7,,20
p514,443.247,BATCH_PIPELINE,op1,,1,const,,55
p514,,,op2,op1,2,sqrt,,55
p514,,,op3,op1,1,const,,55
p514,,,op4,op1,5,linear3,,45
p514,,,op5,op1,20,linear7,,30
p514,,,op6,op1,15,linear3,,37.5
p514,,,op7,op1,15,linear3,,37.5
p514,,,op8,op1,40,linear7,,20
p514,,,op9,op1,15,linear3,,37.5
p515,443.247,BATCH_PIPELINE,op1,,1,const,,55
p515,,,op2,op1,80,squared,,10
p515,,,op3,op2,15,linear3,,37.5
p515,,,op4,op3,2,sqrt,,55
p515,,,op5,op4,2,sqrt,,55
p515,,,op6,op5,2,sqrt,,55
p516,443.247,BATCH_PIPELINE,op1,,1,const,,55
p516,,,op2,,5,linear3,,45
p516,,,op3,,5,linear3,,45
p516,,,op4,,40,linear7,,20
p516,,,op5,op1;op2;op3;op4,15,linear3,,37.5
p517,443.247,BATCH_PIPELINE,op1,,1,const,,55
p517,,,op2,op1,15,linear3,,37.5
p517,,,op3,op2,20,linear7,,30
p517,,,op4,op3,15,linear3,,37.5
p517,,,op5,op4,40,linear7,,20
p517,,,op6,op5,15,linear3,,37.5
p518,443.247,BATCH_PIPELINE,op1,,1,const,,55
p518,,,op2,,15,linear3,,37.5
p518,,,op3,,20,linear7,,30
p518,,,op4,,20,linear7,,30
p518,,,op5,,20,linear7,,30
p518,,,op6,,5,linear3,,45
p518,,,op7,op1;op2;op3;op4;op5;op6,2,sqrt,,55
p519,443.247,BATCH_PIPELINE,op1,,1,const,,55
p519,,,op2,op1,40,linear7,,20
p519,,,op3,op1,2,sqrt,,55
p519,,,op4,op1,5,linear3,,45
p519,,,op5,op1,80,squared,,10
p519,,,op6,op1,20,linear7,,30
p519,,,op7,op1,5,linear3,,45
p519,,,op8,op1,15,linear3,,37.5
p520,443.247,QUERY,op1,,15,linear3,,35
p521,446.07,BATCH_PIPELINE,op1,,1,const,,55
p521,,,op2,op1,15,linear3,,37.5
p521,,,op3,op2,40,linear7,,20
p521,,,op4,op3,5,linear3,,45
p521,,,op5,op4,2,sqrt,,55
p521,,,op6,op5,15,linear3,,37.5
p521,,,op7,op6,5,linear3,,45
p522,446.07,INTERACTIVE,op1,,1,const,,55
p522,,,op2,op1,1,const,,55
p522,,,op3,op2,5,linear3,,45
p522,,,op4,op3,15,linear3,,37.5
p522,,,op5,op4,5,linear3,,45
p522,,,op6,op5,40,linear7,,20
p522,,,op7,op6,40,linear7,,20
p523,446.07,BATCH_PIPELINE,op1,,1,const,,55
p523,,,op2,op1,5,linear3,,45
p523,,,op3,op2,15,linear3,,37.5
p523,,,op4,op3,5,linear3,,45
p523,,,op5,op4,15,linear3,,37.5
p523,,,op6,op5,20,linear7,,30
p523,,,op7,op6,1,const,,55
p524,446.07,BATCH_PIPELINE,op1,,1,const,,55
p524,,,op2,op1,15,linear3,,37.5
p524,,,op3,op2,20,linear7,,30
p524,,,op4,op3,1,const,,55
p525,446.07,BATCH_PIPELINE,op1,,1,const,,55
p525,,,op2,op1,20,linear7,,30
p525,,,op3,op2,2,sqrt,,55
p525,,,op4,op3,5,linear3,,45
p525,,,op5,op4,15,linear3,,37.5
p525,,,op6,op5,80,squared,,10
p526,446.07,INTERACTIVE,op1,,1,const,,55
p526,,,op2,op1,20,linear7,,30
p526,,,op3,op2,2,sqrt,,55
p526,,,op4,op3,40,linear7,,20
p526,,,op5,op4,1,const,,55
p526,,,op6,op5,80,squared,,10
p526,,,op7,op6,20,linear7,,30
p526,,,op8,op7,1,const,,55
p526,,,op9,op8,5,linear3,,45
p526,,,op10,op9,20,linear7,,30
p526,,,op11,op10,15,linear3,,37.5
p527,446.07,BATCH_PIPELINE,op1,,1,const,,55
p527,,,op2,op1,15,linear3,,37.5
p527,,,op3,op2,15,linear3,,37.5
p527,,,op4,op3,5,linear3,,45
p527,,,op5,op4,40,linear7,,20
p527,,,op6,op5,2,sqrt,,55
p528,446.07,BATCH_PIPELINE,op1,,1,const,,55
p528,,,op2,,1,const,,55
p528,,,op3,,15,linear3,,37.5
p528,,,op4,,80,squared,,10
p528,,,op5,,20,linear7,,30
p528,,,op6,,1,const,,55
p528,,,op7,,1,const,,55
p528,,,op8,op1;op2;op3;op4;op5;op6;op7,20,linear7,,30
p529,446.07,BATCH_PIPELINE,op1,,1,const,,55
p529,,,op2,op1,15,linear3,,37.5
p529,,,op3,op2,20,linear7,,30
p529,,,op4,op3,5,linear3,,45
p529,,,op5,op4,5,linear3,,45
p529,,,op6,op5,15,linear3,,37.5
p529,,,op7,op6,20,linear7,,30
p529,,,op8,op7,15,linear3,,37.5
p529,,,op9,op8,40,linear7,,20
p529,,,op10,op9,5,linear3,,45
p530,446.07,BATCH_PIPELINE,op1,,1,const,,55
p530,,,op2,,5,linear3,,45
p530,,,op3,,15,linear3,,37.5
p530,,,op4,,15,linear3,,37.5
p530,,,op5,,5,linear3,,45
p530,,,op6,,15,linear3,,37.5
p530,,,op7,,15,linear3,,37.5
p530,,,op8,,15,linear3,,37.5
p530,,,op9,,1,const,,55
p530,,,op10,,80,squared,,10
p530,,,op11,op1;op2;op3;op4;op5;op6;op7;op8;op9;op10,5,linear3,,45
p531,456.377,BATCH_PIPELINE,op1,,1,const,,55
p531,,,op2,op1,80,squared,,10
p531,,,op3,op2,5,linear3,,45
p531,,,op4,op3,20,linear7,,30
p531,,,op5,op4,2,sqrt,,55
p531,,,op6,op5,5,linear3,,45
p531,,,op7,op6,5,linear3,,45
p532,456.377,BATCH_PIPELINE,op1,,1,const,,55
p532,,,op2,,1,const,,55
p532,,,op3,,2,sqrt,,55
p532,,,op4,op1;op2;op3,2,sqrt,,55
p533,456.377,BATCH_PIPELINE,op1,,1,const,,55
p533,,,op2,op1,2,sqrt,,55
p533,,,op3,op2,40,linear7,,20
p533,,,op4,op3,20,linear7,,30
p533,,,op5,op4,15,linear3,,37.5
p533,,,op6,op5,2,sqrt,,55
p534,456.377,BATCH_PIPELINE,op1,,1,const,,55
p534,,,op2,op1,20,linear7,,30
p534,,,op3,op2,40,linear7,,20
p534,,,op4,op3,20,linear7,,30
p534,,,op5,op4,2,sqrt,,55
p535,456.377,BATCH_PIPELINE,op1,,1,const,,55
p535,,,op2,op1,80,squared,,10
p535,,,op3,op2,1,const,,55
p535,,,op4,op3,5,linear3,,45
p535,,,op5,op4,40,linear7,,20
p535,,,op6,op5,1,const,,55
p535,,,op7,op6,2,sqrt,,55
p536,456.377,BATCH_PIPELINE,op1,,1,const,,55
p536,,,op2,op1,20,linear7,,30
p536,,,op3,op2,20,linear7,,30
p536,,,op4,op3,20,linear7,,30
p536,,,op5,op4,2,sqrt,,55
p536,,,op6,op5,15,linear3,,37.5
p536,,,op7,op6,2,sqrt,,55
p537,456.377,BATCH_PIPELINE,op1,,1,const,,55
p537,,,op2,op1,1,const,,55
p537,,,op3,op2,15,linear3,,37.5
p537,,,op4,op3,1,const,,55
p537,,,op5,op4,1,const,,55
p537,,,op6,op5,2,sqrt,,55
p537,,,op7,op6,5,linear3,,45
p537,,,op8,op7,40,linear7,,20
p537,,,op9,op8,20,linear7,,30
p537,,,op10,op9,20,linear7,,30
p537,,,op11,op10,2,sqrt,,55
p537,,,op12,op11,5,linear3,,45
p538,456.377,BATCH_PIPELINE,op1,,1,const,,55
p538,,,op2,op1,20,linear7,,30
p538,,,op3,op2,5,linear3,,45
p538,,,op4,op3,15,linear3,,37.5
p538,,,op5,op4,80,squared,,10
p538,,,op6,op5,5,linear3,,45
p539,456.377,BATCH_PIPELINE,op1,,1,const,,55
p539,,,op2,op1,1,const,,55
p539,,,op3,op2,2,sqrt,,55
p539,,,op4,op3,2,sqrt,,55
p539,,,op5,op4,15,linear3,,37.5
p539,,,op6,op5,20,linear7,,30
p539,,,op7,op6,40,linear7,,20
p539,,,op8,op7,15,linear3,,37.5
p539,,,op9,op8,5,linear3,,45
p540,456.377,BATCH_PIPELINE,op1,,1,const,,55
p540,,,op2,op1,15,linear3,,37.5
p540,,,op3,op2,80,squared,,10
p540,,,op4,op3,40,linear7,,20
p540,,,op5,op4,20,linear7,,30
p540,,,op6,op5,2,sqrt,,55
p540,,,op7,op6,5,linear3,,45
p540,,,op8,op7,15,linear3,,37.5
p541,463.633,QUERY,op1,,15,linear3,,35
p542,463.633,BATCH_PIPELINE,op1,,1,const,,55
p542,,,op2,op1,15,linear3,,37.5
p542,,,op3,op2,1,const,,55
p542,,,op4,op3,15,linear3,,37.5
p542,,,op5,op4,15,linear3,,37.5
p543,463.633,BATCH_PIPELINE,op1,,1,const,,55
p543,,,op2,op1,15,linear3,,37.5
p543,,,op3,op2,1,const,,55
p543,,,op4,op3,1,const,,55
p543,,,op5,op4,40,linear7,,20
p543,,,op6,op5,40,linear7,,20
p543,,,op7,op6,15,linear3,,37.5
p544,463.633,BATCH_PIPELINE,op1,,1,const,,55
p544,,,op2,op1,2,sqrt,,55
p544,,,op3,op2,80,squared,,10
p544,,,op4,op3,20,linear7,,30
p544,,,op5,op4,5,linear3,,45
p544,,,op6,op5,2,sqrt,,55
p544,,,op7,op6,15,linear3,,37.5
p544,,,op8,op7,1,const,,55
p544,,,op9,op8,20,linear7,,30
p544,,,op10,op9,2,sqrt,,55
p545,463.633,BATCH_PIPELINE,op1,,1,const,,55
p545,,,op2,op1,2,sqrt,,55
p545,,,op3,op2,5,linear3,,45
p545,,,op4,op3,80,squared,,10
p545,,,op5,op4,40,linear7,,20
p545,,,op6,op5,15,linear3,,37.5
p546,463.633,BATCH_PIPELINE,op1,,1,const,,55
p546,,,op2,op1,2,sqrt,,55
p546,,,op3,op2,15,linear3,,37.5
p546,,,op4,op3,1,const,,55
p546,,,op5,op4,40,linear7,,20
p546,,,op6,op5,80,squared,,10
p546,,,op7,op6,15,linear3,,37.5
p546,,,op8,op7,1,const,,55
p546,,,op9,op8,20,linear7,,30
p547,463.633,BATCH_PIPELINE,op1,,1,const,,55
p547,,,op2,op1,15,linear3,,37.5
p547,,,op3,op2,5,linear3,,45
p547,,,op4,op3,2,sqrt,,55
p547,,,op5,op4,15,linear3,,37.5
p547,,,op6,op5,5,linear3,,45
p548,463.633,BATCH_PIPELINE,op1,,1,const,,55
p548,,,op2,op1,5,linear3,,45
p548,,,op3,op2,1,const,,55
p548,,,op4,op3,40,linear7,,20
p548,,,op5,op4,1,const,,55
p548,,,op6,op5,5,linear3,,45
p548,,,op7,op6,2,sqrt,,55
p549,463.633,BATCH_PIPELINE,op1,,1,const,,55
p549,,,op2,op1,2,sqrt,,55
p549,,,op3,op1,20,linear7,,30
p549,,,op4,op1,15,linear3,,37.5
p549,,,op5,op1,1,const,,55
p549,,,op6,op1,80,squared,,10
p549,,,op7,op1,1,const,,55
p549,,,op8,op1,20,linear7,,30
p549,,,op9,op1,15,linear3,,37.5
p550,463.633,BATCH_PIPELINE,op1,,1,const,,55
p550,,,op2,op1,1,const,,55
p550,,,op3,op2,15,linear3,,37.5
p550,,,op4,op3,5,linear3,,45
p550,,,op5,op4,2,sqrt,,55
p550,,,op6,op5,20,linear7,,30
p550,,,op7,op6,40,linear7,,20
p551,471.861,INTERACTIVE,op1,,1,const,,55
p551,,,op2,op1,15,linear3,,37.5
p551,,,op3,op2,15,linear3,,37.5
p551,,,op4,op3,5,linear3,,45
p551,,,op5,op4,20,linear7,,30
p551,,,op6,op5,20,linear7,,30
p551,,,op7,op6,1,const,,55
p551,,,op8,op7,1,const,,55
p552,471.861,BATCH_PIPELINE,op1,,1,const,,55
p552,,,op2,op1,20,linear7,,30
p552,,,op3,op2,1,const,,55
p552,,,op4,op3,1,const,,55
p552,,,op5,op4,80,squared,,10
p552,,,op6,op5,15,linear3,,37.5
p553,471.861,QUERY,op1,,15,linear3,,35
p554,471.861,BATCH_PIPELINE,op1,,1,const,,55
p554,,,op2,op1,20,linear7,,30
p554,,,op3,op2,2,sqrt,,55
p554,,,op4,op3,40,linear7,,20
p554,,,op5,op4,5,linear3,,45
p554,,,op6,op5,2,sqrt,,55
p555,471.861,BATCH_PIPELINE,op1,,1,const,,55
p555,,,op2,op1,5,linear3,,45
p556,471.861,BATCH_PIPELINE,op1,,1,const,,55
p556,,,op2,op1,20,linear7,,30
p556,,,op3,op2,40,linear7,,20
p556,,,op4,op3,15,linear3,,37.5
p557,471.861,BATCH_PIPELINE,op1,,1,const,,55
p557,,,op2,op1,2,sqrt,,55
p557,,,op3,op2,1,const,,55
p557,,,op4,op3,1,const,,55
p557,,,op5,op4,15,linear3,,37.5
p558,471.861,BATCH_PIPELINE,op1,,1,const,,55
p558,,,op2,,1,const,,55
p558,,,op3,,40,linear7,,20
p558,,,op4,,40,linear7,,20
p558,,,op5,,2,sqrt,,55
p558,,,op6,,15,linear3,,37.5
p558,,,op7,,40,linear7,,20
p558,,,op8,op1;op2;op3;op4;op5;op6;op7,20,linear7,,30
p559,471.861,BATCH_PIPELINE,op1,,1,const,,55
p559,,,op2,op1,15,linear3,,37.5
p559,,,op3,op2,15,linear3,,37.5
p559,,,op4,op3,5,linear3,,45
p559,,,op5,op4,5,linear3,,45
p559,,,op6,op5,15,linear3,,37.5
p559,,,op7,op6,15,linear3,,37.5
p559,,,op8,op7,2,sqrt,,55
p559,,,op9,op8,20,linear7,,30
p559,,,op10,op9,2,sqrt,,55
p560,471.861,QUERY,op1,,15,linear3,,35
p561,480.197,BATCH_PIPELINE,op1,,1,const,,55
p561,,,op2,op1,2,sqrt,,55
p561,,,op3,op2,40,linear7,,20
p562,480.197,BATCH_PIPELINE,op1,,1,const,,55
p562,,,op2,op1,5,linear3,,45
p562,,,op3,op1,40,linear7,,20
p562,,,op4,op1,15,linear3,,37.5
p562,,,op5,op1,20,linear7,,30
p562,,,op6,op1,15,linear3,,37.5
p562,,,op7,op1,20,linear7,,30
p563,480.197,BATCH_PIPELINE,op1,,1,const,,55
p563,,,op2,op1,15,linear3,,37.5
p563,,,op3,op2,5,linear3,,45
p563,,,op4,op3,20,linear7,,30
p563,,,op5,op4,40,linear7,,20
p563,,,op6,op5,2,sqrt,,55
p564,480.197,BATCH_PIPELINE,op1,,1,const,,55
p564,,,op2,op1,15,linear3,,37.5
p564,,,op3,op1,20,linear7,,30
p564,,,op4,op1,1,const,,55
p564,,,op5,op1,15,linear3,,37.5
p565,480.197,QUERY,op1,,15,linear3,,35
p566,480.197,BATCH_PIPELINE,op1,,1,const,,55
p566,,,op2,op1,2,sqrt,,55
p566,,,op3,op2,2,sqrt,,55
p566,,,op4,op3,2,sqrt,,55
p566,,,op5,op4,80,squared,,10
p566,,,op6,op5,40,linear7,,20
p566,,,op7,op6,5,linear3,,45
p566,,,op8,op7,15,linear3,,37.5
p566,,,op9,op8,2,sqrt,,55
p566,,,op10,op9,20,linear7,,30
p567,480.197,BATCH_PIPELINE,op1,,1,const,,55
p567,,,op2,op1,5,linear3,,45
p567,,,op3,op2,5,linear3,,45
p567,,,op4,op3,15,linear3,,37.5
p567,,,op5,op4,20,linear7,,30
p567,,,op6,op5,80,squared,,10
p567,,,op7,op6,20,linear7,,30
p568,480.197,BATCH_PIPELINE,op1,,1,const,,55
p568,,,op2,op1,20,linear7,,30
p568,,,op3,op2,15,linear3,,37.5
p568,,,op4,op3,1,const,,55
p568,,,op5,op4,5,linear3,,45
p568,,,op6,op5,15,linear3,,37.5
p568,,,op7,op6,5,linear3,,45
p569,480.197,INTERACTIVE,op1,,1,const,,55
p569,,,op2,op1,20,linear7,,30
p569,,,op3,op2,15,linear3,,37.5
p569,,,op4,op3,2,sqrt,,55
p569,,,op5,op4,15,linear3,,37.5
p569,,,op6,op5,15,linear3,,37.5
p569,,,op7,op6,1,const,,55
p569,,,op8,op7,5,linear3,,45
p570,480.197,BATCH_PIPELINE,op1,,1,const,,55
p570,,,op2,op1,5,linear3,,45
p570,,,op3,op2,20,linear7,,30
p570,,,op4,op3,5,linear3,,45
p570,,,op5,op4,1,const,,55
p570,,,op6,op5,5,linear3,,45
p570,,,op7,op6,40,linear7,,20
p570,,,op8,op7,1,const,,55
p571,489.451,BATCH_PIPELINE,op1,,1,const,,55
p571,,,op2,op1,1,const,,55
p571,,,op3,op1,80,squared,,10
p571,,,op4,op1,15,linear3,,37.5
p571,,,op5,op1,15,linear3,,37.5
p571,,,op6,op1,40,linear7,,20
p572,489.451,BATCH_PIPELINE,op1,,1,const,,55
p572,,,op2,,20,linear7,,30
p572,,,op3,,2,sqrt,,55
p572,,,op4,,1,const,,55
p572,,,op5,,15,linear3,,37.5
p572,,,op6,op1;op2;op3;op4;op5,1,const,,55
p573,489.451,INTERACTIVE,op1,,1,const,,55
p573,,,op2,op1,5,linear3,,45
p573,,,op3,op2,1,const,,55
p573,,,op4,op3,2,sqrt,,55
p573,,,op5,op4,40,linear7,,20
p573,,,op6,op5,80,squared,,10
p573,,,op7,op6,40,linear7,,20
p573,,,op8,op7,15,linear3,,37.5
p574,489.451,BATCH_PIPELINE,op1,,1,const,,55
p574,,,op2,op1,5,linear3,,45
p574,,,op3,op2,80,squared,,10
p574,,,op4,op3,40,linear7,,20
p574,,,op5,op4,1,const,,55
p574,,,op6,op5,2,sqrt,,55
p575,489.451,BATCH_PIPELINE,op1,,1,const,,55
p575,,,op2,op1,80,squared,,10
p575,,,op3,op2,2,sqrt,,55
p575,,,op4,op3,15,linear3,,37.5
p575,,,op5,op4,20,linear7,,30
p575,,,op6,op5,15,linear3,,37.5
p575,,,op7,op6,15,linear3,,37.5
p576,489.451,BATCH_PIPELINE,op1,,1,const,,55
p576,,,op2,op1,15,linear3,,37.5
p576,,,op3,op2,20,linear7,,30
p576,,,op4,op3,80,squared,,10
p576,,,op5,op4,40,linear7,,20
p576,,,op6,op5,15,linear3,,37.5
p576,,,op7,op6,1,const,,55
p576,,,op8,op7,2,sqrt,,55
p577,489.451,INTERACTIVE,op1,,1,const,,55
p577,,,op2,op1,2,sqrt,,55
p577,,,op3,op2,2,sqrt,,55
p577,,,op4,op3,1,const,,55
p577,,,op5,op4,15,linear3,,37.5
p577,,,op6,op5,1,const,,55
p577,,,op7,op6,2,sqrt,,55
p577,,,op8,op7,5,linear3,,45
p578,489.451,BATCH_PIPELINE,op1,,1,const,,55
p578,,,op2,op1,5,linear3,,45
p578,,,op3,op2,5,linear3,,45
p578,,,op4,op3,20,linear7,,30
p578,,,op5,op4,2,sqrt,,55
p578,,,op6,op5,2,sqrt,,55
p578,,,op7,op6,40,linear7,,20
p578,,,op8,op7,20,linear7,,30
p579,489.451,BATCH_PIPELINE,op1,,1,const,,55
p579,,,op2,,40,linear7,,20
p579,,,op3,,15,linear3,,37.5
p579,,,op4,,40,linear7,,20
p579,,,op5,,15,linear3,,37.5
p579,,,op6,,15,linear3,,37.5
p579,,,op7,,5,linear3,,45
p579,,,op8,,15,linear3,,37.5
p579,,,op9,op1;op2;op3;op4;op5;op6;op7;op8,5,linear3,,45
p580,489.451,BATCH_PIPELINE,op1,,1,const,,55
p580,,,op2,op1,80,squared,,10
p580,,,op3,op2,2,sqrt,,55
p580,,,op4,op3,5,linear3,,45
p581,496.466,INTERACTIVE,op1,,1,const,,55
p581,,,op2,op1,40,linear7,,20
p581,,,op3,op1,5,linear3,,45
p581,,,op4,op1,40,linear7,,20
p581,,,op5,op1,40,linear7,,20
p581,,,op6,op1,40,linear7,,20
p582,496.466,INTERACTIVE,op1,,1,const,,55
p582,,,op2,op1,20,linear7,,30
p582,,,op3,op2,2,sqrt,,55
p582,,,op4,op3,15,linear3,,37.5
p582,,,op5,op4,80,squared,,10
p582,,,op6,op5,80,squared,,10
p582,,,op7,op6,80,squared,,10
p582,,,op8,op7,40,linear7,,20
p582,,,op9,op8,2,sqrt,,55
p582,,,op10,op9,20,linear7,,30
p582,,,op11,op10,2,sqrt,,55
p582,,,op12,op11,1,const,,55
p582,,,op13,op12,20,linear7,,30
p582,,,op14,op13,20,linear7,,30
p583,496.466,BATCH_PIPELINE,op1,,1,const,,55
p583,,,op2,op1,2,sqrt,,55
p583,,,op3,op1,5,linear3,,45
p583,,,op4,op1,1,const,,55
p583,,,op5,op1,1,const,,55
p583,,,op6,op1,20,linear7,,30
p583,,,op7,op1,2,sqrt,,55
p583,,,op8,op1,20,linear7,,30
p584,496.466,BATCH_PIPELINE,op1,,1,const,,55
p584,,,op2,op1,2,sqrt,,55
p584,,,op3,op2,1,const,,55
p584,,,op4,op3,15,linear3,,37.5
p584,,,op5,op4,5,linear3,,45
p584,,,op6,op5,5,linear3,,45
p585,496.466,BATCH_PIPELINE,op1,,1,const,,55
p585,,,op2,op1,2,sqrt,,55
p585,,,op3,op2,40,linear7,,20
p585,,,op4,op3,15,linear3,,37.5
p586,496.466,BATCH_PIPELINE,op1,,1,const,,55
p586,,,op2,op1,40,linear7,,20
p586,,,op3,op2,80,squared,,10
p586,,,op4,op3,20,linear7,,30
p586,,,op5,op4,2,sqrt,,55
p586,,,op6,op5,15,linear3,,37.5
p587,496.466,BATCH_PIPELINE,op1,,1,const,,55
p587,,,op2,op1,2,sqrt,,55
p587,,,op3,op2,15,linear3,,37.5
p587,,,op4,op3,20,linear7,,30
p587,,,op5,op4,15,linear3,,37.5
p587,,,op6,op5,2,sqrt,,55
p587,,,op7,op6,2,sqrt,,55
p587,,,op8,op7,40,linear7,,20
p588,496.466,BATCH_PIPELINE,op1,,1,const,,55
p588,,,op2,op1,15,linear3,,37.5
p588,,,op3,op2,5,linear3,,45
p588,,,op4,op3,40,linear7,,20
p588,,,op5,op4,20,linear7,,30
p588,,,op6,op5,2,sqrt,,55
p588,,,op7,op6,2,sqrt,,55
p588,,,op8,op7,20,linear7,,30
p588,,,op9,op8,5,linear3,,45
p588,,,op10,op9,15,linear3,,37.5
p588,,,op11,op10,40,linear7,,20
p589,496.466,BATCH_PIPELINE,op1,,1,const,,55
p589,,,op2,op1,15,linear3,,37.5
p589,,,op3,op1,20,linear7,,30
p589,,,op4,op1,1,const,,55
p589,,,op5,op1,2,sqrt,,55
p589,,,op6,op1,2,sqrt,,55
p589,,,op7,op1,15,linear3,,37.5
p589,,,op8,op1,80,squared,,10
p589,,,op9,op1,80,squared,,10
p589,,,op10,op1,2,sqrt,,55
p590,496.466,BATCH_PIPELINE,op1,,1,const,,55
p590,,,op2,op1,15,linear3,,37.5
p590,,,op3,op2,15,linear3,,37.5
p590,,,op4,op3,80,squared,,10
p590,,,op5,op4,40,linear7,,20
p590,,,op6,op5,2,sqrt,,55
p590,,,op7,op6,20,linear7,,30
p590,,,op8,op7,20,linear7,,30
p590,,,op9,op8,15,linear3,,37.5
p591,508.012,BATCH_PIPELINE,op1,,1,const,,55
p591,,,op2,op1,1,const,,55
p591,,,op3,op2,15,linear3,,37.5
p591,,,op4,op3,2,sqrt,,55
p591,,,op5,op4,1,const,,55
p591,,,op6,op5,80,squared,,10
p591,,,op7,op6,20,linear7,,30
p591,,,op8,op7,15,linear3,,37.5
p592,508.012,BATCH_PIPELINE,op1,,1,const,,55
p592,,,op2,op1,2,sqrt,,55
p592,,,op3,op2,15,linear3,,37.5
p592,,,op4,op3,20,linear7,,30
p592,,,op5,op4,1,const,,55
p592,,,op6,op5,15,linear3,,37.5
p592,,,op7,op6,5,linear3,,45
p592,,,op8,op7,5,linear3,,45
p593,508.012,INTERACTIVE,op1,,1,const,,55
p593,,,op2,,5,linear3,,45
p593,,,op3,,20,linear7,,30
p593,,,op4,,80,squared,,10
p593,,,op5,,5,linear3,,45
p593,,,op6,,80,squared,,10
p593,,,op7,,15,linear3,,37.5
p593,,,op8,op1;op2;op3;op4;op5;op6;op7,80,squared,,10
p594,508.012,BATCH_PIPELINE,op1,,1,const,,55
p594,,,op2,op1,2,sqrt,,55
p594,,,op3,op2,15,linear3,,37.5
p594,,,op4,op3,20,linear7,,30
p594,,,op5,op4,15,linear3,,37.5
p594,,,op6,op5,5,linear3,,45
p594,,,op7,op6,5,linear3,,45
p594,,,op8,op7,40,linear7,,20
p595,508.012,BATCH_PIPELINE,op1,,1,const,,55
p595,,,op2,op1,15,linear3,,37.5
p595,,,op3,op2,80,squared,,10
p595,,,op4,op3,40,linear7,,20
p595,,,op5,op4,1,const,,55
p595,,,op6,op5,5,linear3,,45
p596,508.012,BATCH_PIPELINE,op1,,1,const,,55
p596,,,op2,op1,1,const,,55
p596,,,op3,op2,1,const,,55
p596,,,op4,op3,2,sqrt,,55
p596,,,op5,op4,15,linear3,,37.5
p596,,,op6,op5,20,linear7,,30
p596,,,op7,op6,20,linear7,,30
p597,508.012,BATCH_PIPELINE,op1,,1,const,,55
p597,,,op2,,1,const,,55
p597,,,op3,,40,linear7,,20
p597,,,op4,,5,linear3,,45
p597,,,op5,,20,linear7,,30
p597,,,op6,,1,const,,55
p597,,,op7,,15,linear3,,37.5
p597,,,op8,,15,linear3,,37.5
p597,,,op9,op1;op2;op3;op4;op5;op6;op7;op8,40,linear7,,20
p598,508.012,BATCH_PIPELINE,op1,,1,const,,55
p598,,,op2,op1,20,linear7,,30
p598,,,op3,op1,20,linear7,,30
p598,,,op4,op1,40,linear7,,20
p598,,,op5,op1,5,linear3,,45
p598,,,op6,op1,40,linear7,,20
p598,,,op7,op1,40,linear7,,20
p598,,,op8,op1,1,const,,55
p599,508.012,BATCH_PIPELINE,op1,,1,const,,55
p599,,,op2,op1,1,const,,55
p599,,,op3,op2,40,linear7,,20
p599,,,op4,op3,1,const,,55
p599,,,op5,op4,5,linear3,,45
p599,,,op6,op5,15,linear3,,37.5
p599,,,op7,op6,20,linear7,,30
p599,,,op8,op7,2,sqrt,,55
p599,,,op9,op8,2,sqrt,,55
p600,508.012,INTERACTIVE,op1,,1,const,,55
p600,,,op2,op1,1,const,,55
p600,,,op3,op2,20,linear7,,30
p600,,,op4,op3,2,sqrt,,55
p600,,,op5,op4,40,linear7,,20
p600,,,op6,op5,2,sqrt,,55
p600,,,op7,op6,5,linear3,,45
p600,,,op8,op7,5,linear3,,45
p600,,,op9,op8,15,linear3,,37.5
p600,,,op10,op9,20,linear7,,30
p601,518.101,BATCH_PIPELINE,op1,,1,const,,55
p601,,,op2,op1,15,linear3,,37.5
p601,,,op3,op2,40,linear7,,20
p601,,,op4,op3,2,sqrt,,55
p601,,,op5,op4,1,const,,55
p602,518.101,BATCH_PIPELINE,op1,,1,const,,55
p602,,,op2,op1,5,linear3,,45
p602,,,op3,op2,2,sqrt,,55
p602,,,op4,op3,80,squared,,10
p602,,,op5,op4,2,sqrt,,55
p602,,,op6,op5,2,sqrt,,55
p602,,,op7,op6,20,linear7,,30
p602,,,op8,op7,1,const,,55
p602,,,op9,op8,40,linear7,,20
p602,,,op10,op9,20,linear7,,30
p603,518.101,BATCH_PIPELINE,op1,,1,const,,55
p603,,,op2,op1,2,sqrt,,55
p603,,,op3,op2,5,linear3,,45
p603,,,op4,op3,2,sqrt,,55
p603,,,op5,op4,20,linear7,,30
p603,,,op6,op5,20,linear7,,30
p603,,,op7,op6,80,squared,,10
p603,,,op8,op7,15,linear3,,37.5
p603,,,op9,op8,40,linear7,,20
p604,518.101,BATCH_PIPELINE,op1,,1,const,,55
p604,,,op2,op1,5,linear3,,45
p604,,,op3,op2,15,linear3,,37.5
p604,,,op4,op3,2,sqrt,,55
p604,,,op5,op4,2,sqrt,,55
p604,,,op6,op5,20,linear7,,30
p604,,,op7,op6,20,linear7,,30
p605,518.101,BATCH_PIPELINE,op1,,1,const,,55
p605,,,op2,op1,15,linear3,,37.5
p605,,,op3,op2,80,squared,,10
p605,,,op4,op3,20,linear7,,30
p605,,,op5,op4,20,linear7,,30
p605,,,op6,op5,80,squared,,10
p605,,,op7,op6,2,sqrt,,55
p605,,,op8,op7,2,sqrt,,55
p605,,,op9,op8,2,sqrt,,55
p606,518.101,BATCH_PIPELINE,op1,,1,const,,55
p606,,,op2,op1,5,linear3,,45
p606,,,op3,op2,20,linear7,,30
p607,518.101,BATCH_PIPELINE,op1,,1,const,,55
p607,,,op2,op1,20,linear7,,30
p607,,,op3,op2,2,sqrt,,55
p607,,,op4,op3,5,linear3,,45
p607,,,op5,op4,1,const,,55
p607,,,op6,op5,2,sqrt,,55
p608,518.101,BATCH_PIPELINE,op1,,1,const,,55
p608,,,op2,,5,linear3,,45
p608,,,op3,,1,const,,55
p608,,,op4,,15,linear3,,37.5
p608,,,op5,,20,linear7,,30
p608,,,op6,,20,linear7,,30
p608,,,op7,,15,linear3,,37.5
p608,,,op8,op1;op2;op3;op4;op5;op6;op7,1,const,,55
p609,518.101,INTERACTIVE,op1,,1,const,,55
p609,,,op2,op1,15,linear3,,37.5
p609,,,op3,op2,80,squared,,10
p609,,,op4,op3,40,linear7,,20
p609,,,op5,op4,2,sqrt,,55
p609,,,op6,op5,20,linear7,,30
p609,,,op7,op6,20,linear7,,30
p610,518.101,BATCH_PIPELINE,op1,,1,const,,55
p610,,,op2,op1,1,const,,55
p610,,,op3,op2,20,linear7,,30
p610,,,op4,op3,15,linear3,,37.5
p610,,,op5,op4,5,linear3,,45
p610,,,op6,op5,15,linear3,,37.5
p610,,,op7,op6,2,sqrt,,55
p610,,,op8,op7,20,linear7,,30
p610,,,op9,op8,15,linear3,,37.5
p611,527.476,BATCH_PIPELINE,op1,,1,const,,55
p611,,,op2,op1,1,const,,55
p611,,,op3,op2,20,linear7,,30
p611,,,op4,op3,1,const,,55
p611,,,op5,op4,15,linear3,,37.5
p612,527.476,BATCH_PIPELINE,op1,,1,const,,55
p612,,,op2,op1,15,linear3,,37.5
p612,,,op3,op2,80,squared,,10
p612,,,op4,op3,80,squared,,10
p612,,,op5,op4,40,linear7,,20
p612,,,op6,op5,15,linear3,,37.5
p612,,,op7,op6,2,sqrt,,55
p612,,,op8,op7,20,linear7,,30
p612,,,op9,op8,5,linear3,,45
p613,527.476,INTERACTIVE,op1,,1,const,,55
p613,,,op2,,15,linear3,,37.5
p613,,,op3,,20,linear7,,30
p613,,,op4,,20,linear7,,30
p613,,,op5,,5,linear3,,45
p613,,,op6,op1;op2;op3;op4;op5,1,const,,55
p614,527.476,BATCH_PIPELINE,op1,,1,const,,55
p614,,,op2,op1,20,linear7,,30
p614,,,op3,op2,1,const,,55
p614,,,op4,op3,2,sqrt,,55
p614,,,op5,op4,20,linear7,,30
p614,,,op6,op5,40,linear7,,20
p614,,,op7,op6,1,const,,55
p614,,,op8,op7,5,linear3,,45
p615,527.476,BATCH_PIPELINE,op1,,1,const,,55
p615,,,op2,op1,1,const,,55
p615,,,op3,op1,20,linear7,,30
p615,,,op4,op1,40,linear7,,20
p615,,,op5,op1,15,linear3,,37.5
p615,,,op6,op1,20,linear7,,30
p615,,,op7,op1,5,linear3,,45
p615,,,op8,op1,2,sqrt,,55
p615,,,op9,op1,40,linear7,,20
p616,527.476,BATCH_PIPELINE,op1,,1,const,,55
p616,,,op2,op1,2,sqrt,,55
p616,,,op3,op1,5,linear3,,45
p616,,,op4,op1,15,linear3,,37.5
p616,,,op5,op1,5,linear3,,45
p616,,,op6,op1,20,linear7,,30
p616,,,op7,op1,5,linear3,,45
p616,,,op8,op1,2,sqrt,,55
p617,527.476,BATCH_PIPELINE,op1,,1,const,,55
p617,,,op2,op1,15,linear3,,37.5
p617,,,op3,op2,20,linear7,,30
p617,,,op4,op3,15,linear3,,37.5
p617,,,op5,op4,5,linear3,,45
p617,,,op6,op5,2,sqrt,,55
p617,,,op7,op6,15,linear3,,37.5
p617,,,op8,op7,5,linear3,,45
p618,527.476,BATCH_PIPELINE,op1,,1,const,,55
p618,,,op2,op1,15,linear3,,37.5
p618,,,op3,op2,15,linear3,,37.5
p618,,,op4,op3,1,const,,55
p618,,,op5,op4,5,linear3,,45
p618,,,op6,op5,15,linear3,,37.5
p618,,,op7,op6,15,linear3,,37.5
p618,,,op8,op7,20,linear7,,30
p618,,,op9,op8,40,linear7,,20
p618,,,op10,op9,2,sqrt,,55
p619,527.476,BATCH_PIPELINE,op1,,1,const,,55
p619,,,op2,op1,5,linear3,,45
p619,,,op3,op1,5,linear3,,45
p619,,,op4,op1,5,linear3,,45
p619,,,op5,op1,15,linear3,,37.5
p619,,,op6,op1,20,linear7,,30
p619,,,op7,op1,80,squared,,10
p619,,,op8,op1,15,linear3,,37.5
p619,,,op9,op1,20,linear7,,30
p619,,,op10,op1,1,const,,55
p620,527.476,INTERACTIVE,op1,,1,const,,55
p620,,,op2,op1,1,const,,55
p620,,,op3,op1,20,linear7,,30
p620,,,op4,op1,80,squared,,10
p620,,,op5,op1,1,const,,55
p620,,,op6,op1,80,squared,,10
p620,,,op7,op1,1,const,,55
p620,,,op8,op1,40,linear7,,20
p620,,,op9,op1,15,linear3,,37.5
p620,,,op10,op1,1,const,,55
p621,537.48,BATCH_PIPELINE,op1,,1,const,,55
p621,,,op2,,5,linear3,,45
p621,,,op3,,1,const,,55
p621,,,op4,,20,linear7,,30
p621,,,op5,,80,squared,,10
p621,,,op6,,40,linear7,,20
p621,,,op7,,1,const,,55
p621,,,op8,op1;op2;op3;op4;op5;op6;op7,1,const,,55
p622,537.48,BATCH_PIPELINE,op1,,1,const,,55
p622,,,op2,op1,15,linear3,,37.5
p622,,,op3,op1,1,const,,55
p622,,,op4,op1,20,linear7,,30
p623,537.48,BATCH_PIPELINE,op1,,1,const,,55
p623,,,op2,op1,1,const,,55
p623,,,op3,op2,5,linear3,,45
p623,,,op4,op3,15,linear3,,37.5
p623,,,op5,op4,15,linear3,,37.5
p623,,,op6,op5,15,linear3,,37.5
p624,537.48,BATCH_PIPELINE,op1,,1,const,,55
p624,,,op2,op1,40,linear7,,20
p624,,,op3,op2,15,linear3,,37.5
p624,,,op4,op3,15,linear3,,37.5
p624,,,op5,op4,5,linear3,,45
p624,,,op6,op5,2,sqrt,,55
p624,,,op7,op6,20,linear7,,30
p625,537.48,BATCH_PIPELINE,op1,,1,const,,55
p625,,,op2,,5,linear3,,45
p625,,,op3,,5,linear3,,45
p625,,,op4,,5,linear3,,45
p625,,,op5,,1,const,,55
p625,,,op6,,15,linear3,,37.5
p625,,,op7,,15,linear3,,37.5
p625,,,op8,op1;op2;op3;op4;op5;op6;op7,20,linear7,,30
p626,537.48,BATCH_PIPELINE,op1,,1,const,,55
p626,,,op2,op1,2,sqrt,,55
p626,,,op3,op2,2,sqrt,,55
p626,,,op4,op3,1,const,,55
p626,,,op5,op4,80,squared,,10
p626,,,op6,op5,40,linear7,,20
p626,,,op7,op6,20,linear7,,30
p626,,,op8,op7,2,sqrt,,55
p626,,,op9,op8,80,squared,,10
p626,,,op10,op9,5,linear3,,45
p626,,,op11,op10,5,linear3,,45
p627,537.48,BATCH_PIPELINE,op1,,1,const,,55
p627,,,op2,op1,15,linear3,,37.5
p627,,,op3,op2,5,linear3,,45
p627,,,op4,op3,2,sqrt,,55
p627,,,op5,op4,1,const,,55
p627,,,op6,op5,5,linear3,,45
p627,,,op7,op6,40,linear7,,20
p627,,,op8,op7,20,linear7,,30
p627,,,op9,op8,15,linear3,,37.5
p628,537.48,BATCH_PIPELINE,op1,,1,const,,55
p628,,,op2,op1,20,linear7,,30
p628,,,op3,op2,15,linear3,,37.5
p628,,,op4,op3,2,sqrt,,55
p628,,,op5,op4,20,linear7,,30
p628,,,op6,op5,1,const,,55
p628,,,op7,op6,15,linear3,,37.5
p628,,,op8,op7,80,squared,,10
p629,537.48,BATCH_PIPELINE,op1,,1,const,,55
p629,,,op2,op1,5,linear3,,45
p629,,,op3,op2,40,linear7,,20
p629,,,op4,op3,20,linear7,,30
p629,,,op5,op4,15,linear3,,37.5
p629,,,op6,op5,20,linear7,,30
p629,,,op7,op6,15,linear3,,37.5
p630,537.48,BATCH_PIPELINE,op1,,1,const,,55
p630,,,op2,op1,1,const,,55
p630,,,op3,op2,5,linear3,,45
p630,,,op4,op3,40,linear7,,20
p630,,,op5,op4,1,const,,55
p630,,,op6,op5,1,const,,55
p630,,,op7,op6,15,linear3,,37.5
p630,,,op8,op7,40,linear7,,20
p631,546.576,BATCH_PIPELINE,op1,,1,const,,55
p631,,,op2,op1,20,linear7,,30
p631,,,op3,op2,1,const,,55
p631,,,op4,op3,40,linear7,,20
p632,546.576,BATCH_PIPELINE,op1,,1,const,,55
p632,,,op2,op1,20,linear7,,30
p632,,,op3,op2,20,linear7,,30
p632,,,op4,op3,20,linear7,,30
p632,,,op5,op4,1,const,,55
p632,,,op6,op5,1,const,,55
p632,,,op7,op6,2,sqrt,,55
p632,,,op8,op7,5,linear3,,45
p632,,,op9,op8,15,linear3,,37.5
p632,,,op10,op9,15,linear3,,37.5
p633,546.576,INTERACTIVE,op1,,1,const,,55
p633,,,op2,op1,20,linear7,,30
p633,,,op3,op2,2,sqrt,,55
p633,,,op4,op3,15,linear3,,37.5
p633,,,op5,op4,20,linear7,,30
p633,,,op6,op5,1,const,,55
p633,,,op7,op6,80,squared,,10
p633,,,op8,op7,20,linear7,,30
p633,,,op9,op8,5,linear3,,45
p633,,,op10,op9,80,squared,,10
p634,546.576,QUERY,op1,,15,linear3,,35
p635,546.576,INTERACTIVE,op1,,1,const,,55
p635,,,op2,op1,15,linear3,,37.5
p635,,,op3,op2,15,linear3,,37.5
p635,,,op4,op3,80,squared,,10
p635,,,op5,op4,20,linear7,,30
p635,,,op6,op5,15,linear3,,37.5
p635,,,op7,op6,40,linear7,,20
p636,546.576,INTERACTIVE,op1,,1,const,,55
p636,,,op2,op1,15,linear3,,37.5
p636,,,op3,op2,80,squared,,10
p636,,,op4,op3,5,linear3,,45
p636,,,op5,op4,15,linear3,,37.5
p636,,,op6,op5,1,const,,55
p636,,,op7,op6,2,sqrt,,55
p636,,,op8,op7,5,linear3,,45
p637,546.576,QUERY,op1,,15,linear3,,35
p638,546.576,BATCH_PIPELINE,op1,,1,const,,55
p638,,,op2,op1,2,sqrt,,55
p638,,,op3,op2,40,linear7,,20
p638,,,op4,op3,40,linear7,,20
p638,,,op5,op4,15,linear3,,37.5
p638,,,op6,op5,5,linear3,,45
p638,,,op7,op6,40,linear7,,20
p638,,,op8,op7,2,sqrt,,55
p638,,,op9,op8,15,linear3,,37.5
p639,546.576,BATCH_PIPELINE,op1,,1,const,,55
p639,,,op2,op1,2,sqrt,,55
p639,,,op3,op2,20,linear7,,30
p639,,,op4,op3,5,linear3,,45
p639,,,op5,op4,1,const,,55
p639,,,op6,op5,20,linear7,,30
p639,,,op7,op6,40,linear7,,20
p640,546.576,INTERACTIVE,op1,,1,const,,55
p640,,,op2,op1,15,linear3,,37.5
p640,,,op3,op2,5,linear3,,45
p640,,,op4,op3,2,sqrt,,55
p640,,,op5,op4,80,squared,,10
p640,,,op6,op5,20,linear7,,30
p640,,,op7,op6,20,linear7,,30
p641,557.564,BATCH_PIPELINE,op1,,1,const,,55
p641,,,op2,op1,5,linear3,,45
p641,,,op3,op2,20,linear7,,30
p641,,,op4,op3,15,linear3,,37.5
p641,,,op5,op4,5,linear3,,45
p641,,,op6,op5,1,const,,55
p641,,,op7,op6,15,linear3,,37.5
p642,557.564,BATCH_PIPELINE,op1,,1,const,,55
p642,,,op2,op1,40,linear7,,20
p642,,,op3,op2,80,squared,,10
p642,,,op4,op3,5,linear3,,45
p643,557.564,BATCH_PIPELINE,op1,,1,const,,55
p643,,,op2,,15,linear3,,37.5
p643,,,op3,,2,sqrt,,55
p643,,,op4,,5,linear3,,45
p643,,,op5,op1;op2;op3;op4,1,const,,55
p644,557.564,BATCH_PIPELINE,op1,,1,const,,55
p644,,,op2,,1,const,,55
p644,,,op3,,5,linear3,,45
p644,,,op4,,5,linear3,,45
p644,,,op5,,15,linear3,,37.5
p644,,,op6,op1;op2;op3;op4;op5,20,linear7,,30
p645,557.564,BATCH_PIPELINE,op1,,1,const,,55
p645,,,op2,op1,80,squared,,10
p645,,,op3,op2,20,linear7,,30
p645,,,op4,op3,15,linear3,,37.5
p645,,,op5,op4,40,linear7,,20
p645,,,op6,op5,40,linear7,,20
p645,,,op7,op6,20,linear7,,30
p645,,,op8,op7,1,const,,55
p645,,,op9,op8,2,sqrt,,55
p646,557.564,BATCH_PIPELINE,op1,,1,const,,55
p646,,,op2,op1,40,linear7,,20
p646,,,op3,op2,40,linear7,,20
p646,,,op4,op3,40,linear7,,20
p646,,,op5,op4,40,linear7,,20
p646,,,op6,op5,2,sqrt,,55
p646,,,op7,op6,20,linear7,,30
p646,,,op8,op7,2,sqrt,,55
p646,,,op9,op8,1,const,,55
p647,557.564,BATCH_PIPELINE,op1,,1,const,,55
p647,,,op2,,80,squared,,10
p647,,,op3,,15,linear3,,37.5
p647,,,op4,,80,squared,,10
p647,,,op5,,15,linear3,,37.5
p647,,,op6,,15,linear3,,37.5
p647,,,op7,,1,const,,55
p647,,,op8,,40,linear7,,20
p647,,,op9,,5,linear3,,45
p647,,,op10,op1;op2;op3;op4;op5;op6;op7;op8;op9,2,sqrt,,55
p648,557.564,BATCH_PIPELINE,op1,,1,const,,55
p648,,,op2,op1,5,linear3,,45
p648,,,op3,op1,15,linear3,,37.5
p648,,,op4,op1,15,linear3,,37.5
p648,,,op5,op1,20,linear7,,30
p648,,,op6,op1,80,squared,,10
p648,,,op7,op1,15,linear3,,37.5
p648,,,op8,op1,80,squared,,10
p648,,,op9,op1,20,linear7,,30
p648,,,op10,op1,5,linear3,,45
p649,557.564,BATCH_PIPELINE,op1,,1,const,,55
p649,,,op2,op1,5,linear3,,45
p649,,,op3,op2,40,linear7,,20
p649,,,op4,op3,15,linear3,,37.5
p649,,,op5,op4,5,linear3,,45
p649,,,op6,op5,20,linear7,,30
p649,,,op7,op6,80,squared,,10
p649,,,op8,op7,20,linear7,,30
p649,,,op9,op8,20,linear7,,30
p649,,,op10,op9,15,linear3,,37.5
p649,,,op11,op10,5,linear3,,45
p650,557.564,BATCH_PIPELINE,op1,,1,const,,55
p650,,,op2,op1,15,linear3,,37.5
p650,,,op3,op2,80,squared,,10
p650,,,op4,op3,5,linear3,,45
p650,,,op5,op4,15,linear3,,37.5
p650,,,op6,op5,2,sqrt,,55
p651,568.177,BATCH_PIPELINE,op1,,1,const,,55
p651,,,op2,op1,20,linear7,,30
p651,,,op3,op2,5,linear3,,45
p651,,,op4,op3,20,linear7,,30
p651,,,op5,op4,15,linear3,,37.5
p651,,,op6,op5,15,linear3,,37.5
p651,,,op7,op6,15,linear3,,37.5
p651,,,op8,op7,20,linear7,,30
p651,,,op9,op8,5,linear3,,45
p651,,,op10,op9,5,linear3,,45
p651,,,op11,op10,80,squared,,10
p652,568.177,BATCH_PIPELINE,op1,,1,const,,55
p652,,,op2,op1,2,sqrt,,55
p652,,,op3,op2,5,linear3,,45
p652,,,op4,op3,20,linear7,,30
p652,,,op5,op4,20,linear7,,30
p653,568.177,QUERY,op1,,15,linear3,,35
p654,568.177,BATCH_PIPELINE,op1,,1,const,,55
p654,,,op2,op1,15,linear3,,37.5
p654,,,op3,op2,1,const,,55
p654,,,op4,op3,1,const,,55
p654,,,op5,op4,1,const,,55
p654,,,op6,op5,20,linear7,,30
p655,568.177,QUERY,op1,,15,linear3,,35
p656,568.177,BATCH_PIPELINE,op1,,1,const,,55
p656,,,op2,op1,20,linear7,,30
p656,,,op3,op2,1,const,,55
p656,,,op4,op3,40,linear7,,20
p657,568.177,BATCH_PIPELINE,op1,,1,const,,55
p657,,,op2,op1,40,linear7,,20
p657,,,op3,op2,80,squared,,10
p657,,,op4,op3,1,const,,55
p657,,,op5,op4,20,linear7,,30
p657,,,op6,op5,1,const,,55
p657,,,op7,op6,20,linear7,,30
p657,,,op8,op7,5,linear3,,45
p657,,,op9,op8,15,linear3,,37.5
p658,568.177,BATCH_PIPELINE,op1,,1,const,,55
p658,,,op2,,40,linear7,,20
p658,,,op3,,5,linear3,,45
p658,,,op4,,1,const,,55
p658,,,op5,,80,squared,,10
p658,,,op6,,15,linear3,,37.5
p658,,,op7,,80,squared,,10
p658,,,op8,,40,linear7,,20
p658,,,op9,op1;op2;op3;op4;op5;op6;op7;op8,2,sqrt,,55
p659,568.177,BATCH_PIPELINE,op1,,1,const,,55
p659,,,op2,op1,20,linear7,,30
p659,,,op3,op1,15,linear3,,37.5
p659,,,op4,op1,5,linear3,,45
p659,,,op5,op1,15,linear3,,37.5
p659,,,op6,op1,40,linear7,,20
p659,,,op7,op1,15,linear3,,37.5
p659,,,op8,op1,5,linear3,,45
p660,568.177,BATCH_PIPELINE,op1,,1,const,,55
p660,,,op2,op1,2,sqrt,,55
p660,,,op3,op2,80,squared,,10
p660,,,op4,op3,5,linear3,,45
p660,,,op5,op4,20,linear7,,30
p660,,,op6,op5,1,const,,55
p661,578.456,BATCH_PIPELINE,op1,,1,const,,55
p661,,,op2,op1,5,linear3,,45
p661,,,op3,op2,1,const,,55
p661,,,op4,op3,40,linear7,,20
p661,,,op5,op4,15,linear3,,37.5
p661,,,op6,op5,5,linear3,,45
p661,,,op7,op6,2,sqrt,,55
p662,578.456,BATCH_PIPELINE,op1,,1,const,,55
p662,,,op2,op1,15,linear3,,37.5
p662,,,op3,op2,1,const,,55
p662,,,op4,op3,15,linear3,,37.5
p662,,,op5,op4,15,linear3,,37.5
p662,,,op6,op5,20,linear7,,30
p662,,,op7,op6,20,linear7,,30
p662,,,op8,op7,1,const,,55
p663,578.456,BATCH_PIPELINE,op1,,1,const,,55
p663,,,op2,op1,5,linear3,,45
p663,,,op3,op2,20,linear7,,30
p663,,,op4,op3,1,const,,55
p663,,,op5,op4,20,linear7,,30
p664,578.456,QUERY,op1,,15,linear3,,35
p665,578.456,QUERY,op1,,15,linear3,,35
p666,578.456,BATCH_PIPELINE,op1,,1,const,,55
p666,,,op2,op1,1,const,,55
p666,,,op3,op2,40,linear7,,20
p666,,,op4,op3,5,linear3,,45
p666,,,op5,op4,15,linear3,,37.5
p666,,,op6,op5,1,const,,55
p667,578.456,BATCH_PIPELINE,op1,,1,const,,55
p667,,,op2,op1,1,const,,55
p667,,,op3,op2,20,linear7,,30
p667,,,op4,op3,15,linear3,,37.5
p667,,,op5,op4,2,sqrt,,55
p668,578.456,BATCH_PIPELINE,op1,,1,const,,55
p668,,,op2,,80,squared,,10
p668,,,op3,op1;op2,80,squared,,10
p669,578.456,BATCH_PIPELINE,op1,,1,const,,55
p669,,,op2,op1,5,linear3,,45
p669,,,op3,op2,20,linear7,,30
p669,,,op4,op3,2,sqrt,,55
p669,,,op5,op4,20,linear7,,30
p669,,,op6,op5,80,squared,,10
p669,,,op7,op6,15,linear3,,37.5
p670,578.456,BATCH_PIPELINE,op1,,1,const,,55
p670,,,op2,,15,linear3,,37.5
p670,,,op3,,20,linear7,,30
p670,,,op4,,5,linear3,,45
p670,,,op5,op1;op2;op3;op4,20,linear7,,30
p671,587.1,BATCH_PIPELINE,op1,,1,const,,55
p671,,,op2,op1,80,squared,,10
p671,,,op3,op2,15,linear3,,37.5
p671,,,op4,op3,20,linear7,,30
p671,,,op5,op4,5,linear3,,45
p671,,,op6,op5,2,sqrt,,55
p671,,,op7,op6,5,linear3,,45
p672,587.1,BATCH_PIPELINE,op1,,1,const,,55
p672,,,op2,,15,linear3,,37.5
p672,,,op3,,20,linear7,,30
p672,,,op4,,80,squared,,10
p672,,,op5,,15,linear3,,37.5
p672,,,op6,op1;op2;op3;op4;op5,20,linear7,,30
p673,587.1,BATCH_PIPELINE,op1,,1,const,,55
p673,,,op2,op1,2,sqrt,,55
p673,,,op3,op2,1,const,,55
p673,,,op4,op3,20,linear7,,30
p673,,,op5,op4,15,linear3,,37.5
p674,587.1,BATCH_PIPELINE,op1,,1,const,,55
p674,,,op2,op1,2,sqrt,,55
p675,587.1,BATCH_PIPELINE,op1,,1,const,,55
p675,,,op2,op1,1,const,,55
p675,,,op3,op1,15,linear3,,37.5
p675,,,op4,op1,1,const,,55
p675,,,op5,op1,2,sqrt,,55
p676,587.1,INTERACTIVE,op1,,1,const,,55
p676,,,op2,op1,80,squared,,10
p676,,,op3,op2,5,linear3,,45
p676,,,op4,op3,20,linear7,,30
p676,,,op5,op4,2,sqrt,,55
p676,,,op6,op5,5,linear3,,45
p676,,,op7,op6,5,linear3,,45
p676,,,op8,op7,20,linear7,,30
p676,,,op9,op8,40,linear7,,20
p677,587.1,BATCH_PIPELINE,op1,,1,const,,55
p677,,,op2,op1,15,linear3,,37.5
p677,,,op3,op2,5,linear3,,45
p677,,,op4,op3,2,sqrt,,55
p677,,,op5,op4,5,linear3,,45
p677,,,op6,op5,80,squared,,10
p678,587.1,BATCH_PIPELINE,op1,,1,const,,55
p678,,,op2,op1,80,squared,,10
p678,,,op3,op2,40,linear7,,20
p678,,,op4,op3,2,sqrt,,55
p678,,,op5,op4,5,linear3,,45
p678,,,op6,op5,5,linear3,,45
p678,,,op7,op6,15,linear3,,37.5
p678,,,op8,op7,2,sqrt,,55
p679,587.1,BATCH_PIPELINE,op1,,1,const,,55
p679,,,op2,op1,1,const,,55
p679,,,op3,op2,5,linear3,,45
p679,,,op4,op3,5,linear3,,45
p679,,,op5,op4,80,squared,,10
p679,,,op6,op5,40,linear7,,20
p679,,,op7,op6,40,linear7,,20
p679,,,op8,op7,5,linear3,,45
p679,,,op9,op8,5,linear3,,45
p679,,,op10,op9,1,const,,55
p680,587.1,BATCH_PIPELINE,op1,,1,const,,55
p680,,,op2,,20,linear7,,30
p680,,,op3,,5,linear3,,45
p680,,,op4,,5,linear3,,45
p680,,,op5,,15,linear3,,37.5
p680,,,op6,,20,linear7,,30
p680,,,op7,,1,const,,55
p680,,,op8,op1;op2;op3;op4;op5;op6;op7,20,linear7,,30
p681,596.054,BATCH_PIPELINE,op1,,1,const,,55
p681,,,op2,op1,80,squared,,10
p681,,,op3,op1,80,squared,,10
p682,596.054,BATCH_PIPELINE,op1,,1,const,,55
p682,,,op2,op1,40,linear7,,20
p682,,,op3,op2,5,linear3,,45
p682,,,op4,op3,5,linear3,,45
p682,,,op5,op4,2,sqrt,,55
p682,,,op6,op5,1,const,,55
p682,,,op7,op6,40,linear7,,20
p682,,,op8,op7,2,sqrt,,55
p682,,,op9,op8,2,sqrt,,55
p682,,,op10,op9,1,const,,55
p682,,,op11,op10,5,linear3,,45
p683,596.054,BATCH_PIPELINE,op1,,1,const,,55
p683,,,op2,,5,linear3,,45
p683,,,op3,,2,sqrt,,55
p683,,,op4,,40,linear7,,20
p683,,,op5,,15,linear3,,37.5
p683,,,op6,,2,sqrt,,55
p683,,,op7,,15,linear3,,37.5
p683,,,op8,,5,linear3,,45
p683,,,op9,,80,squared,,10
p683,,,op10,,20,linear7,,30
p683,,,op11,,20,linear7,,30
p683,,,op12,op1;op2;op3;op4;op5;op6;op7;op8;op9;op10;op11,1,const,,55
p684,596.054,BATCH_PIPELINE,op1,,1,const,,55
p684,,,op2,op1,1,const,,55
p684,,,op3,op2,5,linear3,,45
p684,,,op4,op3,1,const,,55
p684,,,op5,op4,80,squared,,10
p684,,,op6,op5,15,linear3,,37.5
p684,,,op7,op6,2,sqrt,,55
p684,,,op8,op7,15,linear3,,37.5
p684,,,op9,op8,1,const,,55
p684,,,op10,op9,2,sqrt,,55
p684,,,op11,op10,15,linear3,,37.5
p684,,,op12,op11,20,linear7,,30
p685,596.054,BATCH_PIPELINE,op1,,1,const,,55
p685,,,op2,,1,const,,55
p685,,,op3,,15,linear3,,37.5
p685,,,op4,,15,linear3,,37.5
p685,,,op5,,80,squared,,10
p685,,,op6,,5,linear3,,45
p685,,,op7,op1;op2;op3;op4;op5;op6,5,linear3,,45
p686,596.054,BATCH_PIPELINE,op1,,1,const,,55
p686,,,op2,op1,20,linear7,,30
p686,,,op3,op2,5,linear3,,45
p686,,,op4,op3,5,linear3,,45
p686,,,op5,op4,5,linear3,,45
p687,596.054,BATCH_PIPELINE,op1,,1,const,,55
p687,,,op2,op1,2,sqrt,,55
p687,,,op3,op2,2,sqrt,,55
p687,,,op4,op3,15,linear3,,37.5
p687,,,op5,op4,80,squared,,10
p687,,,op6,op5,2,sqrt,,55
p687,,,op7,op6,15,linear3,,37.5
p687,,,op8,op7,5,linear3,,45
p687,,,op9,op8,15,linear3,,37.5
p688,596.054,BATCH_PIPELINE,op1,,1,const,,55
p688,,,op2,op1,40,linear7,,20
p688,,,op3,op2,2,sqrt,,55
p688,,,op4,op3,2,sqrt,,55
p688,,,op5,op4,40,linear7,,20
p688,,,op6,op5,40,linear7,,20
p688,,,op7,op6,15,linear3,,37.5
p688,,,op8,op7,20,linear7,,30
p688,,,op9,op8,5,linear3,,45
p688,,,op10,op9,15,linear3,,37.5
p689,596.054,BATCH_PIPELINE,op1,,1,const,,55
p689,,,op2,,80,squared,,10
p689,,,op3,,5,linear3,,45
p689,,,op4,,15,linear3,,37.5
p689,,,op5,,20,linear7,,30
p689,,,op6,,15,linear3,,37.5
p689,,,op7,,5,linear3,,45
p689,,,op8,,15,linear3,,37.5
p689,,,op9,op1;op2;op3;op4;op5;op6;op7;op8,20,linear7,,30
p690,596.054,BATCH_PIPELINE,op1,,1,const,,55
p690,,,op2,op1,20,linear7,,30
p690,,,op3,op2,15,linear3,,37.5
p690,,,op4,op3,80,squared,,10
p690,,,op5,op4,5,linear3,,45
p690,,,op6,op5,5,linear3,,45
p690,,,op7,op6,5,linear3,,45
p691,602.092,BATCH_PIPELINE,op1,,1,const,,55
p691,,,op2,op1,15,linear3,,37.5
p691,,,op3,op2,5,linear3,,45
p691,,,op4,op3,40,linear7,,20
p691,,,op5,op4,80,squared,,10
p691,,,op6,op5,40,linear7,,20
p692,602.092,BATCH_PIPELINE,op1,,1,const,,55
p692,,,op2,op1,15,linear3,,37.5
p692,,,op3,op2,5,linear3,,45
p692,,,op4,op3,20,linear7,,30
p692,,,op5,op4,40,linear7,,20
p692,,,op6,op5,5,linear3,,45
p692,,,op7,op6,15,linear3,,37.5
p693,602.092,BATCH_PIPELINE,op1,,1,const,,55
p693,,,op2,op1,1,const,,55
p693,,,op3,op1,2,sqrt,,55
p693,,,op4,op1,5,linear3,,45
p693,,,op5,op1,20,linear7,,30
p694,602.092,BATCH_PIPELINE,op1,,1,const,,55
p694,,,op2,op1,1,const,,55
p694,,,op3,op2,20,linear7,,30
p694,,,op4,op3,40,linear7,,20
p694,,,op5,op4,15,linear3,,37.5
p694,,,op6,op5,5,linear3,,45
p695,602.092,BATCH_PIPELINE,op1,,1,const,,55
p695,,,op2,op1,80,squared,,10
p695,,,op3,op1,5,linear3,,45
p696,602.092,BATCH_PIPELINE,op1,,1,const,,55
p696,,,op2,op1,40,linear7,,20
p696,,,op3,op1,1,const,,55
p696,,,op4,op1,20,linear7,,30
p696,,,op5,op1,80,squared,,10
p696,,,op6,op1,20,linear7,,30
p696,,,op7,op1,1,const,,55
p696,,,op8,op1,15,linear3,,37.5
p696,,,op9,op1,1,const,,55
p697,602.092,BATCH_PIPELINE,op1,,1,const,,55
p697,,,op2,,2,sqrt,,55
p697,,,op3,,5,linear3,,45
p697,,,op4,,80,squared,,10
p697,,,op5,,15,linear3,,37.5
p697,,,op6,op1;op2;op3;op4;op5,5,linear3,,45
p698,602.092,BATCH_PIPELINE,op1,,1,const,,55
p698,,,op2,,15,linear3,,37.5
p698,,,op3,,40,linear7,,20
p698,,,op4,op1;op2;op3,5,linear3,,45
p699,602.092,BATCH_PIPELINE,op1,,1,const,,55
p699,,,op2,op1,2,sqrt,,55
p699,,,op3,op2,40,linear7,,20
p699,,,op4,op3,80,squared,,10
p699,,,op5,op4,1,const,,55
p699,,,op6,op5,5,linear3,,45
p700,602.092,BATCH_PIPELINE,op1,,1,const,,55
p700,,,op2,op1,40,linear7,,20
p700,,,op3,op2,15,linear3,,37.5
p700,,,op4,op3,20,linear7,,30
p700,,,op5,op4,80,squared,,10
p701,615.476,BATCH_PIPELINE,op1,,1,const,,55
p701,,,op2,op1,40,linear7,,20
p701,,,op3,op1,1,const,,55
p701,,,op4,op1,5,linear3,,45
p701,,,op5,op1,15,linear3,,37.5
p701,,,op6,op1,5,linear3,,45
p702,615.476,QUERY,op1,,15,linear3,,35
p703,615.476,BATCH_PIPELINE,op1,,1,const,,55
p703,,,op2,op1,40,linear7,,20
p703,,,op3,op2,15,linear3,,37.5
p703,,,op4,op3,80,squared,,10
p703,,,op5,op4,15,linear3,,37.5
p703,,,op6,op5,5,linear3,,45
p703,,,op7,op6,1,const,,55
p704,615.476,BATCH_PIPELINE,op1,,1,const,,55
p704,,,op2,op1,1,const,,55
p704,,,op3,op1,40,linear7,,20
p704,,,op4,op1,15,linear3,,37.5
p705,615.476,BATCH_PIPELINE,op1,,1,const,,55
p705,,,op2,op1,2,sqrt,,55
p705,,,op3,op1,2,sqrt,,55
p705,,,op4,op1,40,linear7,,20
p705,,,op5,op1,15,linear3,,37.5
p705,,,op6,op1,5,linear3,,45
p706,615.476,BATCH_PIPELINE,op1,,1,const,,55
p706,,,op2,op1,2,sqrt,,55
p706,,,op3,op2,80,squared,,10
p706,,,op4,op3,5,linear3,,45
p706,,,op5,op4,80,squared,,10
p706,,,op6,op5,5,linear3,,45
p706,,,op7,op6,20,linear7,,30
p706,,,op8,op7,20,linear7,,30
p707,615.476,QUERY,op1,,15,linear3,,35
p708,615.476,BATCH_PIPELINE,op1,,1,const,,55
p708,,,op2,op1,15,linear3,,37.5
p708,,,op3,op1,5,linear3,,45
p708,,,op4,op1,15,linear3,,37.5
p708,,,op5,op1,5,linear3,,45
p708,,,op6,op1,5,linear3,,45
p708,,,op7,op1,80,squared,,10
p708,,,op8,op1,2,sqrt,,55
p708,,,op9,op1,2,sqrt,,55
p708,,,op10,op1,80,squared,,10
p709,615.476,BATCH_PIPELINE,op1,,1,const,,55
p709,,,op2,op1,15,linear3,,37.5
p709,,,op3,op2,2,sqrt,,55
p709,,,op4,op3,15,linear3,,37.5
p709,,,op5,op4,1,const,,55
p709,,,op6,op5,20,linear7,,30
p709,,,op7,op6,15,linear3,,37.5
p709,,,op8,op7,15,linear3,,37.5
p709,,,op9,op8,5,linear3,,45
p709,,,op10,op9,2,sqrt,,55
p709,,,op11,op10,20,linear7,,30
p709,,,op12,op11,1,const,,55
p710,615.476,BATCH_PIPELINE,op1,,1,const,,55
p710,,,op2,op1,1,const,,55
p710,,,op3,op2,5,linear3,,45
p710,,,op4,op3,20,linear7,,30
p710,,,op5,op4,15,linear3,,37.5
p710,,,op6,op5,1,const,,55
p710,,,op7,op6,15,linear3,,37.5
p710,,,op8,op7,15,linear3,,37.5
p710,,,op9,op8,80,squared,,10
p710,,,op10,op9,5,linear3,,45
p710,,,op11,op10,40,linear7,,20
p710,,,op12,op11,1,const,,55
p711,622.163,BATCH_PIPELINE,op1,,1,const,,55
p711,,,op2,op1,15,linear3,,37.5
p711,,,op3,op2,1,const,,55
p711,,,op4,op3,5,linear3,,45
p711,,,op5,op4,20,linear7,,30
p711,,,op6,op5,5,linear3,,45
p711,,,op7,op6,5,linear3,,45
p711,,,op8,op7,1,const,,55
p711,,,op9,op8,2,sqrt,,55
p711,,,op10,op9,80,squared,,10
p712,622.163,BATCH_PIPELINE,op1,,1,const,,55
p712,,,op2,op1,1,const,,55
p712,,,op3,op1,2,sqrt,,55
p712,,,op4,op1,40,linear7,,20
p712,,,op5,op1,5,linear3,,45
p713,622.163,BATCH_PIPELINE,op1,,1,const,,55
p713,,,op2,op1,20,linear7,,30
p713,,,op3,op2,1,const,,55
p713,,,op4,op3,15,linear3,,37.5
p713,,,op5,op4,15,linear3,,37.5
p713,,,op6,op5,80,squared,,10
p713,,,op7,op6,40,linear7,,20
p714,622.163,BATCH_PIPELINE,op1,,1,const,,55
p714,,,op2,op1,2,sqrt,,55
p714,,,op3,op2,15,linear3,,37.5
p714,,,op4,op3,5,linear3,,45
p714,,,op5,op4,80,squared,,10
p714,,,op6,op5,15,linear3,,37.5
p714,,,op7,op6,15,linear3,,37.5
p714,,,op8,op7,40,linear7,,20
p714,,,op9,op8,40,linear7,,20
p714,,,op10,op9,20,linear7,,30
p715,622.163,BATCH_PIPELINE,op1,,1,const,,55
p715,,,op2,op1,40,linear7,,20
p715,,,op3,op2,15,linear3,,37.5
p715,,,op4,op3,15,linear3,,37.5
p715,,,op5,op4,80,squared,,10
p715,,,op6,op5,80,squared,,10
p715,,,op7,op6,15,linear3,,37.5
p715,,,op8,op7,5,linear3,,45
p715,,,op9,op8,80,squared,,10
p716,622.163,BATCH_PIPELINE,op1,,1,const,,55
p716,,,op2,,15,linear3,,37.5
p716,,,op3,,15,linear3,,37.5
p716,,,op4,,2,sqrt,,55
p716,,,op5,,15,linear3,,37.5
p716,,,op6,,15,linear3,,37.5
p716,,,op7,,5,linear3,,45
p716,,,op8,op1;op2;op3;op4;op5;op6;op7,40,linear7,,20
p717,622.163,BATCH_PIPELINE,op1,,1,const,,55
p717,,,op2,op1,20,linear7,,30
p717,,,op3,op2,15,linear3,,37.5
p717,,,op4,op3,1,const,,55
p717,,,op5,op4,20,linear7,,30
p717,,,op6,op5,15,linear3,,37.5
p717,,,op7,op6,80,squared,,10
p717,,,op8,op7,80,squared,,10
p717,,,op9,op8,20,linear7,,30
p718,622.163,BATCH_PIPELINE,op1,,1,const,,55
p718,,,op2,,1,const,,55
p718,,,op3,,2,sqrt,,55
p718,,,op4,,15,linear3,,37.5
p718,,,op5,,1,const,,55
p718,,,op6,,5,linear3,,45
p718,,,op7,,5,linear3,,45
p718,,,op8,op1;op2;op3;op4;op5;op6;op7,5,linear3,,45
p719,622.163,BATCH_PIPELINE,op1,,1,const,,55
p719,,,op2,op1,20,linear7,,30
p719,,,op3,op1,5,linear3,,45
p719,,,op4,op1,15,linear3,,37.5
p719,,,op5,op1,15,linear3,,37.5
p719,,,op6,op1,2,sqrt,,55
p719,,,op7,op1,2,sqrt,,55
p720,622.163,BATCH_PIPELINE,op1,,1,const,,55
p720,,,op2,op1,15,linear3,,37.5
p720,,,op3,op2,15,linear3,,37.5
p720,,,op4,op3,1,const,,55
p720,,,op5,op4,15,linear3,,37.5
p720,,,op6,op5,20,linear7,,30
p720,,,op7,op6,20,linear7,,30
p721,636.181,BATCH_PIPELINE,op1,,1,const,,55
p721,,,op2,op1,20,linear7,,30
p721,,,op3,op2,15,linear3,,37.5
p721,,,op4,op3,40,linear7,,20
p721,,,op5,op4,5,linear3,,45
p721,,,op6,op5,15,linear3,,37.5
p721,,,op7,op6,2,sqrt,,55
p721,,,op8,op7,15,linear3,,37.5
p721,,,op9,op8,2,sqrt,,55
p721,,,op10,op9,2,sqrt,,55
p722,636.181,BATCH_PIPELINE,op1,,1,const,,55
p722,,,op2,op1,1,const,,55
p722,,,op3,op2,1,const,,55
p722,,,op4,op3,2,sqrt,,55
p722,,,op5,op4,20,linear7,,30
p722,,,op6,op5,15,linear3,,37.5
p722,,,op7,op6,40,linear7,,20
p723,636.181,BATCH_PIPELINE,op1,,1,const,,55
p723,,,op2,op1,15,linear3,,37.5
p723,,,op3,op2,40,linear7,,20
p723,,,op4,op3,40,linear7,,20
p723,,,op5,op4,15,linear3,,37.5
p723,,,op6,op5,40,linear7,,20
p723,,,op7,op6,1,const,,55
p723,,,op8,op7,5,linear3,,45
p723,,,op9,op8,5,linear3,,45
p723,,,op10,op9,40,linear7,,20
p724,636.181,BATCH_PIPELINE,op1,,1,const,,55
p724,,,op2,op1,1,const,,55
p724,,,op3,op2,1,const,,55
p724,,,op4,op3,5,linear3,,45
p724,,,op5,op4,5,linear3,,45
p725,636.181,BATCH_PIPELINE,op1,,1,const,,55
p725,,,op2,op1,40,linear7,,20
p725,,,op3,op2,5,linear3,,45
p725,,,op4,op3,15,linear3,,37.5
p725,,,op5,op4,15,linear3,,37.5
p725,,,op6,op5,80,squared,,10
p725,,,op7,op6,1,const,,55
p725,,,op8,op7,2,sqrt,,55
p725,,,op9,op8,15,linear3,,37.5
p726,636.181,BATCH_PIPELINE,op1,,1,const,,55
p726,,,op2,op1,2,sqrt,,55
p726,,,op3,op2,15,linear3,,37.5
p726,,,op4,op3,20,linear7,,30
p726,,,op5,op4,5,linear3,,45
p726,,,op6,op5,5,linear3,,45
p726,,,op7,op6,5,linear3,,45
p727,636.181,BATCH_PIPELINE,op1,,1,const,,55
p727,,,op2,,5,linear3,,45
p727,,,op3,,40,linear7,,20
p727,,,op4,op1;op2;op3,20,linear7,,30
p728,636.181,INTERACTIVE,op1,,1,const,,55
p728,,,op2,op1,2,sqrt,,55
p728,,,op3,op2,5,linear3,,45
p728,,,op4,op3,80,squared,,10
p728,,,op5,op4,80,squared,,10
p729,636.181,BATCH_PIPELINE,op1,,1,const,,55
p729,,,op2,op1,20,linear7,,30
p729,,,op3,op2,1,const,,55
p729,,,op4,op3,1,const,,55
p729,,,op5,op4,20,linear7,,30
p729,,,op6,op5,1,const,,55
p729,,,op7,op6,5,linear3,,45
p730,636.181,QUERY,op1,,15,linear3,,35
p731,646.117,BATCH_PIPELINE,op1,,1,const,,55
p731,,,op2,op1,15,linear3,,37.5
p731,,,op3,op2,2,sqrt,,55
p731,,,op4,op3,15,linear3,,37.5
p731,,,op5,op4,15,linear3,,37.5
p731,,,op6,op5,80,squared,,10
p731,,,op7,op6,20,linear7,,30
p732,646.117,BATCH_PIPELINE,op1,,1,const,,55
p732,,,op2,op1,5,linear3,,45
p732,,,op3,op2,5,linear3,,45
p732,,,op4,op3,2,sqrt,,55
p732,,,op5,op4,40,linear7,,20
p732,,,op6,op5,20,linear7,,30
p733,646.117,BATCH_PIPELINE,op1,,1,const,,55
p733,,,op2,op1,20,linear7,,30
p733,,,op3,op2,1,const,,55
p733,,,op4,op3,5,linear3,,45
p733,,,op5,op4,15,linear3,,37.5
p733,,,op6,op5,20,linear7,,30
p733,,,op7,op6,2,sqrt,,55
p733,,,op8,op7,1,const,,55
p733,,,op9,op8,2,sqrt,,55
p734,646.117,BATCH_PIPELINE,op1,,1,const,,55
p734,,,op2,op1,20,linear7,,30
p734,,,op3,op2,15,linear3,,37.5
p734,,,op4,op3,15,linear3,,37.5
p734,,,op5,op4,40,linear7,,20
p734,,,op6,op5,5,linear3,,45
p734,,,op7,op6,5,linear3,,45
p734,,,op8,op7,2,sqrt,,55
p735,646.117,BATCH_PIPELINE,op1,,1,const,,55
p735,,,op2,,2,sqrt,,55
p735,,,op3,,5,linear3,,45
p735,,,op4,,20,linear7,,30
p735,,,op5,,5,linear3,,45
p735,,,op6,,5,linear3,,45
p735,,,op7,,2,sqrt,,55
p735,,,op8,,15,linear3,,37.5
p735,,,op9,,5,linear3,,45
p735,,,op10,,5,linear3,,45
p735,,,op11,,1,const,,55
p735,,,op12,op1;op2;op3;op4;op5;op6;op7;op8;op9;op10;op11,15,linear3,,37.5
p736,646.117,BATCH_PIPELINE,op1,,1,const,,55
p736,,,op2,op1,20,linear7,,30
p736,,,op3,op2,20,linear7,,30
p736,,,op4,op3,20,linear7,,30
p736,,,op5,op4,5,linear3,,45
p736,,,op6,op5,5,linear3,,45
p736,,,op7,op6,2,sqrt,,55
p737,646.117,INTERACTIVE,op1,,1,const,,55
p737,,,op2,op1,15,linear3,,37.5
p737,,,op3,op2,2,sqrt,,55
p737,,,op4,op3,1,const,,55
p737,,,op5,op4,40,linear7,,20
p737,,,op6,op5,5,linear3,,45
p737,,,op7,op6,2,sqrt,,55
p737,,,op8,op7,2,sqrt,,55
p738,646.117,QUERY,op1,,15,linear3,,35
p739,646.117,BATCH_PIPELINE,op1,,1,const,,55
p739,,,op2,op1,40,linear7,,20
p739,,,op3,op2,1,const,,55
p739,,,op4,op3,80,squared,,10
p739,,,op5,op4,80,squared,,10
p739,,,op6,op5,1,const,,55
p739,,,op7,op6,15,linear3,,37.5
p740,646.117,BATCH_PIPELINE,op1,,1,const,,55
p740,,,op2,op1,20,linear7,,30
p740,,,op3,op2,5,linear3,,45
p740,,,op4,op3,2,sqrt,,55
p740,,,op5,op4,5,linear3,,45
p740,,,op6,op5,20,linear7,,30
p740,,,op7,op6,1,const,,55
p741,651.413,BATCH_PIPELINE,op1,,1,const,,55
p741,,,op2,op1,80,squared,,10
p741,,,op3,op2,5,linear3,,45
p741,,,op4,op3,20,linear7,,30
p741,,,op5,op4,80,squared,,10
p741,,,op6,op5,20,linear7,,30
p742,651.413,BATCH_PIPELINE,op1,,1,const,,55
p742,,,op2,op1,5,linear3,,45
p742,,,op3,op2,1,const,,55
p742,,,op4,op3,20,linear7,,30
p742,,,op5,op4,2,sqrt,,55
p743,651.413,BATCH_PIPELINE,op1,,1,const,,55
p743,,,op2,op1,20,linear7,,30
p743,,,op3,op2,1,const,,55
p743,,,op4,op3,20,linear7,,30
p743,,,op5,op4,5,linear3,,45
p743,,,op6,op5,2,sqrt,,55
p743,,,op7,op6,5,linear3,,45
p743,,,op8,op7,5,linear3,,45
p743,,,op9,op8,5,linear3,,45
p743,,,op10,op9,40,linear7,,20
p743,,,op11,op10,2,sqrt,,55
p744,651.413,BATCH_PIPELINE,op1,,1,const,,55
p744,,,op2,op1,2,sqrt,,55
p744,,,op3,op2,15,linear3,,37.5
p744,,,op4,op3,5,linear3,,45
p744,,,op5,op4,5,linear3,,45
p745,651.413,BATCH_PIPELINE,op1,,1,const,,55
p745,,,op2,op1,5,linear3,,45
p745,,,op3,op2,15,linear3,,37.5
p745,,,op4,op3,2,sqrt,,55
p745,,,op5,op4,2,sqrt,,55
p745,,,op6,op5,1,const,,55
p745,,,op7,op6,5,linear3,,45
p745,,,op8,op7,15,linear3,,37.5
p745,,,op9,op8,1,const,,55
p745,,,op10,op9,15,linear3,,37.5
p746,651.413,BATCH_PIPELINE,op1,,1,const,,55
p746,,,op2,op1,1,const,,55
p746,,,op3,op2,20,linear7,,30
p746,,,op4,op3,1,const,,55
p746,,,op5,op4,40,linear7,,20
p746,,,op6,op5,5,linear3,,45
p746,,,op7,op6,80,squared,,10
p746,,,op8,op7,1,const,,55
p746,,,op9,op8,40,linear7,,20
p746,,,op10,op9,5,linear3,,45
p747,651.413,BATCH_PIPELINE,op1,,1,const,,55
p747,,,op2,op1,20,linear7,,30
p747,,,op3,op2,80,squared,,10
p747,,,op4,op3,40,linear7,,20
p747,,,op5,op4,5,linear3,,45
p748,651.413,BATCH_PIPELINE,op1,,1,const,,55
p748,,,op2,op1,2,sqrt,,55
p748,,,op3,op2,80,squared,,10
p748,,,op4,op3,20,linear7,,30
p748,,,op5,op4,15,linear3,,37.5
p749,651.413,BATCH_PIPELINE,op1,,1,const,,55
p749,,,op2,,5,linear3,,45
p749,,,op3,,20,linear7,,30
p749,,,op4,,5,linear3,,45
p749,,,op5,,2,sqrt,,55
p749,,,op6,,20,linear7,,30
p749,,,op7,,15,linear3,,37.5
p749,,,op8,,20,linear7,,30
p749,,,op9,op1;op2;op3;op4;op5;op6;op7;op8,5,linear3,,45
p750,651.413,BATCH_PIPELINE,op1,,1,const,,55
p750,,,op2,,20,linear7,,30
p750,,,op3,,5,linear3,,45
p750,,,op4,,5,linear3,,45
p750,,,op5,,40,linear7,,20
p750,,,op6,,5,linear3,,45
p750,,,op7,,2,sqrt,,55
p750,,,op8,,80,squared,,10
p750,,,op9,,15,linear3,,37.5
p750,,,op10,,80,squared,,10
p750,,,op11,op1;op2;op3;op4;op5;op6;op7;op8;op9;op10,1,const,,55
p751,661.5790000000001,BATCH_PIPELINE,op1,,1,const,,55
p751,,,op2,,1,const,,55
p751,,,op3,,40,linear7,,20
p751,,,op4,,2,sqrt,,55
p751,,,op5,,15,linear3,,37.5
p751,,,op6,,1,const,,55
p751,,,op7,,80,squared,,10
p751,,,op8,op1;op2;op3;op4;op5;op6;op7,40,linear7,,20
p752,661.5790000000001,BATCH_PIPELINE,op1,,1,const,,55
p752,,,op2,op1,5,linear3,,45
p752,,,op3,op2,1,const,,55
p752,,,op4,op3,1,const,,55
p752,,,op5,op4,2,sqrt,,55
p753,661.5790000000001,BATCH_PIPELINE,op1,,1,const,,55
p753,,,op2,op1,5,linear3,,45
p753,,,op3,op2,15,linear3,,37.5
p753,,,op4,op3,2,sqrt,,55
p753,,,op5,op4,15,linear3,,37.5
p753,,,op6,op5,80,squared,,10
p754,661.5790000000001,BATCH_PIPELINE,op1,,1,const,,55
p754,,,op2,op1,80,squared,,10
p754,,,op3,op2,5,linear3,,45
p754,,,op4,op3,40,linear7,,20
p754,,,op5,op4,5,linear3,,45
p754,,,op6,op5,20,linear7,,30
p754,,,op7,op6,20,linear7,,30
p754,,,op8,op7,5,linear3,,45
p755,661.5790000000001,BATCH_PIPELINE,op1,,1,const,,55
p755,,,op2,op1,5,linear3,,45
p755,,,op3,op1,15,linear3,,37.5
p755,,,op4,op1,5,linear3,,45
p755,,,op5,op1,15,linear3,,37.5
p755,,,op6,op1,2,sqrt,,55
p756,661.5790000000001,INTERACTIVE,op1,,1,const,,55
p756,,,op2,op1,15,linear3,,37.5
p756,,,op3,op2,15,linear3,,37.5
p756,,,op4,op3,5,linear3,,45
p756,,,op5,op4,15,linear3,,37.5
p756,,,op6,op5,2,sqrt,,55
p756,,,op7,op6,80,squared,,10
p756,,,op8,op7,40,linear7,,20
p757,661.5790000000001,BATCH_PIPELINE,op1,,1,const,,55
p757,,,op2,,1,const,,55
p757,,,op3,,5,linear3,,45
p757,,,op4,,1,const,,55
p757,,,op5,,5,linear3,,45
p757,,,op6,,15,linear3,,37.5
p757,,,op7,,40,linear7,,20
p757,,,op8,,1,const,,55
p757,,,op9,,15,linear3,,37.5
p757,,,op10,op1;op2;op3;op4;op5;op6;op7;op8;op9,15,linear3,,37.5
p758,661.5790000000001,BATCH_PIPELINE,op1,,1,const,,55
p758,,,op2,op1,5,linear3,,45
p758,,,op3,op1,80,squared,,10
p758,,,op4,op1,2,sqrt,,55
p758,,,op5,op1,20,linear7,,30
p758,,,op6,op1,15,linear3,,37.5
p759,661.5790000000001,QUERY,op1,,15,linear3,,35
p760,661.5790000000001,QUERY,op1,,15,linear3,,35
p761,669.9060000000001,BATCH_PIPELINE,op1,,1,const,,55
p762,669.9060000000001,BATCH_PIPELINE,op1,,1,const,,55
p762,,,op2,op1,1,const,,55
p762,,,op3,op2,5,linear3,,45
p762,,,op4,op3,15,linear3,,37.5
p762,,,op5,op4,2,sqrt,,55
p762,,,op6,op5,80,squared,,10
p762,,,op7,op6,80,squared,,10
p762,,,op8,op7,20,linear7,,30
p762,,,op9,op8,15,linear3,,37.5
p762,,,op10,op9,1,const,,55
p762,,,op11,op10,80,squared,,10
p763,669.9060000000001,BATCH_PIPELINE,op1,,1,const,,55
p763,,,op2,op1,5,linear3,,45
p763,,,op3,op2,15,linear3,,37.5
p763,,,op4,op3,1,const,,55
p763,,,op5,op4,40,linear7,,20
p763,,,op6,op5,5,linear3,,45
p763,,,op7,op6,40,linear7,,20
p764,669.9060000000001,BATCH_PIPELINE,op1,,1,const,,55
p764,,,op2,op1,20,linear7,,30
p764,,,op3,op1,2,sqrt,,55
p764,,,op4,op1,5,linear3,,45
p764,,,op5,op1,15,linear3,,37.5
p764,,,op6,op1,15,linear3,,37.5
p764,,,op7,op1,1,const,,55
p765,669.9060000000001,INTERACTIVE,op1,,1,const,,55
p765,,,op2,op1,15,linear3,,37.5
p765,,,op3,op2,15,linear3,,37.5
p765,,,op4,op3,15,linear3,,37.5
p765,,,op5,op4,2,sqrt,,55
p765,,,op6,op5,15,linear3,,37.5
p765,,,op7,op6,40,linear7,,20
p765,,,op8,op7,2,sqrt,,55
p765,,,op9,op8,5,linear3,,45
p766,669.9060000000001,BATCH_PIPELINE,op1,,1,const,,55
p766,,,op2,op1,2,sqrt,,55
p766,,,op3,op2,15,linear3,,37.5
p766,,,op4,op3,1,const,,55
p766,,,op5,op4,2,sqrt,,55
p766,,,op6,op5,1,const,,55
p766,,,op7,op6,2,sqrt,,55
p766,,,op8,op7,40,linear7,,20
p766,,,op9,op8,2,sqrt,,55
p767,669.9060000000001,BATCH_PIPELINE,op1,,1,const,,55
p767,,,op2,,2,sqrt,,55
p767,,,op3,,15,linear3,,37.5
p767,,,op4,,15,linear3,,37.5
p767,,,op5,,80,squared,,10
p767,,,op6,op1;op2;op3;op4;op5,20,linear7,,30
p768,669.9060000000001,BATCH_PIPELINE,op1,,1,const,,55
p768,,,op2,op1,1,const,,55
p768,,,op3,op2,2,sqrt,,55
p768,,,op4,op3,5,linear3,,45
p768,,,op5,op4,5,linear3,,45
p768,,,op6,op5,5,linear3,,45
p768,,,op7,op6,1,const,,55
p768,,,op8,op7,80,squared,,10
p768,,,op9,op8,1,const,,55
p769,669.9060000000001,QUERY,op1,,15,linear3,,35
p770,669.9060000000001,BATCH_PIPELINE,op1,,1,const,,55
p770,,,op2,op1,1,const,,55
p770,,,op3,op2,5,linear3,,45
p770,,,op4,op3,2,sqrt,,55
p770,,,op5,op4,15,linear3,,37.5
p770,,,op6,op5,1,const,,55
p770,,,op7,op6,20,linear7,,30
p771,679.166,BATCH_PIPELINE,op1,,1,const,,55
p771,,,op2,op1,2,sqrt,,55
p771,,,op3,op2,5,linear3,,45
p771,,,op4,op3,5,linear3,,45
p771,,,op5,op4,15,linear3,,37.5
p771,,,op6,op5,2,sqrt,,55
p771,,,op7,op6,1,const,,55
p771,,,op8,op7,5,linear3,,45
p771,,,op9,op8,15,linear3,,37.5
p771,,,op10,op9,15,linear3,,37.5
p772,679.166,BATCH_PIPELINE,op1,,1,const,,55
p772,,,op2,op1,40,linear7,,20
p772,,,op3,op2,20,linear7,,30
p772,,,op4,op3,80,squared,,10
p772,,,op5,op4,80,squared,,10
p772,,,op6,op5,40,linear7,,20
p772,,,op7,op6,20,linear7,,30
p772,,,op8,op7,5,linear3,,45
p772,,,op9,op8,15,linear3,,37.5
p772,,,op10,op9,5,linear3,,45
p772,,,op11,op10,20,linear7,,30
p773,679.166,BATCH_PIPELINE,op1,,1,const,,55
p773,,,op2,op1,80,squared,,10
p773,,,op3,op2,5,linear3,,45
p773,,,op4,op3,20,linear7,,30
p773,,,op5,op4,80,squared,,10
p773,,,op6,op5,15,linear3,,37.5
p773,,,op7,op6,80,squared,,10
p774,679.166,BATCH_PIPELINE,op1,,1,const,,55
p774,,,op2,op1,15,linear3,,37.5
p774,,,op3,op2,80,squared,,10
p774,,,op4,op3,1,const,,55
p774,,,op5,op4,5,linear3,,45
p774,,,op6,op5,80,squared,,10
p774,,,op7,op6,1,const,,55
p774,,,op8,op7,20,linear7,,30
p774,,,op9,op8,20,linear7,,30
p774,,,op10,op9,80,squared,,10
p774,,,op11,op10,1,const,,55
p774,,,op12,op11,80,squared,,10
p775,679.166,BATCH_PIPELINE,op1,,1,const,,55
p775,,,op2,op1,2,sqrt,,55
p775,,,op3,op2,20,linear7,,30
p775,,,op4,op3,1,const,,55
p775,,,op5,op4,20,linear7,,30
p775,,,op6,op5,2,sqrt,,55
p775,,,op7,op6,1,const,,55
p776,679.166,BATCH_PIPELINE,op1,,1,const,,55
p776,,,op2,op1,15,linear3,,37.5
p776,,,op3,op2,20,linear7,,30
p776,,,op4,op3,40,linear7,,20
p776,,,op5,op4,5,linear3,,45
p776,,,op6,op5,2,sqrt,,55
p776,,,op7,op6,15,linear3,,37.5
p776,,,op8,op7,20,linear7,,30
p777,679.166,BATCH_PIPELINE,op1,,1,const,,55
p777,,,op2,op1,5,linear3,,45
p777,,,op3,op2,2,sqrt,,55
p777,,,op4,op3,20,linear7,,30
p777,,,op5,op4,1,const,,55
p777,,,op6,op5,1,const,,55
p778,679.166,BATCH_PIPELINE,op1,,1,const,,55
p778,,,op2,op1,2,sqrt,,55
p778,,,op3,op2,5,linear3,,45
p778,,,op4,op3,5,linear3,,45
p778,,,op5,op4,15,linear3,,37.5
p778,,,op6,op5,2,sqrt,,55
p778,,,op7,op6,80,squared,,10
p779,679.166,BATCH_PIPELINE,op1,,1,const,,55
p779,,,op2,op1,15,linear3,,37.5
p779,,,op3,op2,40,linear7,,20
p779,,,op4,op3,2,sqrt,,55
p779,,,op5,op4,20,linear7,,30
p779,,,op6,op5,15,linear3,,37.5
p780,679.166,BATCH_PIPELINE,op1,,1,const,,55
p780,,,op2,op1,5,linear3,,45
p780,,,op3,op2,20,linear7,,30
p780,,,op4,op3,5,linear3,,45
p780,,,op5,op4,80,squared,,10
p780,,,op6,op5,15,linear3,,37.5
p780,,,op7,op6,5,linear3,,45
p780,,,op8,op7,5,linear3,,45
p780,,,op9,op8,1,const,,55
p780,,,op10,op9,20,linear7,,30
p781,686.321,BATCH_PIPELINE,op1,,1,const,,55
p781,,,op2,op1,40,linear7,,20
p781,,,op3,op2,1,const,,55
p781,,,op4,op3,80,squared,,10
p781,,,op5,op4,5,linear3,,45
p782,686.321,INTERACTIVE,op1,,1,const,,55
p782,,,op2,op1,20,linear7,,30
p782,,,op3,op2,40,linear7,,20
p782,,,op4,op3,20,linear7,,30
p782,,,op5,op4,80,squared,,10
p782,,,op6,op5,20,linear7,,30
p782,,,op7,op6,80,squared,,10
p782,,,op8,op7,40,linear7,,20
p782,,,op9,op8,1,const,,55
p783,686.321,BATCH_PIPELINE,op1,,1,const,,55
p783,,,op2,op1,15,linear3,,37.5
p783,,,op3,op2,40,linear7,,20
p783,,,op4,op3,2,sqrt,,55
p783,,,op5,op4,20,linear7,,30
p783,,,op6,op5,5,linear3,,45
p784,686.321,BATCH_PIPELINE,op1,,1,const,,55
p784,,,op2,op1,1,const,,55
p784,,,op3,op2,15,linear3,,37.5
p784,,,op4,op3,20,linear7,,30
p784,,,op5,op4,15,linear3,,37.5
p784,,,op6,op5,40,linear7,,20
p784,,,op7,op6,5,linear3,,45
p784,,,op8,op7,15,linear3,,37.5
p785,686.321,BATCH_PIPELINE,op1,,1,const,,55
p785,,,op2,op1,5,linear3,,45
p785,,,op3,op2,2,sqrt,,55
p786,686.321,BATCH_PIPELINE,op1,,1,const,,55
p786,,,op2,op1,5,linear3,,45
p786,,,op3,op2,20,linear7,,30
p786,,,op4,op3,20,linear7,,30
p786,,,op5,op4,15,linear3,,37.5
p786,,,op6,op5,2,sqrt,,55
p786,,,op7,op6,2,sqrt,,55
p786,,,op8,op7,20,linear7,,30
p786,,,op9,op8,15,linear3,,37.5
p786,,,op10,op9,2,sqrt,,55
p787,686.321,BATCH_PIPELINE,op1,,1,const,,55
p787,,,op2,op1,15,linear3,,37.5
p787,,,op3,op1,40,linear7,,20
p787,,,op4,op1,1,const,,55
p787,,,op5,op1,15,linear3,,37.5
p787,,,op6,op1,5,linear3,,45
p787,,,op7,op1,15,linear3,,37.5
p787,,,op8,op1,40,linear7,,20
p787,,,op9,op1,1,const,,55
p788,686.321,BATCH_PIPELINE,op1,,1,const,,55
p788,,,op2,op1,5,linear3,,45
p788,,,op3,op2,20,linear7,,30
p788,,,op4,op3,15,linear3,,37.5
p788,,,op5,op4,20,linear7,,30
p788,,,op6,op5,20,linear7,,30
p788,,,op7,op6,2,sqrt,,55
p788,,,op8,op7,40,linear7,,20
p788,,,op9,op8,40,linear7,,20
p788,,,op10,op9,15,linear3,,37.5
p789,686.321,BATCH_PIPELINE,op1,,1,const,,55
p789,,,op2,op1,1,const,,55
p789,,,op3,op2,5,linear3,,45
p789,,,op4,op3,1,const,,55
p789,,,op5,op4,20,linear7,,30
p789,,,op6,op5,15,linear3,,37.5
p789,,,op7,op6,1,const,,55
p790,686.321,BATCH_PIPELINE,op1,,1,const,,55
p790,,,op2,op1,5,linear3,,45
p790,,,op3,op2,2,sqrt,,55
p790,,,op4,op3,2,sqrt,,55
p790,,,op5,op4,5,linear3,,45
p790,,,op6,op5,15,linear3,,37.5
p790,,,op7,op6,15,linear3,,37.5
p791,694.892,BATCH_PIPELINE,op1,,1,const,,55
p791,,,op2,op1,2,sqrt,,55
p791,,,op3,op2,5,linear3,,45
p791,,,op4,op3,80,squared,,10
p791,,,op5,op4,20,linear7,,30
p791,,,op6,op5,1,const,,55
p791,,,op7,op6,20,linear7,,30
p792,694.892,QUERY,op1,,15,linear3,,35
p793,694.892,QUERY,op1,,15,linear3,,35
p794,694.892,BATCH_PIPELINE,op1,,1,const,,55
p794,,,op2,,20,linear7,,30
p794,,,op3,,40,linear7,,20
p794,,,op4,,20,linear7,,30
p794,,,op5,,5,linear3,,45
p794,,,op6,,20,linear7,,30
p794,,,op7,op1;op2;op3;op4;op5;op6,40,linear7,,20
p795,694.892,BATCH_PIPELINE,op1,,1,const,,55
p795,,,op2,op1,15,linear3,,37.5
p795,,,op3,op2,15,linear3,,37.5
p795,,,op4,op3,15,linear3,,37.5
p795,,,op5,op4,1,const,,55
p795,,,op6,op5,15,linear3,,37.5
p795,,,op7,op6,15,linear3,,37.5
p795,,,op8,op7,5,linear3,,45
p795,,,op9,op8,15,linear3,,37.5
p795,,,op10,op9,15,linear3,,37.5
p795,,,op11,op10,20,linear7,,30
p796,694.892,BATCH_PIPELINE,op1,,1,const,,55
p796,,,op2,op1,80,squared,,10
p796,,,op3,op2,5,linear3,,45
p796,,,op4,op3,15,linear3,,37.5
p796,,,op5,op4,5,linear3,,45
p796,,,op6,op5,5,linear3,,45
p796,,,op7,op6,80,squared,,10
p796,,,op8,op7,40,linear7,,20
p797,694.892,BATCH_PIPELINE,op1,,1,const,,55
p797,,,op2,,15,linear3,,37.5
p797,,,op3,,5,linear3,,45
p797,,,op4,,15,linear3,,37.5
p797,,,op5,,5,linear3,,45
p797,,,op6,,15,linear3,,37.5
p797,,,op7,op1;op2;op3;op4;op5;op6,15,linear3,,37.5
p798,694.892,BATCH_PIPELINE,op1,,1,const,,55
p798,,,op2,op1,2,sqrt,,55
p798,,,op3,op2,5,linear3,,45
p798,,,op4,op3,5,linear3,,45
p798,,,op5,op4,2,sqrt,,55
p798,,,op6,op5,40,linear7,,20
p799,694.892,BATCH_PIPELINE,op1,,1,const,,55
p799,,,op2,,5,linear3,,45
p799,,,op3,,5,linear3,,45
p799,,,op4,,2,sqrt,,55
p799,,,op5,,20,linear7,,30
p799,,,op6,op1;op2;op3;op4;op5,20,linear7,,30
p800,694.892,BATCH_PIPELINE,op1,,1,const,,55
p800,,,op2,op1,5,linear3,,45
p800,,,op3,op2,2,sqrt,,55
p800,,,op4,op3,40,linear7,,20
p800,,,op5,op4,20,linear7,,30
p800,,,op6,op5,2,sqrt,,55
p800,,,op7,op6,15,linear3,,37.5
p800,,,op8,op7,5,linear3,,45
p800,,,op9,op8,1,const,,55
p801,704.292,QUERY,op1,,15,linear3,,35
p802,704.292,BATCH_PIPELINE,op1,,1,const,,55
p802,,,op2,op1,5,linear3,,45
p802,,,op3,op1,15,linear3,,37.5
p802,,,op4,op1,2,sqrt,,55
p802,,,op5,op1,20,linear7,,30
p803,704.292,BATCH_PIPELINE,op1,,1,const,,55
p803,,,op2,op1,2,sqrt,,55
p803,,,op3,op2,15,linear3,,37.5
p803,,,op4,op3,1,const,,55
p803,,,op5,op4,20,linear7,,30
p803,,,op6,op5,2,sqrt,,55
p803,,,op7,op6,40,linear7,,20
p803,,,op8,op7,5,linear3,,45
p803,,,op9,op8,40,linear7,,20
p804,704.292,INTERACTIVE,op1,,1,const,,55
p804,,,op2,op1,40,linear7,,20
p804,,,op3,op2,80,squared,,10
p804,,,op4,op3,15,linear3,,37.5
p804,,,op5,op4,80,squared,,10
p804,,,op6,op5,15,linear3,,37.5
p805,704.292,INTERACTIVE,op1,,1,const,,55
p805,,,op2,op1,1,const,,55
p805,,,op3,op2,2,sqrt,,55
p805,,,op4,op3,20,linear7,,30
p805,,,op5,op4,1,const,,55
p805,,,op6,op5,20,linear7,,30
p806,704.292,BATCH_PIPELINE,op1,,1,const,,55
p806,,,op2,,5,linear3,,45
p806,,,op3,,2,sqrt,,55
p806,,,op4,,5,linear3,,45
p806,,,op5,,15,linear3,,37.5
p806,,,op6,op1;op2;op3;op4;op5,5,linear3,,45
p807,704.292,INTERACTIVE,op1,,1,const,,55
p807,,,op2,op1,2,sqrt,,55
p807,,,op3,op2,15,linear3,,37.5
p807,,,op4,op3,40,linear7,,20
p807,,,op5,op4,40,linear7,,20
p807,,,op6,op5,5,linear3,,45
p808,704.292,QUERY,op1,,15,linear3,,35
p809,704.292,BATCH_PIPELINE,op1,,1,const,,55
p809,,,op2,op1,2,sqrt,,55
p809,,,op3,op2,20,linear7,,30
p809,,,op4,op3,80,squared,,10
p809,,,op5,op4,20,linear7,,30
p809,,,op6,op5,20,linear7,,30
p810,704.292,BATCH_PIPELINE,op1,,1,const,,55
p810,,,op2,op1,2,sqrt,,55
p810,,,op3,op2,5,linear3,,45
p810,,,op4,op3,80,squared,,10
p810,,,op5,op4,5,linear3,,45
p811,711.6270000000001,BATCH_PIPELINE,op1,,1,const,,55
p811,,,op2,op1,40,linear7,,20
p811,,,op3,op1,15,linear3,,37.5
p811,,,op4,op1,1,const,,55
p811,,,op5,op1,20,linear7,,30
p811,,,op6,op1,5,linear3,,45
p812,711.6270000000001,BATCH_PIPELINE,op1,,1,const,,55
p812,,,op2,,80,squared,,10
p812,,,op3,,2,sqrt,,55
p812,,,op4,,5,linear3,,45
p812,,,op5,,15,linear3,,37.5
p812,,,op6,op1;op2;op3;op4;op5,2,sqrt,,55
p813,711.6270000000001,BATCH_PIPELINE,op1,,1,const,,55
p813,,,op2,op1,15,linear3,,37.5
p813,,,op3,op1,15,linear3,,37.5
p813,,,op4,op1,15,linear3,,37.5
p813,,,op5,op1,5,linear3,,45
p813,,,op6,op1,5,linear3,,45
p813,,,op7,op1,5,linear3,,45
p814,711.6270000000001,QUERY,op1,,15,linear3,,35
p815,711.6270000000001,BATCH_PIPELINE,op1,,1,const,,55
p815,,,op2,op1,2,sqrt,,55
p815,,,op3,op1,5,linear3,,45
p815,,,op4,op1,2,sqrt,,55
p815,,,op5,op1,80,squared,,10
p815,,,op6,op1,15,linear3,,37.5
p815,,,op7,op1,15,linear3,,37.5
p815,,,op8,op1,5,linear3,,45
p816,711.6270000000001,BATCH_PIPELINE,op1,,1,const,,55
p816,,,op2,op1,2,sqrt,,55
p816,,,op3,op2,5,linear3,,45
p816,,,op4,op3,1,const,,55
p816,,,op5,op4,1,const,,55
p817,711.6270000000001,BATCH_PIPELINE,op1,,1,const,,55
p817,,,op2,op1,40,linear7,,20
p817,,,op3,op2,20,linear7,,30
p817,,,op4,op3,5,linear3,,45
p817,,,op5,op4,2,sqrt,,55
p817,,,op6,op5,40,linear7,,20
p817,,,op7,op6,15,linear3,,37.5
p817,,,op8,op7,80,squared,,10
p817,,,op9,op8,5,linear3,,45
p818,711.6270000000001,BATCH_PIPELINE,op1,,1,const,,55
p818,,,op2,op1,80,squared,,10
p818,,,op3,op2,2,sqrt,,55
p818,,,op4,op3,5,linear3,,45
p818,,,op5,op4,2,sqrt,,55
p818,,,op6,op5,1,const,,55
p818,,,op7,op6,20,linear7,,30
p819,711.6270000000001,BATCH_PIPELINE,op1,,1,const,,55
p819,,,op2,op1,1,const,,55
p819,,,op3,op2,40,linear7,,20
p819,,,op4,op3,5,linear3,,45
p819,,,op5,op4,20,linear7,,30
p819,,,op6,op5,20,linear7,,30
p819,,,op7,op6,40,linear7,,20
p819,,,op8,op7,5,linear3,,45
p820,711.6270000000001,BATCH_PIPELINE,op1,,1,const,,55
p820,,,op2,op1,2,sqrt,,55
p820,,,op3,op2,15,linear3,,37.5
p820,,,op4,op3,5,linear3,,45
p820,,,op5,op4,1,const,,55
p820,,,op6,op5,20,linear7,,30
p820,,,op7,op6,5,linear3,,45
p820,,,op8,op7,5,linear3,,45
p821,719.587,INTERACTIVE,op1,,1,const,,55
p821,,,op2,op1,5,linear3,,45
p821,,,op3,op1,20,linear7,,30
p821,,,op4,op1,80,squared,,10
p821,,,op5,op1,20,linear7,,30
p821,,,op6,op1,20,linear7,,30
p821,,,op7,op1,20,linear7,,30
p822,719.587,BATCH_PIPELINE,op1,,1,const,,55
p822,,,op2,op1,2,sqrt,,55
p822,,,op3,op1,2,sqrt,,55
p822,,,op4,op1,1,const,,55
p822,,,op5,op1,1,const,,55
p822,,,op6,op1,5,linear3,,45
p823,719.587,BATCH_PIPELINE,op1,,1,const,,55
p823,,,op2,op1,5,linear3,,45
p823,,,op3,op2,40,linear7,,20
p823,,,op4,op3,5,linear3,,45
p823,,,op5,op4,20,linear7,,30
p823,,,op6,op5,15,linear3,,37.5
p824,719.587,BATCH_PIPELINE,op1,,1,const,,55
p824,,,op2,op1,5,linear3,,45
p824,,,op3,op1,2,sqrt,,55
p824,,,op4,op1,15,linear3,,37.5
p824,,,op5,op1,1,const,,55
p824,,,op6,op1,15,linear3,,37.5
p824,,,op7,op1,20,linear7,,30
p825,719.587,BATCH_PIPELINE,op1,,1,const,,55
p825,,,op2,op1,15,linear3,,37.5
p825,,,op3,op2,80,squared,,10
p825,,,op4,op3,1,const,,55
p825,,,op5,op4,2,sqrt,,55
p825,,,op6,op5,80,squared,,10
p826,719.587,BATCH_PIPELINE,op1,,1,const,,55
p826,,,op2,,1,const,,55
p826,,,op3,,15,linear3,,37.5
p826,,,op4,op1;op2;op3,20,linear7,,30
p827,719.587,BATCH_PIPELINE,op1,,1,const,,55
p827,,,op2,op1,1,const,,55
p827,,,op3,op2,1,const,,55
p827,,,op4,op3,5,linear3,,45
p827,,,op5,op4,2,sqrt,,55
p827,,,op6,op5,5,linear3,,45
p827,,,op7,op6,1,const,,55
p828,719.587,BATCH_PIPELINE,op1,,1,const,,55
p828,,,op2,op1,15,linear3,,37.5
p828,,,op3,op2,15,linear3,,37.5
p828,,,op4,op3,1,const,,55
p828,,,op5,op4,20,linear7,,30
p828,,,op6,op5,5,linear3,,45
p828,,,op7,op6,5,linear3,,45
p829,719.587,BATCH_PIPELINE,op1,,1,const,,55
p829,,,op2,op1,80,squared,,10
p829,,,op3,op2,20,linear7,,30
p829,,,op4,op3,2,sqrt,,55
p829,,,op5,op4,1,const,,55
p829,,,op6,op5,40,linear7,,20
p830,719.587,INTERACTIVE,op1,,1,const,,55
p830,,,op2,op1,2,sqrt,,55
p830,,,op3,op2,5,linear3,,45
p830,,,op4,op3,20,linear7,,30
p830,,,op5,op4,2,sqrt,,55
p830,,,op6,op5,15,linear3,,37.5
p831,731.038,BATCH_PIPELINE,op1,,1,const,,55
p831,,,op2,op1,15,linear3,,37.5
p831,,,op3,op2,1,const,,55
p831,,,op4,op3,1,const,,55
p831,,,op5,op4,20,linear7,,30
p831,,,op6,op5,1,const,,55
p831,,,op7,op6,5,linear3,,45
p831,,,op8,op7,15,linear3,,37.5
p831,,,op9,op8,80,squared,,10
p831,,,op10,op9,5,linear3,,45
p832,731.038,BATCH_PIPELINE,op1,,1,const,,55
p832,,,op2,op1,5,linear3,,45
p832,,,op3,op2,40,linear7,,20
p832,,,op4,op3,2,sqrt,,55
p832,,,op5,op4,15,linear3,,37.5
p832,,,op6,op5,20,linear7,,30
p832,,,op7,op6,5,linear3,,45
p833,731.038,BATCH_PIPELINE,op1,,1,const,,55
p833,,,op2,,15,linear3,,37.5
p833,,,op3,,15,linear3,,37.5
p833,,,op4,,2,sqrt,,55
p833,,,op5,,2,sqrt,,55
p833,,,op6,,40,linear7,,20
p833,,,op7,,20,linear7,,30
p833,,,op8,op1;op2;op3;op4;op5;op6;op7,2,sqrt,,55
p834,731.038,INTERACTIVE,op1,,1,const,,55
p834,,,op2,,40,linear7,,20
p834,,,op3,op1;op2,15,linear3,,37.5
p835,731.038,BATCH_PIPELINE,op1,,1,const,,55
p836,731.038,BATCH_PIPELINE,op1,,1,const,,55
p836,,,op2,op1,5,linear3,,45
p836,,,op3,op2,5,linear3,,45
p836,,,op4,op3,1,const,,55
p836,,,op5,op4,5,linear3,,45
p836,,,op6,op5,1,const,,55
p836,,,op7,op6,1,const,,55
p836,,,op8,op7,2,sqrt,,55
p837,731.038,BATCH_PIPELINE,op1,,1,const,,55
p837,,,op2,op1,5,linear3,,45
p837,,,op3,op2,1,const,,55
p837,,,op4,op3,40,linear7,,20
p837,,,op5,op4,1,const,,55
p837,,,op6,op5,5,linear3,,45
p837,,,op7,op6,15,linear3,,37.5
p838,731.038,BATCH_PIPELINE,op1,,1,const,,55
p838,,,op2,op1,2,sqrt,,55
p838,,,op3,op2,2,sqrt,,55
p838,,,op4,op3,2,sqrt,,55
p838,,,op5,op4,40,linear7,,20
p838,,,op6,op5,1,const,,55
p839,731.038,BATCH_PIPELINE,op1,,1,const,,55
p839,,,op2,op1,5,linear3,,45
p839,,,op3,op2,20,linear7,,30
p839,,,op4,op3,5,linear3,,45
p839,,,op5,op4,20,linear7,,30
p839,,,op6,op5,1,const,,55
p839,,,op7,op6,1,const,,55
p839,,,op8,op7,15,linear3,,37.5
p840,731.038,BATCH_PIPELINE,op1,,1,const,,55
p840,,,op2,op1,80,squared,,10
p840,,,op3,op2,5,linear3,,45
p840,,,op4,op3,20,linear7,,30
p840,,,op5,op4,20,linear7,,30
p840,,,op6,op5,80,squared,,10
p840,,,op7,op6,5,linear3,,45
p840,,,op8,op7,2,sqrt,,55
p841,736.668,BATCH_PIPELINE,op1,,1,const,,55
p841,,,op2,op1,80,squared,,10
p841,,,op3,op2,15,linear3,,37.5
p841,,,op4,op3,1,const,,55
p841,,,op5,op4,5,linear3,,45
p841,,,op6,op5,2,sqrt,,55
p841,,,op7,op6,5,linear3,,45
p841,,,op8,op7,5,linear3,,45
p842,736.668,BATCH_PIPELINE,op1,,1,const,,55
p842,,,op2,op1,15,linear3,,37.5
p842,,,op3,op2,5,linear3,,45
p842,,,op4,op3,20,linear7,,30
p842,,,op5,op4,20,linear7,,30
p843,736.668,INTERACTIVE,op1,,1,const,,55
p843,,,op2,op1,20,linear7,,30
p843,,,op3,op2,40,linear7,,20
p843,,,op4,op3,15,linear3,,37.5
p843,,,op5,op4,15,linear3,,37.5
p843,,,op6,op5,80,squared,,10
p843,,,op7,op6,5,linear3,,45
p843,,,op8,op7,20,linear7,,30
p843,,,op9,op8,20,linear7,,30
p844,736.668,BATCH_PIPELINE,op1,,1,const,,55
p844,,,op2,op1,5,linear3,,45
p844,,,op3,op2,1,const,,55
p844,,,op4,op3,2,sqrt,,55
p844,,,op5,op4,15,linear3,,37.5
p844,,,op6,op5,40,linear7,,20
p845,736.668,QUERY,op1,,15,linear3,,35
p846,736.668,BATCH_PIPELINE,op1,,1,const,,55
p846,,,op2,op1,20,linear7,,30
p846,,,op3,op2,15,linear3,,37.5
p846,,,op4,op3,5,linear3,,45
p846,,,op5,op4,5,linear3,,45
p846,,,op6,op5,15,linear3,,37.5
p846,,,op7,op6,40,linear7,,20
p846,,,op8,op7,15,linear3,,37.5
p846,,,op9,op8,40,linear7,,20
p847,736.668,BATCH_PIPELINE,op1,,1,const,,55
p847,,,op2,op1,40,linear7,,20
p847,,,op3,op2,5,linear3,,45
p847,,,op4,op3,20,linear7,,30
p847,,,op5,op4,2,sqrt,,55
p847,,,op6,op5,1,const,,55
p847,,,op7,op6,80,squared,,10
p847,,,op8,op7,2,sqrt,,55
p847,,,op9,op8,40,linear7,,20
p848,736.668,BATCH_PIPELINE,op1,,1,const,,55
p848,,,op2,op1,1,const,,55
p848,,,op3,op2,15,linear3,,37.5
p848,,,op4,op3,2,sqrt,,55
p848,,,op5,op4,5,linear3,,45
p848,,,op6,op5,40,linear7,,20
p848,,,op7,op6,15,linear3,,37.5
p849,736.668,BATCH_PIPELINE,op1,,1,const,,55
p849,,,op2,op1,5,linear3,,45
p849,,,op3,op2,20,linear7,,30
p849,,,op4,op3,5,linear3,,45
p849,,,op5,op4,1,const,,55
p849,,,op6,op5,80,squared,,10
p849,,,op7,op6,15,linear3,,37.5
p849,,,op8,op7,15,linear3,,37.5
p849,,,op9,op8,5,linear3,,45
p850,736.668,BATCH_PIPELINE,op1,,1,const,,55
p850,,,op2,op1,2,sqrt,,55
p850,,,op3,op2,40,linear7,,20
p850,,,op4,op3,20,linear7,,30
p850,,,op5,op4,5,linear3,,45
p850,,,op6,op5,40,linear7,,20
p851,747.351,QUERY,op1,,15,linear3,,35
p852,747.351,INTERACTIVE,op1,,1,const,,55
p852,,,op2,,15,linear3,,37.5
p852,,,op3,,20,linear7,,30
p852,,,op4,,1,const,,55
p852,,,op5,,15,linear3,,37.5
p852,,,op6,,5,linear3,,45
p852,,,op7,,40,linear7,,20
p852,,,op8,op1;op2;op3;op4;op5;op6;op7,1,const,,55
p853,747.351,BATCH_PIPELINE,op1,,1,const,,55
p853,,,op2,op1,15,linear3,,37.5
p853,,,op3,op2,80,squared,,10
p853,,,op4,op3,20,linear7,,30
p853,,,op5,op4,5,linear3,,45
p853,,,op6,op5,15,linear3,,37.5
p853,,,op7,op6,5,linear3,,45
p854,747.351,BATCH_PIPELINE,op1,,1,const,,55
p854,,,op2,op1,20,linear7,,30
p854,,,op3,op2,40,linear7,,20
p854,,,op4,op3,1,const,,55
p854,,,op5,op4,40,linear7,,20
p855,747.351,BATCH_PIPELINE,op1,,1,const,,55
p855,,,op2,,1,const,,55
p855,,,op3,,15,linear3,,37.5
p855,,,op4,op1;op2;op3,15,linear3,,37.5
p856,747.351,INTERACTIVE,op1,,1,const,,55
p856,,,op2,op1,5,linear3,,45
p856,,,op3,op2,15,linear3,,37.5
p856,,,op4,op3,20,linear7,,30
p856,,,op5,op4,5,linear3,,45
p856,,,op6,op5,40,linear7,,20
p857,747.351,BATCH_PIPELINE,op1,,1,const,,55
p857,,,op2,op1,40,linear7,,20
p857,,,op3,op2,5,linear3,,45
p857,,,op4,op3,2,sqrt,,55
p857,,,op5,op4,40,linear7,,20
p857,,,op6,op5,80,squared,,10
p858,747.351,BATCH_PIPELINE,op1,,1,const,,55
p858,,,op2,op1,2,sqrt,,55
p858,,,op3,op2,15,linear3,,37.5
p858,,,op4,op3,1,const,,55
p858,,,op5,op4,5,linear3,,45
p858,,,op6,op5,2,sqrt,,55
p858,,,op7,op6,5,linear3,,45
p858,,,op8,op7,2,sqrt,,55
p858,,,op9,op8,5,linear3,,45
p858,,,op10,op9,20,linear7,,30
p859,747.351,BATCH_PIPELINE,op1,,1,const,,55
p859,,,op2,op1,1,const,,55
p859,,,op3,op2,15,linear3,,37.5
p859,,,op4,op3,20,linear7,,30
p860,747.351,BATCH_PIPELINE,op1,,1,const,,55
p860,,,op2,op1,5,linear3,,45
p860,,,op3,op2,1,const,,55
p860,,,op4,op3,20,linear7,,30
p860,,,op5,op4,20,linear7,,30
p860,,,op6,op5,40,linear7,,20
p861,754.9830000000001,BATCH_PIPELINE,op1,,1,const,,55
p861,,,op2,op1,5,linear3,,45
p861,,,op3,op2,5,linear3,,45
p861,,,op4,op3,1,const,,55
p861,,,op5,op4,5,linear3,,45
p861,,,op6,op5,15,linear3,,37.5
p861,,,op7,op6,5,linear3,,45
p862,754.9830000000001,BATCH_PIPELINE,op1,,1,const,,55
p862,,,op2,op1,2,sqrt,,55
p862,,,op3,op1,5,linear3,,45
p862,,,op4,op1,40,linear7,,20
p862,,,op5,op1,80,squared,,10
p863,754.9830000000001,BATCH_PIPELINE,op1,,1,const,,55
p863,,,op2,op1,40,linear7,,20
p863,,,op3,op2,40,linear7,,20
p863,,,op4,op3,5,linear3,,45
p863,,,op5,op4,1,const,,55
p863,,,op6,op5,1,const,,55
p864,754.9830000000001,INTERACTIVE,op1,,1,const,,55
p864,,,op2,op1,5,linear3,,45
p864,,,op3,op1,80,squared,,10
p864,,,op4,op1,15,linear3,,37.5
p864,,,op5,op1,80,squared,,10
p864,,,op6,op1,20,linear7,,30
p864,,,op7,op1,2,sqrt,,55
p864,,,op8,op1,15,linear3,,37.5
p864,,,op9,op1,15,linear3,,37.5
p865,754.9830000000001,BATCH_PIPELINE,op1,,1,const,,55
p865,,,op2,,2,sqrt,,55
p865,,,op3,,40,linear7,,20
p865,,,op4,,5,linear3,,45
p865,,,op5,,15,linear3,,37.5
p865,,,op6,op1;op2;op3;op4;op5,20,linear7,,30
p866,754.9830000000001,BATCH_PIPELINE,op1,,1,const,,55
p866,,,op2,op1,20,linear7,,30
p866,,,op3,op2,1,const,,55
p866,,,op4,op3,5,linear3,,45
p866,,,op5,op4,20,linear7,,30
p866,,,op6,op5,20,linear7,,30
p866,,,op7,op6,1,const,,55
p866,,,op8,op7,1,const,,55
p866,,,op9,op8,2,sqrt,,55
p867,754.9830000000001,BATCH_PIPELINE,op1,,1,const,,55
p867,,,op2,op1,1,const,,55
p867,,,op3,op2,15,linear3,,37.5
p867,,,op4,op3,15,linear3,,37.5
p867,,,op5,op4,5,linear3,,45
p867,,,op6,op5,20,linear7,,30
p867,,,op7,op6,15,linear3,,37.5
p867,,,op8,op7,5,linear3,,45
p867,,,op9,op8,1,const,,55
p867,,,op10,op9,15,linear3,,37.5
p868,754.9830000000001,INTERACTIVE,op1,,1,const,,55
p868,,,op2,op1,80,squared,,10
p868,,,op3,op2,15,linear3,,37.5
p868,,,op4,op3,20,linear7,,30
p868,,,op5,op4,1,const,,55
p868,,,op6,op5,20,linear7,,30
p869,754.9830000000001,BATCH_PIPELINE,op1,,1,const,,55
p869,,,op2,,5,linear3,,45
p869,,,op3,,40,linear7,,20
p869,,,op4,,15,linear3,,37.5
p869,,,op5,,1,const,,55
p869,,,op6,,80,squared,,10
p869,,,op7,,2,sqrt,,55
p869,,,op8,,15,linear3,,37.5
p869,,,op9,,15,linear3,,37.5
p869,,,op10,op1;op2;op3;op4;op5;op6;op7;op8;op9,15,linear3,,37.5
p870,754.9830000000001,QUERY,op1,,15,linear3,,35
p871,763.568,BATCH_PIPELINE,op1,,1,const,,55
p871,,,op2,op1,5,linear3,,45
p871,,,op3,op1,20,linear7,,30
p871,,,op4,op1,5,linear3,,45
p871,,,op5,op1,5,linear3,,45
p872,763.568,BATCH_PIPELINE,op1,,1,const,,55
p872,,,op2,,5,linear3,,45
p872,,,op3,,40,linear7,,20
p872,,,op4,op1;op2;op3,1,const,,55
p873,763.568,BATCH_PIPELINE,op1,,1,const,,55
p873,,,op2,op1,2,sqrt,,55
p873,,,op3,op2,20,linear7,,30
p873,,,op4,op3,40,linear7,,20
p873,,,op5,op4,5,linear3,,45
p873,,,op6,op5,1,const,,55
p874,763.568,BATCH_PIPELINE,op1,,1,const,,55
p874,,,op2,op1,15,linear3,,37.5
p874,,,op3,op2,15,linear3,,37.5
p874,,,op4,op3,15,linear3,,37.5
p874,,,op5,op4,20,linear7,,30
p874,,,op6,op5,2,sqrt,,55
p874,,,op7,op6,2,sqrt,,55
p874,,,op8,op7,20,linear7,,30
p874,,,op9,op8,2,sqrt,,55
p875,763.568,BATCH_PIPELINE,op1,,1,const,,55
p875,,,op2,,20,linear7,,30
p875,,,op3,,40,linear7,,20
p875,,,op4,,15,linear3,,37.5
p875,,,op5,,40,linear7,,20
p875,,,op6,,15,linear3,,37.5
p875,,,op7,,80,squared,,10
p875,,,op8,,2,sqrt,,55
p875,,,op9,op1;op2;op3;op4;op5;op6;op7;op8,15,linear3,,37.5
p876,763.568,BATCH_PIPELINE,op1,,1,const,,55
p876,,,op2,op1,5,linear3,,45
p876,,,op3,op1,80,squared,,10
p876,,,op4,op1,80,squared,,10
p876,,,op5,op1,15,linear3,,37.5
p876,,,op6,op1,20,linear7,,30
p876,,,op7,op1,40,linear7,,20
p877,763.568,BATCH_PIPELINE,op1,,1,const,,55
p877,,,op2,op1,15,linear3,,37.5
p877,,,op3,op2,5,linear3,,45
p877,,,op4,op3,15,linear3,,37.5
p877,,,op5,op4,1,const,,55
p878,763.568,BATCH_PIPELINE,op1,,1,const,,55
p878,,,op2,op1,40,linear7,,20
p878,,,op3,op2,20,linear7,,30
p878,,,op4,op3,15,linear3,,37.5
p878,,,op5,op4,1,const,,55
p878,,,op6,op5,20,linear7,,30
p879,763.568,BATCH_PIPELINE,op1,,1,const,,55
p879,,,op2,,1,const,,55
p879,,,op3,,5,linear3,,45
p879,,,op4,,2,sqrt,,55
p879,,,op5,,15,linear3,,37.5
p879,,,op6,,15,linear3,,37.5
p879,,,op7,,5,linear3,,45
p879,,,op8,,40,linear7,,20
p879,,,op9,,1,const,,55
p879,,,op10,op1;op2;op3;op4;op5;op6;op7;op8;op9,2,sqrt,,55
p880,763.568,BATCH_PIPELINE,op1,,1,const,,55
p880,,,op2,,15,linear3,,37.5
p880,,,op3,,5,linear3,,45
p880,,,op4,,2,sqrt,,55
p880,,,op5,,20,linear7,,30
p880,,,op6,,15,linear3,,37.5
p880,,,op7,op1;op2;op3;op4;op5;op6,40,linear7,,20
p881,772.13,INTERACTIVE,op1,,1,const,,55
p881,,,op2,op1,40,linear7,,20
p881,,,op3,op2,5,linear3,,45
p881,,,op4,op3,20,linear7,,30
p881,,,op5,op4,2,sqrt,,55
p881,,,op6,op5,40,linear7,,20
p882,772.13,BATCH_PIPELINE,op1,,1,const,,55
p882,,,op2,op1,80,squared,,10
p882,,,op3,op2,1,const,,55
p882,,,op4,op3,1,const,,55
p882,,,op5,op4,2,sqrt,,55
p882,,,op6,op5,1,const,,55
p882,,,op7,op6,1,const,,55
p882,,,op8,op7,20,linear7,,30
p882,,,op9,op8,15,linear3,,37.5
p883,772.13,BATCH_PIPELINE,op1,,1,const,,55
p883,,,op2,op1,80,squared,,10
p883,,,op3,op2,2,sqrt,,55
p883,,,op4,op3,1,const,,55
p883,,,op5,op4,20,linear7,,30
p883,,,op6,op5,5,linear3,,45
p883,,,op7,op6,80,squared,,10
p884,772.13,QUERY,op1,,15,linear3,,35
p885,772.13,BATCH_PIPELINE,op1,,1,const,,55
p885,,,op2,op1,2,sqrt,,55
p885,,,op3,op2,20,linear7,,30
p885,,,op4,op3,20,linear7,,30
p885,,,op5,op4,1,const,,55
p885,,,op6,op5,1,const,,55
p885,,,op7,op6,1,const,,55
p885,,,op8,op7,20,linear7,,30
p885,,,op9,op8,5,linear3,,45
p885,,,op10,op9,5,linear3,,45
p886,772.13,BATCH_PIPELINE,op1,,1,const,,55
p886,,,op2,op1,2,sqrt,,55
p886,,,op3,op2,15,linear3,,37.5
p886,,,op4,op3,20,linear7,,30
p886,,,op5,op4,80,squared,,10
p887,772.13,INTERACTIVE,op1,,1,const,,55
p887,,,op2,op1,1,const,,55
p887,,,op3,op2,5,linear3,,45
p887,,,op4,op3,1,const,,55
p887,,,op5,op4,15,linear3,,37.5
p887,,,op6,op5,5,linear3,,45
p887,,,op7,op6,1,const,,55
p887,,,op8,op7,80,squared,,10
p887,,,op9,op8,5,linear3,,45
p887,,,op10,op9,1,const,,55
p888,772.13,BATCH_PIPELINE,op1,,1,const,,55
p888,,,op2,op1,2,sqrt,,55
p888,,,op3,op2,5,linear3,,45
p888,,,op4,op3,15,linear3,,37.5
p888,,,op5,op4,20,linear7,,30
p888,,,op6,op5,20,linear7,,30
p889,772.13,BATCH_PIPELINE,op1,,1,const,,55
p889,,,op2,op1,15,linear3,,37.5
p889,,,op3,op2,5,linear3,,45
p889,,,op4,op3,1,const,,55
p889,,,op5,op4,20,linear7,,30
p889,,,op6,op5,15,linear3,,37.5
p889,,,op7,op6,5,linear3,,45
p889,,,op8,op7,40,linear7,,20
p889,,,op9,op8,1,const,,55
p890,772.13,BATCH_PIPELINE,op1,,1,const,,55
p890,,,op2,op1,5,linear3,,45
p890,,,op3,op2,1,const,,55
p890,,,op4,op3,5,linear3,,45
p890,,,op5,op4,15,linear3,,37.5
p890,,,op6,op5,20,linear7,,30
p890,,,op7,op6,5,linear3,,45
p891,776.197,BATCH_PIPELINE,op1,,1,const,,55
p891,,,op2,op1,80,squared,,10
p891,,,op3,op2,2,sqrt,,55
p891,,,op4,op3,5,linear3,,45
p891,,,op5,op4,20,linear7,,30
p891,,,op6,op5,2,sqrt,,55
p891,,,op7,op6,80,squared,,10
p891,,,op8,op7,15,linear3,,37.5
p891,,,op9,op8,20,linear7,,30
p891,,,op10,op9,5,linear3,,45
p891,,,op11,op10,20,linear7,,30
p891,,,op12,op11,80,squared,,10
p892,776.197,BATCH_PIPELINE,op1,,1,const,,55
p892,,,op2,op1,20,linear7,,30
p892,,,op3,op2,20,linear7,,30
p892,,,op4,op3,2,sqrt,,55
p892,,,op5,op4,15,linear3,,37.5
p892,,,op6,op5,15,linear3,,37.5
p892,,,op7,op6,2,sqrt,,55
p892,,,op8,op7,15,linear3,,37.5
p892,,,op9,op8,15,linear3,,37.5
p892,,,op10,op9,15,linear3,,37.5
p892,,,op11,op10,15,linear3,,37.5
p893,776.197,BATCH_PIPELINE,op1,,1,const,,55
p893,,,op2,op1,2,sqrt,,55
p893,,,op3,op2,80,squared,,10
p893,,,op4,op3,1,const,,55
p893,,,op5,op4,5,linear3,,45
p893,,,op6,op5,5,linear3,,45
p893,,,op7,op6,80,squared,,10
p894,776.197,INTERACTIVE,op1,,1,const,,55
p894,,,op2,op1,20,linear7,,30
p894,,,op3,op1,80,squared,,10
p894,,,op4,op1,80,squared,,10
p894,,,op5,op1,5,linear3,,45
p894,,,op6,op1,15,linear3,,37.5
p894,,,op7,op1,1,const,,55
p894,,,op8,op1,15,linear3,,37.5
p895,776.197,BATCH_PIPELINE,op1,,1,const,,55
p895,,,op2,op1,20,linear7,,30
p895,,,op3,op2,1,const,,55
p895,,,op4,op3,15,linear3,,37.5
p895,,,op5,op4,1,const,,55
p895,,,op6,op5,2,sqrt,,55
p895,,,op7,op6,40,linear7,,20
p896,776.197,BATCH_PIPELINE,op1,,1,const,,55
p896,,,op2,op1,2,sqrt,,55
p896,,,op3,op2,80,squared,,10
p896,,,op4,op3,1,const,,55
p896,,,op5,op4,20,linear7,,30
p896,,,op6,op5,5,linear3,,45
p896,,,op7,op6,2,sqrt,,55
p896,,,op8,op7,20,linear7,,30
p896,,,op9,op8,40,linear7,,20
p896,,,op10,op9,40,linear7,,20
p897,776.197,BATCH_PIPELINE,op1,,1,const,,55
p897,,,op2,op1,15,linear3,,37.5
p897,,,op3,op2,20,linear7,,30
p897,,,op4,op3,15,linear3,,37.5
p897,,,op5,op4,20,linear7,,30
p897,,,op6,op5,1,const,,55
p897,,,op7,op6,5,linear3,,45
p897,,,op8,op7,1,const,,55
p898,776.197,BATCH_PIPELINE,op1,,1,const,,55
p898,,,op2,op1,15,linear3,,37.5
p898,,,op3,op1,20,linear7,,30
p898,,,op4,op1,1,const,,55
p898,,,op5,op1,5,linear3,,45
p898,,,op6,op1,15,linear3,,37.5
p898,,,op7,op1,1,const,,55
p898,,,op8,op1,2,sqrt,,55
p898,,,op9,op1,40,linear7,,20
p898,,,op10,op1,40,linear7,,20
p898,,,op11,op1,15,linear3,,37.5
p899,776.197,INTERACTIVE,op1,,1,const,,55
p899,,,op2,op1,5,linear3,,45
p899,,,op3,op2,15,linear3,,37.5
p899,,,op4,op3,5,linear3,,45
p899,,,op5,op4,80,squared,,10
p899,,,op6,op5,80,squared,,10
p899,,,op7,op6,80,squared,,10
p899,,,op8,op7,5,linear3,,45
p900,776.197,BATCH_PIPELINE,op1,,1,const,,55
p900,,,op2,op1,40,linear7,,20
p900,,,op3,op2,20,linear7,,30
p900,,,op4,op3,15,linear3,,37.5
p900,,,op5,op4,2,sqrt,,55
p900,,,op6,op5,20,linear7,,30
p900,,,op7,op6,2,sqrt,,55
p900,,,op8,op7,20,linear7,,30
p901,788.3000000000001,BATCH_PIPELINE,op1,,1,const,,55
p901,,,op2,op1,15,linear3,,37.5
p901,,,op3,op2,80,squared,,10
p901,,,op4,op3,2,sqrt,,55
p901,,,op5,op4,15,linear3,,37.5
p901,,,op6,op5,80,squared,,10
p901,,,op7,op6,20,linear7,,30
p901,,,op8,op7,80,squared,,10
p901,,,op9,op8,2,sqrt,,55
p902,788.3000000000001,BATCH_PIPELINE,op1,,1,const,,55
p902,,,op2,op1,5,linear3,,45
p902,,,op3,op2,15,linear3,,37.5
p902,,,op4,op3,40,linear7,,20
p902,,,op5,op4,20,linear7,,30
p902,,,op6,op5,20,linear7,,30
p902,,,op7,op6,5,linear3,,45
p902,,,op8,op7,40,linear7,,20
p902,,,op9,op8,80,squared,,10
p902,,,op10,op9,20,linear7,,30
p903,788.3000000000001,QUERY,op1,,15,linear3,,35
p904,788.3000000000001,BATCH_PIPELINE,op1,,1,const,,55
p904,,,op2,op1,5,linear3,,45
p904,,,op3,op2,15,linear3,,37.5
p904,,,op4,op3,80,squared,,10
p904,,,op5,op4,40,linear7,,20
p904,,,op6,op5,5,linear3,,45
p905,788.3000000000001,BATCH_PIPELINE,op1,,1,const,,55
p905,,,op2,,1,const,,55
p905,,,op3,,20,linear7,,30
p905,,,op4,,40,linear7,,20
p905,,,op5,,1,const,,55
p905,,,op6,,2,sqrt,,55
p905,,,op7,,5,linear3,,45
p905,,,op8,,20,linear7,,30
p905,,,op9,,5,linear3,,45
p905,,,op10,op1;op2;op3;op4;op5;op6;op7;op8;op9,2,sqrt,,55
p906,788.3000000000001,BATCH_PIPELINE,op1,,1,const,,55
p906,,,op2,op1,1,const,,55
p906,,,op3,op1,1,const,,55
p906,,,op4,op1,20,linear7,,30
p906,,,op5,op1,15,linear3,,37.5
p906,,,op6,op1,40,linear7,,20
p906,,,op7,op1,5,linear3,,45
p907,788.3000000000001,BATCH_PIPELINE,op1,,1,const,,55
p907,,,op2,op1,40,linear7,,20
p907,,,op3,op2,40,linear7,,20
p907,,,op4,op3,20,linear7,,30
p907,,,op5,op4,2,sqrt,,55
p907,,,op6,op5,2,sqrt,,55
p907,,,op7,op6,5,linear3,,45
p907,,,op8,op7,1,const,,55
p907,,,op9,op8,2,sqrt,,55
p907,,,op10,op9,20,linear7,,30
p908,788.3000000000001,BATCH_PIPELINE,op1,,1,const,,55
p908,,,op2,op1,20,linear7,,30
p908,,,op3,op2,80,squared,,10
p908,,,op4,op3,20,linear7,,30
p908,,,op5,op4,40,linear7,,20
p909,788.3000000000001,BATCH_PIPELINE,op1,,1,const,,55
p909,,,op2,,5,linear3,,45
p909,,,op3,,15,linear3,,37.5
p909,,,op4,,5,linear3,,45
p909,,,op5,,20,linear7,,30
p909,,,op6,,20,linear7,,30
p909,,,op7,,15,linear3,,37.5
p909,,,op8,,5,linear3,,45
p909,,,op9,op1;op2;op3;op4;op5;op6;op7;op8,2,sqrt,,55
p910,788.3000000000001,BATCH_PIPELINE,op1,,1,const,,55
p910,,,op2,,5,linear3,,45
p910,,,op3,,1,const,,55
p910,,,op4,,15,linear3,,37.5
p910,,,op5,,5,linear3,,45
p910,,,op6,,5,linear3,,45
p910,,,op7,,80,squared,,10
p910,,,op8,op1;op2;op3;op4;op5;op6;op7,1,const,,55
p911,798.89,BATCH_PIPELINE,op1,,1,const,,55
p911,,,op2,,1,const,,55
p911,,,op3,,1,const,,55
p911,,,op4,,5,linear3,,45
p911,,,op5,,2,sqrt,,55
p911,,,op6,,2,sqrt,,55
p911,,,op7,,5,linear3,,45
p911,,,op8,,5,linear3,,45
p911,,,op9,,20,linear7,,30
p911,,,op10,op1;op2;op3;op4;op5;op6;op7;op8;op9,1,const,,55
p912,798.89,BATCH_PIPELINE,op1,,1,const,,55
p912,,,op2,op1,80,squared,,10
p912,,,op3,op2,15,linear3,,37.5
p912,,,op4,op3,1,const,,55
p912,,,op5,op4,20,linear7,,30
p912,,,op6,op5,20,linear7,,30
p912,,,op7,op6,5,linear3,,45
p913,798.89,BATCH_PIPELINE,op1,,1,const,,55
p913,,,op2,op1,20,linear7,,30
p913,,,op3,op2,15,linear3,,37.5
p913,,,op4,op3,20,linear7,,30
p913,,,op5,op4,80,squared,,10
p913,,,op6,op5,20,linear7,,30
p913,,,op7,op6,5,linear3,,45
p913,,,op8,op7,40,linear7,,20
p913,,,op9,op8,2,sqrt,,55
p913,,,op10,op9,15,linear3,,37.5
p913,,,op11,op10,1,const,,55
p914,798.89,BATCH_PIPELINE,op1,,1,const,,55
p914,,,op2,op1,1,const,,55
p914,,,op3,op2,20,linear7,,30
p914,,,op4,op3,2,sqrt,,55
p914,,,op5,op4,40,linear7,,20
p914,,,op6,op5,5,linear3,,45
p914,,,op7,op6,1,const,,55
p914,,,op8,op7,15,linear3,,37.5
p915,798.89,BATCH_PIPELINE,op1,,1,const,,55
p915,,,op2,op1,5,linear3,,45
p915,,,op3,op2,20,linear7,,30
p915,,,op4,op3,2,sqrt,,55
p915,,,op5,op4,1,const,,55
p915,,,op6,op5,20,linear7,,30
p915,,,op7,op6,2,sqrt,,55
p915,,,op8,op7,1,const,,55
p915,,,op9,op8,20,linear7,,30
p915,,,op10,op9,20,linear7,,30
p916,798.89,BATCH_PIPELINE,op1,,1,const,,55
p916,,,op2,op1,80,squared,,10
p916,,,op3,op1,40,linear7,,20
p916,,,op4,op1,5,linear3,,45
p916,,,op5,op1,20,linear7,,30
p916,,,op6,op1,1,const,,55
p917,798.89,BATCH_PIPELINE,op1,,1,const,,55
p917,,,op2,op1,15,linear3,,37.5
p917,,,op3,op2,15,linear3,,37.5
p917,,,op4,op3,15,linear3,,37.5
p917,,,op5,op4,5,linear3,,45
p917,,,op6,op5,5,linear3,,45
p917,,,op7,op6,5,linear3,,45
p917,,,op8,op7,15,linear3,,37.5
p918,798.89,BATCH_PIPELINE,op1,,1,const,,55
p918,,,op2,op1,2,sqrt,,55
p918,,,op3,op2,15,linear3,,37.5
p918,,,op4,op3,80,squared,,10
p918,,,op5,op4,15,linear3,,37.5
p918,,,op6,op5,5,linear3,,45
p918,,,op7,op6,15,linear3,,37.5
p918,,,op8,op7,1,const,,55
p919,798.89,INTERACTIVE,op1,,1,const,,55
p919,,,op2,op1,15,linear3,,37.5
p919,,,op3,op1,5,linear3,,45
p919,,,op4,op1,80,squared,,10
p919,,,op5,op1,15,linear3,,37.5
p919,,,op6,op1,15,linear3,,37.5
p919,,,op7,op1,20,linear7,,30
p919,,,op8,op1,5,linear3,,45
p920,798.89,BATCH_PIPELINE,op1,,1,const,,55
p920,,,op2,,15,linear3,,37.5
p920,,,op3,,15,linear3,,37.5
p920,,,op4,,15,linear3,,37.5
p920,,,op5,,15,linear3,,37.5
p920,,,op6,,15,linear3,,37.5
p920,,,op7,,40,linear7,,20
p920,,,op8,op1;op2;op3;op4;op5;op6;op7,1,const,,55
p921,807.121,BATCH_PIPELINE,op1,,1,const,,55
p921,,,op2,op1,80,squared,,10
p921,,,op3,op2,20,linear7,,30
p921,,,op4,op3,40,linear7,,20
p921,,,op5,op4,5,linear3,,45
p921,,,op6,op5,2,sqrt,,55
p921,,,op7,op6,5,linear3,,45
p921,,,op8,op7,20,linear7,,30
p922,807.121,BATCH_PIPELINE,op1,,1,const,,55
p922,,,op2,,5,linear3,,45
p922,,,op3,,5,linear3,,45
p922,,,op4,,20,linear7,,30
p922,,,op5,,20,linear7,,30
p922,,,op6,,2,sqrt,,55
p922,,,op7,,20,linear7,,30
p922,,,op8,op1;op2;op3;op4;op5;op6;op7,2,sqrt,,55
p923,807.121,BATCH_PIPELINE,op1,,1,const,,55
p923,,,op2,op1,5,linear3,,45
p923,,,op3,op2,15,linear3,,37.5
p923,,,op4,op3,20,linear7,,30
p923,,,op5,op4,2,sqrt,,55
p923,,,op6,op5,15,linear3,,37.5
p923,,,op7,op6,5,linear3,,45
p924,807.121,BATCH_PIPELINE,op1,,1,const,,55
p924,,,op2,op1,5,linear3,,45
p924,,,op3,op2,20,linear7,,30
p924,,,op4,op3,15,linear3,,37.5
p924,,,op5,op4,1,const,,55
p924,,,op6,op5,20,linear7,,30
p924,,,op7,op6,1,const,,55
p925,807.121,BATCH_PIPELINE,op1,,1,const,,55
p925,,,op2,op1,1,const,,55
p925,,,op3,op2,15,linear3,,37.5
p925,,,op4,op3,40,linear7,,20
p925,,,op5,op4,2,sqrt,,55
p925,,,op6,op5,2,sqrt,,55
p926,807.121,BATCH_PIPELINE,op1,,1,const,,55
p926,,,op2,op1,80,squared,,10
p926,,,op3,op2,20,linear7,,30
p926,,,op4,op3,20,linear7,,30
p926,,,op5,op4,5,linear3,,45
p926,,,op6,op5,1,const,,55
p926,,,op7,op6,20,linear7,,30
p926,,,op8,op7,5,linear3,,45
p927,807.121,BATCH_PIPELINE,op1,,1,const,,55
p927,,,op2,op1,15,linear3,,37.5
p927,,,op3,op2,2,sqrt,,55
p927,,,op4,op3,20,linear7,,30
p927,,,op5,op4,1,const,,55
p927,,,op6,op5,80,squared,,10
p927,,,op7,op6,80,squared,,10
p928,807.121,BATCH_PIPELINE,op1,,1,const,,55
p928,,,op2,op1,40,linear7,,20
p928,,,op3,op2,15,linear3,,37.5
p928,,,op4,op3,1,const,,55
p928,,,op5,op4,80,squared,,10
p928,,,op6,op5,40,linear7,,20
p928,,,op7,op6,15,linear3,,37.5
p928,,,op8,op7,1,const,,55
p928,,,op9,op8,5,linear3,,45
p928,,,op10,op9,1,const,,55
p929,807.121,BATCH_PIPELINE,op1,,1,const,,55
p929,,,op2,op1,2,sqrt,,55
p929,,,op3,op2,1,const,,55
p929,,,op4,op3,15,linear3,,37.5
p930,807.121,INTERACTIVE,op1,,1,const,,55
p930,,,op2,,5,linear3,,45
p930,,,op3,,1,const,,55
p930,,,op4,,1,const,,55
p930,,,op5,,80,squared,,10
p930,,,op6,,80,squared,,10
p930,,,op7,,15,linear3,,37.5
p930,,,op8,,2,sqrt,,55
p930,,,op9,op1;op2;op3;op4;op5;op6;op7;op8,15,linear3,,37.5
p931,818.087,BATCH_PIPELINE,op1,,1,const,,55
p931,,,op2,op1,5,linear3,,45
p931,,,op3,op2,5,linear3,,45
p931,,,op4,op3,15,linear3,,37.5
p931,,,op5,op4,2,sqrt,,55
p931,,,op6,op5,20,linear7,,30
p931,,,op7,op6,5,linear3,,45
p931,,,op8,op7,15,linear3,,37.5
p932,818.087,BATCH_PIPELINE,op1,,1,const,,55
p932,,,op2,op1,1,const,,55
p932,,,op3,op2,5,linear3,,45
p932,,,op4,op3,15,linear3,,37.5
p932,,,op5,op4,80,squared,,10
p932,,,op6,op5,1,const,,55
p932,,,op7,op6,15,linear3,,37.5
p933,818.087,BATCH_PIPELINE,op1,,1,const,,55
p933,,,op2,op1,15,linear3,,37.5
p933,,,op3,op2,15,linear3,,37.5
p933,,,op4,op3,80,squared,,10
p933,,,op5,op4,20,linear7,,30
p933,,,op6,op5,40,linear7,,20
p934,818.087,BATCH_PIPELINE,op1,,1,const,,55
p934,,,op2,op1,1,const,,55
p934,,,op3,op2,20,linear7,,30
p934,,,op4,op3,5,linear3,,45
p934,,,op5,op4,2,sqrt,,55
p934,,,op6,op5,20,linear7,,30
p935,818.087,BATCH_PIPELINE,op1,,1,const,,55
p935,,,op2,op1,40,linear7,,20
p935,,,op3,op2,5,linear3,,45
p935,,,op4,op3,20,linear7,,30
p935,,,op5,op4,15,linear3,,37.5
p935,,,op6,op5,20,linear7,,30
p935,,,op7,op6,15,linear3,,37.5
p935,,,op8,op7,1,const,,55
p935,,,op9,op8,40,linear7,,20
p936,818.087,BATCH_PIPELINE,op1,,1,const,,55
p936,,,op2,op1,2,sqrt,,55
p936,,,op3,op2,2,sqrt,,55
p936,,,op4,op3,20,linear7,,30
p936,,,op5,op4,5,linear3,,45
p936,,,op6,op5,40,linear7,,20
p936,,,op7,op6,5,linear3,,45
p936,,,op8,op7,40,linear7,,20
p936,,,op9,op8,20,linear7,,30
p937,818.087,BATCH_PIPELINE,op1,,1,const,,55
p937,,,op2,op1,40,linear7,,20
p937,,,op3,op2,15,linear3,,37.5
p937,,,op4,op3,20,linear7,,30
p937,,,op5,op4,15,linear3,,37.5
p937,,,op6,op5,15,linear3,,37.5
p937,,,op7,op6,80,squared,,10
p938,818.087,BATCH_PIPELINE,op1,,1,const,,55
p938,,,op2,op1,2,sqrt,,55
p938,,,op3,op2,5,linear3,,45
p938,,,op4,op3,15,linear3,,37.5
p938,,,op5,op4,20,linear7,,30
p938,,,op6,op5,20,linear7,,30
p938,,,op7,op6,1,const,,55
p938,,,op8,op7,40,linear7,,20
p939,818.087,BATCH_PIPELINE,op1,,1,const,,55
p939,,,op2,op1,80,squared,,10
p939,,,op3,op2,15,linear3,,37.5
p939,,,op4,op3,20,linear7,,30
p939,,,op5,op4,20,linear7,,30
p939,,,op6,op5,40,linear7,,20
p940,818.087,INTERACTIVE,op1,,1,const,,55
p940,,,op2,op1,40,linear7,,20
p940,,,op3,op2,5,linear3,,45
p940,,,op4,op3,2,sqrt,,55
p940,,,op5,op4,20,linear7,,30
p941,826.461,BATCH_PIPELINE,op1,,1,const,,55
p941,,,op2,op1,1,const,,55
p941,,,op3,op1,15,linear3,,37.5
p941,,,op4,op1,5,linear3,,45
p941,,,op5,op1,15,linear3,,37.5
p941,,,op6,op1,1,const,,55
p941,,,op7,op1,5,linear3,,45
p941,,,op8,op1,20,linear7,,30
p941,,,op9,op1,20,linear7,,30
p942,826.461,BATCH_PIPELINE,op1,,1,const,,55
p942,,,op2,op1,20,linear7,,30
p942,,,op3,op2,20,linear7,,30
p942,,,op4,op3,5,linear3,,45
p942,,,op5,op4,15,linear3,,37.5
p943,826.461,BATCH_PIPELINE,op1,,1,const,,55
p943,,,op2,op1,15,linear3,,37.5
p943,,,op3,op2,80,squared,,10
p943,,,op4,op3,1,const,,55
p943,,,op5,op4,15,linear3,,37.5
p943,,,op6,op5,5,linear3,,45
p943,,,op7,op6,15,linear3,,37.5
p943,,,op8,op7,15,linear3,,37.5
p944,826.461,BATCH_PIPELINE,op1,,1,const,,55
p944,,,op2,op1,5,linear3,,45
p944,,,op3,op2,5,linear3,,45
p944,,,op4,op3,2,sqrt,,55
p944,,,op5,op4,1,const,,55
p944,,,op6,op5,15,linear3,,37.5
p944,,,op7,op6,80,squared,,10
p944,,,op8,op7,20,linear7,,30
p945,826.461,INTERACTIVE,op1,,1,const,,55
p945,,,op2,op1,40,linear7,,20
p945,,,op3,op2,80,squared,,10
p945,,,op4,op3,80,squared,,10
p945,,,op5,op4,40,linear7,,20
p945,,,op6,op5,15,linear3,,37.5
p945,,,op7,op6,20,linear7,,30
p946,826.461,QUERY,op1,,15,linear3,,35
p947,826.461,BATCH_PIPELINE,op1,,1,const,,55
p947,,,op2,op1,5,linear3,,45
p947,,,op3,op2,1,const,,55
p947,,,op4,op3,15,linear3,,37.5
p947,,,op5,op4,5,linear3,,45
p948,826.461,BATCH_PIPELINE,op1,,1,const,,55
p948,,,op2,op1,2,sqrt,,55
p948,,,op3,op2,40,linear7,,20
p948,,,op4,op3,1,const,,55
p948,,,op5,op4,1,const,,55
p948,,,op6,op5,15,linear3,,37.5
p948,,,op7,op6,15,linear3,,37.5
p949,826.461,BATCH_PIPELINE,op1,,1,const,,55
p949,,,op2,op1,15,linear3,,37.5
p949,,,op3,op2,5,linear3,,45
p949,,,op4,op3,80,squared,,10
p949,,,op5,op4,5,linear3,,45
p949,,,op6,op5,15,linear3,,37.5
p950,826.461,BATCH_PIPELINE,op1,,1,const,,55
p950,,,op2,op1,20,linear7,,30
p950,,,op3,op2,20,linear7,,30
p950,,,op4,op3,15,linear3,,37.5
p950,,,op5,op4,15,linear3,,37.5
p950,,,op6,op5,15,linear3,,37.5
p950,,,op7,op6,5,linear3,,45
p951,836.1940000000001,BATCH_PIPELINE,op1,,1,const,,55
p951,,,op2,op1,20,linear7,,30
p951,,,op3,op2,2,sqrt,,55
p951,,,op4,op3,5,linear3,,45
p951,,,op5,op4,40,linear7,,20
p951,,,op6,op5,80,squared,,10
p951,,,op7,op6,2,sqrt,,55
p951,,,op8,op7,5,linear3,,45
p951,,,op9,op8,80,squared,,10
p951,,,op10,op9,15,linear3,,37.5
p952,836.1940000000001,BATCH_PIPELINE,op1,,1,const,,55
p952,,,op2,op1,5,linear3,,45
p952,,,op3,op2,40,linear7,,20
p952,,,op4,op3,40,linear7,,20
p952,,,op5,op4,2,sqrt,,55
p952,,,op6,op5,5,linear3,,45
p952,,,op7,op6,40,linear7,,20
p952,,,op8,op7,5,linear3,,45
p953,836.1940000000001,BATCH_PIPELINE,op1,,1,const,,55
p953,,,op2,op1,5,linear3,,45
p953,,,op3,op1,15,linear3,,37.5
p953,,,op4,op1,1,const,,55
p953,,,op5,op1,2,sqrt,,55
p953,,,op6,op1,15,linear3,,37.5
p953,,,op7,op1,15,linear3,,37.5
p953,,,op8,op1,2,sqrt,,55
p953,,,op9,op1,2,sqrt,,55
p953,,,op10,op1,2,sqrt,,55
p954,836.1940000000001,BATCH_PIPELINE,op1,,1,const,,55
p954,,,op2,op1,1,const,,55
p954,,,op3,op2,20,linear7,,30
p954,,,op4,op3,1,const,,55
p955,836.1940000000001,BATCH_PIPELINE,op1,,1,const,,55
p955,,,op2,op1,1,const,,55
p955,,,op3,op2,15,linear3,,37.5
p955,,,op4,op3,2,sqrt,,55
p955,,,op5,op4,1,const,,55
p955,,,op6,op5,5,linear3,,45
p955,,,op7,op6,40,linear7,,20
p955,,,op8,op7,20,linear7,,30
p955,,,op9,op8,2,sqrt,,55
p955,,,op10,op9,20,linear7,,30
p955,,,op11,op10,1,const,,55
p956,836.1940000000001,BATCH_PIPELINE,op1,,1,const,,55
p956,,,op2,op1,5,linear3,,45
p956,,,op3,op2,5,linear3,,45
p956,,,op4,op3,5,linear3,,45
p956,,,op5,op4,15,linear3,,37.5
p956,,,op6,op5,20,linear7,,30
p957,836.1940000000001,BATCH_PIPELINE,op1,,1,const,,55
p957,,,op2,op1,20,linear7,,30
p957,,,op3,op2,5,linear3,,45
p957,,,op4,op3,15,linear3,,37.5
p957,,,op5,op4,40,linear7,,20
p957,,,op6,op5,1,const,,55
p957,,,op7,op6,80,squared,,10
p958,836.1940000000001,BATCH_PIPELINE,op1,,1,const,,55
p958,,,op2,op1,80,squared,,10
p958,,,op3,op2,5,linear3,,45
p958,,,op4,op3,5,linear3,,45
p958,,,op5,op4,5,linear3,,45
p958,,,op6,op5,15,linear3,,37.5
p958,,,op7,op6,5,linear3,,45
p959,836.1940000000001,BATCH_PIPELINE,op1,,1,const,,55
p960,836.1940000000001,BATCH_PIPELINE,op1,,1,const,,55
p960,,,op2,op1,5,linear3,,45
p960,,,op3,op1,20,linear7,,30
p960,,,op4,op1,1,const,,55
p960,,,op5,op1,20,linear7,,30
p960,,,op6,op1,5,linear3,,45
p960,,,op7,op1,1,const,,55
p960,,,op8,op1,5,linear3,,45
p960,,,op9,op1,80,squared,,10
p960,,,op10,op1,15,linear3,,37.5
p961,848.562,BATCH_PIPELINE,op1,,1,const,,55
p961,,,op2,op1,15,linear3,,37.5
p961,,,op3,op2,15,linear3,,37.5
p961,,,op4,op3,20,linear7,,30
p961,,,op5,op4,15,linear3,,37.5
p961,,,op6,op5,2,sqrt,,55
p961,,,op7,op6,20,linear7,,30
p961,,,op8,op7,80,squared,,10
p961,,,op9,op8,5,linear3,,45
p961,,,op10,op9,1,const,,55
p962,848.562,BATCH_PIPELINE,op1,,1,const,,55
p962,,,op2,op1,20,linear7,,30
p962,,,op3,op2,5,linear3,,45
p962,,,op4,op3,5,linear3,,45
p962,,,op5,op4,5,linear3,,45
p962,,,op6,op5,80,squared,,10
p962,,,op7,op6,15,linear3,,37.5
p963,848.562,BATCH_PIPELINE,op1,,1,const,,55
p963,,,op2,op1,1,const,,55
p963,,,op3,op2,1,const,,55
p963,,,op4,op3,20,linear7,,30
p963,,,op5,op4,20,linear7,,30
p964,848.562,INTERACTIVE,op1,,1,const,,55
p964,,,op2,op1,20,linear7,,30
p964,,,op3,op2,20,linear7,,30
p964,,,op4,op3,1,const,,55
p964,,,op5,op4,15,linear3,,37.5
p964,,,op6,op5,20,linear7,,30
p964,,,op7,op6,5,linear3,,45
p964,,,op8,op7,15,linear3,,37.5
p965,848.562,BATCH_PIPELINE,op1,,1,const,,55
p965,,,op2,,40,linear7,,20
p965,,,op3,,5,linear3,,45
p965,,,op4,,5,linear3,,45
p965,,,op5,,1,const,,55
p965,,,op6,,5,linear3,,45
p965,,,op7,,1,const,,55
p965,,,op8,op1;op2;op3;op4;op5;op6;op7,15,linear3,,37.5
p966,848.562,QUERY,op1,,15,linear3,,35
p967,848.562,BATCH_PIPELINE,op1,,1,const,,55
p967,,,op2,,80,squared,,10
p967,,,op3,,15,linear3,,37.5
p967,,,op4,,1,const,,55
p967,,,op5,,5,linear3,,45
p967,,,op6,,5,linear3,,45
p967,,,op7,,20,linear7,,30
p967,,,op8,,2,sqrt,,55
p967,,,op9,,5,linear3,,45
p967,,,op10,op1;op2;op3;op4;op5;op6;op7;op8;op9,5,linear3,,45
p968,848.562,BATCH_PIPELINE,op1,,1,const,,55
p968,,,op2,op1,40,linear7,,20
p968,,,op3,op1,5,linear3,,45
p968,,,op4,op1,40,linear7,,20
p968,,,op5,op1,1,const,,55
p968,,,op6,op1,1,const,,55
p968,,,op7,op1,1,const,,55
p968,,,op8,op1,15,linear3,,37.5
p968,,,op9,op1,40,linear7,,20
p969,848.562,BATCH_PIPELINE,op1,,1,const,,55
p969,,,op2,op1,20,linear7,,30
p969,,,op3,op2,5,linear3,,45
p969,,,op4,op3,5,linear3,,45
p969,,,op5,op4,1,const,,55
p969,,,op6,op5,5,linear3,,45
p969,,,op7,op6,40,linear7,,20
p970,848.562,QUERY,op1,,15,linear3,,35
p971,855.898,BATCH_PIPELINE,op1,,1,const,,55
p971,,,op2,,80,squared,,10
p971,,,op3,,15,linear3,,37.5
p971,,,op4,,1,const,,55
p971,,,op5,,80,squared,,10
p971,,,op6,op1;op2;op3;op4;op5,15,linear3,,37.5
p972,855.898,INTERACTIVE,op1,,1,const,,55
p972,,,op2,,80,squared,,10
p972,,,op3,,5,linear3,,45
p972,,,op4,,20,linear7,,30
p972,,,op5,,2,sqrt,,55
p972,,,op6,,20,linear7,,30
p972,,,op7,,15,linear3,,37.5
p972,,,op8,,20,linear7,,30
p972,,,op9,op1;op2;op3;op4;op5;op6;op7;op8,15,linear3,,37.5
p973,855.898,BATCH_PIPELINE,op1,,1,const,,55
p973,,,op2,op1,80,squared,,10
p973,,,op3,op2,5,linear3,,45
p973,,,op4,op3,20,linear7,,30
p973,,,op5,op4,20,linear7,,30
p973,,,op6,op5,15,linear3,,37.5
p974,855.898,BATCH_PIPELINE,op1,,1,const,,55
p974,,,op2,op1,1,const,,55
p974,,,op3,op2,80,squared,,10
p974,,,op4,op3,15,linear3,,37.5
p974,,,op5,op4,15,linear3,,37.5
p975,855.898,BATCH_PIPELINE,op1,,1,const,,55
p975,,,op2,op1,80,squared,,10
p975,,,op3,op2,2,sqrt,,55
p975,,,op4,op3,20,linear7,,30
p976,855.898,BATCH_PIPELINE,op1,,1,const,,55
p976,,,op2,op1,5,linear3,,45
p976,,,op3,op2,2,sqrt,,55
p976,,,op4,op3,80,squared,,10
p976,,,op5,op4,15,linear3,,37.5
p976,,,op6,op5,40,linear7,,20
p976,,,op7,op6,2,sqrt,,55
p976,,,op8,op7,80,squared,,10
p977,855.898,INTERACTIVE,op1,,1,const,,55
p977,,,op2,op1,5,linear3,,45
p977,,,op3,op1,15,linear3,,37.5
p977,,,op4,op1,5,linear3,,45
p977,,,op5,op1,40,linear7,,20
p977,,,op6,op1,15,linear3,,37.5
p977,,,op7,op1,1,const,,55
p977,,,op8,op1,1,const,,55
p978,855.898,BATCH_PIPELINE,op1,,1,const,,55
p978,,,op2,op1,15,linear3,,37.5
p978,,,op3,op1,15,linear3,,37.5
p978,,,op4,op1,15,linear3,,37.5
p978,,,op5,op1,20,linear7,,30
p978,,,op6,op1,15,linear3,,37.5
p978,,,op7,op1,1,const,,55
p978,,,op8,op1,5,linear3,,45
p978,,,op9,op1,20,linear7,,30
p979,855.898,BATCH_PIPELINE,op1,,1,const,,55
p979,,,op2,op1,5,linear3,,45
p979,,,op3,op1,1,const,,55
p979,,,op4,op1,80,squared,,10
p979,,,op5,op1,40,linear7,,20
p979,,,op6,op1,15,linear3,,37.5
p979,,,op7,op1,15,linear3,,37.5
p979,,,op8,op1,40,linear7,,20
p979,,,op9,op1,40,linear7,,20
p979,,,op10,op1,40,linear7,,20
p979,,,op11,op1,20,linear7,,30
p980,855.898,QUERY,op1,,15,linear3,,35
p981,866.625,BATCH_PIPELINE,op1,,1,const,,55
p981,,,op2,op1,40,linear7,,20
p981,,,op3,op2,80,squared,,10
p981,,,op4,op3,2,sqrt,,55
p981,,,op5,op4,5,linear3,,45
p981,,,op6,op5,15,linear3,,37.5
p981,,,op7,op6,20,linear7,,30
p982,866.625,BATCH_PIPELINE,op1,,1,const,,55
p982,,,op2,op1,20,linear7,,30
p982,,,op3,op1,80,squared,,10
p982,,,op4,op1,5,linear3,,45
p982,,,op5,op1,15,linear3,,37.5
p982,,,op6,op1,1,const,,55
p982,,,op7,op1,5,linear3,,45
p982,,,op8,op1,1,const,,55
p982,,,op9,op1,20,linear7,,30
p982,,,op10,op1,20,linear7,,30
p982,,,op11,op1,5,linear3,,45
p983,866.625,BATCH_PIPELINE,op1,,1,const,,55
p983,,,op2,op1,15,linear3,,37.5
p983,,,op3,op2,20,linear7,,30
p983,,,op4,op3,1,const,,55
p983,,,op5,op4,20,linear7,,30
p983,,,op6,op5,1,const,,55
p983,,,op7,op6,5,linear3,,45
p983,,,op8,op7,1,const,,55
p983,,,op9,op8,80,squared,,10
p984,866.625,BATCH_PIPELINE,op1,,1,const,,55
p984,,,op2,op1,5,linear3,,45
p984,,,op3,op2,1,const,,55
p984,,,op4,op3,20,linear7,,30
p985,866.625,INTERACTIVE,op1,,1,const,,55
p985,,,op2,op1,40,linear7,,20
p985,,,op3,op1,80,squared,,10
p985,,,op4,op1,40,linear7,,20
p985,,,op5,op1,15,linear3,,37.5
p986,866.625,BATCH_PIPELINE,op1,,1,const,,55
p986,,,op2,,40,linear7,,20
p986,,,op3,,20,linear7,,30
p986,,,op4,,1,const,,55
p986,,,op5,,5,linear3,,45
p986,,,op6,,80,squared,,10
p986,,,op7,,1,const,,55
p986,,,op8,op1;op2;op3;op4;op5;op6;op7,1,const,,55
p987,866.625,BATCH_PIPELINE,op1,,1,const,,55
p987,,,op2,op1,80,squared,,10
p987,,,op3,op2,20,linear7,,30
p987,,,op4,op3,5,linear3,,45
p987,,,op5,op4,1,const,,55
p987,,,op6,op5,80,squared,,10
p987,,,op7,op6,15,linear3,,37.5
p988,866.625,BATCH_PIPELINE,op1,,1,const,,55
p988,,,op2,op1,5,linear3,,45
p988,,,op3,op2,80,squared,,10
p988,,,op4,op3,80,squared,,10
p988,,,op5,op4,1,const,,55
p988,,,op6,op5,20,linear7,,30
p988,,,op7,op6,5,linear3,,45
p988,,,op8,op7,2,sqrt,,55
p988,,,op9,op8,15,linear3,,37.5
p989,866.625,BATCH_PIPELINE,op1,,1,const,,55
p989,,,op2,op1,5,linear3,,45
p989,,,op3,op2,15,linear3,,37.5
p989,,,op4,op3,2,sqrt,,55
p989,,,op5,op4,80,squared,,10
p989,,,op6,op5,20,linear7,,30
p989,,,op7,op6,80,squared,,10
p990,866.625,BATCH_PIPELINE,op1,,1,const,,55
p990,,,op2,op1,5,linear3,,45
p990,,,op3,op1,5,linear3,,45
p990,,,op4,op1,20,linear7,,30
p990,,,op5,op1,1,const,,55
p990,,,op6,op1,20,linear7,,30
p991,876.938,BATCH_PIPELINE,op1,,1,const,,55
p991,,,op2,,5,linear3,,45
p991,,,op3,,2,sqrt,,55
p991,,,op4,,80,squared,,10
p991,,,op5,,1,const,,55
p991,,,op6,,1,const,,55
p991,,,op7,,20,linear7,,30
p991,,,op8,,80,squared,,10
p991,,,op9,op1;op2;op3;op4;op5;op6;op7;op8,15,linear3,,37.5
p992,876.938,BATCH_PIPELINE,op1,,1,const,,55
p992,,,op2,op1,1,const,,55
p992,,,op3,op1,20,linear7,,30
p992,,,op4,op1,1,const,,55
p993,876.938,BATCH_PIPELINE,op1,,1,const,,55
p993,,,op2,op1,5,linear3,,45
p993,,,op3,op1,20,linear7,,30
p993,,,op4,op1,20,linear7,,30
p993,,,op5,op1,5,linear3,,45
p993,,,op6,op1,2,sqrt,,55
p993,,,op7,op1,20,linear7,,30
p993,,,op8,op1,20,linear7,,30
p993,,,op9,op1,20,linear7,,30
p994,876.938,QUERY,op1,,15,linear3,,35
p995,876.938,BATCH_PIPELINE,op1,,1,const,,55
p995,,,op2,op1,5,linear3,,45
p995,,,op3,op2,5,linear3,,45
p995,,,op4,op3,2,sqrt,,55
p995,,,op5,op4,20,linear7,,30
p995,,,op6,op5,1,const,,55
p995,,,op7,op6,2,sqrt,,55
p995,,,op8,op7,5,linear3,,45
p995,,,op9,op8,80,squared,,10
p996,876.938,BATCH_PIPELINE,op1,,1,const,,55
p996,,,op2,op1,40,linear7,,20
p996,,,op3,op2,1,const,,55
p996,,,op4,op3,1,const,,55
p997,876.938,BATCH_PIPELINE,op1,,1,const,,55
p997,,,op2,op1,2,sqrt,,55
p997,,,op3,op2,80,squared,,10
p997,,,op4,op3,1,const,,55
p997,,,op5,op4,5,linear3,,45
p997,,,op6,op5,5,linear3,,45
p997,,,op7,op6,40,linear7,,20
p997,,,op8,op7,40,linear7,,20
p997,,,op9,op8,40,linear7,,20
p997,,,op10,op9,1,const,,55
p998,876.938,BATCH_PIPELINE,op1,,1,const,,55
p998,,,op2,op1,1,const,,55
p998,,,op3,op2,40,linear7,,20
p998,,,op4,op3,5,linear3,,45
p998,,,op5,op4,1,const,,55
p998,,,op6,op5,5,linear3,,45
p998,,,op7,op6,15,linear3,,37.5
p998,,,op8,op7,15,linear3,,37.5
p998,,,op9,op8,1,const,,55
p999,876.938,BATCH_PIPELINE,op1,,1,const,,55
p999,,,op2,,5,linear3,,45
p999,,,op3,,15,linear3,,37.5
p999,,,op4,,1,const,,55
p999,,,op5,,15,linear3,,37.5
p999,,,op6,,1,const,,55
p999,,,op7,,15,linear3,,37.5
p999,,,op8,,1,const,,55
p999,,,op9,,1,const,,55
p999,,,op10,op1;op2;op3;op4;op5;op6;op7;op8;op9,80,squared,,10
p1000,876.938,BATCH_PIPELINE,op1,,1,const,,55
p1000,,,op2,op1,5,linear3,,45
p1000,,,op3,op2,20,linear7,,30
p1000,,,op4,op3,15,linear3,,37.5
p1000,,,op5,op4,1,const,,55
p1000,,,op6,op5,15,linear3,,37.5
p1000,,,op7,op6,15,linear3,,37.5
p1000,,,op8,op7,40,linear7,,20
p1001,884.464,BATCH_PIPELINE,op1,,1,const,,55
p1001,,,op2,op1,20,linear7,,30
p1001,,,op3,op1,1,const,,55
p1001,,,op4,op1,5,linear3,,45
p1001,,,op5,op1,80,squared,,10
p1001,,,op6,op1,15,linear3,,37.5
p1002,884.464,BATCH_PIPELINE,op1,,1,const,,55
p1002,,,op2,,80,squared,,10
p1002,,,op3,,15,linear3,,37.5
p1002,,,op4,op1;op2;op3,15,linear3,,37.5
p1003,884.464,INTERACTIVE,op1,,1,const,,55
p1003,,,op2,,40,linear7,,20
p1003,,,op3,,80,squared,,10
p1003,,,op4,,20,linear7,,30
p1003,,,op5,,5,linear3,,45
p1003,,,op6,,1,const,,55
p1003,,,op7,,1,const,,55
p1003,,,op8,op1;op2;op3;op4;op5;op6;op7,80,squared,,10
p1004,884.464,BATCH_PIPELINE,op1,,1,const,,55
p1004,,,op2,,80,squared,,10
p1004,,,op3,,5,linear3,,45
p1004,,,op4,,5,linear3,,45
p1004,,,op5,,15,linear3,,37.5
p1004,,,op6,,2,sqrt,,55
p1004,,,op7,op1;op2;op3;op4;op5;op6,5,linear3,,45
p1005,884.464,BATCH_PIPELINE,op1,,1,const,,55
p1005,,,op2,op1,20,linear7,,30
p1005,,,op3,op2,40,linear7,,20
p1005,,,op4,op3,2,sqrt,,55
p1005,,,op5,op4,20,linear7,,30
p1005,,,op6,op5,2,sqrt,,55
p1005,,,op7,op6,15,linear3,,37.5
p1005,,,op8,op7,20,linear7,,30
p1006,884.464,QUERY,op1,,15,linear3,,35
p1007,884.464,BATCH_PIPELINE,op1,,1,const,,55
p1007,,,op2,op1,40,linear7,,20
p1007,,,op3,op2,20,linear7,,30
p1007,,,op4,op3,80,squared,,10
p1007,,,op5,op4,1,const,,55
p1007,,,op6,op5,40,linear7,,20
p1007,,,op7,op6,2,sqrt,,55
p1007,,,op8,op7,5,linear3,,45
p1007,,,op9,op8,20,linear7,,30
p1007,,,op10,op9,40,linear7,,20
p1007,,,op11,op10,1,const,,55
p1007,,,op12,op11,5,linear3,,45
p1008,884.464,BATCH_PIPELINE,op1,,1,const,,55
p1008,,,op2,op1,80,squared,,10
p1008,,,op3,op2,20,linear7,,30
p1008,,,op4,op3,2,sqrt,,55
p1008,,,op5,op4,1,const,,55
p1008,,,op6,op5,5,linear3,,45
p1008,,,op7,op6,2,sqrt,,55
p1009,884.464,BATCH_PIPELINE,op1,,1,const,,55
p1009,,,op2,op1,80,squared,,10
p1009,,,op3,op1,2,sqrt,,55
p1009,,,op4,op1,5,linear3,,45
p1009,,,op5,op1,20,linear7,,30
p1009,,,op6,op1,20,linear7,,30
p1009,,,op7,op1,40,linear7,,20
p1009,,,op8,op1,20,linear7,,30
p1010,884.464,BATCH_PIPELINE,op1,,1,const,,55
p1010,,,op2,op1,40,linear7,,20
p1010,,,op3,op2,80,squared,,10
p1010,,,op4,op3,1,const,,55
p1010,,,op5,op4,2,sqrt,,55
p1010,,,op6,op5,20,linear7,,30
p1011,887.499,INTERACTIVE,op1,,1,const,,55
p1011,,,op2,op1,5,linear3,,45
p1011,,,op3,op2,2,sqrt,,55
p1011,,,op4,op3,5,linear3,,45
p1011,,,op5,op4,5,linear3,,45
p1011,,,op6,op5,5,linear3,,45
p1011,,,op7,op6,5,linear3,,45
p1011,,,op8,op7,15,linear3,,37.5
p1011,,,op9,op8,15,linear3,,37.5
p1011,,,op10,op9,80,squared,,10
p1012,887.499,BATCH_PIPELINE,op1,,1,const,,55
p1012,,,op2,op1,5,linear3,,45
p1012,,,op3,op2,1,const,,55
p1012,,,op4,op3,1,const,,55
p1012,,,op5,op4,1,const,,55
p1012,,,op6,op5,15,linear3,,37.5
p1012,,,op7,op6,40,linear7,,20
p1012,,,op8,op7,1,const,,55
p1013,887.499,BATCH_PIPELINE,op1,,1,const,,55
p1013,,,op2,op1,40,linear7,,20
p1013,,,op3,op2,5,linear3,,45
p1013,,,op4,op3,15,linear3,,37.5
p1013,,,op5,op4,80,squared,,10
p1014,887.499,BATCH_PIPELINE,op1,,1,const,,55
p1014,,,op2,op1,2,sqrt,,55
p1014,,,op3,op1,20,linear7,,30
p1014,,,op4,op1,20,linear7,,30
p1014,,,op5,op1,1,const,,55
p1014,,,op6,op1,15,linear3,,37.5
p1015,887.499,INTERACTIVE,op1,,1,const,,55
p1015,,,op2,op1,20,linear7,,30
p1015,,,op3,op2,5,linear3,,45
p1015,,,op4,op3,40,linear7,,20
p1015,,,op5,op4,2,sqrt,,55
p1015,,,op6,op5,1,const,,55
p1015,,,op7,op6,1,const,,55
p1015,,,op8,op7,15,linear3,,37.5
p1015,,,op9,op8,2,sqrt,,55
p1016,887.499,BATCH_PIPELINE,op1,,1,const,,55
p1016,,,op2,op1,20,linear7,,30
p1016,,,op3,op2,2,sqrt,,55
p1016,,,op4,op3,20,linear7,,30
p1017,887.499,INTERACTIVE,op1,,1,const,,55
p1017,,,op2,,40,linear7,,20
p1017,,,op3,,15,linear3,,37.5
p1017,,,op4,,2,sqrt,,55
p1017,,,op5,,5,linear3,,45
p1017,,,op6,,20,linear7,,30
p1017,,,op7,op1;op2;op3;op4;op5;op6,2,sqrt,,55
p1018,887.499,QUERY,op1,,15,linear3,,35
p1019,887.499,BATCH_PIPELINE,op1,,1,const,,55
p1019,,,op2,op1,1,const,,55
p1019,,,op3,op2,20,linear7,,30
p1019,,,op4,op3,40,linear7,,20
p1019,,,op5,op4,1,const,,55
p1019,,,op6,op5,15,linear3,,37.5
p1019,,,op7,op6,40,linear7,,20
p1020,887.499,INTERACTIVE,op1,,1,const,,55
p1020,,,op2,op1,15,linear3,,37.5
p1020,,,op3,op2,20,linear7,,30
p1020,,,op4,op3,15,linear3,,37.5
p1020,,,op5,op4,15,linear3,,37.5
p1020,,,op6,op5,2,sqrt,,55
p1020,,,op7,op6,20,linear7,,30
p1021,897.559,BATCH_PIPELINE,op1,,1,const,,55
p1021,,,op2,op1,2,sqrt,,55
p1021,,,op3,op2,40,linear7,,20
p1021,,,op4,op3,2,sqrt,,55
p1021,,,op5,op4,40,linear7,,20
p1021,,,op6,op5,40,linear7,,20
p1021,,,op7,op6,5,linear3,,45
p1021,,,op8,op7,80,squared,,10
p1022,897.559,BATCH_PIPELINE,op1,,1,const,,55
p1022,,,op2,op1,40,linear7,,20
p1022,,,op3,op2,40,linear7,,20
p1022,,,op4,op3,2,sqrt,,55
p1022,,,op5,op4,5,linear3,,45
p1022,,,op6,op5,15,linear3,,37.5
p1023,897.559,BATCH_PIPELINE,op1,,1,const,,55
p1023,,,op2,op1,15,linear3,,37.5
p1023,,,op3,op2,40,linear7,,20
p1023,,,op4,op3,5,linear3,,45
p1023,,,op5,op4,40,linear7,,20
p1023,,,op6,op5,1,const,,55
p1023,,,op7,op6,5,linear3,,45
p1023,,,op8,op7,40,linear7,,20
p1023,,,op9,op8,80,squared,,10
p1023,,,op10,op9,2,sqrt,,55
p1023,,,op11,op10,2,sqrt,,55
p1023,,,op12,op11,20,linear7,,30
p1024,897.559,BATCH_PIPELINE,op1,,1,const,,55
p1024,,,op2,op1,5,linear3,,45
p1024,,,op3,op2,1,const,,55
p1024,,,op4,op3,1,const,,55
p1024,,,op5,op4,15,linear3,,37.5
p1024,,,op6,op5,1,const,,55
p1024,,,op7,op6,5,linear3,,45
p1025,897.559,BATCH_PIPELINE,op1,,1,const,,55
p1025,,,op2,op1,2,sqrt,,55
p1025,,,op3,op2,15,linear3,,37.5
p1025,,,op4,op3,2,sqrt,,55
p1025,,,op5,op4,5,linear3,,45
p1025,,,op6,op5,80,squared,,10
p1025,,,op7,op6,5,linear3,,45
p1025,,,op8,op7,5,linear3,,45
p1025,,,op9,op8,2,sqrt,,55
p1025,,,op10,op9,40,linear7,,20
p1025,,,op11,op10,1,const,,55
p1026,897.559,BATCH_PIPELINE,op1,,1,const,,55
p1026,,,op2,op1,20,linear7,,30
p1026,,,op3,op2,40,linear7,,20
p1026,,,op4,op3,1,const,,55
p1026,,,op5,op4,80,squared,,10
p1026,,,op6,op5,1,const,,55
p1026,,,op7,op6,40,linear7,,20
p1027,897.559,BATCH_PIPELINE,op1,,1,const,,55
p1027,,,op2,op1,15,linear3,,37.5
p1027,,,op3,op2,15,linear3,,37.5
p1027,,,op4,op3,2,sqrt,,55
p1027,,,op5,op4,5,linear3,,45
p1027,,,op6,op5,2,sqrt,,55
p1028,897.559,BATCH_PIPELINE,op1,,1,const,,55
p1028,,,op2,,5,linear3,,45
p1028,,,op3,,20,linear7,,30
p1028,,,op4,,15,linear3,,37.5
p1028,,,op5,,80,squared,,10
p1028,,,op6,op1;op2;op3;op4;op5,1,const,,55
p1029,897.559,BATCH_PIPELINE,op1,,1,const,,55
p1029,,,op2,,20,linear7,,30
p1029,,,op3,,5,linear3,,45
p1029,,,op4,,15,linear3,,37.5
p1029,,,op5,,2,sqrt,,55
p1029,,,op6,,20,linear7,,30
p1029,,,op7,,1,const,,55
p1029,,,op8,op1;op2;op3;op4;op5;op6;op7,20,linear7,,30
p1030,897.559,BATCH_PIPELINE,op1,,1,const,,55
p1030,,,op2,op1,5,linear3,,45
p1030,,,op3,op2,40,linear7,,20
p1030,,,op4,op3,80,squared,,10
p1030,,,op5,op4,40,linear7,,20
p1030,,,op6,op5,5,linear3,,45
p1030,,,op7,op6,20,linear7,,30
p1031,908.0740000000001,BATCH_PIPELINE,op1,,1,const,,55
p1031,,,op2,op1,20,linear7,,30
p1031,,,op3,op2,1,const,,55
p1031,,,op4,op3,2,sqrt,,55
p1031,,,op5,op4,20,linear7,,30
p1032,908.0740000000001,BATCH_PIPELINE,op1,,1,const,,55
p1032,,,op2,,80,squared,,10
p1032,,,op3,,1,const,,55
p1032,,,op4,,1,const,,55
p1032,,,op5,,15,linear3,,37.5
p1032,,,op6,,1,const,,55
p1032,,,op7,,15,linear3,,37.5
p1032,,,op8,,15,linear3,,37.5
p1032,,,op9,,5,linear3,,45
p1032,,,op10,op1;op2;op3;op4;op5;op6;op7;op8;op9,2,sqrt,,55
p1033,908.0740000000001,BATCH_PIPELINE,op1,,1,const,,55
p1033,,,op2,op1,5,linear3,,45
p1033,,,op3,op1,2,sqrt,,55
p1033,,,op4,op1,1,const,,55
p1033,,,op5,op1,5,linear3,,45
p1033,,,op6,op1,1,const,,55
p1033,,,op7,op1,1,const,,55
p1034,908.0740000000001,BATCH_PIPELINE,op1,,1,const,,55
p1034,,,op2,op1,15,linear3,,37.5
p1034,,,op3,op2,15,linear3,,37.5
p1034,,,op4,op3,2,sqrt,,55
p1035,908.0740000000001,BATCH_PIPELINE,op1,,1,const,,55
p1035,,,op2,op1,15,linear3,,37.5
p1035,,,op3,op2,1,const,,55
p1035,,,op4,op3,1,const,,55
p1035,,,op5,op4,1,const,,55
p1035,,,op6,op5,15,linear3,,37.5
p1035,,,op7,op6,15,linear3,,37.5
p1036,908.0740000000001,BATCH_PIPELINE,op1,,1,const,,55
p1036,,,op2,op1,5,linear3,,45
p1036,,,op3,op1,2,sqrt,,55
p1036,,,op4,op1,15,linear3,,37.5
p1036,,,op5,op1,15,linear3,,37.5
p1036,,,op6,op1,2,sqrt,,55
p1037,908.0740000000001,BATCH_PIPELINE,op1,,1,const,,55
p1037,,,op2,op1,5,linear3,,45
p1037,,,op3,op2,1,const,,55
p1037,,,op4,op3,15,linear3,,37.5
p1037,,,op5,op4,2,sqrt,,55
p1037,,,op6,op5,2,sqrt,,55
p1037,,,op7,op6,5,linear3,,45
p1038,908.0740000000001,BATCH_PIPELINE,op1,,1,const,,55
p1038,,,op2,op1,5,linear3,,45
p1038,,,op3,op1,20,linear7,,30
p1038,,,op4,op1,1,const,,55
p1038,,,op5,op1,20,linear7,,30
p1038,,,op6,op1,1,const,,55
p1038,,,op7,op1,1,const,,55
p1038,,,op8,op1,5,linear3,,45
p1039,908.0740000000001,BATCH_PIPELINE,op1,,1,const,,55
p1039,,,op2,op1,15,linear3,,37.5
p1039,,,op3,op2,1,const,,55
p1039,,,op4,op3,15,linear3,,37.5
p1039,,,op5,op4,5,linear3,,45
p1039,,,op6,op5,2,sqrt,,55
p1039,,,op7,op6,15,linear3,,37.5
p1039,,,op8,op7,5,linear3,,45
p1039,,,op9,op8,20,linear7,,30
p1039,,,op10,op9,1,const,,55
p1039,,,op11,op10,15,linear3,,37.5
p1040,908.0740000000001,INTERACTIVE,op1,,1,const,,55
p1040,,,op2,op1,2,sqrt,,55
p1040,,,op3,op2,15,linear3,,37.5
p1040,,,op4,op3,15,linear3,,37.5
p1040,,,op5,op4,5,linear3,,45
p1040,,,op6,op5,5,linear3,,45
p1040,,,op7,op6,15,linear3,,37.5
p1041,915.347,BATCH_PIPELINE,op1,,1,const,,55
p1041,,,op2,op1,80,squared,,10
p1041,,,op3,op2,20,linear7,,30
p1041,,,op4,op3,5,linear3,,45
p1041,,,op5,op4,15,linear3,,37.5
p1041,,,op6,op5,2,sqrt,,55
p1041,,,op7,op6,5,linear3,,45
p1042,915.347,BATCH_PIPELINE,op1,,1,const,,55
p1042,,,op2,op1,5,linear3,,45
p1042,,,op3,op2,5,linear3,,45
p1042,,,op4,op3,5,linear3,,45
p1042,,,op5,op4,80,squared,,10
p1043,915.347,INTERACTIVE,op1,,1,const,,55
p1043,,,op2,op1,40,linear7,,20
p1043,,,op3,op2,80,squared,,10
p1044,915.347,BATCH_PIPELINE,op1,,1,const,,55
p1044,,,op2,op1,5,linear3,,45
p1044,,,op3,op2,5,linear3,,45
p1044,,,op4,op3,15,linear3,,37.5
p1044,,,op5,op4,20,linear7,,30
p1044,,,op6,op5,15,linear3,,37.5
p1044,,,op7,op6,2,sqrt,,55
p1044,,,op8,op7,5,linear3,,45
p1044,,,op9,op8,80,squared,,10
p1044,,,op10,op9,15,linear3,,37.5
p1045,915.347,BATCH_PIPELINE,op1,,1,const,,55
p1045,,,op2,op1,15,linear3,,37.5
p1045,,,op3,op2,20,linear7,,30
p1045,,,op4,op3,20,linear7,,30
p1045,,,op5,op4,15,linear3,,37.5
p1045,,,op6,op5,2,sqrt,,55
p1045,,,op7,op6,15,linear3,,37.5
p1045,,,op8,op7,15,linear3,,37.5
p1045,,,op9,op8,5,linear3,,45
p1046,915.347,BATCH_PIPELINE,op1,,1,const,,55
p1046,,,op2,op1,2,sqrt,,55
p1046,,,op3,op1,15,linear3,,37.5
p1046,,,op4,op1,80,squared,,10
p1047,915.347,INTERACTIVE,op1,,1,const,,55
p1047,,,op2,op1,80,squared,,10
p1047,,,op3,op2,2,sqrt,,55
p1047,,,op4,op3,40,linear7,,20
p1047,,,op5,op4,5,linear3,,45
p1047,,,op6,op5,20,linear7,,30
p1048,915.347,BATCH_PIPELINE,op1,,1,const,,55
p1048,,,op2,,1,const,,55
p1048,,,op3,,80,squared,,10
p1048,,,op4,op1;op2;op3,1,const,,55
p1049,915.347,BATCH_PIPELINE,op1,,1,const,,55
p1049,,,op2,,1,const,,55
p1049,,,op3,,80,squared,,10
p1049,,,op4,,2,sqrt,,55
p1049,,,op5,,5,linear3,,45
p1049,,,op6,,5,linear3,,45
p1049,,,op7,,20,linear7,,30
p1049,,,op8,op1;op2;op3;op4;op5;op6;op7,20,linear7,,30
p1050,915.347,BATCH_PIPELINE,op1,,1,const,,55
p1050,,,op2,op1,20,linear7,,30
p1050,,,op3,op1,1,const,,55
p1050,,,op4,op1,80,squared,,10
p1050,,,op5,op1,2,sqrt,,55
p1050,,,op6,op1,15,linear3,,37.5
p1050,,,op7,op1,1,const,,55
p1051,921.427,BATCH_PIPELINE,op1,,1,const,,55
p1051,,,op2,op1,2,sqrt,,55
p1051,,,op3,op2,20,linear7,,30
p1051,,,op4,op3,2,sqrt,,55
p1051,,,op5,op4,2,sqrt,,55
p1051,,,op6,op5,5,linear3,,45
p1052,921.427,BATCH_PIPELINE,op1,,1,const,,55
p1052,,,op2,op1,1,const,,55
p1052,,,op3,op2,1,const,,55
p1052,,,op4,op3,1,const,,55
p1052,,,op5,op4,40,linear7,,20
p1052,,,op6,op5,20,linear7,,30
p1052,,,op7,op6,2,sqrt,,55
p1052,,,op8,op7,5,linear3,,45
p1053,921.427,BATCH_PIPELINE,op1,,1,const,,55
p1053,,,op2,op1,5,linear3,,45
p1053,,,op3,op2,80,squared,,10
p1053,,,op4,op3,40,linear7,,20
p1053,,,op5,op4,40,linear7,,20
p1053,,,op6,op5,20,linear7,,30
p1054,921.427,BATCH_PIPELINE,op1,,1,const,,55
p1054,,,op2,op1,80,squared,,10
p1054,,,op3,op2,20,linear7,,30
p1054,,,op4,op3,15,linear3,,37.5
p1054,,,op5,op4,15,linear3,,37.5
p1054,,,op6,op5,80,squared,,10
p1054,,,op7,op6,1,const,,55
p1054,,,op8,op7,80,squared,,10
p1054,,,op9,op8,5,linear3,,45
p1055,921.427,BATCH_PIPELINE,op1,,1,const,,55
p1055,,,op2,,20,linear7,,30
p1055,,,op3,,2,sqrt,,55
p1055,,,op4,,15,linear3,,37.5
p1055,,,op5,,40,linear7,,20
p1055,,,op6,op1;op2;op3;op4;op5,2,sqrt,,55
p1056,921.427,BATCH_PIPELINE,op1,,1,const,,55
p1056,,,op2,op1,80,squared,,10
p1056,,,op3,op2,20,linear7,,30
p1056,,,op4,op3,5,linear3,,45
p1056,,,op5,op4,2,sqrt,,55
p1057,921.427,INTERACTIVE,op1,,1,const,,55
p1057,,,op2,op1,20,linear7,,30
p1057,,,op3,op1,2,sqrt,,55
p1057,,,op4,op1,2,sqrt,,55
p1057,,,op5,op1,20,linear7,,30
p1057,,,op6,op1,2,sqrt,,55
p1057,,,op7,op1,40,linear7,,20
p1057,,,op8,op1,15,linear3,,37.5
p1058,921.427,BATCH_PIPELINE,op1,,1,const,,55
p1058,,,op2,op1,20,linear7,,30
p1058,,,op3,op2,5,linear3,,45
p1058,,,op4,op3,80,squared,,10
p1058,,,op5,op4,40,linear7,,20
p1058,,,op6,op5,2,sqrt,,55
p1058,,,op7,op6,1,const,,55
p1058,,,op8,op7,2,sqrt,,55
p1059,921.427,BATCH_PIPELINE,op1,,1,const,,55
p1059,,,op2,op1,40,linear7,,20
p1059,,,op3,op2,5,linear3,,45
p1059,,,op4,op3,5,linear3,,45
p1059,,,op5,op4,15,linear3,,37.5
p1059,,,op6,op5,40,linear7,,20
p1059,,,op7,op6,15,linear3,,37.5
p1059,,,op8,op7,2,sqrt,,55
p1059,,,op9,op8,80,squared,,10
p1059,,,op10,op9,5,linear3,,45
p1059,,,op11,op10,5,linear3,,45
p1060,921.427,BATCH_PIPELINE,op1,,1,const,,55
p1060,,,op2,op1,15,linear3,,37.5
p1060,,,op3,op2,5,linear3,,45
p1060,,,op4,op3,5,linear3,,45
p1060,,,op5,op4,5,linear3,,45
p1060,,,op6,op5,20,linear7,,30
p1060,,,op7,op6,20,linear7,,30
p1060,,,op8,op7,5,linear3,,45
p1060,,,op9,op8,40,linear7,,20
p1061,930.25,BATCH_PIPELINE,op1,,1,const,,55
p1061,,,op2,op1,15,linear3,,37.5
p1061,,,op3,op2,1,const,,55
p1061,,,op4,op3,2,sqrt,,55
p1061,,,op5,op4,1,const,,55
p1061,,,op6,op5,5,linear3,,45
p1061,,,op7,op6,80,squared,,10
p1061,,,op8,op7,5,linear3,,45
p1062,930.25,QUERY,op1,,15,linear3,,35
p1063,930.25,BATCH_PIPELINE,op1,,1,const,,55
p1063,,,op2,op1,2,sqrt,,55
p1063,,,op3,op2,15,linear3,,37.5
p1063,,,op4,op3,2,sqrt,,55
p1063,,,op5,op4,5,linear3,,45
p1063,,,op6,op5,40,linear7,,20
p1063,,,op7,op6,40,linear7,,20
p1063,,,op8,op7,1,const,,55
p1064,930.25,BATCH_PIPELINE,op1,,1,const,,55
p1064,,,op2,,40,linear7,,20
p1064,,,op3,,80,squared,,10
p1064,,,op4,,5,linear3,,45
p1064,,,op5,,5,linear3,,45
p1064,,,op6,,20,linear7,,30
p1064,,,op7,op1;op2;op3;op4;op5;op6,2,sqrt,,55
p1065,930.25,BATCH_PIPELINE,op1,,1,const,,55
p1065,,,op2,op1,15,linear3,,37.5
p1065,,,op3,op2,5,linear3,,45
p1065,,,op4,op3,40,linear7,,20
p1065,,,op5,op4,15,linear3,,37.5
p1065,,,op6,op5,1,const,,55
p1065,,,op7,op6,5,linear3,,45
p1066,930.25,BATCH_PIPELINE,op1,,1,const,,55
p1066,,,op2,op1,5,linear3,,45
p1066,,,op3,op2,40,linear7,,20
p1066,,,op4,op3,1,const,,55
p1066,,,op5,op4,5,linear3,,45
p1067,930.25,BATCH_PIPELINE,op1,,1,const,,55
p1067,,,op2,op1,20,linear7,,30
p1067,,,op3,op2,80,squared,,10
p1067,,,op4,op3,5,linear3,,45
p1067,,,op5,op4,40,linear7,,20
p1067,,,op6,op5,2,sqrt,,55
p1067,,,op7,op6,2,sqrt,,55
p1067,,,op8,op7,20,linear7,,30
p1067,,,op9,op8,1,const,,55
p1068,930.25,BATCH_PIPELINE,op1,,1,const,,55
p1068,,,op2,op1,15,linear3,,37.5
p1068,,,op3,op2,15,linear3,,37.5
p1068,,,op4,op3,20,linear7,,30
p1068,,,op5,op4,2,sqrt,,55
p1068,,,op6,op5,2,sqrt,,55
p1068,,,op7,op6,20,linear7,,30
p1068,,,op8,op7,15,linear3,,37.5
p1069,930.25,BATCH_PIPELINE,op1,,1,const,,55
p1069,,,op2,,5,linear3,,45
p1069,,,op3,,5,linear3,,45
p1069,,,op4,,1,const,,55
p1069,,,op5,,15,linear3,,37.5
p1069,,,op6,,20,linear7,,30
p1069,,,op7,op1;op2;op3;op4;op5;op6,20,linear7,,30
p1070,930.25,BATCH_PIPELINE,op1,,1,const,,55
p1070,,,op2,op1,40,linear7,,20
p1070,,,op3,op2,20,linear7,,30
p1070,,,op4,op3,40,linear7,,20
p1070,,,op5,op4,40,linear7,,20
p1070,,,op6,op5,80,squared,,10
p1070,,,op7,op6,5,linear3,,45
p1070,,,op8,op7,1,const,,55
p1070,,,op9,op8,20,linear7,,30
p1070,,,op10,op9,20,linear7,,30
p1070,,,op11,op10,80,squared,,10
p1071,942.133,BATCH_PIPELINE,op1,,1,const,,55
p1071,,,op2,op1,1,const,,55
p1071,,,op3,op2,15,linear3,,37.5
p1071,,,op4,op3,5,linear3,,45
p1071,,,op5,op4,15,linear3,,37.5
p1071,,,op6,op5,15,linear3,,37.5
p1071,,,op7,op6,20,linear7,,30
p1071,,,op8,op7,15,linear3,,37.5
p1071,,,op9,op8,40,linear7,,20
p1072,942.133,BATCH_PIPELINE,op1,,1,const,,55
p1072,,,op2,op1,80,squared,,10
p1072,,,op3,op2,20,linear7,,30
p1072,,,op4,op3,80,squared,,10
p1072,,,op5,op4,15,linear3,,37.5
p1072,,,op6,op5,15,linear3,,37.5
p1072,,,op7,op6,20,linear7,,30
p1072,,,op8,op7,15,linear3,,37.5
p1073,942.133,INTERACTIVE,op1,,1,const,,55
p1073,,,op2,op1,20,linear7,,30
p1073,,,op3,op2,15,linear3,,37.5
p1073,,,op4,op3,5,linear3,,45
p1073,,,op5,op4,5,linear3,,45
p1073,,,op6,op5,20,linear7,,30
p1074,942.133,BATCH_PIPELINE,op1,,1,const,,55
p1074,,,op2,op1,40,linear7,,20
p1074,,,op3,op2,1,const,,55
p1074,,,op4,op3,20,linear7,,30
p1074,,,op5,op4,80,squared,,10
p1075,942.133,BATCH_PIPELINE,op1,,1,const,,55
p1075,,,op2,op1,80,squared,,10
p1075,,,op3,op2,1,const,,55
p1075,,,op4,op3,5,linear3,,45
p1075,,,op5,op4,20,linear7,,30
p1075,,,op6,op5,5,linear3,,45
p1075,,,op7,op6,40,linear7,,20
p1075,,,op8,op7,15,linear3,,37.5
p1075,,,op9,op8,15,linear3,,37.5
p1076,942.133,BATCH_PIPELINE,op1,,1,const,,55
p1076,,,op2,,15,linear3,,37.5
p1076,,,op3,,2,sqrt,,55
p1076,,,op4,,40,linear7,,20
p1076,,,op5,,20,linear7,,30
p1076,,,op6,op1;op2;op3;op4;op5,40,linear7,,20
p1077,942.133,BATCH_PIPELINE,op1,,1,const,,55
p1077,,,op2,op1,80,squared,,10
p1077,,,op3,op2,40,linear7,,20
p1077,,,op4,op3,5,linear3,,45
p1078,942.133,BATCH_PIPELINE,op1,,1,const,,55
p1078,,,op2,op1,40,linear7,,20
p1078,,,op3,op1,5,linear3,,45
p1078,,,op4,op1,15,linear3,,37.5
p1078,,,op5,op1,15,linear3,,37.5
p1078,,,op6,op1,40,linear7,,20
p1078,,,op7,op1,2,sqrt,,55
p1078,,,op8,op1,1,const,,55
p1078,,,op9,op1,15,linear3,,37.5
p1079,942.133,INTERACTIVE,op1,,1,const,,55
p1079,,,op2,op1,20,linear7,,30
p1079,,,op3,op2,40,linear7,,20
p1079,,,op4,op3,20,linear7,,30
p1079,,,op5,op4,80,squared,,10
p1079,,,op6,op5,5,linear3,,45
p1079,,,op7,op6,20,linear7,,30
p1080,942.133,QUERY,op1,,15,linear3,,35
p1081,953.2860000000001,BATCH_PIPELINE,op1,,1,const,,55
p1081,,,op2,op1,80,squared,,10
p1081,,,op3,op2,20,linear7,,30
p1081,,,op4,op3,15,linear3,,37.5
p1081,,,op5,op4,20,linear7,,30
p1081,,,op6,op5,15,linear3,,37.5
p1081,,,op7,op6,15,linear3,,37.5
p1081,,,op8,op7,5,linear3,,45
p1081,,,op9,op8,2,sqrt,,55
p1081,,,op10,op9,5,linear3,,45
p1081,,,op11,op10,1,const,,55
p1082,953.2860000000001,BATCH_PIPELINE,op1,,1,const,,55
p1082,,,op2,op1,20,linear7,,30
p1082,,,op3,op2,20,linear7,,30
p1082,,,op4,op3,1,const,,55
p1082,,,op5,op4,15,linear3,,37.5
p1083,953.2860000000001,BATCH_PIPELINE,op1,,1,const,,55
p1083,,,op2,op1,2,sqrt,,55
p1083,,,op3,op1,1,const,,55
p1083,,,op4,op1,20,linear7,,30
p1083,,,op5,op1,5,linear3,,45
p1083,,,op6,op1,1,const,,55
p1083,,,op7,op1,5,linear3,,45
p1083,,,op8,op1,40,linear7,,20
p1084,953.2860000000001,BATCH_PIPELINE,op1,,1,const,,55
p1084,,,op2,op1,15,linear3,,37.5
p1084,,,op3,op2,1,const,,55
p1084,,,op4,op3,15,linear3,,37.5
p1084,,,op5,op4,5,linear3,,45
p1084,,,op6,op5,1,const,,55
p1084,,,op7,op6,80,squared,,10
p1084,,,op8,op7,5,linear3,,45
p1084,,,op9,op8,5,linear3,,45
p1084,,,op10,op9,40,linear7,,20
p1084,,,op11,op10,80,squared,,10
p1084,,,op12,op11,40,linear7,,20
p1085,953.2860000000001,BATCH_PIPELINE,op1,,1,const,,55
p1085,,,op2,op1,40,linear7,,20
p1085,,,op3,op2,1,const,,55
p1085,,,op4,op3,2,sqrt,,55
p1085,,,op5,op4,15,linear3,,37.5
p1085,,,op6,op5,20,linear7,,30
p1085,,,op7,op6,5,linear3,,45
p1085,,,op8,op7,80,squared,,10
p1086,953.2860000000001,BATCH_PIPELINE,op1,,1,const,,55
p1086,,,op2,op1,80,squared,,10
p1086,,,op3,op1,2,sqrt,,55
p1086,,,op4,op1,80,squared,,10
p1086,,,op5,op1,80,squared,,10
p1086,,,op6,op1,20,linear7,,30
p1086,,,op7,op1,40,linear7,,20
p1086,,,op8,op1,1,const,,55
p1086,,,op9,op1,5,linear3,,45
p1087,953.2860000000001,BATCH_PIPELINE,op1,,1,const,,55
p1087,,,op2,op1,5,linear3,,45
p1087,,,op3,op2,1,const,,55
p1087,,,op4,op3,20,linear7,,30
p1087,,,op5,op4,1,const,,55
p1087,,,op6,op5,40,linear7,,20
p1087,,,op7,op6,40,linear7,,20
p1087,,,op8,op7,5,linear3,,45
p1087,,,op9,op8,20,linear7,,30
p1088,953.2860000000001,BATCH_PIPELINE,op1,,1,const,,55
p1088,,,op2,op1,20,linear7,,30
p1088,,,op3,op1,1,const,,55
p1088,,,op4,op1,1,const,,55
p1088,,,op5,op1,5,linear3,,45
p1088,,,op6,op1,5,linear3,,45
p1088,,,op7,op1,15,linear3,,37.5
p1088,,,op8,op1,2,sqrt,,55
p1089,953.2860000000001,INTERACTIVE,op1,,1,const,,55
p1089,,,op2,,15,linear3,,37.5
p1089,,,op3,,40,linear7,,20
p1089,,,op4,,20,linear7,,30
p1089,,,op5,,20,linear7,,30
p1089,,,op6,,40,linear7,,20
p1089,,,op7,,1,const,,55
p1089,,,op8,op1;op2;op3;op4;op5;op6;op7,1,const,,55
p1090,953.2860000000001,INTERACTIVE,op1,,1,const,,55
p1090,,,op2,op1,15,linear3,,37.5
p1090,,,op3,op2,20,linear7,,30
p1090,,,op4,op3,2,sqrt,,55
p1090,,,op5,op4,15,linear3,,37.5
p1090,,,op6,op5,1,const,,55
p1090,,,op7,op6,20,linear7,,30
p1091,958.0600000000001,BATCH_PIPELINE,op1,,1,const,,55
p1091,,,op2,op1,20,linear7,,30
p1091,,,op3,op2,15,linear3,,37.5
p1091,,,op4,op3,1,const,,55
p1091,,,op5,op4,2,sqrt,,55
p1092,958.0600000000001,BATCH_PIPELINE,op1,,1,const,,55
p1092,,,op2,op1,20,linear7,,30
p1092,,,op3,op2,20,linear7,,30
p1092,,,op4,op3,20,linear7,,30
p1093,958.0600000000001,QUERY,op1,,15,linear3,,35
p1094,958.0600000000001,QUERY,op1,,15,linear3,,35
p1095,958.0600000000001,BATCH_PIPELINE,op1,,1,const,,55
p1095,,,op2,,2,sqrt,,55
p1095,,,op3,,15,linear3,,37.5
p1095,,,op4,,5,linear3,,45
p1095,,,op5,,80,squared,,10
p1095,,,op6,,1,const,,55
p1095,,,op7,op1;op2;op3;op4;op5;op6,5,linear3,,45
p1096,958.0600000000001,BATCH_PIPELINE,op1,,1,const,,55
p1096,,,op2,op1,20,linear7,,30
p1096,,,op3,op2,5,linear3,,45
p1096,,,op4,op3,5,linear3,,45
p1096,,,op5,op4,5,linear3,,45
p1096,,,op6,op5,1,const,,55
p1096,,,op7,op6,2,sqrt,,55
p1097,958.0600000000001,BATCH_PIPELINE,op1,,1,const,,55
p1097,,,op2,op1,5,linear3,,45
p1097,,,op3,op2,5,linear3,,45
p1097,,,op4,op3,1,const,,55
p1097,,,op5,op4,20,linear7,,30
p1097,,,op6,op5,2,sqrt,,55
p1097,,,op7,op6,20,linear7,,30
p1097,,,op8,op7,40,linear7,,20
p1098,958.0600000000001,BATCH_PIPELINE,op1,,1,const,,55
p1098,,,op2,op1,15,linear3,,37.5
p1098,,,op3,op2,5,linear3,,45
p1098,,,op4,op3,5,linear3,,45
p1098,,,op5,op4,20,linear7,,30
p1099,958.0600000000001,BATCH_PIPELINE,op1,,1,const,,55
p1099,,,op2,op1,20,linear7,,30
p1099,,,op3,op2,2,sqrt,,55
p1099,,,op4,op3,15,linear3,,37.5
p1099,,,op5,op4,15,linear3,,37.5
p1099,,,op6,op5,1,const,,55
p1099,,,op7,op6,15,linear3,,37.5
p1100,958.0600000000001,QUERY,op1,,15,linear3,,35
p1101,968.494,INTERACTIVE,op1,,1,const,,55
p1101,,,op2,op1,20,linear7,,30
p1101,,,op3,op1,2,sqrt,,55
p1101,,,op4,op1,5,linear3,,45
p1102,968.494,BATCH_PIPELINE,op1,,1,const,,55
p1102,,,op2,op1,20,linear7,,30
p1102,,,op3,op2,1,const,,55
p1102,,,op4,op3,2,sqrt,,55
p1102,,,op5,op4,1,const,,55
p1102,,,op6,op5,2,sqrt,,55
p1102,,,op7,op6,80,squared,,10
p1102,,,op8,op7,80,squared,,10
p1102,,,op9,op8,15,linear3,,37.5
p1103,968.494,BATCH_PIPELINE,op1,,1,const,,55
p1103,,,op2,op1,1,const,,55
p1103,,,op3,op2,5,linear3,,45
p1103,,,op4,op3,80,squared,,10
p1103,,,op5,op4,2,sqrt,,55
p1103,,,op6,op5,2,sqrt,,55
p1103,,,op7,op6,15,linear3,,37.5
p1104,968.494,BATCH_PIPELINE,op1,,1,const,,55
p1104,,,op2,op1,20,linear7,,30
p1104,,,op3,op2,80,squared,,10
p1104,,,op4,op3,5,linear3,,45
p1104,,,op5,op4,15,linear3,,37.5
p1104,,,op6,op5,80,squared,,10
p1105,968.494,BATCH_PIPELINE,op1,,1,const,,55
p1105,,,op2,op1,40,linear7,,20
p1105,,,op3,op2,15,linear3,,37.5
p1105,,,op4,op3,15,linear3,,37.5
p1105,,,op5,op4,1,const,,55
p1106,968.494,QUERY,op1,,15,linear3,,35
p1107,968.494,BATCH_PIPELINE,op1,,1,const,,55
p1107,,,op2,op1,5,linear3,,45
p1107,,,op3,op2,2,sqrt,,55
p1107,,,op4,op3,15,linear3,,37.5
p1107,,,op5,op4,20,linear7,,30
p1108,968.494,BATCH_PIPELINE,op1,,1,const,,55
p1108,,,op2,op1,15,linear3,,37.5
p1108,,,op3,op2,5,linear3,,45
p1108,,,op4,op3,80,squared,,10
p1108,,,op5,op4,80,squared,,10
p1108,,,op6,op5,80,squared,,10
p1109,968.494,BATCH_PIPELINE,op1,,1,const,,55
p1109,,,op2,op1,20,linear7,,30
p1109,,,op3,op2,5,linear3,,45
p1109,,,op4,op3,40,linear7,,20
p1109,,,op5,op4,15,linear3,,37.5
p1109,,,op6,op5,15,linear3,,37.5
p1109,,,op7,op6,1,const,,55
p1109,,,op8,op7,20,linear7,,30
p1109,,,op9,op8,5,linear3,,45
p1110,968.494,BATCH_PIPELINE,op1,,1,const,,55
p1110,,,op2,op1,15,linear3,,37.5
p1110,,,op3,op2,20,linear7,,30
p1110,,,op4,op3,5,linear3,,45
p1110,,,op5,op4,1,const,,55
p1110,,,op6,op5,20,linear7,,30
p1110,,,op7,op6,2,sqrt,,55
p1110,,,op8,op7,1,const,,55
p1111,975.1940000000001,BATCH_PIPELINE,op1,,1,const,,55
p1111,,,op2,op1,5,linear3,,45
p1111,,,op3,op1,40,linear7,,20
p1111,,,op4,op1,5,linear3,,45
p1111,,,op5,op1,5,linear3,,45
p1111,,,op6,op1,40,linear7,,20
p1111,,,op7,op1,20,linear7,,30
p1112,975.1940000000001,BATCH_PIPELINE,op1,,1,const,,55
p1112,,,op2,op1,20,linear7,,30
p1113,975.1940000000001,INTERACTIVE,op1,,1,const,,55
p1113,,,op2,op1,15,linear3,,37.5
p1113,,,op3,op2,15,linear3,,37.5
p1113,,,op4,op3,20,linear7,,30
p1113,,,op5,op4,40,linear7,,20
p1113,,,op6,op5,15,linear3,,37.5
p1114,975.1940000000001,BATCH_PIPELINE,op1,,1,const,,55
p1114,,,op2,,5,linear3,,45
p1114,,,op3,,40,linear7,,20
p1114,,,op4,,40,linear7,,20
p1114,,,op5,,40,linear7,,20
p1114,,,op6,,5,linear3,,45
p1114,,,op7,,1,const,,55
p1114,,,op8,,5,linear3,,45
p1114,,,op9,op1;op2;op3;op4;op5;op6;op7;op8,2,sqrt,,55
p1115,975.1940000000001,QUERY,op1,,15,linear3,,35
p1116,975.1940000000001,BATCH_PIPELINE,op1,,1,const,,55
p1116,,,op2,op1,1,const,,55
p1116,,,op3,op2,40,linear7,,20
p1116,,,op4,op3,2,sqrt,,55
p1116,,,op5,op4,15,linear3,,37.5
p1116,,,op6,op5,40,linear7,,20
p1116,,,op7,op6,40,linear7,,20
p1117,975.1940000000001,BATCH_PIPELINE,op1,,1,const,,55
p1117,,,op2,op1,40,linear7,,20
p1117,,,op3,op2,20,linear7,,30
p1117,,,op4,op3,1,const,,55
p1117,,,op5,op4,5,linear3,,45
p1117,,,op6,op5,20,linear7,,30
p1117,,,op7,op6,2,sqrt,,55
p1117,,,op8,op7,80,squared,,10
p1118,975.1940000000001,BATCH_PIPELINE,op1,,1,const,,55
p1118,,,op2,op1,5,linear3,,45
p1118,,,op3,op2,15,linear3,,37.5
p1118,,,op4,op3,20,linear7,,30
p1118,,,op5,op4,1,const,,55
p1118,,,op6,op5,5,linear3,,45
p1118,,,op7,op6,20,linear7,,30
p1118,,,op8,op7,15,linear3,,37.5
p1119,975.1940000000001,BATCH_PIPELINE,op1,,1,const,,55
p1119,,,op2,op1,20,linear7,,30
p1119,,,op3,op2,20,linear7,,30
p1119,,,op4,op3,5,linear3,,45
p1120,975.1940000000001,QUERY,op1,,15,linear3,,35
p1121,985.871,BATCH_PIPELINE,op1,,1,const,,55
p1121,,,op2,op1,40,linear7,,20
p1121,,,op3,op1,1,const,,55
p1121,,,op4,op1,5,linear3,,45
p1121,,,op5,op1,5,linear3,,45
p1121,,,op6,op1,20,linear7,,30
p1122,985.871,BATCH_PIPELINE,op1,,1,const,,55
p1122,,,op2,,5,linear3,,45
p1122,,,op3,,5,linear3,,45
p1122,,,op4,,1,const,,55
p1122,,,op5,,2,sqrt,,55
p1122,,,op6,op1;op2;op3;op4;op5,20,linear7,,30
p1123,985.871,BATCH_PIPELINE,op1,,1,const,,55
p1123,,,op2,,80,squared,,10
p1123,,,op3,,2,sqrt,,55
p1123,,,op4,,1,const,,55
p1123,,,op5,,2,sqrt,,55
p1123,,,op6,,2,sqrt,,55
p1123,,,op7,,2,sqrt,,55
p1123,,,op8,,15,linear3,,37.5
p1123,,,op9,op1;op2;op3;op4;op5;op6;op7;op8,40,linear7,,20
p1124,985.871,BATCH_PIPELINE,op1,,1,const,,55
p1124,,,op2,op1,5,linear3,,45
p1124,,,op3,op1,1,const,,55
p1124,,,op4,op1,40,linear7,,20
p1124,,,op5,op1,1,const,,55
p1124,,,op6,op1,2,sqrt,,55
p1124,,,op7,op1,20,linear7,,30
p1124,,,op8,op1,5,linear3,,45
p1124,,,op9,op1,5,linear3,,45
p1125,985.871,BATCH_PIPELINE,op1,,1,const,,55
p1125,,,op2,op1,15,linear3,,37.5
p1125,,,op3,op2,2,sqrt,,55
p1125,,,op4,op3,1,const,,55
p1125,,,op5,op4,2,sqrt,,55
p1125,,,op6,op5,15,linear3,,37.5
p1125,,,op7,op6,15,linear3,,37.5
p1126,985.871,BATCH_PIPELINE,op1,,1,const,,55
p1126,,,op2,op1,1,const,,55
p1126,,,op3,op2,2,sqrt,,55
p1127,985.871,BATCH_PIPELINE,op1,,1,const,,55
p1127,,,op2,op1,15,linear3,,37.5
p1127,,,op3,op2,80,squared,,10
p1127,,,op4,op3,20,linear7,,30
p1127,,,op5,op4,15,linear3,,37.5
p1127,,,op6,op5,15,linear3,,37.5
p1128,985.871,BATCH_PIPELINE,op1,,1,const,,55
p1128,,,op2,op1,80,squared,,10
p1128,,,op3,op1,80,squared,,10
p1128,,,op4,op1,15,linear3,,37.5
p1128,,,op5,op1,15,linear3,,37.5
p1129,985.871,BATCH_PIPELINE,op1,,1,const,,55
p1129,,,op2,,15,linear3,,37.5
p1129,,,op3,,5,linear3,,45
p1129,,,op4,,1,const,,55
p1129,,,op5,,40,linear7,,20
p1129,,,op6,,15,linear3,,37.5
p1129,,,op7,op1;op2;op3;op4;op5;op6,1,const,,55
p1130,985.871,BATCH_PIPELINE,op1,,1,const,,55
p1130,,,op2,op1,15,linear3,,37.5
p1130,,,op3,op1,5,linear3,,45
p1130,,,op4,op1,20,linear7,,30
p1130,,,op5,op1,15,linear3,,37.5
p1131,997.2620000000001,BATCH_PIPELINE,op1,,1,const,,55
p1131,,,op2,op1,2,sqrt,,55
p1131,,,op3,op1,2,sqrt,,55
p1131,,,op4,op1,5,linear3,,45
p1131,,,op5,op1,1,const,,55
p1131,,,op6,op1,15,linear3,,37.5
p1131,,,op7,op1,1,const,,55
p1131,,,op8,op1,15,linear3,,37.5
p1131,,,op9,op1,1,const,,55
p1131,,,op10,op1,5,linear3,,45
p1131,,,op11,op1,20,linear7,,30
p1131,,,op12,op1,80,squared,,10
p1131,,,op13,op1,2,sqrt,,55
p1131,,,op14,op1,5,linear3,,45
p1132,997.2620000000001,BATCH_PIPELINE,op1,,1,const,,55
p1132,,,op2,,20,linear7,,30
p1132,,,op3,,5,linear3,,45
p1132,,,op4,,80,squared,,10
p1132,,,op5,,20,linear7,,30
p1132,,,op6,op1;op2;op3;op4;op5,2,sqrt,,55
p1133,997.2620000000001,BATCH_PIPELINE,op1,,1,const,,55
p1133,,,op2,op1,2,sqrt,,55
p1133,,,op3,op2,20,linear7,,30
p1133,,,op4,op3,1,const,,55
p1133,,,op5,op4,1,const,,55
p1133,,,op6,op5,5,linear3,,45
p1133,,,op7,op6,20,linear7,,30
p1133,,,op8,op7,40,linear7,,20
p1133,,,op9,op8,40,linear7,,20
p1133,,,op10,op9,20,linear7,,30
p1134,997.2620000000001,QUERY,op1,,15,linear3,,35
p1135,997.2620000000001,INTERACTIVE,op1,,1,const,,55
p1135,,,op2,,20,linear7,,30
p1135,,,op3,,2,sqrt,,55
p1135,,,op4,,15,linear3,,37.5
p1135,,,op5,op1;op2;op3;op4,15,linear3,,37.5
p1136,997.2620000000001,QUERY,op1,,15,linear3,,35
p1137,997.2620000000001,BATCH_PIPELINE,op1,,1,const,,55
p1137,,,op2,op1,5,linear3,,45
p1137,,,op3,op2,15,linear3,,37.5
p1137,,,op4,op3,5,linear3,,45
p1137,,,op5,op4,5,linear3,,45
p1137,,,op6,op5,80,squared,,10
p1137,,,op7,op6,15,linear3,,37.5
p1137,,,op8,op7,20,linear7,,30
p1137,,,op9,op8,2,sqrt,,55
p1138,997.2620000000001,BATCH_PIPELINE,op1,,1,const,,55
p1138,,,op2,op1,15,linear3,,37.5
p1138,,,op3,op2,40,linear7,,20
p1138,,,op4,op3,40,linear7,,20
p1138,,,op5,op4,15,linear3,,37.5
p1138,,,op6,op5,5,linear3,,45
p1138,,,op7,op6,20,linear7,,30
p1138,,,op8,op7,2,sqrt,,55
p1138,,,op9,op8,2,sqrt,,55
p1139,997.2620000000001,BATCH_PIPELINE,op1,,1,const,,55
p1139,,,op2,op1,2,sqrt,,55
p1139,,,op3,op2,5,linear3,,45
p1139,,,op4,op3,5,linear3,,45
p1140,997.2620000000001,BATCH_PIPELINE,op1,,1,const,,55
p1140,,,op2,op1,15,linear3,,37.5
p1140,,,op3,op2,5,linear3,,45
p1140,,,op4,op3,2,sqrt,,55
p1140,,,op5,op4,40,linear7,,20
p1140,,,op6,op5,1,const,,55
p1140,,,op7,op6,5,linear3,,45
p1141,1005.207,BATCH_PIPELINE,op1,,1,const,,55
p1141,,,op2,op1,5,linear3,,45
p1141,,,op3,op2,40,linear7,,20
p1141,,,op4,op3,15,linear3,,37.5
p1141,,,op5,op4,1,const,,55
p1142,1005.207,BATCH_PIPELINE,op1,,1,const,,55
p1142,,,op2,op1,15,linear3,,37.5
p1142,,,op3,op2,15,linear3,,37.5
p1142,,,op4,op3,5,linear3,,45
p1142,,,op5,op4,80,squared,,10
p1142,,,op6,op5,5,linear3,,45
p1142,,,op7,op6,20,linear7,,30
p1142,,,op8,op7,2,sqrt,,55
p1142,,,op9,op8,20,linear7,,30
p1143,1005.207,BATCH_PIPELINE,op1,,1,const,,55
p1143,,,op2,op1,2,sqrt,,55
p1143,,,op3,op2,1,const,,55
p1143,,,op4,op3,40,linear7,,20
p1143,,,op5,op4,5,linear3,,45
p1143,,,op6,op5,1,const,,55
p1144,1005.207,INTERACTIVE,op1,,1,const,,55
p1144,,,op2,op1,80,squared,,10
p1144,,,op3,op2,15,linear3,,37.5
p1144,,,op4,op3,15,linear3,,37.5
p1144,,,op5,op4,2,sqrt,,55
p1144,,,op6,op5,1,const,,55
p1145,1005.207,BATCH_PIPELINE,op1,,1,const,,55
p1145,,,op2,op1,5,linear3,,45
p1145,,,op3,op2,15,linear3,,37.5
p1145,,,op4,op3,1,const,,55
p1145,,,op5,op4,20,linear7,,30
p1145,,,op6,op5,15,linear3,,37.5
p1145,,,op7,op6,80,squared,,10
p1145,,,op8,op7,15,linear3,,37.5
p1146,1005.207,BATCH_PIPELINE,op1,,1,const,,55
p1146,,,op2,op1,20,linear7,,30
p1146,,,op3,op2,15,linear3,,37.5
p1146,,,op4,op3,1,const,,55
p1146,,,op5,op4,1,const,,55
p1146,,,op6,op5,15,linear3,,37.5
p1146,,,op7,op6,40,linear7,,20
p1147,1005.207,BATCH_PIPELINE,op1,,1,const,,55
p1147,,,op2,op1,15,linear3,,37.5
p1147,,,op3,op2,2,sqrt,,55
p1147,,,op4,op3,15,linear3,,37.5
p1147,,,op5,op4,40,linear7,,20
p1147,,,op6,op5,20,linear7,,30
p1147,,,op7,op6,20,linear7,,30
p1147,,,op8,op7,5,linear3,,45
p1147,,,op9,op8,5,linear3,,45
p1148,1005.207,BATCH_PIPELINE,op1,,1,const,,55
p1148,,,op2,op1,1,const,,55
p1148,,,op3,op2,15,linear3,,37.5
p1148,,,op4,op3,15,linear3,,37.5
p1148,,,op5,op4,1,const,,55
p1148,,,op6,op5,20,linear7,,30
p1148,,,op7,op6,2,sqrt,,55
p1149,1005.207,BATCH_PIPELINE,op1,,1,const,,55
p1149,,,op2,op1,20,linear7,,30
p1149,,,op3,op2,15,linear3,,37.5
p1149,,,op4,op3,5,linear3,,45
p1149,,,op5,op4,80,squared,,10
p1149,,,op6,op5,20,linear7,,30
p1149,,,op7,op6,2,sqrt,,55
p1149,,,op8,op7,1,const,,55
p1149,,,op9,op8,20,linear7,,30
p1149,,,op10,op9,15,linear3,,37.5
p1149,,,op11,op10,1,const,,55
p1150,1005.207,INTERACTIVE,op1,,1,const,,55
p1150,,,op2,,20,linear7,,30
p1150,,,op3,,5,linear3,,45
p1150,,,op4,,20,linear7,,30
p1150,,,op5,,5,linear3,,45
p1150,,,op6,,5,linear3,,45
p1150,,,op7,op1;op2;op3;op4;op5;op6,5,linear3,,45
p1151,1016.7520000000001,BATCH_PIPELINE,op1,,1,const,,55
p1151,,,op2,op1,2,sqrt,,55
p1151,,,op3,op1,1,const,,55
p1151,,,op4,op1,40,linear7,,20
p1151,,,op5,op1,5,linear3,,45
p1151,,,op6,op1,2,sqrt,,55
p1151,,,op7,op1,5,linear3,,45
p1151,,,op8,op1,5,linear3,,45
p1151,,,op9,op1,40,linear7,,20
p1151,,,op10,op1,15,linear3,,37.5
p1152,1016.7520000000001,BATCH_PIPELINE,op1,,1,const,,55
p1152,,,op2,op1,5,linear3,,45
p1152,,,op3,op2,20,linear7,,30
p1152,,,op4,op3,20,linear7,,30
p1152,,,op5,op4,40,linear7,,20
p1152,,,op6,op5,5,linear3,,45
p1152,,,op7,op6,15,linear3,,37.5
p1152,,,op8,op7,20,linear7,,30
p1153,1016.7520000000001,BATCH_PIPELINE,op1,,1,const,,55
p1153,,,op2,op1,5,linear3,,45
p1153,,,op3,op2,20,linear7,,30
p1153,,,op4,op3,40,linear7,,20
p1153,,,op5,op4,1,const,,55
p1154,1016.7520000000001,BATCH_PIPELINE,op1,,1,const,,55
p1154,,,op2,op1,5,linear3,,45
p1154,,,op3,op2,5,linear3,,45
p1154,,,op4,op3,1,const,,55
p1154,,,op5,op4,20,linear7,,30
p1154,,,op6,op5,5,linear3,,45
p1154,,,op7,op6,2,sqrt,,55
p1155,1016.7520000000001,BATCH_PIPELINE,op1,,1,const,,55
p1155,,,op2,,2,sqrt,,55
p1155,,,op3,,40,linear7,,20
p1155,,,op4,,15,linear3,,37.5
p1155,,,op5,,20,linear7,,30
p1155,,,op6,,20,linear7,,30
p1155,,,op7,,15,linear3,,37.5
p1155,,,op8,,5,linear3,,45
p1155,,,op9,,20,linear7,,30
p1155,,,op10,op1;op2;op3;op4;op5;op6;op7;op8;op9,40,linear7,,20
p1156,1016.7520000000001,BATCH_PIPELINE,op1,,1,const,,55
p1156,,,op2,op1,5,linear3,,45
p1156,,,op3,op2,2,sqrt,,55
p1156,,,op4,op3,5,linear3,,45
p1156,,,op5,op4,20,linear7,,30
p1157,1016.7520000000001,BATCH_PIPELINE,op1,,1,const,,55
p1157,,,op2,op1,15,linear3,,37.5
p1157,,,op3,op2,5,linear3,,45
p1157,,,op4,op3,2,sqrt,,55
p1157,,,op5,op4,20,linear7,,30
p1157,,,op6,op5,15,linear3,,37.5
p1157,,,op7,op6,1,const,,55
p1158,1016.7520000000001,BATCH_PIPELINE,op1,,1,const,,55
p1158,,,op2,op1,1,const,,55
p1158,,,op3,op2,5,linear3,,45
p1158,,,op4,op3,2,sqrt,,55
p1158,,,op5,op4,2,sqrt,,55
p1158,,,op6,op5,5,linear3,,45
p1158,,,op7,op6,80,squared,,10
p1159,1016.7520000000001,BATCH_PIPELINE,op1,,1,const,,55
p1159,,,op2,op1,1,const,,55
p1159,,,op3,op2,5,linear3,,45
p1159,,,op4,op3,2,sqrt,,55
p1159,,,op5,op4,5,linear3,,45
p1159,,,op6,op5,1,const,,55
p1160,1016.7520000000001,BATCH_PIPELINE,op1,,1,const,,55
p1160,,,op2,op1,1,const,,55
p1160,,,op3,op2,2,sqrt,,55
p1160,,,op4,op3,2,sqrt,,55
p1160,,,op5,op4,15,linear3,,37.5
p1160,,,op6,op5,1,const,,55
p1160,,,op7,op6,80,squared,,10
p1160,,,op8,op7,15,linear3,,37.5
p1160,,,op9,op8,5,linear3,,45
p1160,,,op10,op9,80,squared,,10
p1161,1025.7160000000001,BATCH_PIPELINE,op1,,1,const,,55
p1161,,,op2,op1,2,sqrt,,55
p1161,,,op3,op1,80,squared,,10
p1161,,,op4,op1,20,linear7,,30
p1161,,,op5,op1,15,linear3,,37.5
p1161,,,op6,op1,2,sqrt,,55
p1162,1025.7160000000001,BATCH_PIPELINE,op1,,1,const,,55
p1162,,,op2,op1,5,linear3,,45
p1162,,,op3,op2,80,squared,,10
p1162,,,op4,op3,80,squared,,10
p1162,,,op5,op4,5,linear3,,45
p1163,1025.7160000000001,BATCH_PIPELINE,op1,,1,const,,55
p1163,,,op2,op1,15,linear3,,37.5
p1163,,,op3,op2,20,linear7,,30
p1163,,,op4,op3,40,linear7,,20
p1164,1025.7160000000001,BATCH_PIPELINE,op1,,1,const,,55
p1164,,,op2,op1,20,linear7,,30
p1164,,,op3,op2,5,linear3,,45
p1164,,,op4,op3,20,linear7,,30
p1164,,,op5,op4,15,linear3,,37.5
p1164,,,op6,op5,15,linear3,,37.5
p1164,,,op7,op6,20,linear7,,30
p1164,,,op8,op7,1,const,,55
p1164,,,op9,op8,2,sqrt,,55
p1165,1025.7160000000001,BATCH_PIPELINE,op1,,1,const,,55
p1165,,,op2,,5,linear3,,45
p1165,,,op3,,40,linear7,,20
p1165,,,op4,,15,linear3,,37.5
p1165,,,op5,op1;op2;op3;op4,40,linear7,,20
p1166,1025.7160000000001,BATCH_PIPELINE,op1,,1,const,,55
p1166,,,op2,,20,linear7,,30
p1166,,,op3,,40,linear7,,20
p1166,,,op4,,5,linear3,,45
p1166,,,op5,,1,const,,55
p1166,,,op6,op1;op2;op3;op4;op5,1,const,,55
p1167,1025.7160000000001,BATCH_PIPELINE,op1,,1,const,,55
p1167,,,op2,op1,20,linear7,,30
p1167,,,op3,op2,2,sqrt,,55
p1168,1025.7160000000001,BATCH_PIPELINE,op1,,1,const,,55
p1168,,,op2,op1,2,sqrt,,55
p1168,,,op3,op2,2,sqrt,,55
p1168,,,op4,op3,15,linear3,,37.5
p1168,,,op5,op4,20,linear7,,30
p1168,,,op6,op5,40,linear7,,20
p1168,,,op7,op6,40,linear7,,20
p1168,,,op8,op7,15,linear3,,37.5
p1168,,,op9,op8,40,linear7,,20
p1168,,,op10,op9,2,sqrt,,55
p1169,1025.7160000000001,BATCH_PIPELINE,op1,,1,const,,55
p1169,,,op2,,2,sqrt,,55
p1169,,,op3,,2,sqrt,,55
p1169,,,op4,,5,linear3,,45
p1169,,,op5,,20,linear7,,30
p1169,,,op6,op1;op2;op3;op4;op5,80,squared,,10
p1170,1025.7160000000001,BATCH_PIPELINE,op1,,1,const,,55
p1170,,,op2,op1,15,linear3,,37.5
p1170,,,op3,op1,2,sqrt,,55
p1170,,,op4,op1,20,linear7,,30
p1170,,,op5,op1,5,linear3,,45
p1171,1033.087,BATCH_PIPELINE,op1,,1,const,,55
p1171,,,op2,op1,2,sqrt,,55
p1171,,,op3,op1,15,linear3,,37.5
p1171,,,op4,op1,5,linear3,,45
p1171,,,op5,op1,5,linear3,,45
p1171,,,op6,op1,5,linear3,,45
p1171,,,op7,op1,40,linear7,,20
p1171,,,op8,op1,15,linear3,,37.5
p1171,,,op9,op1,40,linear7,,20
p1172,1033.087,BATCH_PIPELINE,op1,,1,const,,55
p1172,,,op2,op1,40,linear7,,20
p1172,,,op3,op2,20,linear7,,30
p1172,,,op4,op3,80,squared,,10
p1172,,,op5,op4,15,linear3,,37.5
p1172,,,op6,op5,20,linear7,,30
p1172,,,op7,op6,15,linear3,,37.5
p1172,,,op8,op7,15,linear3,,37.5
p1173,1033.087,BATCH_PIPELINE,op1,,1,const,,55
p1173,,,op2,op1,40,linear7,,20
p1173,,,op3,op2,15,linear3,,37.5
p1173,,,op4,op3,5,linear3,,45
p1173,,,op5,op4,5,linear3,,45
p1173,,,op6,op5,1,const,,55
p1173,,,op7,op6,80,squared,,10
p1173,,,op8,op7,5,linear3,,45
p1174,1033.087,BATCH_PIPELINE,op1,,1,const,,55
p1174,,,op2,op1,5,linear3,,45
p1174,,,op3,op1,2,sqrt,,55
p1174,,,op4,op1,2,sqrt,,55
p1174,,,op5,op1,80,squared,,10
p1174,,,op6,op1,15,linear3,,37.5
p1174,,,op7,op1,40,linear7,,20
p1174,,,op8,op1,40,linear7,,20
p1175,1033.087,BATCH_PIPELINE,op1,,1,const,,55
p1175,,,op2,op1,1,const,,55
p1175,,,op3,op2,5,linear3,,45
p1175,,,op4,op3,20,linear7,,30
p1175,,,op5,op4,5,linear3,,45
p1175,,,op6,op5,5,linear3,,45
p1175,,,op7,op6,5,linear3,,45
p1175,,,op8,op7,80,squared,,10
p1176,1033.087,BATCH_PIPELINE,op1,,1,const,,55
p1176,,,op2,op1,2,sqrt,,55
p1176,,,op3,op2,5,linear3,,45
p1176,,,op4,op3,20,linear7,,30
p1176,,,op5,op4,20,linear7,,30
p1176,,,op6,op5,15,linear3,,37.5
p1176,,,op7,op6,40,linear7,,20
p1176,,,op8,op7,40,linear7,,20
p1176,,,op9,op8,20,linear7,,30
p1177,1033.087,BATCH_PIPELINE,op1,,1,const,,55
p1177,,,op2,op1,2,sqrt,,55
p1177,,,op3,op2,1,const,,55
p1177,,,op4,op3,1,const,,55
p1177,,,op5,op4,15,linear3,,37.5
p1177,,,op6,op5,15,linear3,,37.5
p1177,,,op7,op6,1,const,,55
p1177,,,op8,op7,40,linear7,,20
p1178,1033.087,BATCH_PIPELINE,op1,,1,const,,55
p1178,,,op2,op1,2,sqrt,,55
p1178,,,op3,op2,20,linear7,,30
p1178,,,op4,op3,20,linear7,,30
p1178,,,op5,op4,5,linear3,,45
p1178,,,op6,op5,1,const,,55
p1178,,,op7,op6,15,linear3,,37.5
p1178,,,op8,op7,2,sqrt,,55
p1178,,,op9,op8,40,linear7,,20
p1178,,,op10,op9,5,linear3,,45
p1179,1033.087,BATCH_PIPELINE,op1,,1,const,,55
p1179,,,op2,op1,80,squared,,10
p1179,,,op3,op2,2,sqrt,,55
p1180,1033.087,INTERACTIVE,op1,,1,const,,55
p1180,,,op2,op1,20,linear7,,30
p1180,,,op3,op2,2,sqrt,,55
p1180,,,op4,op3,15,linear3,,37.5
p1180,,,op5,op4,20,linear7,,30
p1180,,,op6,op5,15,linear3,,37.5
p1180,,,op7,op6,2,sqrt,,55
p1181,1044.405,BATCH_PIPELINE,op1,,1,const,,55
p1181,,,op2,op1,2,sqrt,,55
p1181,,,op3,op1,20,linear7,,30
p1181,,,op4,op1,15,linear3,,37.5
p1181,,,op5,op1,20,linear7,,30
p1182,1044.405,BATCH_PIPELINE,op1,,1,const,,55
p1182,,,op2,op1,5,linear3,,45
p1182,,,op3,op2,15,linear3,,37.5
p1182,,,op4,op3,1,const,,55
p1182,,,op5,op4,5,linear3,,45
p1182,,,op6,op5,40,linear7,,20
p1183,1044.405,INTERACTIVE,op1,,1,const,,55
p1183,,,op2,,5,linear3,,45
p1183,,,op3,,15,linear3,,37.5
p1183,,,op4,,80,squared,,10
p1183,,,op5,,2,sqrt,,55
p1183,,,op6,,20,linear7,,30
p1183,,,op7,,40,linear7,,20
p1183,,,op8,,5,linear3,,45
p1183,,,op9,op1;op2;op3;op4;op5;op6;op7;op8,5,linear3,,45
p1184,1044.405,BATCH_PIPELINE,op1,,1,const,,55
p1184,,,op2,op1,40,linear7,,20
p1184,,,op3,op2,20,linear7,,30
p1184,,,op4,op3,5,linear3,,45
p1184,,,op5,op4,15,linear3,,37.5
p1185,1044.405,BATCH_PIPELINE,op1,,1,const,,55
p1185,,,op2,op1,80,squared,,10
p1185,,,op3,op2,40,linear7,,20
p1185,,,op4,op3,20,linear7,,30
p1185,,,op5,op4,2,sqrt,,55
p1185,,,op6,op5,2,sqrt,,55
p1185,,,op7,op6,5,linear3,,45
p1185,,,op8,op7,15,linear3,,37.5
p1185,,,op9,op8,1,const,,55
p1186,1044.405,BATCH_PIPELINE,op1,,1,const,,55
p1186,,,op2,op1,2,sqrt,,55
p1186,,,op3,op1,2,sqrt,,55
p1186,,,op4,op1,15,linear3,,37.5
p1186,,,op5,op1,5,linear3,,45
p1186,,,op6,op1,20,linear7,,30
p1186,,,op7,op1,20,linear7,,30
p1186,,,op8,op1,40,linear7,,20
p1186,,,op9,op1,1,const,,55
p1186,,,op10,op1,15,linear3,,37.5
p1187,1044.405,BATCH_PIPELINE,op1,,1,const,,55
p1187,,,op2,op1,40,linear7,,20
p1187,,,op3,op2,40,linear7,,20
p1187,,,op4,op3,20,linear7,,30
p1187,,,op5,op4,5,linear3,,45
p1187,,,op6,op5,5,linear3,,45
p1187,,,op7,op6,1,const,,55
p1188,1044.405,BATCH_PIPELINE,op1,,1,const,,55
p1188,,,op2,op1,20,linear7,,30
p1188,,,op3,op2,1,const,,55
p1188,,,op4,op3,2,sqrt,,55
p1188,,,op5,op4,80,squared,,10
p1188,,,op6,op5,15,linear3,,37.5
p1188,,,op7,op6,5,linear3,,45
p1189,1044.405,BATCH_PIPELINE,op1,,1,const,,55
p1189,,,op2,op1,1,const,,55
p1189,,,op3,op2,80,squared,,10
p1189,,,op4,op3,40,linear7,,20
p1189,,,op5,op4,5,linear3,,45
p1189,,,op6,op5,1,const,,55
p1189,,,op7,op6,40,linear7,,20
p1189,,,op8,op7,20,linear7,,30
p1189,,,op9,op8,1,const,,55
p1189,,,op10,op9,5,linear3,,45
p1190,1044.405,BATCH_PIPELINE,op1,,1,const,,55
p1190,,,op2,op1,2,sqrt,,55
p1190,,,op3,op2,80,squared,,10
p1190,,,op4,op3,20,linear7,,30
p1190,,,op5,op4,80,squared,,10
p1190,,,op6,op5,15,linear3,,37.5
p1190,,,op7,op6,40,linear7,,20
p1190,,,op8,op7,2,sqrt,,55
p1191,1053.771,QUERY,op1,,15,linear3,,35
p1192,1053.771,INTERACTIVE,op1,,1,const,,55
p1192,,,op2,op1,15,linear3,,37.5
p1192,,,op3,op2,1,const,,55
p1192,,,op4,op3,1,const,,55
p1192,,,op5,op4,40,linear7,,20
p1192,,,op6,op5,5,linear3,,45
p1192,,,op7,op6,15,linear3,,37.5
p1192,,,op8,op7,40,linear7,,20
p1193,1053.771,BATCH_PIPELINE,op1,,1,const,,55
p1193,,,op2,op1,20,linear7,,30
p1193,,,op3,op2,15,linear3,,37.5
p1193,,,op4,op3,15,linear3,,37.5
p1193,,,op5,op4,1,const,,55
p1193,,,op6,op5,40,linear7,,20
p1193,,,op7,op6,1,const,,55
p1193,,,op8,op7,5,linear3,,45
p1193,,,op9,op8,15,linear3,,37.5
p1194,1053.771,BATCH_PIPELINE,op1,,1,const,,55
p1194,,,op2,,40,linear7,,20
p1194,,,op3,,2,sqrt,,55
p1194,,,op4,,5,linear3,,45
p1194,,,op5,,1,const,,55
p1194,,,op6,,20,linear7,,30
p1194,,,op7,op1;op2;op3;op4;op5;op6,5,linear3,,45
p1195,1053.771,BATCH_PIPELINE,op1,,1,const,,55
p1195,,,op2,,40,linear7,,20
p1195,,,op3,,15,linear3,,37.5
p1195,,,op4,,5,linear3,,45
p1195,,,op5,,80,squared,,10
p1195,,,op6,,15,linear3,,37.5
p1195,,,op7,,20,linear7,,30
p1195,,,op8,op1;op2;op3;op4;op5;op6;op7,5,linear3,,45
p1196,1053.771,BATCH_PIPELINE,op1,,1,const,,55
p1196,,,op2,op1,1,const,,55
p1196,,,op3,op2,2,sqrt,,55
p1196,,,op4,op3,40,linear7,,20
p1196,,,op5,op4,2,sqrt,,55
p1197,1053.771,BATCH_PIPELINE,op1,,1,const,,55
p1197,,,op2,op1,40,linear7,,20
p1197,,,op3,op2,20,linear7,,30
p1197,,,op4,op3,15,linear3,,37.5
p1197,,,op5,op4,20,linear7,,30
p1197,,,op6,op5,80,squared,,10
p1197,,,op7,op6,2,sqrt,,55
p1197,,,op8,op7,2,sqrt,,55
p1197,,,op9,op8,2,sqrt,,55
p1197,,,op10,op9,40,linear7,,20
p1197,,,op11,op10,40,linear7,,20
p1198,1053.771,BATCH_PIPELINE,op1,,1,const,,55
p1198,,,op2,op1,20,linear7,,30
p1198,,,op3,op2,15,linear3,,37.5
p1199,1053.771,BATCH_PIPELINE,op1,,1,const,,55
p1199,,,op2,op1,15,linear3,,37.5
p1199,,,op3,op2,20,linear7,,30
p1199,,,op4,op3,15,linear3,,37.5
p1199,,,op5,op4,20,linear7,,30
p1199,,,op6,op5,20,linear7,,30
p1200,1053.771,BATCH_PIPELINE,op1,,1,const,,55
p1200,,,op2,op1,40,linear7,,20
p1200,,,op3,op2,20,linear7,,30
p1200,,,op4,op3,2,sqrt,,55
p1200,,,op5,op4,2,sqrt,,55
p1200,,,op6,op5,5,linear3,,45
p1200,,,op7,op6,15,linear3,,37.5
p1200,,,op8,op7,5,linear3,,45
p1201,1060.243,BATCH_PIPELINE,op1,,1,const,,55
p1201,,,op2,op1,5,linear3,,45
p1201,,,op3,op1,5,linear3,,45
p1202,1060.243,BATCH_PIPELINE,op1,,1,const,,55
p1202,,,op2,op1,15,linear3,,37.5
p1202,,,op3,op2,1,const,,55
p1202,,,op4,op3,1,const,,55
p1202,,,op5,op4,1,const,,55
p1202,,,op6,op5,5,linear3,,45
p1202,,,op7,op6,5,linear3,,45
p1202,,,op8,op7,15,linear3,,37.5
p1202,,,op9,op8,20,linear7,,30
p1202,,,op10,op9,5,linear3,,45
p1202,,,op11,op10,15,linear3,,37.5
p1203,1060.243,BATCH_PIPELINE,op1,,1,const,,55
p1203,,,op2,op1,20,linear7,,30
p1203,,,op3,op2,5,linear3,,45
p1203,,,op4,op3,1,const,,55
p1203,,,op5,op4,15,linear3,,37.5
p1204,1060.243,BATCH_PIPELINE,op1,,1,const,,55
p1204,,,op2,op1,20,linear7,,30
p1204,,,op3,op2,40,linear7,,20
p1204,,,op4,op3,2,sqrt,,55
p1204,,,op5,op4,15,linear3,,37.5
p1204,,,op6,op5,20,linear7,,30
p1204,,,op7,op6,15,linear3,,37.5
p1204,,,op8,op7,15,linear3,,37.5
p1204,,,op9,op8,1,const,,55
p1204,,,op10,op9,20,linear7,,30
p1204,,,op11,op10,5,linear3,,45
p1205,1060.243,BATCH_PIPELINE,op1,,1,const,,55
p1205,,,op2,,15,linear3,,37.5
p1205,,,op3,,20,linear7,,30
p1205,,,op4,,20,linear7,,30
p1205,,,op5,,80,squared,,10
p1205,,,op6,,15,linear3,,37.5
p1205,,,op7,,15,linear3,,37.5
p1205,,,op8,,40,linear7,,20
p1205,,,op9,op1;op2;op3;op4;op5;op6;op7;op8,5,linear3,,45
p1206,1060.243,BATCH_PIPELINE,op1,,1,const,,55
p1206,,,op2,op1,1,const,,55
p1206,,,op3,op2,20,linear7,,30
p1206,,,op4,op3,80,squared,,10
p1206,,,op5,op4,1,const,,55
p1206,,,op6,op5,40,linear7,,20
p1206,,,op7,op6,1,const,,55
p1206,,,op8,op7,5,linear3,,45
p1207,1060.243,BATCH_PIPELINE,op1,,1,const,,55
p1207,,,op2,op1,20,linear7,,30
p1207,,,op3,op1,1,const,,55
p1207,,,op4,op1,15,linear3,,37.5
p1207,,,op5,op1,15,linear3,,37.5
p1207,,,op6,op1,80,squared,,10
p1207,,,op7,op1,1,const,,55
p1208,1060.243,BATCH_PIPELINE,op1,,1,const,,55
p1208,,,op2,,40,linear7,,20
p1208,,,op3,,15,linear3,,37.5
p1208,,,op4,,5,linear3,,45
p1208,,,op5,,5,linear3,,45
p1208,,,op6,op1;op2;op3;op4;op5,5,linear3,,45
p1209,1060.243,BATCH_PIPELINE,op1,,1,const,,55
p1209,,,op2,op1,5,linear3,,45
p1209,,,op3,op2,2,sqrt,,55
p1209,,,op4,op3,15,linear3,,37.5
p1209,,,op5,op4,15,linear3,,37.5
p1210,1060.243,BATCH_PIPELINE,op1,,1,const,,55
p1210,,,op2,op1,80,squared,,10
p1210,,,op3,op1,2,sqrt,,55
p1210,,,op4,op1,2,sqrt,,55
p1210,,,op5,op1,2,sqrt,,55
p1210,,,op6,op1,40,linear7,,20
p1210,,,op7,op1,5,linear3,,45
p1211,1069.7830000000001,BATCH_PIPELINE,op1,,1,const,,55
p1211,,,op2,op1,20,linear7,,30
p1211,,,op3,op2,5,linear3,,45
p1211,,,op4,op3,40,linear7,,20
p1211,,,op5,op4,2,sqrt,,55
p1211,,,op6,op5,40,linear7,,20
p1211,,,op7,op6,5,linear3,,45
p1212,1069.7830000000001,BATCH_PIPELINE,op1,,1,const,,55
p1212,,,op2,op1,5,linear3,,45
p1212,,,op3,op2,1,const,,55
p1212,,,op4,op3,5,linear3,,45
p1212,,,op5,op4,5,linear3,,45
p1213,1069.7830000000001,BATCH_PIPELINE,op1,,1,const,,55
p1213,,,op2,op1,5,linear3,,45
p1213,,,op3,op2,5,linear3,,45
p1213,,,op4,op3,80,squared,,10
p1213,,,op5,op4,2,sqrt,,55
p1213,,,op6,op5,2,sqrt,,55
p1213,,,op7,op6,1,const,,55
p1213,,,op8,op7,1,const,,55
p1214,1069.7830000000001,BATCH_PIPELINE,op1,,1,const,,55
p1214,,,op2,op1,40,linear7,,20
p1214,,,op3,op2,80,squared,,10
p1214,,,op4,op3,15,linear3,,37.5
p1214,,,op5,op4,5,linear3,,45
p1214,,,op6,op5,1,const,,55
p1214,,,op7,op6,20,linear7,,30
p1214,,,op8,op7,15,linear3,,37.5
p1215,1069.7830000000001,BATCH_PIPELINE,op1,,1,const,,55
p1215,,,op2,op1,15,linear3,,37.5
p1215,,,op3,op2,15,linear3,,37.5
p1215,,,op4,op3,15,linear3,,37.5
p1215,,,op5,op4,2,sqrt,,55
p1215,,,op6,op5,40,linear7,,20
p1215,,,op7,op6,80,squared,,10
p1215,,,op8,op7,1,const,,55
p1216,1069.7830000000001,BATCH_PIPELINE,op1,,1,const,,55
p1216,,,op2,op1,1,const,,55
p1217,1069.7830000000001,BATCH_PIPELINE,op1,,1,const,,55
p1217,,,op2,op1,20,linear7,,30
p1217,,,op3,op2,1,const,,55
p1217,,,op4,op3,5,linear3,,45
p1217,,,op5,op4,5,linear3,,45
p1218,1069.7830000000001,BATCH_PIPELINE,op1,,1,const,,55
p1218,,,op2,op1,5,linear3,,45
p1218,,,op3,op2,80,squared,,10
p1218,,,op4,op3,20,linear7,,30
p1218,,,op5,op4,2,sqrt,,55
p1218,,,op6,op5,5,linear3,,45
p1218,,,op7,op6,5,linear3,,45
p1218,,,op8,op7,5,linear3,,45
p1219,1069.7830000000001,INTERACTIVE,op1,,1,const,,55
p1219,,,op2,op1,5,linear3,,45
p1219,,,op3,op2,15,linear3,,37.5
p1219,,,op4,op3,15,linear3,,37.5
p1219,,,op5,op4,80,squared,,10
p1219,,,op6,op5,15,linear3,,37.5
p1220,1069.7830000000001,BATCH_PIPELINE,op1,,1,const,,55
p1220,,,op2,op1,15,linear3,,37.5
p1220,,,op3,op1,2,sqrt,,55
p1220,,,op4,op1,5,linear3,,45
p1220,,,op5,op1,20,linear7,,30
p1220,,,op6,op1,2,sqrt,,55
p1221,1078.784,BATCH_PIPELINE,op1,,1,const,,55
p1221,,,op2,op1,15,linear3,,37.5
p1221,,,op3,op2,5,linear3,,45
p1221,,,op4,op3,1,const,,55
p1221,,,op5,op4,5,linear3,,45
p1221,,,op6,op5,15,linear3,,37.5
p1222,1078.784,BATCH_PIPELINE,op1,,1,const,,55
p1222,,,op2,op1,1,const,,55
p1222,,,op3,op1,5,linear3,,45
p1222,,,op4,op1,40,linear7,,20
p1222,,,op5,op1,2,sqrt,,55
p1222,,,op6,op1,40,linear7,,20
p1222,,,op7,op1,20,linear7,,30
p1222,,,op8,op1,15,linear3,,37.5
p1222,,,op9,op1,5,linear3,,45
p1223,1078.784,BATCH_PIPELINE,op1,,1,const,,55
p1223,,,op2,op1,15,linear3,,37.5
p1223,,,op3,op2,5,linear3,,45
p1223,,,op4,op3,15,linear3,,37.5
p1223,,,op5,op4,15,linear3,,37.5
p1223,,,op6,op5,15,linear3,,37.5
p1223,,,op7,op6,20,linear7,,30
p1223,,,op8,op7,2,sqrt,,55
p1223,,,op9,op8,1,const,,55
p1223,,,op10,op9,15,linear3,,37.5
p1223,,,op11,op10,1,const,,55
p1224,1078.784,QUERY,op1,,15,linear3,,35
p1225,1078.784,BATCH_PIPELINE,op1,,1,const,,55
p1225,,,op2,op1,1,const,,55
p1225,,,op3,op2,80,squared,,10
p1225,,,op4,op3,5,linear3,,45
p1225,,,op5,op4,15,linear3,,37.5
p1225,,,op6,op5,1,const,,55
p1225,,,op7,op6,40,linear7,,20
p1225,,,op8,op7,15,linear3,,37.5
p1226,1078.784,BATCH_PIPELINE,op1,,1,const,,55
p1226,,,op2,op1,20,linear7,,30
p1226,,,op3,op2,5,linear3,,45
p1226,,,op4,op3,40,linear7,,20
p1227,1078.784,INTERACTIVE,op1,,1,const,,55
p1227,,,op2,op1,15,linear3,,37.5
p1227,,,op3,op2,15,linear3,,37.5
p1227,,,op4,op3,15,linear3,,37.5
p1227,,,op5,op4,15,linear3,,37.5
p1227,,,op6,op5,1,const,,55
p1228,1078.784,BATCH_PIPELINE,op1,,1,const,,55
p1228,,,op2,op1,80,squared,,10
p1228,,,op3,op2,20,linear7,,30
p1228,,,op4,op3,5,linear3,,45
p1228,,,op5,op4,2,sqrt,,55
p1229,1078.784,BATCH_PIPELINE,op1,,1,const,,55
p1229,,,op2,op1,1,const,,55
p1229,,,op3,op2,40,linear7,,20
p1229,,,op4,op3,80,squared,,10
p1229,,,op5,op4,80,squared,,10
p1229,,,op6,op5,40,linear7,,20
p1229,,,op7,op6,40,linear7,,20
p1229,,,op8,op7,15,linear3,,37.5
p1229,,,op9,op8,1,const,,55
p1229,,,op10,op9,15,linear3,,37.5
p1229,,,op11,op10,20,linear7,,30
p1230,1078.784,INTERACTIVE,op1,,1,const,,55
p1230,,,op2,op1,2,sqrt,,55
p1230,,,op3,op2,2,sqrt,,55
p1230,,,op4,op3,80,squared,,10
p1230,,,op5,op4,80,squared,,10
p1230,,,op6,op5,15,linear3,,37.5
p1230,,,op7,op6,20,linear7,,30
p1231,1085.578,BATCH_PIPELINE,op1,,1,const,,55
p1231,,,op2,op1,20,linear7,,30
p1231,,,op3,op2,20,linear7,,30
p1231,,,op4,op3,20,linear7,,30
p1231,,,op5,op4,80,squared,,10
p1231,,,op6,op5,80,squared,,10
p1231,,,op7,op6,5,linear3,,45
p1231,,,op8,op7,20,linear7,,30
p1231,,,op9,op8,15,linear3,,37.5
p1231,,,op10,op9,2,sqrt,,55
p1231,,,op11,op10,15,linear3,,37.5
p1232,1085.578,INTERACTIVE,op1,,1,const,,55
p1232,,,op2,op1,5,linear3,,45
p1232,,,op3,op2,5,linear3,,45
p1232,,,op4,op3,2,sqrt,,55
p1232,,,op5,op4,20,linear7,,30
p1232,,,op6,op5,20,linear7,,30
p1232,,,op7,op6,40,linear7,,20
p1232,,,op8,op7,2,sqrt,,55
p1233,1085.578,INTERACTIVE,op1,,1,const,,55
p1233,,,op2,op1,15,linear3,,37.5
p1233,,,op3,op2,15,linear3,,37.5
p1233,,,op4,op3,40,linear7,,20
p1233,,,op5,op4,40,linear7,,20
p1233,,,op6,op5,40,linear7,,20
p1233,,,op7,op6,15,linear3,,37.5
p1233,,,op8,op7,2,sqrt,,55
p1233,,,op9,op8,80,squared,,10
p1233,,,op10,op9,40,linear7,,20
p1233,,,op11,op10,5,linear3,,45
p1234,1085.578,BATCH_PIPELINE,op1,,1,const,,55
p1234,,,op2,op1,80,squared,,10
p1234,,,op3,op2,2,sqrt,,55
p1234,,,op4,op3,20,linear7,,30
p1234,,,op5,op4,20,linear7,,30
p1234,,,op6,op5,80,squared,,10
p1235,1085.578,BATCH_PIPELINE,op1,,1,const,,55
p1235,,,op2,op1,1,const,,55
p1235,,,op3,op1,5,linear3,,45
p1235,,,op4,op1,15,linear3,,37.5
p1235,,,op5,op1,2,sqrt,,55
p1235,,,op6,op1,15,linear3,,37.5
p1235,,,op7,op1,40,linear7,,20
p1235,,,op8,op1,15,linear3,,37.5
p1235,,,op9,op1,5,linear3,,45
p1235,,,op10,op1,5,linear3,,45
p1236,1085.578,BATCH_PIPELINE,op1,,1,const,,55
p1236,,,op2,op1,15,linear3,,37.5
p1236,,,op3,op2,1,const,,55
p1236,,,op4,op3,5,linear3,,45
p1236,,,op5,op4,15,linear3,,37.5
p1236,,,op6,op5,40,linear7,,20
p1236,,,op7,op6,40,linear7,,20
p1236,,,op8,op7,80,squared,,10
p1237,1085.578,QUERY,op1,,15,linear3,,35
p1238,1085.578,BATCH_PIPELINE,op1,,1,const,,55
p1238,,,op2,op1,2,sqrt,,55
p1238,,,op3,op2,15,linear3,,37.5
p1238,,,op4,op3,80,squared,,10
p1238,,,op5,op4,15,linear3,,37.5
p1239,1085.578,BATCH_PIPELINE,op1,,1,const,,55
p1239,,,op2,op1,2,sqrt,,55
p1239,,,op3,op2,80,squared,,10
p1239,,,op4,op3,40,linear7,,20
p1239,,,op5,op4,15,linear3,,37.5
p1239,,,op6,op5,5,linear3,,45
p1239,,,op7,op6,5,linear3,,45
p1239,,,op8,op7,80,squared,,10
p1240,1085.578,QUERY,op1,,15,linear3,,35
p1241,1087.642,BATCH_PIPELINE,op1,,1,const,,55
p1241,,,op2,op1,40,linear7,,20
p1241,,,op3,op2,20,linear7,,30
p1241,,,op4,op3,20,linear7,,30
p1241,,,op5,op4,5,linear3,,45
p1241,,,op6,op5,1,const,,55
p1241,,,op7,op6,15,linear3,,37.5
p1241,,,op8,op7,80,squared,,10
p1242,1087.642,INTERACTIVE,op1,,1,const,,55
p1242,,,op2,op1,5,linear3,,45
p1242,,,op3,op1,5,linear3,,45
p1242,,,op4,op1,5,linear3,,45
p1242,,,op5,op1,15,linear3,,37.5
p1242,,,op6,op1,1,const,,55
p1243,1087.642,BATCH_PIPELINE,op1,,1,const,,55
p1243,,,op2,op1,40,linear7,,20
p1243,,,op3,op1,80,squared,,10
p1243,,,op4,op1,80,squared,,10
p1243,,,op5,op1,40,linear7,,20
p1243,,,op6,op1,5,linear3,,45
p1243,,,op7,op1,2,sqrt,,55
p1243,,,op8,op1,15,linear3,,37.5
p1244,1087.642,BATCH_PIPELINE,op1,,1,const,,55
p1244,,,op2,,5,linear3,,45
p1244,,,op3,,20,linear7,,30
p1244,,,op4,,40,linear7,,20
p1244,,,op5,,20,linear7,,30
p1244,,,op6,,15,linear3,,37.5
p1244,,,op7,,2,sqrt,,55
p1244,,,op8,,2,sqrt,,55
p1244,,,op9,op1;op2;op3;op4;op5;op6;op7;op8,2,sqrt,,55
p1245,1087.642,BATCH_PIPELINE,op1,,1,const,,55
p1245,,,op2,op1,5,linear3,,45
p1245,,,op3,op2,15,linear3,,37.5
p1245,,,op4,op3,2,sqrt,,55
p1245,,,op5,op4,20,linear7,,30
p1245,,,op6,op5,5,linear3,,45
p1245,,,op7,op6,2,sqrt,,55
p1245,,,op8,op7,15,linear3,,37.5
p1245,,,op9,op8,15,linear3,,37.5
p1246,1087.642,BATCH_PIPELINE,op1,,1,const,,55
p1246,,,op2,op1,2,sqrt,,55
p1246,,,op3,op2,1,const,,55
p1246,,,op4,op3,1,const,,55
p1246,,,op5,op4,5,linear3,,45
p1246,,,op6,op5,1,const,,55
p1246,,,op7,op6,5,linear3,,45
p1247,1087.642,BATCH_PIPELINE,op1,,1,const,,55
p1247,,,op2,op1,80,squared,,10
p1247,,,op3,op2,20,linear7,,30
p1247,,,op4,op3,5,linear3,,45
p1247,,,op5,op4,5,linear3,,45
p1248,1087.642,BATCH_PIPELINE,op1,,1,const,,55
p1248,,,op2,op1,2,sqrt,,55
p1248,,,op3,op2,1,const,,55
p1248,,,op4,op3,15,linear3,,37.5
p1248,,,op5,op4,1,const,,55
p1248,,,op6,op5,5,linear3,,45
p1248,,,op7,op6,2,sqrt,,55
p1248,,,op8,op7,40,linear7,,20
p1248,,,op9,op8,5,linear3,,45
p1248,,,op10,op9,15,linear3,,37.5
p1248,,,op11,op10,1,const,,55
p1249,1087.642,BATCH_PIPELINE,op1,,1,const,,55
p1249,,,op2,op1,80,squared,,10
p1249,,,op3,op1,40,linear7,,20
p1249,,,op4,op1,5,linear3,,45
p1249,,,op5,op1,80,squared,,10
p1250,1087.642,INTERACTIVE,op1,,1,const,,55
p1250,,,op2,,15,linear3,,37.5
p1250,,,op3,,1,const,,55
p1250,,,op4,,20,linear7,,30
p1250,,,op5,,15,linear3,,37.5
p1250,,,op6,,5,linear3,,45
p1250,,,op7,,40,linear7,,20
p1250,,,op8,,5,linear3,,45
p1250,,,op9,,20,linear7,,30
p1250,,,op10,op1;op2;op3;op4;op5;op6;op7;op8;op9,40,linear7,,20
p1251,1093.305,BATCH_PIPELINE,op1,,1,const,,55
p1251,,,op2,,80,squared,,10
p1251,,,op3,,5,linear3,,45
p1251,,,op4,,5,linear3,,45
p1251,,,op5,,2,sqrt,,55
p1251,,,op6,,15,linear3,,37.5
p1251,,,op7,,5,linear3,,45
p1251,,,op8,op1;op2;op3;op4;op5;op6;op7,5,linear3,,45
p1252,1093.305,BATCH_PIPELINE,op1,,1,const,,55
p1252,,,op2,op1,2,sqrt,,55
p1252,,,op3,op2,20,linear7,,30
p1252,,,op4,op3,1,const,,55
p1252,,,op5,op4,2,sqrt,,55
p1252,,,op6,op5,1,const,,55
p1252,,,op7,op6,40,linear7,,20
p1252,,,op8,op7,5,linear3,,45
p1252,,,op9,op8,5,linear3,,45
p1253,1093.305,QUERY,op1,,15,linear3,,35
p1254,1093.305,BATCH_PIPELINE,op1,,1,const,,55
p1254,,,op2,op1,5,linear3,,45
p1254,,,op3,op2,5,linear3,,45
p1254,,,op4,op3,2,sqrt,,55
p1254,,,op5,op4,1,const,,55
p1254,,,op6,op5,15,linear3,,37.5
p1254,,,op7,op6,15,linear3,,37.5
p1255,1093.305,BATCH_PIPELINE,op1,,1,const,,55
p1255,,,op2,op1,40,linear7,,20
p1255,,,op3,op2,15,linear3,,37.5
p1255,,,op4,op3,20,linear7,,30
p1255,,,op5,op4,80,squared,,10
p1255,,,op6,op5,5,linear3,,45
p1255,,,op7,op6,2,sqrt,,55
p1255,,,op8,op7,1,const,,55
p1255,,,op9,op8,80,squared,,10
p1256,1093.305,INTERACTIVE,op1,,1,const,,55
p1256,,,op2,op1,5,linear3,,45
p1256,,,op3,op2,80,squared,,10
p1256,,,op4,op3,2,sqrt,,55
p1256,,,op5,op4,1,const,,55
p1256,,,op6,op5,80,squared,,10
p1257,1093.305,INTERACTIVE,op1,,1,const,,55
p1257,,,op2,op1,20,linear7,,30
p1257,,,op3,op2,1,const,,55
p1257,,,op4,op3,2,sqrt,,55
p1257,,,op5,op4,15,linear3,,37.5
p1257,,,op6,op5,1,const,,55
p1257,,,op7,op6,5,linear3,,45
p1257,,,op8,op7,5,linear3,,45
p1258,1093.305,BATCH_PIPELINE,op1,,1,const,,55
p1258,,,op2,op1,1,const,,55
p1258,,,op3,op2,15,linear3,,37.5
p1258,,,op4,op3,5,linear3,,45
p1258,,,op5,op4,1,const,,55
p1258,,,op6,op5,15,linear3,,37.5
p1259,1093.305,BATCH_PIPELINE,op1,,1,const,,55
p1259,,,op2,op1,1,const,,55
p1259,,,op3,op2,20,linear7,,30
p1259,,,op4,op3,1,const,,55
p1259,,,op5,op4,15,linear3,,37.5
p1259,,,op6,op5,2,sqrt,,55
p1259,,,op7,op6,5,linear3,,45
p1259,,,op8,op7,40,linear7,,20
p1259,,,op9,op8,20,linear7,,30
p1260,1093.305,BATCH_PIPELINE,op1,,1,const,,55
p1260,,,op2,op1,1,const,,55
p1260,,,op3,op2,5,linear3,,45
p1260,,,op4,op3,5,linear3,,45
p1260,,,op5,op4,40,linear7,,20
p1260,,,op6,op5,5,linear3,,45
p1260,,,op7,op6,15,linear3,,37.5
p1260,,,op8,op7,15,linear3,,37.5
p1261,1104.91,BATCH_PIPELINE,op1,,1,const,,55
p1261,,,op2,op1,1,const,,55
p1261,,,op3,op2,1,const,,55
p1261,,,op4,op3,1,const,,55
p1261,,,op5,op4,20,linear7,,30
p1261,,,op6,op5,20,linear7,,30
p1261,,,op7,op6,20,linear7,,30
p1261,,,op8,op7,2,sqrt,,55
p1262,1104.91,QUERY,op1,,15,linear3,,35
p1263,1104.91,BATCH_PIPELINE,op1,,1,const,,55
p1263,,,op2,op1,20,linear7,,30
p1263,,,op3,op2,15,linear3,,37.5
p1263,,,op4,op3,40,linear7,,20
p1263,,,op5,op4,5,linear3,,45
p1263,,,op6,op5,5,linear3,,45
p1263,,,op7,op6,5,linear3,,45
p1263,,,op8,op7,2,sqrt,,55
p1263,,,op9,op8,5,linear3,,45
p1263,,,op10,op9,1,const,,55
p1264,1104.91,BATCH_PIPELINE,op1,,1,const,,55
p1264,,,op2,op1,1,const,,55
p1264,,,op3,op2,80,squared,,10
p1264,,,op4,op3,1,const,,55
p1264,,,op5,op4,1,const,,55
p1264,,,op6,op5,2,sqrt,,55
p1264,,,op7,op6,40,linear7,,20
p1264,,,op8,op7,15,linear3,,37.5
p1264,,,op9,op8,5,linear3,,45
p1265,1104.91,BATCH_PIPELINE,op1,,1,const,,55
p1265,,,op2,,20,linear7,,30
p1265,,,op3,,40,linear7,,20
p1265,,,op4,,15,linear3,,37.5
p1265,,,op5,op1;op2;op3;op4,1,const,,55
p1266,1104.91,BATCH_PIPELINE,op1,,1,const,,55
p1266,,,op2,,5,linear3,,45
p1266,,,op3,,1,const,,55
p1266,,,op4,,40,linear7,,20
p1266,,,op5,,20,linear7,,30
p1266,,,op6,,20,linear7,,30
p1266,,,op7,,2,sqrt,,55
p1266,,,op8,op1;op2;op3;op4;op5;op6;op7,15,linear3,,37.5
p1267,1104.91,BATCH_PIPELINE,op1,,1,const,,55
p1267,,,op2,op1,1,const,,55
p1267,,,op3,op1,5,linear3,,45
p1267,,,op4,op1,80,squared,,10
p1267,,,op5,op1,1,const,,55
p1267,,,op6,op1,1,const,,55
p1267,,,op7,op1,15,linear3,,37.5
p1268,1104.91,BATCH_PIPELINE,op1,,1,const,,55
p1268,,,op2,op1,5,linear3,,45
p1268,,,op3,op2,5,linear3,,45
p1268,,,op4,op3,15,linear3,,37.5
p1268,,,op5,op4,2,sqrt,,55
p1268,,,op6,op5,20,linear7,,30
p1268,,,op7,op6,1,const,,55
p1268,,,op8,op7,20,linear7,,30
p1269,1104.91,INTERACTIVE,op1,,1,const,,55
p1269,,,op2,op1,2,sqrt,,55
p1269,,,op3,op1,40,linear7,,20
p1269,,,op4,op1,15,linear3,,37.5
p1269,,,op5,op1,20,linear7,,30
p1269,,,op6,op1,2,sqrt,,55
p1269,,,op7,op1,15,linear3,,37.5
p1270,1104.91,INTERACTIVE,op1,,1,const,,55
p1270,,,op2,op1,20,linear7,,30
p1270,,,op3,op2,2,sqrt,,55
p1270,,,op4,op3,5,linear3,,45
p1270,,,op5,op4,20,linear7,,30
p1270,,,op6,op5,15,linear3,,37.5
p1270,,,op7,op6,15,linear3,,37.5
p1270,,,op8,op7,80,squared,,10
p1271,1111.771,BATCH_PIPELINE,op1,,1,const,,55
p1271,,,op2,op1,20,linear7,,30
p1271,,,op3,op2,5,linear3,,45
p1271,,,op4,op3,1,const,,55
p1271,,,op5,op4,1,const,,55
p1272,1111.771,BATCH_PIPELINE,op1,,1,const,,55
p1272,,,op2,op1,15,linear3,,37.5
p1272,,,op3,op2,1,const,,55
p1272,,,op4,op3,5,linear3,,45
p1272,,,op5,op4,1,const,,55
p1272,,,op6,op5,15,linear3,,37.5
p1272,,,op7,op6,5,linear3,,45
p1272,,,op8,op7,1,const,,55
p1272,,,op9,op8,2,sqrt,,55
p1273,1111.771,BATCH_PIPELINE,op1,,1,const,,55
p1273,,,op2,op1,5,linear3,,45
p1273,,,op3,op2,1,const,,55
p1273,,,op4,op3,2,sqrt,,55
p1273,,,op5,op4,40,linear7,,20
p1274,1111.771,BATCH_PIPELINE,op1,,1,const,,55
p1274,,,op2,op1,20,linear7,,30
p1274,,,op3,op2,40,linear7,,20
p1274,,,op4,op3,20,linear7,,30
p1274,,,op5,op4,1,const,,55
p1274,,,op6,op5,2,sqrt,,55
p1274,,,op7,op6,40,linear7,,20
p1274,,,op8,op7,2,sqrt,,55
p1274,,,op9,op8,40,linear7,,20
p1274,,,op10,op9,5,linear3,,45
p1275,1111.771,INTERACTIVE,op1,,1,const,,55
p1275,,,op2,,2,sqrt,,55
p1275,,,op3,,20,linear7,,30
p1275,,,op4,,15,linear3,,37.5
p1275,,,op5,op1;op2;op3;op4,20,linear7,,30
p1276,1111.771,BATCH_PIPELINE,op1,,1,const,,55
p1276,,,op2,op1,2,sqrt,,55
p1276,,,op3,op1,40,linear7,,20
p1276,,,op4,op1,5,linear3,,45
p1276,,,op5,op1,5,linear3,,45
p1276,,,op6,op1,20,linear7,,30
p1277,1111.771,QUERY,op1,,15,linear3,,35
p1278,1111.771,BATCH_PIPELINE,op1,,1,const,,55
p1278,,,op2,op1,15,linear3,,37.5
p1278,,,op3,op1,1,const,,55
p1278,,,op4,op1,15,linear3,,37.5
p1278,,,op5,op1,5,linear3,,45
p1279,1111.771,BATCH_PIPELINE,op1,,1,const,,55
p1279,,,op2,,1,const,,55
p1279,,,op3,,2,sqrt,,55
p1279,,,op4,,15,linear3,,37.5
p1279,,,op5,op1;op2;op3;op4,80,squared,,10
p1280,1111.771,BATCH_PIPELINE,op1,,1,const,,55
p1280,,,op2,,1,const,,55
p1280,,,op3,,15,linear3,,37.5
p1280,,,op4,,20,linear7,,30
p1280,,,op5,,2,sqrt,,55
p1280,,,op6,op1;op2;op3;op4;op5,20,linear7,,30
p1281,1119.615,BATCH_PIPELINE,op1,,1,const,,55
p1281,,,op2,op1,5,linear3,,45
p1281,,,op3,op2,40,linear7,,20
p1281,,,op4,op3,15,linear3,,37.5
p1282,1119.615,INTERACTIVE,op1,,1,const,,55
p1282,,,op2,op1,40,linear7,,20
p1282,,,op3,op2,40,linear7,,20
p1282,,,op4,op3,20,linear7,,30
p1282,,,op5,op4,1,const,,55
p1282,,,op6,op5,2,sqrt,,55
p1282,,,op7,op6,80,squared,,10
p1282,,,op8,op7,2,sqrt,,55
p1282,,,op9,op8,40,linear7,,20
p1283,1119.615,BATCH_PIPELINE,op1,,1,const,,55
p1283,,,op2,,5,linear3,,45
p1283,,,op3,,80,squared,,10
p1283,,,op4,,2,sqrt,,55
p1283,,,op5,,2,sqrt,,55
p1283,,,op6,op1;op2;op3;op4;op5,2,sqrt,,55
p1284,1119.615,BATCH_PIPELINE,op1,,1,const,,55
p1284,,,op2,op1,80,squared,,10
p1284,,,op3,op2,20,linear7,,30
p1284,,,op4,op3,2,sqrt,,55
p1284,,,op5,op4,1,const,,55
p1284,,,op6,op5,40,linear7,,20
p1284,,,op7,op6,15,linear3,,37.5
p1285,1119.615,BATCH_PIPELINE,op1,,1,const,,55
p1285,,,op2,,15,linear3,,37.5
p1285,,,op3,,1,const,,55
p1285,,,op4,op1;op2;op3,1,const,,55
p1286,1119.615,BATCH_PIPELINE,op1,,1,const,,55
p1286,,,op2,op1,5,linear3,,45
p1286,,,op3,op2,80,squared,,10
p1286,,,op4,op3,5,linear3,,45
p1286,,,op5,op4,5,linear3,,45
p1287,1119.615,BATCH_PIPELINE,op1,,1,const,,55
p1287,,,op2,op1,15,linear3,,37.5
p1287,,,op3,op2,15,linear3,,37.5
p1287,,,op4,op3,80,squared,,10
p1287,,,op5,op4,40,linear7,,20
p1287,,,op6,op5,2,sqrt,,55
p1287,,,op7,op6,15,linear3,,37.5
p1288,1119.615,BATCH_PIPELINE,op1,,1,const,,55
p1288,,,op2,op1,1,const,,55
p1288,,,op3,op1,15,linear3,,37.5
p1288,,,op4,op1,40,linear7,,20
p1288,,,op5,op1,20,linear7,,30
p1288,,,op6,op1,20,linear7,,30
p1288,,,op7,op1,15,linear3,,37.5
p1288,,,op8,op1,15,linear3,,37.5
p1289,1119.615,BATCH_PIPELINE,op1,,1,const,,55
p1289,,,op2,op1,15,linear3,,37.5
p1289,,,op3,op2,5,linear3,,45
p1289,,,op4,op3,80,squared,,10
p1289,,,op5,op4,15,linear3,,37.5
p1289,,,op6,op5,15,linear3,,37.5
p1289,,,op7,op6,20,linear7,,30
p1289,,,op8,op7,15,linear3,,37.5
p1289,,,op9,op8,2,sqrt,,55
p1290,1119.615,QUERY,op1,,15,linear3,,35
p1291,1128.528,BATCH_PIPELINE,op1,,1,const,,55
p1291,,,op2,op1,20,linear7,,30
p1291,,,op3,op1,15,linear3,,37.5
p1291,,,op4,op1,40,linear7,,20
p1291,,,op5,op1,5,linear3,,45
p1291,,,op6,op1,15,linear3,,37.5
p1291,,,op7,op1,15,linear3,,37.5
p1291,,,op8,op1,15,linear3,,37.5
p1291,,,op9,op1,2,sqrt,,55
p1292,1128.528,BATCH_PIPELINE,op1,,1,const,,55
p1292,,,op2,,15,linear3,,37.5
p1292,,,op3,,5,linear3,,45
p1292,,,op4,,20,linear7,,30
p1292,,,op5,,2,sqrt,,55
p1292,,,op6,,40,linear7,,20
p1292,,,op7,,40,linear7,,20
p1292,,,op8,op1;op2;op3;op4;op5;op6;op7,40,linear7,,20
p1293,1128.528,BATCH_PIPELINE,op1,,1,const,,55
p1293,,,op2,,15,linear3,,37.5
p1293,,,op3,,5,linear3,,45
p1293,,,op4,,40,linear7,,20
p1293,,,op5,,20,linear7,,30
p1293,,,op6,,2,sqrt,,55
p1293,,,op7,op1;op2;op3;op4;op5;op6,80,squared,,10
p1294,1128.528,BATCH_PIPELINE,op1,,1,const,,55
p1294,,,op2,,80,squared,,10
p1294,,,op3,,80,squared,,10
p1294,,,op4,,40,linear7,,20
p1294,,,op5,op1;op2;op3;op4,40,linear7,,20
p1295,1128.528,BATCH_PIPELINE,op1,,1,const,,55
p1295,,,op2,op1,20,linear7,,30
p1295,,,op3,op2,20,linear7,,30
p1295,,,op4,op3,2,sqrt,,55
p1295,,,op5,op4,20,linear7,,30
p1295,,,op6,op5,80,squared,,10
p1295,,,op7,op6,5,linear3,,45
p1295,,,op8,op7,5,linear3,,45
p1295,,,op9,op8,20,linear7,,30
p1296,1128.528,BATCH_PIPELINE,op1,,1,const,,55
p1296,,,op2,op1,5,linear3,,45
p1296,,,op3,op2,15,linear3,,37.5
p1296,,,op4,op3,2,sqrt,,55
p1296,,,op5,op4,40,linear7,,20
p1297,1128.528,BATCH_PIPELINE,op1,,1,const,,55
p1297,,,op2,op1,5,linear3,,45
p1297,,,op3,op1,20,linear7,,30
p1297,,,op4,op1,15,linear3,,37.5
p1297,,,op5,op1,15,linear3,,37.5
p1297,,,op6,op1,15,linear3,,37.5
p1297,,,op7,op1,20,linear7,,30
p1298,1128.528,BATCH_PIPELINE,op1,,1,const,,55
p1298,,,op2,op1,80,squared,,10
p1298,,,op3,op2,5,linear3,,45
p1298,,,op4,op3,15,linear3,,37.5
p1298,,,op5,op4,20,linear7,,30
p1298,,,op6,op5,5,linear3,,45
p1298,,,op7,op6,15,linear3,,37.5
p1298,,,op8,op7,15,linear3,,37.5
p1299,1128.528,BATCH_PIPELINE,op1,,1,const,,55
p1299,,,op2,op1,80,squared,,10
p1299,,,op3,op2,20,linear7,,30
p1299,,,op4,op3,20,linear7,,30
p1299,,,op5,op4,1,const,,55
p1299,,,op6,op5,2,sqrt,,55
p1299,,,op7,op6,40,linear7,,20
p1299,,,op8,op7,80,squared,,10
p1300,1128.528,BATCH_PIPELINE,op1,,1,const,,55
p1300,,,op2,op1,2,sqrt,,55
p1300,,,op3,op2,40,linear7,,20
p1300,,,op4,op3,1,const,,55
p1300,,,op5,op4,1,const,,55
p1300,,,op6,op5,1,const,,55
p1300,,,op7,op6,40,linear7,,20
p1300,,,op8,op7,15,linear3,,37.5
p1300,,,op9,op8,15,linear3,,37.5
p1300,,,op10,op9,15,linear3,,37.5
p1301,1134.996,QUERY,op1,,15,linear3,,35
p1302,1134.996,QUERY,op1,,15,linear3,,35
p1303,1134.996,BATCH_PIPELINE,op1,,1,const,,55
p1303,,,op2,,20,linear7,,30
p1303,,,op3,,20,linear7,,30
p1303,,,op4,,1,const,,55
p1303,,,op5,,5,linear3,,45
p1303,,,op6,op1;op2;op3;op4;op5,80,squared,,10
p1304,1134.996,INTERACTIVE,op1,,1,const,,55
p1304,,,op2,op1,40,linear7,,20
p1304,,,op3,op2,20,linear7,,30
p1304,,,op4,op3,5,linear3,,45
p1304,,,op5,op4,15,linear3,,37.5
p1304,,,op6,op5,15,linear3,,37.5
p1304,,,op7,op6,15,linear3,,37.5
p1304,,,op8,op7,1,const,,55
p1305,1134.996,INTERACTIVE,op1,,1,const,,55
p1305,,,op2,op1,5,linear3,,45
p1305,,,op3,op2,15,linear3,,37.5
p1305,,,op4,op3,2,sqrt,,55
p1305,,,op5,op4,1,const,,55
p1305,,,op6,op5,5,linear3,,45
p1305,,,op7,op6,5,linear3,,45
p1305,,,op8,op7,1,const,,55
p1305,,,op9,op8,15,linear3,,37.5
p1305,,,op10,op9,40,linear7,,20
p1306,1134.996,BATCH_PIPELINE,op1,,1,const,,55
p1306,,,op2,op1,20,linear7,,30
p1306,,,op3,op1,15,linear3,,37.5
p1306,,,op4,op1,20,linear7,,30
p1306,,,op5,op1,80,squared,,10
p1306,,,op6,op1,2,sqrt,,55
p1306,,,op7,op1,1,const,,55
p1307,1134.996,BATCH_PIPELINE,op1,,1,const,,55
p1307,,,op2,,1,const,,55
p1307,,,op3,,1,const,,55
p1307,,,op4,,5,linear3,,45
p1307,,,op5,,1,const,,55
p1307,,,op6,,20,linear7,,30
p1307,,,op7,,5,linear3,,45
p1307,,,op8,op1;op2;op3;op4;op5;op6;op7,2,sqrt,,55
p1308,1134.996,BATCH_PIPELINE,op1,,1,const,,55
p1308,,,op2,op1,15,linear3,,37.5
p1308,,,op3,op2,15,linear3,,37.5
p1308,,,op4,op3,15,linear3,,37.5
p1308,,,op5,op4,2,sqrt,,55
p1308,,,op6,op5,2,sqrt,,55
p1308,,,op7,op6,5,linear3,,45
p1308,,,op8,op7,80,squared,,10
p1309,1134.996,BATCH_PIPELINE,op1,,1,const,,55
p1309,,,op2,op1,5,linear3,,45
p1309,,,op3,op2,40,linear7,,20
p1309,,,op4,op3,5,linear3,,45
p1309,,,op5,op4,5,linear3,,45
p1309,,,op6,op5,20,linear7,,30
p1309,,,op7,op6,80,squared,,10
p1310,1134.996,INTERACTIVE,op1,,1,const,,55
p1310,,,op2,,15,linear3,,37.5
p1310,,,op3,,15,linear3,,37.5
p1310,,,op4,,2,sqrt,,55
p1310,,,op5,,40,linear7,,20
p1310,,,op6,,20,linear7,,30
p1310,,,op7,op1;op2;op3;op4;op5;op6,15,linear3,,37.5
p1311,1141.136,BATCH_PIPELINE,op1,,1,const,,55
p1311,,,op2,,5,linear3,,45
p1311,,,op3,,15,linear3,,37.5
p1311,,,op4,op1;op2;op3,80,squared,,10
p1312,1141.136,BATCH_PIPELINE,op1,,1,const,,55
p1312,,,op2,op1,40,linear7,,20
p1312,,,op3,op1,80,squared,,10
p1312,,,op4,op1,2,sqrt,,55
p1312,,,op5,op1,2,sqrt,,55
p1312,,,op6,op1,20,linear7,,30
p1312,,,op7,op1,15,linear3,,37.5
p1312,,,op8,op1,15,linear3,,37.5
p1312,,,op9,op1,5,linear3,,45
p1312,,,op10,op1,5,linear3,,45
p1313,1141.136,BATCH_PIPELINE,op1,,1,const,,55
p1313,,,op2,op1,20,linear7,,30
p1313,,,op3,op2,1,const,,55
p1313,,,op4,op3,2,sqrt,,55
p1313,,,op5,op4,2,sqrt,,55
p1314,1141.136,BATCH_PIPELINE,op1,,1,const,,55
p1314,,,op2,op1,1,const,,55
p1314,,,op3,op2,80,squared,,10
p1314,,,op4,op3,15,linear3,,37.5
p1314,,,op5,op4,20,linear7,,30
p1314,,,op6,op5,5,linear3,,45
p1314,,,op7,op6,2,sqrt,,55
p1315,1141.136,BATCH_PIPELINE,op1,,1,const,,55
p1315,,,op2,op1,1,const,,55
p1315,,,op3,op2,5,linear3,,45
p1315,,,op4,op3,2,sqrt,,55
p1316,1141.136,BATCH_PIPELINE,op1,,1,const,,55
p1316,,,op2,op1,5,linear3,,45
p1316,,,op3,op2,15,linear3,,37.5
p1316,,,op4,op3,1,const,,55
p1316,,,op5,op4,80,squared,,10
p1316,,,op6,op5,5,linear3,,45
p1316,,,op7,op6,5,linear3,,45
p1316,,,op8,op7,5,linear3,,45
p1317,1141.136,BATCH_PIPELINE,op1,,1,const,,55
p1317,,,op2,op1,20,linear7,,30
p1317,,,op3,op1,40,linear7,,20
p1317,,,op4,op1,80,squared,,10
p1317,,,op5,op1,15,linear3,,37.5
p1317,,,op6,op1,80,squared,,10
p1317,,,op7,op1,20,linear7,,30
p1317,,,op8,op1,15,linear3,,37.5
p1317,,,op9,op1,15,linear3,,37.5
p1317,,,op10,op1,1,const,,55
p1318,1141.136,BATCH_PIPELINE,op1,,1,const,,55
p1318,,,op2,op1,15,linear3,,37.5
p1318,,,op3,op2,1,const,,55
p1318,,,op4,op3,15,linear3,,37.5
p1319,1141.136,BATCH_PIPELINE,op1,,1,const,,55
p1319,,,op2,op1,20,linear7,,30
p1319,,,op3,op2,15,linear3,,37.5
p1319,,,op4,op3,20,linear7,,30
p1319,,,op5,op4,1,const,,55
p1319,,,op6,op5,5,linear3,,45
p1319,,,op7,op6,40,linear7,,20
p1319,,,op8,op7,40,linear7,,20
p1320,1141.136,BATCH_PIPELINE,op1,,1,const,,55
p1320,,,op2,op1,2,sqrt,,55
p1320,,,op3,op2,1,const,,55
p1320,,,op4,op3,5,linear3,,45
p1320,,,op5,op4,20,linear7,,30
p1320,,,op6,op5,2,sqrt,,55
p1321,1149.933,INTERACTIVE,op1,,1,const,,55
p1321,,,op2,op1,5,linear3,,45
p1321,,,op3,op2,2,sqrt,,55
p1321,,,op4,op3,2,sqrt,,55
p1321,,,op5,op4,20,linear7,,30
p1321,,,op6,op5,15,linear3,,37.5
p1321,,,op7,op6,15,linear3,,37.5
p1321,,,op8,op7,80,squared,,10
p1321,,,op9,op8,80,squared,,10
p1321,,,op10,op9,1,const,,55
p1322,1149.933,BATCH_PIPELINE,op1,,1,const,,55
p1322,,,op2,op1,15,linear3,,37.5
p1322,,,op3,op2,1,const,,55
p1322,,,op4,op3,80,squared,,10
p1322,,,op5,op4,20,linear7,,30
p1322,,,op6,op5,2,sqrt,,55
p1322,,,op7,op6,5,linear3,,45
p1322,,,op8,op7,1,const,,55
p1323,1149.933,QUERY,op1,,15,linear3,,35
p1324,1149.933,BATCH_PIPELINE,op1,,1,const,,55
p1324,,,op2,op1,40,linear7,,20
p1324,,,op3,op2,15,linear3,,37.5
p1324,,,op4,op3,5,linear3,,45
p1324,,,op5,op4,20,linear7,,30
p1325,1149.933,BATCH_PIPELINE,op1,,1,const,,55
p1325,,,op2,op1,5,linear3,,45
p1325,,,op3,op2,15,linear3,,37.5
p1325,,,op4,op3,15,linear3,,37.5
p1325,,,op5,op4,15,linear3,,37.5
p1326,1149.933,INTERACTIVE,op1,,1,const,,55
p1326,,,op2,op1,80,squared,,10
p1326,,,op3,op2,5,linear3,,45
p1326,,,op4,op3,20,linear7,,30
p1326,,,op5,op4,80,squared,,10
p1326,,,op6,op5,15,linear3,,37.5
p1326,,,op7,op6,15,linear3,,37.5
p1326,,,op8,op7,2,sqrt,,55
p1326,,,op9,op8,80,squared,,10
p1327,1149.933,BATCH_PIPELINE,op1,,1,const,,55
p1327,,,op2,op1,5,linear3,,45
p1327,,,op3,op2,1,const,,55
p1327,,,op4,op3,40,linear7,,20
p1327,,,op5,op4,5,linear3,,45
p1327,,,op6,op5,1,const,,55
p1327,,,op7,op6,40,linear7,,20
p1327,,,op8,op7,5,linear3,,45
p1328,1149.933,QUERY,op1,,15,linear3,,35
p1329,1149.933,BATCH_PIPELINE,op1,,1,const,,55
p1329,,,op2,,20,linear7,,30
p1329,,,op3,,5,linear3,,45
p1329,,,op4,,5,linear3,,45
p1329,,,op5,,5,linear3,,45
p1329,,,op6,,1,const,,55
p1329,,,op7,,15,linear3,,37.5
p1329,,,op8,op1;op2;op3;op4;op5;op6;op7,1,const,,55
p1330,1149.933,BATCH_PIPELINE,op1,,1,const,,55
p1330,,,op2,op1,2,sqrt,,55
p1330,,,op3,op1,80,squared,,10
p1330,,,op4,op1,40,linear7,,20
p1330,,,op5,op1,5,linear3,,45
p1330,,,op6,op1,1,const,,55
p1330,,,op7,op1,1,const,,55
p1330,,,op8,op1,15,linear3,,37.5
p1331,1157.275,BATCH_PIPELINE,op1,,1,const,,55
p1331,,,op2,op1,15,linear3,,37.5
p1331,,,op3,op1,2,sqrt,,55
p1331,,,op4,op1,15,linear3,,37.5
p1331,,,op5,op1,40,linear7,,20
p1331,,,op6,op1,15,linear3,,37.5
p1332,1157.275,BATCH_PIPELINE,op1,,1,const,,55
p1332,,,op2,op1,15,linear3,,37.5
p1332,,,op3,op1,15,linear3,,37.5
p1332,,,op4,op1,20,linear7,,30
p1332,,,op5,op1,20,linear7,,30
p1332,,,op6,op1,5,linear3,,45
p1332,,,op7,op1,40,linear7,,20
p1332,,,op8,op1,5,linear3,,45
p1333,1157.275,QUERY,op1,,15,linear3,,35
p1334,1157.275,BATCH_PIPELINE,op1,,1,const,,55
p1334,,,op2,op1,80,squared,,10
p1334,,,op3,op2,80,squared,,10
p1334,,,op4,op3,20,linear7,,30
p1334,,,op5,op4,80,squared,,10
p1334,,,op6,op5,1,const,,55
p1334,,,op7,op6,1,const,,55
p1334,,,op8,op7,5,linear3,,45
p1335,1157.275,BATCH_PIPELINE,op1,,1,const,,55
p1335,,,op2,,40,linear7,,20
p1335,,,op3,,80,squared,,10
p1335,,,op4,,40,linear7,,20
p1335,,,op5,,40,linear7,,20
p1335,,,op6,,15,linear3,,37.5
p1335,,,op7,op1;op2;op3;op4;op5;op6,2,sqrt,,55
p1336,1157.275,BATCH_PIPELINE,op1,,1,const,,55
p1336,,,op2,op1,5,linear3,,45
p1336,,,op3,op2,40,linear7,,20
p1336,,,op4,op3,40,linear7,,20
p1336,,,op5,op4,2,sqrt,,55
p1336,,,op6,op5,5,linear3,,45
p1336,,,op7,op6,5,linear3,,45
p1336,,,op8,op7,15,linear3,,37.5
p1336,,,op9,op8,40,linear7,,20
p1336,,,op10,op9,2,sqrt,,55
p1336,,,op11,op10,40,linear7,,20
p1336,,,op12,op11,15,linear3,,37.5
p1337,1157.275,BATCH_PIPELINE,op1,,1,const,,55
p1337,,,op2,op1,20,linear7,,30
p1337,,,op3,op2,5,linear3,,45
p1337,,,op4,op3,1,const,,55
p1337,,,op5,op4,5,linear3,,45
p1337,,,op6,op5,5,linear3,,45
p1337,,,op7,op6,1,const,,55
p1337,,,op8,op7,15,linear3,,37.5
p1338,1157.275,BATCH_PIPELINE,op1,,1,const,,55
p1338,,,op2,op1,15,linear3,,37.5
p1338,,,op3,op2,5,linear3,,45
p1338,,,op4,op3,15,linear3,,37.5
p1338,,,op5,op4,2,sqrt,,55
p1338,,,op6,op5,15,linear3,,37.5
p1338,,,op7,op6,15,linear3,,37.5
p1339,1157.275,BATCH_PIPELINE,op1,,1,const,,55
p1339,,,op2,op1,5,linear3,,45
p1339,,,op3,op2,80,squared,,10
p1339,,,op4,op3,5,linear3,,45
p1339,,,op5,op4,5,linear3,,45
p1339,,,op6,op5,5,linear3,,45
p1339,,,op7,op6,2,sqrt,,55
p1339,,,op8,op7,20,linear7,,30
p1340,1157.275,BATCH_PIPELINE,op1,,1,const,,55
p1340,,,op2,op1,2,sqrt,,55
p1340,,,op3,op2,1,const,,55
p1340,,,op4,op3,5,linear3,,45
p1340,,,op5,op4,20,linear7,,30
p1340,,,op6,op5,15,linear3,,37.5
p1341,1169.787,BATCH_PIPELINE,op1,,1,const,,55
p1341,,,op2,op1,15,linear3,,37.5
p1341,,,op3,op2,15,linear3,,37.5
p1341,,,op4,op3,15,linear3,,37.5
p1341,,,op5,op4,80,squared,,10
p1341,,,op6,op5,15,linear3,,37.5
p1341,,,op7,op6,2,sqrt,,55
p1341,,,op8,op7,20,linear7,,30
p1341,,,op9,op8,2,sqrt,,55
p1342,1169.787,BATCH_PIPELINE,op1,,1,const,,55
p1342,,,op2,op1,20,linear7,,30
p1342,,,op3,op2,1,const,,55
p1342,,,op4,op3,15,linear3,,37.5
p1342,,,op5,op4,5,linear3,,45
p1342,,,op6,op5,80,squared,,10
p1342,,,op7,op6,15,linear3,,37.5
p1342,,,op8,op7,5,linear3,,45
p1343,1169.787,BATCH_PIPELINE,op1,,1,const,,55
p1343,,,op2,op1,2,sqrt,,55
p1343,,,op3,op2,15,linear3,,37.5
p1343,,,op4,op3,20,linear7,,30
p1343,,,op5,op4,20,linear7,,30
p1343,,,op6,op5,15,linear3,,37.5
p1343,,,op7,op6,15,linear3,,37.5
p1343,,,op8,op7,15,linear3,,37.5
p1343,,,op9,op8,15,linear3,,37.5
p1343,,,op10,op9,20,linear7,,30
p1344,1169.787,BATCH_PIPELINE,op1,,1,const,,55
p1344,,,op2,op1,5,linear3,,45
p1344,,,op3,op2,20,linear7,,30
p1344,,,op4,op3,1,const,,55
p1344,,,op5,op4,1,const,,55
p1344,,,op6,op5,40,linear7,,20
p1344,,,op7,op6,80,squared,,10
p1344,,,op8,op7,1,const,,55
p1345,1169.787,BATCH_PIPELINE,op1,,1,const,,55
p1345,,,op2,op1,15,linear3,,37.5
p1345,,,op3,op2,1,const,,55
p1345,,,op4,op3,1,const,,55
p1345,,,op5,op4,5,linear3,,45
p1345,,,op6,op5,5,linear3,,45
p1345,,,op7,op6,1,const,,55
p1346,1169.787,BATCH_PIPELINE,op1,,1,const,,55
p1346,,,op2,op1,15,linear3,,37.5
p1346,,,op3,op2,5,linear3,,45
p1346,,,op4,op3,20,linear7,,30
p1346,,,op5,op4,2,sqrt,,55
p1346,,,op6,op5,1,const,,55
p1346,,,op7,op6,5,linear3,,45
p1347,1169.787,BATCH_PIPELINE,op1,,1,const,,55
p1347,,,op2,op1,15,linear3,,37.5
p1347,,,op3,op2,2,sqrt,,55
p1347,,,op4,op3,1,const,,55
p1347,,,op5,op4,40,linear7,,20
p1348,1169.787,BATCH_PIPELINE,op1,,1,const,,55
p1348,,,op2,op1,15,linear3,,37.5
p1348,,,op3,op2,5,linear3,,45
p1348,,,op4,op3,1,const,,55
p1348,,,op5,op4,1,const,,55
p1348,,,op6,op5,5,linear3,,45
p1348,,,op7,op6,15,linear3,,37.5
p1348,,,op8,op7,1,const,,55
p1348,,,op9,op8,15,linear3,,37.5
p1348,,,op10,op9,1,const,,55
p1349,1169.787,BATCH_PIPELINE,op1,,1,const,,55
p1349,,,op2,op1,40,linear7,,20
p1349,,,op3,op2,20,linear7,,30
p1349,,,op4,op3,20,linear7,,30
p1349,,,op5,op4,5,linear3,,45
p1349,,,op6,op5,80,squared,,10
p1349,,,op7,op6,1,const,,55
p1350,1169.787,BATCH_PIPELINE,op1,,1,const,,55
p1350,,,op2,,20,linear7,,30
p1350,,,op3,,20,linear7,,30
p1350,,,op4,,1,const,,55
p1350,,,op5,,80,squared,,10
p1350,,,op6,,5,linear3,,45
p1350,,,op7,,40,linear7,,20
p1350,,,op8,,1,const,,55
p1350,,,op9,op1;op2;op3;op4;op5;op6;op7;op8,15,linear3,,37.5
p1351,1177.52,BATCH_PIPELINE,op1,,1,const,,55
p1351,,,op2,op1,2,sqrt,,55
p1351,,,op3,op2,15,linear3,,37.5
p1351,,,op4,op3,5,linear3,,45
p1351,,,op5,op4,20,linear7,,30
p1351,,,op6,op5,40,linear7,,20
p1351,,,op7,op6,15,linear3,,37.5
p1351,,,op8,op7,1,const,,55
p1352,1177.52,BATCH_PIPELINE,op1,,1,const,,55
p1352,,,op2,op1,1,const,,55
p1352,,,op3,op2,15,linear3,,37.5
p1352,,,op4,op3,40,linear7,,20
p1352,,,op5,op4,5,linear3,,45
p1352,,,op6,op5,5,linear3,,45
p1352,,,op7,op6,5,linear3,,45
p1352,,,op8,op7,20,linear7,,30
p1352,,,op9,op8,1,const,,55
p1352,,,op10,op9,40,linear7,,20
p1352,,,op11,op10,15,linear3,,37.5
p1352,,,op12,op11,2,sqrt,,55
p1352,,,op13,op12,40,linear7,,20
p1353,1177.52,BATCH_PIPELINE,op1,,1,const,,55
p1353,,,op2,op1,80,squared,,10
p1353,,,op3,op1,2,sqrt,,55
p1353,,,op4,op1,1,const,,55
p1353,,,op5,op1,5,linear3,,45
p1353,,,op6,op1,20,linear7,,30
p1354,1177.52,BATCH_PIPELINE,op1,,1,const,,55
p1354,,,op2,op1,15,linear3,,37.5
p1354,,,op3,op1,2,sqrt,,55
p1354,,,op4,op1,80,squared,,10
p1354,,,op5,op1,5,linear3,,45
p1354,,,op6,op1,2,sqrt,,55
p1354,,,op7,op1,5,linear3,,45
p1354,,,op8,op1,1,const,,55
p1354,,,op9,op1,5,linear3,,45
p1354,,,op10,op1,5,linear3,,45
p1354,,,op11,op1,20,linear7,,30
p1354,,,op12,op1,5,linear3,,45
p1355,1177.52,INTERACTIVE,op1,,1,const,,55
p1355,,,op2,,15,linear3,,37.5
p1355,,,op3,,5,linear3,,45
p1355,,,op4,op1;op2;op3,5,linear3,,45
p1356,1177.52,BATCH_PIPELINE,op1,,1,const,,55
p1356,,,op2,op1,15,linear3,,37.5
p1356,,,op3,op2,40,linear7,,20
p1356,,,op4,op3,2,sqrt,,55
p1356,,,op5,op4,15,linear3,,37.5
p1356,,,op6,op5,15,linear3,,37.5
p1356,,,op7,op6,1,const,,55
p1356,,,op8,op7,15,linear3,,37.5
p1356,,,op9,op8,15,linear3,,37.5
p1356,,,op10,op9,20,linear7,,30
p1357,1177.52,INTERACTIVE,op1,,1,const,,55
p1357,,,op2,op1,80,squared,,10
p1357,,,op3,op2,80,squared,,10
p1357,,,op4,op3,2,sqrt,,55
p1357,,,op5,op4,20,linear7,,30
p1357,,,op6,op5,5,linear3,,45
p1357,,,op7,op6,20,linear7,,30
p1357,,,op8,op7,5,linear3,,45
p1358,1177.52,BATCH_PIPELINE,op1,,1,const,,55
p1358,,,op2,op1,15,linear3,,37.5
p1358,,,op3,op2,20,linear7,,30
p1358,,,op4,op3,15,linear3,,37.5
p1358,,,op5,op4,20,linear7,,30
p1358,,,op6,op5,20,linear7,,30
p1358,,,op7,op6,5,linear3,,45
p1359,1177.52,BATCH_PIPELINE,op1,,1,const,,55
p1359,,,op2,op1,15,linear3,,37.5
p1359,,,op3,op1,15,linear3,,37.5
p1359,,,op4,op1,5,linear3,,45
p1359,,,op5,op1,5,linear3,,45
p1359,,,op6,op1,15,linear3,,37.5
p1359,,,op7,op1,5,linear3,,45
p1359,,,op8,op1,5,linear3,,45
p1359,,,op9,op1,2,sqrt,,55
p1359,,,op10,op1,15,linear3,,37.5
p1359,,,op11,op1,20,linear7,,30
p1360,1177.52,BATCH_PIPELINE,op1,,1,const,,55
p1360,,,op2,op1,15,linear3,,37.5
p1360,,,op3,op2,2,sqrt,,55
p1361,1188.26,BATCH_PIPELINE,op1,,1,const,,55
p1361,,,op2,op1,1,const,,55
p1361,,,op3,op2,15,linear3,,37.5
p1361,,,op4,op3,5,linear3,,45
p1361,,,op5,op4,5,linear3,,45
p1361,,,op6,op5,2,sqrt,,55
p1361,,,op7,op6,5,linear3,,45
p1361,,,op8,op7,5,linear3,,45
p1361,,,op9,op8,1,const,,55
p1361,,,op10,op9,40,linear7,,20
p1362,1188.26,BATCH_PIPELINE,op1,,1,const,,55
p1362,,,op2,op1,20,linear7,,30
p1362,,,op3,op2,1,const,,55
p1362,,,op4,op3,15,linear3,,37.5
p1362,,,op5,op4,5,linear3,,45
p1362,,,op6,op5,5,linear3,,45
p1363,1188.26,BATCH_PIPELINE,op1,,1,const,,55
p1363,,,op2,op1,15,linear3,,37.5
p1363,,,op3,op1,2,sqrt,,55
p1363,,,op4,op1,15,linear3,,37.5
p1363,,,op5,op1,20,linear7,,30
p1363,,,op6,op1,1,const,,55
p1364,1188.26,INTERACTIVE,op1,,1,const,,55
p1364,,,op2,,20,linear7,,30
p1364,,,op3,,5,linear3,,45
p1364,,,op4,,2,sqrt,,55
p1364,,,op5,,80,squared,,10
p1364,,,op6,op1;op2;op3;op4;op5,40,linear7,,20
p1365,1188.26,BATCH_PIPELINE,op1,,1,const,,55
p1365,,,op2,op1,5,linear3,,45
p1365,,,op3,op2,80,squared,,10
p1365,,,op4,op3,20,linear7,,30
p1365,,,op5,op4,15,linear3,,37.5
p1366,1188.26,BATCH_PIPELINE,op1,,1,const,,55
p1366,,,op2,op1,40,linear7,,20
p1366,,,op3,op2,20,linear7,,30
p1366,,,op4,op3,2,sqrt,,55
p1366,,,op5,op4,20,linear7,,30
p1366,,,op6,op5,80,squared,,10
p1366,,,op7,op6,5,linear3,,45
p1366,,,op8,op7,20,linear7,,30
p1367,1188.26,BATCH_PIPELINE,op1,,1,const,,55
p1367,,,op2,op1,15,linear3,,37.5
p1367,,,op3,op2,15,linear3,,37.5
p1367,,,op4,op3,80,squared,,10
p1367,,,op5,op4,1,const,,55
p1367,,,op6,op5,5,linear3,,45
p1367,,,op7,op6,40,linear7,,20
p1367,,,op8,op7,5,linear3,,45
p1368,1188.26,BATCH_PIPELINE,op1,,1,const,,55
p1368,,,op2,op1,1,const,,55
p1368,,,op3,op2,2,sqrt,,55
p1368,,,op4,op3,2,sqrt,,55
p1368,,,op5,op4,15,linear3,,37.5
p1368,,,op6,op5,2,sqrt,,55
p1369,1188.26,QUERY,op1,,15,linear3,,35
p1370,1188.26,BATCH_PIPELINE,op1,,1,const,,55
p1370,,,op2,op1,2,sqrt,,55
p1370,,,op3,op1,15,linear3,,37.5
p1370,,,op4,op1,40,linear7,,20
p1370,,,op5,op1,15,linear3,,37.5
p1370,,,op6,op1,2,sqrt,,55
p1370,,,op7,op1,5,linear3,,45
p1371,1192.647,BATCH_PIPELINE,op1,,1,const,,55
p1371,,,op2,op1,2,sqrt,,55
p1371,,,op3,op2,5,linear3,,45
p1371,,,op4,op3,40,linear7,,20
p1371,,,op5,op4,40,linear7,,20
p1371,,,op6,op5,2,sqrt,,55
p1371,,,op7,op6,5,linear3,,45
p1372,1192.647,BATCH_PIPELINE,op1,,1,const,,55
p1372,,,op2,op1,15,linear3,,37.5
p1372,,,op3,op2,20,linear7,,30
p1372,,,op4,op3,5,linear3,,45
p1372,,,op5,op4,40,linear7,,20
p1372,,,op6,op5,15,linear3,,37.5
p1372,,,op7,op6,2,sqrt,,55
p1372,,,op8,op7,5,linear3,,45
p1372,,,op9,op8,40,linear7,,20
p1373,1192.647,BATCH_PIPELINE,op1,,1,const,,55
p1373,,,op2,op1,2,sqrt,,55
p1373,,,op3,op1,20,linear7,,30
p1373,,,op4,op1,2,sqrt,,55
p1373,,,op5,op1,20,linear7,,30
p1373,,,op6,op1,15,linear3,,37.5
p1373,,,op7,op1,2,sqrt,,55
p1373,,,op8,op1,15,linear3,,37.5
p1373,,,op9,op1,5,linear3,,45
p1374,1192.647,BATCH_PIPELINE,op1,,1,const,,55
p1374,,,op2,op1,20,linear7,,30
p1374,,,op3,op2,15,linear3,,37.5
p1374,,,op4,op3,15,linear3,,37.5
p1374,,,op5,op4,5,linear3,,45
p1374,,,op6,op5,2,sqrt,,55
p1374,,,op7,op6,15,linear3,,37.5
p1374,,,op8,op7,5,linear3,,45
p1374,,,op9,op8,2,sqrt,,55
p1374,,,op10,op9,40,linear7,,20
p1374,,,op11,op10,15,linear3,,37.5
p1375,1192.647,BATCH_PIPELINE,op1,,1,const,,55
p1375,,,op2,,40,linear7,,20
p1375,,,op3,,2,sqrt,,55
p1375,,,op4,,15,linear3,,37.5
p1375,,,op5,,5,linear3,,45
p1375,,,op6,,2,sqrt,,55
p1375,,,op7,,40,linear7,,20
p1375,,,op8,,80,squared,,10
p1375,,,op9,,5,linear3,,45
p1375,,,op10,op1;op2;op3;op4;op5;op6;op7;op8;op9,15,linear3,,37.5
p1376,1192.647,BATCH_PIPELINE,op1,,1,const,,55
p1376,,,op2,op1,15,linear3,,37.5
p1376,,,op3,op2,2,sqrt,,55
p1376,,,op4,op3,1,const,,55
p1376,,,op5,op4,5,linear3,,45
p1376,,,op6,op5,80,squared,,10
p1376,,,op7,op6,2,sqrt,,55
p1376,,,op8,op7,20,linear7,,30
p1376,,,op9,op8,40,linear7,,20
p1376,,,op10,op9,15,linear3,,37.5
p1376,,,op11,op10,15,linear3,,37.5
p1377,1192.647,BATCH_PIPELINE,op1,,1,const,,55
p1377,,,op2,op1,15,linear3,,37.5
p1377,,,op3,op2,15,linear3,,37.5
p1377,,,op4,op3,15,linear3,,37.5
p1377,,,op5,op4,80,squared,,10
p1377,,,op6,op5,5,linear3,,45
p1378,1192.647,BATCH_PIPELINE,op1,,1,const,,55
p1378,,,op2,,1,const,,55
p1378,,,op3,,15,linear3,,37.5
p1378,,,op4,,5,linear3,,45
p1378,,,op5,,15,linear3,,37.5
p1378,,,op6,,40,linear7,,20
p1378,,,op7,,15,linear3,,37.5
p1378,,,op8,op1;op2;op3;op4;op5;op6;op7,40,linear7,,20
p1379,1192.647,BATCH_PIPELINE,op1,,1,const,,55
p1379,,,op2,,15,linear3,,37.5
p1379,,,op3,,5,linear3,,45
p1379,,,op4,,2,sqrt,,55
p1379,,,op5,,40,linear7,,20
p1379,,,op6,op1;op2;op3;op4;op5,5,linear3,,45
p1380,1192.647,BATCH_PIPELINE,op1,,1,const,,55
p1380,,,op2,,20,linear7,,30
p1380,,,op3,,2,sqrt,,55
p1380,,,op4,,15,linear3,,37.5
p1380,,,op5,,80,squared,,10
p1380,,,op6,,15,linear3,,37.5
p1380,,,op7,,40,linear7,,20
p1380,,,op8,op1;op2;op3;op4;op5;op6;op7,20,linear7,,30
p1381,1202.338,BATCH_PIPELINE,op1,,1,const,,55
p1381,,,op2,op1,1,const,,55
p1381,,,op3,op1,15,linear3,,37.5
p1381,,,op4,op1,5,linear3,,45
p1381,,,op5,op1,5,linear3,,45
p1381,,,op6,op1,40,linear7,,20
p1381,,,op7,op1,2,sqrt,,55
p1381,,,op8,op1,1,const,,55
p1381,,,op9,op1,20,linear7,,30
p1382,1202.338,BATCH_PIPELINE,op1,,1,const,,55
p1382,,,op2,op1,15,linear3,,37.5
p1382,,,op3,op2,20,linear7,,30
p1382,,,op4,op3,5,linear3,,45
p1383,1202.338,BATCH_PIPELINE,op1,,1,const,,55
p1383,,,op2,op1,1,const,,55
p1383,,,op3,op2,15,linear3,,37.5
p1383,,,op4,op3,5,linear3,,45
p1383,,,op5,op4,15,linear3,,37.5
p1384,1202.338,INTERACTIVE,op1,,1,const,,55
p1384,,,op2,op1,5,linear3,,45
p1384,,,op3,op2,15,linear3,,37.5
p1384,,,op4,op3,20,linear7,,30
p1384,,,op5,op4,1,const,,55
p1384,,,op6,op5,20,linear7,,30
p1384,,,op7,op6,15,linear3,,37.5
p1384,,,op8,op7,20,linear7,,30
p1385,1202.338,BATCH_PIPELINE,op1,,1,const,,55
p1385,,,op2,op1,20,linear7,,30
p1385,,,op3,op1,1,const,,55
p1385,,,op4,op1,2,sqrt,,55
p1385,,,op5,op1,20,linear7,,30
p1385,,,op6,op1,2,sqrt,,55
p1385,,,op7,op1,2,sqrt,,55
p1386,1202.338,BATCH_PIPELINE,op1,,1,const,,55
p1386,,,op2,op1,20,linear7,,30
p1386,,,op3,op2,5,linear3,,45
p1386,,,op4,op3,5,linear3,,45
p1386,,,op5,op4,2,sqrt,,55
p1386,,,op6,op5,15,linear3,,37.5
p1386,,,op7,op6,5,linear3,,45
p1386,,,op8,op7,5,linear3,,45
p1386,,,op9,op8,20,linear7,,30
p1387,1202.338,INTERACTIVE,op1,,1,const,,55
p1387,,,op2,op1,5,linear3,,45
p1387,,,op3,op2,1,const,,55
p1387,,,op4,op3,40,linear7,,20
p1387,,,op5,op4,5,linear3,,45
p1387,,,op6,op5,15,linear3,,37.5
p1387,,,op7,op6,1,const,,55
p1387,,,op8,op7,2,sqrt,,55
p1388,1202.338,BATCH_PIPELINE,op1,,1,const,,55
p1388,,,op2,op1,15,linear3,,37.5
p1388,,,op3,op2,40,linear7,,20
p1388,,,op4,op3,20,linear7,,30
p1388,,,op5,op4,1,const,,55
p1388,,,op6,op5,20,linear7,,30
p1388,,,op7,op6,15,linear3,,37.5
p1389,1202.338,BATCH_PIPELINE,op1,,1,const,,55
p1389,,,op2,,15,linear3,,37.5
p1389,,,op3,,2,sqrt,,55
p1389,,,op4,,5,linear3,,45
p1389,,,op5,,40,linear7,,20
p1389,,,op6,,2,sqrt,,55
p1389,,,op7,,2,sqrt,,55
p1389,,,op8,,15,linear3,,37.5
p1389,,,op9,op1;op2;op3;op4;op5;op6;op7;op8,1,const,,55
p1390,1202.338,BATCH_PIPELINE,op1,,1,const,,55
p1390,,,op2,op1,15,linear3,,37.5
p1390,,,op3,op2,15,linear3,,37.5
p1390,,,op4,op3,1,const,,55
p1390,,,op5,op4,20,linear7,,30
p1390,,,op6,op5,15,linear3,,37.5
p1390,,,op7,op6,2,sqrt,,55
p1391,1211.744,BATCH_PIPELINE,op1,,1,const,,55
p1391,,,op2,op1,40,linear7,,20
p1391,,,op3,op2,5,linear3,,45
p1391,,,op4,op3,2,sqrt,,55
p1391,,,op5,op4,5,linear3,,45
p1392,1211.744,BATCH_PIPELINE,op1,,1,const,,55
p1392,,,op2,op1,80,squared,,10
p1392,,,op3,op2,20,linear7,,30
p1392,,,op4,op3,2,sqrt,,55
p1392,,,op5,op4,15,linear3,,37.5
p1393,1211.744,BATCH_PIPELINE,op1,,1,const,,55
p1393,,,op2,op1,1,const,,55
p1393,,,op3,op2,20,linear7,,30
p1393,,,op4,op3,80,squared,,10
p1393,,,op5,op4,20,linear7,,30
p1393,,,op6,op5,1,const,,55
p1394,1211.744,BATCH_PIPELINE,op1,,1,const,,55
p1394,,,op2,op1,15,linear3,,37.5
p1394,,,op3,op1,1,const,,55
p1394,,,op4,op1,2,sqrt,,55
p1394,,,op5,op1,2,sqrt,,55
p1394,,,op6,op1,5,linear3,,45
p1395,1211.744,BATCH_PIPELINE,op1,,1,const,,55
p1395,,,op2,op1,1,const,,55
p1395,,,op3,op2,20,linear7,,30
p1395,,,op4,op3,15,linear3,,37.5
p1395,,,op5,op4,2,sqrt,,55
p1395,,,op6,op5,5,linear3,,45
p1396,1211.744,BATCH_PIPELINE,op1,,1,const,,55
p1396,,,op2,op1,20,linear7,,30
p1396,,,op3,op2,15,linear3,,37.5
p1396,,,op4,op3,2,sqrt,,55
p1396,,,op5,op4,1,const,,55
p1396,,,op6,op5,20,linear7,,30
p1396,,,op7,op6,20,linear7,,30
p1396,,,op8,op7,5,linear3,,45
p1397,1211.744,BATCH_PIPELINE,op1,,1,const,,55
p1397,,,op2,op1,15,linear3,,37.5
p1397,,,op3,op2,5,linear3,,45
p1397,,,op4,op3,2,sqrt,,55
p1397,,,op5,op4,5,linear3,,45
p1397,,,op6,op5,20,linear7,,30
p1397,,,op7,op6,5,linear3,,45
p1397,,,op8,op7,20,linear7,,30
p1398,1211.744,INTERACTIVE,op1,,1,const,,55
p1398,,,op2,op1,2,sqrt,,55
p1398,,,op3,op2,15,linear3,,37.5
p1398,,,op4,op3,40,linear7,,20
p1398,,,op5,op4,2,sqrt,,55
p1398,,,op6,op5,2,sqrt,,55
p1398,,,op7,op6,15,linear3,,37.5
p1398,,,op8,op7,80,squared,,10
p1398,,,op9,op8,5,linear3,,45
p1399,1211.744,BATCH_PIPELINE,op1,,1,const,,55
p1399,,,op2,,15,linear3,,37.5
p1399,,,op3,,5,linear3,,45
p1399,,,op4,,5,linear3,,45
p1399,,,op5,,1,const,,55
p1399,,,op6,,15,linear3,,37.5
p1399,,,op7,,20,linear7,,30
p1399,,,op8,op1;op2;op3;op4;op5;op6;op7,15,linear3,,37.5
p1400,1211.744,BATCH_PIPELINE,op1,,1,const,,55
p1400,,,op2,op1,15,linear3,,37.5
p1400,,,op3,op2,2,sqrt,,55
p1400,,,op4,op3,5,linear3,,45
p1400,,,op5,op4,1,const,,55
p1400,,,op6,op5,5,linear3,,45
p1400,,,op7,op6,15,linear3,,37.5
p1400,,,op8,op7,80,squared,,10
p1400,,,op9,op8,20,linear7,,30
p1401,1218.799,BATCH_PIPELINE,op1,,1,const,,55
p1401,,,op2,,5,linear3,,45
p1401,,,op3,,20,linear7,,30
p1401,,,op4,,5,linear3,,45
p1401,,,op5,,20,linear7,,30
p1401,,,op6,,1,const,,55
p1401,,,op7,op1;op2;op3;op4;op5;op6,80,squared,,10
p1402,1218.799,BATCH_PIPELINE,op1,,1,const,,55
p1402,,,op2,op1,5,linear3,,45
p1402,,,op3,op2,5,linear3,,45
p1402,,,op4,op3,15,linear3,,37.5
p1402,,,op5,op4,20,linear7,,30
p1402,,,op6,op5,40,linear7,,20
p1402,,,op7,op6,80,squared,,10
p1402,,,op8,op7,15,linear3,,37.5
p1402,,,op9,op8,80,squared,,10
p1403,1218.799,INTERACTIVE,op1,,1,const,,55
p1403,,,op2,op1,5,linear3,,45
p1403,,,op3,op2,15,linear3,,37.5
p1403,,,op4,op3,20,linear7,,30
p1403,,,op5,op4,15,linear3,,37.5
p1403,,,op6,op5,20,linear7,,30
p1403,,,op7,op6,40,linear7,,20
p1403,,,op8,op7,15,linear3,,37.5
p1403,,,op9,op8,1,const,,55
p1403,,,op10,op9,80,squared,,10
p1404,1218.799,BATCH_PIPELINE,op1,,1,const,,55
p1404,,,op2,op1,5,linear3,,45
p1404,,,op3,op2,5,linear3,,45
p1404,,,op4,op3,2,sqrt,,55
p1404,,,op5,op4,2,sqrt,,55
p1404,,,op6,op5,20,linear7,,30
p1405,1218.799,BATCH_PIPELINE,op1,,1,const,,55
p1405,,,op2,op1,5,linear3,,45
p1405,,,op3,op1,15,linear3,,37.5
p1405,,,op4,op1,20,linear7,,30
p1405,,,op5,op1,2,sqrt,,55
p1405,,,op6,op1,5,linear3,,45
p1405,,,op7,op1,20,linear7,,30
p1405,,,op8,op1,40,linear7,,20
p1405,,,op9,op1,15,linear3,,37.5
p1406,1218.799,BATCH_PIPELINE,op1,,1,const,,55
p1406,,,op2,op1,15,linear3,,37.5
p1406,,,op3,op2,15,linear3,,37.5
p1406,,,op4,op3,5,linear3,,45
p1406,,,op5,op4,15,linear3,,37.5
p1406,,,op6,op5,20,linear7,,30
p1406,,,op7,op6,15,linear3,,37.5
p1407,1218.799,INTERACTIVE,op1,,1,const,,55
p1407,,,op2,,80,squared,,10
p1407,,,op3,,15,linear3,,37.5
p1407,,,op4,,20,linear7,,30
p1407,,,op5,,40,linear7,,20
p1407,,,op6,,15,linear3,,37.5
p1407,,,op7,op1;op2;op3;op4;op5;op6,40,linear7,,20
p1408,1218.799,INTERACTIVE,op1,,1,const,,55
p1408,,,op2,op1,80,squared,,10
p1408,,,op3,op2,5,linear3,,45
p1408,,,op4,op3,80,squared,,10
p1408,,,op5,op4,40,linear7,,20
p1408,,,op6,op5,80,squared,,10
p1408,,,op7,op6,5,linear3,,45
p1408,,,op8,op7,40,linear7,,20
p1408,,,op9,op8,80,squared,,10
p1408,,,op10,op9,2,sqrt,,55
p1409,1218.799,BATCH_PIPELINE,op1,,1,const,,55
p1409,,,op2,op1,40,linear7,,20
p1409,,,op3,op2,5,linear3,,45
p1410,1218.799,BATCH_PIPELINE,op1,,1,const,,55
p1410,,,op2,op1,80,squared,,10
p1410,,,op3,op2,1,const,,55
p1410,,,op4,op3,20,linear7,,30
p1410,,,op5,op4,20,linear7,,30
p1410,,,op6,op5,5,linear3,,45
p1410,,,op7,op6,15,linear3,,37.5
p1411,1228.42,BATCH_PIPELINE,op1,,1,const,,55
p1411,,,op2,op1,15,linear3,,37.5
p1411,,,op3,op2,2,sqrt,,55
p1411,,,op4,op3,2,sqrt,,55
p1411,,,op5,op4,15,linear3,,37.5
p1412,1228.42,BATCH_PIPELINE,op1,,1,const,,55
p1412,,,op2,,2,sqrt,,55
p1412,,,op3,,15,linear3,,37.5
p1412,,,op4,,5,linear3,,45
p1412,,,op5,,20,linear7,,30
p1412,,,op6,,2,sqrt,,55
p1412,,,op7,op1;op2;op3;op4;op5;op6,80,squared,,10
p1413,1228.42,BATCH_PIPELINE,op1,,1,const,,55
p1413,,,op2,op1,20,linear7,,30
p1413,,,op3,op2,40,linear7,,20
p1413,,,op4,op3,20,linear7,,30
p1413,,,op5,op4,2,sqrt,,55
p1413,,,op6,op5,20,linear7,,30
p1413,,,op7,op6,80,squared,,10
p1413,,,op8,op7,2,sqrt,,55
p1413,,,op9,op8,80,squared,,10
p1413,,,op10,op9,15,linear3,,37.5
p1413,,,op11,op10,5,linear3,,45
p1414,1228.42,BATCH_PIPELINE,op1,,1,const,,55
p1414,,,op2,op1,5,linear3,,45
p1414,,,op3,op2,5,linear3,,45
p1414,,,op4,op3,2,sqrt,,55
p1414,,,op5,op4,20,linear7,,30
p1414,,,op6,op5,5,linear3,,45
p1414,,,op7,op6,2,sqrt,,55
p1415,1228.42,BATCH_PIPELINE,op1,,1,const,,55
p1415,,,op2,op1,2,sqrt,,55
p1415,,,op3,op2,15,linear3,,37.5
p1415,,,op4,op3,15,linear3,,37.5
p1415,,,op5,op4,1,const,,55
p1415,,,op6,op5,5,linear3,,45
p1415,,,op7,op6,20,linear7,,30
p1415,,,op8,op7,20,linear7,,30
p1416,1228.42,BATCH_PIPELINE,op1,,1,const,,55
p1416,,,op2,op1,2,sqrt,,55
p1416,,,op3,op1,5,linear3,,45
p1416,,,op4,op1,80,squared,,10
p1416,,,op5,op1,15,linear3,,37.5
p1416,,,op6,op1,5,linear3,,45
p1416,,,op7,op1,80,squared,,10
p1416,,,op8,op1,5,linear3,,45
p1416,,,op9,op1,80,squared,,10
p1417,1228.42,INTERACTIVE,op1,,1,const,,55
p1417,,,op2,op1,15,linear3,,37.5
p1417,,,op3,op2,2,sqrt,,55
p1417,,,op4,op3,80,squared,,10
p1417,,,op5,op4,20,linear7,,30
p1418,1228.42,INTERACTIVE,op1,,1,const,,55
p1418,,,op2,op1,15,linear3,,37.5
p1418,,,op3,op2,5,linear3,,45
p1418,,,op4,op3,40,linear7,,20
p1418,,,op5,op4,1,const,,55
p1418,,,op6,op5,2,sqrt,,55
p1418,,,op7,op6,15,linear3,,37.5
p1419,1228.42,BATCH_PIPELINE,op1,,1,const,,55
p1419,,,op2,op1,15,linear3,,37.5
p1419,,,op3,op2,40,linear7,,20
p1419,,,op4,op3,1,const,,55
p1419,,,op5,op4,20,linear7,,30
p1419,,,op6,op5,5,linear3,,45
p1419,,,op7,op6,40,linear7,,20
p1420,1228.42,BATCH_PIPELINE,op1,,1,const,,55
p1420,,,op2,op1,2,sqrt,,55
p1420,,,op3,op1,1,const,,55
p1420,,,op4,op1,5,linear3,,45
p1420,,,op5,op1,15,linear3,,37.5
p1420,,,op6,op1,2,sqrt,,55
p1420,,,op7,op1,5,linear3,,45
p1420,,,op8,op1,1,const,,55
p1421,1236.587,BATCH_PIPELINE,op1,,1,const,,55
p1421,,,op2,op1,15,linear3,,37.5
p1421,,,op3,op2,15,linear3,,37.5
p1421,,,op4,op3,2,sqrt,,55
p1421,,,op5,op4,80,squared,,10
p1421,,,op6,op5,80,squared,,10
p1421,,,op7,op6,15,linear3,,37.5
p1421,,,op8,op7,80,squared,,10
p1421,,,op9,op8,2,sqrt,,55
p1422,1236.587,BATCH_PIPELINE,op1,,1,const,,55
p1422,,,op2,op1,80,squared,,10
p1422,,,op3,op2,5,linear3,,45
p1422,,,op4,op3,2,sqrt,,55
p1422,,,op5,op4,2,sqrt,,55
p1422,,,op6,op5,40,linear7,,20
p1423,1236.587,INTERACTIVE,op1,,1,const,,55
p1423,,,op2,op1,2,sqrt,,55
p1423,,,op3,op2,80,squared,,10
p1423,,,op4,op3,20,linear7,,30
p1423,,,op5,op4,15,linear3,,37.5
p1423,,,op6,op5,80,squared,,10
p1423,,,op7,op6,80,squared,,10
p1424,1236.587,INTERACTIVE,op1,,1,const,,55
p1424,,,op2,op1,15,linear3,,37.5
p1424,,,op3,op2,1,const,,55
p1424,,,op4,op3,1,const,,55
p1424,,,op5,op4,1,const,,55
p1424,,,op6,op5,40,linear7,,20
p1424,,,op7,op6,1,const,,55
p1425,1236.587,INTERACTIVE,op1,,1,const,,55
p1425,,,op2,op1,5,linear3,,45
p1425,,,op3,op1,1,const,,55
p1425,,,op4,op1,80,squared,,10
p1425,,,op5,op1,80,squared,,10
p1425,,,op6,op1,2,sqrt,,55
p1426,1236.587,INTERACTIVE,op1,,1,const,,55
p1426,,,op2,op1,15,linear3,,37.5
p1426,,,op3,op2,5,linear3,,45
p1426,,,op4,op3,1,const,,55
p1426,,,op5,op4,5,linear3,,45
p1426,,,op6,op5,40,linear7,,20
p1427,1236.587,BATCH_PIPELINE,op1,,1,const,,55
p1427,,,op2,op1,2,sqrt,,55
p1427,,,op3,op2,80,squared,,10
p1427,,,op4,op3,1,const,,55
p1427,,,op5,op4,20,linear7,,30
p1427,,,op6,op5,15,linear3,,37.5
p1427,,,op7,op6,15,linear3,,37.5
p1428,1236.587,BATCH_PIPELINE,op1,,1,const,,55
p1428,,,op2,op1,5,linear3,,45
p1428,,,op3,op2,15,linear3,,37.5
p1428,,,op4,op3,20,linear7,,30
p1428,,,op5,op4,80,squared,,10
p1428,,,op6,op5,15,linear3,,37.5
p1428,,,op7,op6,1,const,,55
p1429,1236.587,BATCH_PIPELINE,op1,,1,const,,55
p1429,,,op2,,80,squared,,10
p1429,,,op3,,5,linear3,,45
p1429,,,op4,,20,linear7,,30
p1429,,,op5,,5,linear3,,45
p1429,,,op6,,15,linear3,,37.5
p1429,,,op7,op1;op2;op3;op4;op5;op6,20,linear7,,30
p1430,1236.587,BATCH_PIPELINE,op1,,1,const,,55
p1430,,,op2,op1,80,squared,,10
p1430,,,op3,op2,5,linear3,,45
p1430,,,op4,op3,1,const,,55
p1430,,,op5,op4,1,const,,55
p1430,,,op6,op5,80,squared,,10
p1430,,,op7,op6,15,linear3,,37.5
p1430,,,op8,op7,15,linear3,,37.5
p1430,,,op9,op8,5,linear3,,45
p1431,1244.569,BATCH_PIPELINE,op1,,1,const,,55
p1431,,,op2,op1,20,linear7,,30
p1431,,,op3,op2,15,linear3,,37.5
p1431,,,op4,op3,5,linear3,,45
p1431,,,op5,op4,1,const,,55
p1431,,,op6,op5,1,const,,55
p1431,,,op7,op6,80,squared,,10
p1431,,,op8,op7,80,squared,,10
p1432,1244.569,BATCH_PIPELINE,op1,,1,const,,55
p1432,,,op2,op1,2,sqrt,,55
p1432,,,op3,op2,1,const,,55
p1432,,,op4,op3,5,linear3,,45
p1432,,,op5,op4,40,linear7,,20
p1432,,,op6,op5,20,linear7,,30
p1433,1244.569,BATCH_PIPELINE,op1,,1,const,,55
p1433,,,op2,op1,5,linear3,,45
p1433,,,op3,op1,15,linear3,,37.5
p1433,,,op4,op1,20,linear7,,30
p1433,,,op5,op1,15,linear3,,37.5
p1433,,,op6,op1,15,linear3,,37.5
p1433,,,op7,op1,2,sqrt,,55
p1434,1244.569,BATCH_PIPELINE,op1,,1,const,,55
p1434,,,op2,op1,5,linear3,,45
p1434,,,op3,op2,20,linear7,,30
p1434,,,op4,op3,1,const,,55
p1434,,,op5,op4,15,linear3,,37.5
p1435,1244.569,BATCH_PIPELINE,op1,,1,const,,55
p1435,,,op2,op1,80,squared,,10
p1435,,,op3,op2,20,linear7,,30
p1435,,,op4,op3,1,const,,55
p1436,1244.569,BATCH_PIPELINE,op1,,1,const,,55
p1436,,,op2,,2,sqrt,,55
p1436,,,op3,,15,linear3,,37.5
p1436,,,op4,,5,linear3,,45
p1436,,,op5,,15,linear3,,37.5
p1436,,,op6,op1;op2;op3;op4;op5,5,linear3,,45
p1437,1244.569,QUERY,op1,,15,linear3,,35
p1438,1244.569,BATCH_PIPELINE,op1,,1,const,,55
p1438,,,op2,op1,1,const,,55
p1438,,,op3,op2,40,linear7,,20
p1438,,,op4,op3,5,linear3,,45
p1438,,,op5,op4,15,linear3,,37.5
p1438,,,op6,op5,20,linear7,,30
p1438,,,op7,op6,15,linear3,,37.5
p1438,,,op8,op7,40,linear7,,20
p1439,1244.569,BATCH_PIPELINE,op1,,1,const,,55
p1439,,,op2,op1,20,linear7,,30
p1439,,,op3,op1,20,linear7,,30
p1439,,,op4,op1,40,linear7,,20
p1439,,,op5,op1,20,linear7,,30
p1439,,,op6,op1,5,linear3,,45
p1439,,,op7,op1,2,sqrt,,55
p1439,,,op8,op1,15,linear3,,37.5
p1439,,,op9,op1,2,sqrt,,55
p1439,,,op10,op1,2,sqrt,,55
p1440,1244.569,BATCH_PIPELINE,op1,,1,const,,55
p1440,,,op2,op1,2,sqrt,,55
p1440,,,op3,op1,80,squared,,10
p1440,,,op4,op1,20,linear7,,30
p1441,1253.458,INTERACTIVE,op1,,1,const,,55
p1441,,,op2,op1,80,squared,,10
p1441,,,op3,op2,20,linear7,,30
p1441,,,op4,op3,2,sqrt,,55
p1441,,,op5,op4,2,sqrt,,55
p1441,,,op6,op5,2,sqrt,,55
p1441,,,op7,op6,80,squared,,10
p1441,,,op8,op7,80,squared,,10
p1442,1253.458,BATCH_PIPELINE,op1,,1,const,,55
p1442,,,op2,op1,2,sqrt,,55
p1442,,,op3,op2,15,linear3,,37.5
p1442,,,op4,op3,20,linear7,,30
p1442,,,op5,op4,2,sqrt,,55
p1442,,,op6,op5,2,sqrt,,55
p1442,,,op7,op6,2,sqrt,,55
p1443,1253.458,BATCH_PIPELINE,op1,,1,const,,55
p1443,,,op2,op1,80,squared,,10
p1443,,,op3,op1,15,linear3,,37.5
p1443,,,op4,op1,5,linear3,,45
p1443,,,op5,op1,5,linear3,,45
p1443,,,op6,op1,15,linear3,,37.5
p1443,,,op7,op1,5,linear3,,45
p1443,,,op8,op1,15,linear3,,37.5
p1444,1253.458,BATCH_PIPELINE,op1,,1,const,,55
p1444,,,op2,op1,5,linear3,,45
p1444,,,op3,op2,5,linear3,,45
p1444,,,op4,op3,5,linear3,,45
p1444,,,op5,op4,20,linear7,,30
p1444,,,op6,op5,1,const,,55
p1444,,,op7,op6,80,squared,,10
p1445,1253.458,BATCH_PIPELINE,op1,,1,const,,55
p1445,,,op2,op1,2,sqrt,,55
p1445,,,op3,op2,2,sqrt,,55
p1445,,,op4,op3,2,sqrt,,55
p1445,,,op5,op4,5,linear3,,45
p1445,,,op6,op5,20,linear7,,30
p1445,,,op7,op6,5,linear3,,45
p1445,,,op8,op7,20,linear7,,30
p1445,,,op9,op8,1,const,,55
p1446,1253.458,BATCH_PIPELINE,op1,,1,const,,55
p1446,,,op2,op1,2,sqrt,,55
p1446,,,op3,op2,2,sqrt,,55
p1446,,,op4,op3,1,const,,55
p1446,,,op5,op4,2,sqrt,,55
p1446,,,op6,op5,40,linear7,,20
p1446,,,op7,op6,5,linear3,,45
p1446,,,op8,op7,5,linear3,,45
p1446,,,op9,op8,1,const,,55
p1446,,,op10,op9,1,const,,55
p1447,1253.458,INTERACTIVE,op1,,1,const,,55
p1447,,,op2,op1,5,linear3,,45
p1447,,,op3,op2,15,linear3,,37.5
p1447,,,op4,op3,2,sqrt,,55
p1447,,,op5,op4,1,const,,55
p1447,,,op6,op5,15,linear3,,37.5
p1447,,,op7,op6,20,linear7,,30
p1447,,,op8,op7,20,linear7,,30
p1447,,,op9,op8,40,linear7,,20
p1448,1253.458,BATCH_PIPELINE,op1,,1,const,,55
p1448,,,op2,op1,15,linear3,,37.5
p1448,,,op3,op2,5,linear3,,45
p1448,,,op4,op3,2,sqrt,,55
p1448,,,op5,op4,1,const,,55
p1448,,,op6,op5,40,linear7,,20
p1448,,,op7,op6,15,linear3,,37.5
p1448,,,op8,op7,1,const,,55
p1449,1253.458,BATCH_PIPELINE,op1,,1,const,,55
p1449,,,op2,op1,2,sqrt,,55
p1449,,,op3,op1,20,linear7,,30
p1449,,,op4,op1,2,sqrt,,55
p1449,,,op5,op1,2,sqrt,,55
p1449,,,op6,op1,40,linear7,,20
p1449,,,op7,op1,5,linear3,,45
p1450,1253.458,BATCH_PIPELINE,op1,,1,const,,55
p1450,,,op2,op1,5,linear3,,45
p1450,,,op3,op2,15,linear3,,37.5
p1450,,,op4,op3,1,const,,55
p1450,,,op5,op4,15,linear3,,37.5
p1450,,,op6,op5,2,sqrt,,55
p1450,,,op7,op6,20,linear7,,30
p1450,,,op8,op7,20,linear7,,30
p1450,,,op9,op8,20,linear7,,30
p1451,1258.843,BATCH_PIPELINE,op1,,1,const,,55
p1451,,,op2,op1,15,linear3,,37.5
p1451,,,op3,op2,1,const,,55
p1451,,,op4,op3,1,const,,55
p1451,,,op5,op4,40,linear7,,20
p1451,,,op6,op5,15,linear3,,37.5
p1451,,,op7,op6,5,linear3,,45
p1451,,,op8,op7,2,sqrt,,55
p1451,,,op9,op8,2,sqrt,,55
p1452,1258.843,BATCH_PIPELINE,op1,,1,const,,55
p1452,,,op2,op1,5,linear3,,45
p1452,,,op3,op2,80,squared,,10
p1452,,,op4,op3,5,linear3,,45
p1452,,,op5,op4,15,linear3,,37.5
p1452,,,op6,op5,1,const,,55
p1452,,,op7,op6,5,linear3,,45
p1453,1258.843,BATCH_PIPELINE,op1,,1,const,,55
p1453,,,op2,op1,15,linear3,,37.5
p1453,,,op3,op2,80,squared,,10
p1453,,,op4,op3,15,linear3,,37.5
p1453,,,op5,op4,40,linear7,,20
p1453,,,op6,op5,20,linear7,,30
p1453,,,op7,op6,40,linear7,,20
p1454,1258.843,BATCH_PIPELINE,op1,,1,const,,55
p1454,,,op2,op1,20,linear7,,30
p1454,,,op3,op2,20,linear7,,30
p1454,,,op4,op3,15,linear3,,37.5
p1454,,,op5,op4,20,linear7,,30
p1454,,,op6,op5,5,linear3,,45
p1454,,,op7,op6,20,linear7,,30
p1455,1258.843,BATCH_PIPELINE,op1,,1,const,,55
p1455,,,op2,,20,linear7,,30
p1455,,,op3,,2,sqrt,,55
p1455,,,op4,,15,linear3,,37.5
p1455,,,op5,,15,linear3,,37.5
p1455,,,op6,,1,const,,55
p1455,,,op7,,20,linear7,,30
p1455,,,op8,,1,const,,55
p1455,,,op9,op1;op2;op3;op4;op5;op6;op7;op8,5,linear3,,45
p1456,1258.843,BATCH_PIPELINE,op1,,1,const,,55
p1456,,,op2,op1,15,linear3,,37.5
p1456,,,op3,op2,2,sqrt,,55
p1456,,,op4,op3,20,linear7,,30
p1456,,,op5,op4,2,sqrt,,55
p1456,,,op6,op5,80,squared,,10
p1457,1258.843,BATCH_PIPELINE,op1,,1,const,,55
p1457,,,op2,op1,40,linear7,,20
p1457,,,op3,op2,5,linear3,,45
p1457,,,op4,op3,1,const,,55
p1457,,,op5,op4,20,linear7,,30
p1458,1258.843,BATCH_PIPELINE,op1,,1,const,,55
p1458,,,op2,,15,linear3,,37.5
p1458,,,op3,,80,squared,,10
p1458,,,op4,,1,const,,55
p1458,,,op5,,2,sqrt,,55
p1458,,,op6,,5,linear3,,45
p1458,,,op7,,80,squared,,10
p1458,,,op8,,80,squared,,10
p1458,,,op9,op1;op2;op3;op4;op5;op6;op7;op8,40,linear7,,20
p1459,1258.843,BATCH_PIPELINE,op1,,1,const,,55
p1459,,,op2,op1,2,sqrt,,55
p1459,,,op3,op2,80,squared,,10
p1459,,,op4,op3,5,linear3,,45
p1459,,,op5,op4,5,linear3,,45
p1459,,,op6,op5,20,linear7,,30
p1460,1258.843,BATCH_PIPELINE,op1,,1,const,,55
p1460,,,op2,op1,5,linear3,,45
p1460,,,op3,op2,5,linear3,,45
p1460,,,op4,op3,2,sqrt,,55
p1460,,,op5,op4,15,linear3,,37.5
p1460,,,op6,op5,15,linear3,,37.5
p1460,,,op7,op6,5,linear3,,45
p1460,,,op8,op7,15,linear3,,37.5
p1461,1265.8890000000001,BATCH_PIPELINE,op1,,1,const,,55
p1461,,,op2,op1,2,sqrt,,55
p1461,,,op3,op2,5,linear3,,45
p1461,,,op4,op3,80,squared,,10
p1461,,,op5,op4,15,linear3,,37.5
p1461,,,op6,op5,1,const,,55
p1461,,,op7,op6,40,linear7,,20
p1462,1265.8890000000001,QUERY,op1,,15,linear3,,35
p1463,1265.8890000000001,BATCH_PIPELINE,op1,,1,const,,55
p1463,,,op2,op1,5,linear3,,45
p1463,,,op3,op2,40,linear7,,20
p1463,,,op4,op3,2,sqrt,,55
p1463,,,op5,op4,5,linear3,,45
p1463,,,op6,op5,40,linear7,,20
p1464,1265.8890000000001,BATCH_PIPELINE,op1,,1,const,,55
p1464,,,op2,op1,15,linear3,,37.5
p1464,,,op3,op2,5,linear3,,45
p1464,,,op4,op3,15,linear3,,37.5
p1464,,,op5,op4,80,squared,,10
p1464,,,op6,op5,1,const,,55
p1464,,,op7,op6,1,const,,55
p1464,,,op8,op7,2,sqrt,,55
p1464,,,op9,op8,20,linear7,,30
p1464,,,op10,op9,1,const,,55
p1464,,,op11,op10,20,linear7,,30
p1464,,,op12,op11,20,linear7,,30
p1465,1265.8890000000001,INTERACTIVE,op1,,1,const,,55
p1465,,,op2,,80,squared,,10
p1465,,,op3,,20,linear7,,30
p1465,,,op4,,5,linear3,,45
p1465,,,op5,,2,sqrt,,55
p1465,,,op6,,5,linear3,,45
p1465,,,op7,,15,linear3,,37.5
p1465,,,op8,,15,linear3,,37.5
p1465,,,op9,,1,const,,55
p1465,,,op10,op1;op2;op3;op4;op5;op6;op7;op8;op9,15,linear3,,37.5
p1466,1265.8890000000001,BATCH_PIPELINE,op1,,1,const,,55
p1466,,,op2,op1,15,linear3,,37.5
p1466,,,op3,op1,2,sqrt,,55
p1466,,,op4,op1,1,const,,55
p1466,,,op5,op1,20,linear7,,30
p1466,,,op6,op1,2,sqrt,,55
p1466,,,op7,op1,20,linear7,,30
p1466,,,op8,op1,40,linear7,,20
p1466,,,op9,op1,1,const,,55
p1467,1265.8890000000001,BATCH_PIPELINE,op1,,1,const,,55
p1467,,,op2,op1,1,const,,55
p1467,,,op3,op2,2,sqrt,,55
p1467,,,op4,op3,1,const,,55
p1467,,,op5,op4,20,linear7,,30
p1467,,,op6,op5,20,linear7,,30
p1467,,,op7,op6,1,const,,55
p1467,,,op8,op7,5,linear3,,45
p1467,,,op9,op8,20,linear7,,30
p1467,,,op10,op9,15,linear3,,37.5
p1468,1265.8890000000001,BATCH_PIPELINE,op1,,1,const,,55
p1468,,,op2,op1,2,sqrt,,55
p1468,,,op3,op2,15,linear3,,37.5
p1468,,,op4,op3,15,linear3,,37.5
p1468,,,op5,op4,20,linear7,,30
p1468,,,op6,op5,20,linear7,,30
p1468,,,op7,op6,15,linear3,,37.5
p1468,,,op8,op7,40,linear7,,20
p1469,1265.8890000000001,BATCH_PIPELINE,op1,,1,const,,55
p1469,,,op2,op1,15,linear3,,37.5
p1469,,,op3,op2,20,linear7,,30
p1469,,,op4,op3,1,const,,55
p1469,,,op5,op4,80,squared,,10
p1470,1265.8890000000001,INTERACTIVE,op1,,1,const,,55
p1470,,,op2,op1,40,linear7,,20
p1470,,,op3,op2,2,sqrt,,55
p1470,,,op4,op3,80,squared,,10
p1470,,,op5,op4,5,linear3,,45
p1470,,,op6,op5,80,squared,,10
p1470,,,op7,op6,15,linear3,,37.5
p1471,1278.4460000000001,INTERACTIVE,op1,,1,const,,55
p1471,,,op2,op1,20,linear7,,30
p1471,,,op3,op2,40,linear7,,20
p1471,,,op4,op3,5,linear3,,45
p1471,,,op5,op4,15,linear3,,37.5
p1471,,,op6,op5,80,squared,,10
p1471,,,op7,op6,5,linear3,,45
p1471,,,op8,op7,20,linear7,,30
p1472,1278.4460000000001,BATCH_PIPELINE,op1,,1,const,,55
p1472,,,op2,op1,2,sqrt,,55
p1472,,,op3,op2,5,linear3,,45
p1472,,,op4,op3,15,linear3,,37.5
p1472,,,op5,op4,5,linear3,,45
p1472,,,op6,op5,80,squared,,10
p1472,,,op7,op6,40,linear7,,20
p1472,,,op8,op7,15,linear3,,37.5
p1473,1278.4460000000001,BATCH_PIPELINE,op1,,1,const,,55
p1473,,,op2,op1,2,sqrt,,55
p1473,,,op3,op2,15,linear3,,37.5
p1473,,,op4,op3,15,linear3,,37.5
p1473,,,op5,op4,5,linear3,,45
p1473,,,op6,op5,2,sqrt,,55
p1474,1278.4460000000001,BATCH_PIPELINE,op1,,1,const,,55
p1474,,,op2,op1,40,linear7,,20
p1474,,,op3,op2,15,linear3,,37.5
p1474,,,op4,op3,5,linear3,,45
p1474,,,op5,op4,15,linear3,,37.5
p1474,,,op6,op5,20,linear7,,30
p1475,1278.4460000000001,BATCH_PIPELINE,op1,,1,const,,55
p1475,,,op2,op1,40,linear7,,20
p1475,,,op3,op2,15,linear3,,37.5
p1475,,,op4,op3,15,linear3,,37.5
p1475,,,op5,op4,2,sqrt,,55
p1475,,,op6,op5,1,const,,55
p1475,,,op7,op6,1,const,,55
p1475,,,op8,op7,2,sqrt,,55
p1475,,,op9,op8,20,linear7,,30
p1476,1278.4460000000001,BATCH_PIPELINE,op1,,1,const,,55
p1476,,,op2,,5,linear3,,45
p1476,,,op3,,5,linear3,,45
p1476,,,op4,op1;op2;op3,5,linear3,,45
p1477,1278.4460000000001,INTERACTIVE,op1,,1,const,,55
p1477,,,op2,op1,1,const,,55
p1477,,,op3,op2,2,sqrt,,55
p1477,,,op4,op3,20,linear7,,30
p1477,,,op5,op4,5,linear3,,45
p1477,,,op6,op5,40,linear7,,20
p1477,,,op7,op6,20,linear7,,30
p1477,,,op8,op7,80,squared,,10
p1477,,,op9,op8,40,linear7,,20
p1477,,,op10,op9,40,linear7,,20
p1478,1278.4460000000001,BATCH_PIPELINE,op1,,1,const,,55
p1478,,,op2,op1,1,const,,55
p1478,,,op3,op1,80,squared,,10
p1478,,,op4,op1,20,linear7,,30
p1478,,,op5,op1,5,linear3,,45
p1478,,,op6,op1,40,linear7,,20
p1478,,,op7,op1,2,sqrt,,55
p1479,1278.4460000000001,BATCH_PIPELINE,op1,,1,const,,55
p1479,,,op2,op1,5,linear3,,45
p1479,,,op3,op2,15,linear3,,37.5
p1479,,,op4,op3,15,linear3,,37.5
p1479,,,op5,op4,20,linear7,,30
p1479,,,op6,op5,20,linear7,,30
p1479,,,op7,op6,20,linear7,,30
p1479,,,op8,op7,2,sqrt,,55
p1479,,,op9,op8,15,linear3,,37.5
p1479,,,op10,op9,1,const,,55
p1480,1278.4460000000001,BATCH_PIPELINE,op1,,1,const,,55
p1480,,,op2,op1,1,const,,55
p1480,,,op3,op2,2,sqrt,,55
p1480,,,op4,op3,15,linear3,,37.5
p1480,,,op5,op4,5,linear3,,45
p1481,1290.021,BATCH_PIPELINE,op1,,1,const,,55
p1481,,,op2,op1,40,linear7,,20
p1481,,,op3,op2,40,linear7,,20
p1481,,,op4,op3,1,const,,55
p1481,,,op5,op4,2,sqrt,,55
p1481,,,op6,op5,20,linear7,,30
p1481,,,op7,op6,15,linear3,,37.5
p1482,1290.021,BATCH_PIPELINE,op1,,1,const,,55
p1482,,,op2,op1,40,linear7,,20
p1482,,,op3,op1,20,linear7,,30
p1482,,,op4,op1,1,const,,55
p1482,,,op5,op1,5,linear3,,45
p1482,,,op6,op1,5,linear3,,45
p1482,,,op7,op1,15,linear3,,37.5
p1482,,,op8,op1,5,linear3,,45
p1482,,,op9,op1,1,const,,55
p1483,1290.021,BATCH_PIPELINE,op1,,1,const,,55
p1483,,,op2,op1,15,linear3,,37.5
p1483,,,op3,op2,15,linear3,,37.5
p1483,,,op4,op3,2,sqrt,,55
p1483,,,op5,op4,15,linear3,,37.5
p1483,,,op6,op5,80,squared,,10
p1483,,,op7,op6,40,linear7,,20
p1483,,,op8,op7,5,linear3,,45
p1483,,,op9,op8,5,linear3,,45
p1484,1290.021,BATCH_PIPELINE,op1,,1,const,,55
p1484,,,op2,op1,5,linear3,,45
p1484,,,op3,op2,1,const,,55
p1484,,,op4,op3,1,const,,55
p1484,,,op5,op4,20,linear7,,30
p1484,,,op6,op5,15,linear3,,37.5
p1484,,,op7,op6,20,linear7,,30
p1484,,,op8,op7,15,linear3,,37.5
p1484,,,op9,op8,40,linear7,,20
p1484,,,op10,op9,15,linear3,,37.5
p1485,1290.021,BATCH_PIPELINE,op1,,1,const,,55
p1485,,,op2,op1,5,linear3,,45
p1485,,,op3,op2,40,linear7,,20
p1486,1290.021,BATCH_PIPELINE,op1,,1,const,,55
p1486,,,op2,,1,const,,55
p1486,,,op3,,20,linear7,,30
p1486,,,op4,,5,linear3,,45
p1486,,,op5,,80,squared,,10
p1486,,,op6,,2,sqrt,,55
p1486,,,op7,op1;op2;op3;op4;op5;op6,80,squared,,10
p1487,1290.021,BATCH_PIPELINE,op1,,1,const,,55
p1487,,,op2,op1,20,linear7,,30
p1487,,,op3,op1,5,linear3,,45
p1487,,,op4,op1,20,linear7,,30
p1487,,,op5,op1,20,linear7,,30
p1488,1290.021,INTERACTIVE,op1,,1,const,,55
p1488,,,op2,op1,15,linear3,,37.5
p1488,,,op3,op2,15,linear3,,37.5
p1488,,,op4,op3,1,const,,55
p1488,,,op5,op4,15,linear3,,37.5
p1488,,,op6,op5,15,linear3,,37.5
p1488,,,op7,op6,2,sqrt,,55
p1489,1290.021,BATCH_PIPELINE,op1,,1,const,,55
p1489,,,op2,op1,15,linear3,,37.5
p1489,,,op3,op2,40,linear7,,20
p1489,,,op4,op3,5,linear3,,45
p1489,,,op5,op4,1,const,,55
p1489,,,op6,op5,20,linear7,,30
p1489,,,op7,op6,2,sqrt,,55
p1490,1290.021,BATCH_PIPELINE,op1,,1,const,,55
p1490,,,op2,op1,40,linear7,,20
p1490,,,op3,op2,40,linear7,,20
p1490,,,op4,op3,80,squared,,10
p1490,,,op5,op4,80,squared,,10
p1491,1294.4180000000001,INTERACTIVE,op1,,1,const,,55
p1491,,,op2,op1,5,linear3,,45
p1491,,,op3,op2,5,linear3,,45
p1491,,,op4,op3,15,linear3,,37.5
p1492,1294.4180000000001,BATCH_PIPELINE,op1,,1,const,,55
p1492,,,op2,op1,15,linear3,,37.5
p1492,,,op3,op1,40,linear7,,20
p1492,,,op4,op1,15,linear3,,37.5
p1492,,,op5,op1,2,sqrt,,55
p1493,1294.4180000000001,BATCH_PIPELINE,op1,,1,const,,55
p1493,,,op2,op1,1,const,,55
p1493,,,op3,op2,1,const,,55
p1493,,,op4,op3,1,const,,55
p1493,,,op5,op4,2,sqrt,,55
p1493,,,op6,op5,5,linear3,,45
p1493,,,op7,op6,1,const,,55
p1493,,,op8,op7,15,linear3,,37.5
p1493,,,op9,op8,5,linear3,,45
p1494,1294.4180000000001,BATCH_PIPELINE,op1,,1,const,,55
p1494,,,op2,op1,15,linear3,,37.5
p1494,,,op3,op2,2,sqrt,,55
p1494,,,op4,op3,15,linear3,,37.5
p1495,1294.4180000000001,BATCH_PIPELINE,op1,,1,const,,55
p1495,,,op2,op1,1,const,,55
p1495,,,op3,op2,2,sqrt,,55
p1495,,,op4,op3,80,squared,,10
p1495,,,op5,op4,40,linear7,,20
p1495,,,op6,op5,20,linear7,,30
p1495,,,op7,op6,40,linear7,,20
p1495,,,op8,op7,1,const,,55
p1496,1294.4180000000001,INTERACTIVE,op1,,1,const,,55
p1496,,,op2,op1,80,squared,,10
p1496,,,op3,op2,15,linear3,,37.5
p1496,,,op4,op3,1,const,,55
p1496,,,op5,op4,20,linear7,,30
p1496,,,op6,op5,5,linear3,,45
p1496,,,op7,op6,40,linear7,,20
p1496,,,op8,op7,20,linear7,,30
p1496,,,op9,op8,5,linear3,,45
p1496,,,op10,op9,80,squared,,10
p1497,1294.4180000000001,BATCH_PIPELINE,op1,,1,const,,55
p1497,,,op2,op1,20,linear7,,30
p1497,,,op3,op2,5,linear3,,45
p1497,,,op4,op3,5,linear3,,45
p1497,,,op5,op4,15,linear3,,37.5
p1497,,,op6,op5,2,sqrt,,55
p1498,1294.4180000000001,INTERACTIVE,op1,,1,const,,55
p1498,,,op2,op1,2,sqrt,,55
p1498,,,op3,op2,1,const,,55
p1498,,,op4,op3,1,const,,55
p1498,,,op5,op4,20,linear7,,30
p1498,,,op6,op5,15,linear3,,37.5
p1498,,,op7,op6,15,linear3,,37.5
p1498,,,op8,op7,1,const,,55
p1499,1294.4180000000001,BATCH_PIPELINE,op1,,1,const,,55
p1499,,,op2,,20,linear7,,30
p1499,,,op3,,40,linear7,,20
p1499,,,op4,,5,linear3,,45
p1499,,,op5,,1,const,,55
p1499,,,op6,,2,sqrt,,55
p1499,,,op7,,15,linear3,,37.5
p1499,,,op8,op1;op2;op3;op4;op5;op6;op7,2,sqrt,,55
p1500,1294.4180000000001,BATCH_PIPELINE,op1,,1,const,,55
p1500,,,op2,,5,linear3,,45
p1500,,,op3,,15,linear3,,37.5
p1500,,,op4,,1,const,,55
p1500,,,op5,,40,linear7,,20
p1500,,,op6,,20,linear7,,30
p1500,,,op7,,20,linear7,,30
p1500,,,op8,op1;op2;op3;op4;op5;op6;op7,40,linear7,,20
p1501,1302.457,BATCH_PIPELINE,op1,,1,const,,55
p1501,,,op2,op1,1,const,,55
p1501,,,op3,op2,20,linear7,,30
p1501,,,op4,op3,5,linear3,,45
p1501,,,op5,op4,20,linear7,,30
p1501,,,op6,op5,20,linear7,,30
p1501,,,op7,op6,1,const,,55
p1501,,,op8,op7,15,linear3,,37.5
p1501,,,op9,op8,15,linear3,,37.5
p1501,,,op10,op9,15,linear3,,37.5
p1501,,,op11,op10,20,linear7,,30
p1502,1302.457,BATCH_PIPELINE,op1,,1,const,,55
p1502,,,op2,op1,40,linear7,,20
p1502,,,op3,op2,80,squared,,10
p1502,,,op4,op3,40,linear7,,20
p1502,,,op5,op4,15,linear3,,37.5
p1502,,,op6,op5,20,linear7,,30
p1502,,,op7,op6,15,linear3,,37.5
p1502,,,op8,op7,15,linear3,,37.5
p1503,1302.457,BATCH_PIPELINE,op1,,1,const,,55
p1503,,,op2,,5,linear3,,45
p1503,,,op3,,1,const,,55
p1503,,,op4,,5,linear3,,45
p1503,,,op5,,5,linear3,,45
p1503,,,op6,op1;op2;op3;op4;op5,20,linear7,,30
p1504,1302.457,QUERY,op1,,15,linear3,,35
p1505,1302.457,BATCH_PIPELINE,op1,,1,const,,55
p1505,,,op2,op1,80,squared,,10
p1505,,,op3,op2,15,linear3,,37.5
p1505,,,op4,op3,15,linear3,,37.5
p1505,,,op5,op4,20,linear7,,30
p1505,,,op6,op5,5,linear3,,45
p1505,,,op7,op6,15,linear3,,37.5
p1505,,,op8,op7,5,linear3,,45
p1505,,,op9,op8,1,const,,55
p1505,,,op10,op9,15,linear3,,37.5
p1506,1302.457,QUERY,op1,,15,linear3,,35
p1507,1302.457,BATCH_PIPELINE,op1,,1,const,,55
p1507,,,op2,op1,2,sqrt,,55
p1507,,,op3,op2,5,linear3,,45
p1507,,,op4,op3,2,sqrt,,55
p1507,,,op5,op4,2,sqrt,,55
p1507,,,op6,op5,5,linear3,,45
p1507,,,op7,op6,5,linear3,,45
p1507,,,op8,op7,20,linear7,,30
p1508,1302.457,BATCH_PIPELINE,op1,,1,const,,55
p1508,,,op2,op1,40,linear7,,20
p1508,,,op3,op1,2,sqrt,,55
p1508,,,op4,op1,40,linear7,,20
p1508,,,op5,op1,15,linear3,,37.5
p1509,1302.457,BATCH_PIPELINE,op1,,1,const,,55
p1509,,,op2,op1,20,linear7,,30
p1509,,,op3,op2,15,linear3,,37.5
p1509,,,op4,op3,5,linear3,,45
p1509,,,op5,op4,1,const,,55
p1509,,,op6,op5,20,linear7,,30
p1509,,,op7,op6,5,linear3,,45
p1509,,,op8,op7,20,linear7,,30
p1510,1302.457,INTERACTIVE,op1,,1,const,,55
p1510,,,op2,op1,20,linear7,,30
p1510,,,op3,op2,15,linear3,,37.5
p1510,,,op4,op3,15,linear3,,37.5
p1510,,,op5,op4,80,squared,,10
p1510,,,op6,op5,5,linear3,,45
p1510,,,op7,op6,5,linear3,,45
p1511,1308.673,BATCH_PIPELINE,op1,,1,const,,55
p1511,,,op2,,5,linear3,,45
p1511,,,op3,,15,linear3,,37.5
p1511,,,op4,,1,const,,55
p1511,,,op5,,1,const,,55
p1511,,,op6,op1;op2;op3;op4;op5,20,linear7,,30
p1512,1308.673,BATCH_PIPELINE,op1,,1,const,,55
p1512,,,op2,op1,5,linear3,,45
p1512,,,op3,op2,40,linear7,,20
p1512,,,op4,op3,15,linear3,,37.5
p1512,,,op5,op4,80,squared,,10
p1512,,,op6,op5,5,linear3,,45
p1512,,,op7,op6,1,const,,55
p1512,,,op8,op7,15,linear3,,37.5
p1512,,,op9,op8,80,squared,,10
p1513,1308.673,BATCH_PIPELINE,op1,,1,const,,55
p1513,,,op2,op1,40,linear7,,20
p1513,,,op3,op1,15,linear3,,37.5
p1513,,,op4,op1,80,squared,,10
p1513,,,op5,op1,5,linear3,,45
p1513,,,op6,op1,40,linear7,,20
p1514,1308.673,BATCH_PIPELINE,op1,,1,const,,55
p1514,,,op2,op1,40,linear7,,20
p1514,,,op3,op2,15,linear3,,37.5
p1514,,,op4,op3,15,linear3,,37.5
p1514,,,op5,op4,1,const,,55
p1514,,,op6,op5,20,linear7,,30
p1515,1308.673,BATCH_PIPELINE,op1,,1,const,,55
p1515,,,op2,op1,5,linear3,,45
p1515,,,op3,op2,5,linear3,,45
p1515,,,op4,op3,5,linear3,,45
p1515,,,op5,op4,5,linear3,,45
p1515,,,op6,op5,80,squared,,10
p1515,,,op7,op6,40,linear7,,20
p1516,1308.673,BATCH_PIPELINE,op1,,1,const,,55
p1516,,,op2,op1,15,linear3,,37.5
p1516,,,op3,op2,20,linear7,,30
p1516,,,op4,op3,1,const,,55
p1516,,,op5,op4,5,linear3,,45
p1516,,,op6,op5,5,linear3,,45
p1516,,,op7,op6,15,linear3,,37.5
p1516,,,op8,op7,15,linear3,,37.5
p1516,,,op9,op8,15,linear3,,37.5
p1516,,,op10,op9,5,linear3,,45
p1516,,,op11,op10,40,linear7,,20
p1516,,,op12,op11,15,linear3,,37.5
p1517,1308.673,BATCH_PIPELINE,op1,,1,const,,55
p1517,,,op2,op1,15,linear3,,37.5
p1517,,,op3,op2,5,linear3,,45
p1517,,,op4,op3,1,const,,55
p1517,,,op5,op4,1,const,,55
p1517,,,op6,op5,5,linear3,,45
p1517,,,op7,op6,5,linear3,,45
p1517,,,op8,op7,5,linear3,,45
p1518,1308.673,BATCH_PIPELINE,op1,,1,const,,55
p1518,,,op2,op1,20,linear7,,30
p1518,,,op3,op2,40,linear7,,20
p1518,,,op4,op3,1,const,,55
p1518,,,op5,op4,15,linear3,,37.5
p1518,,,op6,op5,1,const,,55
p1519,1308.673,INTERACTIVE,op1,,1,const,,55
p1519,,,op2,op1,5,linear3,,45
p1519,,,op3,op2,2,sqrt,,55
p1519,,,op4,op3,15,linear3,,37.5
p1519,,,op5,op4,15,linear3,,37.5
p1519,,,op6,op5,5,linear3,,45
p1520,1308.673,BATCH_PIPELINE,op1,,1,const,,55
p1520,,,op2,op1,5,linear3,,45
p1520,,,op3,op2,20,linear7,,30
p1520,,,op4,op3,40,linear7,,20
p1520,,,op5,op4,80,squared,,10
p1520,,,op6,op5,2,sqrt,,55
p1520,,,op7,op6,40,linear7,,20
p1521,1318.91,BATCH_PIPELINE,op1,,1,const,,55
p1521,,,op2,op1,40,linear7,,20
p1521,,,op3,op2,40,linear7,,20
p1521,,,op4,op3,80,squared,,10
p1521,,,op5,op4,15,linear3,,37.5
p1521,,,op6,op5,5,linear3,,45
p1521,,,op7,op6,1,const,,55
p1522,1318.91,BATCH_PIPELINE,op1,,1,const,,55
p1522,,,op2,op1,20,linear7,,30
p1522,,,op3,op2,1,const,,55
p1522,,,op4,op3,5,linear3,,45
p1522,,,op5,op4,5,linear3,,45
p1522,,,op6,op5,40,linear7,,20
p1522,,,op7,op6,2,sqrt,,55
p1523,1318.91,BATCH_PIPELINE,op1,,1,const,,55
p1523,,,op2,,20,linear7,,30
p1523,,,op3,,15,linear3,,37.5
p1523,,,op4,,1,const,,55
p1523,,,op5,,5,linear3,,45
p1523,,,op6,,15,linear3,,37.5
p1523,,,op7,,15,linear3,,37.5
p1523,,,op8,op1;op2;op3;op4;op5;op6;op7,2,sqrt,,55
p1524,1318.91,BATCH_PIPELINE,op1,,1,const,,55
p1524,,,op2,op1,5,linear3,,45
p1524,,,op3,op2,80,squared,,10
p1524,,,op4,op3,20,linear7,,30
p1524,,,op5,op4,40,linear7,,20
p1524,,,op6,op5,2,sqrt,,55
p1524,,,op7,op6,2,sqrt,,55
p1524,,,op8,op7,2,sqrt,,55
p1525,1318.91,BATCH_PIPELINE,op1,,1,const,,55
p1525,,,op2,op1,5,linear3,,45
p1525,,,op3,op2,2,sqrt,,55
p1525,,,op4,op3,5,linear3,,45
p1525,,,op5,op4,40,linear7,,20
p1525,,,op6,op5,1,const,,55
p1525,,,op7,op6,15,linear3,,37.5
p1526,1318.91,BATCH_PIPELINE,op1,,1,const,,55
p1526,,,op2,,40,linear7,,20
p1526,,,op3,,2,sqrt,,55
p1526,,,op4,,15,linear3,,37.5
p1526,,,op5,,2,sqrt,,55
p1526,,,op6,,1,const,,55
p1526,,,op7,op1;op2;op3;op4;op5;op6,5,linear3,,45
p1527,1318.91,BATCH_PIPELINE,op1,,1,const,,55
p1527,,,op2,op1,80,squared,,10
p1527,,,op3,op2,15,linear3,,37.5
p1527,,,op4,op3,40,linear7,,20
p1527,,,op5,op4,15,linear3,,37.5
p1527,,,op6,op5,5,linear3,,45
p1527,,,op7,op6,1,const,,55
p1528,1318.91,BATCH_PIPELINE,op1,,1,const,,55
p1528,,,op2,,20,linear7,,30
p1528,,,op3,,2,sqrt,,55
p1528,,,op4,,15,linear3,,37.5
p1528,,,op5,op1;op2;op3;op4,80,squared,,10
p1529,1318.91,BATCH_PIPELINE,op1,,1,const,,55
p1529,,,op2,op1,15,linear3,,37.5
p1529,,,op3,op1,5,linear3,,45
p1529,,,op4,op1,40,linear7,,20
p1529,,,op5,op1,20,linear7,,30
p1529,,,op6,op1,1,const,,55
p1530,1318.91,BATCH_PIPELINE,op1,,1,const,,55
p1530,,,op2,op1,15,linear3,,37.5
p1530,,,op3,op2,40,linear7,,20
p1530,,,op4,op3,40,linear7,,20
p1530,,,op5,op4,2,sqrt,,55
p1530,,,op6,op5,15,linear3,,37.5
p1530,,,op7,op6,5,linear3,,45
p1531,1324.126,BATCH_PIPELINE,op1,,1,const,,55
p1531,,,op2,,15,linear3,,37.5
p1531,,,op3,,15,linear3,,37.5
p1531,,,op4,,15,linear3,,37.5
p1531,,,op5,,2,sqrt,,55
p1531,,,op6,,1,const,,55
p1531,,,op7,,1,const,,55
p1531,,,op8,,40,linear7,,20
p1531,,,op9,,2,sqrt,,55
p1531,,,op10,,5,linear3,,45
p1531,,,op11,op1;op2;op3;op4;op5;op6;op7;op8;op9;op10,80,squared,,10
p1532,1324.126,BATCH_PIPELINE,op1,,1,const,,55
p1532,,,op2,,40,linear7,,20
p1532,,,op3,,1,const,,55
p1532,,,op4,,2,sqrt,,55
p1532,,,op5,,15,linear3,,37.5
p1532,,,op6,,80,squared,,10
p1532,,,op7,,2,sqrt,,55
p1532,,,op8,op1;op2;op3;op4;op5;op6;op7,5,linear3,,45
p1533,1324.126,QUERY,op1,,15,linear3,,35
p1534,1324.126,BATCH_PIPELINE,op1,,1,const,,55
p1534,,,op2,op1,5,linear3,,45
p1534,,,op3,op1,15,linear3,,37.5
p1534,,,op4,op1,40,linear7,,20
p1534,,,op5,op1,5,linear3,,45
p1534,,,op6,op1,15,linear3,,37.5
p1534,,,op7,op1,2,sqrt,,55
p1534,,,op8,op1,80,squared,,10
p1534,,,op9,op1,15,linear3,,37.5
p1535,1324.126,BATCH_PIPELINE,op1,,1,const,,55
p1535,,,op2,op1,1,const,,55
p1535,,,op3,op2,1,const,,55
p1535,,,op4,op3,40,linear7,,20
p1535,,,op5,op4,15,linear3,,37.5
p1535,,,op6,op5,15,linear3,,37.5
p1535,,,op7,op6,1,const,,55
p1535,,,op8,op7,2,sqrt,,55
p1536,1324.126,BATCH_PIPELINE,op1,,1,const,,55
p1536,,,op2,op1,20,linear7,,30
p1536,,,op3,op2,15,linear3,,37.5
p1536,,,op4,op3,5,linear3,,45
p1536,,,op5,op4,80,squared,,10
p1536,,,op6,op5,5,linear3,,45
p1536,,,op7,op6,40,linear7,,20
p1536,,,op8,op7,15,linear3,,37.5
p1536,,,op9,op8,15,linear3,,37.5
p1536,,,op10,op9,40,linear7,,20
p1536,,,op11,op10,15,linear3,,37.5
p1537,1324.126,QUERY,op1,,15,linear3,,35
p1538,1324.126,INTERACTIVE,op1,,1,const,,55
p1538,,,op2,op1,1,const,,55
p1538,,,op3,op2,20,linear7,,30
p1538,,,op4,op3,20,linear7,,30
p1538,,,op5,op4,15,linear3,,37.5
p1538,,,op6,op5,20,linear7,,30
p1538,,,op7,op6,20,linear7,,30
p1538,,,op8,op7,20,linear7,,30
p1538,,,op9,op8,15,linear3,,37.5
p1538,,,op10,op9,80,squared,,10
p1539,1324.126,BATCH_PIPELINE,op1,,1,const,,55
p1539,,,op2,op1,40,linear7,,20
p1539,,,op3,op1,40,linear7,,20
p1539,,,op4,op1,5,linear3,,45
p1539,,,op5,op1,40,linear7,,20
p1539,,,op6,op1,15,linear3,,37.5
p1539,,,op7,op1,80,squared,,10
p1539,,,op8,op1,40,linear7,,20
p1539,,,op9,op1,2,sqrt,,55
p1540,1324.126,BATCH_PIPELINE,op1,,1,const,,55
p1540,,,op2,op1,2,sqrt,,55
p1540,,,op3,op2,80,squared,,10
p1541,1333.695,BATCH_PIPELINE,op1,,1,const,,55
p1541,,,op2,op1,5,linear3,,45
p1541,,,op3,op2,5,linear3,,45
p1541,,,op4,op3,2,sqrt,,55
p1541,,,op5,op4,15,linear3,,37.5
p1541,,,op6,op5,15,linear3,,37.5
p1541,,,op7,op6,2,sqrt,,55
p1542,1333.695,BATCH_PIPELINE,op1,,1,const,,55
p1542,,,op2,op1,20,linear7,,30
p1542,,,op3,op2,20,linear7,,30
p1542,,,op4,op3,80,squared,,10
p1542,,,op5,op4,40,linear7,,20
p1542,,,op6,op5,80,squared,,10
p1542,,,op7,op6,80,squared,,10
p1542,,,op8,op7,1,const,,55
p1543,1333.695,BATCH_PIPELINE,op1,,1,const,,55
p1543,,,op2,,15,linear3,,37.5
p1543,,,op3,,20,linear7,,30
p1543,,,op4,,5,linear3,,45
p1543,,,op5,,2,sqrt,,55
p1543,,,op6,,5,linear3,,45
p1543,,,op7,op1;op2;op3;op4;op5;op6,5,linear3,,45
p1544,1333.695,BATCH_PIPELINE,op1,,1,const,,55
p1544,,,op2,op1,20,linear7,,30
p1544,,,op3,op2,5,linear3,,45
p1544,,,op4,op3,40,linear7,,20
p1544,,,op5,op4,2,sqrt,,55
p1544,,,op6,op5,1,const,,55
p1544,,,op7,op6,15,linear3,,37.5
p1545,1333.695,BATCH_PIPELINE,op1,,1,const,,55
p1545,,,op2,op1,80,squared,,10
p1545,,,op3,op1,2,sqrt,,55
p1545,,,op4,op1,80,squared,,10
p1545,,,op5,op1,1,const,,55
p1545,,,op6,op1,40,linear7,,20
p1546,1333.695,INTERACTIVE,op1,,1,const,,55
p1546,,,op2,op1,15,linear3,,37.5
p1546,,,op3,op2,2,sqrt,,55
p1546,,,op4,op3,15,linear3,,37.5
p1546,,,op5,op4,80,squared,,10
p1546,,,op6,op5,15,linear3,,37.5
p1546,,,op7,op6,80,squared,,10
p1546,,,op8,op7,5,linear3,,45
p1546,,,op9,op8,80,squared,,10
p1547,1333.695,BATCH_PIPELINE,op1,,1,const,,55
p1547,,,op2,,80,squared,,10
p1547,,,op3,,15,linear3,,37.5
p1547,,,op4,,1,const,,55
p1547,,,op5,,1,const,,55
p1547,,,op6,,2,sqrt,,55
p1547,,,op7,op1;op2;op3;op4;op5;op6,40,linear7,,20
p1548,1333.695,BATCH_PIPELINE,op1,,1,const,,55
p1548,,,op2,op1,20,linear7,,30
p1548,,,op3,op2,1,const,,55
p1548,,,op4,op3,20,linear7,,30
p1548,,,op5,op4,15,linear3,,37.5
p1548,,,op6,op5,5,linear3,,45
p1548,,,op7,op6,15,linear3,,37.5
p1549,1333.695,BATCH_PIPELINE,op1,,1,const,,55
p1549,,,op2,op1,20,linear7,,30
p1549,,,op3,op2,40,linear7,,20
p1549,,,op4,op3,15,linear3,,37.5
p1549,,,op5,op4,20,linear7,,30
p1549,,,op6,op5,5,linear3,,45
p1549,,,op7,op6,20,linear7,,30
p1549,,,op8,op7,15,linear3,,37.5
p1550,1333.695,BATCH_PIPELINE,op1,,1,const,,55
p1550,,,op2,op1,15,linear3,,37.5
p1550,,,op3,op2,5,linear3,,45
p1550,,,op4,op3,5,linear3,,45
p1550,,,op5,op4,15,linear3,,37.5
p1550,,,op6,op5,2,sqrt,,55
p1550,,,op7,op6,20,linear7,,30
p1550,,,op8,op7,15,linear3,,37.5
p1550,,,op9,op8,2,sqrt,,55
p1551,1345.7060000000001,QUERY,op1,,15,linear3,,35
p1552,1345.7060000000001,BATCH_PIPELINE,op1,,1,const,,55
p1552,,,op2,op1,20,linear7,,30
p1552,,,op3,op1,5,linear3,,45
p1552,,,op4,op1,1,const,,55
p1552,,,op5,op1,15,linear3,,37.5
p1552,,,op6,op1,40,linear7,,20
p1552,,,op7,op1,15,linear3,,37.5
p1552,,,op8,op1,1,const,,55
p1552,,,op9,op1,20,linear7,,30
p1552,,,op10,op1,40,linear7,,20
p1553,1345.7060000000001,BATCH_PIPELINE,op1,,1,const,,55
p1553,,,op2,op1,2,sqrt,,55
p1553,,,op3,op2,40,linear7,,20
p1553,,,op4,op3,1,const,,55
p1553,,,op5,op4,15,linear3,,37.5
p1553,,,op6,op5,5,linear3,,45
p1553,,,op7,op6,2,sqrt,,55
p1553,,,op8,op7,15,linear3,,37.5
p1553,,,op9,op8,40,linear7,,20
p1554,1345.7060000000001,BATCH_PIPELINE,op1,,1,const,,55
p1554,,,op2,op1,1,const,,55
p1554,,,op3,op2,15,linear3,,37.5
p1554,,,op4,op3,15,linear3,,37.5
p1554,,,op5,op4,5,linear3,,45
p1554,,,op6,op5,80,squared,,10
p1554,,,op7,op6,15,linear3,,37.5
p1554,,,op8,op7,20,linear7,,30
p1554,,,op9,op8,40,linear7,,20
p1555,1345.7060000000001,QUERY,op1,,15,linear3,,35
p1556,1345.7060000000001,BATCH_PIPELINE,op1,,1,const,,55
p1556,,,op2,,2,sqrt,,55
p1556,,,op3,,80,squared,,10
p1556,,,op4,,20,linear7,,30
p1556,,,op5,,5,linear3,,45
p1556,,,op6,op1;op2;op3;op4;op5,2,sqrt,,55
p1557,1345.7060000000001,BATCH_PIPELINE,op1,,1,const,,55
p1557,,,op2,,15,linear3,,37.5
p1557,,,op3,,20,linear7,,30
p1557,,,op4,,15,linear3,,37.5
p1557,,,op5,,2,sqrt,,55
p1557,,,op6,,5,linear3,,45
p1557,,,op7,,1,const,,55
p1557,,,op8,op1;op2;op3;op4;op5;op6;op7,20,linear7,,30
p1558,1345.7060000000001,BATCH_PIPELINE,op1,,1,const,,55
p1558,,,op2,op1,5,linear3,,45
p1558,,,op3,op2,80,squared,,10
p1558,,,op4,op3,20,linear7,,30
p1558,,,op5,op4,40,linear7,,20
p1558,,,op6,op5,80,squared,,10
p1558,,,op7,op6,5,linear3,,45
p1558,,,op8,op7,15,linear3,,37.5
p1558,,,op9,op8,20,linear7,,30
p1559,1345.7060000000001,INTERACTIVE,op1,,1,const,,55
p1559,,,op2,op1,15,linear3,,37.5
p1559,,,op3,op2,5,linear3,,45
p1559,,,op4,op3,1,const,,55
p1559,,,op5,op4,15,linear3,,37.5
p1560,1345.7060000000001,INTERACTIVE,op1,,1,const,,55
p1560,,,op2,op1,20,linear7,,30
p1560,,,op3,op2,5,linear3,,45
p1560,,,op4,op3,20,linear7,,30
p1560,,,op5,op4,15,linear3,,37.5
p1560,,,op6,op5,15,linear3,,37.5
p1560,,,op7,op6,2,sqrt,,55
p1560,,,op8,op7,5,linear3,,45
p1560,,,op9,op8,15,linear3,,37.5
p1560,,,op10,op9,40,linear7,,20
p1561,1355.856,BATCH_PIPELINE,op1,,1,const,,55
p1561,,,op2,op1,5,linear3,,45
p1561,,,op3,op2,2,sqrt,,55
p1561,,,op4,op3,5,linear3,,45
p1561,,,op5,op4,2,sqrt,,55
p1561,,,op6,op5,1,const,,55
p1561,,,op7,op6,2,sqrt,,55
p1561,,,op8,op7,80,squared,,10
p1561,,,op9,op8,15,linear3,,37.5
p1562,1355.856,BATCH_PIPELINE,op1,,1,const,,55
p1562,,,op2,op1,15,linear3,,37.5
p1562,,,op3,op1,40,linear7,,20
p1562,,,op4,op1,5,linear3,,45
p1562,,,op5,op1,1,const,,55
p1562,,,op6,op1,5,linear3,,45
p1562,,,op7,op1,40,linear7,,20
p1562,,,op8,op1,15,linear3,,37.5
p1563,1355.856,BATCH_PIPELINE,op1,,1,const,,55
p1563,,,op2,op1,5,linear3,,45
p1563,,,op3,op2,2,sqrt,,55
p1563,,,op4,op3,2,sqrt,,55
p1563,,,op5,op4,5,linear3,,45
p1563,,,op6,op5,20,linear7,,30
p1563,,,op7,op6,40,linear7,,20
p1563,,,op8,op7,5,linear3,,45
p1563,,,op9,op8,2,sqrt,,55
p1563,,,op10,op9,20,linear7,,30
p1563,,,op11,op10,20,linear7,,30
p1563,,,op12,op11,15,linear3,,37.5
p1564,1355.856,BATCH_PIPELINE,op1,,1,const,,55
p1564,,,op2,op1,5,linear3,,45
p1564,,,op3,op2,40,linear7,,20
p1564,,,op4,op3,80,squared,,10
p1564,,,op5,op4,15,linear3,,37.5
p1564,,,op6,op5,15,linear3,,37.5
p1564,,,op7,op6,15,linear3,,37.5
p1565,1355.856,INTERACTIVE,op1,,1,const,,55
p1565,,,op2,,5,linear3,,45
p1565,,,op3,,40,linear7,,20
p1565,,,op4,,15,linear3,,37.5
p1565,,,op5,,2,sqrt,,55
p1565,,,op6,,20,linear7,,30
p1565,,,op7,,20,linear7,,30
p1565,,,op8,,40,linear7,,20
p1565,,,op9,op1;op2;op3;op4;op5;op6;op7;op8,40,linear7,,20
p1566,1355.856,BATCH_PIPELINE,op1,,1,const,,55
p1566,,,op2,op1,15,linear3,,37.5
p1566,,,op3,op1,20,linear7,,30
p1566,,,op4,op1,15,linear3,,37.5
p1566,,,op5,op1,15,linear3,,37.5
p1566,,,op6,op1,40,linear7,,20
p1566,,,op7,op1,2,sqrt,,55
p1567,1355.856,INTERACTIVE,op1,,1,const,,55
p1567,,,op2,op1,15,linear3,,37.5
p1567,,,op3,op2,40,linear7,,20
p1567,,,op4,op3,5,linear3,,45
p1567,,,op5,op4,1,const,,55
p1567,,,op6,op5,2,sqrt,,55
p1567,,,op7,op6,20,linear7,,30
p1567,,,op8,op7,1,const,,55
p1567,,,op9,op8,1,const,,55
p1568,1355.856,QUERY,op1,,15,linear3,,35
p1569,1355.856,BATCH_PIPELINE,op1,,1,const,,55
p1569,,,op2,op1,1,const,,55
p1569,,,op3,op2,20,linear7,,30
p1569,,,op4,op3,2,sqrt,,55
p1569,,,op5,op4,5,linear3,,45
p1569,,,op6,op5,15,linear3,,37.5
p1570,1355.856,BATCH_PIPELINE,op1,,1,const,,55
p1570,,,op2,op1,15,linear3,,37.5
p1570,,,op3,op2,15,linear3,,37.5
p1570,,,op4,op3,5,linear3,,45
p1570,,,op5,op4,2,sqrt,,55
p1570,,,op6,op5,15,linear3,,37.5
p1571,1365.938,BATCH_PIPELINE,op1,,1,const,,55
p1571,,,op2,op1,5,linear3,,45
p1571,,,op3,op1,20,linear7,,30
p1571,,,op4,op1,15,linear3,,37.5
p1571,,,op5,op1,15,linear3,,37.5
p1571,,,op6,op1,40,linear7,,20
p1571,,,op7,op1,2,sqrt,,55
p1571,,,op8,op1,15,linear3,,37.5
p1571,,,op9,op1,40,linear7,,20
p1571,,,op10,op1,15,linear3,,37.5
p1571,,,op11,op1,5,linear3,,45
p1572,1365.938,BATCH_PIPELINE,op1,,1,const,,55
p1572,,,op2,,15,linear3,,37.5
p1572,,,op3,op1;op2,5,linear3,,45
p1573,1365.938,BATCH_PIPELINE,op1,,1,const,,55
p1573,,,op2,op1,2,sqrt,,55
p1573,,,op3,op2,1,const,,55
p1573,,,op4,op3,1,const,,55
p1573,,,op5,op4,1,const,,55
p1573,,,op6,op5,40,linear7,,20
p1574,1365.938,BATCH_PIPELINE,op1,,1,const,,55
p1574,,,op2,,15,linear3,,37.5
p1574,,,op3,,5,linear3,,45
p1574,,,op4,,15,linear3,,37.5
p1574,,,op5,,5,linear3,,45
p1574,,,op6,,40,linear7,,20
p1574,,,op7,,80,squared,,10
p1574,,,op8,,80,squared,,10
p1574,,,op9,op1;op2;op3;op4;op5;op6;op7;op8,1,const,,55
p1575,1365.938,BATCH_PIPELINE,op1,,1,const,,55
p1575,,,op2,op1,1,const,,55
p1575,,,op3,op2,1,const,,55
p1575,,,op4,op3,40,linear7,,20
p1575,,,op5,op4,5,linear3,,45
p1575,,,op6,op5,1,const,,55
p1575,,,op7,op6,1,const,,55
p1575,,,op8,op7,15,linear3,,37.5
p1576,1365.938,BATCH_PIPELINE,op1,,1,const,,55
p1576,,,op2,op1,1,const,,55
p1576,,,op3,op2,80,squared,,10
p1576,,,op4,op3,15,linear3,,37.5
p1576,,,op5,op4,5,linear3,,45
p1576,,,op6,op5,5,linear3,,45
p1576,,,op7,op6,80,squared,,10
p1576,,,op8,op7,20,linear7,,30
p1577,1365.938,BATCH_PIPELINE,op1,,1,const,,55
p1577,,,op2,op1,20,linear7,,30
p1577,,,op3,op2,5,linear3,,45
p1577,,,op4,op3,15,linear3,,37.5
p1577,,,op5,op4,5,linear3,,45
p1577,,,op6,op5,15,linear3,,37.5
p1578,1365.938,BATCH_PIPELINE,op1,,1,const,,55
p1578,,,op2,op1,5,linear3,,45
p1578,,,op3,op2,20,linear7,,30
p1578,,,op4,op3,5,linear3,,45
p1578,,,op5,op4,2,sqrt,,55
p1578,,,op6,op5,20,linear7,,30
p1578,,,op7,op6,20,linear7,,30
p1578,,,op8,op7,5,linear3,,45
p1578,,,op9,op8,5,linear3,,45
p1579,1365.938,BATCH_PIPELINE,op1,,1,const,,55
p1579,,,op2,op1,15,linear3,,37.5
p1579,,,op3,op1,15,linear3,,37.5
p1579,,,op4,op1,2,sqrt,,55
p1579,,,op5,op1,20,linear7,,30
p1579,,,op6,op1,2,sqrt,,55
p1580,1365.938,BATCH_PIPELINE,op1,,1,const,,55
p1580,,,op2,,1,const,,55
p1580,,,op3,,5,linear3,,45
p1580,,,op4,,15,linear3,,37.5
p1580,,,op5,,5,linear3,,45
p1580,,,op6,,15,linear3,,37.5
p1580,,,op7,,1,const,,55
p1580,,,op8,,1,const,,55
p1580,,,op9,op1;op2;op3;op4;op5;op6;op7;op8,2,sqrt,,55
p1581,1375.574,INTERACTIVE,op1,,1,const,,55
p1581,,,op2,op1,15,linear3,,37.5
p1581,,,op3,op2,80,squared,,10
p1581,,,op4,op3,15,linear3,,37.5
p1581,,,op5,op4,15,linear3,,37.5
p1581,,,op6,op5,40,linear7,,20
p1582,1375.574,BATCH_PIPELINE,op1,,1,const,,55
p1582,,,op2,op1,20,linear7,,30
p1582,,,op3,op1,15,linear3,,37.5
p1582,,,op4,op1,5,linear3,,45
p1582,,,op5,op1,5,linear3,,45
p1582,,,op6,op1,40,linear7,,20
p1582,,,op7,op1,5,linear3,,45
p1583,1375.574,INTERACTIVE,op1,,1,const,,55
p1583,,,op2,op1,20,linear7,,30
p1583,,,op3,op2,2,sqrt,,55
p1583,,,op4,op3,20,linear7,,30
p1583,,,op5,op4,5,linear3,,45
p1584,1375.574,BATCH_PIPELINE,op1,,1,const,,55
p1584,,,op2,op1,40,linear7,,20
p1584,,,op3,op1,20,linear7,,30
p1584,,,op4,op1,1,const,,55
p1584,,,op5,op1,2,sqrt,,55
p1584,,,op6,op1,15,linear3,,37.5
p1584,,,op7,op1,15,linear3,,37.5
p1585,1375.574,BATCH_PIPELINE,op1,,1,const,,55
p1585,,,op2,op1,2,sqrt,,55
p1585,,,op3,op2,2,sqrt,,55
p1585,,,op4,op3,5,linear3,,45
p1585,,,op5,op4,5,linear3,,45
p1585,,,op6,op5,40,linear7,,20
p1585,,,op7,op6,40,linear7,,20
p1585,,,op8,op7,15,linear3,,37.5
p1585,,,op9,op8,20,linear7,,30
p1585,,,op10,op9,20,linear7,,30
p1585,,,op11,op10,15,linear3,,37.5
p1586,1375.574,QUERY,op1,,15,linear3,,35
p1587,1375.574,INTERACTIVE,op1,,1,const,,55
p1587,,,op2,op1,5,linear3,,45
p1587,,,op3,op2,15,linear3,,37.5
p1587,,,op4,op3,5,linear3,,45
p1587,,,op5,op4,1,const,,55
p1587,,,op6,op5,20,linear7,,30
p1587,,,op7,op6,20,linear7,,30
p1587,,,op8,op7,1,const,,55
p1588,1375.574,INTERACTIVE,op1,,1,const,,55
p1588,,,op2,op1,2,sqrt,,55
p1588,,,op3,op2,1,const,,55
p1588,,,op4,op3,20,linear7,,30
p1588,,,op5,op4,1,const,,55
p1588,,,op6,op5,15,linear3,,37.5
p1588,,,op7,op6,5,linear3,,45
p1589,1375.574,INTERACTIVE,op1,,1,const,,55
p1589,,,op2,op1,1,const,,55
p1589,,,op3,op1,40,linear7,,20
p1589,,,op4,op1,1,const,,55
p1589,,,op5,op1,80,squared,,10
p1589,,,op6,op1,1,const,,55
p1589,,,op7,op1,80,squared,,10
p1589,,,op8,op1,5,linear3,,45
p1590,1375.574,INTERACTIVE,op1,,1,const,,55
p1590,,,op2,op1,5,linear3,,45
p1590,,,op3,op2,2,sqrt,,55
p1590,,,op4,op3,40,linear7,,20
p1590,,,op5,op4,5,linear3,,45
p1590,,,op6,op5,2,sqrt,,55
p1590,,,op7,op6,20,linear7,,30
p1590,,,op8,op7,2,sqrt,,55
p1590,,,op9,op8,5,linear3,,45
p1590,,,op10,op9,15,linear3,,37.5
p1591,1383.1290000000001,BATCH_PIPELINE,op1,,1,const,,55
p1591,,,op2,,5,linear3,,45
p1591,,,op3,,5,linear3,,45
p1591,,,op4,,20,linear7,,30
p1591,,,op5,,2,sqrt,,55
p1591,,,op6,,20,linear7,,30
p1591,,,op7,,15,linear3,,37.5
p1591,,,op8,,1,const,,55
p1591,,,op9,,80,squared,,10
p1591,,,op10,,80,squared,,10
p1591,,,op11,op1;op2;op3;op4;op5;op6;op7;op8;op9;op10,2,sqrt,,55
p1592,1383.1290000000001,BATCH_PIPELINE,op1,,1,const,,55
p1592,,,op2,,40,linear7,,20
p1592,,,op3,,5,linear3,,45
p1592,,,op4,,80,squared,,10
p1592,,,op5,,2,sqrt,,55
p1592,,,op6,,5,linear3,,45
p1592,,,op7,,40,linear7,,20
p1592,,,op8,op1;op2;op3;op4;op5;op6;op7,5,linear3,,45
p1593,1383.1290000000001,BATCH_PIPELINE,op1,,1,const,,55
p1593,,,op2,op1,1,const,,55
p1593,,,op3,op2,1,const,,55
p1593,,,op4,op3,20,linear7,,30
p1593,,,op5,op4,15,linear3,,37.5
p1593,,,op6,op5,40,linear7,,20
p1593,,,op7,op6,5,linear3,,45
p1593,,,op8,op7,1,const,,55
p1593,,,op9,op8,1,const,,55
p1593,,,op10,op9,80,squared,,10
p1594,1383.1290000000001,BATCH_PIPELINE,op1,,1,const,,55
p1594,,,op2,op1,1,const,,55
p1594,,,op3,op2,2,sqrt,,55
p1594,,,op4,op3,80,squared,,10
p1594,,,op5,op4,20,linear7,,30
p1594,,,op6,op5,2,sqrt,,55
p1594,,,op7,op6,1,const,,55
p1594,,,op8,op7,5,linear3,,45
p1595,1383.1290000000001,BATCH_PIPELINE,op1,,1,const,,55
p1595,,,op2,op1,1,const,,55
p1595,,,op3,op2,15,linear3,,37.5
p1595,,,op4,op3,15,linear3,,37.5
p1595,,,op5,op4,1,const,,55
p1595,,,op6,op5,20,linear7,,30
p1595,,,op7,op6,40,linear7,,20
p1595,,,op8,op7,15,linear3,,37.5
p1595,,,op9,op8,2,sqrt,,55
p1595,,,op10,op9,5,linear3,,45
p1595,,,op11,op10,1,const,,55
p1595,,,op12,op11,5,linear3,,45
p1596,1383.1290000000001,BATCH_PIPELINE,op1,,1,const,,55
p1596,,,op2,op1,20,linear7,,30
p1596,,,op3,op2,1,const,,55
p1596,,,op4,op3,1,const,,55
p1596,,,op5,op4,2,sqrt,,55
p1596,,,op6,op5,80,squared,,10
p1597,1383.1290000000001,BATCH_PIPELINE,op1,,1,const,,55
p1597,,,op2,op1,5,linear3,,45
p1597,,,op3,op2,1,const,,55
p1597,,,op4,op3,15,linear3,,37.5
p1597,,,op5,op4,5,linear3,,45
p1597,,,op6,op5,5,linear3,,45
p1597,,,op7,op6,80,squared,,10
p1597,,,op8,op7,5,linear3,,45
p1597,,,op9,op8,40,linear7,,20
p1597,,,op10,op9,1,const,,55
p1597,,,op11,op10,80,squared,,10
p1598,1383.1290000000001,BATCH_PIPELINE,op1,,1,const,,55
p1598,,,op2,op1,5,linear3,,45
p1598,,,op3,op2,20,linear7,,30
p1598,,,op4,op3,20,linear7,,30
p1598,,,op5,op4,2,sqrt,,55
p1598,,,op6,op5,2,sqrt,,55
p1598,,,op7,op6,15,linear3,,37.5
p1598,,,op8,op7,5,linear3,,45
p1598,,,op9,op8,40,linear7,,20
p1599,1383.1290000000001,BATCH_PIPELINE,op1,,1,const,,55
p1599,,,op2,op1,1,const,,55
p1599,,,op3,op1,2,sqrt,,55
p1599,,,op4,op1,15,linear3,,37.5
p1599,,,op5,op1,40,linear7,,20
p1599,,,op6,op1,15,linear3,,37.5
p1599,,,op7,op1,80,squared,,10
p1600,1383.1290000000001,BATCH_PIPELINE,op1,,1,const,,55
p1600,,,op2,,20,linear7,,30
p1600,,,op3,,5,linear3,,45
p1600,,,op4,,80,squared,,10
p1600,,,op5,,1,const,,55
p1600,,,op6,,15,linear3,,37.5
p1600,,,op7,op1;op2;op3;op4;op5;op6,20,linear7,,30
p1601,1391.424,BATCH_PIPELINE,op1,,1,const,,55
p1601,,,op2,op1,5,linear3,,45
p1601,,,op3,op2,2,sqrt,,55
p1601,,,op4,op3,40,linear7,,20
p1601,,,op5,op4,15,linear3,,37.5
p1601,,,op6,op5,40,linear7,,20
p1601,,,op7,op6,20,linear7,,30
p1602,1391.424,BATCH_PIPELINE,op1,,1,const,,55
p1602,,,op2,op1,20,linear7,,30
p1602,,,op3,op2,5,linear3,,45
p1602,,,op4,op3,5,linear3,,45
p1602,,,op5,op4,1,const,,55
p1602,,,op6,op5,5,linear3,,45
p1602,,,op7,op6,20,linear7,,30
p1602,,,op8,op7,15,linear3,,37.5
p1602,,,op9,op8,2,sqrt,,55
p1602,,,op10,op9,1,const,,55
p1603,1391.424,BATCH_PIPELINE,op1,,1,const,,55
p1603,,,op2,,20,linear7,,30
p1603,,,op3,,80,squared,,10
p1603,,,op4,,20,linear7,,30
p1603,,,op5,,1,const,,55
p1603,,,op6,,80,squared,,10
p1603,,,op7,,1,const,,55
p1603,,,op8,op1;op2;op3;op4;op5;op6;op7,5,linear3,,45
p1604,1391.424,BATCH_PIPELINE,op1,,1,const,,55
p1604,,,op2,op1,1,const,,55
p1604,,,op3,op2,15,linear3,,37.5
p1604,,,op4,op3,40,linear7,,20
p1604,,,op5,op4,2,sqrt,,55
p1604,,,op6,op5,1,const,,55
p1605,1391.424,BATCH_PIPELINE,op1,,1,const,,55
p1605,,,op2,op1,1,const,,55
p1605,,,op3,op2,20,linear7,,30
p1605,,,op4,op3,20,linear7,,30
p1605,,,op5,op4,2,sqrt,,55
p1605,,,op6,op5,2,sqrt,,55
p1605,,,op7,op6,15,linear3,,37.5
p1606,1391.424,BATCH_PIPELINE,op1,,1,const,,55
p1606,,,op2,op1,15,linear3,,37.5
p1606,,,op3,op2,1,const,,55
p1606,,,op4,op3,15,linear3,,37.5
p1606,,,op5,op4,5,linear3,,45
p1606,,,op6,op5,5,linear3,,45
p1606,,,op7,op6,20,linear7,,30
p1606,,,op8,op7,20,linear7,,30
p1607,1391.424,BATCH_PIPELINE,op1,,1,const,,55
p1607,,,op2,op1,40,linear7,,20
p1607,,,op3,op2,20,linear7,,30
p1607,,,op4,op3,15,linear3,,37.5
p1607,,,op5,op4,2,sqrt,,55
p1607,,,op6,op5,40,linear7,,20
p1607,,,op7,op6,15,linear3,,37.5
p1608,1391.424,BATCH_PIPELINE,op1,,1,const,,55
p1608,,,op2,op1,40,linear7,,20
p1608,,,op3,op2,20,linear7,,30
p1608,,,op4,op3,15,linear3,,37.5
p1608,,,op5,op4,15,linear3,,37.5
p1608,,,op6,op5,2,sqrt,,55
p1608,,,op7,op6,1,const,,55
p1609,1391.424,BATCH_PIPELINE,op1,,1,const,,55
p1609,,,op2,op1,15,linear3,,37.5
p1609,,,op3,op2,20,linear7,,30
p1609,,,op4,op3,5,linear3,,45
p1609,,,op5,op4,80,squared,,10
p1609,,,op6,op5,2,sqrt,,55
p1610,1391.424,BATCH_PIPELINE,op1,,1,const,,55
p1610,,,op2,,15,linear3,,37.5
p1610,,,op3,,15,linear3,,37.5
p1610,,,op4,,1,const,,55
p1610,,,op5,,2,sqrt,,55
p1610,,,op6,,40,linear7,,20
p1610,,,op7,op1;op2;op3;op4;op5;op6,1,const,,55
p1611,1403.4460000000001,BATCH_PIPELINE,op1,,1,const,,55
p1611,,,op2,op1,80,squared,,10
p1611,,,op3,op2,80,squared,,10
p1611,,,op4,op3,5,linear3,,45
p1611,,,op5,op4,15,linear3,,37.5
p1611,,,op6,op5,2,sqrt,,55
p1612,1403.4460000000001,QUERY,op1,,15,linear3,,35
p1613,1403.4460000000001,BATCH_PIPELINE,op1,,1,const,,55
p1613,,,op2,op1,15,linear3,,37.5
p1613,,,op3,op1,2,sqrt,,55
p1613,,,op4,op1,1,const,,55
p1613,,,op5,op1,15,linear3,,37.5
p1613,,,op6,op1,2,sqrt,,55
p1613,,,op7,op1,15,linear3,,37.5
p1614,1403.4460000000001,BATCH_PIPELINE,op1,,1,const,,55
p1614,,,op2,op1,15,linear3,,37.5
p1614,,,op3,op2,5,linear3,,45
p1614,,,op4,op3,80,squared,,10
p1614,,,op5,op4,15,linear3,,37.5
p1614,,,op6,op5,80,squared,,10
p1614,,,op7,op6,20,linear7,,30
p1614,,,op8,op7,80,squared,,10
p1614,,,op9,op8,5,linear3,,45
p1615,1403.4460000000001,BATCH_PIPELINE,op1,,1,const,,55
p1615,,,op2,op1,20,linear7,,30
p1615,,,op3,op1,5,linear3,,45
p1615,,,op4,op1,5,linear3,,45
p1615,,,op5,op1,40,linear7,,20
p1615,,,op6,op1,40,linear7,,20
p1615,,,op7,op1,5,linear3,,45
p1615,,,op8,op1,2,sqrt,,55
p1615,,,op9,op1,2,sqrt,,55
p1615,,,op10,op1,20,linear7,,30
p1616,1403.4460000000001,BATCH_PIPELINE,op1,,1,const,,55
p1616,,,op2,op1,5,linear3,,45
p1616,,,op3,op2,80,squared,,10
p1616,,,op4,op3,1,const,,55
p1616,,,op5,op4,80,squared,,10
p1616,,,op6,op5,15,linear3,,37.5
p1616,,,op7,op6,1,const,,55
p1616,,,op8,op7,80,squared,,10
p1616,,,op9,op8,40,linear7,,20
p1617,1403.4460000000001,BATCH_PIPELINE,op1,,1,const,,55
p1617,,,op2,op1,80,squared,,10
p1617,,,op3,op2,2,sqrt,,55
p1617,,,op4,op3,1,const,,55
p1617,,,op5,op4,15,linear3,,37.5
p1617,,,op6,op5,1,const,,55
p1618,1403.4460000000001,BATCH_PIPELINE,op1,,1,const,,55
p1618,,,op2,op1,5,linear3,,45
p1618,,,op3,op2,15,linear3,,37.5
p1618,,,op4,op3,5,linear3,,45
p1618,,,op5,op4,15,linear3,,37.5
p1618,,,op6,op5,2,sqrt,,55
p1618,,,op7,op6,5,linear3,,45
p1618,,,op8,op7,2,sqrt,,55
p1618,,,op9,op8,2,sqrt,,55
p1619,1403.4460000000001,BATCH_PIPELINE,op1,,1,const,,55
p1619,,,op2,op1,1,const,,55
p1619,,,op3,op2,5,linear3,,45
p1619,,,op4,op3,80,squared,,10
p1619,,,op5,op4,2,sqrt,,55
p1619,,,op6,op5,5,linear3,,45
p1619,,,op7,op6,15,linear3,,37.5
p1619,,,op8,op7,5,linear3,,45
p1619,,,op9,op8,5,linear3,,45
p1620,1403.4460000000001,INTERACTIVE,op1,,1,const,,55
p1620,,,op2,op1,20,linear7,,30
p1620,,,op3,op2,40,linear7,,20
p1620,,,op4,op3,80,squared,,10
p1620,,,op5,op4,80,squared,,10
p1620,,,op6,op5,80,squared,,10
p1620,,,op7,op6,80,squared,,10
p1620,,,op8,op7,5,linear3,,45
p1621,1414.353,BATCH_PIPELINE,op1,,1,const,,55
p1621,,,op2,op1,20,linear7,,30
p1621,,,op3,op2,2,sqrt,,55
p1621,,,op4,op3,20,linear7,,30
p1621,,,op5,op4,5,linear3,,45
p1621,,,op6,op5,20,linear7,,30
p1621,,,op7,op6,1,const,,55
p1621,,,op8,op7,20,linear7,,30
p1621,,,op9,op8,15,linear3,,37.5
p1621,,,op10,op9,15,linear3,,37.5
p1621,,,op11,op10,80,squared,,10
p1622,1414.353,BATCH_PIPELINE,op1,,1,const,,55
p1622,,,op2,op1,15,linear3,,37.5
p1622,,,op3,op2,80,squared,,10
p1622,,,op4,op3,15,linear3,,37.5
p1622,,,op5,op4,5,linear3,,45
p1622,,,op6,op5,80,squared,,10
p1622,,,op7,op6,5,linear3,,45
p1622,,,op8,op7,1,const,,55
p1623,1414.353,BATCH_PIPELINE,op1,,1,const,,55
p1623,,,op2,op1,5,linear3,,45
p1623,,,op3,op2,15,linear3,,37.5
p1623,,,op4,op3,40,linear7,,20
p1623,,,op5,op4,20,linear7,,30
p1624,1414.353,BATCH_PIPELINE,op1,,1,const,,55
p1624,,,op2,,40,linear7,,20
p1624,,,op3,,15,linear3,,37.5
p1624,,,op4,,20,linear7,,30
p1624,,,op5,,1,const,,55
p1624,,,op6,op1;op2;op3;op4;op5,40,linear7,,20
p1625,1414.353,INTERACTIVE,op1,,1,const,,55
p1625,,,op2,op1,15,linear3,,37.5
p1625,,,op3,op2,5,linear3,,45
p1625,,,op4,op3,5,linear3,,45
p1625,,,op5,op4,20,linear7,,30
p1625,,,op6,op5,20,linear7,,30
p1625,,,op7,op6,40,linear7,,20
p1625,,,op8,op7,20,linear7,,30
p1626,1414.353,BATCH_PIPELINE,op1,,1,const,,55
p1626,,,op2,op1,5,linear3,,45
p1626,,,op3,op2,80,squared,,10
p1626,,,op4,op3,80,squared,,10
p1626,,,op5,op4,20,linear7,,30
p1626,,,op6,op5,15,linear3,,37.5
p1627,1414.353,BATCH_PIPELINE,op1,,1,const,,55
p1627,,,op2,op1,80,squared,,10
p1627,,,op3,op2,1,const,,55
p1627,,,op4,op3,15,linear3,,37.5
p1627,,,op5,op4,2,sqrt,,55
p1627,,,op6,op5,15,linear3,,37.5
p1627,,,op7,op6,20,linear7,,30
p1627,,,op8,op7,40,linear7,,20
p1628,1414.353,INTERACTIVE,op1,,1,const,,55
p1628,,,op2,op1,20,linear7,,30
p1628,,,op3,op1,40,linear7,,20
p1628,,,op4,op1,20,linear7,,30
p1628,,,op5,op1,5,linear3,,45
p1628,,,op6,op1,15,linear3,,37.5
p1628,,,op7,op1,40,linear7,,20
p1628,,,op8,op1,2,sqrt,,55
p1628,,,op9,op1,2,sqrt,,55
p1629,1414.353,BATCH_PIPELINE,op1,,1,const,,55
p1629,,,op2,op1,40,linear7,,20
p1629,,,op3,op2,2,sqrt,,55
p1629,,,op4,op3,5,linear3,,45
p1629,,,op5,op4,2,sqrt,,55
p1629,,,op6,op5,5,linear3,,45
p1629,,,op7,op6,2,sqrt,,55
p1630,1414.353,BATCH_PIPELINE,op1,,1,const,,55
p1630,,,op2,op1,2,sqrt,,55
p1630,,,op3,op1,80,squared,,10
p1630,,,op4,op1,1,const,,55
p1630,,,op5,op1,1,const,,55
p1630,,,op6,op1,80,squared,,10
p1630,,,op7,op1,20,linear7,,30
p1630,,,op8,op1,15,linear3,,37.5
p1631,1424.324,BATCH_PIPELINE,op1,,1,const,,55
p1631,,,op2,op1,20,linear7,,30
p1631,,,op3,op1,2,sqrt,,55
p1631,,,op4,op1,20,linear7,,30
p1631,,,op5,op1,20,linear7,,30
p1631,,,op6,op1,80,squared,,10
p1631,,,op7,op1,80,squared,,10
p1631,,,op8,op1,15,linear3,,37.5
p1632,1424.324,BATCH_PIPELINE,op1,,1,const,,55
p1632,,,op2,op1,15,linear3,,37.5
p1632,,,op3,op2,5,linear3,,45
p1632,,,op4,op3,5,linear3,,45
p1632,,,op5,op4,20,linear7,,30
p1632,,,op6,op5,15,linear3,,37.5
p1632,,,op7,op6,20,linear7,,30
p1632,,,op8,op7,2,sqrt,,55
p1632,,,op9,op8,5,linear3,,45
p1632,,,op10,op9,2,sqrt,,55
p1632,,,op11,op10,5,linear3,,45
p1633,1424.324,BATCH_PIPELINE,op1,,1,const,,55
p1633,,,op2,op1,1,const,,55
p1633,,,op3,op2,40,linear7,,20
p1633,,,op4,op3,20,linear7,,30
p1633,,,op5,op4,5,linear3,,45
p1633,,,op6,op5,5,linear3,,45
p1633,,,op7,op6,2,sqrt,,55
p1633,,,op8,op7,80,squared,,10
p1633,,,op9,op8,15,linear3,,37.5
p1633,,,op10,op9,1,const,,55
p1633,,,op11,op10,15,linear3,,37.5
p1634,1424.324,BATCH_PIPELINE,op1,,1,const,,55
p1634,,,op2,op1,2,sqrt,,55
p1634,,,op3,op2,2,sqrt,,55
p1634,,,op4,op3,80,squared,,10
p1634,,,op5,op4,15,linear3,,37.5
p1634,,,op6,op5,1,const,,55
p1634,,,op7,op6,15,linear3,,37.5
p1634,,,op8,op7,15,linear3,,37.5
p1635,1424.324,BATCH_PIPELINE,op1,,1,const,,55
p1635,,,op2,,40,linear7,,20
p1635,,,op3,,15,linear3,,37.5
p1635,,,op4,,20,linear7,,30
p1635,,,op5,op1;op2;op3;op4,15,linear3,,37.5
p1636,1424.324,INTERACTIVE,op1,,1,const,,55
p1636,,,op2,op1,40,linear7,,20
p1636,,,op3,op2,80,squared,,10
p1636,,,op4,op3,2,sqrt,,55
p1636,,,op5,op4,15,linear3,,37.5
p1636,,,op6,op5,40,linear7,,20
p1636,,,op7,op6,80,squared,,10
p1637,1424.324,BATCH_PIPELINE,op1,,1,const,,55
p1637,,,op2,,15,linear3,,37.5
p1637,,,op3,,40,linear7,,20
p1637,,,op4,,20,linear7,,30
p1637,,,op5,,1,const,,55
p1637,,,op6,op1;op2;op3;op4;op5,20,linear7,,30
p1638,1424.324,BATCH_PIPELINE,op1,,1,const,,55
p1638,,,op2,op1,1,const,,55
p1638,,,op3,op2,20,linear7,,30
p1638,,,op4,op3,15,linear3,,37.5
p1638,,,op5,op4,2,sqrt,,55
p1638,,,op6,op5,5,linear3,,45
p1638,,,op7,op6,15,linear3,,37.5
p1639,1424.324,BATCH_PIPELINE,op1,,1,const,,55
p1639,,,op2,op1,40,linear7,,20
p1639,,,op3,op2,15,linear3,,37.5
p1639,,,op4,op3,2,sqrt,,55
p1639,,,op5,op4,1,const,,55
p1639,,,op6,op5,40,linear7,,20
p1639,,,op7,op6,20,linear7,,30
p1639,,,op8,op7,15,linear3,,37.5
p1640,1424.324,BATCH_PIPELINE,op1,,1,const,,55
p1640,,,op2,op1,5,linear3,,45
p1640,,,op3,op2,5,linear3,,45
p1640,,,op4,op3,20,linear7,,30
p1640,,,op5,op4,40,linear7,,20
p1640,,,op6,op5,5,linear3,,45
p1640,,,op7,op6,80,squared,,10
p1640,,,op8,op7,15,linear3,,37.5
p1640,,,op9,op8,15,linear3,,37.5
p1641,1438.736,BATCH_PIPELINE,op1,,1,const,,55
p1641,,,op2,,80,squared,,10
p1641,,,op3,,15,linear3,,37.5
p1641,,,op4,,5,linear3,,45
p1641,,,op5,,1,const,,55
p1641,,,op6,,15,linear3,,37.5
p1641,,,op7,,2,sqrt,,55
p1641,,,op8,,20,linear7,,30
p1641,,,op9,,1,const,,55
p1641,,,op10,,80,squared,,10
p1641,,,op11,op1;op2;op3;op4;op5;op6;op7;op8;op9;op10,20,linear7,,30
p1642,1438.736,BATCH_PIPELINE,op1,,1,const,,55
p1642,,,op2,op1,1,const,,55
p1642,,,op3,op2,15,linear3,,37.5
p1642,,,op4,op3,2,sqrt,,55
p1642,,,op5,op4,5,linear3,,45
p1643,1438.736,INTERACTIVE,op1,,1,const,,55
p1643,,,op2,op1,5,linear3,,45
p1643,,,op3,op2,15,linear3,,37.5
p1643,,,op4,op3,40,linear7,,20
p1643,,,op5,op4,20,linear7,,30
p1643,,,op6,op5,40,linear7,,20
p1644,1438.736,BATCH_PIPELINE,op1,,1,const,,55
p1644,,,op2,,15,linear3,,37.5
p1644,,,op3,,2,sqrt,,55
p1644,,,op4,,40,linear7,,20
p1644,,,op5,,5,linear3,,45
p1644,,,op6,,2,sqrt,,55
p1644,,,op7,op1;op2;op3;op4;op5;op6,20,linear7,,30
p1645,1438.736,BATCH_PIPELINE,op1,,1,const,,55
p1645,,,op2,op1,2,sqrt,,55
p1645,,,op3,op2,5,linear3,,45
p1645,,,op4,op3,40,linear7,,20
p1645,,,op5,op4,15,linear3,,37.5
p1645,,,op6,op5,40,linear7,,20
p1646,1438.736,BATCH_PIPELINE,op1,,1,const,,55
p1646,,,op2,op1,2,sqrt,,55
p1646,,,op3,op2,2,sqrt,,55
p1646,,,op4,op3,2,sqrt,,55
p1646,,,op5,op4,40,linear7,,20
p1646,,,op6,op5,40,linear7,,20
p1647,1438.736,BATCH_PIPELINE,op1,,1,const,,55
p1647,,,op2,op1,80,squared,,10
p1647,,,op3,op2,5,linear3,,45
p1647,,,op4,op3,20,linear7,,30
p1647,,,op5,op4,40,linear7,,20
p1647,,,op6,op5,15,linear3,,37.5
p1648,1438.736,INTERACTIVE,op1,,1,const,,55
p1648,,,op2,op1,15,linear3,,37.5
p1648,,,op3,op2,5,linear3,,45
p1648,,,op4,op3,2,sqrt,,55
p1648,,,op5,op4,20,linear7,,30
p1648,,,op6,op5,1,const,,55
p1649,1438.736,BATCH_PIPELINE,op1,,1,const,,55
p1649,,,op2,op1,15,linear3,,37.5
p1649,,,op3,op2,1,const,,55
p1649,,,op4,op3,20,linear7,,30
p1649,,,op5,op4,15,linear3,,37.5
p1649,,,op6,op5,15,linear3,,37.5
p1649,,,op7,op6,20,linear7,,30
p1649,,,op8,op7,2,sqrt,,55
p1650,1438.736,BATCH_PIPELINE,op1,,1,const,,55
p1650,,,op2,,5,linear3,,45
p1650,,,op3,,20,linear7,,30
p1650,,,op4,,40,linear7,,20
p1650,,,op5,,40,linear7,,20
p1650,,,op6,,5,linear3,,45
p1650,,,op7,,1,const,,55
p1650,,,op8,,1,const,,55
p1650,,,op9,op1;op2;op3;op4;op5;op6;op7;op8,5,linear3,,45
p1651,1451.027,BATCH_PIPELINE,op1,,1,const,,55
p1651,,,op2,op1,5,linear3,,45
p1651,,,op3,op2,15,linear3,,37.5
p1651,,,op4,op3,1,const,,55
p1651,,,op5,op4,40,linear7,,20
p1651,,,op6,op5,5,linear3,,45
p1652,1451.027,BATCH_PIPELINE,op1,,1,const,,55
p1652,,,op2,op1,40,linear7,,20
p1652,,,op3,op2,5,linear3,,45
p1652,,,op4,op3,5,linear3,,45
p1652,,,op5,op4,2,sqrt,,55
p1653,1451.027,BATCH_PIPELINE,op1,,1,const,,55
p1653,,,op2,,1,const,,55
p1653,,,op3,,80,squared,,10
p1653,,,op4,,5,linear3,,45
p1653,,,op5,,15,linear3,,37.5
p1653,,,op6,,2,sqrt,,55
p1653,,,op7,op1;op2;op3;op4;op5;op6,5,linear3,,45
p1654,1451.027,BATCH_PIPELINE,op1,,1,const,,55
p1654,,,op2,op1,20,linear7,,30
p1654,,,op3,op2,15,linear3,,37.5
p1654,,,op4,op3,20,linear7,,30
p1654,,,op5,op4,15,linear3,,37.5
p1654,,,op6,op5,15,linear3,,37.5
p1654,,,op7,op6,5,linear3,,45
p1655,1451.027,BATCH_PIPELINE,op1,,1,const,,55
p1655,,,op2,,5,linear3,,45
p1655,,,op3,,5,linear3,,45
p1655,,,op4,,15,linear3,,37.5
p1655,,,op5,,15,linear3,,37.5
p1655,,,op6,,5,linear3,,45
p1655,,,op7,,20,linear7,,30
p1655,,,op8,op1;op2;op3;op4;op5;op6;op7,20,linear7,,30
p1656,1451.027,BATCH_PIPELINE,op1,,1,const,,55
p1656,,,op2,op1,1,const,,55
p1656,,,op3,op2,20,linear7,,30
p1656,,,op4,op3,1,const,,55
p1656,,,op5,op4,2,sqrt,,55
p1656,,,op6,op5,15,linear3,,37.5
p1657,1451.027,BATCH_PIPELINE,op1,,1,const,,55
p1657,,,op2,op1,20,linear7,,30
p1657,,,op3,op2,2,sqrt,,55
p1657,,,op4,op3,15,linear3,,37.5
p1657,,,op5,op4,5,linear3,,45
p1657,,,op6,op5,20,linear7,,30
p1658,1451.027,INTERACTIVE,op1,,1,const,,55
p1658,,,op2,op1,5,linear3,,45
p1658,,,op3,op2,20,linear7,,30
p1658,,,op4,op3,2,sqrt,,55
p1659,1451.027,BATCH_PIPELINE,op1,,1,const,,55
p1659,,,op2,op1,5,linear3,,45
p1659,,,op3,op2,5,linear3,,45
p1659,,,op4,op3,1,const,,55
p1659,,,op5,op4,80,squared,,10
p1659,,,op6,op5,15,linear3,,37.5
p1659,,,op7,op6,2,sqrt,,55
p1659,,,op8,op7,2,sqrt,,55
p1659,,,op9,op8,15,linear3,,37.5
p1659,,,op10,op9,40,linear7,,20
p1659,,,op11,op10,1,const,,55
p1659,,,op12,op11,40,linear7,,20
p1659,,,op13,op12,15,linear3,,37.5
p1660,1451.027,BATCH_PIPELINE,op1,,1,const,,55
p1660,,,op2,op1,1,const,,55
p1660,,,op3,op1,2,sqrt,,55
p1660,,,op4,op1,40,linear7,,20
p1660,,,op5,op1,15,linear3,,37.5
p1660,,,op6,op1,2,sqrt,,55
p1660,,,op7,op1,40,linear7,,20
p1661,1462.305,BATCH_PIPELINE,op1,,1,const,,55
p1661,,,op2,,15,linear3,,37.5
p1661,,,op3,,1,const,,55
p1661,,,op4,,40,linear7,,20
p1661,,,op5,,80,squared,,10
p1661,,,op6,op1;op2;op3;op4;op5,5,linear3,,45
p1662,1462.305,BATCH_PIPELINE,op1,,1,const,,55
p1662,,,op2,op1,80,squared,,10
p1662,,,op3,op2,1,const,,55
p1662,,,op4,op3,5,linear3,,45
p1662,,,op5,op4,20,linear7,,30
p1662,,,op6,op5,5,linear3,,45
p1662,,,op7,op6,80,squared,,10
p1662,,,op8,op7,80,squared,,10
p1662,,,op9,op8,2,sqrt,,55
p1662,,,op10,op9,5,linear3,,45
p1663,1462.305,BATCH_PIPELINE,op1,,1,const,,55
p1663,,,op2,op1,40,linear7,,20
p1663,,,op3,op2,2,sqrt,,55
p1663,,,op4,op3,1,const,,55
p1663,,,op5,op4,1,const,,55
p1663,,,op6,op5,2,sqrt,,55
p1663,,,op7,op6,2,sqrt,,55
p1664,1462.305,BATCH_PIPELINE,op1,,1,const,,55
p1664,,,op2,op1,1,const,,55
p1664,,,op3,op2,2,sqrt,,55
p1664,,,op4,op3,1,const,,55
p1664,,,op5,op4,5,linear3,,45
p1664,,,op6,op5,5,linear3,,45
p1664,,,op7,op6,20,linear7,,30
p1664,,,op8,op7,2,sqrt,,55
p1665,1462.305,BATCH_PIPELINE,op1,,1,const,,55
p1665,,,op2,op1,5,linear3,,45
p1665,,,op3,op2,40,linear7,,20
p1665,,,op4,op3,1,const,,55
p1665,,,op5,op4,15,linear3,,37.5
p1665,,,op6,op5,5,linear3,,45
p1666,1462.305,BATCH_PIPELINE,op1,,1,const,,55
p1666,,,op2,op1,2,sqrt,,55
p1666,,,op3,op2,5,linear3,,45
p1666,,,op4,op3,1,const,,55
p1666,,,op5,op4,1,const,,55
p1666,,,op6,op5,2,sqrt,,55
p1666,,,op7,op6,5,linear3,,45
p1667,1462.305,BATCH_PIPELINE,op1,,1,const,,55
p1667,,,op2,op1,2,sqrt,,55
p1667,,,op3,op1,20,linear7,,30
p1667,,,op4,op1,1,const,,55
p1667,,,op5,op1,5,linear3,,45
p1667,,,op6,op1,15,linear3,,37.5
p1667,,,op7,op1,2,sqrt,,55
p1668,1462.305,BATCH_PIPELINE,op1,,1,const,,55
p1668,,,op2,op1,15,linear3,,37.5
p1668,,,op3,op2,15,linear3,,37.5
p1668,,,op4,op3,40,linear7,,20
p1669,1462.305,BATCH_PIPELINE,op1,,1,const,,55
p1669,,,op2,,80,squared,,10
p1669,,,op3,,2,sqrt,,55
p1669,,,op4,,5,linear3,,45
p1669,,,op5,,40,linear7,,20
p1669,,,op6,op1;op2;op3;op4;op5,15,linear3,,37.5
p1670,1462.305,BATCH_PIPELINE,op1,,1,const,,55
p1670,,,op2,op1,20,linear7,,30
p1670,,,op3,op2,15,linear3,,37.5
p1670,,,op4,op3,1,const,,55
p1670,,,op5,op4,2,sqrt,,55
p1670,,,op6,op5,2,sqrt,,55
p1670,,,op7,op6,40,linear7,,20
p1670,,,op8,op7,40,linear7,,20
p1670,,,op9,op8,20,linear7,,30
p1671,1472.296,BATCH_PIPELINE,op1,,1,const,,55
p1671,,,op2,op1,15,linear3,,37.5
p1671,,,op3,op2,20,linear7,,30
p1671,,,op4,op3,20,linear7,,30
p1671,,,op5,op4,1,const,,55
p1671,,,op6,op5,2,sqrt,,55
p1671,,,op7,op6,2,sqrt,,55
p1671,,,op8,op7,40,linear7,,20
p1671,,,op9,op8,80,squared,,10
p1671,,,op10,op9,1,const,,55
p1671,,,op11,op10,80,squared,,10
p1672,1472.296,BATCH_PIPELINE,op1,,1,const,,55
p1672,,,op2,op1,80,squared,,10
p1672,,,op3,op2,15,linear3,,37.5
p1672,,,op4,op3,1,const,,55
p1672,,,op5,op4,5,linear3,,45
p1672,,,op6,op5,20,linear7,,30
p1672,,,op7,op6,5,linear3,,45
p1672,,,op8,op7,20,linear7,,30
p1672,,,op9,op8,15,linear3,,37.5
p1672,,,op10,op9,5,linear3,,45
p1673,1472.296,BATCH_PIPELINE,op1,,1,const,,55
p1673,,,op2,op1,1,const,,55
p1673,,,op3,op1,2,sqrt,,55
p1673,,,op4,op1,1,const,,55
p1673,,,op5,op1,2,sqrt,,55
p1673,,,op6,op1,40,linear7,,20
p1673,,,op7,op1,1,const,,55
p1674,1472.296,BATCH_PIPELINE,op1,,1,const,,55
p1674,,,op2,op1,15,linear3,,37.5
p1674,,,op3,op2,20,linear7,,30
p1674,,,op4,op3,1,const,,55
p1674,,,op5,op4,1,const,,55
p1674,,,op6,op5,15,linear3,,37.5
p1674,,,op7,op6,15,linear3,,37.5
p1674,,,op8,op7,40,linear7,,20
p1674,,,op9,op8,5,linear3,,45
p1674,,,op10,op9,15,linear3,,37.5
p1674,,,op11,op10,15,linear3,,37.5
p1674,,,op12,op11,5,linear3,,45
p1674,,,op13,op12,15,linear3,,37.5
p1675,1472.296,BATCH_PIPELINE,op1,,1,const,,55
p1675,,,op2,,5,linear3,,45
p1675,,,op3,,20,linear7,,30
p1675,,,op4,,40,linear7,,20
p1675,,,op5,,20,linear7,,30
p1675,,,op6,,2,sqrt,,55
p1675,,,op7,,15,linear3,,37.5
p1675,,,op8,op1;op2;op3;op4;op5;op6;op7,2,sqrt,,55
p1676,1472.296,BATCH_PIPELINE,op1,,1,const,,55
p1676,,,op2,op1,20,linear7,,30
p1676,,,op3,op2,40,linear7,,20
p1676,,,op4,op3,40,linear7,,20
p1676,,,op5,op4,5,linear3,,45
p1676,,,op6,op5,5,linear3,,45
p1677,1472.296,BATCH_PIPELINE,op1,,1,const,,55
p1677,,,op2,op1,40,linear7,,20
p1677,,,op3,op2,15,linear3,,37.5
p1677,,,op4,op3,80,squared,,10
p1677,,,op5,op4,15,linear3,,37.5
p1677,,,op6,op5,15,linear3,,37.5
p1677,,,op7,op6,80,squared,,10
p1678,1472.296,BATCH_PIPELINE,op1,,1,const,,55
p1678,,,op2,op1,1,const,,55
p1678,,,op3,op2,20,linear7,,30
p1678,,,op4,op3,5,linear3,,45
p1678,,,op5,op4,40,linear7,,20
p1678,,,op6,op5,15,linear3,,37.5
p1679,1472.296,INTERACTIVE,op1,,1,const,,55
p1679,,,op2,op1,15,linear3,,37.5
p1679,,,op3,op2,40,linear7,,20
p1679,,,op4,op3,15,linear3,,37.5
p1679,,,op5,op4,5,linear3,,45
p1679,,,op6,op5,2,sqrt,,55
p1679,,,op7,op6,20,linear7,,30
p1680,1472.296,BATCH_PIPELINE,op1,,1,const,,55
p1680,,,op2,op1,5,linear3,,45
p1680,,,op3,op2,15,linear3,,37.5
p1680,,,op4,op3,20,linear7,,30
p1680,,,op5,op4,80,squared,,10
p1680,,,op6,op5,20,linear7,,30
p1680,,,op7,op6,80,squared,,10
p1681,1479.455,BATCH_PIPELINE,op1,,1,const,,55
p1681,,,op2,op1,20,linear7,,30
p1681,,,op3,op2,40,linear7,,20
p1681,,,op4,op3,1,const,,55
p1681,,,op5,op4,40,linear7,,20
p1681,,,op6,op5,15,linear3,,37.5
p1681,,,op7,op6,1,const,,55
p1682,1479.455,INTERACTIVE,op1,,1,const,,55
p1682,,,op2,op1,40,linear7,,20
p1682,,,op3,op2,20,linear7,,30
p1682,,,op4,op3,1,const,,55
p1682,,,op5,op4,15,linear3,,37.5
p1682,,,op6,op5,1,const,,55
p1682,,,op7,op6,20,linear7,,30
p1682,,,op8,op7,80,squared,,10
p1683,1479.455,BATCH_PIPELINE,op1,,1,const,,55
p1683,,,op2,op1,5,linear3,,45
p1683,,,op3,op1,20,linear7,,30
p1683,,,op4,op1,5,linear3,,45
p1683,,,op5,op1,20,linear7,,30
p1683,,,op6,op1,40,linear7,,20
p1684,1479.455,BATCH_PIPELINE,op1,,1,const,,55
p1684,,,op2,op1,80,squared,,10
p1684,,,op3,op2,80,squared,,10
p1684,,,op4,op3,5,linear3,,45
p1684,,,op5,op4,2,sqrt,,55
p1685,1479.455,BATCH_PIPELINE,op1,,1,const,,55
p1685,,,op2,,20,linear7,,30
p1685,,,op3,,40,linear7,,20
p1685,,,op4,,5,linear3,,45
p1685,,,op5,op1;op2;op3;op4,15,linear3,,37.5
p1686,1479.455,BATCH_PIPELINE,op1,,1,const,,55
p1686,,,op2,op1,15,linear3,,37.5
p1686,,,op3,op2,15,linear3,,37.5
p1686,,,op4,op3,15,linear3,,37.5
p1686,,,op5,op4,20,linear7,,30
p1686,,,op6,op5,20,linear7,,30
p1687,1479.455,INTERACTIVE,op1,,1,const,,55
p1687,,,op2,,5,linear3,,45
p1687,,,op3,,20,linear7,,30
p1687,,,op4,,20,linear7,,30
p1687,,,op5,,40,linear7,,20
p1687,,,op6,,2,sqrt,,55
p1687,,,op7,,80,squared,,10
p1687,,,op8,,15,linear3,,37.5
p1687,,,op9,op1;op2;op3;op4;op5;op6;op7;op8,5,linear3,,45
p1688,1479.455,BATCH_PIPELINE,op1,,1,const,,55
p1688,,,op2,op1,20,linear7,,30
p1688,,,op3,op2,80,squared,,10
p1688,,,op4,op3,1,const,,55
p1688,,,op5,op4,2,sqrt,,55
p1689,1479.455,BATCH_PIPELINE,op1,,1,const,,55
p1689,,,op2,op1,5,linear3,,45
p1689,,,op3,op2,5,linear3,,45
p1689,,,op4,op3,5,linear3,,45
p1689,,,op5,op4,1,const,,55
p1689,,,op6,op5,1,const,,55
p1689,,,op7,op6,40,linear7,,20
p1690,1479.455,BATCH_PIPELINE,op1,,1,const,,55
p1690,,,op2,op1,1,const,,55
p1690,,,op3,op1,2,sqrt,,55
p1690,,,op4,op1,40,linear7,,20
p1690,,,op5,op1,80,squared,,10
p1690,,,op6,op1,40,linear7,,20
p1690,,,op7,op1,5,linear3,,45
p1690,,,op8,op1,1,const,,55
p1690,,,op9,op1,15,linear3,,37.5
p1690,,,op10,op1,15,linear3,,37.5
p1691,1491.978,BATCH_PIPELINE,op1,,1,const,,55
p1691,,,op2,op1,15,linear3,,37.5
p1691,,,op3,op2,20,linear7,,30
p1691,,,op4,op3,2,sqrt,,55
p1691,,,op5,op4,2,sqrt,,55
p1691,,,op6,op5,40,linear7,,20
p1691,,,op7,op6,1,const,,55
p1691,,,op8,op7,80,squared,,10
p1692,1491.978,BATCH_PIPELINE,op1,,1,const,,55
p1692,,,op2,,15,linear3,,37.5
p1692,,,op3,,1,const,,55
p1692,,,op4,,20,linear7,,30
p1692,,,op5,,15,linear3,,37.5
p1692,,,op6,op1;op2;op3;op4;op5,5,linear3,,45
p1693,1491.978,BATCH_PIPELINE,op1,,1,const,,55
p1693,,,op2,op1,80,squared,,10
p1693,,,op3,op2,5,linear3,,45
p1693,,,op4,op3,5,linear3,,45
p1693,,,op5,op4,5,linear3,,45
p1693,,,op6,op5,80,squared,,10
p1693,,,op7,op6,1,const,,55
p1694,1491.978,BATCH_PIPELINE,op1,,1,const,,55
p1694,,,op2,op1,2,sqrt,,55
p1694,,,op3,op2,15,linear3,,37.5
p1694,,,op4,op3,2,sqrt,,55
p1694,,,op5,op4,15,linear3,,37.5
p1694,,,op6,op5,80,squared,,10
p1694,,,op7,op6,15,linear3,,37.5
p1695,1491.978,BATCH_PIPELINE,op1,,1,const,,55
p1695,,,op2,op1,5,linear3,,45
p1695,,,op3,op2,15,linear3,,37.5
p1695,,,op4,op3,15,linear3,,37.5
p1695,,,op5,op4,80,squared,,10
p1695,,,op6,op5,15,linear3,,37.5
p1696,1491.978,BATCH_PIPELINE,op1,,1,const,,55
p1696,,,op2,op1,15,linear3,,37.5
p1696,,,op3,op2,5,linear3,,45
p1696,,,op4,op3,20,linear7,,30
p1696,,,op5,op4,5,linear3,,45
p1696,,,op6,op5,1,const,,55
p1696,,,op7,op6,20,linear7,,30
p1696,,,op8,op7,20,linear7,,30
p1696,,,op9,op8,80,squared,,10
p1696,,,op10,op9,2,sqrt,,55
p1697,1491.978,BATCH_PIPELINE,op1,,1,const,,55
p1697,,,op2,op1,15,linear3,,37.5
p1697,,,op3,op2,15,linear3,,37.5
p1697,,,op4,op3,15,linear3,,37.5
p1697,,,op5,op4,20,linear7,,30
p1697,,,op6,op5,40,linear7,,20
p1697,,,op7,op6,2,sqrt,,55
p1697,,,op8,op7,5,linear3,,45
p1698,1491.978,QUERY,op1,,15,linear3,,35
p1699,1491.978,BATCH_PIPELINE,op1,,1,const,,55
p1699,,,op2,op1,20,linear7,,30
p1699,,,op3,op2,5,linear3,,45
p1699,,,op4,op3,15,linear3,,37.5
p1700,1491.978,BATCH_PIPELINE,op1,,1,const,,55
p1700,,,op2,op1,1,const,,55
p1700,,,op3,op2,15,linear3,,37.5
p1700,,,op4,op3,80,squared,,10
p1700,,,op5,op4,1,const,,55
p1700,,,op6,op5,20,linear7,,30
p1700,,,op7,op6,40,linear7,,20
p1700,,,op8,op7,1,const,,55
p1700,,,op9,op8,20,linear7,,30
p1700,,,op10,op9,20,linear7,,30
p1701,1500.377,BATCH_PIPELINE,op1,,1,const,,55
p1701,,,op2,op1,5,linear3,,45
p1701,,,op3,op1,5,linear3,,45
p1701,,,op4,op1,5,linear3,,45
p1701,,,op5,op1,40,linear7,,20
p1701,,,op6,op1,1,const,,55
p1702,1500.377,BATCH_PIPELINE,op1,,1,const,,55
p1702,,,op2,,5,linear3,,45
p1702,,,op3,,5,linear3,,45
p1702,,,op4,,15,linear3,,37.5
p1702,,,op5,,5,linear3,,45
p1702,,,op6,,20,linear7,,30
p1702,,,op7,,2,sqrt,,55
p1702,,,op8,,5,linear3,,45
p1702,,,op9,,1,const,,55
p1702,,,op10,op1;op2;op3;op4;op5;op6;op7;op8;op9,40,linear7,,20
p1703,1500.377,BATCH_PIPELINE,op1,,1,const,,55
p1703,,,op2,op1,20,linear7,,30
p1703,,,op3,op2,15,linear3,,37.5
p1703,,,op4,op3,15,linear3,,37.5
p1703,,,op5,op4,2,sqrt,,55
p1703,,,op6,op5,1,const,,55
p1703,,,op7,op6,5,linear3,,45
p1703,,,op8,op7,2,sqrt,,55
p1703,,,op9,op8,80,squared,,10
p1704,1500.377,BATCH_PIPELINE,op1,,1,const,,55
p1704,,,op2,,15,linear3,,37.5
p1704,,,op3,,15,linear3,,37.5
p1704,,,op4,,15,linear3,,37.5
p1704,,,op5,,15,linear3,,37.5
p1704,,,op6,op1;op2;op3;op4;op5,1,const,,55
p1705,1500.377,INTERACTIVE,op1,,1,const,,55
p1705,,,op2,op1,5,linear3,,45
p1705,,,op3,op1,80,squared,,10
p1705,,,op4,op1,15,linear3,,37.5
p1705,,,op5,op1,80,squared,,10
p1705,,,op6,op1,40,linear7,,20
p1705,,,op7,op1,40,linear7,,20
p1706,1500.377,BATCH_PIPELINE,op1,,1,const,,55
p1706,,,op2,op1,15,linear3,,37.5
p1706,,,op3,op1,20,linear7,,30
p1706,,,op4,op1,1,const,,55
p1706,,,op5,op1,80,squared,,10
p1706,,,op6,op1,2,sqrt,,55
p1706,,,op7,op1,1,const,,55
p1706,,,op8,op1,5,linear3,,45
p1707,1500.377,BATCH_PIPELINE,op1,,1,const,,55
p1707,,,op2,op1,5,linear3,,45
p1707,,,op3,op1,1,const,,55
p1707,,,op4,op1,15,linear3,,37.5
p1707,,,op5,op1,2,sqrt,,55
p1708,1500.377,BATCH_PIPELINE,op1,,1,const,,55
p1708,,,op2,op1,1,const,,55
p1708,,,op3,op2,80,squared,,10
p1708,,,op4,op3,20,linear7,,30
p1708,,,op5,op4,5,linear3,,45
p1708,,,op6,op5,5,linear3,,45
p1709,1500.377,BATCH_PIPELINE,op1,,1,const,,55
p1709,,,op2,,80,squared,,10
p1709,,,op3,,5,linear3,,45
p1709,,,op4,,1,const,,55
p1709,,,op5,,1,const,,55
p1709,,,op6,op1;op2;op3;op4;op5,40,linear7,,20
p1710,1500.377,BATCH_PIPELINE,op1,,1,const,,55
p1710,,,op2,op1,2,sqrt,,55
p1710,,,op3,op2,20,linear7,,30
p1710,,,op4,op3,2,sqrt,,55
p1710,,,op5,op4,20,linear7,,30
p1710,,,op6,op5,5,linear3,,45
p1710,,,op7,op6,5,linear3,,45
p1711,1511.223,BATCH_PIPELINE,op1,,1,const,,55
p1711,,,op2,op1,5,linear3,,45
p1711,,,op3,op2,5,linear3,,45
p1711,,,op4,op3,80,squared,,10
p1711,,,op5,op4,20,linear7,,30
p1711,,,op6,op5,5,linear3,,45
p1711,,,op7,op6,2,sqrt,,55
p1711,,,op8,op7,40,linear7,,20
p1712,1511.223,BATCH_PIPELINE,op1,,1,const,,55
p1712,,,op2,op1,15,linear3,,37.5
p1712,,,op3,op2,15,linear3,,37.5
p1712,,,op4,op3,40,linear7,,20
p1712,,,op5,op4,40,linear7,,20
p1712,,,op6,op5,20,linear7,,30
p1712,,,op7,op6,40,linear7,,20
p1713,1511.223,QUERY,op1,,15,linear3,,35
p1714,1511.223,BATCH_PIPELINE,op1,,1,const,,55
p1714,,,op2,op1,40,linear7,,20
p1714,,,op3,op2,20,linear7,,30
p1714,,,op4,op3,80,squared,,10
p1714,,,op5,op4,5,linear3,,45
p1714,,,op6,op5,5,linear3,,45
p1714,,,op7,op6,5,linear3,,45
p1714,,,op8,op7,5,linear3,,45
p1714,,,op9,op8,1,const,,55
p1714,,,op10,op9,40,linear7,,20
p1715,1511.223,BATCH_PIPELINE,op1,,1,const,,55
p1715,,,op2,op1,40,linear7,,20
p1715,,,op3,op1,20,linear7,,30
p1715,,,op4,op1,2,sqrt,,55
p1715,,,op5,op1,1,const,,55
p1715,,,op6,op1,15,linear3,,37.5
p1715,,,op7,op1,2,sqrt,,55
p1715,,,op8,op1,5,linear3,,45
p1716,1511.223,BATCH_PIPELINE,op1,,1,const,,55
p1716,,,op2,op1,2,sqrt,,55
p1716,,,op3,op2,15,linear3,,37.5
p1716,,,op4,op3,20,linear7,,30
p1716,,,op5,op4,80,squared,,10
p1716,,,op6,op5,2,sqrt,,55
p1716,,,op7,op6,5,linear3,,45
p1716,,,op8,op7,40,linear7,,20
p1716,,,op9,op8,80,squared,,10
p1717,1511.223,BATCH_PIPELINE,op1,,1,const,,55
p1717,,,op2,op1,5,linear3,,45
p1717,,,op3,op2,2,sqrt,,55
p1717,,,op4,op3,15,linear3,,37.5
p1717,,,op5,op4,80,squared,,10
p1717,,,op6,op5,1,const,,55
p1718,1511.223,BATCH_PIPELINE,op1,,1,const,,55
p1718,,,op2,,80,squared,,10
p1718,,,op3,,15,linear3,,37.5
p1718,,,op4,,5,linear3,,45
p1718,,,op5,,20,linear7,,30
p1718,,,op6,op1;op2;op3;op4;op5,5,linear3,,45
p1719,1511.223,BATCH_PIPELINE,op1,,1,const,,55
p1719,,,op2,op1,1,const,,55
p1719,,,op3,op2,2,sqrt,,55
p1719,,,op4,op3,1,const,,55
p1719,,,op5,op4,15,linear3,,37.5
p1719,,,op6,op5,1,const,,55
p1719,,,op7,op6,2,sqrt,,55
p1720,1511.223,BATCH_PIPELINE,op1,,1,const,,55
p1720,,,op2,op1,1,const,,55
p1720,,,op3,op1,15,linear3,,37.5
p1720,,,op4,op1,80,squared,,10
p1720,,,op5,op1,5,linear3,,45
p1720,,,op6,op1,15,linear3,,37.5
p1720,,,op7,op1,40,linear7,,20
p1720,,,op8,op1,20,linear7,,30
p1720,,,op9,op1,20,linear7,,30
p1720,,,op10,op1,5,linear3,,45
p1721,1521.249,INTERACTIVE,op1,,1,const,,55
p1721,,,op2,op1,80,squared,,10
p1721,,,op3,op2,20,linear7,,30
p1721,,,op4,op3,1,const,,55
p1721,,,op5,op4,2,sqrt,,55
p1721,,,op6,op5,5,linear3,,45
p1722,1521.249,BATCH_PIPELINE,op1,,1,const,,55
p1722,,,op2,op1,80,squared,,10
p1722,,,op3,op2,20,linear7,,30
p1722,,,op4,op3,15,linear3,,37.5
p1722,,,op5,op4,2,sqrt,,55
p1723,1521.249,BATCH_PIPELINE,op1,,1,const,,55
p1723,,,op2,op1,15,linear3,,37.5
p1723,,,op3,op2,15,linear3,,37.5
p1723,,,op4,op3,2,sqrt,,55
p1723,,,op5,op4,15,linear3,,37.5
p1724,1521.249,INTERACTIVE,op1,,1,const,,55
p1724,,,op2,op1,15,linear3,,37.5
p1724,,,op3,op2,40,linear7,,20
p1724,,,op4,op3,80,squared,,10
p1724,,,op5,op4,1,const,,55
p1724,,,op6,op5,80,squared,,10
p1724,,,op7,op6,5,linear3,,45
p1724,,,op8,op7,5,linear3,,45
p1724,,,op9,op8,5,linear3,,45
p1724,,,op10,op9,20,linear7,,30
p1724,,,op11,op10,2,sqrt,,55
p1725,1521.249,BATCH_PIPELINE,op1,,1,const,,55
p1725,,,op2,op1,15,linear3,,37.5
p1725,,,op3,op2,5,linear3,,45
p1725,,,op4,op3,20,linear7,,30
p1725,,,op5,op4,40,linear7,,20
p1725,,,op6,op5,40,linear7,,20
p1725,,,op7,op6,20,linear7,,30
p1725,,,op8,op7,40,linear7,,20
p1725,,,op9,op8,20,linear7,,30
p1726,1521.249,INTERACTIVE,op1,,1,const,,55
p1726,,,op2,op1,2,sqrt,,55
p1726,,,op3,op2,15,linear3,,37.5
p1726,,,op4,op3,5,linear3,,45
p1726,,,op5,op4,20,linear7,,30
p1726,,,op6,op5,5,linear3,,45
p1726,,,op7,op6,40,linear7,,20
p1726,,,op8,op7,1,const,,55
p1726,,,op9,op8,1,const,,55
p1726,,,op10,op9,15,linear3,,37.5
p1727,1521.249,BATCH_PIPELINE,op1,,1,const,,55
p1727,,,op2,op1,2,sqrt,,55
p1727,,,op3,op1,15,linear3,,37.5
p1727,,,op4,op1,2,sqrt,,55
p1727,,,op5,op1,5,linear3,,45
p1728,1521.249,BATCH_PIPELINE,op1,,1,const,,55
p1728,,,op2,op1,15,linear3,,37.5
p1728,,,op3,op1,15,linear3,,37.5
p1728,,,op4,op1,5,linear3,,45
p1728,,,op5,op1,20,linear7,,30
p1728,,,op6,op1,15,linear3,,37.5
p1728,,,op7,op1,40,linear7,,20
p1728,,,op8,op1,1,const,,55
p1728,,,op9,op1,5,linear3,,45
p1728,,,op10,op1,15,linear3,,37.5
p1729,1521.249,QUERY,op1,,15,linear3,,35
p1730,1521.249,BATCH_PIPELINE,op1,,1,const,,55
p1730,,,op2,op1,2,sqrt,,55
p1730,,,op3,op2,1,const,,55
p1730,,,op4,op3,20,linear7,,30
p1730,,,op5,op4,20,linear7,,30
p1731,1529.989,BATCH_PIPELINE,op1,,1,const,,55
p1731,,,op2,op1,1,const,,55
p1731,,,op3,op2,1,const,,55
p1731,,,op4,op3,2,sqrt,,55
p1731,,,op5,op4,15,linear3,,37.5
p1731,,,op6,op5,5,linear3,,45
p1731,,,op7,op6,20,linear7,,30
p1732,1529.989,BATCH_PIPELINE,op1,,1,const,,55
p1732,,,op2,op1,15,linear3,,37.5
p1732,,,op3,op2,15,linear3,,37.5
p1732,,,op4,op3,1,const,,55
p1732,,,op5,op4,2,sqrt,,55
p1732,,,op6,op5,1,const,,55
p1732,,,op7,op6,5,linear3,,45
p1732,,,op8,op7,15,linear3,,37.5
p1733,1529.989,BATCH_PIPELINE,op1,,1,const,,55
p1733,,,op2,op1,2,sqrt,,55
p1733,,,op3,op2,2,sqrt,,55
p1733,,,op4,op3,1,const,,55
p1733,,,op5,op4,20,linear7,,30
p1733,,,op6,op5,5,linear3,,45
p1733,,,op7,op6,20,linear7,,30
p1733,,,op8,op7,5,linear3,,45
p1734,1529.989,BATCH_PIPELINE,op1,,1,const,,55
p1734,,,op2,op1,40,linear7,,20
p1734,,,op3,op2,80,squared,,10
p1734,,,op4,op3,20,linear7,,30
p1734,,,op5,op4,5,linear3,,45
p1734,,,op6,op5,80,squared,,10
p1734,,,op7,op6,5,linear3,,45
p1734,,,op8,op7,2,sqrt,,55
p1734,,,op9,op8,5,linear3,,45
p1734,,,op10,op9,5,linear3,,45
p1734,,,op11,op10,2,sqrt,,55
p1735,1529.989,BATCH_PIPELINE,op1,,1,const,,55
p1735,,,op2,op1,1,const,,55
p1735,,,op3,op2,15,linear3,,37.5
p1735,,,op4,op3,1,const,,55
p1735,,,op5,op4,1,const,,55
p1735,,,op6,op5,5,linear3,,45
p1736,1529.989,BATCH_PIPELINE,op1,,1,const,,55
p1736,,,op2,op1,5,linear3,,45
p1736,,,op3,op2,5,linear3,,45
p1736,,,op4,op3,20,linear7,,30
p1736,,,op5,op4,5,linear3,,45
p1736,,,op6,op5,20,linear7,,30
p1736,,,op7,op6,40,linear7,,20
p1736,,,op8,op7,2,sqrt,,55
p1737,1529.989,BATCH_PIPELINE,op1,,1,const,,55
p1737,,,op2,op1,5,linear3,,45
p1737,,,op3,op2,40,linear7,,20
p1737,,,op4,op3,2,sqrt,,55
p1737,,,op5,op4,40,linear7,,20
p1737,,,op6,op5,5,linear3,,45
p1738,1529.989,BATCH_PIPELINE,op1,,1,const,,55
p1738,,,op2,op1,80,squared,,10
p1738,,,op3,op2,2,sqrt,,55
p1738,,,op4,op3,2,sqrt,,55
p1738,,,op5,op4,40,linear7,,20
p1738,,,op6,op5,20,linear7,,30
p1739,1529.989,BATCH_PIPELINE,op1,,1,const,,55
p1739,,,op2,op1,2,sqrt,,55
p1739,,,op3,op2,1,const,,55
p1739,,,op4,op3,15,linear3,,37.5
p1739,,,op5,op4,15,linear3,,37.5
p1740,1529.989,QUERY,op1,,15,linear3,,35
p1741,1540.604,BATCH_PIPELINE,op1,,1,const,,55
p1741,,,op2,op1,80,squared,,10
p1741,,,op3,op2,80,squared,,10
p1741,,,op4,op3,5,linear3,,45
p1741,,,op5,op4,1,const,,55
p1741,,,op6,op5,1,const,,55
p1741,,,op7,op6,5,linear3,,45
p1741,,,op8,op7,80,squared,,10
p1741,,,op9,op8,15,linear3,,37.5
p1741,,,op10,op9,2,sqrt,,55
p1742,1540.604,BATCH_PIPELINE,op1,,1,const,,55
p1742,,,op2,op1,15,linear3,,37.5
p1742,,,op3,op2,80,squared,,10
p1742,,,op4,op3,20,linear7,,30
p1742,,,op5,op4,20,linear7,,30
p1743,1540.604,BATCH_PIPELINE,op1,,1,const,,55
p1743,,,op2,op1,1,const,,55
p1743,,,op3,op1,40,linear7,,20
p1743,,,op4,op1,5,linear3,,45
p1743,,,op5,op1,40,linear7,,20
p1744,1540.604,BATCH_PIPELINE,op1,,1,const,,55
p1744,,,op2,op1,15,linear3,,37.5
p1744,,,op3,op2,5,linear3,,45
p1744,,,op4,op3,40,linear7,,20
p1744,,,op5,op4,2,sqrt,,55
p1744,,,op6,op5,20,linear7,,30
p1744,,,op7,op6,80,squared,,10
p1745,1540.604,BATCH_PIPELINE,op1,,1,const,,55
p1745,,,op2,op1,80,squared,,10
p1745,,,op3,op1,15,linear3,,37.5
p1745,,,op4,op1,20,linear7,,30
p1745,,,op5,op1,15,linear3,,37.5
p1745,,,op6,op1,2,sqrt,,55
p1745,,,op7,op1,1,const,,55
p1745,,,op8,op1,40,linear7,,20
p1745,,,op9,op1,2,sqrt,,55
p1746,1540.604,BATCH_PIPELINE,op1,,1,const,,55
p1746,,,op2,,5,linear3,,45
p1746,,,op3,,2,sqrt,,55
p1746,,,op4,,15,linear3,,37.5
p1746,,,op5,,5,linear3,,45
p1746,,,op6,,1,const,,55
p1746,,,op7,,80,squared,,10
p1746,,,op8,op1;op2;op3;op4;op5;op6;op7,2,sqrt,,55
p1747,1540.604,BATCH_PIPELINE,op1,,1,const,,55
p1747,,,op2,op1,1,const,,55
p1747,,,op3,op2,40,linear7,,20
p1747,,,op4,op3,2,sqrt,,55
p1747,,,op5,op4,15,linear3,,37.5
p1747,,,op6,op5,2,sqrt,,55
p1747,,,op7,op6,80,squared,,10
p1748,1540.604,BATCH_PIPELINE,op1,,1,const,,55
p1748,,,op2,op1,15,linear3,,37.5
p1748,,,op3,op2,15,linear3,,37.5
p1748,,,op4,op3,20,linear7,,30
p1748,,,op5,op4,15,linear3,,37.5
p1748,,,op6,op5,1,const,,55
p1749,1540.604,BATCH_PIPELINE,op1,,1,const,,55
p1749,,,op2,op1,20,linear7,,30
p1749,,,op3,op1,15,linear3,,37.5
p1749,,,op4,op1,5,linear3,,45
p1749,,,op5,op1,40,linear7,,20
p1749,,,op6,op1,1,const,,55
p1749,,,op7,op1,2,sqrt,,55
p1749,,,op8,op1,40,linear7,,20
p1749,,,op9,op1,80,squared,,10
p1750,1540.604,BATCH_PIPELINE,op1,,1,const,,55
p1750,,,op2,op1,20,linear7,,30
p1750,,,op3,op2,40,linear7,,20
p1750,,,op4,op3,15,linear3,,37.5
p1750,,,op5,op4,40,linear7,,20
p1750,,,op6,op5,20,linear7,,30
p1750,,,op7,op6,20,linear7,,30
p1750,,,op8,op7,2,sqrt,,55
p1751,1548.864,BATCH_PIPELINE,op1,,1,const,,55
p1751,,,op2,op1,5,linear3,,45
p1751,,,op3,op1,5,linear3,,45
p1751,,,op4,op1,15,linear3,,37.5
p1751,,,op5,op1,20,linear7,,30
p1752,1548.864,QUERY,op1,,15,linear3,,35
p1753,1548.864,BATCH_PIPELINE,op1,,1,const,,55
p1753,,,op2,,5,linear3,,45
p1753,,,op3,,5,linear3,,45
p1753,,,op4,,5,linear3,,45
p1753,,,op5,,2,sqrt,,55
p1753,,,op6,op1;op2;op3;op4;op5,5,linear3,,45
p1754,1548.864,BATCH_PIPELINE,op1,,1,const,,55
p1754,,,op2,op1,20,linear7,,30
p1754,,,op3,op2,80,squared,,10
p1754,,,op4,op3,40,linear7,,20
p1754,,,op5,op4,80,squared,,10
p1754,,,op6,op5,20,linear7,,30
p1754,,,op7,op6,20,linear7,,30
p1755,1548.864,BATCH_PIPELINE,op1,,1,const,,55
p1755,,,op2,op1,1,const,,55
p1755,,,op3,op2,80,squared,,10
p1755,,,op4,op3,1,const,,55
p1755,,,op5,op4,20,linear7,,30
p1755,,,op6,op5,2,sqrt,,55
p1755,,,op7,op6,40,linear7,,20
p1755,,,op8,op7,40,linear7,,20
p1755,,,op9,op8,20,linear7,,30
p1756,1548.864,INTERACTIVE,op1,,1,const,,55
p1756,,,op2,op1,40,linear7,,20
p1756,,,op3,op2,2,sqrt,,55
p1756,,,op4,op3,15,linear3,,37.5
p1756,,,op5,op4,15,linear3,,37.5
p1756,,,op6,op5,15,linear3,,37.5
p1756,,,op7,op6,1,const,,55
p1756,,,op8,op7,20,linear7,,30
p1757,1548.864,BATCH_PIPELINE,op1,,1,const,,55
p1757,,,op2,op1,2,sqrt,,55
p1758,1548.864,INTERACTIVE,op1,,1,const,,55
p1759,1548.864,BATCH_PIPELINE,op1,,1,const,,55
p1759,,,op2,,40,linear7,,20
p1759,,,op3,,20,linear7,,30
p1759,,,op4,,40,linear7,,20
p1759,,,op5,,40,linear7,,20
p1759,,,op6,op1;op2;op3;op4;op5,2,sqrt,,55
p1760,1548.864,BATCH_PIPELINE,op1,,1,const,,55
p1760,,,op2,op1,2,sqrt,,55
p1760,,,op3,op2,20,linear7,,30
p1760,,,op4,op3,1,const,,55
p1760,,,op5,op4,2,sqrt,,55
p1760,,,op6,op5,2,sqrt,,55
p1760,,,op7,op6,20,linear7,,30
p1760,,,op8,op7,15,linear3,,37.5
p1760,,,op9,op8,40,linear7,,20
p1761,1555.79,BATCH_PIPELINE,op1,,1,const,,55
p1761,,,op2,op1,2,sqrt,,55
p1761,,,op3,op2,1,const,,55
p1761,,,op4,op3,15,linear3,,37.5
p1761,,,op5,op4,80,squared,,10
p1761,,,op6,op5,2,sqrt,,55
p1761,,,op7,op6,40,linear7,,20
p1761,,,op8,op7,15,linear3,,37.5
p1761,,,op9,op8,1,const,,55
p1762,1555.79,BATCH_PIPELINE,op1,,1,const,,55
p1762,,,op2,op1,20,linear7,,30
p1762,,,op3,op2,80,squared,,10
p1762,,,op4,op3,1,const,,55
p1762,,,op5,op4,5,linear3,,45
p1762,,,op6,op5,2,sqrt,,55
p1763,1555.79,BATCH_PIPELINE,op1,,1,const,,55
p1763,,,op2,op1,1,const,,55
p1763,,,op3,op2,15,linear3,,37.5
p1763,,,op4,op3,1,const,,55
p1763,,,op5,op4,15,linear3,,37.5
p1763,,,op6,op5,40,linear7,,20
p1763,,,op7,op6,20,linear7,,30
p1763,,,op8,op7,15,linear3,,37.5
p1764,1555.79,BATCH_PIPELINE,op1,,1,const,,55
p1764,,,op2,op1,20,linear7,,30
p1764,,,op3,op2,15,linear3,,37.5
p1764,,,op4,op3,15,linear3,,37.5
p1764,,,op5,op4,1,const,,55
p1764,,,op6,op5,2,sqrt,,55
p1764,,,op7,op6,20,linear7,,30
p1764,,,op8,op7,20,linear7,,30
p1765,1555.79,BATCH_PIPELINE,op1,,1,const,,55
p1765,,,op2,op1,5,linear3,,45
p1765,,,op3,op1,1,const,,55
p1765,,,op4,op1,80,squared,,10
p1765,,,op5,op1,20,linear7,,30
p1765,,,op6,op1,80,squared,,10
p1765,,,op7,op1,80,squared,,10
p1765,,,op8,op1,1,const,,55
p1765,,,op9,op1,1,const,,55
p1765,,,op10,op1,1,const,,55
p1766,1555.79,BATCH_PIPELINE,op1,,1,const,,55
p1766,,,op2,op1,1,const,,55
p1766,,,op3,op1,15,linear3,,37.5
p1766,,,op4,op1,15,linear3,,37.5
p1766,,,op5,op1,20,linear7,,30
p1766,,,op6,op1,15,linear3,,37.5
p1766,,,op7,op1,20,linear7,,30
p1766,,,op8,op1,5,linear3,,45
p1766,,,op9,op1,40,linear7,,20
p1767,1555.79,BATCH_PIPELINE,op1,,1,const,,55
p1767,,,op2,op1,40,linear7,,20
p1767,,,op3,op2,20,linear7,,30
p1767,,,op4,op3,15,linear3,,37.5
p1767,,,op5,op4,80,squared,,10
p1768,1555.79,INTERACTIVE,op1,,1,const,,55
p1768,,,op2,,40,linear7,,20
p1768,,,op3,,15,linear3,,37.5
p1768,,,op4,,2,sqrt,,55
p1768,,,op5,,5,linear3,,45
p1768,,,op6,,40,linear7,,20
p1768,,,op7,,15,linear3,,37.5
p1768,,,op8,,5,linear3,,45
p1768,,,op9,,5,linear3,,45
p1768,,,op10,op1;op2;op3;op4;op5;op6;op7;op8;op9,20,linear7,,30
p1769,1555.79,BATCH_PIPELINE,op1,,1,const,,55
p1769,,,op2,op1,15,linear3,,37.5
p1769,,,op3,op1,20,linear7,,30
p1770,1555.79,BATCH_PIPELINE,op1,,1,const,,55
p1770,,,op2,op1,2,sqrt,,55
p1770,,,op3,op2,2,sqrt,,55
p1770,,,op4,op3,40,linear7,,20
p1770,,,op5,op4,1,const,,55
p1770,,,op6,op5,20,linear7,,30
p1770,,,op7,op6,5,linear3,,45
p1771,1562.6290000000001,BATCH_PIPELINE,op1,,1,const,,55
p1771,,,op2,op1,5,linear3,,45
p1771,,,op3,op2,2,sqrt,,55
p1771,,,op4,op3,15,linear3,,37.5
p1771,,,op5,op4,15,linear3,,37.5
p1771,,,op6,op5,15,linear3,,37.5
p1772,1562.6290000000001,BATCH_PIPELINE,op1,,1,const,,55
p1772,,,op2,op1,5,linear3,,45
p1772,,,op3,op2,5,linear3,,45
p1772,,,op4,op3,80,squared,,10
p1772,,,op5,op4,5,linear3,,45
p1772,,,op6,op5,40,linear7,,20
p1773,1562.6290000000001,BATCH_PIPELINE,op1,,1,const,,55
p1773,,,op2,op1,15,linear3,,37.5
p1773,,,op3,op2,15,linear3,,37.5
p1773,,,op4,op3,5,linear3,,45
p1773,,,op5,op4,1,const,,55
p1773,,,op6,op5,20,linear7,,30
p1773,,,op7,op6,15,linear3,,37.5
p1773,,,op8,op7,20,linear7,,30
p1773,,,op9,op8,5,linear3,,45
p1773,,,op10,op9,20,linear7,,30
p1774,1562.6290000000001,BATCH_PIPELINE,op1,,1,const,,55
p1774,,,op2,op1,5,linear3,,45
p1774,,,op3,op1,2,sqrt,,55
p1774,,,op4,op1,2,sqrt,,55
p1774,,,op5,op1,15,linear3,,37.5
p1775,1562.6290000000001,BATCH_PIPELINE,op1,,1,const,,55
p1775,,,op2,op1,15,linear3,,37.5
p1775,,,op3,op2,2,sqrt,,55
p1775,,,op4,op3,2,sqrt,,55
p1775,,,op5,op4,5,linear3,,45
p1776,1562.6290000000001,INTERACTIVE,op1,,1,const,,55
p1776,,,op2,op1,80,squared,,10
p1776,,,op3,op2,5,linear3,,45
p1776,,,op4,op3,20,linear7,,30
p1776,,,op5,op4,40,linear7,,20
p1776,,,op6,op5,40,linear7,,20
p1776,,,op7,op6,80,squared,,10
p1776,,,op8,op7,15,linear3,,37.5
p1776,,,op9,op8,15,linear3,,37.5
p1776,,,op10,op9,1,const,,55
p1777,1562.6290000000001,BATCH_PIPELINE,op1,,1,const,,55
p1777,,,op2,op1,15,linear3,,37.5
p1777,,,op3,op2,80,squared,,10
p1777,,,op4,op3,5,linear3,,45
p1777,,,op5,op4,2,sqrt,,55
p1777,,,op6,op5,5,linear3,,45
p1777,,,op7,op6,1,const,,55
p1777,,,op8,op7,20,linear7,,30
p1777,,,op9,op8,15,linear3,,37.5
p1777,,,op10,op9,20,linear7,,30
p1778,1562.6290000000001,BATCH_PIPELINE,op1,,1,const,,55
p1778,,,op2,,15,linear3,,37.5
p1778,,,op3,,15,linear3,,37.5
p1778,,,op4,,1,const,,55
p1778,,,op5,,5,linear3,,45
p1778,,,op6,,5,linear3,,45
p1778,,,op7,op1;op2;op3;op4;op5;op6,80,squared,,10
p1779,1562.6290000000001,BATCH_PIPELINE,op1,,1,const,,55
p1779,,,op2,op1,5,linear3,,45
p1779,,,op3,op2,15,linear3,,37.5
p1779,,,op4,op3,5,linear3,,45
p1779,,,op5,op4,15,linear3,,37.5
p1779,,,op6,op5,15,linear3,,37.5
p1779,,,op7,op6,5,linear3,,45
p1779,,,op8,op7,20,linear7,,30
p1780,1562.6290000000001,BATCH_PIPELINE,op1,,1,const,,55
p1780,,,op2,op1,15,linear3,,37.5
p1780,,,op3,op2,20,linear7,,30
p1780,,,op4,op3,15,linear3,,37.5
p1780,,,op5,op4,20,linear7,,30
p1780,,,op6,op5,5,linear3,,45
p1780,,,op7,op6,2,sqrt,,55
p1781,1568.4170000000001,BATCH_PIPELINE,op1,,1,const,,55
p1781,,,op2,op1,40,linear7,,20
p1781,,,op3,op2,2,sqrt,,55
p1781,,,op4,op3,40,linear7,,20
p1781,,,op5,op4,1,const,,55
p1781,,,op6,op5,5,linear3,,45
p1781,,,op7,op6,80,squared,,10
p1781,,,op8,op7,20,linear7,,30
p1781,,,op9,op8,5,linear3,,45
p1781,,,op10,op9,1,const,,55
p1781,,,op11,op10,1,const,,55
p1782,1568.4170000000001,INTERACTIVE,op1,,1,const,,55
p1782,,,op2,op1,1,const,,55
p1782,,,op3,op2,20,linear7,,30
p1782,,,op4,op3,1,const,,55
p1782,,,op5,op4,20,linear7,,30
p1782,,,op6,op5,5,linear3,,45
p1782,,,op7,op6,20,linear7,,30
p1783,1568.4170000000001,BATCH_PIPELINE,op1,,1,const,,55
p1783,,,op2,op1,20,linear7,,30
p1783,,,op3,op2,15,linear3,,37.5
p1783,,,op4,op3,15,linear3,,37.5
p1784,1568.4170000000001,BATCH_PIPELINE,op1,,1,const,,55
p1784,,,op2,,5,linear3,,45
p1784,,,op3,,40,linear7,,20
p1784,,,op4,,15,linear3,,37.5
p1784,,,op5,,5,linear3,,45
p1784,,,op6,,1,const,,55
p1784,,,op7,op1;op2;op3;op4;op5;op6,40,linear7,,20
p1785,1568.4170000000001,BATCH_PIPELINE,op1,,1,const,,55
p1785,,,op2,op1,20,linear7,,30
p1785,,,op3,op1,80,squared,,10
p1785,,,op4,op1,5,linear3,,45
p1785,,,op5,op1,40,linear7,,20
p1785,,,op6,op1,15,linear3,,37.5
p1785,,,op7,op1,15,linear3,,37.5
p1785,,,op8,op1,80,squared,,10
p1786,1568.4170000000001,QUERY,op1,,15,linear3,,35
p1787,1568.4170000000001,BATCH_PIPELINE,op1,,1,const,,55
p1787,,,op2,,5,linear3,,45
p1787,,,op3,,40,linear7,,20
p1787,,,op4,,1,const,,55
p1787,,,op5,,20,linear7,,30
p1787,,,op6,op1;op2;op3;op4;op5,2,sqrt,,55
p1788,1568.4170000000001,BATCH_PIPELINE,op1,,1,const,,55
p1788,,,op2,op1,5,linear3,,45
p1788,,,op3,op2,2,sqrt,,55
p1788,,,op4,op3,20,linear7,,30
p1788,,,op5,op4,2,sqrt,,55
p1788,,,op6,op5,5,linear3,,45
p1788,,,op7,op6,15,linear3,,37.5
p1789,1568.4170000000001,INTERACTIVE,op1,,1,const,,55
p1789,,,op2,op1,20,linear7,,30
p1789,,,op3,op2,1,const,,55
p1789,,,op4,op3,2,sqrt,,55
p1789,,,op5,op4,5,linear3,,45
p1789,,,op6,op5,5,linear3,,45
p1789,,,op7,op6,1,const,,55
p1790,1568.4170000000001,BATCH_PIPELINE,op1,,1,const,,55
p1790,,,op2,op1,2,sqrt,,55
p1790,,,op3,op1,15,linear3,,37.5
p1790,,,op4,op1,20,linear7,,30
p1790,,,op5,op1,5,linear3,,45
p1790,,,op6,op1,20,linear7,,30
p1790,,,op7,op1,2,sqrt,,55
p1790,,,op8,op1,15,linear3,,37.5
p1791,1579.988,BATCH_PIPELINE,op1,,1,const,,55
p1791,,,op2,op1,15,linear3,,37.5
p1791,,,op3,op2,5,linear3,,45
p1791,,,op4,op3,1,const,,55
p1791,,,op5,op4,1,const,,55
p1791,,,op6,op5,5,linear3,,45
p1791,,,op7,op6,5,linear3,,45
p1791,,,op8,op7,80,squared,,10
p1791,,,op9,op8,40,linear7,,20
p1791,,,op10,op9,2,sqrt,,55
p1792,1579.988,BATCH_PIPELINE,op1,,1,const,,55
p1792,,,op2,,20,linear7,,30
p1792,,,op3,,40,linear7,,20
p1792,,,op4,,5,linear3,,45
p1792,,,op5,,40,linear7,,20
p1792,,,op6,,1,const,,55
p1792,,,op7,op1;op2;op3;op4;op5;op6,40,linear7,,20
p1793,1579.988,BATCH_PIPELINE,op1,,1,const,,55
p1793,,,op2,op1,5,linear3,,45
p1793,,,op3,op2,40,linear7,,20
p1793,,,op4,op3,5,linear3,,45
p1793,,,op5,op4,20,linear7,,30
p1793,,,op6,op5,15,linear3,,37.5
p1793,,,op7,op6,40,linear7,,20
p1794,1579.988,BATCH_PIPELINE,op1,,1,const,,55
p1794,,,op2,op1,80,squared,,10
p1794,,,op3,op2,20,linear7,,30
p1794,,,op4,op3,5,linear3,,45
p1794,,,op5,op4,80,squared,,10
p1794,,,op6,op5,40,linear7,,20
p1795,1579.988,BATCH_PIPELINE,op1,,1,const,,55
p1795,,,op2,op1,20,linear7,,30
p1795,,,op3,op2,1,const,,55
p1795,,,op4,op3,15,linear3,,37.5
p1795,,,op5,op4,5,linear3,,45
p1795,,,op6,op5,5,linear3,,45
p1795,,,op7,op6,5,linear3,,45
p1795,,,op8,op7,1,const,,55
p1796,1579.988,BATCH_PIPELINE,op1,,1,const,,55
p1796,,,op2,op1,1,const,,55
p1796,,,op3,op2,5,linear3,,45
p1796,,,op4,op3,20,linear7,,30
p1796,,,op5,op4,5,linear3,,45
p1796,,,op6,op5,40,linear7,,20
p1796,,,op7,op6,40,linear7,,20
p1796,,,op8,op7,1,const,,55
p1796,,,op9,op8,5,linear3,,45
p1796,,,op10,op9,5,linear3,,45
p1797,1579.988,INTERACTIVE,op1,,1,const,,55
p1797,,,op2,op1,5,linear3,,45
p1797,,,op3,op2,20,linear7,,30
p1797,,,op4,op3,40,linear7,,20
p1797,,,op5,op4,20,linear7,,30
p1798,1579.988,BATCH_PIPELINE,op1,,1,const,,55
p1798,,,op2,op1,5,linear3,,45
p1798,,,op3,op2,5,linear3,,45
p1798,,,op4,op3,80,squared,,10
p1798,,,op5,op4,1,const,,55
p1798,,,op6,op5,1,const,,55
p1798,,,op7,op6,15,linear3,,37.5
p1799,1579.988,BATCH_PIPELINE,op1,,1,const,,55
p1799,,,op2,op1,2,sqrt,,55
p1799,,,op3,op2,20,linear7,,30
p1799,,,op4,op3,40,linear7,,20
p1799,,,op5,op4,80,squared,,10
p1800,1579.988,BATCH_PIPELINE,op1,,1,const,,55
p1800,,,op2,op1,1,const,,55
p1800,,,op3,op1,1,const,,55
p1800,,,op4,op1,40,linear7,,20
p1800,,,op5,op1,20,linear7,,30
p1800,,,op6,op1,15,linear3,,37.5
p1800,,,op7,op1,15,linear3,,37.5
p1800,,,op8,op1,15,linear3,,37.5
p1801,1586.4660000000001,INTERACTIVE,op1,,1,const,,55
p1801,,,op2,op1,20,linear7,,30
p1801,,,op3,op1,5,linear3,,45
p1801,,,op4,op1,20,linear7,,30
p1801,,,op5,op1,15,linear3,,37.5
p1801,,,op6,op1,40,linear7,,20
p1801,,,op7,op1,20,linear7,,30
p1802,1586.4660000000001,BATCH_PIPELINE,op1,,1,const,,55
p1802,,,op2,op1,20,linear7,,30
p1802,,,op3,op2,40,linear7,,20
p1802,,,op4,op3,2,sqrt,,55
p1802,,,op5,op4,20,linear7,,30
p1802,,,op6,op5,1,const,,55
p1802,,,op7,op6,5,linear3,,45
p1802,,,op8,op7,5,linear3,,45
p1803,1586.4660000000001,BATCH_PIPELINE,op1,,1,const,,55
p1803,,,op2,,1,const,,55
p1803,,,op3,,5,linear3,,45
p1803,,,op4,,2,sqrt,,55
p1803,,,op5,,80,squared,,10
p1803,,,op6,,2,sqrt,,55
p1803,,,op7,op1;op2;op3;op4;op5;op6,15,linear3,,37.5
p1804,1586.4660000000001,BATCH_PIPELINE,op1,,1,const,,55
p1804,,,op2,op1,20,linear7,,30
p1804,,,op3,op2,15,linear3,,37.5
p1804,,,op4,op3,1,const,,55
p1805,1586.4660000000001,BATCH_PIPELINE,op1,,1,const,,55
p1805,,,op2,,40,linear7,,20
p1805,,,op3,,2,sqrt,,55
p1805,,,op4,,40,linear7,,20
p1805,,,op5,,15,linear3,,37.5
p1805,,,op6,,80,squared,,10
p1805,,,op7,,15,linear3,,37.5
p1805,,,op8,,1,const,,55
p1805,,,op9,,20,linear7,,30
p1805,,,op10,op1;op2;op3;op4;op5;op6;op7;op8;op9,5,linear3,,45
p1806,1586.4660000000001,QUERY,op1,,15,linear3,,35
p1807,1586.4660000000001,BATCH_PIPELINE,op1,,1,const,,55
p1807,,,op2,op1,80,squared,,10
p1807,,,op3,op2,5,linear3,,45
p1807,,,op4,op3,2,sqrt,,55
p1807,,,op5,op4,40,linear7,,20
p1807,,,op6,op5,15,linear3,,37.5
p1807,,,op7,op6,15,linear3,,37.5
p1807,,,op8,op7,1,const,,55
p1807,,,op9,op8,5,linear3,,45
p1807,,,op10,op9,20,linear7,,30
p1807,,,op11,op10,1,const,,55
p1808,1586.4660000000001,BATCH_PIPELINE,op1,,1,const,,55
p1808,,,op2,op1,80,squared,,10
p1808,,,op3,op2,5,linear3,,45
p1808,,,op4,op3,2,sqrt,,55
p1808,,,op5,op4,80,squared,,10
p1808,,,op6,op5,5,linear3,,45
p1808,,,op7,op6,5,linear3,,45
p1809,1586.4660000000001,BATCH_PIPELINE,op1,,1,const,,55
p1809,,,op2,op1,40,linear7,,20
p1809,,,op3,op2,20,linear7,,30
p1809,,,op4,op3,40,linear7,,20
p1809,,,op5,op4,40,linear7,,20
p1809,,,op6,op5,15,linear3,,37.5
p1809,,,op7,op6,15,linear3,,37.5
p1810,1586.4660000000001,BATCH_PIPELINE,op1,,1,const,,55
p1810,,,op2,op1,5,linear3,,45
p1810,,,op3,op2,5,linear3,,45
p1810,,,op4,op3,1,const,,55
p1810,,,op5,op4,1,const,,55
p1811,1597.6580000000001,BATCH_PIPELINE,op1,,1,const,,55
p1811,,,op2,op1,15,linear3,,37.5
p1811,,,op3,op2,40,linear7,,20
p1811,,,op4,op3,80,squared,,10
p1811,,,op5,op4,80,squared,,10
p1811,,,op6,op5,5,linear3,,45
p1812,1597.6580000000001,BATCH_PIPELINE,op1,,1,const,,55
p1812,,,op2,op1,2,sqrt,,55
p1812,,,op3,op2,2,sqrt,,55
p1812,,,op4,op3,40,linear7,,20
p1812,,,op5,op4,40,linear7,,20
p1812,,,op6,op5,5,linear3,,45
p1812,,,op7,op6,15,linear3,,37.5
p1812,,,op8,op7,40,linear7,,20
p1812,,,op9,op8,1,const,,55
p1813,1597.6580000000001,BATCH_PIPELINE,op1,,1,const,,55
p1813,,,op2,op1,1,const,,55
p1813,,,op3,op2,15,linear3,,37.5
p1813,,,op4,op3,40,linear7,,20
p1813,,,op5,op4,1,const,,55
p1813,,,op6,op5,15,linear3,,37.5
p1813,,,op7,op6,5,linear3,,45
p1813,,,op8,op7,1,const,,55
p1813,,,op9,op8,15,linear3,,37.5
p1813,,,op10,op9,5,linear3,,45
p1813,,,op11,op10,15,linear3,,37.5
p1813,,,op12,op11,5,linear3,,45
p1814,1597.6580000000001,BATCH_PIPELINE,op1,,1,const,,55
p1814,,,op2,op1,20,linear7,,30
p1814,,,op3,op2,2,sqrt,,55
p1814,,,op4,op3,20,linear7,,30
p1814,,,op5,op4,15,linear3,,37.5
p1815,1597.6580000000001,BATCH_PIPELINE,op1,,1,const,,55
p1815,,,op2,op1,20,linear7,,30
p1815,,,op3,op2,20,linear7,,30
p1815,,,op4,op3,5,linear3,,45
p1815,,,op5,op4,1,const,,55
p1816,1597.6580000000001,BATCH_PIPELINE,op1,,1,const,,55
p1816,,,op2,op1,5,linear3,,45
p1816,,,op3,op2,20,linear7,,30
p1816,,,op4,op3,15,linear3,,37.5
p1816,,,op5,op4,40,linear7,,20
p1816,,,op6,op5,1,const,,55
p1816,,,op7,op6,5,linear3,,45
p1817,1597.6580000000001,BATCH_PIPELINE,op1,,1,const,,55
p1817,,,op2,op1,40,linear7,,20
p1817,,,op3,op2,20,linear7,,30
p1817,,,op4,op3,40,linear7,,20
p1817,,,op5,op4,5,linear3,,45
p1817,,,op6,op5,2,sqrt,,55
p1817,,,op7,op6,2,sqrt,,55
p1818,1597.6580000000001,BATCH_PIPELINE,op1,,1,const,,55
p1818,,,op2,op1,5,linear3,,45
p1818,,,op3,op2,5,linear3,,45
p1818,,,op4,op3,15,linear3,,37.5
p1818,,,op5,op4,80,squared,,10
p1818,,,op6,op5,40,linear7,,20
p1818,,,op7,op6,15,linear3,,37.5
p1818,,,op8,op7,15,linear3,,37.5
p1818,,,op9,op8,15,linear3,,37.5
p1818,,,op10,op9,20,linear7,,30
p1818,,,op11,op10,5,linear3,,45
p1819,1597.6580000000001,BATCH_PIPELINE,op1,,1,const,,55
p1819,,,op2,op1,40,linear7,,20
p1819,,,op3,op1,80,squared,,10
p1819,,,op4,op1,20,linear7,,30
p1819,,,op5,op1,15,linear3,,37.5
p1819,,,op6,op1,80,squared,,10
p1819,,,op7,op1,15,linear3,,37.5
p1819,,,op8,op1,2,sqrt,,55
p1819,,,op9,op1,5,linear3,,45
p1819,,,op10,op1,80,squared,,10
p1820,1597.6580000000001,BATCH_PIPELINE,op1,,1,const,,55
p1820,,,op2,,5,linear3,,45
p1820,,,op3,,5,linear3,,45
p1820,,,op4,,40,linear7,,20
p1820,,,op5,,2,sqrt,,55
p1820,,,op6,op1;op2;op3;op4;op5,1,const,,55
p1821,1603.534,BATCH_PIPELINE,op1,,1,const,,55
p1821,,,op2,op1,1,const,,55
p1821,,,op3,op2,5,linear3,,45
p1821,,,op4,op3,40,linear7,,20
p1821,,,op5,op4,2,sqrt,,55
p1821,,,op6,op5,2,sqrt,,55
p1821,,,op7,op6,1,const,,55
p1821,,,op8,op7,5,linear3,,45
p1822,1603.534,BATCH_PIPELINE,op1,,1,const,,55
p1822,,,op2,op1,15,linear3,,37.5
p1822,,,op3,op1,20,linear7,,30
p1822,,,op4,op1,20,linear7,,30
p1822,,,op5,op1,5,linear3,,45
p1822,,,op6,op1,80,squared,,10
p1822,,,op7,op1,15,linear3,,37.5
p1822,,,op8,op1,15,linear3,,37.5
p1822,,,op9,op1,20,linear7,,30
p1822,,,op10,op1,15,linear3,,37.5
p1822,,,op11,op1,80,squared,,10
p1822,,,op12,op1,5,linear3,,45
p1823,1603.534,BATCH_PIPELINE,op1,,1,const,,55
p1823,,,op2,op1,5,linear3,,45
p1823,,,op3,op2,5,linear3,,45
p1823,,,op4,op3,20,linear7,,30
p1823,,,op5,op4,15,linear3,,37.5
p1823,,,op6,op5,2,sqrt,,55
p1823,,,op7,op6,40,linear7,,20
p1823,,,op8,op7,20,linear7,,30
p1824,1603.534,QUERY,op1,,15,linear3,,35
p1825,1603.534,BATCH_PIPELINE,op1,,1,const,,55
p1825,,,op2,op1,1,const,,55
p1825,,,op3,op2,15,linear3,,37.5
p1825,,,op4,op3,20,linear7,,30
p1825,,,op5,op4,1,const,,55
p1825,,,op6,op5,15,linear3,,37.5
p1825,,,op7,op6,20,linear7,,30
p1825,,,op8,op7,20,linear7,,30
p1826,1603.534,BATCH_PIPELINE,op1,,1,const,,55
p1826,,,op2,op1,1,const,,55
p1826,,,op3,op2,40,linear7,,20
p1826,,,op4,op3,20,linear7,,30
p1826,,,op5,op4,40,linear7,,20
p1826,,,op6,op5,2,sqrt,,55
p1826,,,op7,op6,20,linear7,,30
p1827,1603.534,BATCH_PIPELINE,op1,,1,const,,55
p1827,,,op2,op1,20,linear7,,30
p1827,,,op3,op2,80,squared,,10
p1827,,,op4,op3,5,linear3,,45
p1827,,,op5,op4,2,sqrt,,55
p1827,,,op6,op5,2,sqrt,,55
p1828,1603.534,BATCH_PIPELINE,op1,,1,const,,55
p1828,,,op2,op1,40,linear7,,20
p1828,,,op3,op2,5,linear3,,45
p1828,,,op4,op3,15,linear3,,37.5
p1828,,,op5,op4,20,linear7,,30
p1828,,,op6,op5,5,linear3,,45
p1828,,,op7,op6,5,linear3,,45
p1828,,,op8,op7,2,sqrt,,55
p1828,,,op9,op8,5,linear3,,45
p1828,,,op10,op9,15,linear3,,37.5
p1828,,,op11,op10,2,sqrt,,55
p1828,,,op12,op11,15,linear3,,37.5
p1829,1603.534,QUERY,op1,,15,linear3,,35
p1830,1603.534,BATCH_PIPELINE,op1,,1,const,,55
p1830,,,op2,op1,5,linear3,,45
p1830,,,op3,op2,15,linear3,,37.5
p1830,,,op4,op3,40,linear7,,20
p1830,,,op5,op4,1,const,,55
p1830,,,op6,op5,80,squared,,10
p1831,1612.371,BATCH_PIPELINE,op1,,1,const,,55
p1831,,,op2,op1,5,linear3,,45
p1831,,,op3,op1,5,linear3,,45
p1831,,,op4,op1,5,linear3,,45
p1831,,,op5,op1,5,linear3,,45
p1831,,,op6,op1,20,linear7,,30
p1832,1612.371,BATCH_PIPELINE,op1,,1,const,,55
p1832,,,op2,op1,2,sqrt,,55
p1832,,,op3,op2,5,linear3,,45
p1832,,,op4,op3,20,linear7,,30
p1832,,,op5,op4,20,linear7,,30
p1832,,,op6,op5,20,linear7,,30
p1832,,,op7,op6,15,linear3,,37.5
p1833,1612.371,BATCH_PIPELINE,op1,,1,const,,55
p1833,,,op2,op1,5,linear3,,45
p1833,,,op3,op2,5,linear3,,45
p1833,,,op4,op3,2,sqrt,,55
p1833,,,op5,op4,5,linear3,,45
p1833,,,op6,op5,15,linear3,,37.5
p1833,,,op7,op6,1,const,,55
p1834,1612.371,INTERACTIVE,op1,,1,const,,55
p1834,,,op2,op1,15,linear3,,37.5
p1834,,,op3,op2,2,sqrt,,55
p1834,,,op4,op3,5,linear3,,45
p1834,,,op5,op4,15,linear3,,37.5
p1834,,,op6,op5,2,sqrt,,55
p1834,,,op7,op6,20,linear7,,30
p1834,,,op8,op7,80,squared,,10
p1834,,,op9,op8,40,linear7,,20
p1834,,,op10,op9,40,linear7,,20
p1834,,,op11,op10,1,const,,55
p1835,1612.371,BATCH_PIPELINE,op1,,1,const,,55
p1835,,,op2,op1,80,squared,,10
p1835,,,op3,op2,40,linear7,,20
p1835,,,op4,op3,20,linear7,,30
p1835,,,op5,op4,80,squared,,10
p1835,,,op6,op5,15,linear3,,37.5
p1835,,,op7,op6,5,linear3,,45
p1835,,,op8,op7,15,linear3,,37.5
p1836,1612.371,BATCH_PIPELINE,op1,,1,const,,55
p1836,,,op2,op1,5,linear3,,45
p1836,,,op3,op2,5,linear3,,45
p1836,,,op4,op3,40,linear7,,20
p1836,,,op5,op4,40,linear7,,20
p1836,,,op6,op5,2,sqrt,,55
p1836,,,op7,op6,80,squared,,10
p1836,,,op8,op7,15,linear3,,37.5
p1837,1612.371,BATCH_PIPELINE,op1,,1,const,,55
p1837,,,op2,op1,40,linear7,,20
p1837,,,op3,op1,15,linear3,,37.5
p1837,,,op4,op1,15,linear3,,37.5
p1838,1612.371,BATCH_PIPELINE,op1,,1,const,,55
p1838,,,op2,op1,80,squared,,10
p1838,,,op3,op2,40,linear7,,20
p1838,,,op4,op3,5,linear3,,45
p1838,,,op5,op4,80,squared,,10
p1839,1612.371,BATCH_PIPELINE,op1,,1,const,,55
p1839,,,op2,op1,20,linear7,,30
p1839,,,op3,op2,5,linear3,,45
p1839,,,op4,op3,15,linear3,,37.5
p1839,,,op5,op4,2,sqrt,,55
p1839,,,op6,op5,15,linear3,,37.5
p1840,1612.371,INTERACTIVE,op1,,1,const,,55
p1840,,,op2,op1,20,linear7,,30
p1840,,,op3,op2,5,linear3,,45
p1840,,,op4,op3,2,sqrt,,55
p1840,,,op5,op4,80,squared,,10
p1840,,,op6,op5,80,squared,,10
p1840,,,op7,op6,80,squared,,10
p1840,,,op8,op7,20,linear7,,30
p1841,1620.7740000000001,INTERACTIVE,op1,,1,const,,55
p1841,,,op2,op1,80,squared,,10
p1841,,,op3,op1,1,const,,55
p1841,,,op4,op1,15,linear3,,37.5
p1841,,,op5,op1,40,linear7,,20
p1841,,,op6,op1,2,sqrt,,55
p1841,,,op7,op1,15,linear3,,37.5
p1841,,,op8,op1,20,linear7,,30
p1842,1620.7740000000001,BATCH_PIPELINE,op1,,1,const,,55
p1842,,,op2,op1,2,sqrt,,55
p1842,,,op3,op1,1,const,,55
p1842,,,op4,op1,1,const,,55
p1842,,,op5,op1,2,sqrt,,55
p1843,1620.7740000000001,BATCH_PIPELINE,op1,,1,const,,55
p1843,,,op2,op1,2,sqrt,,55
p1843,,,op3,op2,20,linear7,,30
p1843,,,op4,op3,80,squared,,10
p1843,,,op5,op4,2,sqrt,,55
p1843,,,op6,op5,80,squared,,10
p1843,,,op7,op6,15,linear3,,37.5
p1844,1620.7740000000001,BATCH_PIPELINE,op1,,1,const,,55
p1844,,,op2,op1,80,squared,,10
p1844,,,op3,op2,20,linear7,,30
p1844,,,op4,op3,20,linear7,,30
p1844,,,op5,op4,5,linear3,,45
p1844,,,op6,op5,20,linear7,,30
p1844,,,op7,op6,2,sqrt,,55
p1844,,,op8,op7,15,linear3,,37.5
p1845,1620.7740000000001,BATCH_PIPELINE,op1,,1,const,,55
p1845,,,op2,op1,15,linear3,,37.5
p1846,1620.7740000000001,QUERY,op1,,15,linear3,,35
p1847,1620.7740000000001,BATCH_PIPELINE,op1,,1,const,,55
p1847,,,op2,op1,15,linear3,,37.5
p1847,,,op3,op1,5,linear3,,45
p1847,,,op4,op1,80,squared,,10
p1847,,,op5,op1,5,linear3,,45
p1847,,,op6,op1,20,linear7,,30
p1847,,,op7,op1,2,sqrt,,55
p1847,,,op8,op1,40,linear7,,20
p1848,1620.7740000000001,BATCH_PIPELINE,op1,,1,const,,55
p1848,,,op2,op1,2,sqrt,,55
p1848,,,op3,op2,80,squared,,10
p1848,,,op4,op3,2,sqrt,,55
p1848,,,op5,op4,20,linear7,,30
p1848,,,op6,op5,2,sqrt,,55
p1848,,,op7,op6,40,linear7,,20
p1848,,,op8,op7,2,sqrt,,55
p1849,1620.7740000000001,BATCH_PIPELINE,op1,,1,const,,55
p1849,,,op2,op1,20,linear7,,30
p1849,,,op3,op2,15,linear3,,37.5
p1849,,,op4,op3,2,sqrt,,55
p1849,,,op5,op4,15,linear3,,37.5
p1849,,,op6,op5,1,const,,55
p1850,1620.7740000000001,BATCH_PIPELINE,op1,,1,const,,55
p1850,,,op2,op1,15,linear3,,37.5
p1850,,,op3,op2,80,squared,,10
p1850,,,op4,op3,5,linear3,,45
p1850,,,op5,op4,2,sqrt,,55
p1850,,,op6,op5,20,linear7,,30
p1850,,,op7,op6,1,const,,55
p1850,,,op8,op7,5,linear3,,45
p1850,,,op9,op8,5,linear3,,45
p1851,1628.195,BATCH_PIPELINE,op1,,1,const,,55
p1851,,,op2,op1,40,linear7,,20
p1851,,,op3,op2,15,linear3,,37.5
p1851,,,op4,op3,5,linear3,,45
p1851,,,op5,op4,1,const,,55
p1851,,,op6,op5,15,linear3,,37.5
p1851,,,op7,op6,1,const,,55
p1851,,,op8,op7,1,const,,55
p1851,,,op9,op8,5,linear3,,45
p1852,1628.195,QUERY,op1,,15,linear3,,35
p1853,1628.195,BATCH_PIPELINE,op1,,1,const,,55
p1853,,,op2,op1,5,linear3,,45
p1853,,,op3,op1,40,linear7,,20
p1853,,,op4,op1,80,squared,,10
p1853,,,op5,op1,20,linear7,,30
p1853,,,op6,op1,2,sqrt,,55
p1853,,,op7,op1,5,linear3,,45
p1853,,,op8,op1,1,const,,55
p1853,,,op9,op1,15,linear3,,37.5
p1853,,,op10,op1,2,sqrt,,55
p1853,,,op11,op1,5,linear3,,45
p1854,1628.195,INTERACTIVE,op1,,1,const,,55
p1854,,,op2,op1,5,linear3,,45
p1854,,,op3,op2,15,linear3,,37.5
p1854,,,op4,op3,5,linear3,,45
p1855,1628.195,BATCH_PIPELINE,op1,,1,const,,55
p1855,,,op2,op1,5,linear3,,45
p1855,,,op3,op2,5,linear3,,45
p1855,,,op4,op3,5,linear3,,45
p1855,,,op5,op4,15,linear3,,37.5
p1855,,,op6,op5,20,linear7,,30
p1856,1628.195,BATCH_PIPELINE,op1,,1,const,,55
p1856,,,op2,op1,40,linear7,,20
p1856,,,op3,op2,15,linear3,,37.5
p1856,,,op4,op3,2,sqrt,,55
p1856,,,op5,op4,15,linear3,,37.5
p1856,,,op6,op5,40,linear7,,20
p1857,1628.195,BATCH_PIPELINE,op1,,1,const,,55
p1857,,,op2,,1,const,,55
p1857,,,op3,,15,linear3,,37.5
p1857,,,op4,,5,linear3,,45
p1857,,,op5,,15,linear3,,37.5
p1857,,,op6,,80,squared,,10
p1857,,,op7,,15,linear3,,37.5
p1857,,,op8,op1;op2;op3;op4;op5;op6;op7,2,sqrt,,55
p1858,1628.195,BATCH_PIPELINE,op1,,1,const,,55
p1858,,,op2,op1,20,linear7,,30
p1858,,,op3,op2,5,linear3,,45
p1858,,,op4,op3,15,linear3,,37.5
p1858,,,op5,op4,2,sqrt,,55
p1858,,,op6,op5,15,linear3,,37.5
p1858,,,op7,op6,1,const,,55
p1858,,,op8,op7,5,linear3,,45
p1858,,,op9,op8,2,sqrt,,55
p1858,,,op10,op9,1,const,,55
p1858,,,op11,op10,5,linear3,,45
p1859,1628.195,BATCH_PIPELINE,op1,,1,const,,55
p1859,,,op2,op1,80,squared,,10
p1859,,,op3,op2,15,linear3,,37.5
p1859,,,op4,op3,15,linear3,,37.5
p1859,,,op5,op4,20,linear7,,30
p1859,,,op6,op5,20,linear7,,30
p1859,,,op7,op6,20,linear7,,30
p1860,1628.195,BATCH_PIPELINE,op1,,1,const,,55
p1860,,,op2,op1,80,squared,,10
p1860,,,op3,op1,80,squared,,10
p1860,,,op4,op1,15,linear3,,37.5
p1860,,,op5,op1,1,const,,55
p1860,,,op6,op1,40,linear7,,20
p1860,,,op7,op1,2,sqrt,,55
p1860,,,op8,op1,20,linear7,,30
p1860,,,op9,op1,1,const,,55
p1861,1642.205,INTERACTIVE,op1,,1,const,,55
p1861,,,op2,op1,15,linear3,,37.5
p1861,,,op3,op1,5,linear3,,45
p1861,,,op4,op1,40,linear7,,20
p1861,,,op5,op1,5,linear3,,45
p1861,,,op6,op1,40,linear7,,20
p1861,,,op7,op1,2,sqrt,,55
p1861,,,op8,op1,15,linear3,,37.5
p1862,1642.205,BATCH_PIPELINE,op1,,1,const,,55
p1862,,,op2,op1,20,linear7,,30
p1862,,,op3,op2,15,linear3,,37.5
p1862,,,op4,op3,20,linear7,,30
p1862,,,op5,op4,2,sqrt,,55
p1862,,,op6,op5,15,linear3,,37.5
p1862,,,op7,op6,80,squared,,10
p1862,,,op8,op7,1,const,,55
p1863,1642.205,BATCH_PIPELINE,op1,,1,const,,55
p1863,,,op2,op1,20,linear7,,30
p1863,,,op3,op2,15,linear3,,37.5
p1863,,,op4,op3,20,linear7,,30
p1863,,,op5,op4,2,sqrt,,55
p1863,,,op6,op5,5,linear3,,45
p1863,,,op7,op6,1,const,,55
p1863,,,op8,op7,80,squared,,10
p1863,,,op9,op8,20,linear7,,30
p1864,1642.205,BATCH_PIPELINE,op1,,1,const,,55
p1864,,,op2,op1,40,linear7,,20
p1864,,,op3,op2,2,sqrt,,55
p1864,,,op4,op3,1,const,,55
p1864,,,op5,op4,15,linear3,,37.5
p1864,,,op6,op5,2,sqrt,,55
p1864,,,op7,op6,20,linear7,,30
p1864,,,op8,op7,40,linear7,,20
p1865,1642.205,BATCH_PIPELINE,op1,,1,const,,55
p1865,,,op2,op1,80,squared,,10
p1865,,,op3,op2,40,linear7,,20
p1865,,,op4,op3,80,squared,,10
p1865,,,op5,op4,15,linear3,,37.5
p1865,,,op6,op5,1,const,,55
p1865,,,op7,op6,80,squared,,10
p1865,,,op8,op7,15,linear3,,37.5
p1865,,,op9,op8,40,linear7,,20
p1865,,,op10,op9,5,linear3,,45
p1865,,,op11,op10,40,linear7,,20
p1866,1642.205,BATCH_PIPELINE,op1,,1,const,,55
p1866,,,op2,op1,20,linear7,,30
p1866,,,op3,op2,40,linear7,,20
p1866,,,op4,op3,2,sqrt,,55
p1866,,,op5,op4,20,linear7,,30
p1866,,,op6,op5,40,linear7,,20
p1866,,,op7,op6,80,squared,,10
p1867,1642.205,BATCH_PIPELINE,op1,,1,const,,55
p1867,,,op2,op1,80,squared,,10
p1867,,,op3,op2,20,linear7,,30
p1867,,,op4,op3,15,linear3,,37.5
p1867,,,op5,op4,1,const,,55
p1867,,,op6,op5,2,sqrt,,55
p1867,,,op7,op6,20,linear7,,30
p1868,1642.205,BATCH_PIPELINE,op1,,1,const,,55
p1868,,,op2,op1,1,const,,55
p1868,,,op3,op2,20,linear7,,30
p1868,,,op4,op3,1,const,,55
p1869,1642.205,INTERACTIVE,op1,,1,const,,55
p1869,,,op2,op1,40,linear7,,20
p1869,,,op3,op2,20,linear7,,30
p1869,,,op4,op3,80,squared,,10
p1869,,,op5,op4,15,linear3,,37.5
p1869,,,op6,op5,15,linear3,,37.5
p1869,,,op7,op6,15,linear3,,37.5
p1869,,,op8,op7,20,linear7,,30
p1870,1642.205,BATCH_PIPELINE,op1,,1,const,,55
p1870,,,op2,op1,2,sqrt,,55
p1870,,,op3,op1,1,const,,55
p1870,,,op4,op1,15,linear3,,37.5
p1870,,,op5,op1,15,linear3,,37.5
p1870,,,op6,op1,5,linear3,,45
p1871,1647.8400000000001,BATCH_PIPELINE,op1,,1,const,,55
p1871,,,op2,op1,1,const,,55
p1871,,,op3,op2,5,linear3,,45
p1871,,,op4,op3,20,linear7,,30
p1871,,,op5,op4,20,linear7,,30
p1871,,,op6,op5,2,sqrt,,55
p1871,,,op7,op6,15,linear3,,37.5
p1871,,,op8,op7,20,linear7,,30
p1872,1647.8400000000001,BATCH_PIPELINE,op1,,1,const,,55
p1872,,,op2,op1,1,const,,55
p1872,,,op3,op2,40,linear7,,20
p1872,,,op4,op3,80,squared,,10
p1872,,,op5,op4,5,linear3,,45
p1872,,,op6,op5,5,linear3,,45
p1872,,,op7,op6,40,linear7,,20
p1872,,,op8,op7,5,linear3,,45
p1873,1647.8400000000001,BATCH_PIPELINE,op1,,1,const,,55
p1873,,,op2,op1,20,linear7,,30
p1873,,,op3,op2,2,sqrt,,55
p1873,,,op4,op3,5,linear3,,45
p1873,,,op5,op4,40,linear7,,20
p1873,,,op6,op5,15,linear3,,37.5
p1873,,,op7,op6,1,const,,55
p1874,1647.8400000000001,BATCH_PIPELINE,op1,,1,const,,55
p1874,,,op2,op1,1,const,,55
p1874,,,op3,op2,5,linear3,,45
p1874,,,op4,op3,20,linear7,,30
p1874,,,op5,op4,15,linear3,,37.5
p1874,,,op6,op5,1,const,,55
p1874,,,op7,op6,1,const,,55
p1875,1647.8400000000001,INTERACTIVE,op1,,1,const,,55
p1875,,,op2,,40,linear7,,20
p1875,,,op3,,20,linear7,,30
p1875,,,op4,,5,linear3,,45
p1875,,,op5,,20,linear7,,30
p1875,,,op6,,80,squared,,10
p1875,,,op7,,15,linear3,,37.5
p1875,,,op8,op1;op2;op3;op4;op5;op6;op7,80,squared,,10
p1876,1647.8400000000001,BATCH_PIPELINE,op1,,1,const,,55
p1876,,,op2,op1,2,sqrt,,55
p1876,,,op3,op2,80,squared,,10
p1876,,,op4,op3,40,linear7,,20
p1877,1647.8400000000001,BATCH_PIPELINE,op1,,1,const,,55
p1877,,,op2,op1,1,const,,55
p1877,,,op3,op2,80,squared,,10
p1877,,,op4,op3,1,const,,55
p1877,,,op5,op4,80,squared,,10
p1877,,,op6,op5,20,linear7,,30
p1877,,,op7,op6,15,linear3,,37.5
p1877,,,op8,op7,20,linear7,,30
p1877,,,op9,op8,20,linear7,,30
p1878,1647.8400000000001,BATCH_PIPELINE,op1,,1,const,,55
p1878,,,op2,op1,40,linear7,,20
p1878,,,op3,op2,15,linear3,,37.5
p1878,,,op4,op3,5,linear3,,45
p1878,,,op5,op4,40,linear7,,20
p1878,,,op6,op5,1,const,,55
p1878,,,op7,op6,20,linear7,,30
p1879,1647.8400000000001,INTERACTIVE,op1,,1,const,,55
p1879,,,op2,op1,15,linear3,,37.5
p1879,,,op3,op1,5,linear3,,45
p1879,,,op4,op1,40,linear7,,20
p1879,,,op5,op1,2,sqrt,,55
p1879,,,op6,op1,40,linear7,,20
p1880,1647.8400000000001,BATCH_PIPELINE,op1,,1,const,,55
p1880,,,op2,op1,5,linear3,,45
p1880,,,op3,op2,15,linear3,,37.5
p1880,,,op4,op3,15,linear3,,37.5
p1880,,,op5,op4,40,linear7,,20
p1880,,,op6,op5,20,linear7,,30
p1880,,,op7,op6,20,linear7,,30
p1880,,,op8,op7,15,linear3,,37.5
p1881,1655.778,BATCH_PIPELINE,op1,,1,const,,55
p1881,,,op2,op1,40,linear7,,20
p1881,,,op3,op2,15,linear3,,37.5
p1881,,,op4,op3,15,linear3,,37.5
p1881,,,op5,op4,1,const,,55
p1881,,,op6,op5,40,linear7,,20
p1881,,,op7,op6,5,linear3,,45
p1881,,,op8,op7,2,sqrt,,55
p1882,1655.778,BATCH_PIPELINE,op1,,1,const,,55
p1882,,,op2,op1,20,linear7,,30
p1882,,,op3,op2,15,linear3,,37.5
p1882,,,op4,op3,5,linear3,,45
p1882,,,op5,op4,20,linear7,,30
p1882,,,op6,op5,40,linear7,,20
p1882,,,op7,op6,15,linear3,,37.5
p1882,,,op8,op7,80,squared,,10
p1882,,,op9,op8,5,linear3,,45
p1883,1655.778,BATCH_PIPELINE,op1,,1,const,,55
p1883,,,op2,op1,5,linear3,,45
p1883,,,op3,op2,5,linear3,,45
p1883,,,op4,op3,20,linear7,,30
p1884,1655.778,BATCH_PIPELINE,op1,,1,const,,55
p1884,,,op2,op1,15,linear3,,37.5
p1884,,,op3,op2,5,linear3,,45
p1884,,,op4,op3,80,squared,,10
p1884,,,op5,op4,1,const,,55
p1884,,,op6,op5,15,linear3,,37.5
p1884,,,op7,op6,5,linear3,,45
p1884,,,op8,op7,20,linear7,,30
p1884,,,op9,op8,15,linear3,,37.5
p1885,1655.778,BATCH_PIPELINE,op1,,1,const,,55
p1885,,,op2,op1,15,linear3,,37.5
p1885,,,op3,op2,80,squared,,10
p1885,,,op4,op3,15,linear3,,37.5
p1885,,,op5,op4,15,linear3,,37.5
p1885,,,op6,op5,5,linear3,,45
p1885,,,op7,op6,20,linear7,,30
p1886,1655.778,BATCH_PIPELINE,op1,,1,const,,55
p1886,,,op2,op1,15,linear3,,37.5
p1886,,,op3,op2,15,linear3,,37.5
p1886,,,op4,op3,20,linear7,,30
p1886,,,op5,op4,15,linear3,,37.5
p1886,,,op6,op5,80,squared,,10
p1886,,,op7,op6,20,linear7,,30
p1886,,,op8,op7,80,squared,,10
p1887,1655.778,BATCH_PIPELINE,op1,,1,const,,55
p1887,,,op2,op1,80,squared,,10
p1887,,,op3,op2,2,sqrt,,55
p1887,,,op4,op3,20,linear7,,30
p1887,,,op5,op4,5,linear3,,45
p1887,,,op6,op5,20,linear7,,30
p1887,,,op7,op6,5,linear3,,45
p1887,,,op8,op7,2,sqrt,,55
p1887,,,op9,op8,5,linear3,,45
p1888,1655.778,BATCH_PIPELINE,op1,,1,const,,55
p1888,,,op2,,40,linear7,,20
p1888,,,op3,,2,sqrt,,55
p1888,,,op4,,20,linear7,,30
p1888,,,op5,,20,linear7,,30
p1888,,,op6,,20,linear7,,30
p1888,,,op7,,80,squared,,10
p1888,,,op8,op1;op2;op3;op4;op5;op6;op7,2,sqrt,,55
p1889,1655.778,BATCH_PIPELINE,op1,,1,const,,55
p1889,,,op2,op1,2,sqrt,,55
p1889,,,op3,op1,5,linear3,,45
p1889,,,op4,op1,15,linear3,,37.5
p1889,,,op5,op1,1,const,,55
p1889,,,op6,op1,20,linear7,,30
p1889,,,op7,op1,1,const,,55
p1889,,,op8,op1,40,linear7,,20
p1889,,,op9,op1,20,linear7,,30
p1889,,,op10,op1,80,squared,,10
p1890,1655.778,BATCH_PIPELINE,op1,,1,const,,55
p1890,,,op2,op1,15,linear3,,37.5
p1890,,,op3,op2,15,linear3,,37.5
p1890,,,op4,op3,40,linear7,,20
p1890,,,op5,op4,2,sqrt,,55
p1890,,,op6,op5,80,squared,,10
p1890,,,op7,op6,40,linear7,,20
p1891,1664.3210000000001,BATCH_PIPELINE,op1,,1,const,,55
p1891,,,op2,op1,1,const,,55
p1891,,,op3,op2,80,squared,,10
p1891,,,op4,op3,1,const,,55
p1891,,,op5,op4,1,const,,55
p1891,,,op6,op5,2,sqrt,,55
p1892,1664.3210000000001,BATCH_PIPELINE,op1,,1,const,,55
p1892,,,op2,op1,40,linear7,,20
p1892,,,op3,op2,5,linear3,,45
p1892,,,op4,op3,20,linear7,,30
p1892,,,op5,op4,80,squared,,10
p1892,,,op6,op5,5,linear3,,45
p1892,,,op7,op6,2,sqrt,,55
p1892,,,op8,op7,20,linear7,,30
p1892,,,op9,op8,20,linear7,,30
p1893,1664.3210000000001,BATCH_PIPELINE,op1,,1,const,,55
p1893,,,op2,op1,15,linear3,,37.5
p1893,,,op3,op2,15,linear3,,37.5
p1893,,,op4,op3,15,linear3,,37.5
p1893,,,op5,op4,80,squared,,10
p1893,,,op6,op5,15,linear3,,37.5
p1893,,,op7,op6,5,linear3,,45
p1893,,,op8,op7,20,linear7,,30
p1893,,,op9,op8,40,linear7,,20
p1893,,,op10,op9,20,linear7,,30
p1894,1664.3210000000001,BATCH_PIPELINE,op1,,1,const,,55
p1894,,,op2,op1,40,linear7,,20
p1894,,,op3,op2,20,linear7,,30
p1894,,,op4,op3,15,linear3,,37.5
p1894,,,op5,op4,20,linear7,,30
p1895,1664.3210000000001,BATCH_PIPELINE,op1,,1,const,,55
p1895,,,op2,,2,sqrt,,55
p1895,,,op3,,2,sqrt,,55
p1895,,,op4,,1,const,,55
p1895,,,op5,,20,linear7,,30
p1895,,,op6,,40,linear7,,20
p1895,,,op7,,40,linear7,,20
p1895,,,op8,,20,linear7,,30
p1895,,,op9,,5,linear3,,45
p1895,,,op10,op1;op2;op3;op4;op5;op6;op7;op8;op9,5,linear3,,45
p1896,1664.3210000000001,INTERACTIVE,op1,,1,const,,55
p1896,,,op2,op1,80,squared,,10
p1896,,,op3,op1,1,const,,55
p1896,,,op4,op1,15,linear3,,37.5
p1896,,,op5,op1,1,const,,55
p1896,,,op6,op1,20,linear7,,30
p1896,,,op7,op1,15,linear3,,37.5
p1897,1664.3210000000001,BATCH_PIPELINE,op1,,1,const,,55
p1897,,,op2,op1,5,linear3,,45
p1897,,,op3,op2,5,linear3,,45
p1897,,,op4,op3,80,squared,,10
p1897,,,op5,op4,15,linear3,,37.5
p1897,,,op6,op5,20,linear7,,30
p1898,1664.3210000000001,BATCH_PIPELINE,op1,,1,const,,55
p1898,,,op2,op1,80,squared,,10
p1898,,,op3,op2,5,linear3,,45
p1898,,,op4,op3,15,linear3,,37.5
p1898,,,op5,op4,2,sqrt,,55
p1898,,,op6,op5,1,const,,55
p1899,1664.3210000000001,BATCH_PIPELINE,op1,,1,const,,55
p1899,,,op2,op1,80,squared,,10
p1899,,,op3,op2,5,linear3,,45
p1899,,,op4,op3,1,const,,55
p1899,,,op5,op4,1,const,,55
p1899,,,op6,op5,15,linear3,,37.5
p1899,,,op7,op6,15,linear3,,37.5
p1899,,,op8,op7,15,linear3,,37.5
p1899,,,op9,op8,5,linear3,,45
p1899,,,op10,op9,40,linear7,,20
p1899,,,op11,op10,5,linear3,,45
p1899,,,op12,op11,15,linear3,,37.5
p1900,1664.3210000000001,BATCH_PIPELINE,op1,,1,const,,55
p1900,,,op2,op1,5,linear3,,45
p1900,,,op3,op1,80,squared,,10
p1900,,,op4,op1,40,linear7,,20
p1900,,,op5,op1,40,linear7,,20
p1900,,,op6,op1,2,sqrt,,55
p1900,,,op7,op1,1,const,,55
p1901,1675.789,BATCH_PIPELINE,op1,,1,const,,55
p1901,,,op2,op1,1,const,,55
p1901,,,op3,op2,20,linear7,,30
p1901,,,op4,op3,40,linear7,,20
p1901,,,op5,op4,2,sqrt,,55
p1901,,,op6,op5,2,sqrt,,55
p1901,,,op7,op6,40,linear7,,20
p1901,,,op8,op7,2,sqrt,,55
p1902,1675.789,BATCH_PIPELINE,op1,,1,const,,55
p1902,,,op2,op1,15,linear3,,37.5
p1902,,,op3,op2,5,linear3,,45
p1902,,,op4,op3,40,linear7,,20
p1902,,,op5,op4,20,linear7,,30
p1902,,,op6,op5,40,linear7,,20
p1902,,,op7,op6,15,linear3,,37.5
p1903,1675.789,BATCH_PIPELINE,op1,,1,const,,55
p1903,,,op2,op1,80,squared,,10
p1903,,,op3,op2,40,linear7,,20
p1903,,,op4,op3,15,linear3,,37.5
p1903,,,op5,op4,2,sqrt,,55
p1903,,,op6,op5,80,squared,,10
p1903,,,op7,op6,15,linear3,,37.5
p1904,1675.789,BATCH_PIPELINE,op1,,1,const,,55
p1904,,,op2,op1,5,linear3,,45
p1904,,,op3,op2,5,linear3,,45
p1904,,,op4,op3,1,const,,55
p1904,,,op5,op4,15,linear3,,37.5
p1904,,,op6,op5,2,sqrt,,55
p1904,,,op7,op6,5,linear3,,45
p1904,,,op8,op7,2,sqrt,,55
p1904,,,op9,op8,5,linear3,,45
p1904,,,op10,op9,2,sqrt,,55
p1904,,,op11,op10,15,linear3,,37.5
p1905,1675.789,BATCH_PIPELINE,op1,,1,const,,55
p1905,,,op2,op1,5,linear3,,45
p1905,,,op3,op2,20,linear7,,30
p1905,,,op4,op3,20,linear7,,30
p1905,,,op5,op4,15,linear3,,37.5
p1905,,,op6,op5,15,linear3,,37.5
p1905,,,op7,op6,15,linear3,,37.5
p1905,,,op8,op7,15,linear3,,37.5
p1906,1675.789,INTERACTIVE,op1,,1,const,,55
p1906,,,op2,op1,1,const,,55
p1906,,,op3,op1,80,squared,,10
p1906,,,op4,op1,80,squared,,10
p1906,,,op5,op1,15,linear3,,37.5
p1906,,,op6,op1,20,linear7,,30
p1906,,,op7,op1,40,linear7,,20
p1907,1675.789,BATCH_PIPELINE,op1,,1,const,,55
p1907,,,op2,,80,squared,,10
p1907,,,op3,,5,linear3,,45
p1907,,,op4,,40,linear7,,20
p1907,,,op5,,5,linear3,,45
p1907,,,op6,,80,squared,,10
p1907,,,op7,,5,linear3,,45
p1907,,,op8,,40,linear7,,20
p1907,,,op9,op1;op2;op3;op4;op5;op6;op7;op8,20,linear7,,30
p1908,1675.789,BATCH_PIPELINE,op1,,1,const,,55
p1908,,,op2,op1,1,const,,55
p1908,,,op3,op2,40,linear7,,20
p1908,,,op4,op3,5,linear3,,45
p1908,,,op5,op4,40,linear7,,20
p1908,,,op6,op5,15,linear3,,37.5
p1908,,,op7,op6,40,linear7,,20
p1908,,,op8,op7,20,linear7,,30
p1909,1675.789,INTERACTIVE,op1,,1,const,,55
p1909,,,op2,op1,40,linear7,,20
p1909,,,op3,op1,20,linear7,,30
p1909,,,op4,op1,20,linear7,,30
p1909,,,op5,op1,15,linear3,,37.5
p1909,,,op6,op1,2,sqrt,,55
p1909,,,op7,op1,5,linear3,,45
p1909,,,op8,op1,1,const,,55
p1909,,,op9,op1,5,linear3,,45
p1910,1675.789,INTERACTIVE,op1,,1,const,,55
p1910,,,op2,op1,20,linear7,,30
p1910,,,op3,op2,15,linear3,,37.5
p1910,,,op4,op3,5,linear3,,45
p1910,,,op5,op4,2,sqrt,,55
p1911,1684.076,BATCH_PIPELINE,op1,,1,const,,55
p1911,,,op2,op1,20,linear7,,30
p1911,,,op3,op2,5,linear3,,45
p1911,,,op4,op3,15,linear3,,37.5
p1911,,,op5,op4,20,linear7,,30
p1911,,,op6,op5,15,linear3,,37.5
p1911,,,op7,op6,20,linear7,,30
p1912,1684.076,INTERACTIVE,op1,,1,const,,55
p1912,,,op2,,20,linear7,,30
p1912,,,op3,,80,squared,,10
p1912,,,op4,,80,squared,,10
p1912,,,op5,,20,linear7,,30
p1912,,,op6,,15,linear3,,37.5
p1912,,,op7,op1;op2;op3;op4;op5;op6,2,sqrt,,55
p1913,1684.076,BATCH_PIPELINE,op1,,1,const,,55
p1913,,,op2,,2,sqrt,,55
p1913,,,op3,,20,linear7,,30
p1913,,,op4,,80,squared,,10
p1913,,,op5,,40,linear7,,20
p1913,,,op6,,5,linear3,,45
p1913,,,op7,op1;op2;op3;op4;op5;op6,40,linear7,,20
p1914,1684.076,BATCH_PIPELINE,op1,,1,const,,55
p1914,,,op2,op1,15,linear3,,37.5
p1914,,,op3,op1,5,linear3,,45
p1914,,,op4,op1,5,linear3,,45
p1914,,,op5,op1,20,linear7,,30
p1914,,,op6,op1,15,linear3,,37.5
p1914,,,op7,op1,2,sqrt,,55
p1914,,,op8,op1,2,sqrt,,55
p1914,,,op9,op1,15,linear3,,37.5
p1914,,,op10,op1,20,linear7,,30
p1914,,,op11,op1,5,linear3,,45
p1914,,,op12,op1,1,const,,55
p1915,1684.076,BATCH_PIPELINE,op1,,1,const,,55
p1915,,,op2,,40,linear7,,20
p1915,,,op3,,5,linear3,,45
p1915,,,op4,,15,linear3,,37.5
p1915,,,op5,,40,linear7,,20
p1915,,,op6,,80,squared,,10
p1915,,,op7,,40,linear7,,20
p1915,,,op8,,15,linear3,,37.5
p1915,,,op9,,1,const,,55
p1915,,,op10,op1;op2;op3;op4;op5;op6;op7;op8;op9,1,const,,55
p1916,1684.076,BATCH_PIPELINE,op1,,1,const,,55
p1916,,,op2,op1,5,linear3,,45
p1916,,,op3,op2,5,linear3,,45
p1916,,,op4,op3,5,linear3,,45
p1916,,,op5,op4,40,linear7,,20
p1916,,,op6,op5,15,linear3,,37.5
p1916,,,op7,op6,5,linear3,,45
p1916,,,op8,op7,80,squared,,10
p1916,,,op9,op8,1,const,,55
p1916,,,op10,op9,20,linear7,,30
p1917,1684.076,BATCH_PIPELINE,op1,,1,const,,55
p1917,,,op2,op1,20,linear7,,30
p1917,,,op3,op2,5,linear3,,45
p1917,,,op4,op3,5,linear3,,45
p1917,,,op5,op4,5,linear3,,45
p1917,,,op6,op5,2,sqrt,,55
p1917,,,op7,op6,20,linear7,,30
p1918,1684.076,BATCH_PIPELINE,op1,,1,const,,55
p1918,,,op2,op1,5,linear3,,45
p1918,,,op3,op2,40,linear7,,20
p1918,,,op4,op3,40,linear7,,20
p1918,,,op5,op4,80,squared,,10
p1918,,,op6,op5,15,linear3,,37.5
p1918,,,op7,op6,40,linear7,,20
p1918,,,op8,op7,5,linear3,,45
p1919,1684.076,BATCH_PIPELINE,op1,,1,const,,55
p1919,,,op2,op1,5,linear3,,45
p1919,,,op3,op2,2,sqrt,,55
p1919,,,op4,op3,5,linear3,,45
p1919,,,op5,op4,2,sqrt,,55
p1919,,,op6,op5,80,squared,,10
p1919,,,op7,op6,20,linear7,,30
p1919,,,op8,op7,2,sqrt,,55
p1919,,,op9,op8,2,sqrt,,55
p1919,,,op10,op9,2,sqrt,,55
p1920,1684.076,BATCH_PIPELINE,op1,,1,const,,55
p1920,,,op2,op1,2,sqrt,,55
p1920,,,op3,op2,80,squared,,10
p1920,,,op4,op3,2,sqrt,,55
p1920,,,op5,op4,1,const,,55
p1920,,,op6,op5,80,squared,,10
p1920,,,op7,op6,40,linear7,,20
p1921,1692.666,BATCH_PIPELINE,op1,,1,const,,55
p1921,,,op2,op1,1,const,,55
p1921,,,op3,op2,1,const,,55
p1921,,,op4,op3,2,sqrt,,55
p1921,,,op5,op4,80,squared,,10
p1921,,,op6,op5,80,squared,,10
p1921,,,op7,op6,5,linear3,,45
p1921,,,op8,op7,2,sqrt,,55
p1922,1692.666,BATCH_PIPELINE,op1,,1,const,,55
p1922,,,op2,op1,1,const,,55
p1922,,,op3,op1,80,squared,,10
p1922,,,op4,op1,40,linear7,,20
p1922,,,op5,op1,5,linear3,,45
p1922,,,op6,op1,2,sqrt,,55
p1922,,,op7,op1,40,linear7,,20
p1922,,,op8,op1,20,linear7,,30
p1923,1692.666,BATCH_PIPELINE,op1,,1,const,,55
p1923,,,op2,op1,20,linear7,,30
p1923,,,op3,op2,20,linear7,,30
p1923,,,op4,op3,15,linear3,,37.5
p1923,,,op5,op4,15,linear3,,37.5
p1923,,,op6,op5,40,linear7,,20
p1923,,,op7,op6,1,const,,55
p1923,,,op8,op7,2,sqrt,,55
p1924,1692.666,BATCH_PIPELINE,op1,,1,const,,55
p1924,,,op2,,40,linear7,,20
p1924,,,op3,,5,linear3,,45
p1924,,,op4,,1,const,,55
p1924,,,op5,,5,linear3,,45
p1924,,,op6,op1;op2;op3;op4;op5,15,linear3,,37.5
p1925,1692.666,BATCH_PIPELINE,op1,,1,const,,55
p1925,,,op2,op1,5,linear3,,45
p1925,,,op3,op2,1,const,,55
p1925,,,op4,op3,5,linear3,,45
p1925,,,op5,op4,2,sqrt,,55
p1925,,,op6,op5,5,linear3,,45
p1925,,,op7,op6,20,linear7,,30
p1925,,,op8,op7,20,linear7,,30
p1925,,,op9,op8,20,linear7,,30
p1926,1692.666,BATCH_PIPELINE,op1,,1,const,,55
p1926,,,op2,,15,linear3,,37.5
p1926,,,op3,,20,linear7,,30
p1926,,,op4,,2,sqrt,,55
p1926,,,op5,,1,const,,55
p1926,,,op6,,2,sqrt,,55
p1926,,,op7,,20,linear7,,30
p1926,,,op8,,15,linear3,,37.5
p1926,,,op9,,5,linear3,,45
p1926,,,op10,,2,sqrt,,55
p1926,,,op11,op1;op2;op3;op4;op5;op6;op7;op8;op9;op10,1,const,,55
p1927,1692.666,BATCH_PIPELINE,op1,,1,const,,55
p1927,,,op2,op1,2,sqrt,,55
p1927,,,op3,op2,40,linear7,,20
p1927,,,op4,op3,20,linear7,,30
p1927,,,op5,op4,2,sqrt,,55
p1927,,,op6,op5,40,linear7,,20
p1927,,,op7,op6,5,linear3,,45
p1928,1692.666,BATCH_PIPELINE,op1,,1,const,,55
p1928,,,op2,op1,1,const,,55
p1928,,,op3,op1,20,linear7,,30
p1928,,,op4,op1,5,linear3,,45
p1928,,,op5,op1,20,linear7,,30
p1928,,,op6,op1,15,linear3,,37.5
p1928,,,op7,op1,20,linear7,,30
p1929,1692.666,BATCH_PIPELINE,op1,,1,const,,55
p1929,,,op2,op1,5,linear3,,45
p1929,,,op3,op1,20,linear7,,30
p1929,,,op4,op1,1,const,,55
p1929,,,op5,op1,15,linear3,,37.5
p1929,,,op6,op1,1,const,,55
p1930,1692.666,BATCH_PIPELINE,op1,,1,const,,55
p1930,,,op2,op1,1,const,,55
p1930,,,op3,op2,20,linear7,,30
p1930,,,op4,op3,80,squared,,10
p1930,,,op5,op4,80,squared,,10
p1930,,,op6,op5,20,linear7,,30
p1930,,,op7,op6,1,const,,55
p1930,,,op8,op7,20,linear7,,30
p1930,,,op9,op8,80,squared,,10
p1930,,,op10,op9,5,linear3,,45
p1930,,,op11,op10,40,linear7,,20
p1931,1699.777,BATCH_PIPELINE,op1,,1,const,,55
p1931,,,op2,op1,15,linear3,,37.5
p1931,,,op3,op2,5,linear3,,45
p1932,1699.777,BATCH_PIPELINE,op1,,1,const,,55
p1932,,,op2,op1,15,linear3,,37.5
p1932,,,op3,op2,15,linear3,,37.5
p1932,,,op4,op3,20,linear7,,30
p1932,,,op5,op4,5,linear3,,45
p1932,,,op6,op5,40,linear7,,20
p1932,,,op7,op6,2,sqrt,,55
p1933,1699.777,BATCH_PIPELINE,op1,,1,const,,55
p1933,,,op2,op1,5,linear3,,45
p1933,,,op3,op2,15,linear3,,37.5
p1933,,,op4,op3,20,linear7,,30
p1933,,,op5,op4,40,linear7,,20
p1933,,,op6,op5,1,const,,55
p1933,,,op7,op6,20,linear7,,30
p1933,,,op8,op7,1,const,,55
p1933,,,op9,op8,5,linear3,,45
p1933,,,op10,op9,80,squared,,10
p1934,1699.777,BATCH_PIPELINE,op1,,1,const,,55
p1934,,,op2,op1,40,linear7,,20
p1934,,,op3,op2,15,linear3,,37.5
p1934,,,op4,op3,1,const,,55
p1935,1699.777,BATCH_PIPELINE,op1,,1,const,,55
p1935,,,op2,,15,linear3,,37.5
p1935,,,op3,,15,linear3,,37.5
p1935,,,op4,,5,linear3,,45
p1935,,,op5,,80,squared,,10
p1935,,,op6,,20,linear7,,30
p1935,,,op7,,40,linear7,,20
p1935,,,op8,op1;op2;op3;op4;op5;op6;op7,40,linear7,,20
p1936,1699.777,BATCH_PIPELINE,op1,,1,const,,55
p1936,,,op2,op1,20,linear7,,30
p1936,,,op3,op1,2,sqrt,,55
p1936,,,op4,op1,80,squared,,10
p1936,,,op5,op1,2,sqrt,,55
p1936,,,op6,op1,15,linear3,,37.5
p1936,,,op7,op1,5,linear3,,45
p1937,1699.777,BATCH_PIPELINE,op1,,1,const,,55
p1937,,,op2,op1,5,linear3,,45
p1937,,,op3,op2,2,sqrt,,55
p1937,,,op4,op3,15,linear3,,37.5
p1937,,,op5,op4,5,linear3,,45
p1937,,,op6,op5,1,const,,55
p1937,,,op7,op6,5,linear3,,45
p1937,,,op8,op7,20,linear7,,30
p1937,,,op9,op8,40,linear7,,20
p1937,,,op10,op9,15,linear3,,37.5
p1937,,,op11,op10,15,linear3,,37.5
p1937,,,op12,op11,5,linear3,,45
p1938,1699.777,BATCH_PIPELINE,op1,,1,const,,55
p1938,,,op2,op1,2,sqrt,,55
p1938,,,op3,op2,40,linear7,,20
p1938,,,op4,op3,5,linear3,,45
p1938,,,op5,op4,5,linear3,,45
p1938,,,op6,op5,5,linear3,,45
p1939,1699.777,BATCH_PIPELINE,op1,,1,const,,55
p1939,,,op2,,15,linear3,,37.5
p1939,,,op3,,15,linear3,,37.5
p1939,,,op4,,15,linear3,,37.5
p1939,,,op5,,15,linear3,,37.5
p1939,,,op6,op1;op2;op3;op4;op5,20,linear7,,30
p1940,1699.777,BATCH_PIPELINE,op1,,1,const,,55
p1940,,,op2,op1,1,const,,55
p1940,,,op3,op2,20,linear7,,30
p1940,,,op4,op3,15,linear3,,37.5
p1940,,,op5,op4,15,linear3,,37.5
p1940,,,op6,op5,5,linear3,,45
p1940,,,op7,op6,1,const,,55
p1940,,,op8,op7,1,const,,55
p1940,,,op9,op8,80,squared,,10
p1940,,,op10,op9,5,linear3,,45
p1940,,,op11,op10,40,linear7,,20
p1941,1705.171,BATCH_PIPELINE,op1,,1,const,,55
p1941,,,op2,op1,20,linear7,,30
p1941,,,op3,op2,15,linear3,,37.5
p1941,,,op4,op3,5,linear3,,45
p1941,,,op5,op4,2,sqrt,,55
p1941,,,op6,op5,1,const,,55
p1941,,,op7,op6,80,squared,,10
p1941,,,op8,op7,80,squared,,10
p1941,,,op9,op8,2,sqrt,,55
p1942,1705.171,INTERACTIVE,op1,,1,const,,55
p1942,,,op2,op1,15,linear3,,37.5
p1942,,,op3,op2,20,linear7,,30
p1942,,,op4,op3,15,linear3,,37.5
p1942,,,op5,op4,15,linear3,,37.5
p1942,,,op6,op5,80,squared,,10
p1942,,,op7,op6,5,linear3,,45
p1943,1705.171,BATCH_PIPELINE,op1,,1,const,,55
p1943,,,op2,op1,1,const,,55
p1943,,,op3,op2,15,linear3,,37.5
p1943,,,op4,op3,5,linear3,,45
p1943,,,op5,op4,15,linear3,,37.5
p1943,,,op6,op5,2,sqrt,,55
p1943,,,op7,op6,20,linear7,,30
p1943,,,op8,op7,40,linear7,,20
p1943,,,op9,op8,40,linear7,,20
p1943,,,op10,op9,5,linear3,,45
p1944,1705.171,BATCH_PIPELINE,op1,,1,const,,55
p1944,,,op2,op1,15,linear3,,37.5
p1944,,,op3,op2,20,linear7,,30
p1944,,,op4,op3,5,linear3,,45
p1944,,,op5,op4,5,linear3,,45
p1944,,,op6,op5,20,linear7,,30
p1944,,,op7,op6,5,linear3,,45
p1944,,,op8,op7,20,linear7,,30
p1945,1705.171,BATCH_PIPELINE,op1,,1,const,,55
p1945,,,op2,op1,2,sqrt,,55
p1945,,,op3,op2,2,sqrt,,55
p1945,,,op4,op3,15,linear3,,37.5
p1945,,,op5,op4,15,linear3,,37.5
p1945,,,op6,op5,5,linear3,,45
p1945,,,op7,op6,15,linear3,,37.5
p1945,,,op8,op7,40,linear7,,20
p1946,1705.171,BATCH_PIPELINE,op1,,1,const,,55
p1946,,,op2,op1,1,const,,55
p1946,,,op3,op1,5,linear3,,45
p1946,,,op4,op1,15,linear3,,37.5
p1946,,,op5,op1,5,linear3,,45
p1946,,,op6,op1,5,linear3,,45
p1946,,,op7,op1,5,linear3,,45
p1946,,,op8,op1,20,linear7,,30
p1946,,,op9,op1,1,const,,55
p1946,,,op10,op1,80,squared,,10
p1947,1705.171,QUERY,op1,,15,linear3,,35
p1948,1705.171,BATCH_PIPELINE,op1,,1,const,,55
p1948,,,op2,op1,15,linear3,,37.5
p1948,,,op3,op2,20,linear7,,30
p1948,,,op4,op3,5,linear3,,45
p1948,,,op5,op4,80,squared,,10
p1948,,,op6,op5,1,const,,55
p1949,1705.171,BATCH_PIPELINE,op1,,1,const,,55
p1949,,,op2,,80,squared,,10
p1949,,,op3,,80,squared,,10
p1949,,,op4,,1,const,,55
p1949,,,op5,,15,linear3,,37.5
p1949,,,op6,,20,linear7,,30
p1949,,,op7,,20,linear7,,30
p1949,,,op8,op1;op2;op3;op4;op5;op6;op7,80,squared,,10
p1950,1705.171,INTERACTIVE,op1,,1,const,,55
p1950,,,op2,op1,40,linear7,,20
p1950,,,op3,op1,5,linear3,,45
p1950,,,op4,op1,5,linear3,,45
p1950,,,op5,op1,80,squared,,10
p1950,,,op6,op1,5,linear3,,45
p1950,,,op7,op1,5,linear3,,45
p1950,,,op8,op1,15,linear3,,37.5
p1951,1714.972,BATCH_PIPELINE,op1,,1,const,,55
p1951,,,op2,op1,5,linear3,,45
p1951,,,op3,op2,80,squared,,10
p1951,,,op4,op3,15,linear3,,37.5
p1951,,,op5,op4,40,linear7,,20
p1952,1714.972,BATCH_PIPELINE,op1,,1,const,,55
p1952,,,op2,op1,15,linear3,,37.5
p1952,,,op3,op2,40,linear7,,20
p1952,,,op4,op3,80,squared,,10
p1952,,,op5,op4,5,linear3,,45
p1952,,,op6,op5,20,linear7,,30
p1952,,,op7,op6,15,linear3,,37.5
p1952,,,op8,op7,20,linear7,,30
p1952,,,op9,op8,15,linear3,,37.5
p1952,,,op10,op9,1,const,,55
p1953,1714.972,BATCH_PIPELINE,op1,,1,const,,55
p1953,,,op2,op1,40,linear7,,20
p1953,,,op3,op1,15,linear3,,37.5
p1953,,,op4,op1,5,linear3,,45
p1953,,,op5,op1,40,linear7,,20
p1953,,,op6,op1,20,linear7,,30
p1953,,,op7,op1,20,linear7,,30
p1953,,,op8,op1,40,linear7,,20
p1953,,,op9,op1,15,linear3,,37.5
p1954,1714.972,BATCH_PIPELINE,op1,,1,const,,55
p1954,,,op2,op1,20,linear7,,30
p1954,,,op3,op2,20,linear7,,30
p1954,,,op4,op3,40,linear7,,20
p1954,,,op5,op4,20,linear7,,30
p1954,,,op6,op5,40,linear7,,20
p1954,,,op7,op6,1,const,,55
p1955,1714.972,QUERY,op1,,15,linear3,,35
p1956,1714.972,BATCH_PIPELINE,op1,,1,const,,55
p1956,,,op2,,40,linear7,,20
p1956,,,op3,,20,linear7,,30
p1956,,,op4,,5,linear3,,45
p1956,,,op5,,2,sqrt,,55
p1956,,,op6,,15,linear3,,37.5
p1956,,,op7,op1;op2;op3;op4;op5;op6,40,linear7,,20
p1957,1714.972,BATCH_PIPELINE,op1,,1,const,,55
p1957,,,op2,op1,1,const,,55
p1957,,,op3,op2,20,linear7,,30
p1957,,,op4,op3,2,sqrt,,55
p1958,1714.972,BATCH_PIPELINE,op1,,1,const,,55
p1958,,,op2,op1,15,linear3,,37.5
p1958,,,op3,op1,80,squared,,10
p1958,,,op4,op1,20,linear7,,30
p1958,,,op5,op1,2,sqrt,,55
p1958,,,op6,op1,20,linear7,,30
p1958,,,op7,op1,5,linear3,,45
p1958,,,op8,op1,40,linear7,,20
p1958,,,op9,op1,15,linear3,,37.5
p1959,1714.972,BATCH_PIPELINE,op1,,1,const,,55
p1959,,,op2,,15,linear3,,37.5
p1959,,,op3,,2,sqrt,,55
p1959,,,op4,,5,linear3,,45
p1959,,,op5,op1;op2;op3;op4,20,linear7,,30
p1960,1714.972,INTERACTIVE,op1,,1,const,,55
p1960,,,op2,op1,5,linear3,,45
p1960,,,op3,op2,15,linear3,,37.5
p1960,,,op4,op3,15,linear3,,37.5
p1960,,,op5,op4,5,linear3,,45
p1961,1722.959,BATCH_PIPELINE,op1,,1,const,,55
p1961,,,op2,op1,80,squared,,10
p1961,,,op3,op2,40,linear7,,20
p1961,,,op4,op3,80,squared,,10
p1961,,,op5,op4,40,linear7,,20
p1961,,,op6,op5,80,squared,,10
p1961,,,op7,op6,1,const,,55
p1961,,,op8,op7,20,linear7,,30
p1961,,,op9,op8,40,linear7,,20
p1962,1722.959,BATCH_PIPELINE,op1,,1,const,,55
p1962,,,op2,op1,15,linear3,,37.5
p1962,,,op3,op2,80,squared,,10
p1962,,,op4,op3,1,const,,55
p1962,,,op5,op4,2,sqrt,,55
p1962,,,op6,op5,1,const,,55
p1963,1722.959,BATCH_PIPELINE,op1,,1,const,,55
p1963,,,op2,op1,15,linear3,,37.5
p1963,,,op3,op2,20,linear7,,30
p1963,,,op4,op3,5,linear3,,45
p1963,,,op5,op4,15,linear3,,37.5
p1963,,,op6,op5,15,linear3,,37.5
p1963,,,op7,op6,2,sqrt,,55
p1963,,,op8,op7,15,linear3,,37.5
p1963,,,op9,op8,20,linear7,,30
p1963,,,op10,op9,40,linear7,,20
p1963,,,op11,op10,40,linear7,,20
p1963,,,op12,op11,15,linear3,,37.5
p1964,1722.959,BATCH_PIPELINE,op1,,1,const,,55
p1964,,,op2,op1,2,sqrt,,55
p1964,,,op3,op2,5,linear3,,45
p1964,,,op4,op3,1,const,,55
p1964,,,op5,op4,20,linear7,,30
p1964,,,op6,op5,40,linear7,,20
p1964,,,op7,op6,2,sqrt,,55
p1964,,,op8,op7,20,linear7,,30
p1964,,,op9,op8,2,sqrt,,55
p1965,1722.959,BATCH_PIPELINE,op1,,1,const,,55
p1965,,,op2,op1,1,const,,55
p1965,,,op3,op1,15,linear3,,37.5
p1965,,,op4,op1,15,linear3,,37.5
p1965,,,op5,op1,20,linear7,,30
p1965,,,op6,op1,80,squared,,10
p1965,,,op7,op1,2,sqrt,,55
p1965,,,op8,op1,5,linear3,,45
p1965,,,op9,op1,80,squared,,10
p1965,,,op10,op1,40,linear7,,20
p1965,,,op11,op1,20,linear7,,30
p1965,,,op12,op1,5,linear3,,45
p1966,1722.959,BATCH_PIPELINE,op1,,1,const,,55
p1966,,,op2,,5,linear3,,45
p1966,,,op3,,15,linear3,,37.5
p1966,,,op4,,80,squared,,10
p1966,,,op5,,2,sqrt,,55
p1966,,,op6,,2,sqrt,,55
p1966,,,op7,,2,sqrt,,55
p1966,,,op8,,5,linear3,,45
p1966,,,op9,op1;op2;op3;op4;op5;op6;op7;op8,15,linear3,,37.5
p1967,1722.959,BATCH_PIPELINE,op1,,1,const,,55
p1967,,,op2,op1,15,linear3,,37.5
p1967,,,op3,op2,20,linear7,,30
p1967,,,op4,op3,1,const,,55
p1967,,,op5,op4,40,linear7,,20
p1967,,,op6,op5,2,sqrt,,55
p1967,,,op7,op6,5,linear3,,45
p1967,,,op8,op7,15,linear3,,37.5
p1968,1722.959,BATCH_PIPELINE,op1,,1,const,,55
p1968,,,op2,op1,5,linear3,,45
p1968,,,op3,op2,80,squared,,10
p1968,,,op4,op3,20,linear7,,30
p1968,,,op5,op4,15,linear3,,37.5
p1968,,,op6,op5,20,linear7,,30
p1968,,,op7,op6,2,sqrt,,55
p1968,,,op8,op7,80,squared,,10
p1969,1722.959,BATCH_PIPELINE,op1,,1,const,,55
p1969,,,op2,op1,5,linear3,,45
p1969,,,op3,op2,5,linear3,,45
p1969,,,op4,op3,2,sqrt,,55
p1969,,,op5,op4,40,linear7,,20
p1969,,,op6,op5,1,const,,55
p1969,,,op7,op6,40,linear7,,20
p1969,,,op8,op7,20,linear7,,30
p1970,1722.959,BATCH_PIPELINE,op1,,1,const,,55
p1970,,,op2,op1,1,const,,55
p1970,,,op3,op2,2,sqrt,,55
p1970,,,op4,op3,20,linear7,,30
p1970,,,op5,op4,20,linear7,,30
p1970,,,op6,op5,15,linear3,,37.5
p1970,,,op7,op6,5,linear3,,45
p1970,,,op8,op7,5,linear3,,45
p1970,,,op9,op8,5,linear3,,45
p1971,1728.029,BATCH_PIPELINE,op1,,1,const,,55
p1971,,,op2,op1,80,squared,,10
p1971,,,op3,op2,2,sqrt,,55
p1971,,,op4,op3,2,sqrt,,55
p1971,,,op5,op4,15,linear3,,37.5
p1971,,,op6,op5,15,linear3,,37.5
p1971,,,op7,op6,1,const,,55
p1971,,,op8,op7,20,linear7,,30
p1971,,,op9,op8,15,linear3,,37.5
p1972,1728.029,BATCH_PIPELINE,op1,,1,const,,55
p1972,,,op2,,5,linear3,,45
p1972,,,op3,,1,const,,55
p1972,,,op4,,20,linear7,,30
p1972,,,op5,,80,squared,,10
p1972,,,op6,,15,linear3,,37.5
p1972,,,op7,op1;op2;op3;op4;op5;op6,1,const,,55
p1973,1728.029,BATCH_PIPELINE,op1,,1,const,,55
p1973,,,op2,op1,15,linear3,,37.5
p1973,,,op3,op2,20,linear7,,30
p1973,,,op4,op3,2,sqrt,,55
p1973,,,op5,op4,1,const,,55
p1973,,,op6,op5,1,const,,55
p1973,,,op7,op6,2,sqrt,,55
p1974,1728.029,BATCH_PIPELINE,op1,,1,const,,55
p1974,,,op2,op1,20,linear7,,30
p1974,,,op3,op2,20,linear7,,30
p1974,,,op4,op3,15,linear3,,37.5
p1974,,,op5,op4,20,linear7,,30
p1974,,,op6,op5,2,sqrt,,55
p1975,1728.029,BATCH_PIPELINE,op1,,1,const,,55
p1975,,,op2,op1,1,const,,55
p1975,,,op3,op2,5,linear3,,45
p1975,,,op4,op3,40,linear7,,20
p1975,,,op5,op4,20,linear7,,30
p1975,,,op6,op5,20,linear7,,30
p1976,1728.029,BATCH_PIPELINE,op1,,1,const,,55
p1976,,,op2,op1,2,sqrt,,55
p1976,,,op3,op2,40,linear7,,20
p1976,,,op4,op3,15,linear3,,37.5
p1976,,,op5,op4,2,sqrt,,55
p1976,,,op6,op5,20,linear7,,30
p1976,,,op7,op6,5,linear3,,45
p1976,,,op8,op7,2,sqrt,,55
p1976,,,op9,op8,2,sqrt,,55
p1976,,,op10,op9,15,linear3,,37.5
p1977,1728.029,BATCH_PIPELINE,op1,,1,const,,55
p1977,,,op2,op1,5,linear3,,45
p1977,,,op3,op2,80,squared,,10
p1977,,,op4,op3,40,linear7,,20
p1977,,,op5,op4,15,linear3,,37.5
p1977,,,op6,op5,1,const,,55
p1977,,,op7,op6,2,sqrt,,55
p1977,,,op8,op7,2,sqrt,,55
p1977,,,op9,op8,15,linear3,,37.5
p1977,,,op10,op9,5,linear3,,45
p1977,,,op11,op10,80,squared,,10
p1978,1728.029,BATCH_PIPELINE,op1,,1,const,,55
p1978,,,op2,op1,20,linear7,,30
p1978,,,op3,op2,1,const,,55
p1978,,,op4,op3,1,const,,55
p1978,,,op5,op4,5,linear3,,45
p1979,1728.029,BATCH_PIPELINE,op1,,1,const,,55
p1979,,,op2,op1,5,linear3,,45
p1979,,,op3,op1,2,sqrt,,55
p1979,,,op4,op1,20,linear7,,30
p1979,,,op5,op1,80,squared,,10
p1979,,,op6,op1,40,linear7,,20
p1979,,,op7,op1,15,linear3,,37.5
p1979,,,op8,op1,2,sqrt,,55
p1979,,,op9,op1,15,linear3,,37.5
p1979,,,op10,op1,40,linear7,,20
p1979,,,op11,op1,5,linear3,,45
p1980,1728.029,BATCH_PIPELINE,op1,,1,const,,55
p1980,,,op2,op1,1,const,,55
p1980,,,op3,op2,15,linear3,,37.5
p1980,,,op4,op3,20,linear7,,30
p1980,,,op5,op4,80,squared,,10
p1980,,,op6,op5,1,const,,55
p1980,,,op7,op6,20,linear7,,30
p1981,1739.205,QUERY,op1,,15,linear3,,35
p1982,1739.205,BATCH_PIPELINE,op1,,1,const,,55
p1982,,,op2,op1,15,linear3,,37.5
p1982,,,op3,op2,5,linear3,,45
p1982,,,op4,op3,40,linear7,,20
p1982,,,op5,op4,5,linear3,,45
p1983,1739.205,BATCH_PIPELINE,op1,,1,const,,55
p1983,,,op2,op1,15,linear3,,37.5
p1983,,,op3,op2,15,linear3,,37.5
p1983,,,op4,op3,80,squared,,10
p1983,,,op5,op4,1,const,,55
p1983,,,op6,op5,5,linear3,,45
p1983,,,op7,op6,80,squared,,10
p1984,1739.205,BATCH_PIPELINE,op1,,1,const,,55
p1984,,,op2,op1,40,linear7,,20
p1984,,,op3,op2,20,linear7,,30
p1984,,,op4,op3,20,linear7,,30
p1984,,,op5,op4,2,sqrt,,55
p1984,,,op6,op5,40,linear7,,20
p1984,,,op7,op6,1,const,,55
p1985,1739.205,BATCH_PIPELINE,op1,,1,const,,55
p1985,,,op2,,15,linear3,,37.5
p1985,,,op3,,20,linear7,,30
p1985,,,op4,,80,squared,,10
p1985,,,op5,,20,linear7,,30
p1985,,,op6,,2,sqrt,,55
p1985,,,op7,,20,linear7,,30
p1985,,,op8,op1;op2;op3;op4;op5;op6;op7,2,sqrt,,55
p1986,1739.205,BATCH_PIPELINE,op1,,1,const,,55
p1986,,,op2,op1,1,const,,55
p1986,,,op3,op2,1,const,,55
p1986,,,op4,op3,1,const,,55
p1986,,,op5,op4,80,squared,,10
p1986,,,op6,op5,1,const,,55
p1986,,,op7,op6,20,linear7,,30
p1986,,,op8,op7,2,sqrt,,55
p1987,1739.205,INTERACTIVE,op1,,1,const,,55
p1987,,,op2,op1,20,linear7,,30
p1987,,,op3,op1,20,linear7,,30
p1987,,,op4,op1,80,squared,,10
p1987,,,op5,op1,5,linear3,,45
p1987,,,op6,op1,40,linear7,,20
p1987,,,op7,op1,40,linear7,,20
p1988,1739.205,BATCH_PIPELINE,op1,,1,const,,55
p1988,,,op2,op1,2,sqrt,,55
p1988,,,op3,op2,2,sqrt,,55
p1988,,,op4,op3,2,sqrt,,55
p1988,,,op5,op4,15,linear3,,37.5
p1988,,,op6,op5,5,linear3,,45
p1988,,,op7,op6,20,linear7,,30
p1989,1739.205,BATCH_PIPELINE,op1,,1,const,,55
p1989,,,op2,op1,5,linear3,,45
p1989,,,op3,op2,2,sqrt,,55
p1989,,,op4,op3,2,sqrt,,55
p1989,,,op5,op4,80,squared,,10
p1990,1739.205,BATCH_PIPELINE,op1,,1,const,,55
p1990,,,op2,op1,20,linear7,,30
p1990,,,op3,op2,40,linear7,,20
p1990,,,op4,op3,20,linear7,,30
p1990,,,op5,op4,20,linear7,,30
p1990,,,op6,op5,80,squared,,10
p1990,,,op7,op6,2,sqrt,,55
p1990,,,op8,op7,5,linear3,,45
p1990,,,op9,op8,2,sqrt,,55
p1990,,,op10,op9,1,const,,55
p1990,,,op11,op10,2,sqrt,,55
p1990,,,op12,op11,80,squared,,10
p1991,1747.815,BATCH_PIPELINE,op1,,1,const,,55
p1991,,,op2,op1,5,linear3,,45
p1991,,,op3,op2,80,squared,,10
p1991,,,op4,op3,80,squared,,10
p1991,,,op5,op4,15,linear3,,37.5
p1991,,,op6,op5,15,linear3,,37.5
p1991,,,op7,op6,15,linear3,,37.5
p1991,,,op8,op7,15,linear3,,37.5
p1991,,,op9,op8,15,linear3,,37.5
p1991,,,op10,op9,20,linear7,,30
p1991,,,op11,op10,5,linear3,,45
p1991,,,op12,op11,1,const,,55
p1992,1747.815,BATCH_PIPELINE,op1,,1,const,,55
p1992,,,op2,op1,5,linear3,,45
p1992,,,op3,op2,5,linear3,,45
p1992,,,op4,op3,40,linear7,,20
p1992,,,op5,op4,5,linear3,,45
p1992,,,op6,op5,40,linear7,,20
p1993,1747.815,BATCH_PIPELINE,op1,,1,const,,55
p1993,,,op2,op1,1,const,,55
p1993,,,op3,op2,15,linear3,,37.5
p1993,,,op4,op3,20,linear7,,30
p1993,,,op5,op4,40,linear7,,20
p1993,,,op6,op5,1,const,,55
p1993,,,op7,op6,1,const,,55
p1994,1747.815,BATCH_PIPELINE,op1,,1,const,,55
p1994,,,op2,op1,2,sqrt,,55
p1994,,,op3,op2,1,const,,55
p1994,,,op4,op3,2,sqrt,,55
p1994,,,op5,op4,2,sqrt,,55
p1994,,,op6,op5,40,linear7,,20
p1994,,,op7,op6,40,linear7,,20
p1994,,,op8,op7,2,sqrt,,55
p1994,,,op9,op8,20,linear7,,30
p1994,,,op10,op9,20,linear7,,30
p1995,1747.815,BATCH_PIPELINE,op1,,1,const,,55
p1995,,,op2,op1,15,linear3,,37.5
p1995,,,op3,op1,1,const,,55
p1995,,,op4,op1,15,linear3,,37.5
p1995,,,op5,op1,20,linear7,,30
p1995,,,op6,op1,80,squared,,10
p1995,,,op7,op1,2,sqrt,,55
p1996,1747.815,BATCH_PIPELINE,op1,,1,const,,55
p1996,,,op2,op1,15,linear3,,37.5
p1996,,,op3,op2,20,linear7,,30
p1996,,,op4,op3,1,const,,55
p1996,,,op5,op4,15,linear3,,37.5
p1996,,,op6,op5,2,sqrt,,55
p1996,,,op7,op6,5,linear3,,45
p1997,1747.815,INTERACTIVE,op1,,1,const,,55
p1997,,,op2,op1,2,sqrt,,55
p1997,,,op3,op2,15,linear3,,37.5
p1997,,,op4,op3,40,linear7,,20
p1997,,,op5,op4,15,linear3,,37.5
p1998,1747.815,BATCH_PIPELINE,op1,,1,const,,55
p1998,,,op2,op1,20,linear7,,30
p1998,,,op3,op1,20,linear7,,30
p1998,,,op4,op1,1,const,,55
p1998,,,op5,op1,15,linear3,,37.5
p1998,,,op6,op1,2,sqrt,,55
p1998,,,op7,op1,2,sqrt,,55
p1998,,,op8,op1,80,squared,,10
p1998,,,op9,op1,5,linear3,,45
p1998,,,op10,op1,80,squared,,10
p1999,1747.815,BATCH_PIPELINE,op1,,1,const,,55
p1999,,,op2,op1,5,linear3,,45
p1999,,,op3,op2,15,linear3,,37.5
p1999,,,op4,op3,5,linear3,,45
p1999,,,op5,op4,5,linear3,,45
p2000,1747.815,BATCH_PIPELINE,op1,,1,const,,55
p2000,,,op2,op1,80,squared,,10
p2000,,,op3,op2,5,linear3,,45
p2000,,,op4,op3,5,linear3,,45
p2000,,,op5,op4,5,linear3,,45
p2000,,,op6,op5,80,squared,,10
p2000,,,op7,op6,20,linear7,,30
p2000,,,op8,op7,1,const,,55
p2001,1752.443,BATCH_PIPELINE,op1,,1,const,,55
p2001,,,op2,,20,linear7,,30
p2001,,,op3,,5,linear3,,45
p2001,,,op4,,40,linear7,,20
p2001,,,op5,,20,linear7,,30
p2001,,,op6,,15,linear3,,37.5
p2001,,,op7,,40,linear7,,20
p2001,,,op8,op1;op2;op3;op4;op5;op6;op7,1,const,,55
p2002,1752.443,BATCH_PIPELINE,op1,,1,const,,55
p2002,,,op2,,1,const,,55
p2002,,,op3,,5,linear3,,45
p2002,,,op4,,20,linear7,,30
p2002,,,op5,,20,linear7,,30
p2002,,,op6,,40,linear7,,20
p2002,,,op7,,20,linear7,,30
p2002,,,op8,op1;op2;op3;op4;op5;op6;op7,15,linear3,,37.5
p2003,1752.443,BATCH_PIPELINE,op1,,1,const,,55
p2003,,,op2,op1,20,linear7,,30
p2003,,,op3,op2,15,linear3,,37.5
p2003,,,op4,op3,15,linear3,,37.5
p2003,,,op5,op4,40,linear7,,20
p2003,,,op6,op5,20,linear7,,30
p2003,,,op7,op6,40,linear7,,20
p2004,1752.443,BATCH_PIPELINE,op1,,1,const,,55
p2004,,,op2,op1,20,linear7,,30
p2004,,,op3,op2,20,linear7,,30
p2004,,,op4,op3,20,linear7,,30
p2004,,,op5,op4,80,squared,,10
p2004,,,op6,op5,1,const,,55
p2004,,,op7,op6,80,squared,,10
p2004,,,op8,op7,80,squared,,10
p2004,,,op9,op8,20,linear7,,30
p2005,1752.443,BATCH_PIPELINE,op1,,1,const,,55
p2005,,,op2,op1,20,linear7,,30
p2005,,,op3,op2,20,linear7,,30
p2005,,,op4,op3,20,linear7,,30
p2005,,,op5,op4,20,linear7,,30
p2005,,,op6,op5,20,linear7,,30
p2005,,,op7,op6,20,linear7,,30
p2006,1752.443,BATCH_PIPELINE,op1,,1,const,,55
p2006,,,op2,,15,linear3,,37.5
p2006,,,op3,,80,squared,,10
p2006,,,op4,,2,sqrt,,55
p2006,,,op5,,15,linear3,,37.5
p2006,,,op6,,2,sqrt,,55
p2006,,,op7,,40,linear7,,20
p2006,,,op8,,80,squared,,10
p2006,,,op9,op1;op2;op3;op4;op5;op6;op7;op8,15,linear3,,37.5
p2007,1752.443,BATCH_PIPELINE,op1,,1,const,,55
p2007,,,op2,op1,15,linear3,,37.5
p2007,,,op3,op2,20,linear7,,30
p2007,,,op4,op3,2,sqrt,,55
p2007,,,op5,op4,15,linear3,,37.5
p2007,,,op6,op5,80,squared,,10
p2007,,,op7,op6,5,linear3,,45
p2007,,,op8,op7,20,linear7,,30
p2007,,,op9,op8,20,linear7,,30
p2007,,,op10,op9,5,linear3,,45
p2007,,,op11,op10,15,linear3,,37.5
p2008,1752.443,INTERACTIVE,op1,,1,const,,55
p2008,,,op2,op1,80,squared,,10
p2008,,,op3,op2,15,linear3,,37.5
p2008,,,op4,op3,2,sqrt,,55
p2008,,,op5,op4,80,squared,,10
p2008,,,op6,op5,15,linear3,,37.5
p2008,,,op7,op6,40,linear7,,20
p2008,,,op8,op7,5,linear3,,45
p2008,,,op9,op8,20,linear7,,30
p2009,1752.443,INTERACTIVE,op1,,1,const,,55
p2009,,,op2,op1,2,sqrt,,55
p2009,,,op3,op2,5,linear3,,45
p2009,,,op4,op3,1,const,,55
p2009,,,op5,op4,2,sqrt,,55
p2009,,,op6,op5,40,linear7,,20
p2009,,,op7,op6,20,linear7,,30
p2009,,,op8,op7,2,sqrt,,55
p2010,1752.443,INTERACTIVE,op1,,1,const,,55
p2010,,,op2,op1,15,linear3,,37.5
p2010,,,op3,op1,5,linear3,,45
p2010,,,op4,op1,15,linear3,,37.5
p2010,,,op5,op1,80,squared,,10
p2010,,,op6,op1,5,linear3,,45
p2011,1761.953,BATCH_PIPELINE,op1,,1,const,,55
p2011,,,op2,op1,2,sqrt,,55
p2011,,,op3,op1,20,linear7,,30
p2011,,,op4,op1,5,linear3,,45
p2011,,,op5,op1,5,linear3,,45
p2011,,,op6,op1,40,linear7,,20
p2012,1761.953,BATCH_PIPELINE,op1,,1,const,,55
p2012,,,op2,op1,15,linear3,,37.5
p2012,,,op3,op2,15,linear3,,37.5
p2012,,,op4,op3,20,linear7,,30
p2012,,,op5,op4,1,const,,55
p2012,,,op6,op5,5,linear3,,45
p2012,,,op7,op6,1,const,,55
p2013,1761.953,BATCH_PIPELINE,op1,,1,const,,55
p2013,,,op2,op1,1,const,,55
p2013,,,op3,op2,2,sqrt,,55
p2013,,,op4,op3,1,const,,55
p2013,,,op5,op4,1,const,,55
p2013,,,op6,op5,20,linear7,,30
p2013,,,op7,op6,1,const,,55
p2013,,,op8,op7,15,linear3,,37.5
p2013,,,op9,op8,15,linear3,,37.5
p2013,,,op10,op9,5,linear3,,45
p2014,1761.953,BATCH_PIPELINE,op1,,1,const,,55
p2014,,,op2,op1,2,sqrt,,55
p2014,,,op3,op2,5,linear3,,45
p2014,,,op4,op3,5,linear3,,45
p2014,,,op5,op4,20,linear7,,30
p2014,,,op6,op5,20,linear7,,30
p2015,1761.953,BATCH_PIPELINE,op1,,1,const,,55
p2015,,,op2,op1,5,linear3,,45
p2015,,,op3,op2,5,linear3,,45
p2015,,,op4,op3,5,linear3,,45
p2015,,,op5,op4,20,linear7,,30
p2015,,,op6,op5,20,linear7,,30
p2015,,,op7,op6,2,sqrt,,55
p2015,,,op8,op7,2,sqrt,,55
p2016,1761.953,BATCH_PIPELINE,op1,,1,const,,55
p2016,,,op2,,40,linear7,,20
p2016,,,op3,,1,const,,55
p2016,,,op4,op1;op2;op3,5,linear3,,45
p2017,1761.953,BATCH_PIPELINE,op1,,1,const,,55
p2017,,,op2,op1,5,linear3,,45
p2017,,,op3,op2,2,sqrt,,55
p2017,,,op4,op3,15,linear3,,37.5
p2017,,,op5,op4,15,linear3,,37.5
p2017,,,op6,op5,2,sqrt,,55
p2017,,,op7,op6,40,linear7,,20
p2017,,,op8,op7,15,linear3,,37.5
p2017,,,op9,op8,20,linear7,,30
p2017,,,op10,op9,5,linear3,,45
p2017,,,op11,op10,15,linear3,,37.5
p2017,,,op12,op11,5,linear3,,45
p2018,1761.953,BATCH_PIPELINE,op1,,1,const,,55
p2018,,,op2,op1,5,linear3,,45
p2018,,,op3,op2,5,linear3,,45
p2018,,,op4,op3,15,linear3,,37.5
p2018,,,op5,op4,20,linear7,,30
p2018,,,op6,op5,2,sqrt,,55
p2018,,,op7,op6,15,linear3,,37.5
p2018,,,op8,op7,15,linear3,,37.5
p2019,1761.953,BATCH_PIPELINE,op1,,1,const,,55
p2019,,,op2,op1,1,const,,55
p2019,,,op3,op2,15,linear3,,37.5
p2019,,,op4,op3,2,sqrt,,55
p2020,1761.953,BATCH_PIPELINE,op1,,1,const,,55
p2020,,,op2,op1,1,const,,55
p2020,,,op3,op2,20,linear7,,30
p2020,,,op4,op3,20,linear7,,30
p2020,,,op5,op4,15,linear3,,37.5
p2021,1770.2740000000001,BATCH_PIPELINE,op1,,1,const,,55
p2021,,,op2,op1,15,linear3,,37.5
p2021,,,op3,op2,20,linear7,,30
p2021,,,op4,op3,15,linear3,,37.5
p2021,,,op5,op4,40,linear7,,20
p2021,,,op6,op5,5,linear3,,45
p2021,,,op7,op6,2,sqrt,,55
p2022,1770.2740000000001,BATCH_PIPELINE,op1,,1,const,,55
p2022,,,op2,,80,squared,,10
p2022,,,op3,,20,linear7,,30
p2022,,,op4,,5,linear3,,45
p2022,,,op5,,2,sqrt,,55
p2022,,,op6,,40,linear7,,20
p2022,,,op7,,15,linear3,,37.5
p2022,,,op8,op1;op2;op3;op4;op5;op6;op7,15,linear3,,37.5
p2023,1770.2740000000001,BATCH_PIPELINE,op1,,1,const,,55
p2023,,,op2,op1,20,linear7,,30
p2023,,,op3,op2,20,linear7,,30
p2023,,,op4,op3,20,linear7,,30
p2023,,,op5,op4,2,sqrt,,55
p2023,,,op6,op5,80,squared,,10
p2023,,,op7,op6,1,const,,55
p2023,,,op8,op7,15,linear3,,37.5
p2023,,,op9,op8,1,const,,55
p2024,1770.2740000000001,BATCH_PIPELINE,op1,,1,const,,55
p2024,,,op2,op1,5,linear3,,45
p2024,,,op3,op1,15,linear3,,37.5
p2024,,,op4,op1,15,linear3,,37.5
p2024,,,op5,op1,2,sqrt,,55
p2024,,,op6,op1,15,linear3,,37.5
p2025,1770.2740000000001,BATCH_PIPELINE,op1,,1,const,,55
p2025,,,op2,op1,20,linear7,,30
p2025,,,op3,op2,15,linear3,,37.5
p2025,,,op4,op3,15,linear3,,37.5
p2025,,,op5,op4,40,linear7,,20
p2026,1770.2740000000001,BATCH_PIPELINE,op1,,1,const,,55
p2026,,,op2,op1,5,linear3,,45
p2026,,,op3,op1,40,linear7,,20
p2026,,,op4,op1,1,const,,55
p2026,,,op5,op1,1,const,,55
p2026,,,op6,op1,1,const,,55
p2027,1770.2740000000001,BATCH_PIPELINE,op1,,1,const,,55
p2027,,,op2,op1,1,const,,55
p2027,,,op3,op2,5,linear3,,45
p2027,,,op4,op3,20,linear7,,30
p2027,,,op5,op4,15,linear3,,37.5
p2027,,,op6,op5,5,linear3,,45
p2028,1770.2740000000001,BATCH_PIPELINE,op1,,1,const,,55
p2028,,,op2,op1,2,sqrt,,55
p2028,,,op3,op2,20,linear7,,30
p2028,,,op4,op3,20,linear7,,30
p2028,,,op5,op4,5,linear3,,45
p2028,,,op6,op5,20,linear7,,30
p2028,,,op7,op6,5,linear3,,45
p2029,1770.2740000000001,BATCH_PIPELINE,op1,,1,const,,55
p2029,,,op2,op1,20,linear7,,30
p2029,,,op3,op2,40,linear7,,20
p2029,,,op4,op3,2,sqrt,,55
p2029,,,op5,op4,5,linear3,,45
p2029,,,op6,op5,5,linear3,,45
p2029,,,op7,op6,5,linear3,,45
p2029,,,op8,op7,5,linear3,,45
p2029,,,op9,op8,5,linear3,,45
p2029,,,op10,op9,20,linear7,,30
p2029,,,op11,op10,1,const,,55
p2029,,,op12,op11,2,sqrt,,55
p2030,1770.2740000000001,BATCH_PIPELINE,op1,,1,const,,55
p2030,,,op2,op1,20,linear7,,30
p2030,,,op3,op2,40,linear7,,20
p2030,,,op4,op3,15,linear3,,37.5
p2030,,,op5,op4,2,sqrt,,55
p2030,,,op6,op5,20,linear7,,30
p2030,,,op7,op6,80,squared,,10
p2030,,,op8,op7,2,sqrt,,55
p2030,,,op9,op8,15,linear3,,37.5
p2031,1781.727,BATCH_PIPELINE,op1,,1,const,,55
p2031,,,op2,op1,2,sqrt,,55
p2031,,,op3,op2,1,const,,55
p2031,,,op4,op3,1,const,,55
p2032,1781.727,BATCH_PIPELINE,op1,,1,const,,55
p2032,,,op2,op1,20,linear7,,30
p2032,,,op3,op2,15,linear3,,37.5
p2032,,,op4,op3,15,linear3,,37.5
p2032,,,op5,op4,15,linear3,,37.5
p2032,,,op6,op5,15,linear3,,37.5
p2033,1781.727,BATCH_PIPELINE,op1,,1,const,,55
p2033,,,op2,,5,linear3,,45
p2033,,,op3,,20,linear7,,30
p2033,,,op4,,40,linear7,,20
p2033,,,op5,,15,linear3,,37.5
p2033,,,op6,op1;op2;op3;op4;op5,2,sqrt,,55
p2034,1781.727,BATCH_PIPELINE,op1,,1,const,,55
p2034,,,op2,op1,2,sqrt,,55
p2034,,,op3,op2,15,linear3,,37.5
p2034,,,op4,op3,15,linear3,,37.5
p2034,,,op5,op4,80,squared,,10
p2034,,,op6,op5,20,linear7,,30
p2035,1781.727,BATCH_PIPELINE,op1,,1,const,,55
p2035,,,op2,op1,5,linear3,,45
p2035,,,op3,op2,2,sqrt,,55
p2035,,,op4,op3,5,linear3,,45
p2035,,,op5,op4,15,linear3,,37.5
p2035,,,op6,op5,2,sqrt,,55
p2035,,,op7,op6,2,sqrt,,55
p2035,,,op8,op7,20,linear7,,30
p2035,,,op9,op8,2,sqrt,,55
p2036,1781.727,BATCH_PIPELINE,op1,,1,const,,55
p2036,,,op2,op1,2,sqrt,,55
p2036,,,op3,op2,5,linear3,,45
p2036,,,op4,op3,20,linear7,,30
p2036,,,op5,op4,20,linear7,,30
p2037,1781.727,BATCH_PIPELINE,op1,,1,const,,55
p2037,,,op2,op1,20,linear7,,30
p2037,,,op3,op2,20,linear7,,30
p2037,,,op4,op3,15,linear3,,37.5
p2037,,,op5,op4,40,linear7,,20
p2038,1781.727,INTERACTIVE,op1,,1,const,,55
p2038,,,op2,op1,15,linear3,,37.5
p2038,,,op3,op2,40,linear7,,20
p2038,,,op4,op3,40,linear7,,20
p2038,,,op5,op4,1,const,,55
p2038,,,op6,op5,2,sqrt,,55
p2038,,,op7,op6,2,sqrt,,55
p2039,1781.727,BATCH_PIPELINE,op1,,1,const,,55
p2039,,,op2,,5,linear3,,45
p2039,,,op3,,20,linear7,,30
p2039,,,op4,,80,squared,,10
p2039,,,op5,,15,linear3,,37.5
p2039,,,op6,,15,linear3,,37.5
p2039,,,op7,,5,linear3,,45
p2039,,,op8,,20,linear7,,30
p2039,,,op9,op1;op2;op3;op4;op5;op6;op7;op8,20,linear7,,30
p2040,1781.727,INTERACTIVE,op1,,1,const,,55
p2040,,,op2,op1,1,const,,55
p2040,,,op3,op2,40,linear7,,20
p2040,,,op4,op3,2,sqrt,,55
p2040,,,op5,op4,20,linear7,,30
p2040,,,op6,op5,40,linear7,,20
p2040,,,op7,op6,2,sqrt,,55
p2040,,,op8,op7,5,linear3,,45
p2041,1795.501,BATCH_PIPELINE,op1,,1,const,,55
p2041,,,op2,op1,2,sqrt,,55
p2041,,,op3,op2,1,const,,55
p2041,,,op4,op3,20,linear7,,30
p2041,,,op5,op4,2,sqrt,,55
p2042,1795.501,BATCH_PIPELINE,op1,,1,const,,55
p2042,,,op2,op1,15,linear3,,37.5
p2042,,,op3,op2,1,const,,55
p2042,,,op4,op3,15,linear3,,37.5
p2042,,,op5,op4,5,linear3,,45
p2042,,,op6,op5,80,squared,,10
p2043,1795.501,BATCH_PIPELINE,op1,,1,const,,55
p2043,,,op2,op1,2,sqrt,,55
p2043,,,op3,op2,15,linear3,,37.5
p2043,,,op4,op3,5,linear3,,45
p2043,,,op5,op4,40,linear7,,20
p2043,,,op6,op5,5,linear3,,45
p2043,,,op7,op6,1,const,,55
p2043,,,op8,op7,2,sqrt,,55
p2043,,,op9,op8,40,linear7,,20
p2044,1795.501,BATCH_PIPELINE,op1,,1,const,,55
p2044,,,op2,op1,2,sqrt,,55
p2044,,,op3,op2,1,const,,55
p2044,,,op4,op3,2,sqrt,,55
p2044,,,op5,op4,15,linear3,,37.5
p2044,,,op6,op5,5,linear3,,45
p2044,,,op7,op6,1,const,,55
p2045,1795.501,BATCH_PIPELINE,op1,,1,const,,55
p2045,,,op2,op1,20,linear7,,30
p2045,,,op3,op2,1,const,,55
p2045,,,op4,op3,15,linear3,,37.5
p2045,,,op5,op4,40,linear7,,20
p2045,,,op6,op5,40,linear7,,20
p2045,,,op7,op6,20,linear7,,30
p2045,,,op8,op7,20,linear7,,30
p2046,1795.501,BATCH_PIPELINE,op1,,1,const,,55
p2046,,,op2,op1,40,linear7,,20
p2046,,,op3,op2,40,linear7,,20
p2046,,,op4,op3,2,sqrt,,55
p2046,,,op5,op4,15,linear3,,37.5
p2046,,,op6,op5,15,linear3,,37.5
p2046,,,op7,op6,40,linear7,,20
p2047,1795.501,INTERACTIVE,op1,,1,const,,55
p2047,,,op2,op1,1,const,,55
p2047,,,op3,op2,15,linear3,,37.5
p2048,1795.501,INTERACTIVE,op1,,1,const,,55
p2048,,,op2,op1,15,linear3,,37.5
p2048,,,op3,op2,20,linear7,,30
p2048,,,op4,op3,2,sqrt,,55
p2048,,,op5,op4,40,linear7,,20
p2048,,,op6,op5,20,linear7,,30
p2048,,,op7,op6,5,linear3,,45
p2048,,,op8,op7,15,linear3,,37.5
p2048,,,op9,op8,15,linear3,,37.5
p2048,,,op10,op9,40,linear7,,20
p2049,1795.501,QUERY,op1,,15,linear3,,35
p2050,1795.501,BATCH_PIPELINE,op1,,1,const,,55
p2050,,,op2,op1,15,linear3,,37.5
p2050,,,op3,op2,2,sqrt,,55
p2050,,,op4,op3,20,linear7,,30
p2050,,,op5,op4,20,linear7,,30
p2050,,,op6,op5,2,sqrt,,55
p2051,1804.983,BATCH_PIPELINE,op1,,1,const,,55
p2051,,,op2,op1,15,linear3,,37.5
p2051,,,op3,op1,20,linear7,,30
p2051,,,op4,op1,15,linear3,,37.5
p2052,1804.983,BATCH_PIPELINE,op1,,1,const,,55
p2052,,,op2,op1,80,squared,,10
p2052,,,op3,op2,1,const,,55
p2052,,,op4,op3,5,linear3,,45
p2052,,,op5,op4,2,sqrt,,55
p2052,,,op6,op5,5,linear3,,45
p2053,1804.983,BATCH_PIPELINE,op1,,1,const,,55
p2053,,,op2,op1,1,const,,55
p2053,,,op3,op2,5,linear3,,45
p2053,,,op4,op3,15,linear3,,37.5
p2053,,,op5,op4,20,linear7,,30
p2053,,,op6,op5,80,squared,,10
p2053,,,op7,op6,20,linear7,,30
p2053,,,op8,op7,2,sqrt,,55
p2053,,,op9,op8,15,linear3,,37.5
p2054,1804.983,INTERACTIVE,op1,,1,const,,55
p2054,,,op2,op1,1,const,,55
p2054,,,op3,op2,20,linear7,,30
p2054,,,op4,op3,5,linear3,,45
p2054,,,op5,op4,15,linear3,,37.5
p2054,,,op6,op5,80,squared,,10
p2055,1804.983,BATCH_PIPELINE,op1,,1,const,,55
p2055,,,op2,op1,15,linear3,,37.5
p2055,,,op3,op2,1,const,,55
p2055,,,op4,op3,40,linear7,,20
p2055,,,op5,op4,5,linear3,,45
p2055,,,op6,op5,5,linear3,,45
p2055,,,op7,op6,5,linear3,,45
p2055,,,op8,op7,5,linear3,,45
p2056,1804.983,BATCH_PIPELINE,op1,,1,const,,55
p2056,,,op2,op1,20,linear7,,30
p2056,,,op3,op2,20,linear7,,30
p2056,,,op4,op3,80,squared,,10
p2056,,,op5,op4,5,linear3,,45
p2056,,,op6,op5,2,sqrt,,55
p2056,,,op7,op6,1,const,,55
p2056,,,op8,op7,80,squared,,10
p2057,1804.983,BATCH_PIPELINE,op1,,1,const,,55
p2057,,,op2,op1,40,linear7,,20
p2057,,,op3,op2,1,const,,55
p2057,,,op4,op3,2,sqrt,,55
p2057,,,op5,op4,5,linear3,,45
p2057,,,op6,op5,2,sqrt,,55
p2058,1804.983,BATCH_PIPELINE,op1,,1,const,,55
p2058,,,op2,op1,15,linear3,,37.5
p2058,,,op3,op2,40,linear7,,20
p2058,,,op4,op3,20,linear7,,30
p2058,,,op5,op4,15,linear3,,37.5
p2058,,,op6,op5,2,sqrt,,55
p2058,,,op7,op6,20,linear7,,30
p2058,,,op8,op7,1,const,,55
p2058,,,op9,op8,15,linear3,,37.5
p2059,1804.983,BATCH_PIPELINE,op1,,1,const,,55
p2059,,,op2,op1,15,linear3,,37.5
p2059,,,op3,op2,5,linear3,,45
p2059,,,op4,op3,5,linear3,,45
p2059,,,op5,op4,1,const,,55
p2059,,,op6,op5,20,linear7,,30
p2059,,,op7,op6,5,linear3,,45
p2059,,,op8,op7,2,sqrt,,55
p2059,,,op9,op8,2,sqrt,,55
p2059,,,op10,op9,20,linear7,,30
p2060,1804.983,BATCH_PIPELINE,op1,,1,const,,55
p2060,,,op2,op1,5,linear3,,45
p2060,,,op3,op2,40,linear7,,20
p2060,,,op4,op3,5,linear3,,45
p2060,,,op5,op4,15,linear3,,37.5
p2061,1814.335,BATCH_PIPELINE,op1,,1,const,,55
p2061,,,op2,op1,2,sqrt,,55
p2061,,,op3,op2,2,sqrt,,55
p2061,,,op4,op3,20,linear7,,30
p2061,,,op5,op4,40,linear7,,20
p2061,,,op6,op5,40,linear7,,20
p2061,,,op7,op6,15,linear3,,37.5
p2061,,,op8,op7,20,linear7,,30
p2061,,,op9,op8,20,linear7,,30
p2061,,,op10,op9,15,linear3,,37.5
p2062,1814.335,BATCH_PIPELINE,op1,,1,const,,55
p2062,,,op2,op1,2,sqrt,,55
p2062,,,op3,op2,2,sqrt,,55
p2062,,,op4,op3,1,const,,55
p2062,,,op5,op4,15,linear3,,37.5
p2062,,,op6,op5,15,linear3,,37.5
p2062,,,op7,op6,20,linear7,,30
p2062,,,op8,op7,40,linear7,,20
p2063,1814.335,INTERACTIVE,op1,,1,const,,55
p2063,,,op2,op1,1,const,,55
p2063,,,op3,op2,40,linear7,,20
p2063,,,op4,op3,80,squared,,10
p2063,,,op5,op4,80,squared,,10
p2063,,,op6,op5,20,linear7,,30
p2063,,,op7,op6,1,const,,55
p2063,,,op8,op7,20,linear7,,30
p2063,,,op9,op8,20,linear7,,30
p2063,,,op10,op9,80,squared,,10
p2064,1814.335,BATCH_PIPELINE,op1,,1,const,,55
p2064,,,op2,op1,2,sqrt,,55
p2064,,,op3,op2,20,linear7,,30
p2064,,,op4,op3,2,sqrt,,55
p2064,,,op5,op4,80,squared,,10
p2064,,,op6,op5,1,const,,55
p2064,,,op7,op6,20,linear7,,30
p2064,,,op8,op7,15,linear3,,37.5
p2064,,,op9,op8,5,linear3,,45
p2065,1814.335,BATCH_PIPELINE,op1,,1,const,,55
p2065,,,op2,op1,5,linear3,,45
p2065,,,op3,op2,40,linear7,,20
p2066,1814.335,BATCH_PIPELINE,op1,,1,const,,55
p2066,,,op2,,20,linear7,,30
p2066,,,op3,,1,const,,55
p2066,,,op4,,80,squared,,10
p2066,,,op5,,5,linear3,,45
p2066,,,op6,,1,const,,55
p2066,,,op7,,2,sqrt,,55
p2066,,,op8,op1;op2;op3;op4;op5;op6;op7,2,sqrt,,55
p2067,1814.335,BATCH_PIPELINE,op1,,1,const,,55
p2067,,,op2,op1,2,sqrt,,55
p2067,,,op3,op2,1,const,,55
p2067,,,op4,op3,20,linear7,,30
p2067,,,op5,op4,40,linear7,,20
p2067,,,op6,op5,5,linear3,,45
p2067,,,op7,op6,15,linear3,,37.5
p2068,1814.335,BATCH_PIPELINE,op1,,1,const,,55
p2068,,,op2,op1,5,linear3,,45
p2068,,,op3,op2,15,linear3,,37.5
p2068,,,op4,op3,15,linear3,,37.5
p2068,,,op5,op4,2,sqrt,,55
p2068,,,op6,op5,40,linear7,,20
p2068,,,op7,op6,5,linear3,,45
p2068,,,op8,op7,80,squared,,10
p2069,1814.335,BATCH_PIPELINE,op1,,1,const,,55
p2069,,,op2,,15,linear3,,37.5
p2069,,,op3,,2,sqrt,,55
p2069,,,op4,,2,sqrt,,55
p2069,,,op5,,20,linear7,,30
p2069,,,op6,,15,linear3,,37.5
p2069,,,op7,,5,linear3,,45
p2069,,,op8,,20,linear7,,30
p2069,,,op9,,15,linear3,,37.5
p2069,,,op10,,20,linear7,,30
p2069,,,op11,op1;op2;op3;op4;op5;op6;op7;op8;op9;op10,2,sqrt,,55
p2070,1814.335,BATCH_PIPELINE,op1,,1,const,,55
p2070,,,op2,op1,40,linear7,,20
p2070,,,op3,op2,15,linear3,,37.5
p2070,,,op4,op3,5,linear3,,45
p2070,,,op5,op4,80,squared,,10
p2070,,,op6,op5,5,linear3,,45
p2070,,,op7,op6,20,linear7,,30
p2070,,,op8,op7,5,linear3,,45
p2070,,,op9,op8,1,const,,55
p2071,1820.574,BATCH_PIPELINE,op1,,1,const,,55
p2071,,,op2,op1,40,linear7,,20
p2071,,,op3,op2,15,linear3,,37.5
p2071,,,op4,op3,2,sqrt,,55
p2071,,,op5,op4,20,linear7,,30
p2071,,,op6,op5,15,linear3,,37.5
p2071,,,op7,op6,5,linear3,,45
p2071,,,op8,op7,20,linear7,,30
p2071,,,op9,op8,15,linear3,,37.5
p2072,1820.574,BATCH_PIPELINE,op1,,1,const,,55
p2072,,,op2,op1,40,linear7,,20
p2072,,,op3,op2,15,linear3,,37.5
p2072,,,op4,op3,15,linear3,,37.5
p2072,,,op5,op4,1,const,,55
p2072,,,op6,op5,80,squared,,10
p2072,,,op7,op6,40,linear7,,20
p2073,1820.574,BATCH_PIPELINE,op1,,1,const,,55
p2073,,,op2,op1,5,linear3,,45
p2073,,,op3,op1,20,linear7,,30
p2074,1820.574,BATCH_PIPELINE,op1,,1,const,,55
p2074,,,op2,op1,2,sqrt,,55
p2074,,,op3,op2,5,linear3,,45
p2074,,,op4,op3,15,linear3,,37.5
p2074,,,op5,op4,40,linear7,,20
p2074,,,op6,op5,20,linear7,,30
p2074,,,op7,op6,40,linear7,,20
p2075,1820.574,INTERACTIVE,op1,,1,const,,55
p2075,,,op2,,80,squared,,10
p2075,,,op3,,80,squared,,10
p2075,,,op4,,20,linear7,,30
p2075,,,op5,,40,linear7,,20
p2075,,,op6,,15,linear3,,37.5
p2075,,,op7,,15,linear3,,37.5
p2075,,,op8,,5,linear3,,45
p2075,,,op9,,15,linear3,,37.5
p2075,,,op10,op1;op2;op3;op4;op5;op6;op7;op8;op9,20,linear7,,30
p2076,1820.574,BATCH_PIPELINE,op1,,1,const,,55
p2076,,,op2,,1,const,,55
p2076,,,op3,,80,squared,,10
p2076,,,op4,,1,const,,55
p2076,,,op5,,5,linear3,,45
p2076,,,op6,,15,linear3,,37.5
p2076,,,op7,,20,linear7,,30
p2076,,,op8,,1,const,,55
p2076,,,op9,,2,sqrt,,55
p2076,,,op10,,1,const,,55
p2076,,,op11,op1;op2;op3;op4;op5;op6;op7;op8;op9;op10,20,linear7,,30
p2077,1820.574,BATCH_PIPELINE,op1,,1,const,,55
p2077,,,op2,op1,40,linear7,,20
p2077,,,op3,op2,2,sqrt,,55
p2077,,,op4,op3,1,const,,55
p2077,,,op5,op4,2,sqrt,,55
p2078,1820.574,INTERACTIVE,op1,,1,const,,55
p2078,,,op2,,2,sqrt,,55
p2078,,,op3,,15,linear3,,37.5
p2078,,,op4,,2,sqrt,,55
p2078,,,op5,,20,linear7,,30
p2078,,,op6,,2,sqrt,,55
p2078,,,op7,,2,sqrt,,55
p2078,,,op8,,20,linear7,,30
p2078,,,op9,,80,squared,,10
p2078,,,op10,,80,squared,,10
p2078,,,op11,op1;op2;op3;op4;op5;op6;op7;op8;op9;op10,2,sqrt,,55
p2079,1820.574,BATCH_PIPELINE,op1,,1,const,,55
p2079,,,op2,op1,1,const,,55
p2079,,,op3,op2,15,linear3,,37.5
p2079,,,op4,op3,5,linear3,,45
p2079,,,op5,op4,1,const,,55
p2079,,,op6,op5,1,const,,55
p2079,,,op7,op6,5,linear3,,45
p2079,,,op8,op7,15,linear3,,37.5
p2079,,,op9,op8,40,linear7,,20
p2080,1820.574,BATCH_PIPELINE,op1,,1,const,,55
p2080,,,op2,op1,2,sqrt,,55
p2080,,,op3,op2,5,linear3,,45
p2080,,,op4,op3,20,linear7,,30
p2080,,,op5,op4,40,linear7,,20
p2080,,,op6,op5,5,linear3,,45
p2080,,,op7,op6,2,sqrt,,55
p2080,,,op8,op7,15,linear3,,37.5
p2080,,,op9,op8,20,linear7,,30
p2081,1832.348,BATCH_PIPELINE,op1,,1,const,,55
p2081,,,op2,op1,5,linear3,,45
p2081,,,op3,op2,5,linear3,,45
p2081,,,op4,op3,40,linear7,,20
p2081,,,op5,op4,1,const,,55
p2081,,,op6,op5,80,squared,,10
p2082,1832.348,BATCH_PIPELINE,op1,,1,const,,55
p2082,,,op2,op1,15,linear3,,37.5
p2082,,,op3,op2,5,linear3,,45
p2082,,,op4,op3,20,linear7,,30
p2082,,,op5,op4,5,linear3,,45
p2082,,,op6,op5,5,linear3,,45
p2082,,,op7,op6,80,squared,,10
p2082,,,op8,op7,15,linear3,,37.5
p2082,,,op9,op8,2,sqrt,,55
p2083,1832.348,BATCH_PIPELINE,op1,,1,const,,55
p2083,,,op2,op1,80,squared,,10
p2083,,,op3,op2,15,linear3,,37.5
p2083,,,op4,op3,15,linear3,,37.5
p2083,,,op5,op4,15,linear3,,37.5
p2083,,,op6,op5,80,squared,,10
p2083,,,op7,op6,1,const,,55
p2083,,,op8,op7,15,linear3,,37.5
p2083,,,op9,op8,5,linear3,,45
p2083,,,op10,op9,5,linear3,,45
p2083,,,op11,op10,15,linear3,,37.5
p2084,1832.348,BATCH_PIPELINE,op1,,1,const,,55
p2084,,,op2,op1,1,const,,55
p2084,,,op3,op1,15,linear3,,37.5
p2084,,,op4,op1,20,linear7,,30
p2084,,,op5,op1,5,linear3,,45
p2084,,,op6,op1,80,squared,,10
p2084,,,op7,op1,40,linear7,,20
p2084,,,op8,op1,20,linear7,,30
p2085,1832.348,BATCH_PIPELINE,op1,,1,const,,55
p2085,,,op2,op1,80,squared,,10
p2085,,,op3,op2,20,linear7,,30
p2085,,,op4,op3,5,linear3,,45
p2085,,,op5,op4,15,linear3,,37.5
p2085,,,op6,op5,20,linear7,,30
p2085,,,op7,op6,20,linear7,,30
p2085,,,op8,op7,15,linear3,,37.5
p2086,1832.348,BATCH_PIPELINE,op1,,1,const,,55
p2086,,,op2,op1,2,sqrt,,55
p2086,,,op3,op2,1,const,,55
p2086,,,op4,op3,2,sqrt,,55
p2086,,,op5,op4,40,linear7,,20
p2086,,,op6,op5,40,linear7,,20
p2086,,,op7,op6,15,linear3,,37.5
p2086,,,op8,op7,20,linear7,,30
p2086,,,op9,op8,15,linear3,,37.5
p2086,,,op10,op9,1,const,,55
p2086,,,op11,op10,80,squared,,10
p2087,1832.348,BATCH_PIPELINE,op1,,1,const,,55
p2087,,,op2,,5,linear3,,45
p2087,,,op3,,2,sqrt,,55
p2087,,,op4,,15,linear3,,37.5
p2087,,,op5,,15,linear3,,37.5
p2087,,,op6,,5,linear3,,45
p2087,,,op7,,1,const,,55
p2087,,,op8,op1;op2;op3;op4;op5;op6;op7,80,squared,,10
p2088,1832.348,BATCH_PIPELINE,op1,,1,const,,55
p2088,,,op2,op1,1,const,,55
p2088,,,op3,op2,15,linear3,,37.5
p2088,,,op4,op3,5,linear3,,45
p2088,,,op5,op4,20,linear7,,30
p2088,,,op6,op5,40,linear7,,20
p2088,,,op7,op6,20,linear7,,30
p2088,,,op8,op7,40,linear7,,20
p2089,1832.348,BATCH_PIPELINE,op1,,1,const,,55
p2089,,,op2,,20,linear7,,30
p2089,,,op3,,1,const,,55
p2089,,,op4,,5,linear3,,45
p2089,,,op5,,2,sqrt,,55
p2089,,,op6,,15,linear3,,37.5
p2089,,,op7,,2,sqrt,,55
p2089,,,op8,op1;op2;op3;op4;op5;op6;op7,20,linear7,,30
p2090,1832.348,BATCH_PIPELINE,op1,,1,const,,55
p2090,,,op2,op1,1,const,,55
p2090,,,op3,op2,1,const,,55
p2090,,,op4,op3,80,squared,,10
p2090,,,op5,op4,40,linear7,,20
p2090,,,op6,op5,15,linear3,,37.5
p2090,,,op7,op6,15,linear3,,37.5
p2090,,,op8,op7,15,linear3,,37.5
p2090,,,op9,op8,1,const,,55
p2090,,,op10,op9,2,sqrt,,55
p2091,1841.097,BATCH_PIPELINE,op1,,1,const,,55
p2091,,,op2,op1,5,linear3,,45
p2091,,,op3,op2,15,linear3,,37.5
p2091,,,op4,op3,15,linear3,,37.5
p2091,,,op5,op4,20,linear7,,30
p2091,,,op6,op5,5,linear3,,45
p2092,1841.097,BATCH_PIPELINE,op1,,1,const,,55
p2092,,,op2,,5,linear3,,45
p2092,,,op3,,5,linear3,,45
p2092,,,op4,,5,linear3,,45
p2092,,,op5,,20,linear7,,30
p2092,,,op6,,20,linear7,,30
p2092,,,op7,,20,linear7,,30
p2092,,,op8,op1;op2;op3;op4;op5;op6;op7,15,linear3,,37.5
p2093,1841.097,INTERACTIVE,op1,,1,const,,55
p2093,,,op2,op1,20,linear7,,30
p2093,,,op3,op2,2,sqrt,,55
p2094,1841.097,BATCH_PIPELINE,op1,,1,const,,55
p2094,,,op2,op1,20,linear7,,30
p2094,,,op3,op1,15,linear3,,37.5
p2094,,,op4,op1,40,linear7,,20
p2094,,,op5,op1,5,linear3,,45
p2094,,,op6,op1,20,linear7,,30
p2094,,,op7,op1,2,sqrt,,55
p2094,,,op8,op1,40,linear7,,20
p2094,,,op9,op1,1,const,,55
p2095,1841.097,BATCH_PIPELINE,op1,,1,const,,55
p2095,,,op2,op1,2,sqrt,,55
p2095,,,op3,op1,15,linear3,,37.5
p2095,,,op4,op1,15,linear3,,37.5
p2095,,,op5,op1,20,linear7,,30
p2095,,,op6,op1,2,sqrt,,55
p2095,,,op7,op1,20,linear7,,30
p2095,,,op8,op1,1,const,,55
p2096,1841.097,BATCH_PIPELINE,op1,,1,const,,55
p2096,,,op2,,20,linear7,,30
p2096,,,op3,,20,linear7,,30
p2096,,,op4,op1;op2;op3,80,squared,,10
p2097,1841.097,INTERACTIVE,op1,,1,const,,55
p2097,,,op2,op1,15,linear3,,37.5
p2097,,,op3,op2,80,squared,,10
p2097,,,op4,op3,80,squared,,10
p2097,,,op5,op4,5,linear3,,45
p2097,,,op6,op5,40,linear7,,20
p2097,,,op7,op6,20,linear7,,30
p2097,,,op8,op7,20,linear7,,30
p2097,,,op9,op8,20,linear7,,30
p2098,1841.097,BATCH_PIPELINE,op1,,1,const,,55
p2099,1841.097,BATCH_PIPELINE,op1,,1,const,,55
p2099,,,op2,op1,2,sqrt,,55
p2099,,,op3,op2,15,linear3,,37.5
p2099,,,op4,op3,15,linear3,,37.5
p2099,,,op5,op4,2,sqrt,,55
p2099,,,op6,op5,15,linear3,,37.5
p2099,,,op7,op6,15,linear3,,37.5
p2100,1841.097,BATCH_PIPELINE,op1,,1,const,,55
p2100,,,op2,,20,linear7,,30
p2100,,,op3,,2,sqrt,,55
p2100,,,op4,,2,sqrt,,55
p2100,,,op5,op1;op2;op3;op4,5,linear3,,45
p2101,1849.8700000000001,BATCH_PIPELINE,op1,,1,const,,55
p2101,,,op2,,20,linear7,,30
p2101,,,op3,,40,linear7,,20
p2101,,,op4,,1,const,,55
p2101,,,op5,,1,const,,55
p2101,,,op6,,40,linear7,,20
p2101,,,op7,op1;op2;op3;op4;op5;op6,80,squared,,10
p2102,1849.8700000000001,BATCH_PIPELINE,op1,,1,const,,55
p2102,,,op2,op1,2,sqrt,,55
p2102,,,op3,op1,80,squared,,10
p2102,,,op4,op1,5,linear3,,45
p2102,,,op5,op1,15,linear3,,37.5
p2102,,,op6,op1,2,sqrt,,55
p2102,,,op7,op1,40,linear7,,20
p2102,,,op8,op1,20,linear7,,30
p2102,,,op9,op1,80,squared,,10
p2103,1849.8700000000001,BATCH_PIPELINE,op1,,1,const,,55
p2103,,,op2,op1,40,linear7,,20
p2103,,,op3,op2,20,linear7,,30
p2103,,,op4,op3,2,sqrt,,55
p2103,,,op5,op4,1,const,,55
p2103,,,op6,op5,1,const,,55
p2103,,,op7,op6,2,sqrt,,55
p2104,1849.8700000000001,BATCH_PIPELINE,op1,,1,const,,55
p2104,,,op2,op1,5,linear3,,45
p2104,,,op3,op2,5,linear3,,45
p2104,,,op4,op3,20,linear7,,30
p2104,,,op5,op4,2,sqrt,,55
p2104,,,op6,op5,15,linear3,,37.5
p2104,,,op7,op6,15,linear3,,37.5
p2104,,,op8,op7,2,sqrt,,55
p2105,1849.8700000000001,BATCH_PIPELINE,op1,,1,const,,55
p2105,,,op2,,20,linear7,,30
p2105,,,op3,,15,linear3,,37.5
p2105,,,op4,,20,linear7,,30
p2105,,,op5,,1,const,,55
p2105,,,op6,,20,linear7,,30
p2105,,,op7,op1;op2;op3;op4;op5;op6,80,squared,,10
p2106,1849.8700000000001,BATCH_PIPELINE,op1,,1,const,,55
p2106,,,op2,op1,80,squared,,10
p2106,,,op3,op2,40,linear7,,20
p2106,,,op4,op3,15,linear3,,37.5
p2106,,,op5,op4,1,const,,55
p2106,,,op6,op5,2,sqrt,,55
p2106,,,op7,op6,20,linear7,,30
p2106,,,op8,op7,1,const,,55
p2107,1849.8700000000001,BATCH_PIPELINE,op1,,1,const,,55
p2107,,,op2,op1,15,linear3,,37.5
p2107,,,op3,op2,5,linear3,,45
p2107,,,op4,op3,40,linear7,,20
p2107,,,op5,op4,2,sqrt,,55
p2107,,,op6,op5,20,linear7,,30
p2107,,,op7,op6,15,linear3,,37.5
p2107,,,op8,op7,20,linear7,,30
p2108,1849.8700000000001,BATCH_PIPELINE,op1,,1,const,,55
p2108,,,op2,op1,1,const,,55
p2108,,,op3,op2,1,const,,55
p2108,,,op4,op3,5,linear3,,45
p2108,,,op5,op4,5,linear3,,45
p2108,,,op6,op5,2,sqrt,,55
p2108,,,op7,op6,2,sqrt,,55
p2109,1849.8700000000001,BATCH_PIPELINE,op1,,1,const,,55
p2109,,,op2,op1,5,linear3,,45
p2109,,,op3,op1,20,linear7,,30
p2109,,,op4,op1,2,sqrt,,55
p2109,,,op5,op1,2,sqrt,,55
p2109,,,op6,op1,5,linear3,,45
p2109,,,op7,op1,40,linear7,,20
p2109,,,op8,op1,40,linear7,,20
p2109,,,op9,op1,2,sqrt,,55
p2110,1849.8700000000001,BATCH_PIPELINE,op1,,1,const,,55
p2110,,,op2,op1,5,linear3,,45
p2110,,,op3,op2,1,const,,55
p2110,,,op4,op3,40,linear7,,20
p2110,,,op5,op4,80,squared,,10
p2110,,,op6,op5,5,linear3,,45
p2110,,,op7,op6,2,sqrt,,55
p2111,1861.243,BATCH_PIPELINE,op1,,1,const,,55
p2111,,,op2,op1,15,linear3,,37.5
p2111,,,op3,op2,2,sqrt,,55
p2111,,,op4,op3,15,linear3,,37.5
p2111,,,op5,op4,2,sqrt,,55
p2112,1861.243,BATCH_PIPELINE,op1,,1,const,,55
p2112,,,op2,op1,1,const,,55
p2112,,,op3,op2,40,linear7,,20
p2112,,,op4,op3,2,sqrt,,55
p2112,,,op5,op4,80,squared,,10
p2112,,,op6,op5,80,squared,,10
p2112,,,op7,op6,5,linear3,,45
p2113,1861.243,BATCH_PIPELINE,op1,,1,const,,55
p2113,,,op2,op1,1,const,,55
p2113,,,op3,op1,20,linear7,,30
p2113,,,op4,op1,15,linear3,,37.5
p2113,,,op5,op1,20,linear7,,30
p2113,,,op6,op1,5,linear3,,45
p2113,,,op7,op1,1,const,,55
p2113,,,op8,op1,5,linear3,,45
p2113,,,op9,op1,20,linear7,,30
p2114,1861.243,BATCH_PIPELINE,op1,,1,const,,55
p2114,,,op2,op1,15,linear3,,37.5
p2114,,,op3,op2,1,const,,55
p2114,,,op4,op3,40,linear7,,20
p2114,,,op5,op4,2,sqrt,,55
p2114,,,op6,op5,5,linear3,,45
p2114,,,op7,op6,80,squared,,10
p2115,1861.243,BATCH_PIPELINE,op1,,1,const,,55
p2115,,,op2,op1,1,const,,55
p2115,,,op3,op2,40,linear7,,20
p2115,,,op4,op3,40,linear7,,20
p2115,,,op5,op4,20,linear7,,30
p2115,,,op6,op5,1,const,,55
p2115,,,op7,op6,5,linear3,,45
p2116,1861.243,BATCH_PIPELINE,op1,,1,const,,55
p2116,,,op2,op1,15,linear3,,37.5
p2116,,,op3,op2,1,const,,55
p2116,,,op4,op3,80,squared,,10
p2116,,,op5,op4,5,linear3,,45
p2116,,,op6,op5,80,squared,,10
p2116,,,op7,op6,15,linear3,,37.5
p2116,,,op8,op7,20,linear7,,30
p2116,,,op9,op8,5,linear3,,45
p2116,,,op10,op9,80,squared,,10
p2117,1861.243,BATCH_PIPELINE,op1,,1,const,,55
p2117,,,op2,op1,15,linear3,,37.5
p2117,,,op3,op2,20,linear7,,30
p2117,,,op4,op3,80,squared,,10
p2117,,,op5,op4,40,linear7,,20
p2117,,,op6,op5,15,linear3,,37.5
p2117,,,op7,op6,1,const,,55
p2117,,,op8,op7,20,linear7,,30
p2117,,,op9,op8,1,const,,55
p2117,,,op10,op9,15,linear3,,37.5
p2118,1861.243,INTERACTIVE,op1,,1,const,,55
p2118,,,op2,op1,80,squared,,10
p2118,,,op3,op1,5,linear3,,45
p2118,,,op4,op1,40,linear7,,20
p2118,,,op5,op1,80,squared,,10
p2119,1861.243,BATCH_PIPELINE,op1,,1,const,,55
p2119,,,op2,,20,linear7,,30
p2119,,,op3,,80,squared,,10
p2119,,,op4,,40,linear7,,20
p2119,,,op5,,1,const,,55
p2119,,,op6,op1;op2;op3;op4;op5,2,sqrt,,55
p2120,1861.243,BATCH_PIPELINE,op1,,1,const,,55
p2120,,,op2,op1,5,linear3,,45
p2120,,,op3,op2,5,linear3,,45
p2120,,,op4,op3,2,sqrt,,55
p2120,,,op5,op4,15,linear3,,37.5
p2121,1869.0620000000001,BATCH_PIPELINE,op1,,1,const,,55
p2121,,,op2,op1,5,linear3,,45
p2121,,,op3,op2,40,linear7,,20
p2121,,,op4,op3,15,linear3,,37.5
p2121,,,op5,op4,2,sqrt,,55
p2121,,,op6,op5,1,const,,55
p2121,,,op7,op6,5,linear3,,45
p2121,,,op8,op7,40,linear7,,20
p2122,1869.0620000000001,INTERACTIVE,op1,,1,const,,55
p2122,,,op2,op1,80,squared,,10
p2122,,,op3,op1,20,linear7,,30
p2122,,,op4,op1,5,linear3,,45
p2122,,,op5,op1,40,linear7,,20
p2122,,,op6,op1,40,linear7,,20
p2122,,,op7,op1,5,linear3,,45
p2122,,,op8,op1,2,sqrt,,55
p2122,,,op9,op1,20,linear7,,30
p2123,1869.0620000000001,INTERACTIVE,op1,,1,const,,55
p2123,,,op2,op1,5,linear3,,45
p2123,,,op3,op1,1,const,,55
p2123,,,op4,op1,5,linear3,,45
p2124,1869.0620000000001,BATCH_PIPELINE,op1,,1,const,,55
p2124,,,op2,op1,15,linear3,,37.5
p2124,,,op3,op2,20,linear7,,30
p2124,,,op4,op3,15,linear3,,37.5
p2124,,,op5,op4,1,const,,55
p2124,,,op6,op5,2,sqrt,,55
p2124,,,op7,op6,2,sqrt,,55
p2124,,,op8,op7,80,squared,,10
p2124,,,op9,op8,40,linear7,,20
p2124,,,op10,op9,2,sqrt,,55
p2125,1869.0620000000001,INTERACTIVE,op1,,1,const,,55
p2125,,,op2,op1,5,linear3,,45
p2125,,,op3,op2,80,squared,,10
p2125,,,op4,op3,15,linear3,,37.5
p2125,,,op5,op4,20,linear7,,30
p2125,,,op6,op5,20,linear7,,30
p2125,,,op7,op6,2,sqrt,,55
p2126,1869.0620000000001,QUERY,op1,,15,linear3,,35
p2127,1869.0620000000001,INTERACTIVE,op1,,1,const,,55
p2127,,,op2,op1,1,const,,55
p2127,,,op3,op2,15,linear3,,37.5
p2127,,,op4,op3,40,linear7,,20
p2127,,,op5,op4,20,linear7,,30
p2127,,,op6,op5,20,linear7,,30
p2127,,,op7,op6,1,const,,55
p2127,,,op8,op7,5,linear3,,45
p2127,,,op9,op8,1,const,,55
p2127,,,op10,op9,15,linear3,,37.5
p2128,1869.0620000000001,BATCH_PIPELINE,op1,,1,const,,55
p2128,,,op2,op1,15,linear3,,37.5
p2128,,,op3,op2,1,const,,55
p2128,,,op4,op3,15,linear3,,37.5
p2128,,,op5,op4,80,squared,,10
p2128,,,op6,op5,20,linear7,,30
p2128,,,op7,op6,40,linear7,,20
p2128,,,op8,op7,5,linear3,,45
p2128,,,op9,op8,2,sqrt,,55
p2128,,,op10,op9,15,linear3,,37.5
p2129,1869.0620000000001,BATCH_PIPELINE,op1,,1,const,,55
p2129,,,op2,op1,20,linear7,,30
p2129,,,op3,op2,5,linear3,,45
p2129,,,op4,op3,1,const,,55
p2129,,,op5,op4,80,squared,,10
p2129,,,op6,op5,1,const,,55
p2129,,,op7,op6,15,linear3,,37.5
p2129,,,op8,op7,20,linear7,,30
p2129,,,op9,op8,15,linear3,,37.5
p2129,,,op10,op9,2,sqrt,,55
p2129,,,op11,op10,5,linear3,,45
p2129,,,op12,op11,2,sqrt,,55
p2130,1869.0620000000001,BATCH_PIPELINE,op1,,1,const,,55
p2130,,,op2,op1,5,linear3,,45
p2130,,,op3,op2,80,squared,,10
p2130,,,op4,op3,1,const,,55
p2130,,,op5,op4,1,const,,55
p2130,,,op6,op5,15,linear3,,37.5
p2130,,,op7,op6,5,linear3,,45
p2130,,,op8,op7,40,linear7,,20
p2130,,,op9,op8,20,linear7,,30
p2131,1878.1290000000001,QUERY,op1,,15,linear3,,35
p2132,1878.1290000000001,BATCH_PIPELINE,op1,,1,const,,55
p2132,,,op2,op1,2,sqrt,,55
p2132,,,op3,op1,15,linear3,,37.5
p2132,,,op4,op1,1,const,,55
p2132,,,op5,op1,15,linear3,,37.5
p2132,,,op6,op1,40,linear7,,20
p2132,,,op7,op1,20,linear7,,30
p2132,,,op8,op1,15,linear3,,37.5
p2132,,,op9,op1,20,linear7,,30
p2132,,,op10,op1,40,linear7,,20
p2132,,,op11,op1,80,squared,,10
p2132,,,op12,op1,20,linear7,,30
p2133,1878.1290000000001,BATCH_PIPELINE,op1,,1,const,,55
p2133,,,op2,op1,20,linear7,,30
p2133,,,op3,op2,15,linear3,,37.5
p2134,1878.1290000000001,BATCH_PIPELINE,op1,,1,const,,55
p2134,,,op2,op1,15,linear3,,37.5
p2134,,,op3,op2,15,linear3,,37.5
p2134,,,op4,op3,20,linear7,,30
p2134,,,op5,op4,1,const,,55
p2134,,,op6,op5,20,linear7,,30
p2134,,,op7,op6,2,sqrt,,55
p2134,,,op8,op7,2,sqrt,,55
p2134,,,op9,op8,20,linear7,,30
p2135,1878.1290000000001,BATCH_PIPELINE,op1,,1,const,,55
p2135,,,op2,op1,1,const,,55
p2135,,,op3,op2,40,linear7,,20
p2135,,,op4,op3,15,linear3,,37.5
p2135,,,op5,op4,15,linear3,,37.5
p2135,,,op6,op5,40,linear7,,20
p2135,,,op7,op6,80,squared,,10
p2135,,,op8,op7,15,linear3,,37.5
p2135,,,op9,op8,20,linear7,,30
p2136,1878.1290000000001,BATCH_PIPELINE,op1,,1,const,,55
p2136,,,op2,,15,linear3,,37.5
p2136,,,op3,,40,linear7,,20
p2136,,,op4,,20,linear7,,30
p2136,,,op5,,2,sqrt,,55
p2136,,,op6,,40,linear7,,20
p2136,,,op7,op1;op2;op3;op4;op5;op6,5,linear3,,45
p2137,1878.1290000000001,BATCH_PIPELINE,op1,,1,const,,55
p2137,,,op2,op1,80,squared,,10
p2137,,,op3,op2,40,linear7,,20
p2137,,,op4,op3,5,linear3,,45
p2137,,,op5,op4,20,linear7,,30
p2137,,,op6,op5,80,squared,,10
p2137,,,op7,op6,40,linear7,,20
p2137,,,op8,op7,15,linear3,,37.5
p2137,,,op9,op8,80,squared,,10
p2137,,,op10,op9,15,linear3,,37.5
p2138,1878.1290000000001,INTERACTIVE,op1,,1,const,,55
p2138,,,op2,op1,15,linear3,,37.5
p2138,,,op3,op2,15,linear3,,37.5
p2138,,,op4,op3,20,linear7,,30
p2138,,,op5,op4,1,const,,55
p2138,,,op6,op5,20,linear7,,30
p2139,1878.1290000000001,BATCH_PIPELINE,op1,,1,const,,55
p2139,,,op2,,5,linear3,,45
p2139,,,op3,,2,sqrt,,55
p2139,,,op4,,80,squared,,10
p2139,,,op5,,20,linear7,,30
p2139,,,op6,,15,linear3,,37.5
p2139,,,op7,,80,squared,,10
p2139,,,op8,,15,linear3,,37.5
p2139,,,op9,op1;op2;op3;op4;op5;op6;op7;op8,2,sqrt,,55
p2140,1878.1290000000001,BATCH_PIPELINE,op1,,1,const,,55
p2140,,,op2,op1,40,linear7,,20
p2140,,,op3,op1,15,linear3,,37.5
p2140,,,op4,op1,40,linear7,,20
p2140,,,op5,op1,5,linear3,,45
p2140,,,op6,op1,2,sqrt,,55
p2140,,,op7,op1,1,const,,55
p2141,1885.99,BATCH_PIPELINE,op1,,1,const,,55
p2141,,,op2,,15,linear3,,37.5
p2141,,,op3,,80,squared,,10
p2141,,,op4,,1,const,,55
p2141,,,op5,,5,linear3,,45
p2141,,,op6,,80,squared,,10
p2141,,,op7,,5,linear3,,45
p2141,,,op8,,80,squared,,10
p2141,,,op9,,20,linear7,,30
p2141,,,op10,,40,linear7,,20
p2141,,,op11,,40,linear7,,20
p2141,,,op12,op1;op2;op3;op4;op5;op6;op7;op8;op9;op10;op11,15,linear3,,37.5
p2142,1885.99,BATCH_PIPELINE,op1,,1,const,,55
p2142,,,op2,op1,15,linear3,,37.5
p2142,,,op3,op2,15,linear3,,37.5
p2142,,,op4,op3,80,squared,,10
p2142,,,op5,op4,20,linear7,,30
p2142,,,op6,op5,80,squared,,10
p2142,,,op7,op6,1,const,,55
p2143,1885.99,BATCH_PIPELINE,op1,,1,const,,55
p2143,,,op2,op1,5,linear3,,45
p2143,,,op3,op2,1,const,,55
p2143,,,op4,op3,5,linear3,,45
p2143,,,op5,op4,1,const,,55
p2143,,,op6,op5,1,const,,55
p2143,,,op7,op6,80,squared,,10
p2144,1885.99,BATCH_PIPELINE,op1,,1,const,,55
p2144,,,op2,op1,5,linear3,,45
p2144,,,op3,op2,2,sqrt,,55
p2144,,,op4,op3,5,linear3,,45
p2144,,,op5,op4,15,linear3,,37.5
p2144,,,op6,op5,80,squared,,10
p2144,,,op7,op6,40,linear7,,20
p2144,,,op8,op7,1,const,,55
p2145,1885.99,BATCH_PIPELINE,op1,,1,const,,55
p2145,,,op2,op1,15,linear3,,37.5
p2145,,,op3,op2,20,linear7,,30
p2145,,,op4,op3,15,linear3,,37.5
p2145,,,op5,op4,20,linear7,,30
p2145,,,op6,op5,2,sqrt,,55
p2145,,,op7,op6,80,squared,,10
p2145,,,op8,op7,1,const,,55
p2146,1885.99,BATCH_PIPELINE,op1,,1,const,,55
p2146,,,op2,op1,2,sqrt,,55
p2146,,,op3,op2,40,linear7,,20
p2146,,,op4,op3,5,linear3,,45
p2146,,,op5,op4,1,const,,55
p2146,,,op6,op5,2,sqrt,,55
p2146,,,op7,op6,15,linear3,,37.5
p2146,,,op8,op7,1,const,,55
p2147,1885.99,BATCH_PIPELINE,op1,,1,const,,55
p2147,,,op2,op1,80,squared,,10
p2147,,,op3,op1,5,linear3,,45
p2147,,,op4,op1,2,sqrt,,55
p2147,,,op5,op1,1,const,,55
p2147,,,op6,op1,5,linear3,,45
p2147,,,op7,op1,80,squared,,10
p2147,,,op8,op1,2,sqrt,,55
p2147,,,op9,op1,5,linear3,,45
p2147,,,op10,op1,5,linear3,,45
p2148,1885.99,QUERY,op1,,15,linear3,,35
p2149,1885.99,BATCH_PIPELINE,op1,,1,const,,55
p2149,,,op2,op1,80,squared,,10
p2149,,,op3,op1,20,linear7,,30
p2149,,,op4,op1,5,linear3,,45
p2150,1885.99,BATCH_PIPELINE,op1,,1,const,,55
p2150,,,op2,op1,15,linear3,,37.5
p2150,,,op3,op2,20,linear7,,30
p2150,,,op4,op3,1,const,,55
p2150,,,op5,op4,5,linear3,,45
p2151,1896.6480000000001,INTERACTIVE,op1,,1,const,,55
p2151,,,op2,op1,2,sqrt,,55
p2151,,,op3,op1,40,linear7,,20
p2151,,,op4,op1,2,sqrt,,55
p2151,,,op5,op1,15,linear3,,37.5
p2151,,,op6,op1,20,linear7,,30
p2151,,,op7,op1,2,sqrt,,55
p2151,,,op8,op1,40,linear7,,20
p2151,,,op9,op1,5,linear3,,45
p2151,,,op10,op1,5,linear3,,45
p2152,1896.6480000000001,BATCH_PIPELINE,op1,,1,const,,55
p2152,,,op2,op1,40,linear7,,20
p2152,,,op3,op2,15,linear3,,37.5
p2152,,,op4,op3,1,const,,55
p2152,,,op5,op4,20,linear7,,30
p2152,,,op6,op5,5,linear3,,45
p2153,1896.6480000000001,BATCH_PIPELINE,op1,,1,const,,55
p2153,,,op2,op1,2,sqrt,,55
p2154,1896.6480000000001,BATCH_PIPELINE,op1,,1,const,,55
p2154,,,op2,op1,2,sqrt,,55
p2154,,,op3,op1,40,linear7,,20
p2154,,,op4,op1,80,squared,,10
p2154,,,op5,op1,40,linear7,,20
p2154,,,op6,op1,40,linear7,,20
p2154,,,op7,op1,15,linear3,,37.5
p2154,,,op8,op1,5,linear3,,45
p2154,,,op9,op1,15,linear3,,37.5
p2155,1896.6480000000001,BATCH_PIPELINE,op1,,1,const,,55
p2155,,,op2,op1,1,const,,55
p2155,,,op3,op1,15,linear3,,37.5
p2155,,,op4,op1,15,linear3,,37.5
p2155,,,op5,op1,2,sqrt,,55
p2156,1896.6480000000001,BATCH_PIPELINE,op1,,1,const,,55
p2156,,,op2,op1,20,linear7,,30
p2156,,,op3,op2,40,linear7,,20
p2156,,,op4,op3,2,sqrt,,55
p2156,,,op5,op4,15,linear3,,37.5
p2157,1896.6480000000001,BATCH_PIPELINE,op1,,1,const,,55
p2157,,,op2,op1,20,linear7,,30
p2157,,,op3,op2,15,linear3,,37.5
p2157,,,op4,op3,15,linear3,,37.5
p2157,,,op5,op4,2,sqrt,,55
p2157,,,op6,op5,15,linear3,,37.5
p2157,,,op7,op6,20,linear7,,30
p2158,1896.6480000000001,INTERACTIVE,op1,,1,const,,55
p2158,,,op2,op1,1,const,,55
p2158,,,op3,op2,5,linear3,,45
p2158,,,op4,op3,15,linear3,,37.5
p2158,,,op5,op4,2,sqrt,,55
p2158,,,op6,op5,15,linear3,,37.5
p2159,1896.6480000000001,INTERACTIVE,op1,,1,const,,55
p2159,,,op2,op1,20,linear7,,30
p2159,,,op3,op1,1,const,,55
p2159,,,op4,op1,80,squared,,10
p2160,1896.6480000000001,BATCH_PIPELINE,op1,,1,const,,55
p2160,,,op2,op1,20,linear7,,30
p2160,,,op3,op2,40,linear7,,20
p2160,,,op4,op3,1,const,,55
p2160,,,op5,op4,40,linear7,,20
p2160,,,op6,op5,40,linear7,,20
p2160,,,op7,op6,15,linear3,,37.5
p2160,,,op8,op7,5,linear3,,45
p2161,1898.6670000000001,BATCH_PIPELINE,op1,,1,const,,55
p2161,,,op2,,20,linear7,,30
p2161,,,op3,,15,linear3,,37.5
p2161,,,op4,,80,squared,,10
p2161,,,op5,,40,linear7,,20
p2161,,,op6,,5,linear3,,45
p2161,,,op7,,80,squared,,10
p2161,,,op8,,2,sqrt,,55
p2161,,,op9,op1;op2;op3;op4;op5;op6;op7;op8,1,const,,55
p2162,1898.6670000000001,BATCH_PIPELINE,op1,,1,const,,55
p2162,,,op2,op1,20,linear7,,30
p2162,,,op3,op2,15,linear3,,37.5
p2162,,,op4,op3,15,linear3,,37.5
p2162,,,op5,op4,15,linear3,,37.5
p2162,,,op6,op5,1,const,,55
p2163,1898.6670000000001,BATCH_PIPELINE,op1,,1,const,,55
p2163,,,op2,op1,5,linear3,,45
p2163,,,op3,op2,80,squared,,10
p2163,,,op4,op3,15,linear3,,37.5
p2163,,,op5,op4,1,const,,55
p2163,,,op6,op5,2,sqrt,,55
p2163,,,op7,op6,80,squared,,10
p2164,1898.6670000000001,BATCH_PIPELINE,op1,,1,const,,55
p2164,,,op2,,15,linear3,,37.5
p2164,,,op3,,15,linear3,,37.5
p2164,,,op4,,15,linear3,,37.5
p2164,,,op5,,5,linear3,,45
p2164,,,op6,,5,linear3,,45
p2164,,,op7,,2,sqrt,,55
p2164,,,op8,,1,const,,55
p2164,,,op9,op1;op2;op3;op4;op5;op6;op7;op8,40,linear7,,20
p2165,1898.6670000000001,QUERY,op1,,15,linear3,,35
p2166,1898.6670000000001,BATCH_PIPELINE,op1,,1,const,,55
p2166,,,op2,op1,80,squared,,10
p2166,,,op3,op2,20,linear7,,30
p2166,,,op4,op3,20,linear7,,30
p2166,,,op5,op4,15,linear3,,37.5
p2166,,,op6,op5,5,linear3,,45
p2166,,,op7,op6,40,linear7,,20
p2166,,,op8,op7,20,linear7,,30
p2167,1898.6670000000001,BATCH_PIPELINE,op1,,1,const,,55
p2167,,,op2,op1,1,const,,55
p2167,,,op3,op2,2,sqrt,,55
p2167,,,op4,op3,15,linear3,,37.5
p2167,,,op5,op4,1,const,,55
p2167,,,op6,op5,1,const,,55
p2167,,,op7,op6,5,linear3,,45
p2167,,,op8,op7,20,linear7,,30
p2168,1898.6670000000001,INTERACTIVE,op1,,1,const,,55
p2168,,,op2,op1,5,linear3,,45
p2168,,,op3,op2,1,const,,55
p2168,,,op4,op3,5,linear3,,45
p2168,,,op5,op4,40,linear7,,20
p2168,,,op6,op5,40,linear7,,20
p2168,,,op7,op6,20,linear7,,30
p2168,,,op8,op7,20,linear7,,30
p2168,,,op9,op8,80,squared,,10
p2168,,,op10,op9,15,linear3,,37.5
p2168,,,op11,op10,80,squared,,10
p2169,1898.6670000000001,BATCH_PIPELINE,op1,,1,const,,55
p2169,,,op2,op1,20,linear7,,30
p2169,,,op3,op2,2,sqrt,,55
p2169,,,op4,op3,5,linear3,,45
p2169,,,op5,op4,1,const,,55
p2169,,,op6,op5,20,linear7,,30
p2169,,,op7,op6,40,linear7,,20
p2170,1898.6670000000001,BATCH_PIPELINE,op1,,1,const,,55
p2170,,,op2,op1,20,linear7,,30
p2170,,,op3,op1,20,linear7,,30
p2170,,,op4,op1,20,linear7,,30
p2170,,,op5,op1,2,sqrt,,55
p2170,,,op6,op1,5,linear3,,45
p2170,,,op7,op1,15,linear3,,37.5
p2170,,,op8,op1,5,linear3,,45
p2170,,,op9,op1,1,const,,55
p2171,1904.8890000000001,BATCH_PIPELINE,op1,,1,const,,55
p2171,,,op2,op1,80,squared,,10
p2171,,,op3,op2,2,sqrt,,55
p2171,,,op4,op3,20,linear7,,30
p2171,,,op5,op4,40,linear7,,20
p2171,,,op6,op5,40,linear7,,20
p2171,,,op7,op6,20,linear7,,30
p2171,,,op8,op7,40,linear7,,20
p2171,,,op9,op8,15,linear3,,37.5
p2172,1904.8890000000001,BATCH_PIPELINE,op1,,1,const,,55
p2172,,,op2,op1,15,linear3,,37.5
p2172,,,op3,op2,1,const,,55
p2172,,,op4,op3,80,squared,,10
p2172,,,op5,op4,15,linear3,,37.5
p2172,,,op6,op5,40,linear7,,20
p2172,,,op7,op6,5,linear3,,45
p2172,,,op8,op7,1,const,,55
p2172,,,op9,op8,80,squared,,10
p2172,,,op10,op9,15,linear3,,37.5
p2173,1904.8890000000001,INTERACTIVE,op1,,1,const,,55
p2173,,,op2,op1,15,linear3,,37.5
p2173,,,op3,op2,15,linear3,,37.5
p2173,,,op4,op3,20,linear7,,30
p2173,,,op5,op4,2,sqrt,,55
p2173,,,op6,op5,5,linear3,,45
p2173,,,op7,op6,80,squared,,10
p2173,,,op8,op7,15,linear3,,37.5
p2173,,,op9,op8,2,sqrt,,55
p2173,,,op10,op9,5,linear3,,45
p2174,1904.8890000000001,BATCH_PIPELINE,op1,,1,const,,55
p2174,,,op2,op1,80,squared,,10
p2174,,,op3,op2,80,squared,,10
p2174,,,op4,op3,20,linear7,,30
p2175,1904.8890000000001,BATCH_PIPELINE,op1,,1,const,,55
p2175,,,op2,,40,linear7,,20
p2175,,,op3,,80,squared,,10
p2175,,,op4,,1,const,,55
p2175,,,op5,,20,linear7,,30
p2175,,,op6,,15,linear3,,37.5
p2175,,,op7,,15,linear3,,37.5
p2175,,,op8,,15,linear3,,37.5
p2175,,,op9,,15,linear3,,37.5
p2175,,,op10,op1;op2;op3;op4;op5;op6;op7;op8;op9,15,linear3,,37.5
p2176,1904.8890000000001,BATCH_PIPELINE,op1,,1,const,,55
p2176,,,op2,op1,2,sqrt,,55
p2176,,,op3,op2,5,linear3,,45
p2176,,,op4,op3,15,linear3,,37.5
p2176,,,op5,op4,2,sqrt,,55
p2176,,,op6,op5,40,linear7,,20
p2176,,,op7,op6,20,linear7,,30
p2176,,,op8,op7,40,linear7,,20
p2177,1904.8890000000001,BATCH_PIPELINE,op1,,1,const,,55
p2177,,,op2,,15,linear3,,37.5
p2177,,,op3,,5,linear3,,45
p2177,,,op4,,20,linear7,,30
p2177,,,op5,,20,linear7,,30
p2177,,,op6,op1;op2;op3;op4;op5,1,const,,55
p2178,1904.8890000000001,BATCH_PIPELINE,op1,,1,const,,55
p2178,,,op2,op1,1,const,,55
p2178,,,op3,op2,15,linear3,,37.5
p2178,,,op4,op3,5,linear3,,45
p2178,,,op5,op4,1,const,,55
p2178,,,op6,op5,20,linear7,,30
p2178,,,op7,op6,1,const,,55
p2179,1904.8890000000001,BATCH_PIPELINE,op1,,1,const,,55
p2179,,,op2,op1,2,sqrt,,55
p2179,,,op3,op2,20,linear7,,30
p2179,,,op4,op3,5,linear3,,45
p2179,,,op5,op4,5,linear3,,45
p2179,,,op6,op5,40,linear7,,20
p2179,,,op7,op6,1,const,,55
p2179,,,op8,op7,5,linear3,,45
p2179,,,op9,op8,20,linear7,,30
p2179,,,op10,op9,1,const,,55
p2180,1904.8890000000001,BATCH_PIPELINE,op1,,1,const,,55
p2180,,,op2,op1,20,linear7,,30
p2180,,,op3,op1,5,linear3,,45
p2180,,,op4,op1,5,linear3,,45
p2180,,,op5,op1,15,linear3,,37.5
p2180,,,op6,op1,20,linear7,,30
p2180,,,op7,op1,2,sqrt,,55
p2181,1911.182,BATCH_PIPELINE,op1,,1,const,,55
p2181,,,op2,op1,5,linear3,,45
p2181,,,op3,op2,5,linear3,,45
p2181,,,op4,op3,80,squared,,10
p2181,,,op5,op4,15,linear3,,37.5
p2181,,,op6,op5,5,linear3,,45
p2182,1911.182,BATCH_PIPELINE,op1,,1,const,,55
p2182,,,op2,op1,5,linear3,,45
p2182,,,op3,op2,80,squared,,10
p2182,,,op4,op3,20,linear7,,30
p2182,,,op5,op4,5,linear3,,45
p2182,,,op6,op5,40,linear7,,20
p2183,1911.182,BATCH_PIPELINE,op1,,1,const,,55
p2183,,,op2,op1,80,squared,,10
p2183,,,op3,op2,40,linear7,,20
p2183,,,op4,op3,20,linear7,,30
p2183,,,op5,op4,40,linear7,,20
p2183,,,op6,op5,2,sqrt,,55
p2183,,,op7,op6,5,linear3,,45
p2183,,,op8,op7,15,linear3,,37.5
p2183,,,op9,op8,40,linear7,,20
p2183,,,op10,op9,2,sqrt,,55
p2184,1911.182,BATCH_PIPELINE,op1,,1,const,,55
p2184,,,op2,op1,2,sqrt,,55
p2184,,,op3,op2,20,linear7,,30
p2184,,,op4,op3,40,linear7,,20
p2184,,,op5,op4,40,linear7,,20
p2184,,,op6,op5,15,linear3,,37.5
p2184,,,op7,op6,15,linear3,,37.5
p2184,,,op8,op7,80,squared,,10
p2185,1911.182,BATCH_PIPELINE,op1,,1,const,,55
p2185,,,op2,op1,20,linear7,,30
p2185,,,op3,op2,2,sqrt,,55
p2185,,,op4,op3,1,const,,55
p2185,,,op5,op4,5,linear3,,45
p2185,,,op6,op5,20,linear7,,30
p2185,,,op7,op6,20,linear7,,30
p2185,,,op8,op7,80,squared,,10
p2185,,,op9,op8,20,linear7,,30
p2186,1911.182,BATCH_PIPELINE,op1,,1,const,,55
p2186,,,op2,op1,15,linear3,,37.5
p2186,,,op3,op2,1,const,,55
p2186,,,op4,op3,15,linear3,,37.5
p2186,,,op5,op4,2,sqrt,,55
p2187,1911.182,BATCH_PIPELINE,op1,,1,const,,55
p2187,,,op2,op1,5,linear3,,45
p2187,,,op3,op2,2,sqrt,,55
p2187,,,op4,op3,2,sqrt,,55
p2187,,,op5,op4,2,sqrt,,55
p2187,,,op6,op5,5,linear3,,45
p2187,,,op7,op6,2,sqrt,,55
p2187,,,op8,op7,20,linear7,,30
p2188,1911.182,BATCH_PIPELINE,op1,,1,const,,55
p2188,,,op2,,20,linear7,,30
p2188,,,op3,,20,linear7,,30
p2188,,,op4,,20,linear7,,30
p2188,,,op5,,20,linear7,,30
p2188,,,op6,,15,linear3,,37.5
p2188,,,op7,,15,linear3,,37.5
p2188,,,op8,,2,sqrt,,55
p2188,,,op9,,20,linear7,,30
p2188,,,op10,op1;op2;op3;op4;op5;op6;op7;op8;op9,15,linear3,,37.5
p2189,1911.182,BATCH_PIPELINE,op1,,1,const,,55
p2189,,,op2,op1,15,linear3,,37.5
p2189,,,op3,op1,2,sqrt,,55
p2189,,,op4,op1,40,linear7,,20
p2189,,,op5,op1,1,const,,55
p2189,,,op6,op1,80,squared,,10
p2189,,,op7,op1,1,const,,55
p2189,,,op8,op1,20,linear7,,30
p2189,,,op9,op1,20,linear7,,30
p2190,1911.182,BATCH_PIPELINE,op1,,1,const,,55
p2190,,,op2,op1,5,linear3,,45
p2190,,,op3,op2,5,linear3,,45
p2190,,,op4,op3,1,const,,55
p2190,,,op5,op4,15,linear3,,37.5
p2190,,,op6,op5,2,sqrt,,55
p2190,,,op7,op6,20,linear7,,30
p2191,1919.6290000000001,BATCH_PIPELINE,op1,,1,const,,55
p2191,,,op2,op1,5,linear3,,45
p2191,,,op3,op2,1,const,,55
p2191,,,op4,op3,5,linear3,,45
p2191,,,op5,op4,20,linear7,,30
p2191,,,op6,op5,20,linear7,,30
p2191,,,op7,op6,5,linear3,,45
p2192,1919.6290000000001,INTERACTIVE,op1,,1,const,,55
p2192,,,op2,,40,linear7,,20
p2192,,,op3,,15,linear3,,37.5
p2192,,,op4,,1,const,,55
p2192,,,op5,,20,linear7,,30
p2192,,,op6,,15,linear3,,37.5
p2192,,,op7,,80,squared,,10
p2192,,,op8,,15,linear3,,37.5
p2192,,,op9,op1;op2;op3;op4;op5;op6;op7;op8,15,linear3,,37.5
p2193,1919.6290000000001,BATCH_PIPELINE,op1,,1,const,,55
p2193,,,op2,op1,15,linear3,,37.5
p2193,,,op3,op2,2,sqrt,,55
p2193,,,op4,op3,5,linear3,,45
p2193,,,op5,op4,80,squared,,10
p2193,,,op6,op5,40,linear7,,20
p2194,1919.6290000000001,BATCH_PIPELINE,op1,,1,const,,55
p2194,,,op2,op1,80,squared,,10
p2194,,,op3,op1,5,linear3,,45
p2194,,,op4,op1,80,squared,,10
p2194,,,op5,op1,80,squared,,10
p2194,,,op6,op1,1,const,,55
p2194,,,op7,op1,80,squared,,10
p2194,,,op8,op1,5,linear3,,45
p2194,,,op9,op1,5,linear3,,45
p2194,,,op10,op1,20,linear7,,30
p2194,,,op11,op1,2,sqrt,,55
p2195,1919.6290000000001,BATCH_PIPELINE,op1,,1,const,,55
p2195,,,op2,op1,40,linear7,,20
p2195,,,op3,op2,15,linear3,,37.5
p2195,,,op4,op3,5,linear3,,45
p2195,,,op5,op4,20,linear7,,30
p2195,,,op6,op5,1,const,,55
p2196,1919.6290000000001,INTERACTIVE,op1,,1,const,,55
p2196,,,op2,op1,20,linear7,,30
p2196,,,op3,op1,20,linear7,,30
p2196,,,op4,op1,15,linear3,,37.5
p2196,,,op5,op1,5,linear3,,45
p2196,,,op6,op1,80,squared,,10
p2196,,,op7,op1,5,linear3,,45
p2197,1919.6290000000001,BATCH_PIPELINE,op1,,1,const,,55
p2197,,,op2,,2,sqrt,,55
p2197,,,op3,,40,linear7,,20
p2197,,,op4,,40,linear7,,20
p2197,,,op5,,40,linear7,,20
p2197,,,op6,,15,linear3,,37.5
p2197,,,op7,op1;op2;op3;op4;op5;op6,5,linear3,,45
p2198,1919.6290000000001,BATCH_PIPELINE,op1,,1,const,,55
p2198,,,op2,op1,15,linear3,,37.5
p2198,,,op3,op1,15,linear3,,37.5
p2198,,,op4,op1,15,linear3,,37.5
p2198,,,op5,op1,5,linear3,,45
p2198,,,op6,op1,20,linear7,,30
p2199,1919.6290000000001,INTERACTIVE,op1,,1,const,,55
p2199,,,op2,op1,20,linear7,,30
p2199,,,op3,op1,20,linear7,,30
p2199,,,op4,op1,80,squared,,10
p2199,,,op5,op1,2,sqrt,,55
p2199,,,op6,op1,15,linear3,,37.5
p2199,,,op7,op1,1,const,,55
p2199,,,op8,op1,20,linear7,,30
p2199,,,op9,op1,40,linear7,,20
p2199,,,op10,op1,2,sqrt,,55
p2199,,,op11,op1,80,squared,,10
p2199,,,op12,op1,5,linear3,,45
p2199,,,op13,op1,5,linear3,,45
p2200,1919.6290000000001,QUERY,op1,,15,linear3,,35
p2201,1932.2160000000001,BATCH_PIPELINE,op1,,1,const,,55
p2201,,,op2,op1,40,linear7,,20
p2201,,,op3,op2,20,linear7,,30
p2201,,,op4,op3,20,linear7,,30
p2201,,,op5,op4,20,linear7,,30
p2201,,,op6,op5,5,linear3,,45
p2201,,,op7,op6,80,squared,,10
p2201,,,op8,op7,5,linear3,,45
p2202,1932.2160000000001,BATCH_PIPELINE,op1,,1,const,,55
p2202,,,op2,,15,linear3,,37.5
p2202,,,op3,,2,sqrt,,55
p2202,,,op4,,80,squared,,10
p2202,,,op5,,80,squared,,10
p2202,,,op6,,5,linear3,,45
p2202,,,op7,,20,linear7,,30
p2202,,,op8,,15,linear3,,37.5
p2202,,,op9,,5,linear3,,45
p2202,,,op10,op1;op2;op3;op4;op5;op6;op7;op8;op9,15,linear3,,37.5
p2203,1932.2160000000001,BATCH_PIPELINE,op1,,1,const,,55
p2203,,,op2,,15,linear3,,37.5
p2203,,,op3,,15,linear3,,37.5
p2203,,,op4,op1;op2;op3,15,linear3,,37.5
p2204,1932.2160000000001,BATCH_PIPELINE,op1,,1,const,,55
p2204,,,op2,op1,40,linear7,,20
p2204,,,op3,op2,20,linear7,,30
p2204,,,op4,op3,5,linear3,,45
p2204,,,op5,op4,20,linear7,,30
p2204,,,op6,op5,1,const,,55
p2204,,,op7,op6,80,squared,,10
p2204,,,op8,op7,15,linear3,,37.5
p2204,,,op9,op8,80,squared,,10
p2205,1932.2160000000001,INTERACTIVE,op1,,1,const,,55
p2205,,,op2,op1,20,linear7,,30
p2205,,,op3,op2,20,linear7,,30
p2205,,,op4,op3,15,linear3,,37.5
p2205,,,op5,op4,5,linear3,,45
p2206,1932.2160000000001,BATCH_PIPELINE,op1,,1,const,,55
p2206,,,op2,op1,1,const,,55
p2206,,,op3,op2,5,linear3,,45
p2206,,,op4,op3,20,linear7,,30
p2206,,,op5,op4,80,squared,,10
p2206,,,op6,op5,40,linear7,,20
p2206,,,op7,op6,80,squared,,10
p2206,,,op8,op7,20,linear7,,30
p2207,1932.2160000000001,INTERACTIVE,op1,,1,const,,55
p2207,,,op2,op1,5,linear3,,45
p2207,,,op3,op1,5,linear3,,45
p2207,,,op4,op1,40,linear7,,20
p2207,,,op5,op1,2,sqrt,,55
p2207,,,op6,op1,40,linear7,,20
p2207,,,op7,op1,20,linear7,,30
p2207,,,op8,op1,40,linear7,,20
p2207,,,op9,op1,40,linear7,,20
p2207,,,op10,op1,80,squared,,10
p2207,,,op11,op1,15,linear3,,37.5
p2207,,,op12,op1,20,linear7,,30
p2207,,,op13,op1,5,linear3,,45
p2208,1932.2160000000001,BATCH_PIPELINE,op1,,1,const,,55
p2208,,,op2,op1,20,linear7,,30
p2208,,,op3,op2,20,linear7,,30
p2208,,,op4,op3,40,linear7,,20
p2208,,,op5,op4,1,const,,55
p2208,,,op6,op5,20,linear7,,30
p2208,,,op7,op6,15,linear3,,37.5
p2208,,,op8,op7,5,linear3,,45
p2208,,,op9,op8,5,linear3,,45
p2208,,,op10,op9,40,linear7,,20
p2208,,,op11,op10,20,linear7,,30
p2209,1932.2160000000001,BATCH_PIPELINE,op1,,1,const,,55
p2209,,,op2,op1,20,linear7,,30
p2209,,,op3,op2,1,const,,55
p2209,,,op4,op3,5,linear3,,45
p2209,,,op5,op4,80,squared,,10
p2210,1932.2160000000001,BATCH_PIPELINE,op1,,1,const,,55
p2210,,,op2,,1,const,,55
p2210,,,op3,,20,linear7,,30
p2210,,,op4,,5,linear3,,45
p2210,,,op5,,40,linear7,,20
p2210,,,op6,,15,linear3,,37.5
p2210,,,op7,,80,squared,,10
p2210,,,op8,,5,linear3,,45
p2210,,,op9,op1;op2;op3;op4;op5;op6;op7;op8,15,linear3,,37.5
p2211,1939.43,BATCH_PIPELINE,op1,,1,const,,55
p2211,,,op2,op1,5,linear3,,45
p2211,,,op3,op1,80,squared,,10
p2211,,,op4,op1,40,linear7,,20
p2211,,,op5,op1,1,const,,55
p2211,,,op6,op1,5,linear3,,45
p2211,,,op7,op1,80,squared,,10
p2211,,,op8,op1,15,linear3,,37.5
p2211,,,op9,op1,15,linear3,,37.5
p2212,1939.43,BATCH_PIPELINE,op1,,1,const,,55
p2212,,,op2,op1,5,linear3,,45
p2212,,,op3,op2,40,linear7,,20
p2212,,,op4,op3,40,linear7,,20
p2212,,,op5,op4,20,linear7,,30
p2213,1939.43,BATCH_PIPELINE,op1,,1,const,,55
p2213,,,op2,op1,20,linear7,,30
p2213,,,op3,op2,40,linear7,,20
p2213,,,op4,op3,80,squared,,10
p2213,,,op5,op4,15,linear3,,37.5
p2213,,,op6,op5,5,linear3,,45
p2213,,,op7,op6,40,linear7,,20
p2213,,,op8,op7,80,squared,,10
p2213,,,op9,op8,5,linear3,,45
p2213,,,op10,op9,2,sqrt,,55
p2214,1939.43,BATCH_PIPELINE,op1,,1,const,,55
p2214,,,op2,op1,5,linear3,,45
p2214,,,op3,op2,15,linear3,,37.5
p2214,,,op4,op3,2,sqrt,,55
p2215,1939.43,BATCH_PIPELINE,op1,,1,const,,55
p2215,,,op2,op1,80,squared,,10
p2215,,,op3,op2,20,linear7,,30
p2215,,,op4,op3,40,linear7,,20
p2215,,,op5,op4,1,const,,55
p2215,,,op6,op5,1,const,,55
p2215,,,op7,op6,20,linear7,,30
p2215,,,op8,op7,80,squared,,10
p2216,1939.43,BATCH_PIPELINE,op1,,1,const,,55
p2216,,,op2,op1,2,sqrt,,55
p2216,,,op3,op2,15,linear3,,37.5
p2216,,,op4,op3,5,linear3,,45
p2216,,,op5,op4,1,const,,55
p2216,,,op6,op5,1,const,,55
p2216,,,op7,op6,1,const,,55
p2216,,,op8,op7,20,linear7,,30
p2217,1939.43,BATCH_PIPELINE,op1,,1,const,,55
p2217,,,op2,op1,40,linear7,,20
p2217,,,op3,op2,20,linear7,,30
p2217,,,op4,op3,15,linear3,,37.5
p2217,,,op5,op4,5,linear3,,45
p2217,,,op6,op5,2,sqrt,,55
p2217,,,op7,op6,15,linear3,,37.5
p2217,,,op8,op7,80,squared,,10
p2217,,,op9,op8,40,linear7,,20
p2218,1939.43,BATCH_PIPELINE,op1,,1,const,,55
p2218,,,op2,op1,20,linear7,,30
p2218,,,op3,op2,2,sqrt,,55
p2218,,,op4,op3,20,linear7,,30
p2218,,,op5,op4,80,squared,,10
p2218,,,op6,op5,5,linear3,,45
p2218,,,op7,op6,80,squared,,10
p2218,,,op8,op7,20,linear7,,30
p2218,,,op9,op8,2,sqrt,,55
p2219,1939.43,BATCH_PIPELINE,op1,,1,const,,55
p2219,,,op2,,5,linear3,,45
p2219,,,op3,,5,linear3,,45
p2219,,,op4,,20,linear7,,30
p2219,,,op5,,15,linear3,,37.5
p2219,,,op6,,15,linear3,,37.5
p2219,,,op7,,80,squared,,10
p2219,,,op8,,1,const,,55
p2219,,,op9,,20,linear7,,30
p2219,,,op10,,15,linear3,,37.5
p2219,,,op11,,5,linear3,,45
p2219,,,op12,op1;op2;op3;op4;op5;op6;op7;op8;op9;op10;op11,40,linear7,,20
p2220,1939.43,BATCH_PIPELINE,op1,,1,const,,55
p2220,,,op2,op1,5,linear3,,45
p2220,,,op3,op2,1,const,,55
p2221,1944.582,BATCH_PIPELINE,op1,,1,const,,55
p2221,,,op2,op1,80,squared,,10
p2221,,,op3,op1,40,linear7,,20
p2221,,,op4,op1,80,squared,,10
p2221,,,op5,op1,1,const,,55
p2221,,,op6,op1,1,const,,55
p2221,,,op7,op1,20,linear7,,30
p2221,,,op8,op1,20,linear7,,30
p2222,1944.582,INTERACTIVE,op1,,1,const,,55
p2222,,,op2,,40,linear7,,20
p2222,,,op3,,40,linear7,,20
p2222,,,op4,op1;op2;op3,5,linear3,,45
p2223,1944.582,BATCH_PIPELINE,op1,,1,const,,55
p2223,,,op2,op1,2,sqrt,,55
p2223,,,op3,op2,2,sqrt,,55
p2223,,,op4,op3,5,linear3,,45
p2223,,,op5,op4,5,linear3,,45
p2223,,,op6,op5,2,sqrt,,55
p2224,1944.582,BATCH_PIPELINE,op1,,1,const,,55
p2224,,,op2,op1,15,linear3,,37.5
p2224,,,op3,op2,1,const,,55
p2224,,,op4,op3,40,linear7,,20
p2224,,,op5,op4,15,linear3,,37.5
p2224,,,op6,op5,5,linear3,,45
p2224,,,op7,op6,5,linear3,,45
p2224,,,op8,op7,20,linear7,,30
p2224,,,op9,op8,1,const,,55
p2224,,,op10,op9,2,sqrt,,55
p2224,,,op11,op10,5,linear3,,45
p2225,1944.582,BATCH_PIPELINE,op1,,1,const,,55
p2225,,,op2,,40,linear7,,20
p2225,,,op3,,80,squared,,10
p2225,,,op4,,20,linear7,,30
p2225,,,op5,,2,sqrt,,55
p2225,,,op6,,1,const,,55
p2225,,,op7,,20,linear7,,30
p2225,,,op8,,80,squared,,10
p2225,,,op9,,20,linear7,,30
p2225,,,op10,,40,linear7,,20
p2225,,,op11,,80,squared,,10
p2225,,,op12,,20,linear7,,30
p2225,,,op13,op1;op2;op3;op4;op5;op6;op7;op8;op9;op10;op11;op12,1,const,,55
p2226,1944.582,BATCH_PIPELINE,op1,,1,const,,55
p2226,,,op2,op1,80,squared,,10
p2226,,,op3,op2,15,linear3,,37.5
p2226,,,op4,op3,15,linear3,,37.5
p2226,,,op5,op4,5,linear3,,45
p2226,,,op6,op5,15,linear3,,37.5
p2226,,,op7,op6,15,linear3,,37.5
p2226,,,op8,op7,1,const,,55
p2226,,,op9,op8,5,linear3,,45
p2226,,,op10,op9,1,const,,55
p2227,1944.582,BATCH_PIPELINE,op1,,1,const,,55
p2227,,,op2,,2,sqrt,,55
p2227,,,op3,,40,linear7,,20
p2227,,,op4,,40,linear7,,20
p2227,,,op5,,20,linear7,,30
p2227,,,op6,,1,const,,55
p2227,,,op7,op1;op2;op3;op4;op5;op6,15,linear3,,37.5
p2228,1944.582,BATCH_PIPELINE,op1,,1,const,,55
p2228,,,op2,op1,40,linear7,,20
p2228,,,op3,op2,20,linear7,,30
p2228,,,op4,op3,40,linear7,,20
p2228,,,op5,op4,15,linear3,,37.5
p2228,,,op6,op5,5,linear3,,45
p2228,,,op7,op6,20,linear7,,30
p2229,1944.582,BATCH_PIPELINE,op1,,1,const,,55
p2229,,,op2,op1,5,linear3,,45
p2229,,,op3,op1,1,const,,55
p2229,,,op4,op1,20,linear7,,30
p2229,,,op5,op1,1,const,,55
p2229,,,op6,op1,15,linear3,,37.5
p2230,1944.582,INTERACTIVE,op1,,1,const,,55
p2230,,,op2,op1,80,squared,,10
p2230,,,op3,op2,5,linear3,,45
p2230,,,op4,op3,2,sqrt,,55
p2230,,,op5,op4,20,linear7,,30
p2230,,,op6,op5,15,linear3,,37.5
p2231,1955.361,BATCH_PIPELINE,op1,,1,const,,55
p2231,,,op2,op1,5,linear3,,45
p2231,,,op3,op1,15,linear3,,37.5
p2231,,,op4,op1,1,const,,55
p2231,,,op5,op1,2,sqrt,,55
p2231,,,op6,op1,20,linear7,,30
p2231,,,op7,op1,5,linear3,,45
p2231,,,op8,op1,20,linear7,,30
p2232,1955.361,BATCH_PIPELINE,op1,,1,const,,55
p2232,,,op2,op1,1,const,,55
p2232,,,op3,op1,2,sqrt,,55
p2232,,,op4,op1,15,linear3,,37.5
p2232,,,op5,op1,80,squared,,10
p2233,1955.361,BATCH_PIPELINE,op1,,1,const,,55
p2233,,,op2,op1,20,linear7,,30
p2233,,,op3,op2,40,linear7,,20
p2233,,,op4,op3,5,linear3,,45
p2233,,,op5,op4,40,linear7,,20
p2233,,,op6,op5,40,linear7,,20
p2233,,,op7,op6,80,squared,,10
p2233,,,op8,op7,20,linear7,,30
p2234,1955.361,INTERACTIVE,op1,,1,const,,55
p2234,,,op2,op1,15,linear3,,37.5
p2234,,,op3,op1,15,linear3,,37.5
p2234,,,op4,op1,15,linear3,,37.5
p2234,,,op5,op1,20,linear7,,30
p2234,,,op6,op1,1,const,,55
p2234,,,op7,op1,15,linear3,,37.5
p2235,1955.361,BATCH_PIPELINE,op1,,1,const,,55
p2235,,,op2,op1,15,linear3,,37.5
p2235,,,op3,op2,5,linear3,,45
p2235,,,op4,op3,1,const,,55
p2235,,,op5,op4,20,linear7,,30
p2235,,,op6,op5,1,const,,55
p2235,,,op7,op6,5,linear3,,45
p2235,,,op8,op7,15,linear3,,37.5
p2235,,,op9,op8,5,linear3,,45
p2236,1955.361,INTERACTIVE,op1,,1,const,,55
p2236,,,op2,,2,sqrt,,55
p2236,,,op3,,80,squared,,10
p2236,,,op4,,20,linear7,,30
p2236,,,op5,,2,sqrt,,55
p2236,,,op6,,15,linear3,,37.5
p2236,,,op7,,40,linear7,,20
p2236,,,op8,,5,linear3,,45
p2236,,,op9,,15,linear3,,37.5
p2236,,,op10,,20,linear7,,30
p2236,,,op11,op1;op2;op3;op4;op5;op6;op7;op8;op9;op10,2,sqrt,,55
p2237,1955.361,BATCH_PIPELINE,op1,,1,const,,55
p2237,,,op2,,2,sqrt,,55
p2237,,,op3,,15,linear3,,37.5
p2237,,,op4,,1,const,,55
p2237,,,op5,op1;op2;op3;op4,1,const,,55
p2238,1955.361,BATCH_PIPELINE,op1,,1,const,,55
p2238,,,op2,op1,15,linear3,,37.5
p2238,,,op3,op2,1,const,,55
p2238,,,op4,op3,5,linear3,,45
p2238,,,op5,op4,2,sqrt,,55
p2238,,,op6,op5,20,linear7,,30
p2238,,,op7,op6,5,linear3,,45
p2239,1955.361,BATCH_PIPELINE,op1,,1,const,,55
p2239,,,op2,op1,1,const,,55
p2239,,,op3,op2,5,linear3,,45
p2239,,,op4,op3,15,linear3,,37.5
p2239,,,op5,op4,5,linear3,,45
p2239,,,op6,op5,2,sqrt,,55
p2240,1955.361,BATCH_PIPELINE,op1,,1,const,,55
p2240,,,op2,,80,squared,,10
p2240,,,op3,,80,squared,,10
p2240,,,op4,,15,linear3,,37.5
p2240,,,op5,,1,const,,55
p2240,,,op6,op1;op2;op3;op4;op5,20,linear7,,30
p2241,1962.154,BATCH_PIPELINE,op1,,1,const,,55
p2241,,,op2,op1,5,linear3,,45
p2241,,,op3,op2,1,const,,55
p2241,,,op4,op3,2,sqrt,,55
p2241,,,op5,op4,40,linear7,,20
p2241,,,op6,op5,15,linear3,,37.5
p2242,1962.154,BATCH_PIPELINE,op1,,1,const,,55
p2242,,,op2,,2,sqrt,,55
p2242,,,op3,op1;op2,40,linear7,,20
p2243,1962.154,BATCH_PIPELINE,op1,,1,const,,55
p2243,,,op2,,80,squared,,10
p2243,,,op3,,20,linear7,,30
p2243,,,op4,,20,linear7,,30
p2243,,,op5,,80,squared,,10
p2243,,,op6,op1;op2;op3;op4;op5,15,linear3,,37.5
p2244,1962.154,BATCH_PIPELINE,op1,,1,const,,55
p2244,,,op2,,2,sqrt,,55
p2244,,,op3,,5,linear3,,45
p2244,,,op4,,15,linear3,,37.5
p2244,,,op5,,1,const,,55
p2244,,,op6,,15,linear3,,37.5
p2244,,,op7,op1;op2;op3;op4;op5;op6,5,linear3,,45
p2245,1962.154,BATCH_PIPELINE,op1,,1,const,,55
p2245,,,op2,op1,20,linear7,,30
p2245,,,op3,op2,15,linear3,,37.5
p2245,,,op4,op3,80,squared,,10
p2245,,,op5,op4,20,linear7,,30
p2245,,,op6,op5,5,linear3,,45
p2245,,,op7,op6,15,linear3,,37.5
p2246,1962.154,BATCH_PIPELINE,op1,,1,const,,55
p2246,,,op2,op1,2,sqrt,,55
p2246,,,op3,op2,15,linear3,,37.5
p2246,,,op4,op3,20,linear7,,30
p2246,,,op5,op4,2,sqrt,,55
p2246,,,op6,op5,15,linear3,,37.5
p2246,,,op7,op6,1,const,,55
p2246,,,op8,op7,40,linear7,,20
p2247,1962.154,BATCH_PIPELINE,op1,,1,const,,55
p2247,,,op2,op1,40,linear7,,20
p2247,,,op3,op2,40,linear7,,20
p2247,,,op4,op3,5,linear3,,45
p2247,,,op5,op4,5,linear3,,45
p2247,,,op6,op5,2,sqrt,,55
p2247,,,op7,op6,1,const,,55
p2247,,,op8,op7,2,sqrt,,55
p2247,,,op9,op8,1,const,,55
p2247,,,op10,op9,80,squared,,10
p2247,,,op11,op10,1,const,,55
p2248,1962.154,BATCH_PIPELINE,op1,,1,const,,55
p2248,,,op2,op1,20,linear7,,30
p2248,,,op3,op1,40,linear7,,20
p2248,,,op4,op1,5,linear3,,45
p2248,,,op5,op1,15,linear3,,37.5
p2248,,,op6,op1,5,linear3,,45
p2248,,,op7,op1,40,linear7,,20
p2248,,,op8,op1,80,squared,,10
p2249,1962.154,BATCH_PIPELINE,op1,,1,const,,55
p2249,,,op2,op1,40,linear7,,20
p2249,,,op3,op2,80,squared,,10
p2250,1962.154,QUERY,op1,,15,linear3,,35
p2251,1974.295,BATCH_PIPELINE,op1,,1,const,,55
p2251,,,op2,op1,1,const,,55
p2251,,,op3,op2,15,linear3,,37.5
p2251,,,op4,op3,15,linear3,,37.5
p2251,,,op5,op4,15,linear3,,37.5
p2251,,,op6,op5,15,linear3,,37.5
p2251,,,op7,op6,80,squared,,10
p2251,,,op8,op7,2,sqrt,,55
p2251,,,op9,op8,20,linear7,,30
p2251,,,op10,op9,15,linear3,,37.5
p2252,1974.295,BATCH_PIPELINE,op1,,1,const,,55
p2252,,,op2,op1,20,linear7,,30
p2252,,,op3,op2,15,linear3,,37.5
p2252,,,op4,op3,2,sqrt,,55
p2252,,,op5,op4,1,const,,55
p2253,1974.295,BATCH_PIPELINE,op1,,1,const,,55
p2253,,,op2,op1,2,sqrt,,55
p2253,,,op3,op2,5,linear3,,45
p2253,,,op4,op3,20,linear7,,30
p2253,,,op5,op4,5,linear3,,45
p2253,,,op6,op5,1,const,,55
p2253,,,op7,op6,15,linear3,,37.5
p2254,1974.295,BATCH_PIPELINE,op1,,1,const,,55
p2254,,,op2,op1,5,linear3,,45
p2254,,,op3,op2,2,sqrt,,55
p2254,,,op4,op3,2,sqrt,,55
p2254,,,op5,op4,1,const,,55
p2254,,,op6,op5,40,linear7,,20
p2254,,,op7,op6,20,linear7,,30
p2254,,,op8,op7,15,linear3,,37.5
p2255,1974.295,BATCH_PIPELINE,op1,,1,const,,55
p2255,,,op2,op1,5,linear3,,45
p2255,,,op3,op2,5,linear3,,45
p2255,,,op4,op3,80,squared,,10
p2255,,,op5,op4,40,linear7,,20
p2255,,,op6,op5,15,linear3,,37.5
p2255,,,op7,op6,40,linear7,,20
p2255,,,op8,op7,40,linear7,,20
p2256,1974.295,BATCH_PIPELINE,op1,,1,const,,55
p2256,,,op2,op1,20,linear7,,30
p2256,,,op3,op1,5,linear3,,45
p2256,,,op4,op1,15,linear3,,37.5
p2256,,,op5,op1,5,linear3,,45
p2256,,,op6,op1,40,linear7,,20
p2256,,,op7,op1,1,const,,55
p2257,1974.295,BATCH_PIPELINE,op1,,1,const,,55
p2257,,,op2,op1,15,linear3,,37.5
p2257,,,op3,op2,15,linear3,,37.5
p2257,,,op4,op3,5,linear3,,45
p2258,1974.295,BATCH_PIPELINE,op1,,1,const,,55
p2258,,,op2,op1,15,linear3,,37.5
p2258,,,op3,op1,5,linear3,,45
p2258,,,op4,op1,20,linear7,,30
p2258,,,op5,op1,1,const,,55
p2258,,,op6,op1,80,squared,,10
p2258,,,op7,op1,40,linear7,,20
p2258,,,op8,op1,1,const,,55
p2258,,,op9,op1,2,sqrt,,55
p2258,,,op10,op1,20,linear7,,30
p2259,1974.295,INTERACTIVE,op1,,1,const,,55
p2259,,,op2,op1,80,squared,,10
p2259,,,op3,op2,15,linear3,,37.5
p2259,,,op4,op3,80,squared,,10
p2259,,,op5,op4,20,linear7,,30
p2259,,,op6,op5,1,const,,55
p2259,,,op7,op6,80,squared,,10
p2259,,,op8,op7,40,linear7,,20
p2259,,,op9,op8,20,linear7,,30
p2260,1974.295,BATCH_PIPELINE,op1,,1,const,,55
p2260,,,op2,op1,15,linear3,,37.5
p2260,,,op3,op1,40,linear7,,20
p2260,,,op4,op1,15,linear3,,37.5
p2260,,,op5,op1,80,squared,,10
p2261,1986.268,BATCH_PIPELINE,op1,,1,const,,55
p2261,,,op2,op1,15,linear3,,37.5
p2261,,,op3,op2,5,linear3,,45
p2261,,,op4,op3,15,linear3,,37.5
p2261,,,op5,op4,1,const,,55
p2261,,,op6,op5,15,linear3,,37.5
p2261,,,op7,op6,20,linear7,,30
p2261,,,op8,op7,15,linear3,,37.5
p2261,,,op9,op8,15,linear3,,37.5
p2261,,,op10,op9,15,linear3,,37.5
p2262,1986.268,BATCH_PIPELINE,op1,,1,const,,55
p2262,,,op2,,2,sqrt,,55
p2262,,,op3,,40,linear7,,20
p2262,,,op4,,40,linear7,,20
p2262,,,op5,,15,linear3,,37.5
p2262,,,op6,,20,linear7,,30
p2262,,,op7,,1,const,,55
p2262,,,op8,,15,linear3,,37.5
p2262,,,op9,,40,linear7,,20
p2262,,,op10,,2,sqrt,,55
p2262,,,op11,op1;op2;op3;op4;op5;op6;op7;op8;op9;op10,2,sqrt,,55
p2263,1986.268,BATCH_PIPELINE,op1,,1,const,,55
p2263,,,op2,op1,1,const,,55
p2263,,,op3,op2,1,const,,55
p2263,,,op4,op3,40,linear7,,20
p2263,,,op5,op4,2,sqrt,,55
p2263,,,op6,op5,2,sqrt,,55
p2263,,,op7,op6,1,const,,55
p2263,,,op8,op7,40,linear7,,20
p2264,1986.268,BATCH_PIPELINE,op1,,1,const,,55
p2264,,,op2,,40,linear7,,20
p2264,,,op3,,15,linear3,,37.5
p2264,,,op4,,1,const,,55
p2264,,,op5,,2,sqrt,,55
p2264,,,op6,,5,linear3,,45
p2264,,,op7,,2,sqrt,,55
p2264,,,op8,op1;op2;op3;op4;op5;op6;op7,5,linear3,,45
p2265,1986.268,BATCH_PIPELINE,op1,,1,const,,55
p2265,,,op2,op1,15,linear3,,37.5
p2265,,,op3,op2,20,linear7,,30
p2265,,,op4,op3,2,sqrt,,55
p2265,,,op5,op4,5,linear3,,45
p2265,,,op6,op5,20,linear7,,30
p2265,,,op7,op6,15,linear3,,37.5
p2265,,,op8,op7,20,linear7,,30
p2265,,,op9,op8,15,linear3,,37.5
p2265,,,op10,op9,5,linear3,,45
p2266,1986.268,BATCH_PIPELINE,op1,,1,const,,55
p2266,,,op2,op1,2,sqrt,,55
p2266,,,op3,op2,20,linear7,,30
p2266,,,op4,op3,40,linear7,,20
p2266,,,op5,op4,2,sqrt,,55
p2266,,,op6,op5,2,sqrt,,55
p2266,,,op7,op6,2,sqrt,,55
p2266,,,op8,op7,1,const,,55
p2267,1986.268,BATCH_PIPELINE,op1,,1,const,,55
p2267,,,op2,,1,const,,55
p2267,,,op3,,5,linear3,,45
p2267,,,op4,,2,sqrt,,55
p2267,,,op5,,80,squared,,10
p2267,,,op6,,1,const,,55
p2267,,,op7,op1;op2;op3;op4;op5;op6,1,const,,55
p2268,1986.268,BATCH_PIPELINE,op1,,1,const,,55
p2268,,,op2,op1,20,linear7,,30
p2268,,,op3,op2,15,linear3,,37.5
p2268,,,op4,op3,15,linear3,,37.5
p2268,,,op5,op4,1,const,,55
p2268,,,op6,op5,1,const,,55
p2268,,,op7,op6,2,sqrt,,55
p2269,1986.268,INTERACTIVE,op1,,1,const,,55
p2269,,,op2,op1,5,linear3,,45
p2269,,,op3,op2,15,linear3,,37.5
p2269,,,op4,op3,15,linear3,,37.5
p2269,,,op5,op4,20,linear7,,30
p2269,,,op6,op5,5,linear3,,45
p2269,,,op7,op6,5,linear3,,45
p2269,,,op8,op7,80,squared,,10
p2270,1986.268,BATCH_PIPELINE,op1,,1,const,,55
p2270,,,op2,op1,15,linear3,,37.5
p2270,,,op3,op2,5,linear3,,45
p2270,,,op4,op3,15,linear3,,37.5
p2270,,,op5,op4,5,linear3,,45
p2270,,,op6,op5,15,linear3,,37.5
p2270,,,op7,op6,80,squared,,10
p2270,,,op8,op7,40,linear7,,20
p2270,,,op9,op8,40,linear7,,20
p2270,,,op10,op9,1,const,,55
p2271,1992.613,BATCH_PIPELINE,op1,,1,const,,55
p2271,,,op2,op1,2,sqrt,,55
p2271,,,op3,op2,40,linear7,,20
p2271,,,op4,op3,20,linear7,,30
p2271,,,op5,op4,40,linear7,,20
p2271,,,op6,op5,5,linear3,,45
p2271,,,op7,op6,5,linear3,,45
p2271,,,op8,op7,40,linear7,,20
p2271,,,op9,op8,5,linear3,,45
p2272,1992.613,INTERACTIVE,op1,,1,const,,55
p2272,,,op2,op1,40,linear7,,20
p2272,,,op3,op2,1,const,,55
p2272,,,op4,op3,20,linear7,,30
p2272,,,op5,op4,5,linear3,,45
p2272,,,op6,op5,15,linear3,,37.5
p2273,1992.613,QUERY,op1,,15,linear3,,35
p2274,1992.613,BATCH_PIPELINE,op1,,1,const,,55
p2274,,,op2,op1,5,linear3,,45
p2274,,,op3,op2,40,linear7,,20
p2274,,,op4,op3,15,linear3,,37.5
p2274,,,op5,op4,5,linear3,,45
p2274,,,op6,op5,2,sqrt,,55
p2274,,,op7,op6,5,linear3,,45
p2275,1992.613,BATCH_PIPELINE,op1,,1,const,,55
p2275,,,op2,op1,1,const,,55
p2275,,,op3,op2,15,linear3,,37.5
p2275,,,op4,op3,5,linear3,,45
p2275,,,op5,op4,5,linear3,,45
p2275,,,op6,op5,40,linear7,,20
p2275,,,op7,op6,1,const,,55
p2275,,,op8,op7,80,squared,,10
p2275,,,op9,op8,40,linear7,,20
p2276,1992.613,BATCH_PIPELINE,op1,,1,const,,55
p2276,,,op2,op1,20,linear7,,30
p2276,,,op3,op2,2,sqrt,,55
p2276,,,op4,op3,1,const,,55
p2276,,,op5,op4,80,squared,,10
p2276,,,op6,op5,40,linear7,,20
p2276,,,op7,op6,15,linear3,,37.5
p2277,1992.613,BATCH_PIPELINE,op1,,1,const,,55
p2277,,,op2,op1,1,const,,55
p2277,,,op3,op1,5,linear3,,45
p2277,,,op4,op1,5,linear3,,45
p2277,,,op5,op1,5,linear3,,45
p2277,,,op6,op1,20,linear7,,30
p2277,,,op7,op1,1,const,,55
p2277,,,op8,op1,1,const,,55
p2277,,,op9,op1,2,sqrt,,55
p2278,1992.613,BATCH_PIPELINE,op1,,1,const,,55
p2278,,,op2,op1,5,linear3,,45
p2278,,,op3,op2,20,linear7,,30
p2278,,,op4,op3,20,linear7,,30
p2278,,,op5,op4,20,linear7,,30
p2278,,,op6,op5,15,linear3,,37.5
p2278,,,op7,op6,5,linear3,,45
p2278,,,op8,op7,2,sqrt,,55
p2278,,,op9,op8,1,const,,55
p2279,1992.613,BATCH_PIPELINE,op1,,1,const,,55
p2279,,,op2,op1,20,linear7,,30
p2279,,,op3,op2,5,linear3,,45
p2279,,,op4,op3,2,sqrt,,55
p2279,,,op5,op4,5,linear3,,45
p2279,,,op6,op5,20,linear7,,30
p2279,,,op7,op6,2,sqrt,,55
p2280,1992.613,QUERY,op1,,15,linear3,,35
p2281,2001.489,INTERACTIVE,op1,,1,const,,55
p2281,,,op2,op1,15,linear3,,37.5
p2281,,,op3,op2,1,const,,55
p2281,,,op4,op3,40,linear7,,20
p2281,,,op5,op4,15,linear3,,37.5
p2281,,,op6,op5,5,linear3,,45
p2281,,,op7,op6,40,linear7,,20
p2282,2001.489,BATCH_PIPELINE,op1,,1,const,,55
p2282,,,op2,op1,40,linear7,,20
p2282,,,op3,op2,80,squared,,10
p2282,,,op4,op3,1,const,,55
p2282,,,op5,op4,2,sqrt,,55
p2282,,,op6,op5,15,linear3,,37.5
p2283,2001.489,INTERACTIVE,op1,,1,const,,55
p2283,,,op2,,20,linear7,,30
p2283,,,op3,,2,sqrt,,55
p2283,,,op4,,15,linear3,,37.5
p2283,,,op5,,2,sqrt,,55
p2283,,,op6,,5,linear3,,45
p2283,,,op7,op1;op2;op3;op4;op5;op6,1,const,,55
p2284,2001.489,INTERACTIVE,op1,,1,const,,55
p2284,,,op2,op1,15,linear3,,37.5
p2284,,,op3,op2,15,linear3,,37.5
p2284,,,op4,op3,15,linear3,,37.5
p2284,,,op5,op4,1,const,,55
p2284,,,op6,op5,1,const,,55
p2285,2001.489,BATCH_PIPELINE,op1,,1,const,,55
p2285,,,op2,op1,2,sqrt,,55
p2285,,,op3,op2,5,linear3,,45
p2285,,,op4,op3,5,linear3,,45
p2285,,,op5,op4,20,linear7,,30
p2285,,,op6,op5,20,linear7,,30
p2285,,,op7,op6,5,linear3,,45
p2285,,,op8,op7,15,linear3,,37.5
p2286,2001.489,BATCH_PIPELINE,op1,,1,const,,55
p2286,,,op2,op1,15,linear3,,37.5
p2286,,,op3,op2,40,linear7,,20
p2286,,,op4,op3,1,const,,55
p2286,,,op5,op4,2,sqrt,,55
p2286,,,op6,op5,1,const,,55
p2286,,,op7,op6,15,linear3,,37.5
p2286,,,op8,op7,20,linear7,,30
p2287,2001.489,BATCH_PIPELINE,op1,,1,const,,55
p2287,,,op2,op1,20,linear7,,30
p2287,,,op3,op1,1,const,,55
p2287,,,op4,op1,20,linear7,,30
p2287,,,op5,op1,15,linear3,,37.5
p2287,,,op6,op1,20,linear7,,30
p2287,,,op7,op1,5,linear3,,45
p2287,,,op8,op1,15,linear3,,37.5
p2288,2001.489,BATCH_PIPELINE,op1,,1,const,,55
p2288,,,op2,,40,linear7,,20
p2288,,,op3,,5,linear3,,45
p2288,,,op4,,1,const,,55
p2288,,,op5,,20,linear7,,30
p2288,,,op6,,80,squared,,10
p2288,,,op7,op1;op2;op3;op4;op5;op6,40,linear7,,20
p2289,2001.489,INTERACTIVE,op1,,1,const,,55
p2289,,,op2,op1,5,linear3,,45
p2289,,,op3,op2,15,linear3,,37.5
p2290,2001.489,BATCH_PIPELINE,op1,,1,const,,55
p2290,,,op2,op1,80,squared,,10
p2290,,,op3,op2,5,linear3,,45
p2290,,,op4,op3,2,sqrt,,55
p2290,,,op5,op4,20,linear7,,30
p2290,,,op6,op5,40,linear7,,20
p2290,,,op7,op6,20,linear7,,30
p2290,,,op8,op7,2,sqrt,,55
p2290,,,op9,op8,20,linear7,,30
p2290,,,op10,op9,2,sqrt,,55
p2291,2008.6960000000001,BATCH_PIPELINE,op1,,1,const,,55
p2291,,,op2,op1,5,linear3,,45
p2291,,,op3,op2,5,linear3,,45
p2291,,,op4,op3,2,sqrt,,55
p2291,,,op5,op4,40,linear7,,20
p2291,,,op6,op5,2,sqrt,,55
p2292,2008.6960000000001,BATCH_PIPELINE,op1,,1,const,,55
p2292,,,op2,,15,linear3,,37.5
p2292,,,op3,,5,linear3,,45
p2292,,,op4,,20,linear7,,30
p2292,,,op5,,5,linear3,,45
p2292,,,op6,,5,linear3,,45
p2292,,,op7,,15,linear3,,37.5
p2292,,,op8,,1,const,,55
p2292,,,op9,,15,linear3,,37.5
p2292,,,op10,op1;op2;op3;op4;op5;op6;op7;op8;op9,20,linear7,,30
p2293,2008.6960000000001,BATCH_PIPELINE,op1,,1,const,,55
p2293,,,op2,op1,5,linear3,,45
p2293,,,op3,op2,1,const,,55
p2293,,,op4,op3,5,linear3,,45
p2293,,,op5,op4,80,squared,,10
p2293,,,op6,op5,15,linear3,,37.5
p2293,,,op7,op6,5,linear3,,45
p2293,,,op8,op7,2,sqrt,,55
p2293,,,op9,op8,1,const,,55
p2294,2008.6960000000001,BATCH_PIPELINE,op1,,1,const,,55
p2294,,,op2,op1,2,sqrt,,55
p2294,,,op3,op2,2,sqrt,,55
p2294,,,op4,op3,20,linear7,,30
p2294,,,op5,op4,15,linear3,,37.5
p2294,,,op6,op5,2,sqrt,,55
p2294,,,op7,op6,5,linear3,,45
p2294,,,op8,op7,80,squared,,10
p2294,,,op9,op8,40,linear7,,20
p2295,2008.6960000000001,BATCH_PIPELINE,op1,,1,const,,55
p2295,,,op2,op1,2,sqrt,,55
p2295,,,op3,op2,20,linear7,,30
p2295,,,op4,op3,40,linear7,,20
p2296,2008.6960000000001,BATCH_PIPELINE,op1,,1,const,,55
p2296,,,op2,op1,20,linear7,,30
p2296,,,op3,op2,20,linear7,,30
p2296,,,op4,op3,15,linear3,,37.5
p2296,,,op5,op4,15,linear3,,37.5
p2296,,,op6,op5,15,linear3,,37.5
p2297,2008.6960000000001,BATCH_PIPELINE,op1,,1,const,,55
p2297,,,op2,op1,20,linear7,,30
p2297,,,op3,op1,15,linear3,,37.5
p2297,,,op4,op1,15,linear3,,37.5
p2297,,,op5,op1,15,linear3,,37.5
p2297,,,op6,op1,2,sqrt,,55
p2297,,,op7,op1,2,sqrt,,55
p2297,,,op8,op1,20,linear7,,30
p2297,,,op9,op1,2,sqrt,,55
p2297,,,op10,op1,20,linear7,,30
p2297,,,op11,op1,15,linear3,,37.5
p2298,2008.6960000000001,BATCH_PIPELINE,op1,,1,const,,55
p2298,,,op2,op1,5,linear3,,45
p2298,,,op3,op2,20,linear7,,30
p2298,,,op4,op3,20,linear7,,30
p2298,,,op5,op4,1,const,,55
p2298,,,op6,op5,80,squared,,10
p2298,,,op7,op6,80,squared,,10
p2298,,,op8,op7,40,linear7,,20
p2298,,,op9,op8,20,linear7,,30
p2299,2008.6960000000001,QUERY,op1,,15,linear3,,35
p2300,2008.6960000000001,QUERY,op1,,15,linear3,,35
p2301,2017.449,BATCH_PIPELINE,op1,,1,const,,55
p2301,,,op2,op1,5,linear3,,45
p2301,,,op3,op2,20,linear7,,30
p2301,,,op4,op3,2,sqrt,,55
p2301,,,op5,op4,5,linear3,,45
p2301,,,op6,op5,5,linear3,,45
p2302,2017.449,BATCH_PIPELINE,op1,,1,const,,55
p2302,,,op2,op1,15,linear3,,37.5
p2302,,,op3,op2,20,linear7,,30
p2303,2017.449,BATCH_PIPELINE,op1,,1,const,,55
p2303,,,op2,,2,sqrt,,55
p2303,,,op3,,15,linear3,,37.5
p2303,,,op4,,5,linear3,,45
p2303,,,op5,,40,linear7,,20
p2303,,,op6,,15,linear3,,37.5
p2303,,,op7,,40,linear7,,20
p2303,,,op8,,5,linear3,,45
p2303,,,op9,op1;op2;op3;op4;op5;op6;op7;op8,40,linear7,,20
p2304,2017.449,BATCH_PIPELINE,op1,,1,const,,55
p2304,,,op2,op1,2,sqrt,,55
p2304,,,op3,op2,20,linear7,,30
p2304,,,op4,op3,40,linear7,,20
p2304,,,op5,op4,5,linear3,,45
p2304,,,op6,op5,20,linear7,,30
p2304,,,op7,op6,15,linear3,,37.5
p2304,,,op8,op7,15,linear3,,37.5
p2305,2017.449,BATCH_PIPELINE,op1,,1,const,,55
p2305,,,op2,op1,20,linear7,,30
p2305,,,op3,op2,40,linear7,,20
p2305,,,op4,op3,5,linear3,,45
p2305,,,op5,op4,15,linear3,,37.5
p2305,,,op6,op5,1,const,,55
p2305,,,op7,op6,20,linear7,,30
p2305,,,op8,op7,40,linear7,,20
p2305,,,op9,op8,5,linear3,,45
p2306,2017.449,BATCH_PIPELINE,op1,,1,const,,55
p2306,,,op2,op1,15,linear3,,37.5
p2306,,,op3,op2,2,sqrt,,55
p2306,,,op4,op3,5,linear3,,45
p2306,,,op5,op4,2,sqrt,,55
p2306,,,op6,op5,20,linear7,,30
p2306,,,op7,op6,15,linear3,,37.5
p2307,2017.449,BATCH_PIPELINE,op1,,1,const,,55
p2307,,,op2,op1,40,linear7,,20
p2307,,,op3,op1,5,linear3,,45
p2307,,,op4,op1,20,linear7,,30
p2307,,,op5,op1,2,sqrt,,55
p2307,,,op6,op1,20,linear7,,30
p2307,,,op7,op1,40,linear7,,20
p2307,,,op8,op1,40,linear7,,20
p2308,2017.449,BATCH_PIPELINE,op1,,1,const,,55
p2308,,,op2,op1,80,squared,,10
p2308,,,op3,op2,1,const,,55
p2308,,,op4,op3,2,sqrt,,55
p2308,,,op5,op4,1,const,,55
p2308,,,op6,op5,40,linear7,,20
p2308,,,op7,op6,1,const,,55
p2308,,,op8,op7,1,const,,55
p2309,2017.449,INTERACTIVE,op1,,1,const,,55
p2309,,,op2,op1,2,sqrt,,55
p2309,,,op3,op2,1,const,,55
p2309,,,op4,op3,15,linear3,,37.5
p2310,2017.449,BATCH_PIPELINE,op1,,1,const,,55
p2310,,,op2,op1,15,linear3,,37.5
p2310,,,op3,op2,5,linear3,,45
p2310,,,op4,op3,5,linear3,,45
p2311,2029.103,BATCH_PIPELINE,op1,,1,const,,55
p2311,,,op2,op1,5,linear3,,45
p2311,,,op3,op2,15,linear3,,37.5
p2311,,,op4,op3,15,linear3,,37.5
p2311,,,op5,op4,20,linear7,,30
p2311,,,op6,op5,80,squared,,10
p2311,,,op7,op6,1,const,,55
p2312,2029.103,BATCH_PIPELINE,op1,,1,const,,55
p2312,,,op2,,20,linear7,,30
p2312,,,op3,,20,linear7,,30
p2312,,,op4,,40,linear7,,20
p2312,,,op5,,80,squared,,10
p2312,,,op6,,15,linear3,,37.5
p2312,,,op7,,1,const,,55
p2312,,,op8,,2,sqrt,,55
p2312,,,op9,,80,squared,,10
p2312,,,op10,,1,const,,55
p2312,,,op11,op1;op2;op3;op4;op5;op6;op7;op8;op9;op10,20,linear7,,30
p2313,2029.103,BATCH_PIPELINE,op1,,1,const,,55
p2313,,,op2,op1,15,linear3,,37.5
p2313,,,op3,op2,5,linear3,,45
p2313,,,op4,op3,2,sqrt,,55
p2313,,,op5,op4,1,const,,55
p2314,2029.103,BATCH_PIPELINE,op1,,1,const,,55
p2314,,,op2,,15,linear3,,37.5
p2314,,,op3,,20,linear7,,30
p2314,,,op4,,5,linear3,,45
p2314,,,op5,,15,linear3,,37.5
p2314,,,op6,,15,linear3,,37.5
p2314,,,op7,op1;op2;op3;op4;op5;op6,2,sqrt,,55
p2315,2029.103,BATCH_PIPELINE,op1,,1,const,,55
p2315,,,op2,op1,20,linear7,,30
p2315,,,op3,op2,2,sqrt,,55
p2315,,,op4,op3,20,linear7,,30
p2315,,,op5,op4,20,linear7,,30
p2315,,,op6,op5,2,sqrt,,55
p2315,,,op7,op6,5,linear3,,45
p2315,,,op8,op7,20,linear7,,30
p2315,,,op9,op8,40,linear7,,20
p2316,2029.103,BATCH_PIPELINE,op1,,1,const,,55
p2316,,,op2,,15,linear3,,37.5
p2316,,,op3,,5,linear3,,45
p2316,,,op4,,15,linear3,,37.5
p2316,,,op5,,2,sqrt,,55
p2316,,,op6,,5,linear3,,45
p2316,,,op7,,1,const,,55
p2316,,,op8,,1,const,,55
p2316,,,op9,,80,squared,,10
p2316,,,op10,,15,linear3,,37.5
p2316,,,op11,op1;op2;op3;op4;op5;op6;op7;op8;op9;op10,15,linear3,,37.5
p2317,2029.103,BATCH_PIPELINE,op1,,1,const,,55
p2317,,,op2,op1,15,linear3,,37.5
p2317,,,op3,op2,5,linear3,,45
p2317,,,op4,op3,2,sqrt,,55
p2317,,,op5,op4,20,linear7,,30
p2317,,,op6,op5,15,linear3,,37.5
p2318,2029.103,BATCH_PIPELINE,op1,,1,const,,55
p2318,,,op2,op1,5,linear3,,45
p2318,,,op3,op1,80,squared,,10
p2318,,,op4,op1,2,sqrt,,55
p2318,,,op5,op1,1,const,,55
p2318,,,op6,op1,20,linear7,,30
p2318,,,op7,op1,2,sqrt,,55
p2318,,,op8,op1,2,sqrt,,55
p2318,,,op9,op1,20,linear7,,30
p2319,2029.103,BATCH_PIPELINE,op1,,1,const,,55
p2319,,,op2,op1,1,const,,55
p2319,,,op3,op1,15,linear3,,37.5
p2319,,,op4,op1,1,const,,55
p2319,,,op5,op1,15,linear3,,37.5
p2320,2029.103,BATCH_PIPELINE,op1,,1,const,,55
p2320,,,op2,op1,40,linear7,,20
p2320,,,op3,op2,5,linear3,,45
p2320,,,op4,op3,1,const,,55
p2320,,,op5,op4,15,linear3,,37.5
p2320,,,op6,op5,5,linear3,,45
p2320,,,op7,op6,1,const,,55
p2320,,,op8,op7,2,sqrt,,55
p2320,,,op9,op8,2,sqrt,,55
p2321,2041.603,BATCH_PIPELINE,op1,,1,const,,55
p2321,,,op2,op1,1,const,,55
p2321,,,op3,op2,5,linear3,,45
p2321,,,op4,op3,20,linear7,,30
p2321,,,op5,op4,15,linear3,,37.5
p2321,,,op6,op5,5,linear3,,45
p2321,,,op7,op6,15,linear3,,37.5
p2322,2041.603,BATCH_PIPELINE,op1,,1,const,,55
p2322,,,op2,op1,15,linear3,,37.5
p2322,,,op3,op2,20,linear7,,30
p2322,,,op4,op3,80,squared,,10
p2322,,,op5,op4,20,linear7,,30
p2322,,,op6,op5,80,squared,,10
p2322,,,op7,op6,2,sqrt,,55
p2323,2041.603,BATCH_PIPELINE,op1,,1,const,,55
p2323,,,op2,op1,80,squared,,10
p2323,,,op3,op2,1,const,,55
p2323,,,op4,op3,15,linear3,,37.5
p2323,,,op5,op4,20,linear7,,30
p2323,,,op6,op5,15,linear3,,37.5
p2323,,,op7,op6,5,linear3,,45
p2324,2041.603,BATCH_PIPELINE,op1,,1,const,,55
p2324,,,op2,,15,linear3,,37.5
p2324,,,op3,,2,sqrt,,55
p2324,,,op4,,80,squared,,10
p2324,,,op5,,2,sqrt,,55
p2324,,,op6,,80,squared,,10
p2324,,,op7,,40,linear7,,20
p2324,,,op8,,80,squared,,10
p2324,,,op9,,20,linear7,,30
p2324,,,op10,op1;op2;op3;op4;op5;op6;op7;op8;op9,1,const,,55
p2325,2041.603,INTERACTIVE,op1,,1,const,,55
p2325,,,op2,op1,5,linear3,,45
p2325,,,op3,op2,20,linear7,,30
p2325,,,op4,op3,15,linear3,,37.5
p2325,,,op5,op4,2,sqrt,,55
p2325,,,op6,op5,40,linear7,,20
p2325,,,op7,op6,20,linear7,,30
p2325,,,op8,op7,15,linear3,,37.5
p2326,2041.603,BATCH_PIPELINE,op1,,1,const,,55
p2326,,,op2,op1,15,linear3,,37.5
p2326,,,op3,op2,40,linear7,,20
p2326,,,op4,op3,1,const,,55
p2326,,,op5,op4,20,linear7,,30
p2326,,,op6,op5,5,linear3,,45
p2326,,,op7,op6,2,sqrt,,55
p2326,,,op8,op7,40,linear7,,20
p2327,2041.603,BATCH_PIPELINE,op1,,1,const,,55
p2327,,,op2,op1,20,linear7,,30
p2327,,,op3,op2,2,sqrt,,55
p2328,2041.603,BATCH_PIPELINE,op1,,1,const,,55
p2328,,,op2,op1,5,linear3,,45
p2328,,,op3,op2,20,linear7,,30
p2328,,,op4,op3,15,linear3,,37.5
p2329,2041.603,BATCH_PIPELINE,op1,,1,const,,55
p2329,,,op2,op1,2,sqrt,,55
p2329,,,op3,op2,1,const,,55
p2329,,,op4,op3,20,linear7,,30
p2329,,,op5,op4,20,linear7,,30
p2329,,,op6,op5,20,linear7,,30
p2329,,,op7,op6,2,sqrt,,55
p2329,,,op8,op7,15,linear3,,37.5
p2330,2041.603,INTERACTIVE,op1,,1,const,,55
p2330,,,op2,op1,20,linear7,,30
p2330,,,op3,op2,1,const,,55
p2330,,,op4,op3,2,sqrt,,55
p2330,,,op5,op4,5,linear3,,45
p2330,,,op6,op5,40,linear7,,20
p2331,2048.774,BATCH_PIPELINE,op1,,1,const,,55
p2331,,,op2,,15,linear3,,37.5
p2331,,,op3,,1,const,,55
p2331,,,op4,,2,sqrt,,55
p2331,,,op5,,80,squared,,10
p2331,,,op6,,80,squared,,10
p2331,,,op7,,20,linear7,,30
p2331,,,op8,op1;op2;op3;op4;op5;op6;op7,40,linear7,,20
p2332,2048.774,BATCH_PIPELINE,op1,,1,const,,55
p2332,,,op2,,80,squared,,10
p2332,,,op3,,5,linear3,,45
p2332,,,op4,,20,linear7,,30
p2332,,,op5,,15,linear3,,37.5
p2332,,,op6,op1;op2;op3;op4;op5,15,linear3,,37.5
p2333,2048.774,INTERACTIVE,op1,,1,const,,55
p2333,,,op2,op1,2,sqrt,,55
p2333,,,op3,op2,1,const,,55
p2333,,,op4,op3,80,squared,,10
p2333,,,op5,op4,5,linear3,,45
p2333,,,op6,op5,1,const,,55
p2333,,,op7,op6,20,linear7,,30
p2333,,,op8,op7,20,linear7,,30
p2334,2048.774,BATCH_PIPELINE,op1,,1,const,,55
p2334,,,op2,op1,2,sqrt,,55
p2334,,,op3,op2,5,linear3,,45
p2334,,,op4,op3,20,linear7,,30
p2334,,,op5,op4,1,const,,55
p2334,,,op6,op5,15,linear3,,37.5
p2334,,,op7,op6,40,linear7,,20
p2334,,,op8,op7,20,linear7,,30
p2334,,,op9,op8,20,linear7,,30
p2334,,,op10,op9,40,linear7,,20
p2335,2048.774,INTERACTIVE,op1,,1,const,,55
p2335,,,op2,op1,80,squared,,10
p2335,,,op3,op2,2,sqrt,,55
p2335,,,op4,op3,1,const,,55
p2335,,,op5,op4,80,squared,,10
p2335,,,op6,op5,2,sqrt,,55
p2335,,,op7,op6,5,linear3,,45
p2335,,,op8,op7,20,linear7,,30
p2335,,,op9,op8,40,linear7,,20
p2335,,,op10,op9,40,linear7,,20
p2335,,,op11,op10,20,linear7,,30
p2336,2048.774,BATCH_PIPELINE,op1,,1,const,,55
p2336,,,op2,op1,1,const,,55
p2336,,,op3,op1,80,squared,,10
p2336,,,op4,op1,1,const,,55
p2336,,,op5,op1,40,linear7,,20
p2336,,,op6,op1,2,sqrt,,55
p2336,,,op7,op1,20,linear7,,30
p2336,,,op8,op1,20,linear7,,30
p2336,,,op9,op1,15,linear3,,37.5
p2337,2048.774,BATCH_PIPELINE,op1,,1,const,,55
p2337,,,op2,op1,80,squared,,10
p2337,,,op3,op2,1,const,,55
p2337,,,op4,op3,1,const,,55
p2337,,,op5,op4,5,linear3,,45
p2337,,,op6,op5,5,linear3,,45
p2337,,,op7,op6,5,linear3,,45
p2338,2048.774,BATCH_PIPELINE,op1,,1,const,,55
p2338,,,op2,op1,20,linear7,,30
p2338,,,op3,op2,20,linear7,,30
p2338,,,op4,op3,15,linear3,,37.5
p2338,,,op5,op4,20,linear7,,30
p2338,,,op6,op5,40,linear7,,20
p2338,,,op7,op6,15,linear3,,37.5
p2338,,,op8,op7,5,linear3,,45
p2338,,,op9,op8,20,linear7,,30
p2339,2048.774,BATCH_PIPELINE,op1,,1,const,,55
p2339,,,op2,op1,5,linear3,,45
p2339,,,op3,op2,2,sqrt,,55
p2339,,,op4,op3,20,linear7,,30
p2339,,,op5,op4,20,linear7,,30
p2339,,,op6,op5,5,linear3,,45
p2339,,,op7,op6,2,sqrt,,55
p2339,,,op8,op7,20,linear7,,30
p2339,,,op9,op8,5,linear3,,45
p2340,2048.774,INTERACTIVE,op1,,1,const,,55
p2340,,,op2,op1,20,linear7,,30
p2340,,,op3,op2,80,squared,,10
p2340,,,op4,op3,20,linear7,,30
p2340,,,op5,op4,5,linear3,,45
p2340,,,op6,op5,5,linear3,,45
p2340,,,op7,op6,5,linear3,,45
p2340,,,op8,op7,15,linear3,,37.5
p2340,,,op9,op8,20,linear7,,30
p2340,,,op10,op9,1,const,,55
p2340,,,op11,op10,5,linear3,,45
p2341,2058.253,BATCH_PIPELINE,op1,,1,const,,55
p2341,,,op2,op1,1,const,,55
p2341,,,op3,op2,2,sqrt,,55
p2341,,,op4,op3,15,linear3,,37.5
p2341,,,op5,op4,20,linear7,,30
p2341,,,op6,op5,15,linear3,,37.5
p2341,,,op7,op6,2,sqrt,,55
p2342,2058.253,BATCH_PIPELINE,op1,,1,const,,55
p2342,,,op2,op1,5,linear3,,45
p2342,,,op3,op2,2,sqrt,,55
p2342,,,op4,op3,2,sqrt,,55
p2342,,,op5,op4,15,linear3,,37.5
p2342,,,op6,op5,15,linear3,,37.5
p2342,,,op7,op6,20,linear7,,30
p2342,,,op8,op7,15,linear3,,37.5
p2342,,,op9,op8,5,linear3,,45
p2342,,,op10,op9,5,linear3,,45
p2342,,,op11,op10,80,squared,,10
p2343,2058.253,BATCH_PIPELINE,op1,,1,const,,55
p2343,,,op2,op1,5,linear3,,45
p2343,,,op3,op2,40,linear7,,20
p2343,,,op4,op3,5,linear3,,45
p2343,,,op5,op4,80,squared,,10
p2344,2058.253,QUERY,op1,,15,linear3,,35
p2345,2058.253,BATCH_PIPELINE,op1,,1,const,,55
p2345,,,op2,op1,15,linear3,,37.5
p2345,,,op3,op2,20,linear7,,30
p2345,,,op4,op3,5,linear3,,45
p2345,,,op5,op4,15,linear3,,37.5
p2345,,,op6,op5,20,linear7,,30
p2346,2058.253,BATCH_PIPELINE,op1,,1,const,,55
p2346,,,op2,op1,5,linear3,,45
p2346,,,op3,op2,20,linear7,,30
p2346,,,op4,op3,5,linear3,,45
p2346,,,op5,op4,1,const,,55
p2346,,,op6,op5,5,linear3,,45
p2346,,,op7,op6,2,sqrt,,55
p2347,2058.253,BATCH_PIPELINE,op1,,1,const,,55
p2347,,,op2,,2,sqrt,,55
p2347,,,op3,,15,linear3,,37.5
p2347,,,op4,,1,const,,55
p2347,,,op5,,20,linear7,,30
p2347,,,op6,,40,linear7,,20
p2347,,,op7,,5,linear3,,45
p2347,,,op8,,2,sqrt,,55
p2347,,,op9,op1;op2;op3;op4;op5;op6;op7;op8,1,const,,55
p2348,2058.253,BATCH_PIPELINE,op1,,1,const,,55
p2348,,,op2,op1,5,linear3,,45
p2348,,,op3,op2,2,sqrt,,55
p2348,,,op4,op3,20,linear7,,30
p2348,,,op5,op4,5,linear3,,45
p2348,,,op6,op5,20,linear7,,30
p2348,,,op7,op6,15,linear3,,37.5
p2348,,,op8,op7,15,linear3,,37.5
p2348,,,op9,op8,40,linear7,,20
p2348,,,op10,op9,40,linear7,,20
p2348,,,op11,op10,5,linear3,,45
p2348,,,op12,op11,2,sqrt,,55
p2349,2058.253,BATCH_PIPELINE,op1,,1,const,,55
p2349,,,op2,op1,20,linear7,,30
p2349,,,op3,op2,5,linear3,,45
p2349,,,op4,op3,5,linear3,,45
p2349,,,op5,op4,20,linear7,,30
p2349,,,op6,op5,15,linear3,,37.5
p2349,,,op7,op6,5,linear3,,45
p2350,2058.253,BATCH_PIPELINE,op1,,1,const,,55
p2350,,,op2,op1,5,linear3,,45
p2350,,,op3,op2,20,linear7,,30
p2350,,,op4,op3,15,linear3,,37.5
p2350,,,op5,op4,1,const,,55
p2350,,,op6,op5,20,linear7,,30
p2350,,,op7,op6,40,linear7,,20
p2350,,,op8,op7,40,linear7,,20
p2350,,,op9,op8,80,squared,,10
p2351,2071.909,BATCH_PIPELINE,op1,,1,const,,55
p2351,,,op2,op1,1,const,,55
p2351,,,op3,op2,15,linear3,,37.5
p2351,,,op4,op3,20,linear7,,30
p2351,,,op5,op4,15,linear3,,37.5
p2351,,,op6,op5,1,const,,55
p2351,,,op7,op6,5,linear3,,45
p2351,,,op8,op7,20,linear7,,30
p2352,2071.909,BATCH_PIPELINE,op1,,1,const,,55
p2352,,,op2,op1,40,linear7,,20
p2352,,,op3,op2,80,squared,,10
p2352,,,op4,op3,5,linear3,,45
p2352,,,op5,op4,15,linear3,,37.5
p2352,,,op6,op5,15,linear3,,37.5
p2352,,,op7,op6,20,linear7,,30
p2352,,,op8,op7,20,linear7,,30
p2353,2071.909,BATCH_PIPELINE,op1,,1,const,,55
p2353,,,op2,op1,20,linear7,,30
p2353,,,op3,op2,5,linear3,,45
p2354,2071.909,BATCH_PIPELINE,op1,,1,const,,55
p2354,,,op2,op1,80,squared,,10
p2354,,,op3,op2,15,linear3,,37.5
p2354,,,op4,op3,2,sqrt,,55
p2354,,,op5,op4,1,const,,55
p2354,,,op6,op5,20,linear7,,30
p2354,,,op7,op6,20,linear7,,30
p2355,2071.909,BATCH_PIPELINE,op1,,1,const,,55
p2355,,,op2,op1,40,linear7,,20
p2355,,,op3,op2,40,linear7,,20
p2355,,,op4,op3,1,const,,55
p2355,,,op5,op4,1,const,,55
p2355,,,op6,op5,80,squared,,10
p2355,,,op7,op6,40,linear7,,20
p2355,,,op8,op7,1,const,,55
p2355,,,op9,op8,1,const,,55
p2356,2071.909,BATCH_PIPELINE,op1,,1,const,,55
p2356,,,op2,op1,15,linear3,,37.5
p2356,,,op3,op2,15,linear3,,37.5
p2356,,,op4,op3,40,linear7,,20
p2356,,,op5,op4,80,squared,,10
p2357,2071.909,QUERY,op1,,15,linear3,,35
p2358,2071.909,BATCH_PIPELINE,op1,,1,const,,55
p2358,,,op2,op1,5,linear3,,45
p2358,,,op3,op2,20,linear7,,30
p2358,,,op4,op3,2,sqrt,,55
p2358,,,op5,op4,15,linear3,,37.5
p2358,,,op6,op5,1,const,,55
p2358,,,op7,op6,15,linear3,,37.5
p2358,,,op8,op7,5,linear3,,45
p2359,2071.909,BATCH_PIPELINE,op1,,1,const,,55
p2359,,,op2,op1,1,const,,55
p2359,,,op3,op2,5,linear3,,45
p2359,,,op4,op3,15,linear3,,37.5
p2359,,,op5,op4,15,linear3,,37.5
p2359,,,op6,op5,5,linear3,,45
p2359,,,op7,op6,80,squared,,10
p2359,,,op8,op7,15,linear3,,37.5
p2359,,,op9,op8,5,linear3,,45
p2359,,,op10,op9,2,sqrt,,55
p2359,,,op11,op10,1,const,,55
p2360,2071.909,BATCH_PIPELINE,op1,,1,const,,55
p2360,,,op2,op1,15,linear3,,37.5
p2360,,,op3,op1,5,linear3,,45
p2360,,,op4,op1,2,sqrt,,55
p2360,,,op5,op1,2,sqrt,,55
p2360,,,op6,op1,20,linear7,,30
p2360,,,op7,op1,5,linear3,,45
p2360,,,op8,op1,5,linear3,,45
p2361,2078.971,BATCH_PIPELINE,op1,,1,const,,55
p2361,,,op2,op1,5,linear3,,45
p2361,,,op3,op2,15,linear3,,37.5
p2361,,,op4,op3,40,linear7,,20
p2361,,,op5,op4,20,linear7,,30
p2361,,,op6,op5,15,linear3,,37.5
p2361,,,op7,op6,20,linear7,,30
p2361,,,op8,op7,5,linear3,,45
p2361,,,op9,op8,15,linear3,,37.5
p2362,2078.971,BATCH_PIPELINE,op1,,1,const,,55
p2362,,,op2,op1,15,linear3,,37.5
p2362,,,op3,op2,5,linear3,,45
p2362,,,op4,op3,40,linear7,,20
p2363,2078.971,BATCH_PIPELINE,op1,,1,const,,55
p2363,,,op2,op1,1,const,,55
p2363,,,op3,op2,15,linear3,,37.5
p2363,,,op4,op3,2,sqrt,,55
p2364,2078.971,BATCH_PIPELINE,op1,,1,const,,55
p2364,,,op2,op1,2,sqrt,,55
p2364,,,op3,op2,20,linear7,,30
p2364,,,op4,op3,40,linear7,,20
p2364,,,op5,op4,1,const,,55
p2364,,,op6,op5,15,linear3,,37.5
p2364,,,op7,op6,1,const,,55
p2364,,,op8,op7,5,linear3,,45
p2364,,,op9,op8,40,linear7,,20
p2365,2078.971,BATCH_PIPELINE,op1,,1,const,,55
p2365,,,op2,op1,5,linear3,,45
p2365,,,op3,op2,15,linear3,,37.5
p2365,,,op4,op3,2,sqrt,,55
p2365,,,op5,op4,2,sqrt,,55
p2365,,,op6,op5,5,linear3,,45
p2365,,,op7,op6,15,linear3,,37.5
p2366,2078.971,INTERACTIVE,op1,,1,const,,55
p2366,,,op2,op1,5,linear3,,45
p2366,,,op3,op2,2,sqrt,,55
p2366,,,op4,op3,5,linear3,,45
p2366,,,op5,op4,20,linear7,,30
p2366,,,op6,op5,15,linear3,,37.5
p2367,2078.971,BATCH_PIPELINE,op1,,1,const,,55
p2367,,,op2,op1,1,const,,55
p2367,,,op3,op2,5,linear3,,45
p2367,,,op4,op3,2,sqrt,,55
p2367,,,op5,op4,20,linear7,,30
p2367,,,op6,op5,5,linear3,,45
p2367,,,op7,op6,15,linear3,,37.5
p2367,,,op8,op7,5,linear3,,45
p2367,,,op9,op8,1,const,,55
p2367,,,op10,op9,80,squared,,10
p2368,2078.971,INTERACTIVE,op1,,1,const,,55
p2368,,,op2,op1,40,linear7,,20
p2368,,,op3,op2,15,linear3,,37.5
p2368,,,op4,op3,80,squared,,10
p2368,,,op5,op4,80,squared,,10
p2368,,,op6,op5,15,linear3,,37.5
p2369,2078.971,BATCH_PIPELINE,op1,,1,const,,55
p2369,,,op2,op1,40,linear7,,20
p2369,,,op3,op2,5,linear3,,45
p2369,,,op4,op3,20,linear7,,30
p2369,,,op5,op4,40,linear7,,20
p2369,,,op6,op5,2,sqrt,,55
p2370,2078.971,BATCH_PIPELINE,op1,,1,const,,55
p2370,,,op2,op1,2,sqrt,,55
p2370,,,op3,op1,2,sqrt,,55
p2370,,,op4,op1,5,linear3,,45
p2370,,,op5,op1,80,squared,,10
p2370,,,op6,op1,20,linear7,,30
p2370,,,op7,op1,15,linear3,,37.5
p2370,,,op8,op1,80,squared,,10
p2370,,,op9,op1,40,linear7,,20
p2370,,,op10,op1,15,linear3,,37.5
p2370,,,op11,op1,80,squared,,10
p2371,2087.415,INTERACTIVE,op1,,1,const,,55
p2371,,,op2,op1,15,linear3,,37.5
p2371,,,op3,op1,20,linear7,,30
p2371,,,op4,op1,80,squared,,10
p2371,,,op5,op1,40,linear7,,20
p2371,,,op6,op1,20,linear7,,30
p2371,,,op7,op1,5,linear3,,45
p2372,2087.415,BATCH_PIPELINE,op1,,1,const,,55
p2372,,,op2,op1,20,linear7,,30
p2372,,,op3,op1,5,linear3,,45
p2372,,,op4,op1,80,squared,,10
p2372,,,op5,op1,80,squared,,10
p2373,2087.415,BATCH_PIPELINE,op1,,1,const,,55
p2373,,,op2,op1,5,linear3,,45
p2373,,,op3,op1,2,sqrt,,55
p2373,,,op4,op1,5,linear3,,45
p2373,,,op5,op1,5,linear3,,45
p2373,,,op6,op1,1,const,,55
p2373,,,op7,op1,20,linear7,,30
p2373,,,op8,op1,40,linear7,,20
p2373,,,op9,op1,15,linear3,,37.5
p2374,2087.415,BATCH_PIPELINE,op1,,1,const,,55
p2374,,,op2,,2,sqrt,,55
p2374,,,op3,,80,squared,,10
p2374,,,op4,,1,const,,55
p2374,,,op5,,2,sqrt,,55
p2374,,,op6,,20,linear7,,30
p2374,,,op7,op1;op2;op3;op4;op5;op6,2,sqrt,,55
p2375,2087.415,BATCH_PIPELINE,op1,,1,const,,55
p2375,,,op2,,40,linear7,,20
p2375,,,op3,,20,linear7,,30
p2375,,,op4,,15,linear3,,37.5
p2375,,,op5,,40,linear7,,20
p2375,,,op6,,80,squared,,10
p2375,,,op7,,1,const,,55
p2375,,,op8,,15,linear3,,37.5
p2375,,,op9,,15,linear3,,37.5
p2375,,,op10,,5,linear3,,45
p2375,,,op11,,40,linear7,,20
p2375,,,op12,op1;op2;op3;op4;op5;op6;op7;op8;op9;op10;op11,15,linear3,,37.5
p2376,2087.415,INTERACTIVE,op1,,1,const,,55
p2376,,,op2,,2,sqrt,,55
p2376,,,op3,,2,sqrt,,55
p2376,,,op4,,5,linear3,,45
p2376,,,op5,,80,squared,,10
p2376,,,op6,,2,sqrt,,55
p2376,,,op7,,2,sqrt,,55
p2376,,,op8,,2,sqrt,,55
p2376,,,op9,,80,squared,,10
p2376,,,op10,op1;op2;op3;op4;op5;op6;op7;op8;op9,15,linear3,,37.5
p2377,2087.415,BATCH_PIPELINE,op1,,1,const,,55
p2377,,,op2,op1,1,const,,55
p2377,,,op3,op2,2,sqrt,,55
p2377,,,op4,op3,2,sqrt,,55
p2377,,,op5,op4,15,linear3,,37.5
p2378,2087.415,BATCH_PIPELINE,op1,,1,const,,55
p2378,,,op2,op1,2,sqrt,,55
p2378,,,op3,op2,40,linear7,,20
p2378,,,op4,op3,5,linear3,,45
p2378,,,op5,op4,5,linear3,,45
p2378,,,op6,op5,20,linear7,,30
p2378,,,op7,op6,1,const,,55
p2378,,,op8,op7,20,linear7,,30
p2378,,,op9,op8,2,sqrt,,55
p2378,,,op10,op9,2,sqrt,,55
p2378,,,op11,op10,80,squared,,10
p2379,2087.415,BATCH_PIPELINE,op1,,1,const,,55
p2379,,,op2,op1,15,linear3,,37.5
p2379,,,op3,op2,5,linear3,,45
p2379,,,op4,op3,5,linear3,,45
p2379,,,op5,op4,80,squared,,10
p2379,,,op6,op5,40,linear7,,20
p2379,,,op7,op6,5,linear3,,45
p2379,,,op8,op7,2,sqrt,,55
p2379,,,op9,op8,5,linear3,,45
p2380,2087.415,BATCH_PIPELINE,op1,,1,const,,55
p2380,,,op2,op1,1,const,,55
p2380,,,op3,op1,20,linear7,,30
p2380,,,op4,op1,40,linear7,,20
p2380,,,op5,op1,15,linear3,,37.5
p2380,,,op6,op1,80,squared,,10
p2380,,,op7,op1,1,const,,55
p2380,,,op8,op1,20,linear7,,30
p2380,,,op9,op1,2,sqrt,,55
p2380,,,op10,op1,40,linear7,,20
p2381,2097.794,BATCH_PIPELINE,op1,,1,const,,55
p2381,,,op2,op1,5,linear3,,45
p2381,,,op3,op1,5,linear3,,45
p2381,,,op4,op1,5,linear3,,45
p2381,,,op5,op1,40,linear7,,20
p2381,,,op6,op1,40,linear7,,20
p2381,,,op7,op1,1,const,,55
p2381,,,op8,op1,15,linear3,,37.5
p2382,2097.794,BATCH_PIPELINE,op1,,1,const,,55
p2382,,,op2,op1,80,squared,,10
p2382,,,op3,op2,20,linear7,,30
p2382,,,op4,op3,40,linear7,,20
p2382,,,op5,op4,2,sqrt,,55
p2382,,,op6,op5,15,linear3,,37.5
p2383,2097.794,BATCH_PIPELINE,op1,,1,const,,55
p2383,,,op2,op1,40,linear7,,20
p2383,,,op3,op2,40,linear7,,20
p2383,,,op4,op3,20,linear7,,30
p2383,,,op5,op4,2,sqrt,,55
p2383,,,op6,op5,1,const,,55
p2383,,,op7,op6,20,linear7,,30
p2383,,,op8,op7,80,squared,,10
p2384,2097.794,QUERY,op1,,15,linear3,,35
p2385,2097.794,BATCH_PIPELINE,op1,,1,const,,55
p2385,,,op2,op1,15,linear3,,37.5
p2385,,,op3,op2,1,const,,55
p2385,,,op4,op3,15,linear3,,37.5
p2385,,,op5,op4,20,linear7,,30
p2385,,,op6,op5,20,linear7,,30
p2385,,,op7,op6,2,sqrt,,55
p2385,,,op8,op7,15,linear3,,37.5
p2385,,,op9,op8,2,sqrt,,55
p2385,,,op10,op9,80,squared,,10
p2385,,,op11,op10,20,linear7,,30
p2385,,,op12,op11,5,linear3,,45
p2386,2097.794,BATCH_PIPELINE,op1,,1,const,,55
p2386,,,op2,op1,5,linear3,,45
p2386,,,op3,op2,1,const,,55
p2386,,,op4,op3,2,sqrt,,55
p2386,,,op5,op4,15,linear3,,37.5
p2386,,,op6,op5,5,linear3,,45
p2386,,,op7,op6,80,squared,,10
p2386,,,op8,op7,20,linear7,,30
p2387,2097.794,BATCH_PIPELINE,op1,,1,const,,55
p2387,,,op2,op1,5,linear3,,45
p2387,,,op3,op2,40,linear7,,20
p2387,,,op4,op3,15,linear3,,37.5
p2388,2097.794,BATCH_PIPELINE,op1,,1,const,,55
p2388,,,op2,op1,20,linear7,,30
p2388,,,op3,op2,2,sqrt,,55
p2388,,,op4,op3,15,linear3,,37.5
p2388,,,op5,op4,1,const,,55
p2389,2097.794,QUERY,op1,,15,linear3,,35
p2390,2097.794,BATCH_PIPELINE,op1,,1,const,,55
p2390,,,op2,op1,2,sqrt,,55
p2390,,,op3,op2,80,squared,,10
p2390,,,op4,op3,5,linear3,,45
p2390,,,op5,op4,20,linear7,,30
p2390,,,op6,op5,2,sqrt,,55
p2390,,,op7,op6,15,linear3,,37.5
p2390,,,op8,op7,2,sqrt,,55
p2390,,,op9,op8,15,linear3,,37.5
p2390,,,op10,op9,20,linear7,,30
p2391,2105.681,QUERY,op1,,15,linear3,,35
p2392,2105.681,BATCH_PIPELINE,op1,,1,const,,55
p2392,,,op2,,15,linear3,,37.5
p2392,,,op3,,5,linear3,,45
p2392,,,op4,,5,linear3,,45
p2392,,,op5,,20,linear7,,30
p2392,,,op6,op1;op2;op3;op4;op5,20,linear7,,30
p2393,2105.681,BATCH_PIPELINE,op1,,1,const,,55
p2393,,,op2,op1,20,linear7,,30
p2393,,,op3,op2,15,linear3,,37.5
p2393,,,op4,op3,5,linear3,,45
p2393,,,op5,op4,2,sqrt,,55
p2394,2105.681,BATCH_PIPELINE,op1,,1,const,,55
p2394,,,op2,op1,20,linear7,,30
p2394,,,op3,op2,5,linear3,,45
p2394,,,op4,op3,40,linear7,,20
p2394,,,op5,op4,15,linear3,,37.5
p2394,,,op6,op5,15,linear3,,37.5
p2394,,,op7,op6,1,const,,55
p2395,2105.681,BATCH_PIPELINE,op1,,1,const,,55
p2395,,,op2,op1,15,linear3,,37.5
p2395,,,op3,op2,15,linear3,,37.5
p2395,,,op4,op3,15,linear3,,37.5
p2395,,,op5,op4,2,sqrt,,55
p2395,,,op6,op5,20,linear7,,30
p2396,2105.681,BATCH_PIPELINE,op1,,1,const,,55
p2396,,,op2,op1,2,sqrt,,55
p2396,,,op3,op2,15,linear3,,37.5
p2396,,,op4,op3,5,linear3,,45
p2396,,,op5,op4,1,const,,55
p2396,,,op6,op5,1,const,,55
p2396,,,op7,op6,40,linear7,,20
p2397,2105.681,BATCH_PIPELINE,op1,,1,const,,55
p2397,,,op2,op1,2,sqrt,,55
p2397,,,op3,op2,5,linear3,,45
p2397,,,op4,op3,1,const,,55
p2397,,,op5,op4,1,const,,55
p2397,,,op6,op5,15,linear3,,37.5
p2397,,,op7,op6,20,linear7,,30
p2397,,,op8,op7,80,squared,,10
p2397,,,op9,op8,15,linear3,,37.5
p2397,,,op10,op9,1,const,,55
p2397,,,op11,op10,5,linear3,,45
p2398,2105.681,BATCH_PIPELINE,op1,,1,const,,55
p2398,,,op2,op1,1,const,,55
p2398,,,op3,op1,15,linear3,,37.5
p2398,,,op4,op1,20,linear7,,30
p2398,,,op5,op1,80,squared,,10
p2398,,,op6,op1,15,linear3,,37.5
p2398,,,op7,op1,40,linear7,,20
p2399,2105.681,BATCH_PIPELINE,op1,,1,const,,55
p2399,,,op2,op1,1,const,,55
p2399,,,op3,op2,5,linear3,,45
p2399,,,op4,op3,40,linear7,,20
p2399,,,op5,op4,5,linear3,,45
p2399,,,op6,op5,5,linear3,,45
p2399,,,op7,op6,5,linear3,,45
p2400,2105.681,BATCH_PIPELINE,op1,,1,const,,55
p2400,,,op2,op1,15,linear3,,37.5
p2400,,,op3,op2,40,linear7,,20
p2400,,,op4,op3,15,linear3,,37.5
p2400,,,op5,op4,20,linear7,,30
p2400,,,op6,op5,2,sqrt,,55
p2400,,,op7,op6,80,squared,,10
p2400,,,op8,op7,15,linear3,,37.5
p2400,,,op9,op8,1,const,,55
p2400,,,op10,op9,80,squared,,10
p2401,2114.693,BATCH_PIPELINE,op1,,1,const,,55
p2401,,,op2,,2,sqrt,,55
p2401,,,op3,,5,linear3,,45
p2401,,,op4,,5,linear3,,45
p2401,,,op5,,5,linear3,,45
p2401,,,op6,op1;op2;op3;op4;op5,5,linear3,,45
p2402,2114.693,INTERACTIVE,op1,,1,const,,55
p2402,,,op2,op1,20,linear7,,30
p2402,,,op3,op2,15,linear3,,37.5
p2402,,,op4,op3,2,sqrt,,55
p2402,,,op5,op4,80,squared,,10
p2402,,,op6,op5,40,linear7,,20
p2402,,,op7,op6,80,squared,,10
p2402,,,op8,op7,40,linear7,,20
p2403,2114.693,BATCH_PIPELINE,op1,,1,const,,55
p2403,,,op2,,20,linear7,,30
p2403,,,op3,op1;op2,5,linear3,,45
p2404,2114.693,INTERACTIVE,op1,,1,const,,55
p2404,,,op2,op1,2,sqrt,,55
p2404,,,op3,op1,5,linear3,,45
p2405,2114.693,BATCH_PIPELINE,op1,,1,const,,55
p2405,,,op2,op1,15,linear3,,37.5
p2405,,,op3,op2,20,linear7,,30
p2405,,,op4,op3,5,linear3,,45
p2405,,,op5,op4,80,squared,,10
p2406,2114.693,BATCH_PIPELINE,op1,,1,const,,55
p2406,,,op2,op1,1,const,,55
p2406,,,op3,op2,15,linear3,,37.5
p2406,,,op4,op3,2,sqrt,,55
p2406,,,op5,op4,1,const,,55
p2407,2114.693,BATCH_PIPELINE,op1,,1,const,,55
p2407,,,op2,,40,linear7,,20
p2407,,,op3,op1;op2,20,linear7,,30
p2408,2114.693,BATCH_PIPELINE,op1,,1,const,,55
p2408,,,op2,op1,5,linear3,,45
p2408,,,op3,op2,15,linear3,,37.5
p2408,,,op4,op3,1,const,,55
p2408,,,op5,op4,2,sqrt,,55
p2408,,,op6,op5,15,linear3,,37.5
p2408,,,op7,op6,80,squared,,10
p2408,,,op8,op7,40,linear7,,20
p2409,2114.693,BATCH_PIPELINE,op1,,1,const,,55
p2409,,,op2,op1,1,const,,55
p2409,,,op3,op1,2,sqrt,,55
p2409,,,op4,op1,2,sqrt,,55
p2409,,,op5,op1,20,linear7,,30
p2409,,,op6,op1,40,linear7,,20
p2409,,,op7,op1,20,linear7,,30
p2409,,,op8,op1,40,linear7,,20
p2410,2114.693,BATCH_PIPELINE,op1,,1,const,,55
p2410,,,op2,op1,2,sqrt,,55
p2410,,,op3,op2,20,linear7,,30
p2410,,,op4,op3,5,linear3,,45
p2410,,,op5,op4,15,linear3,,37.5
p2410,,,op6,op5,20,linear7,,30
p2411,2122.026,BATCH_PIPELINE,op1,,1,const,,55
p2411,,,op2,op1,15,linear3,,37.5
p2411,,,op3,op2,20,linear7,,30
p2411,,,op4,op3,1,const,,55
p2411,,,op5,op4,1,const,,55
p2412,2122.026,QUERY,op1,,15,linear3,,35
p2413,2122.026,BATCH_PIPELINE,op1,,1,const,,55
p2413,,,op2,op1,40,linear7,,20
p2413,,,op3,op2,15,linear3,,37.5
p2413,,,op4,op3,15,linear3,,37.5
p2413,,,op5,op4,1,const,,55
p2413,,,op6,op5,20,linear7,,30
p2413,,,op7,op6,2,sqrt,,55
p2414,2122.026,BATCH_PIPELINE,op1,,1,const,,55
p2414,,,op2,op1,40,linear7,,20
p2414,,,op3,op2,15,linear3,,37.5
p2414,,,op4,op3,5,linear3,,45
p2414,,,op5,op4,15,linear3,,37.5
p2415,2122.026,BATCH_PIPELINE,op1,,1,const,,55
p2415,,,op2,,2,sqrt,,55
p2415,,,op3,,15,linear3,,37.5
p2415,,,op4,,1,const,,55
p2415,,,op5,,20,linear7,,30
p2415,,,op6,,1,const,,55
p2415,,,op7,,40,linear7,,20
p2415,,,op8,op1;op2;op3;op4;op5;op6;op7,1,const,,55
p2416,2122.026,BATCH_PIPELINE,op1,,1,const,,55
p2416,,,op2,op1,15,linear3,,37.5
p2416,,,op3,op1,20,linear7,,30
p2416,,,op4,op1,5,linear3,,45
p2417,2122.026,BATCH_PIPELINE,op1,,1,const,,55
p2417,,,op2,op1,5,linear3,,45
p2417,,,op3,op2,5,linear3,,45
p2417,,,op4,op3,1,const,,55
p2417,,,op5,op4,15,linear3,,37.5
p2417,,,op6,op5,5,linear3,,45
p2418,2122.026,BATCH_PIPELINE,op1,,1,const,,55
p2418,,,op2,op1,40,linear7,,20
p2418,,,op3,op2,15,linear3,,37.5
p2418,,,op4,op3,20,linear7,,30
p2418,,,op5,op4,20,linear7,,30
p2419,2122.026,BATCH_PIPELINE,op1,,1,const,,55
p2419,,,op2,op1,2,sqrt,,55
p2419,,,op3,op2,20,linear7,,30
p2419,,,op4,op3,5,linear3,,45
p2419,,,op5,op4,5,linear3,,45
p2419,,,op6,op5,15,linear3,,37.5
p2419,,,op7,op6,2,sqrt,,55
p2419,,,op8,op7,5,linear3,,45
p2419,,,op9,op8,20,linear7,,30
p2419,,,op10,op9,5,linear3,,45
p2419,,,op11,op10,40,linear7,,20
p2420,2122.026,INTERACTIVE,op1,,1,const,,55
p2420,,,op2,op1,1,const,,55
p2420,,,op3,op2,15,linear3,,37.5
p2420,,,op4,op3,80,squared,,10
p2420,,,op5,op4,15,linear3,,37.5
p2420,,,op6,op5,80,squared,,10
p2421,2132.495,BATCH_PIPELINE,op1,,1,const,,55
p2421,,,op2,op1,5,linear3,,45
p2421,,,op3,op1,15,linear3,,37.5
p2421,,,op4,op1,15,linear3,,37.5
p2421,,,op5,op1,80,squared,,10
p2421,,,op6,op1,15,linear3,,37.5
p2421,,,op7,op1,20,linear7,,30
p2422,2132.495,BATCH_PIPELINE,op1,,1,const,,55
p2422,,,op2,op1,15,linear3,,37.5
p2422,,,op3,op2,5,linear3,,45
p2422,,,op4,op3,20,linear7,,30
p2422,,,op5,op4,5,linear3,,45
p2422,,,op6,op5,20,linear7,,30
p2422,,,op7,op6,2,sqrt,,55
p2422,,,op8,op7,15,linear3,,37.5
p2422,,,op9,op8,80,squared,,10
p2423,2132.495,BATCH_PIPELINE,op1,,1,const,,55
p2423,,,op2,op1,15,linear3,,37.5
p2423,,,op3,op1,15,linear3,,37.5
p2423,,,op4,op1,5,linear3,,45
p2423,,,op5,op1,1,const,,55
p2423,,,op6,op1,20,linear7,,30
p2423,,,op7,op1,80,squared,,10
p2423,,,op8,op1,20,linear7,,30
p2423,,,op9,op1,20,linear7,,30
p2423,,,op10,op1,5,linear3,,45
p2423,,,op11,op1,40,linear7,,20
p2424,2132.495,QUERY,op1,,15,linear3,,35
p2425,2132.495,BATCH_PIPELINE,op1,,1,const,,55
p2425,,,op2,op1,15,linear3,,37.5
p2425,,,op3,op1,40,linear7,,20
p2425,,,op4,op1,40,linear7,,20
p2426,2132.495,BATCH_PIPELINE,op1,,1,const,,55
p2426,,,op2,op1,2,sqrt,,55
p2426,,,op3,op2,20,linear7,,30
p2426,,,op4,op3,1,const,,55
p2426,,,op5,op4,15,linear3,,37.5
p2427,2132.495,BATCH_PIPELINE,op1,,1,const,,55
p2427,,,op2,,1,const,,55
p2427,,,op3,,15,linear3,,37.5
p2427,,,op4,,20,linear7,,30
p2427,,,op5,,40,linear7,,20
p2427,,,op6,,5,linear3,,45
p2427,,,op7,,20,linear7,,30
p2427,,,op8,op1;op2;op3;op4;op5;op6;op7,20,linear7,,30
p2428,2132.495,BATCH_PIPELINE,op1,,1,const,,55
p2428,,,op2,op1,15,linear3,,37.5
p2428,,,op3,op2,15,linear3,,37.5
p2428,,,op4,op3,20,linear7,,30
p2428,,,op5,op4,1,const,,55
p2428,,,op6,op5,5,linear3,,45
p2428,,,op7,op6,20,linear7,,30
p2429,2132.495,BATCH_PIPELINE,op1,,1,const,,55
p2429,,,op2,,2,sqrt,,55
p2429,,,op3,,40,linear7,,20
p2429,,,op4,,40,linear7,,20
p2429,,,op5,,5,linear3,,45
p2429,,,op6,,15,linear3,,37.5
p2429,,,op7,op1;op2;op3;op4;op5;op6,15,linear3,,37.5
p2430,2132.495,QUERY,op1,,15,linear3,,35
p2431,2140.158,BATCH_PIPELINE,op1,,1,const,,55
p2431,,,op2,op1,5,linear3,,45
p2431,,,op3,op2,1,const,,55
p2431,,,op4,op3,15,linear3,,37.5
p2431,,,op5,op4,5,linear3,,45
p2431,,,op6,op5,1,const,,55
p2431,,,op7,op6,5,linear3,,45
p2432,2140.158,BATCH_PIPELINE,op1,,1,const,,55
p2432,,,op2,op1,20,linear7,,30
p2432,,,op3,op2,40,linear7,,20
p2432,,,op4,op3,2,sqrt,,55
p2432,,,op5,op4,15,linear3,,37.5
p2432,,,op6,op5,80,squared,,10
p2432,,,op7,op6,15,linear3,,37.5
p2432,,,op8,op7,15,linear3,,37.5
p2432,,,op9,op8,5,linear3,,45
p2432,,,op10,op9,20,linear7,,30
p2433,2140.158,BATCH_PIPELINE,op1,,1,const,,55
p2433,,,op2,op1,1,const,,55
p2433,,,op3,op2,15,linear3,,37.5
p2433,,,op4,op3,2,sqrt,,55
p2434,2140.158,BATCH_PIPELINE,op1,,1,const,,55
p2434,,,op2,op1,5,linear3,,45
p2434,,,op3,op2,20,linear7,,30
p2434,,,op4,op3,40,linear7,,20
p2434,,,op5,op4,2,sqrt,,55
p2434,,,op6,op5,2,sqrt,,55
p2434,,,op7,op6,80,squared,,10
p2434,,,op8,op7,15,linear3,,37.5
p2435,2140.158,INTERACTIVE,op1,,1,const,,55
p2435,,,op2,,80,squared,,10
p2435,,,op3,,20,linear7,,30
p2435,,,op4,,40,linear7,,20
p2435,,,op5,,15,linear3,,37.5
p2435,,,op6,op1;op2;op3;op4;op5,2,sqrt,,55
p2436,2140.158,INTERACTIVE,op1,,1,const,,55
p2436,,,op2,op1,80,squared,,10
p2436,,,op3,op1,15,linear3,,37.5
p2436,,,op4,op1,5,linear3,,45
p2436,,,op5,op1,5,linear3,,45
p2437,2140.158,BATCH_PIPELINE,op1,,1,const,,55
p2437,,,op2,op1,40,linear7,,20
p2437,,,op3,op2,5,linear3,,45
p2437,,,op4,op3,5,linear3,,45
p2437,,,op5,op4,5,linear3,,45
p2438,2140.158,BATCH_PIPELINE,op1,,1,const,,55
p2438,,,op2,op1,2,sqrt,,55
p2438,,,op3,op1,5,linear3,,45
p2438,,,op4,op1,15,linear3,,37.5
p2438,,,op5,op1,15,linear3,,37.5
p2438,,,op6,op1,5,linear3,,45
p2438,,,op7,op1,15,linear3,,37.5
p2438,,,op8,op1,15,linear3,,37.5
p2439,2140.158,BATCH_PIPELINE,op1,,1,const,,55
p2439,,,op2,op1,15,linear3,,37.5
p2439,,,op3,op1,1,const,,55
p2439,,,op4,op1,5,linear3,,45
p2439,,,op5,op1,2,sqrt,,55
p2439,,,op6,op1,2,sqrt,,55
p2439,,,op7,op1,80,squared,,10
p2439,,,op8,op1,15,linear3,,37.5
p2439,,,op9,op1,40,linear7,,20
p2439,,,op10,op1,20,linear7,,30
p2440,2140.158,BATCH_PIPELINE,op1,,1,const,,55
p2440,,,op2,op1,20,linear7,,30
p2440,,,op3,op2,15,linear3,,37.5
p2440,,,op4,op3,15,linear3,,37.5
p2440,,,op5,op4,5,linear3,,45
p2440,,,op6,op5,15,linear3,,37.5
p2440,,,op7,op6,15,linear3,,37.5
p2441,2150.017,BATCH_PIPELINE,op1,,1,const,,55
p2441,,,op2,op1,5,linear3,,45
p2441,,,op3,op2,40,linear7,,20
p2441,,,op4,op3,5,linear3,,45
p2441,,,op5,op4,20,linear7,,30
p2442,2150.017,BATCH_PIPELINE,op1,,1,const,,55
p2442,,,op2,op1,2,sqrt,,55
p2442,,,op3,op2,15,linear3,,37.5
p2442,,,op4,op3,2,sqrt,,55
p2443,2150.017,BATCH_PIPELINE,op1,,1,const,,55
p2443,,,op2,op1,1,const,,55
p2443,,,op3,op2,15,linear3,,37.5
p2443,,,op4,op3,1,const,,55
p2443,,,op5,op4,15,linear3,,37.5
p2443,,,op6,op5,5,linear3,,45
p2443,,,op7,op6,1,const,,55
p2444,2150.017,BATCH_PIPELINE,op1,,1,const,,55
p2444,,,op2,op1,20,linear7,,30
p2444,,,op3,op2,20,linear7,,30
p2444,,,op4,op3,2,sqrt,,55
p2444,,,op5,op4,15,linear3,,37.5
p2444,,,op6,op5,20,linear7,,30
p2444,,,op7,op6,2,sqrt,,55
p2444,,,op8,op7,5,linear3,,45
p2445,2150.017,BATCH_PIPELINE,op1,,1,const,,55
p2445,,,op2,op1,2,sqrt,,55
p2445,,,op3,op2,5,linear3,,45
p2445,,,op4,op3,20,linear7,,30
p2445,,,op5,op4,1,const,,55
p2445,,,op6,op5,5,linear3,,45
p2446,2150.017,BATCH_PIPELINE,op1,,1,const,,55
p2446,,,op2,op1,1,const,,55
p2446,,,op3,op2,20,linear7,,30
p2446,,,op4,op3,5,linear3,,45
p2446,,,op5,op4,20,linear7,,30
p2446,,,op6,op5,15,linear3,,37.5
p2446,,,op7,op6,5,linear3,,45
p2446,,,op8,op7,40,linear7,,20
p2447,2150.017,BATCH_PIPELINE,op1,,1,const,,55
p2447,,,op2,op1,40,linear7,,20
p2447,,,op3,op2,5,linear3,,45
p2447,,,op4,op3,80,squared,,10
p2447,,,op5,op4,15,linear3,,37.5
p2447,,,op6,op5,15,linear3,,37.5
p2447,,,op7,op6,15,linear3,,37.5
p2447,,,op8,op7,1,const,,55
p2447,,,op9,op8,40,linear7,,20
p2447,,,op10,op9,5,linear3,,45
p2448,2150.017,BATCH_PIPELINE,op1,,1,const,,55
p2448,,,op2,op1,2,sqrt,,55
p2448,,,op3,op2,5,linear3,,45
p2448,,,op4,op3,1,const,,55
p2448,,,op5,op4,5,linear3,,45
p2448,,,op6,op5,20,linear7,,30
p2448,,,op7,op6,5,linear3,,45
p2448,,,op8,op7,5,linear3,,45
p2448,,,op9,op8,5,linear3,,45
p2448,,,op10,op9,40,linear7,,20
p2449,2150.017,BATCH_PIPELINE,op1,,1,const,,55
p2449,,,op2,op1,15,linear3,,37.5
p2449,,,op3,op1,5,linear3,,45
p2449,,,op4,op1,80,squared,,10
p2449,,,op5,op1,15,linear3,,37.5
p2449,,,op6,op1,80,squared,,10
p2449,,,op7,op1,5,linear3,,45
p2449,,,op8,op1,80,squared,,10
p2449,,,op9,op1,15,linear3,,37.5
p2449,,,op10,op1,20,linear7,,30
p2449,,,op11,op1,1,const,,55
p2450,2150.017,BATCH_PIPELINE,op1,,1,const,,55
p2450,,,op2,op1,1,const,,55
p2450,,,op3,op2,15,linear3,,37.5
p2450,,,op4,op3,40,linear7,,20
p2450,,,op5,op4,20,linear7,,30
p2451,2156.241,BATCH_PIPELINE,op1,,1,const,,55
p2451,,,op2,op1,2,sqrt,,55
p2451,,,op3,op2,80,squared,,10
p2451,,,op4,op3,15,linear3,,37.5
p2451,,,op5,op4,1,const,,55
p2451,,,op6,op5,1,const,,55
p2451,,,op7,op6,20,linear7,,30
p2451,,,op8,op7,15,linear3,,37.5
p2452,2156.241,BATCH_PIPELINE,op1,,1,const,,55
p2452,,,op2,op1,15,linear3,,37.5
p2452,,,op3,op2,5,linear3,,45
p2452,,,op4,op3,5,linear3,,45
p2452,,,op5,op4,5,linear3,,45
p2453,2156.241,BATCH_PIPELINE,op1,,1,const,,55
p2453,,,op2,,15,linear3,,37.5
p2453,,,op3,,15,linear3,,37.5
p2453,,,op4,,40,linear7,,20
p2453,,,op5,,1,const,,55
p2453,,,op6,op1;op2;op3;op4;op5,1,const,,55
p2454,2156.241,BATCH_PIPELINE,op1,,1,const,,55
p2454,,,op2,op1,2,sqrt,,55
p2454,,,op3,op2,2,sqrt,,55
p2454,,,op4,op3,1,const,,55
p2454,,,op5,op4,5,linear3,,45
p2454,,,op6,op5,20,linear7,,30
p2455,2156.241,BATCH_PIPELINE,op1,,1,const,,55
p2455,,,op2,op1,40,linear7,,20
p2455,,,op3,op2,5,linear3,,45
p2455,,,op4,op3,1,const,,55
p2455,,,op5,op4,15,linear3,,37.5
p2455,,,op6,op5,20,linear7,,30
p2455,,,op7,op6,5,linear3,,45
p2455,,,op8,op7,40,linear7,,20
p2455,,,op9,op8,2,sqrt,,55
p2456,2156.241,BATCH_PIPELINE,op1,,1,const,,55
p2456,,,op2,op1,5,linear3,,45
p2456,,,op3,op2,5,linear3,,45
p2456,,,op4,op3,80,squared,,10
p2456,,,op5,op4,20,linear7,,30
p2456,,,op6,op5,80,squared,,10
p2456,,,op7,op6,15,linear3,,37.5
p2456,,,op8,op7,2,sqrt,,55
p2456,,,op9,op8,5,linear3,,45
p2456,,,op10,op9,15,linear3,,37.5
p2456,,,op11,op10,1,const,,55
p2457,2156.241,QUERY,op1,,15,linear3,,35
p2458,2156.241,BATCH_PIPELINE,op1,,1,const,,55
p2458,,,op2,op1,15,linear3,,37.5
p2458,,,op3,op2,1,const,,55
p2458,,,op4,op3,2,sqrt,,55
p2458,,,op5,op4,15,linear3,,37.5
p2458,,,op6,op5,15,linear3,,37.5
p2458,,,op7,op6,80,squared,,10
p2458,,,op8,op7,40,linear7,,20
p2459,2156.241,BATCH_PIPELINE,op1,,1,const,,55
p2459,,,op2,op1,2,sqrt,,55
p2459,,,op3,op1,40,linear7,,20
p2459,,,op4,op1,5,linear3,,45
p2459,,,op5,op1,1,const,,55
p2459,,,op6,op1,20,linear7,,30
p2459,,,op7,op1,40,linear7,,20
p2460,2156.241,BATCH_PIPELINE,op1,,1,const,,55
p2460,,,op2,op1,1,const,,55
p2460,,,op3,op2,5,linear3,,45
p2460,,,op4,op3,5,linear3,,45
p2460,,,op5,op4,2,sqrt,,55
p2460,,,op6,op5,15,linear3,,37.5
p2460,,,op7,op6,5,linear3,,45
p2460,,,op8,op7,5,linear3,,45
p2460,,,op9,op8,15,linear3,,37.5
p2460,,,op10,op9,2,sqrt,,55
p2460,,,op11,op10,5,linear3,,45
p2461,2163.789,BATCH_PIPELINE,op1,,1,const,,55
p2461,,,op2,op1,40,linear7,,20
p2461,,,op3,op2,15,linear3,,37.5
p2461,,,op4,op3,2,sqrt,,55
p2461,,,op5,op4,5,linear3,,45
p2461,,,op6,op5,40,linear7,,20
p2461,,,op7,op6,1,const,,55
p2461,,,op8,op7,5,linear3,,45
p2461,,,op9,op8,20,linear7,,30
p2462,2163.789,BATCH_PIPELINE,op1,,1,const,,55
p2462,,,op2,,1,const,,55
p2462,,,op3,,15,linear3,,37.5
p2462,,,op4,,2,sqrt,,55
p2462,,,op5,,20,linear7,,30
p2462,,,op6,,20,linear7,,30
p2462,,,op7,,15,linear3,,37.5
p2462,,,op8,op1;op2;op3;op4;op5;op6;op7,15,linear3,,37.5
p2463,2163.789,BATCH_PIPELINE,op1,,1,const,,55
p2463,,,op2,op1,2,sqrt,,55
p2463,,,op3,op1,40,linear7,,20
p2463,,,op4,op1,20,linear7,,30
p2463,,,op5,op1,20,linear7,,30
p2464,2163.789,BATCH_PIPELINE,op1,,1,const,,55
p2464,,,op2,,5,linear3,,45
p2464,,,op3,,1,const,,55
p2464,,,op4,,1,const,,55
p2464,,,op5,,20,linear7,,30
p2464,,,op6,,1,const,,55
p2464,,,op7,op1;op2;op3;op4;op5;op6,2,sqrt,,55
p2465,2163.789,BATCH_PIPELINE,op1,,1,const,,55
p2465,,,op2,,15,linear3,,37.5
p2465,,,op3,,2,sqrt,,55
p2465,,,op4,,40,linear7,,20
p2465,,,op5,,20,linear7,,30
p2465,,,op6,,1,const,,55
p2465,,,op7,op1;op2;op3;op4;op5;op6,15,linear3,,37.5
p2466,2163.789,BATCH_PIPELINE,op1,,1,const,,55
p2466,,,op2,,15,linear3,,37.5
p2466,,,op3,,5,linear3,,45
p2466,,,op4,,15,linear3,,37.5
p2466,,,op5,,20,linear7,,30
p2466,,,op6,op1;op2;op3;op4;op5,2,sqrt,,55
p2467,2163.789,BATCH_PIPELINE,op1,,1,const,,55
p2467,,,op2,op1,40,linear7,,20
p2467,,,op3,op2,1,const,,55
p2467,,,op4,op3,5,linear3,,45
p2467,,,op5,op4,1,const,,55
p2467,,,op6,op5,2,sqrt,,55
p2467,,,op7,op6,40,linear7,,20
p2467,,,op8,op7,40,linear7,,20
p2467,,,op9,op8,40,linear7,,20
p2468,2163.789,BATCH_PIPELINE,op1,,1,const,,55
p2468,,,op2,op1,20,linear7,,30
p2468,,,op3,op2,2,sqrt,,55
p2468,,,op4,op3,5,linear3,,45
p2468,,,op5,op4,1,const,,55
p2469,2163.789,BATCH_PIPELINE,op1,,1,const,,55
p2469,,,op2,op1,15,linear3,,37.5
p2469,,,op3,op2,40,linear7,,20
p2469,,,op4,op3,2,sqrt,,55
p2469,,,op5,op4,40,linear7,,20
p2469,,,op6,op5,1,const,,55
p2469,,,op7,op6,40,linear7,,20
p2470,2163.789,BATCH_PIPELINE,op1,,1,const,,55
p2470,,,op2,op1,20,linear7,,30
p2470,,,op3,op2,20,linear7,,30
p2470,,,op4,op3,2,sqrt,,55
p2470,,,op5,op4,2,sqrt,,55
p2470,,,op6,op5,40,linear7,,20
p2470,,,op7,op6,20,linear7,,30
p2471,2174.793,BATCH_PIPELINE,op1,,1,const,,55
p2471,,,op2,op1,15,linear3,,37.5
p2471,,,op3,op2,5,linear3,,45
p2471,,,op4,op3,1,const,,55
p2471,,,op5,op4,40,linear7,,20
p2471,,,op6,op5,20,linear7,,30
p2471,,,op7,op6,2,sqrt,,55
p2472,2174.793,INTERACTIVE,op1,,1,const,,55
p2472,,,op2,op1,40,linear7,,20
p2472,,,op3,op1,20,linear7,,30
p2472,,,op4,op1,20,linear7,,30
p2472,,,op5,op1,15,linear3,,37.5
p2472,,,op6,op1,80,squared,,10
p2472,,,op7,op1,5,linear3,,45
p2472,,,op8,op1,40,linear7,,20
p2473,2174.793,BATCH_PIPELINE,op1,,1,const,,55
p2473,,,op2,op1,5,linear3,,45
p2473,,,op3,op2,20,linear7,,30
p2473,,,op4,op3,15,linear3,,37.5
p2473,,,op5,op4,2,sqrt,,55
p2473,,,op6,op5,40,linear7,,20
p2473,,,op7,op6,20,linear7,,30
p2473,,,op8,op7,5,linear3,,45
p2474,2174.793,BATCH_PIPELINE,op1,,1,const,,55
p2474,,,op2,op1,5,linear3,,45
p2474,,,op3,op2,20,linear7,,30
p2474,,,op4,op3,5,linear3,,45
p2474,,,op5,op4,20,linear7,,30
p2474,,,op6,op5,20,linear7,,30
p2475,2174.793,BATCH_PIPELINE,op1,,1,const,,55
p2475,,,op2,op1,1,const,,55
p2475,,,op3,op2,20,linear7,,30
p2475,,,op4,op3,1,const,,55
p2475,,,op5,op4,80,squared,,10
p2475,,,op6,op5,15,linear3,,37.5
p2475,,,op7,op6,1,const,,55
p2475,,,op8,op7,2,sqrt,,55
p2475,,,op9,op8,1,const,,55
p2475,,,op10,op9,15,linear3,,37.5
p2475,,,op11,op10,1,const,,55
p2476,2174.793,BATCH_PIPELINE,op1,,1,const,,55
p2476,,,op2,op1,20,linear7,,30
p2476,,,op3,op2,20,linear7,,30
p2476,,,op4,op3,40,linear7,,20
p2476,,,op5,op4,2,sqrt,,55
p2476,,,op6,op5,15,linear3,,37.5
p2476,,,op7,op6,2,sqrt,,55
p2477,2174.793,QUERY,op1,,15,linear3,,35
p2478,2174.793,BATCH_PIPELINE,op1,,1,const,,55
p2478,,,op2,op1,15,linear3,,37.5
p2478,,,op3,op2,15,linear3,,37.5
p2478,,,op4,op3,20,linear7,,30
p2478,,,op5,op4,5,linear3,,45
p2478,,,op6,op5,5,linear3,,45
p2478,,,op7,op6,15,linear3,,37.5
p2479,2174.793,INTERACTIVE,op1,,1,const,,55
p2479,,,op2,op1,20,linear7,,30
p2479,,,op3,op1,20,linear7,,30
p2479,,,op4,op1,80,squared,,10
p2479,,,op5,op1,20,linear7,,30
p2479,,,op6,op1,15,linear3,,37.5
p2479,,,op7,op1,5,linear3,,45
p2479,,,op8,op1,40,linear7,,20
p2479,,,op9,op1,15,linear3,,37.5
p2480,2174.793,BATCH_PIPELINE,op1,,1,const,,55
p2480,,,op2,op1,2,sqrt,,55
p2480,,,op3,op2,5,linear3,,45
p2480,,,op4,op3,15,linear3,,37.5
p2480,,,op5,op4,15,linear3,,37.5
p2480,,,op6,op5,40,linear7,,20
p2480,,,op7,op6,1,const,,55
p2481,2188.37,BATCH_PIPELINE,op1,,1,const,,55
p2481,,,op2,op1,1,const,,55
p2481,,,op3,op2,2,sqrt,,55
p2481,,,op4,op3,5,linear3,,45
p2481,,,op5,op4,40,linear7,,20
p2481,,,op6,op5,1,const,,55
p2481,,,op7,op6,2,sqrt,,55
p2481,,,op8,op7,15,linear3,,37.5
p2481,,,op9,op8,20,linear7,,30
p2482,2188.37,QUERY,op1,,15,linear3,,35
p2483,2188.37,BATCH_PIPELINE,op1,,1,const,,55
p2483,,,op2,op1,80,squared,,10
p2483,,,op3,op2,5,linear3,,45
p2483,,,op4,op3,1,const,,55
p2484,2188.37,BATCH_PIPELINE,op1,,1,const,,55
p2484,,,op2,,80,squared,,10
p2484,,,op3,,40,linear7,,20
p2484,,,op4,,15,linear3,,37.5
p2484,,,op5,,1,const,,55
p2484,,,op6,,2,sqrt,,55
p2484,,,op7,,5,linear3,,45
p2484,,,op8,op1;op2;op3;op4;op5;op6;op7,2,sqrt,,55
p2485,2188.37,BATCH_PIPELINE,op1,,1,const,,55
p2485,,,op2,op1,20,linear7,,30
p2485,,,op3,op1,15,linear3,,37.5
p2485,,,op4,op1,15,linear3,,37.5
p2485,,,op5,op1,20,linear7,,30
p2485,,,op6,op1,2,sqrt,,55
p2485,,,op7,op1,40,linear7,,20
p2485,,,op8,op1,5,linear3,,45
p2486,2188.37,INTERACTIVE,op1,,1,const,,55
p2486,,,op2,op1,2,sqrt,,55
p2486,,,op3,op2,80,squared,,10
p2486,,,op4,op3,2,sqrt,,55
p2486,,,op5,op4,40,linear7,,20
p2486,,,op6,op5,5,linear3,,45
p2487,2188.37,BATCH_PIPELINE,op1,,1,const,,55
p2487,,,op2,,1,const,,55
p2487,,,op3,,80,squared,,10
p2487,,,op4,,15,linear3,,37.5
p2487,,,op5,,1,const,,55
p2487,,,op6,,15,linear3,,37.5
p2487,,,op7,op1;op2;op3;op4;op5;op6,20,linear7,,30
p2488,2188.37,BATCH_PIPELINE,op1,,1,const,,55
p2488,,,op2,op1,40,linear7,,20
p2488,,,op3,op2,15,linear3,,37.5
p2488,,,op4,op3,80,squared,,10
p2488,,,op5,op4,40,linear7,,20
p2488,,,op6,op5,5,linear3,,45
p2489,2188.37,BATCH_PIPELINE,op1,,1,const,,55
p2489,,,op2,op1,15,linear3,,37.5
p2489,,,op3,op2,20,linear7,,30
p2489,,,op4,op3,20,linear7,,30
p2489,,,op5,op4,20,linear7,,30
p2489,,,op6,op5,5,linear3,,45
p2489,,,op7,op6,20,linear7,,30
p2490,2188.37,BATCH_PIPELINE,op1,,1,const,,55
p2490,,,op2,op1,80,squared,,10
p2490,,,op3,op1,1,const,,55
p2490,,,op4,op1,40,linear7,,20
p2490,,,op5,op1,40,linear7,,20
p2491,2194.0480000000002,INTERACTIVE,op1,,1,const,,55
p2491,,,op2,op1,5,linear3,,45
p2491,,,op3,op2,80,squared,,10
p2491,,,op4,op3,15,linear3,,37.5
p2491,,,op5,op4,5,linear3,,45
p2491,,,op6,op5,5,linear3,,45
p2491,,,op7,op6,5,linear3,,45
p2492,2194.0480000000002,INTERACTIVE,op1,,1,const,,55
p2492,,,op2,op1,20,linear7,,30
p2492,,,op3,op2,80,squared,,10
p2492,,,op4,op3,20,linear7,,30
p2492,,,op5,op4,5,linear3,,45
p2492,,,op6,op5,2,sqrt,,55
p2492,,,op7,op6,20,linear7,,30
p2493,2194.0480000000002,BATCH_PIPELINE,op1,,1,const,,55
p2493,,,op2,,20,linear7,,30
p2493,,,op3,,15,linear3,,37.5
p2493,,,op4,,5,linear3,,45
p2493,,,op5,,2,sqrt,,55
p2493,,,op6,,2,sqrt,,55
p2493,,,op7,op1;op2;op3;op4;op5;op6,20,linear7,,30
p2494,2194.0480000000002,BATCH_PIPELINE,op1,,1,const,,55
p2494,,,op2,op1,2,sqrt,,55
p2494,,,op3,op2,15,linear3,,37.5
p2494,,,op4,op3,20,linear7,,30
p2494,,,op5,op4,15,linear3,,37.5
p2495,2194.0480000000002,INTERACTIVE,op1,,1,const,,55
p2495,,,op2,op1,80,squared,,10
p2495,,,op3,op2,40,linear7,,20
p2495,,,op4,op3,1,const,,55
p2495,,,op5,op4,80,squared,,10
p2495,,,op6,op5,1,const,,55
p2495,,,op7,op6,2,sqrt,,55
p2495,,,op8,op7,40,linear7,,20
p2495,,,op9,op8,20,linear7,,30
p2495,,,op10,op9,15,linear3,,37.5
p2496,2194.0480000000002,BATCH_PIPELINE,op1,,1,const,,55
p2496,,,op2,,1,const,,55
p2496,,,op3,,40,linear7,,20
p2496,,,op4,,15,linear3,,37.5
p2496,,,op5,,40,linear7,,20
p2496,,,op6,,20,linear7,,30
p2496,,,op7,,80,squared,,10
p2496,,,op8,,5,linear3,,45
p2496,,,op9,,15,linear3,,37.5
p2496,,,op10,op1;op2;op3;op4;op5;op6;op7;op8;op9,20,linear7,,30
p2497,2194.0480000000002,BATCH_PIPELINE,op1,,1,const,,55
p2497,,,op2,op1,15,linear3,,37.5
p2497,,,op3,op2,5,linear3,,45
p2497,,,op4,op3,5,linear3,,45
p2497,,,op5,op4,2,sqrt,,55
p2497,,,op6,op5,40,linear7,,20
p2497,,,op7,op6,5,linear3,,45
p2497,,,op8,op7,15,linear3,,37.5
p2497,,,op9,op8,15,linear3,,37.5
p2498,2194.0480000000002,BATCH_PIPELINE,op1,,1,const,,55
p2498,,,op2,op1,20,linear7,,30
p2498,,,op3,op2,15,linear3,,37.5
p2498,,,op4,op3,5,linear3,,45
p2498,,,op5,op4,5,linear3,,45
p2498,,,op6,op5,5,linear3,,45
p2498,,,op7,op6,20,linear7,,30
p2498,,,op8,op7,15,linear3,,37.5
p2498,,,op9,op8,2,sqrt,,55
p2498,,,op10,op9,5,linear3,,45
p2499,2194.0480000000002,BATCH_PIPELINE,op1,,1,const,,55
p2499,,,op2,op1,80,squared,,10
p2499,,,op3,op2,40,linear7,,20
p2499,,,op4,op3,2,sqrt,,55
p2499,,,op5,op4,15,linear3,,37.5
p2499,,,op6,op5,15,linear3,,37.5
p2499,,,op7,op6,5,linear3,,45
p2500,2194.0480000000002,BATCH_PIPELINE,op1,,1,const,,55
p2500,,,op2,op1,5,linear3,,45
p2500,,,op3,op2,15,linear3,,37.5
p2500,,,op4,op3,1,const,,55
p2500,,,op5,op4,20,linear7,,30
p2500,,,op6,op5,40,linear7,,20
p2500,,,op7,op6,2,sqrt,,55
p2501,2201.897,BATCH_PIPELINE,op1,,1,const,,55
p2501,,,op2,,5,linear3,,45
p2501,,,op3,,80,squared,,10
p2501,,,op4,,2,sqrt,,55
p2501,,,op5,,80,squared,,10
p2501,,,op6,,40,linear7,,20
p2501,,,op7,,20,linear7,,30
p2501,,,op8,op1;op2;op3;op4;op5;op6;op7,2,sqrt,,55
p2502,2201.897,BATCH_PIPELINE,op1,,1,const,,55
p2502,,,op2,op1,1,const,,55
p2502,,,op3,op2,15,linear3,,37.5
p2502,,,op4,op3,5,linear3,,45
p2502,,,op5,op4,5,linear3,,45
p2502,,,op6,op5,40,linear7,,20
p2502,,,op7,op6,2,sqrt,,55
p2502,,,op8,op7,5,linear3,,45
p2502,,,op9,op8,2,sqrt,,55
p2503,2201.897,BATCH_PIPELINE,op1,,1,const,,55
p2503,,,op2,op1,1,const,,55
p2503,,,op3,op2,5,linear3,,45
p2503,,,op4,op3,20,linear7,,30
p2504,2201.897,BATCH_PIPELINE,op1,,1,const,,55
p2504,,,op2,op1,5,linear3,,45
p2504,,,op3,op2,40,linear7,,20
p2504,,,op4,op3,5,linear3,,45
p2504,,,op5,op4,1,const,,55
p2504,,,op6,op5,20,linear7,,30
p2505,2201.897,BATCH_PIPELINE,op1,,1,const,,55
p2505,,,op2,op1,1,const,,55
p2505,,,op3,op2,15,linear3,,37.5
p2505,,,op4,op3,20,linear7,,30
p2505,,,op5,op4,15,linear3,,37.5
p2505,,,op6,op5,5,linear3,,45
p2505,,,op7,op6,40,linear7,,20
p2506,2201.897,BATCH_PIPELINE,op1,,1,const,,55
p2506,,,op2,op1,15,linear3,,37.5
p2506,,,op3,op2,5,linear3,,45
p2506,,,op4,op3,40,linear7,,20
p2506,,,op5,op4,15,linear3,,37.5
p2506,,,op6,op5,15,linear3,,37.5
p2507,2201.897,BATCH_PIPELINE,op1,,1,const,,55
p2507,,,op2,op1,1,const,,55
p2507,,,op3,op2,40,linear7,,20
p2507,,,op4,op3,15,linear3,,37.5
p2507,,,op5,op4,20,linear7,,30
p2507,,,op6,op5,5,linear3,,45
p2507,,,op7,op6,1,const,,55
p2507,,,op8,op7,1,const,,55
p2507,,,op9,op8,2,sqrt,,55
p2508,2201.897,BATCH_PIPELINE,op1,,1,const,,55
p2508,,,op2,op1,2,sqrt,,55
p2508,,,op3,op2,2,sqrt,,55
p2508,,,op4,op3,40,linear7,,20
p2508,,,op5,op4,1,const,,55
p2508,,,op6,op5,80,squared,,10
p2508,,,op7,op6,80,squared,,10
p2508,,,op8,op7,80,squared,,10
p2508,,,op9,op8,15,linear3,,37.5
p2508,,,op10,op9,5,linear3,,45
p2509,2201.897,BATCH_PIPELINE,op1,,1,const,,55
p2509,,,op2,op1,1,const,,55
p2509,,,op3,op2,5,linear3,,45
p2509,,,op4,op3,2,sqrt,,55
p2509,,,op5,op4,40,linear7,,20
p2509,,,op6,op5,2,sqrt,,55
p2509,,,op7,op6,15,linear3,,37.5
p2509,,,op8,op7,40,linear7,,20
p2509,,,op9,op8,40,linear7,,20
p2510,2201.897,BATCH_PIPELINE,op1,,1,const,,55
p2510,,,op2,op1,40,linear7,,20
p2510,,,op3,op2,40,linear7,,20
p2510,,,op4,op3,1,const,,55
p2510,,,op5,op4,80,squared,,10
p2510,,,op6,op5,2,sqrt,,55
p2510,,,op7,op6,20,linear7,,30
p2510,,,op8,op7,15,linear3,,37.5
p2511,2210.762,BATCH_PIPELINE,op1,,1,const,,55
p2511,,,op2,op1,5,linear3,,45
p2511,,,op3,op2,1,const,,55
p2511,,,op4,op3,2,sqrt,,55
p2511,,,op5,op4,1,const,,55
p2511,,,op6,op5,5,linear3,,45
p2512,2210.762,BATCH_PIPELINE,op1,,1,const,,55
p2512,,,op2,op1,5,linear3,,45
p2512,,,op3,op2,5,linear3,,45
p2512,,,op4,op3,15,linear3,,37.5
p2512,,,op5,op4,40,linear7,,20
p2512,,,op6,op5,1,const,,55
p2513,2210.762,BATCH_PIPELINE,op1,,1,const,,55
p2513,,,op2,op1,40,linear7,,20
p2513,,,op3,op2,5,linear3,,45
p2513,,,op4,op3,15,linear3,,37.5
p2513,,,op5,op4,5,linear3,,45
p2513,,,op6,op5,40,linear7,,20
p2513,,,op7,op6,2,sqrt,,55
p2513,,,op8,op7,15,linear3,,37.5
p2513,,,op9,op8,20,linear7,,30
p2514,2210.762,BATCH_PIPELINE,op1,,1,const,,55
p2514,,,op2,op1,2,sqrt,,55
p2514,,,op3,op2,1,const,,55
p2514,,,op4,op3,2,sqrt,,55
p2514,,,op5,op4,20,linear7,,30
p2514,,,op6,op5,15,linear3,,37.5
p2515,2210.762,BATCH_PIPELINE,op1,,1,const,,55
p2515,,,op2,op1,20,linear7,,30
p2515,,,op3,op2,1,const,,55
p2515,,,op4,op3,5,linear3,,45
p2515,,,op5,op4,15,linear3,,37.5
p2515,,,op6,op5,1,const,,55
p2515,,,op7,op6,1,const,,55
p2515,,,op8,op7,5,linear3,,45
p2516,2210.762,BATCH_PIPELINE,op1,,1,const,,55
p2516,,,op2,op1,5,linear3,,45
p2516,,,op3,op1,5,linear3,,45
p2516,,,op4,op1,15,linear3,,37.5
p2516,,,op5,op1,40,linear7,,20
p2516,,,op6,op1,1,const,,55
p2516,,,op7,op1,20,linear7,,30
p2516,,,op8,op1,5,linear3,,45
p2517,2210.762,BATCH_PIPELINE,op1,,1,const,,55
p2517,,,op2,op1,40,linear7,,20
p2517,,,op3,op2,1,const,,55
p2517,,,op4,op3,15,linear3,,37.5
p2517,,,op5,op4,5,linear3,,45
p2517,,,op6,op5,15,linear3,,37.5
p2517,,,op7,op6,2,sqrt,,55
p2517,,,op8,op7,20,linear7,,30
p2517,,,op9,op8,80,squared,,10
p2517,,,op10,op9,2,sqrt,,55
p2518,2210.762,INTERACTIVE,op1,,1,const,,55
p2518,,,op2,op1,80,squared,,10
p2518,,,op3,op2,5,linear3,,45
p2518,,,op4,op3,15,linear3,,37.5
p2518,,,op5,op4,2,sqrt,,55
p2518,,,op6,op5,15,linear3,,37.5
p2518,,,op7,op6,15,linear3,,37.5
p2518,,,op8,op7,20,linear7,,30
p2518,,,op9,op8,5,linear3,,45
p2519,2210.762,BATCH_PIPELINE,op1,,1,const,,55
p2519,,,op2,,20,linear7,,30
p2519,,,op3,,80,squared,,10
p2519,,,op4,,20,linear7,,30
p2519,,,op5,,20,linear7,,30
p2519,,,op6,,20,linear7,,30
p2519,,,op7,,80,squared,,10
p2519,,,op8,op1;op2;op3;op4;op5;op6;op7,40,linear7,,20
p2520,2210.762,BATCH_PIPELINE,op1,,1,const,,55
p2520,,,op2,op1,5,linear3,,45
p2520,,,op3,op2,1,const,,55
p2520,,,op4,op3,1,const,,55
p2520,,,op5,op4,5,linear3,,45
p2520,,,op6,op5,1,const,,55
p2520,,,op7,op6,5,linear3,,45
p2520,,,op8,op7,20,linear7,,30
p2520,,,op9,op8,5,linear3,,45
p2521,2219.9500000000003,BATCH_PIPELINE,op1,,1,const,,55
p2521,,,op2,op1,1,const,,55
p2521,,,op3,op2,2,sqrt,,55
p2521,,,op4,op3,1,const,,55
p2521,,,op5,op4,20,linear7,,30
p2521,,,op6,op5,15,linear3,,37.5
p2521,,,op7,op6,15,linear3,,37.5
p2521,,,op8,op7,5,linear3,,45
p2522,2219.9500000000003,BATCH_PIPELINE,op1,,1,const,,55
p2522,,,op2,op1,2,sqrt,,55
p2522,,,op3,op2,15,linear3,,37.5
p2522,,,op4,op3,5,linear3,,45
p2522,,,op5,op4,80,squared,,10
p2522,,,op6,op5,5,linear3,,45
p2522,,,op7,op6,15,linear3,,37.5
p2522,,,op8,op7,20,linear7,,30
p2523,2219.9500000000003,BATCH_PIPELINE,op1,,1,const,,55
p2523,,,op2,,5,linear3,,45
p2523,,,op3,,80,squared,,10
p2523,,,op4,,15,linear3,,37.5
p2523,,,op5,,1,const,,55
p2523,,,op6,op1;op2;op3;op4;op5,5,linear3,,45
p2524,2219.9500000000003,BATCH_PIPELINE,op1,,1,const,,55
p2524,,,op2,,20,linear7,,30
p2524,,,op3,,5,linear3,,45
p2524,,,op4,,5,linear3,,45
p2524,,,op5,,2,sqrt,,55
p2524,,,op6,,80,squared,,10
p2524,,,op7,,1,const,,55
p2524,,,op8,op1;op2;op3;op4;op5;op6;op7,15,linear3,,37.5
p2525,2219.9500000000003,BATCH_PIPELINE,op1,,1,const,,55
p2525,,,op2,op1,2,sqrt,,55
p2525,,,op3,op1,20,linear7,,30
p2525,,,op4,op1,2,sqrt,,55
p2525,,,op5,op1,1,const,,55
p2525,,,op6,op1,15,linear3,,37.5
p2525,,,op7,op1,2,sqrt,,55
p2526,2219.9500000000003,BATCH_PIPELINE,op1,,1,const,,55
p2526,,,op2,op1,15,linear3,,37.5
p2526,,,op3,op2,1,const,,55
p2526,,,op4,op3,2,sqrt,,55
p2526,,,op5,op4,5,linear3,,45
p2526,,,op6,op5,1,const,,55
p2526,,,op7,op6,20,linear7,,30
p2527,2219.9500000000003,BATCH_PIPELINE,op1,,1,const,,55
p2527,,,op2,op1,15,linear3,,37.5
p2527,,,op3,op2,5,linear3,,45
p2527,,,op4,op3,15,linear3,,37.5
p2527,,,op5,op4,20,linear7,,30
p2528,2219.9500000000003,BATCH_PIPELINE,op1,,1,const,,55
p2528,,,op2,op1,5,linear3,,45
p2528,,,op3,op2,5,linear3,,45
p2528,,,op4,op3,20,linear7,,30
p2528,,,op5,op4,2,sqrt,,55
p2528,,,op6,op5,5,linear3,,45
p2528,,,op7,op6,1,const,,55
p2528,,,op8,op7,2,sqrt,,55
p2528,,,op9,op8,5,linear3,,45
p2528,,,op10,op9,5,linear3,,45
p2529,2219.9500000000003,BATCH_PIPELINE,op1,,1,const,,55
p2529,,,op2,op1,1,const,,55
p2529,,,op3,op2,15,linear3,,37.5
p2529,,,op4,op3,1,const,,55
p2529,,,op5,op4,40,linear7,,20
p2529,,,op6,op5,80,squared,,10
p2529,,,op7,op6,15,linear3,,37.5
p2529,,,op8,op7,2,sqrt,,55
p2529,,,op9,op8,2,sqrt,,55
p2530,2219.9500000000003,BATCH_PIPELINE,op1,,1,const,,55
p2530,,,op2,op1,40,linear7,,20
p2530,,,op3,op2,40,linear7,,20
p2530,,,op4,op3,15,linear3,,37.5
p2530,,,op5,op4,1,const,,55
p2530,,,op6,op5,2,sqrt,,55
p2530,,,op7,op6,15,linear3,,37.5
p2531,2226.248,BATCH_PIPELINE,op1,,1,const,,55
p2531,,,op2,op1,20,linear7,,30
p2531,,,op3,op2,1,const,,55
p2531,,,op4,op3,40,linear7,,20
p2531,,,op5,op4,1,const,,55
p2531,,,op6,op5,5,linear3,,45
p2531,,,op7,op6,20,linear7,,30
p2531,,,op8,op7,15,linear3,,37.5
p2531,,,op9,op8,1,const,,55
p2532,2226.248,INTERACTIVE,op1,,1,const,,55
p2532,,,op2,op1,2,sqrt,,55
p2532,,,op3,op2,20,linear7,,30
p2532,,,op4,op3,1,const,,55
p2532,,,op5,op4,20,linear7,,30
p2532,,,op6,op5,2,sqrt,,55
p2532,,,op7,op6,15,linear3,,37.5
p2532,,,op8,op7,15,linear3,,37.5
p2533,2226.248,BATCH_PIPELINE,op1,,1,const,,55
p2533,,,op2,,15,linear3,,37.5
p2533,,,op3,,80,squared,,10
p2533,,,op4,,20,linear7,,30
p2533,,,op5,,15,linear3,,37.5
p2533,,,op6,,2,sqrt,,55
p2533,,,op7,,2,sqrt,,55
p2533,,,op8,op1;op2;op3;op4;op5;op6;op7,20,linear7,,30
p2534,2226.248,INTERACTIVE,op1,,1,const,,55
p2534,,,op2,op1,15,linear3,,37.5
p2534,,,op3,op2,2,sqrt,,55
p2534,,,op4,op3,80,squared,,10
p2534,,,op5,op4,80,squared,,10
p2534,,,op6,op5,20,linear7,,30
p2534,,,op7,op6,80,squared,,10
p2534,,,op8,op7,15,linear3,,37.5
p2535,2226.248,BATCH_PIPELINE,op1,,1,const,,55
p2535,,,op2,op1,15,linear3,,37.5
p2535,,,op3,op1,80,squared,,10
p2535,,,op4,op1,1,const,,55
p2535,,,op5,op1,15,linear3,,37.5
p2535,,,op6,op1,15,linear3,,37.5
p2535,,,op7,op1,20,linear7,,30
p2536,2226.248,BATCH_PIPELINE,op1,,1,const,,55
p2536,,,op2,,20,linear7,,30
p2536,,,op3,,15,linear3,,37.5
p2536,,,op4,,15,linear3,,37.5
p2536,,,op5,,1,const,,55
p2536,,,op6,,80,squared,,10
p2536,,,op7,op1;op2;op3;op4;op5;op6,20,linear7,,30
p2537,2226.248,BATCH_PIPELINE,op1,,1,const,,55
p2537,,,op2,op1,20,linear7,,30
p2537,,,op3,op1,5,linear3,,45
p2537,,,op4,op1,20,linear7,,30
p2537,,,op5,op1,1,const,,55
p2537,,,op6,op1,80,squared,,10
p2538,2226.248,BATCH_PIPELINE,op1,,1,const,,55
p2538,,,op2,op1,20,linear7,,30
p2538,,,op3,op2,1,const,,55
p2538,,,op4,op3,80,squared,,10
p2538,,,op5,op4,20,linear7,,30
p2538,,,op6,op5,2,sqrt,,55
p2538,,,op7,op6,2,sqrt,,55
p2539,2226.248,BATCH_PIPELINE,op1,,1,const,,55
p2539,,,op2,,15,linear3,,37.5
p2539,,,op3,,2,sqrt,,55
p2539,,,op4,,20,linear7,,30
p2539,,,op5,,5,linear3,,45
p2539,,,op6,,15,linear3,,37.5
p2539,,,op7,,80,squared,,10
p2539,,,op8,op1;op2;op3;op4;op5;op6;op7,20,linear7,,30
p2540,2226.248,BATCH_PIPELINE,op1,,1,const,,55
p2540,,,op2,,15,linear3,,37.5
p2540,,,op3,,2,sqrt,,55
p2540,,,op4,,5,linear3,,45
p2540,,,op5,,1,const,,55
p2540,,,op6,,20,linear7,,30
p2540,,,op7,,1,const,,55
p2540,,,op8,,40,linear7,,20
p2540,,,op9,,15,linear3,,37.5
p2540,,,op10,,15,linear3,,37.5
p2540,,,op11,,15,linear3,,37.5
p2540,,,op12,,40,linear7,,20
p2540,,,op13,op1;op2;op3;op4;op5;op6;op7;op8;op9;op10;op11;op12,40,linear7,,20
p2541,2235.183,BATCH_PIPELINE,op1,,1,const,,55
p2541,,,op2,op1,1,const,,55
p2541,,,op3,op2,20,linear7,,30
p2541,,,op4,op3,40,linear7,,20
p2541,,,op5,op4,5,linear3,,45
p2541,,,op6,op5,20,linear7,,30
p2541,,,op7,op6,5,linear3,,45
p2541,,,op8,op7,20,linear7,,30
p2541,,,op9,op8,40,linear7,,20
p2542,2235.183,BATCH_PIPELINE,op1,,1,const,,55
p2542,,,op2,,40,linear7,,20
p2542,,,op3,,1,const,,55
p2542,,,op4,,15,linear3,,37.5
p2542,,,op5,op1;op2;op3;op4,20,linear7,,30
p2543,2235.183,BATCH_PIPELINE,op1,,1,const,,55
p2543,,,op2,op1,2,sqrt,,55
p2543,,,op3,op2,2,sqrt,,55
p2543,,,op4,op3,5,linear3,,45
p2543,,,op5,op4,40,linear7,,20
p2543,,,op6,op5,80,squared,,10
p2543,,,op7,op6,15,linear3,,37.5
p2544,2235.183,BATCH_PIPELINE,op1,,1,const,,55
p2544,,,op2,,15,linear3,,37.5
p2544,,,op3,,15,linear3,,37.5
p2544,,,op4,,40,linear7,,20
p2544,,,op5,,40,linear7,,20
p2544,,,op6,,2,sqrt,,55
p2544,,,op7,,15,linear3,,37.5
p2544,,,op8,,5,linear3,,45
p2544,,,op9,,5,linear3,,45
p2544,,,op10,op1;op2;op3;op4;op5;op6;op7;op8;op9,20,linear7,,30
p2545,2235.183,BATCH_PIPELINE,op1,,1,const,,55
p2545,,,op2,op1,80,squared,,10
p2545,,,op3,op2,15,linear3,,37.5
p2545,,,op4,op3,15,linear3,,37.5
p2545,,,op5,op4,1,const,,55
p2545,,,op6,op5,80,squared,,10
p2545,,,op7,op6,20,linear7,,30
p2545,,,op8,op7,15,linear3,,37.5
p2546,2235.183,BATCH_PIPELINE,op1,,1,const,,55
p2546,,,op2,,20,linear7,,30
p2546,,,op3,,80,squared,,10
p2546,,,op4,,15,linear3,,37.5
p2546,,,op5,,80,squared,,10
p2546,,,op6,,40,linear7,,20
p2546,,,op7,,15,linear3,,37.5
p2546,,,op8,op1;op2;op3;op4;op5;op6;op7,1,const,,55
p2547,2235.183,BATCH_PIPELINE,op1,,1,const,,55
p2547,,,op2,op1,15,linear3,,37.5
p2547,,,op3,op2,15,linear3,,37.5
p2547,,,op4,op3,40,linear7,,20
p2547,,,op5,op4,5,linear3,,45
p2547,,,op6,op5,2,sqrt,,55
p2547,,,op7,op6,20,linear7,,30
p2547,,,op8,op7,2,sqrt,,55
p2547,,,op9,op8,1,const,,55
p2547,,,op10,op9,80,squared,,10
p2547,,,op11,op10,40,linear7,,20
p2548,2235.183,BATCH_PIPELINE,op1,,1,const,,55
p2548,,,op2,op1,15,linear3,,37.5
p2548,,,op3,op2,5,linear3,,45
p2548,,,op4,op3,20,linear7,,30
p2548,,,op5,op4,5,linear3,,45
p2548,,,op6,op5,2,sqrt,,55
p2548,,,op7,op6,5,linear3,,45
p2548,,,op8,op7,40,linear7,,20
p2548,,,op9,op8,1,const,,55
p2549,2235.183,BATCH_PIPELINE,op1,,1,const,,55
p2549,,,op2,op1,20,linear7,,30
p2549,,,op3,op2,40,linear7,,20
p2549,,,op4,op3,20,linear7,,30
p2549,,,op5,op4,2,sqrt,,55
p2549,,,op6,op5,40,linear7,,20
p2549,,,op7,op6,20,linear7,,30
p2549,,,op8,op7,15,linear3,,37.5
p2549,,,op9,op8,15,linear3,,37.5
p2550,2235.183,BATCH_PIPELINE,op1,,1,const,,55
p2550,,,op2,op1,20,linear7,,30
p2550,,,op3,op1,20,linear7,,30
p2550,,,op4,op1,1,const,,55
p2550,,,op5,op1,20,linear7,,30
p2550,,,op6,op1,80,squared,,10
p2550,,,op7,op1,1,const,,55
p2551,2244.0190000000002,BATCH_PIPELINE,op1,,1,const,,55
p2551,,,op2,op1,2,sqrt,,55
p2551,,,op3,op2,15,linear3,,37.5
p2551,,,op4,op3,80,squared,,10
p2551,,,op5,op4,2,sqrt,,55
p2551,,,op6,op5,15,linear3,,37.5
p2551,,,op7,op6,20,linear7,,30
p2551,,,op8,op7,2,sqrt,,55
p2551,,,op9,op8,80,squared,,10
p2551,,,op10,op9,5,linear3,,45
p2551,,,op11,op10,1,const,,55
p2552,2244.0190000000002,BATCH_PIPELINE,op1,,1,const,,55
p2552,,,op2,,15,linear3,,37.5
p2552,,,op3,,20,linear7,,30
p2552,,,op4,,1,const,,55
p2552,,,op5,,5,linear3,,45
p2552,,,op6,,15,linear3,,37.5
p2552,,,op7,,20,linear7,,30
p2552,,,op8,,5,linear3,,45
p2552,,,op9,op1;op2;op3;op4;op5;op6;op7;op8,15,linear3,,37.5
p2553,2244.0190000000002,BATCH_PIPELINE,op1,,1,const,,55
p2553,,,op2,op1,5,linear3,,45
p2553,,,op3,op2,20,linear7,,30
p2553,,,op4,op3,5,linear3,,45
p2553,,,op5,op4,20,linear7,,30
p2553,,,op6,op5,20,linear7,,30
p2553,,,op7,op6,80,squared,,10
p2553,,,op8,op7,5,linear3,,45
p2553,,,op9,op8,5,linear3,,45
p2554,2244.0190000000002,INTERACTIVE,op1,,1,const,,55
p2554,,,op2,op1,20,linear7,,30
p2554,,,op3,op2,40,linear7,,20
p2554,,,op4,op3,20,linear7,,30
p2554,,,op5,op4,15,linear3,,37.5
p2555,2244.0190000000002,BATCH_PIPELINE,op1,,1,const,,55
p2555,,,op2,op1,1,const,,55
p2555,,,op3,op2,40,linear7,,20
p2555,,,op4,op3,80,squared,,10
p2555,,,op5,op4,1,const,,55
p2555,,,op6,op5,15,linear3,,37.5
p2556,2244.0190000000002,BATCH_PIPELINE,op1,,1,const,,55
p2556,,,op2,op1,40,linear7,,20
p2556,,,op3,op2,20,linear7,,30
p2556,,,op4,op3,40,linear7,,20
p2556,,,op5,op4,2,sqrt,,55
p2556,,,op6,op5,1,const,,55
p2556,,,op7,op6,20,linear7,,30
p2556,,,op8,op7,2,sqrt,,55
p2557,2244.0190000000002,BATCH_PIPELINE,op1,,1,const,,55
p2557,,,op2,op1,2,sqrt,,55
p2557,,,op3,op2,5,linear3,,45
p2558,2244.0190000000002,BATCH_PIPELINE,op1,,1,const,,55
p2558,,,op2,op1,20,linear7,,30
p2558,,,op3,op2,5,linear3,,45
p2558,,,op4,op3,80,squared,,10
p2558,,,op5,op4,40,linear7,,20
p2558,,,op6,op5,5,linear3,,45
p2558,,,op7,op6,5,linear3,,45
p2558,,,op8,op7,5,linear3,,45
p2559,2244.0190000000002,BATCH_PIPELINE,op1,,1,const,,55
p2559,,,op2,op1,1,const,,55
p2559,,,op3,op2,5,linear3,,45
p2559,,,op4,op3,40,linear7,,20
p2559,,,op5,op4,5,linear3,,45
p2559,,,op6,op5,15,linear3,,37.5
p2560,2244.0190000000002,BATCH_PIPELINE,op1,,1,const,,55
p2560,,,op2,op1,20,linear7,,30
p2560,,,op3,op2,15,linear3,,37.5
p2560,,,op4,op3,40,linear7,,20
p2560,,,op5,op4,40,linear7,,20
p2561,2254.51,BATCH_PIPELINE,op1,,1,const,,55
p2561,,,op2,op1,15,linear3,,37.5
p2561,,,op3,op1,15,linear3,,37.5
p2561,,,op4,op1,2,sqrt,,55
p2561,,,op5,op1,15,linear3,,37.5
p2561,,,op6,op1,20,linear7,,30
p2561,,,op7,op1,15,linear3,,37.5
p2562,2254.51,BATCH_PIPELINE,op1,,1,const,,55
p2562,,,op2,op1,20,linear7,,30
p2562,,,op3,op2,20,linear7,,30
p2562,,,op4,op3,20,linear7,,30
p2562,,,op5,op4,1,const,,55
p2562,,,op6,op5,15,linear3,,37.5
p2562,,,op7,op6,40,linear7,,20
p2563,2254.51,BATCH_PIPELINE,op1,,1,const,,55
p2563,,,op2,op1,20,linear7,,30
p2563,,,op3,op2,15,linear3,,37.5
p2563,,,op4,op3,20,linear7,,30
p2563,,,op5,op4,1,const,,55
p2563,,,op6,op5,15,linear3,,37.5
p2563,,,op7,op6,20,linear7,,30
p2563,,,op8,op7,15,linear3,,37.5
p2563,,,op9,op8,40,linear7,,20
p2564,2254.51,BATCH_PIPELINE,op1,,1,const,,55
p2564,,,op2,,5,linear3,,45
p2564,,,op3,,20,linear7,,30
p2564,,,op4,,20,linear7,,30
p2564,,,op5,,1,const,,55
p2564,,,op6,op1;op2;op3;op4;op5,40,linear7,,20
p2565,2254.51,BATCH_PIPELINE,op1,,1,const,,55
p2565,,,op2,op1,20,linear7,,30
p2565,,,op3,op1,15,linear3,,37.5
p2565,,,op4,op1,20,linear7,,30
p2565,,,op5,op1,80,squared,,10
p2565,,,op6,op1,15,linear3,,37.5
p2565,,,op7,op1,5,linear3,,45
p2566,2254.51,BATCH_PIPELINE,op1,,1,const,,55
p2566,,,op2,op1,40,linear7,,20
p2566,,,op3,op2,1,const,,55
p2566,,,op4,op3,15,linear3,,37.5
p2566,,,op5,op4,5,linear3,,45
p2566,,,op6,op5,2,sqrt,,55
p2566,,,op7,op6,15,linear3,,37.5
p2566,,,op8,op7,15,linear3,,37.5
p2566,,,op9,op8,2,sqrt,,55
p2566,,,op10,op9,15,linear3,,37.5
p2566,,,op11,op10,5,linear3,,45
p2567,2254.51,INTERACTIVE,op1,,1,const,,55
p2567,,,op2,op1,40,linear7,,20
p2567,,,op3,op2,20,linear7,,30
p2567,,,op4,op3,15,linear3,,37.5
p2567,,,op5,op4,1,const,,55
p2567,,,op6,op5,20,linear7,,30
p2567,,,op7,op6,2,sqrt,,55
p2567,,,op8,op7,15,linear3,,37.5
p2568,2254.51,BATCH_PIPELINE,op1,,1,const,,55
p2568,,,op2,op1,2,sqrt,,55
p2568,,,op3,op2,1,const,,55
p2568,,,op4,op3,15,linear3,,37.5
p2568,,,op5,op4,15,linear3,,37.5
p2568,,,op6,op5,1,const,,55
p2568,,,op7,op6,15,linear3,,37.5
p2568,,,op8,op7,20,linear7,,30
p2568,,,op9,op8,1,const,,55
p2568,,,op10,op9,2,sqrt,,55
p2569,2254.51,INTERACTIVE,op1,,1,const,,55
p2569,,,op2,op1,5,linear3,,45
p2569,,,op3,op2,15,linear3,,37.5
p2569,,,op4,op3,80,squared,,10
p2569,,,op5,op4,2,sqrt,,55
p2569,,,op6,op5,5,linear3,,45
p2569,,,op7,op6,20,linear7,,30
p2570,2254.51,BATCH_PIPELINE,op1,,1,const,,55
p2570,,,op2,op1,15,linear3,,37.5
p2570,,,op3,op2,1,const,,55
p2570,,,op4,op3,15,linear3,,37.5
p2570,,,op5,op4,5,linear3,,45
p2570,,,op6,op5,40,linear7,,20
p2570,,,op7,op6,40,linear7,,20
p2570,,,op8,op7,1,const,,55
p2571,2266.549,BATCH_PIPELINE,op1,,1,const,,55
p2571,,,op2,op1,40,linear7,,20
p2571,,,op3,op2,1,const,,55
p2571,,,op4,op3,20,linear7,,30
p2571,,,op5,op4,40,linear7,,20
p2571,,,op6,op5,15,linear3,,37.5
p2571,,,op7,op6,20,linear7,,30
p2572,2266.549,BATCH_PIPELINE,op1,,1,const,,55
p2572,,,op2,op1,20,linear7,,30
p2572,,,op3,op2,2,sqrt,,55
p2572,,,op4,op3,1,const,,55
p2572,,,op5,op4,15,linear3,,37.5
p2572,,,op6,op5,5,linear3,,45
p2573,2266.549,BATCH_PIPELINE,op1,,1,const,,55
p2573,,,op2,,15,linear3,,37.5
p2573,,,op3,,2,sqrt,,55
p2573,,,op4,,20,linear7,,30
p2573,,,op5,,40,linear7,,20
p2573,,,op6,,80,squared,,10
p2573,,,op7,,80,squared,,10
p2573,,,op8,op1;op2;op3;op4;op5;op6;op7,2,sqrt,,55
p2574,2266.549,BATCH_PIPELINE,op1,,1,const,,55
p2574,,,op2,op1,15,linear3,,37.5
p2574,,,op3,op2,80,squared,,10
p2574,,,op4,op3,40,linear7,,20
p2574,,,op5,op4,2,sqrt,,55
p2574,,,op6,op5,15,linear3,,37.5
p2574,,,op7,op6,20,linear7,,30
p2574,,,op8,op7,1,const,,55
p2575,2266.549,BATCH_PIPELINE,op1,,1,const,,55
p2575,,,op2,op1,1,const,,55
p2575,,,op3,op1,15,linear3,,37.5
p2575,,,op4,op1,40,linear7,,20
p2575,,,op5,op1,5,linear3,,45
p2575,,,op6,op1,15,linear3,,37.5
p2575,,,op7,op1,20,linear7,,30
p2575,,,op8,op1,20,linear7,,30
p2576,2266.549,BATCH_PIPELINE,op1,,1,const,,55
p2576,,,op2,op1,2,sqrt,,55
p2576,,,op3,op2,80,squared,,10
p2576,,,op4,op3,20,linear7,,30
p2576,,,op5,op4,1,const,,55
p2576,,,op6,op5,5,linear3,,45
p2577,2266.549,BATCH_PIPELINE,op1,,1,const,,55
p2577,,,op2,op1,40,linear7,,20
p2577,,,op3,op2,40,linear7,,20
p2577,,,op4,op3,15,linear3,,37.5
p2577,,,op5,op4,40,linear7,,20
p2577,,,op6,op5,5,linear3,,45
p2578,2266.549,INTERACTIVE,op1,,1,const,,55
p2578,,,op2,op1,5,linear3,,45
p2578,,,op3,op1,20,linear7,,30
p2578,,,op4,op1,20,linear7,,30
p2578,,,op5,op1,2,sqrt,,55
p2578,,,op6,op1,2,sqrt,,55
p2578,,,op7,op1,15,linear3,,37.5
p2578,,,op8,op1,40,linear7,,20
p2579,2266.549,BATCH_PIPELINE,op1,,1,const,,55
p2579,,,op2,,1,const,,55
p2579,,,op3,,40,linear7,,20
p2579,,,op4,,1,const,,55
p2579,,,op5,,2,sqrt,,55
p2579,,,op6,,5,linear3,,45
p2579,,,op7,op1;op2;op3;op4;op5;op6,80,squared,,10
p2580,2266.549,BATCH_PIPELINE,op1,,1,const,,55
p2580,,,op2,op1,40,linear7,,20
p2580,,,op3,op2,1,const,,55
p2580,,,op4,op3,40,linear7,,20
p2581,2275.707,INTERACTIVE,op1,,1,const,,55
p2581,,,op2,op1,15,linear3,,37.5
p2581,,,op3,op1,2,sqrt,,55
p2581,,,op4,op1,80,squared,,10
p2581,,,op5,op1,2,sqrt,,55
p2581,,,op6,op1,20,linear7,,30
p2581,,,op7,op1,2,sqrt,,55
p2581,,,op8,op1,5,linear3,,45
p2582,2275.707,BATCH_PIPELINE,op1,,1,const,,55
p2582,,,op2,,2,sqrt,,55
p2582,,,op3,,5,linear3,,45
p2582,,,op4,,1,const,,55
p2582,,,op5,,5,linear3,,45
p2582,,,op6,,80,squared,,10
p2582,,,op7,,15,linear3,,37.5
p2582,,,op8,,40,linear7,,20
p2582,,,op9,,2,sqrt,,55
p2582,,,op10,,5,linear3,,45
p2582,,,op11,,15,linear3,,37.5
p2582,,,op12,,2,sqrt,,55
p2582,,,op13,op1;op2;op3;op4;op5;op6;op7;op8;op9;op10;op11;op12,20,linear7,,30
p2583,2275.707,BATCH_PIPELINE,op1,,1,const,,55
p2583,,,op2,op1,40,linear7,,20
p2583,,,op3,op2,5,linear3,,45
p2583,,,op4,op3,5,linear3,,45
p2583,,,op5,op4,80,squared,,10
p2583,,,op6,op5,1,const,,55
p2583,,,op7,op6,1,const,,55
p2583,,,op8,op7,2,sqrt,,55
p2583,,,op9,op8,15,linear3,,37.5
p2584,2275.707,BATCH_PIPELINE,op1,,1,const,,55
p2584,,,op2,op1,15,linear3,,37.5
p2584,,,op3,op2,5,linear3,,45
p2584,,,op4,op3,2,sqrt,,55
p2584,,,op5,op4,80,squared,,10
p2584,,,op6,op5,5,linear3,,45
p2585,2275.707,BATCH_PIPELINE,op1,,1,const,,55
p2585,,,op2,op1,20,linear7,,30
p2585,,,op3,op2,80,squared,,10
p2585,,,op4,op3,20,linear7,,30
p2585,,,op5,op4,40,linear7,,20
p2585,,,op6,op5,15,linear3,,37.5
p2585,,,op7,op6,20,linear7,,30
p2585,,,op8,op7,15,linear3,,37.5
p2585,,,op9,op8,15,linear3,,37.5
p2585,,,op10,op9,15,linear3,,37.5
p2585,,,op11,op10,5,linear3,,45
p2585,,,op12,op11,20,linear7,,30
p2586,2275.707,BATCH_PIPELINE,op1,,1,const,,55
p2586,,,op2,op1,80,squared,,10
p2586,,,op3,op2,40,linear7,,20
p2586,,,op4,op3,5,linear3,,45
p2586,,,op5,op4,20,linear7,,30
p2586,,,op6,op5,80,squared,,10
p2586,,,op7,op6,2,sqrt,,55
p2586,,,op8,op7,80,squared,,10
p2586,,,op9,op8,2,sqrt,,55
p2587,2275.707,BATCH_PIPELINE,op1,,1,const,,55
p2587,,,op2,op1,1,const,,55
p2587,,,op3,op2,40,linear7,,20
p2587,,,op4,op3,1,const,,55
p2587,,,op5,op4,1,const,,55
p2587,,,op6,op5,40,linear7,,20
p2587,,,op7,op6,80,squared,,10
p2587,,,op8,op7,2,sqrt,,55
p2588,2275.707,BATCH_PIPELINE,op1,,1,const,,55
p2588,,,op2,op1,40,linear7,,20
p2588,,,op3,op2,5,linear3,,45
p2588,,,op4,op3,20,linear7,,30
p2588,,,op5,op4,1,const,,55
p2588,,,op6,op5,1,const,,55
p2588,,,op7,op6,40,linear7,,20
p2588,,,op8,op7,20,linear7,,30
p2588,,,op9,op8,5,linear3,,45
p2589,2275.707,BATCH_PIPELINE,op1,,1,const,,55
p2589,,,op2,op1,1,const,,55
p2589,,,op3,op2,5,linear3,,45
p2589,,,op4,op3,2,sqrt,,55
p2589,,,op5,op4,15,linear3,,37.5
p2589,,,op6,op5,2,sqrt,,55
p2589,,,op7,op6,1,const,,55
p2589,,,op8,op7,1,const,,55
p2589,,,op9,op8,15,linear3,,37.5
p2589,,,op10,op9,1,const,,55
p2589,,,op11,op10,5,linear3,,45
p2590,2275.707,BATCH_PIPELINE,op1,,1,const,,55
p2590,,,op2,op1,15,linear3,,37.5
p2590,,,op3,op2,2,sqrt,,55
p2590,,,op4,op3,15,linear3,,37.5
p2590,,,op5,op4,2,sqrt,,55
p2590,,,op6,op5,5,linear3,,45
p2591,2283.928,BATCH_PIPELINE,op1,,1,const,,55
p2591,,,op2,op1,20,linear7,,30
p2591,,,op3,op2,2,sqrt,,55
p2591,,,op4,op3,15,linear3,,37.5
p2591,,,op5,op4,5,linear3,,45
p2591,,,op6,op5,15,linear3,,37.5
p2591,,,op7,op6,20,linear7,,30
p2591,,,op8,op7,5,linear3,,45
p2591,,,op9,op8,5,linear3,,45
p2591,,,op10,op9,5,linear3,,45
p2591,,,op11,op10,5,linear3,,45
p2592,2283.928,BATCH_PIPELINE,op1,,1,const,,55
p2592,,,op2,op1,80,squared,,10
p2592,,,op3,op2,5,linear3,,45
p2592,,,op4,op3,15,linear3,,37.5
p2592,,,op5,op4,40,linear7,,20
p2592,,,op6,op5,5,linear3,,45
p2592,,,op7,op6,2,sqrt,,55
p2593,2283.928,INTERACTIVE,op1,,1,const,,55
p2593,,,op2,,80,squared,,10
p2593,,,op3,,40,linear7,,20
p2593,,,op4,,15,linear3,,37.5
p2593,,,op5,,2,sqrt,,55
p2593,,,op6,,5,linear3,,45
p2593,,,op7,,80,squared,,10
p2593,,,op8,,20,linear7,,30
p2593,,,op9,op1;op2;op3;op4;op5;op6;op7;op8,15,linear3,,37.5
p2594,2283.928,BATCH_PIPELINE,op1,,1,const,,55
p2594,,,op2,op1,15,linear3,,37.5
p2594,,,op3,op2,80,squared,,10
p2594,,,op4,op3,20,linear7,,30
p2594,,,op5,op4,15,linear3,,37.5
p2594,,,op6,op5,5,linear3,,45
p2594,,,op7,op6,15,linear3,,37.5
p2595,2283.928,QUERY,op1,,15,linear3,,35
p2596,2283.928,BATCH_PIPELINE,op1,,1,const,,55
p2596,,,op2,op1,5,linear3,,45
p2596,,,op3,op2,15,linear3,,37.5
p2596,,,op4,op3,15,linear3,,37.5
p2596,,,op5,op4,15,linear3,,37.5
p2596,,,op6,op5,80,squared,,10
p2596,,,op7,op6,20,linear7,,30
p2596,,,op8,op7,80,squared,,10
p2597,2283.928,BATCH_PIPELINE,op1,,1,const,,55
p2597,,,op2,op1,5,linear3,,45
p2597,,,op3,op2,80,squared,,10
p2597,,,op4,op3,2,sqrt,,55
p2597,,,op5,op4,1,const,,55
p2597,,,op6,op5,2,sqrt,,55
p2597,,,op7,op6,1,const,,55
p2597,,,op8,op7,2,sqrt,,55
p2597,,,op9,op8,2,sqrt,,55
p2598,2283.928,INTERACTIVE,op1,,1,const,,55
p2598,,,op2,op1,1,const,,55
p2598,,,op3,op2,15,linear3,,37.5
p2599,2283.928,BATCH_PIPELINE,op1,,1,const,,55
p2599,,,op2,op1,40,linear7,,20
p2599,,,op3,op2,5,linear3,,45
p2599,,,op4,op3,5,linear3,,45
p2599,,,op5,op4,20,linear7,,30
p2599,,,op6,op5,40,linear7,,20
p2599,,,op7,op6,20,linear7,,30
p2599,,,op8,op7,15,linear3,,37.5
p2599,,,op9,op8,15,linear3,,37.5
p2600,2283.928,BATCH_PIPELINE,op1,,1,const,,55
p2600,,,op2,op1,5,linear3,,45
p2600,,,op3,op2,5,linear3,,45
p2600,,,op4,op3,5,linear3,,45
p2600,,,op5,op4,15,linear3,,37.5
p2600,,,op6,op5,1,const,,55
p2600,,,op7,op6,5,linear3,,45
p2600,,,op8,op7,20,linear7,,30
p2601,2291.744,BATCH_PIPELINE,op1,,1,const,,55
p2601,,,op2,op1,1,const,,55
p2601,,,op3,op2,1,const,,55
p2601,,,op4,op3,5,linear3,,45
p2601,,,op5,op4,2,sqrt,,55
p2601,,,op6,op5,15,linear3,,37.5
p2601,,,op7,op6,5,linear3,,45
p2601,,,op8,op7,40,linear7,,20
p2601,,,op9,op8,2,sqrt,,55
p2601,,,op10,op9,5,linear3,,45
p2601,,,op11,op10,15,linear3,,37.5
p2601,,,op12,op11,15,linear3,,37.5
p2602,2291.744,BATCH_PIPELINE,op1,,1,const,,55
p2602,,,op2,op1,5,linear3,,45
p2602,,,op3,op2,20,linear7,,30
p2603,2291.744,BATCH_PIPELINE,op1,,1,const,,55
p2603,,,op2,op1,40,linear7,,20
p2603,,,op3,op2,40,linear7,,20
p2603,,,op4,op3,15,linear3,,37.5
p2603,,,op5,op4,80,squared,,10
p2603,,,op6,op5,2,sqrt,,55
p2603,,,op7,op6,1,const,,55
p2603,,,op8,op7,15,linear3,,37.5
p2604,2291.744,BATCH_PIPELINE,op1,,1,const,,55
p2604,,,op2,op1,15,linear3,,37.5
p2604,,,op3,op2,15,linear3,,37.5
p2605,2291.744,BATCH_PIPELINE,op1,,1,const,,55
p2605,,,op2,op1,20,linear7,,30
p2605,,,op3,op2,2,sqrt,,55
p2605,,,op4,op3,20,linear7,,30
p2605,,,op5,op4,2,sqrt,,55
p2605,,,op6,op5,5,linear3,,45
p2605,,,op7,op6,80,squared,,10
p2605,,,op8,op7,2,sqrt,,55
p2606,2291.744,BATCH_PIPELINE,op1,,1,const,,55
p2606,,,op2,,15,linear3,,37.5
p2606,,,op3,,20,linear7,,30
p2606,,,op4,,15,linear3,,37.5
p2606,,,op5,op1;op2;op3;op4,5,linear3,,45
p2607,2291.744,BATCH_PIPELINE,op1,,1,const,,55
p2607,,,op2,op1,20,linear7,,30
p2607,,,op3,op2,20,linear7,,30
p2607,,,op4,op3,15,linear3,,37.5
p2607,,,op5,op4,20,linear7,,30
p2607,,,op6,op5,20,linear7,,30
p2608,2291.744,BATCH_PIPELINE,op1,,1,const,,55
p2608,,,op2,op1,5,linear3,,45
p2608,,,op3,op2,5,linear3,,45
p2608,,,op4,op3,20,linear7,,30
p2608,,,op5,op4,1,const,,55
p2608,,,op6,op5,80,squared,,10
p2608,,,op7,op6,20,linear7,,30
p2608,,,op8,op7,80,squared,,10
p2608,,,op9,op8,15,linear3,,37.5
p2608,,,op10,op9,5,linear3,,45
p2609,2291.744,BATCH_PIPELINE,op1,,1,const,,55
p2609,,,op2,op1,1,const,,55
p2609,,,op3,op2,1,const,,55
p2609,,,op4,op3,15,linear3,,37.5
p2609,,,op5,op4,80,squared,,10
p2609,,,op6,op5,1,const,,55
p2609,,,op7,op6,5,linear3,,45
p2609,,,op8,op7,5,linear3,,45
p2609,,,op9,op8,80,squared,,10
p2609,,,op10,op9,80,squared,,10
p2610,2291.744,BATCH_PIPELINE,op1,,1,const,,55
p2610,,,op2,op1,1,const,,55
p2610,,,op3,op2,20,linear7,,30
p2610,,,op4,op3,2,sqrt,,55
p2610,,,op5,op4,5,linear3,,45
p2610,,,op6,op5,40,linear7,,20
p2610,,,op7,op6,15,linear3,,37.5
p2610,,,op8,op7,40,linear7,,20
p2610,,,op9,op8,40,linear7,,20
p2611,2296.791,BATCH_PIPELINE,op1,,1,const,,55
p2611,,,op2,op1,15,linear3,,37.5
p2611,,,op3,op2,15,linear3,,37.5
p2611,,,op4,op3,20,linear7,,30
p2611,,,op5,op4,20,linear7,,30
p2611,,,op6,op5,5,linear3,,45
p2611,,,op7,op6,40,linear7,,20
p2611,,,op8,op7,5,linear3,,45
p2611,,,op9,op8,15,linear3,,37.5
p2611,,,op10,op9,15,linear3,,37.5
p2612,2296.791,BATCH_PIPELINE,op1,,1,const,,55
p2612,,,op2,op1,2,sqrt,,55
p2612,,,op3,op2,15,linear3,,37.5
p2612,,,op4,op3,20,linear7,,30
p2612,,,op5,op4,15,linear3,,37.5
p2612,,,op6,op5,20,linear7,,30
p2613,2296.791,BATCH_PIPELINE,op1,,1,const,,55
p2613,,,op2,op1,5,linear3,,45
p2613,,,op3,op2,80,squared,,10
p2613,,,op4,op3,20,linear7,,30
p2613,,,op5,op4,2,sqrt,,55
p2613,,,op6,op5,15,linear3,,37.5
p2614,2296.791,BATCH_PIPELINE,op1,,1,const,,55
p2614,,,op2,op1,2,sqrt,,55
p2614,,,op3,op1,2,sqrt,,55
p2614,,,op4,op1,80,squared,,10
p2614,,,op5,op1,15,linear3,,37.5
p2614,,,op6,op1,5,linear3,,45
p2614,,,op7,op1,2,sqrt,,55
p2614,,,op8,op1,20,linear7,,30
p2615,2296.791,INTERACTIVE,op1,,1,const,,55
p2615,,,op2,op1,15,linear3,,37.5
p2615,,,op3,op2,5,linear3,,45
p2615,,,op4,op3,2,sqrt,,55
p2615,,,op5,op4,5,linear3,,45
p2616,2296.791,BATCH_PIPELINE,op1,,1,const,,55
p2616,,,op2,op1,80,squared,,10
p2616,,,op3,op2,40,linear7,,20
p2616,,,op4,op3,80,squared,,10
p2616,,,op5,op4,5,linear3,,45
p2616,,,op6,op5,80,squared,,10
p2617,2296.791,BATCH_PIPELINE,op1,,1,const,,55
p2617,,,op2,op1,5,linear3,,45
p2617,,,op3,op2,20,linear7,,30
p2617,,,op4,op3,20,linear7,,30
p2617,,,op5,op4,1,const,,55
p2617,,,op6,op5,5,linear3,,45
p2617,,,op7,op6,20,linear7,,30
p2617,,,op8,op7,15,linear3,,37.5
p2617,,,op9,op8,20,linear7,,30
p2618,2296.791,BATCH_PIPELINE,op1,,1,const,,55
p2618,,,op2,op1,80,squared,,10
p2618,,,op3,op2,5,linear3,,45
p2618,,,op4,op3,2,sqrt,,55
p2618,,,op5,op4,40,linear7,,20
p2618,,,op6,op5,15,linear3,,37.5
p2618,,,op7,op6,15,linear3,,37.5
p2618,,,op8,op7,80,squared,,10
p2619,2296.791,BATCH_PIPELINE,op1,,1,const,,55
p2619,,,op2,op1,5,linear3,,45
p2619,,,op3,op2,2,sqrt,,55
p2619,,,op4,op3,15,linear3,,37.5
p2619,,,op5,op4,1,const,,55
p2619,,,op6,op5,15,linear3,,37.5
p2619,,,op7,op6,15,linear3,,37.5
p2619,,,op8,op7,5,linear3,,45
p2619,,,op9,op8,15,linear3,,37.5
p2619,,,op10,op9,1,const,,55
p2620,2296.791,INTERACTIVE,op1,,1,const,,55
p2620,,,op2,,20,linear7,,30
p2620,,,op3,,15,linear3,,37.5
p2620,,,op4,,5,linear3,,45
p2620,,,op5,,5,linear3,,45
p2620,,,op6,,15,linear3,,37.5
p2620,,,op7,op1;op2;op3;op4;op5;op6,80,squared,,10
p2621,2306.848,INTERACTIVE,op1,,1,const,,55
p2621,,,op2,op1,20,linear7,,30
p2621,,,op3,op2,15,linear3,,37.5
p2621,,,op4,op3,20,linear7,,30
p2621,,,op5,op4,5,linear3,,45
p2621,,,op6,op5,2,sqrt,,55
p2621,,,op7,op6,40,linear7,,20
p2621,,,op8,op7,80,squared,,10
p2621,,,op9,op8,2,sqrt,,55
p2622,2306.848,BATCH_PIPELINE,op1,,1,const,,55
p2622,,,op2,op1,15,linear3,,37.5
p2622,,,op3,op2,80,squared,,10
p2622,,,op4,op3,5,linear3,,45
p2622,,,op5,op4,80,squared,,10
p2622,,,op6,op5,80,squared,,10
p2622,,,op7,op6,20,linear7,,30
p2623,2306.848,BATCH_PIPELINE,op1,,1,const,,55
p2623,,,op2,,40,linear7,,20
p2623,,,op3,,2,sqrt,,55
p2623,,,op4,,5,linear3,,45
p2623,,,op5,,5,linear3,,45
p2623,,,op6,,1,const,,55
p2623,,,op7,,20,linear7,,30
p2623,,,op8,op1;op2;op3;op4;op5;op6;op7,40,linear7,,20
p2624,2306.848,BATCH_PIPELINE,op1,,1,const,,55
p2624,,,op2,,15,linear3,,37.5
p2624,,,op3,,5,linear3,,45
p2624,,,op4,,15,linear3,,37.5
p2624,,,op5,,15,linear3,,37.5
p2624,,,op6,,15,linear3,,37.5
p2624,,,op7,,5,linear3,,45
p2624,,,op8,,5,linear3,,45
p2624,,,op9,,40,linear7,,20
p2624,,,op10,op1;op2;op3;op4;op5;op6;op7;op8;op9,5,linear3,,45
p2625,2306.848,BATCH_PIPELINE,op1,,1,const,,55
p2625,,,op2,op1,20,linear7,,30
p2625,,,op3,op1,5,linear3,,45
p2625,,,op4,op1,40,linear7,,20
p2625,,,op5,op1,20,linear7,,30
p2625,,,op6,op1,5,linear3,,45
p2626,2306.848,BATCH_PIPELINE,op1,,1,const,,55
p2626,,,op2,op1,20,linear7,,30
p2626,,,op3,op1,20,linear7,,30
p2626,,,op4,op1,15,linear3,,37.5
p2626,,,op5,op1,5,linear3,,45
p2627,2306.848,INTERACTIVE,op1,,1,const,,55
p2627,,,op2,op1,2,sqrt,,55
p2627,,,op3,op1,2,sqrt,,55
p2627,,,op4,op1,80,squared,,10
p2627,,,op5,op1,5,linear3,,45
p2627,,,op6,op1,20,linear7,,30
p2627,,,op7,op1,80,squared,,10
p2627,,,op8,op1,20,linear7,,30
p2627,,,op9,op1,5,linear3,,45
p2627,,,op10,op1,2,sqrt,,55
p2628,2306.848,BATCH_PIPELINE,op1,,1,const,,55
p2628,,,op2,op1,15,linear3,,37.5
p2628,,,op3,op1,5,linear3,,45
p2628,,,op4,op1,20,linear7,,30
p2628,,,op5,op1,1,const,,55
p2629,2306.848,BATCH_PIPELINE,op1,,1,const,,55
p2629,,,op2,,5,linear3,,45
p2629,,,op3,,2,sqrt,,55
p2629,,,op4,,15,linear3,,37.5
p2629,,,op5,,1,const,,55
p2629,,,op6,,40,linear7,,20
p2629,,,op7,,15,linear3,,37.5
p2629,,,op8,,2,sqrt,,55
p2629,,,op9,op1;op2;op3;op4;op5;op6;op7;op8,2,sqrt,,55
p2630,2306.848,QUERY,op1,,15,linear3,,35
p2631,2312.334,BATCH_PIPELINE,op1,,1,const,,55
p2631,,,op2,op1,20,linear7,,30
p2631,,,op3,op1,40,linear7,,20
p2631,,,op4,op1,15,linear3,,37.5
p2631,,,op5,op1,40,linear7,,20
p2631,,,op6,op1,40,linear7,,20
p2632,2312.334,BATCH_PIPELINE,op1,,1,const,,55
p2632,,,op2,op1,2,sqrt,,55
p2632,,,op3,op2,40,linear7,,20
p2632,,,op4,op3,20,linear7,,30
p2632,,,op5,op4,20,linear7,,30
p2632,,,op6,op5,5,linear3,,45
p2632,,,op7,op6,80,squared,,10
p2632,,,op8,op7,5,linear3,,45
p2633,2312.334,BATCH_PIPELINE,op1,,1,const,,55
p2633,,,op2,op1,1,const,,55
p2633,,,op3,op2,2,sqrt,,55
p2633,,,op4,op3,80,squared,,10
p2633,,,op5,op4,40,linear7,,20
p2633,,,op6,op5,2,sqrt,,55
p2634,2312.334,INTERACTIVE,op1,,1,const,,55
p2634,,,op2,op1,40,linear7,,20
p2634,,,op3,op2,80,squared,,10
p2634,,,op4,op3,1,const,,55
p2635,2312.334,BATCH_PIPELINE,op1,,1,const,,55
p2635,,,op2,op1,20,linear7,,30
p2635,,,op3,op2,15,linear3,,37.5
p2635,,,op4,op3,1,const,,55
p2635,,,op5,op4,1,const,,55
p2635,,,op6,op5,15,linear3,,37.5
p2635,,,op7,op6,15,linear3,,37.5
p2636,2312.334,BATCH_PIPELINE,op1,,1,const,,55
p2636,,,op2,,2,sqrt,,55
p2636,,,op3,,40,linear7,,20
p2636,,,op4,,2,sqrt,,55
p2636,,,op5,,5,linear3,,45
p2636,,,op6,,15,linear3,,37.5
p2636,,,op7,op1;op2;op3;op4;op5;op6,20,linear7,,30
p2637,2312.334,BATCH_PIPELINE,op1,,1,const,,55
p2637,,,op2,op1,5,linear3,,45
p2637,,,op3,op2,80,squared,,10
p2637,,,op4,op3,2,sqrt,,55
p2637,,,op5,op4,20,linear7,,30
p2637,,,op6,op5,40,linear7,,20
p2637,,,op7,op6,15,linear3,,37.5
p2637,,,op8,op7,5,linear3,,45
p2637,,,op9,op8,80,squared,,10
p2638,2312.334,BATCH_PIPELINE,op1,,1,const,,55
p2638,,,op2,op1,15,linear3,,37.5
p2638,,,op3,op2,40,linear7,,20
p2638,,,op4,op3,5,linear3,,45
p2638,,,op5,op4,1,const,,55
p2638,,,op6,op5,20,linear7,,30
p2638,,,op7,op6,2,sqrt,,55
p2638,,,op8,op7,20,linear7,,30
p2639,2312.334,BATCH_PIPELINE,op1,,1,const,,55
p2639,,,op2,op1,5,linear3,,45
p2639,,,op3,op2,5,linear3,,45
p2639,,,op4,op3,1,const,,55
p2639,,,op5,op4,40,linear7,,20
p2639,,,op6,op5,1,const,,55
p2639,,,op7,op6,40,linear7,,20
p2639,,,op8,op7,20,linear7,,30
p2639,,,op9,op8,5,linear3,,45
p2640,2312.334,BATCH_PIPELINE,op1,,1,const,,55
p2640,,,op2,op1,15,linear3,,37.5
p2640,,,op3,op1,20,linear7,,30
p2640,,,op4,op1,2,sqrt,,55
p2640,,,op5,op1,15,linear3,,37.5
p2640,,,op6,op1,1,const,,55
p2640,,,op7,op1,1,const,,55
p2640,,,op8,op1,20,linear7,,30
p2641,2320.3940000000002,BATCH_PIPELINE,op1,,1,const,,55
p2641,,,op2,op1,2,sqrt,,55
p2641,,,op3,op2,1,const,,55
p2641,,,op4,op3,1,const,,55
p2641,,,op5,op4,20,linear7,,30
p2641,,,op6,op5,5,linear3,,45
p2641,,,op7,op6,40,linear7,,20
p2642,2320.3940000000002,BATCH_PIPELINE,op1,,1,const,,55
p2642,,,op2,,15,linear3,,37.5
p2642,,,op3,,15,linear3,,37.5
p2642,,,op4,,5,linear3,,45
p2642,,,op5,,1,const,,55
p2642,,,op6,,20,linear7,,30
p2642,,,op7,,80,squared,,10
p2642,,,op8,op1;op2;op3;op4;op5;op6;op7,80,squared,,10
p2643,2320.3940000000002,BATCH_PIPELINE,op1,,1,const,,55
p2643,,,op2,,5,linear3,,45
p2643,,,op3,,15,linear3,,37.5
p2643,,,op4,,2,sqrt,,55
p2643,,,op5,,1,const,,55
p2643,,,op6,op1;op2;op3;op4;op5,15,linear3,,37.5
p2644,2320.3940000000002,BATCH_PIPELINE,op1,,1,const,,55
p2644,,,op2,op1,5,linear3,,45
p2644,,,op3,op2,2,sqrt,,55
p2644,,,op4,op3,20,linear7,,30
p2644,,,op5,op4,40,linear7,,20
p2644,,,op6,op5,40,linear7,,20
p2644,,,op7,op6,5,linear3,,45
p2645,2320.3940000000002,BATCH_PIPELINE,op1,,1,const,,55
p2645,,,op2,op1,1,const,,55
p2645,,,op3,op2,40,linear7,,20
p2645,,,op4,op3,5,linear3,,45
p2645,,,op5,op4,20,linear7,,30
p2645,,,op6,op5,1,const,,55
p2646,2320.3940000000002,BATCH_PIPELINE,op1,,1,const,,55
p2646,,,op2,op1,5,linear3,,45
p2646,,,op3,op2,20,linear7,,30
p2646,,,op4,op3,15,linear3,,37.5
p2647,2320.3940000000002,BATCH_PIPELINE,op1,,1,const,,55
p2647,,,op2,op1,15,linear3,,37.5
p2647,,,op3,op2,20,linear7,,30
p2647,,,op4,op3,20,linear7,,30
p2647,,,op5,op4,80,squared,,10
p2647,,,op6,op5,80,squared,,10
p2647,,,op7,op6,1,const,,55
p2648,2320.3940000000002,BATCH_PIPELINE,op1,,1,const,,55
p2648,,,op2,op1,5,linear3,,45
p2648,,,op3,op2,20,linear7,,30
p2648,,,op4,op3,1,const,,55
p2648,,,op5,op4,1,const,,55
p2648,,,op6,op5,80,squared,,10
p2648,,,op7,op6,15,linear3,,37.5
p2649,2320.3940000000002,BATCH_PIPELINE,op1,,1,const,,55
p2649,,,op2,op1,5,linear3,,45
p2649,,,op3,op2,1,const,,55
p2649,,,op4,op3,2,sqrt,,55
p2649,,,op5,op4,5,linear3,,45
p2649,,,op6,op5,40,linear7,,20
p2649,,,op7,op6,20,linear7,,30
p2649,,,op8,op7,20,linear7,,30
p2650,2320.3940000000002,BATCH_PIPELINE,op1,,1,const,,55
p2650,,,op2,op1,2,sqrt,,55
p2650,,,op3,op1,20,linear7,,30
p2650,,,op4,op1,5,linear3,,45
p2650,,,op5,op1,15,linear3,,37.5
p2650,,,op6,op1,5,linear3,,45
p2650,,,op7,op1,40,linear7,,20
p2650,,,op8,op1,40,linear7,,20
p2650,,,op9,op1,2,sqrt,,55
p2651,2325.435,BATCH_PIPELINE,op1,,1,const,,55
p2651,,,op2,op1,40,linear7,,20
p2651,,,op3,op1,2,sqrt,,55
p2651,,,op4,op1,2,sqrt,,55
p2651,,,op5,op1,1,const,,55
p2651,,,op6,op1,15,linear3,,37.5
p2652,2325.435,BATCH_PIPELINE,op1,,1,const,,55
p2652,,,op2,op1,20,linear7,,30
p2652,,,op3,op2,1,const,,55
p2652,,,op4,op3,2,sqrt,,55
p2652,,,op5,op4,40,linear7,,20
p2652,,,op6,op5,5,linear3,,45
p2652,,,op7,op6,1,const,,55
p2652,,,op8,op7,20,linear7,,30
p2652,,,op9,op8,5,linear3,,45
p2653,2325.435,BATCH_PIPELINE,op1,,1,const,,55
p2653,,,op2,op1,40,linear7,,20
p2653,,,op3,op2,1,const,,55
p2653,,,op4,op3,80,squared,,10
p2653,,,op5,op4,2,sqrt,,55
p2653,,,op6,op5,15,linear3,,37.5
p2653,,,op7,op6,15,linear3,,37.5
p2654,2325.435,INTERACTIVE,op1,,1,const,,55
p2654,,,op2,op1,2,sqrt,,55
p2654,,,op3,op2,80,squared,,10
p2654,,,op4,op3,5,linear3,,45
p2654,,,op5,op4,40,linear7,,20
p2654,,,op6,op5,40,linear7,,20
p2655,2325.435,BATCH_PIPELINE,op1,,1,const,,55
p2655,,,op2,,20,linear7,,30
p2655,,,op3,,15,linear3,,37.5
p2655,,,op4,,1,const,,55
p2655,,,op5,,1,const,,55
p2655,,,op6,,80,squared,,10
p2655,,,op7,op1;op2;op3;op4;op5;op6,1,const,,55
p2656,2325.435,INTERACTIVE,op1,,1,const,,55
p2656,,,op2,op1,2,sqrt,,55
p2656,,,op3,op2,20,linear7,,30
p2656,,,op4,op3,20,linear7,,30
p2656,,,op5,op4,80,squared,,10
p2656,,,op6,op5,15,linear3,,37.5
p2656,,,op7,op6,80,squared,,10
p2657,2325.435,BATCH_PIPELINE,op1,,1,const,,55
p2657,,,op2,op1,15,linear3,,37.5
p2657,,,op3,op1,15,linear3,,37.5
p2657,,,op4,op1,80,squared,,10
p2657,,,op5,op1,15,linear3,,37.5
p2657,,,op6,op1,2,sqrt,,55
p2657,,,op7,op1,2,sqrt,,55
p2657,,,op8,op1,20,linear7,,30
p2657,,,op9,op1,20,linear7,,30
p2657,,,op10,op1,1,const,,55
p2658,2325.435,BATCH_PIPELINE,op1,,1,const,,55
p2658,,,op2,,2,sqrt,,55
p2658,,,op3,,5,linear3,,45
p2658,,,op4,,5,linear3,,45
p2658,,,op5,op1;op2;op3;op4,80,squared,,10
p2659,2325.435,BATCH_PIPELINE,op1,,1,const,,55
p2659,,,op2,op1,15,linear3,,37.5
p2659,,,op3,op2,80,squared,,10
p2659,,,op4,op3,2,sqrt,,55
p2659,,,op5,op4,40,linear7,,20
p2659,,,op6,op5,2,sqrt,,55
p2659,,,op7,op6,15,linear3,,37.5
p2659,,,op8,op7,20,linear7,,30
p2659,,,op9,op8,20,linear7,,30
p2659,,,op10,op9,1,const,,55
p2660,2325.435,BATCH_PIPELINE,op1,,1,const,,55
p2660,,,op2,op1,1,const,,55
p2660,,,op3,op2,15,linear3,,37.5
p2660,,,op4,op3,5,linear3,,45
p2660,,,op5,op4,15,linear3,,37.5
p2660,,,op6,op5,20,linear7,,30
p2660,,,op7,op6,20,linear7,,30
p2660,,,op8,op7,2,sqrt,,55
p2660,,,op9,op8,5,linear3,,45
p2661,2336.523,BATCH_PIPELINE,op1,,1,const,,55
p2661,,,op2,op1,15,linear3,,37.5
p2661,,,op3,op2,15,linear3,,37.5
p2661,,,op4,op3,1,const,,55
p2661,,,op5,op4,2,sqrt,,55
p2661,,,op6,op5,1,const,,55
p2661,,,op7,op6,20,linear7,,30
p2662,2336.523,INTERACTIVE,op1,,1,const,,55
p2662,,,op2,op1,15,linear3,,37.5
p2662,,,op3,op2,5,linear3,,45
p2662,,,op4,op3,20,linear7,,30
p2662,,,op5,op4,40,linear7,,20
p2662,,,op6,op5,15,linear3,,37.5
p2662,,,op7,op6,1,const,,55
p2663,2336.523,BATCH_PIPELINE,op1,,1,const,,55
p2663,,,op2,op1,1,const,,55
p2663,,,op3,op2,5,linear3,,45
p2663,,,op4,op3,2,sqrt,,55
p2663,,,op5,op4,1,const,,55
p2663,,,op6,op5,5,linear3,,45
p2663,,,op7,op6,5,linear3,,45
p2663,,,op8,op7,5,linear3,,45
p2664,2336.523,BATCH_PIPELINE,op1,,1,const,,55
p2664,,,op2,op1,2,sqrt,,55
p2664,,,op3,op2,5,linear3,,45
p2664,,,op4,op3,5,linear3,,45
p2664,,,op5,op4,20,linear7,,30
p2664,,,op6,op5,2,sqrt,,55
p2664,,,op7,op6,80,squared,,10
p2664,,,op8,op7,20,linear7,,30
p2665,2336.523,BATCH_PIPELINE,op1,,1,const,,55
p2665,,,op2,op1,15,linear3,,37.5
p2665,,,op3,op2,5,linear3,,45
p2665,,,op4,op3,15,linear3,,37.5
p2665,,,op5,op4,15,linear3,,37.5
p2665,,,op6,op5,20,linear7,,30
p2665,,,op7,op6,1,const,,55
p2665,,,op8,op7,2,sqrt,,55
p2666,2336.523,BATCH_PIPELINE,op1,,1,const,,55
p2666,,,op2,op1,80,squared,,10
p2666,,,op3,op2,5,linear3,,45
p2666,,,op4,op3,1,const,,55
p2666,,,op5,op4,5,linear3,,45
p2666,,,op6,op5,40,linear7,,20
p2666,,,op7,op6,40,linear7,,20
p2666,,,op8,op7,80,squared,,10
p2667,2336.523,QUERY,op1,,15,linear3,,35
p2668,2336.523,BATCH_PIPELINE,op1,,1,const,,55
p2668,,,op2,op1,15,linear3,,37.5
p2668,,,op3,op2,1,const,,55
p2668,,,op4,op3,20,linear7,,30
p2668,,,op5,op4,1,const,,55
p2668,,,op6,op5,2,sqrt,,55
p2669,2336.523,BATCH_PIPELINE,op1,,1,const,,55
p2669,,,op2,op1,80,squared,,10
p2669,,,op3,op2,80,squared,,10
p2669,,,op4,op3,2,sqrt,,55
p2669,,,op5,op4,80,squared,,10
p2669,,,op6,op5,80,squared,,10
p2669,,,op7,op6,5,linear3,,45
p2669,,,op8,op7,15,linear3,,37.5
p2670,2336.523,INTERACTIVE,op1,,1,const,,55
p2670,,,op2,op1,80,squared,,10
p2670,,,op3,op2,20,linear7,,30
p2670,,,op4,op3,5,linear3,,45
p2670,,,op5,op4,2,sqrt,,55
p2670,,,op6,op5,5,linear3,,45
p2671,2345.155,BATCH_PIPELINE,op1,,1,const,,55
p2671,,,op2,op1,15,linear3,,37.5
p2671,,,op3,op2,15,linear3,,37.5
p2671,,,op4,op3,40,linear7,,20
p2671,,,op5,op4,20,linear7,,30
p2671,,,op6,op5,1,const,,55
p2672,2345.155,BATCH_PIPELINE,op1,,1,const,,55
p2672,,,op2,op1,40,linear7,,20
p2672,,,op3,op2,15,linear3,,37.5
p2672,,,op4,op3,80,squared,,10
p2672,,,op5,op4,2,sqrt,,55
p2672,,,op6,op5,5,linear3,,45
p2672,,,op7,op6,5,linear3,,45
p2673,2345.155,BATCH_PIPELINE,op1,,1,const,,55
p2673,,,op2,op1,5,linear3,,45
p2673,,,op3,op2,40,linear7,,20
p2673,,,op4,op3,5,linear3,,45
p2673,,,op5,op4,40,linear7,,20
p2673,,,op6,op5,80,squared,,10
p2673,,,op7,op6,15,linear3,,37.5
p2673,,,op8,op7,40,linear7,,20
p2673,,,op9,op8,80,squared,,10
p2673,,,op10,op9,20,linear7,,30
p2674,2345.155,BATCH_PIPELINE,op1,,1,const,,55
p2674,,,op2,,15,linear3,,37.5
p2674,,,op3,,5,linear3,,45
p2674,,,op4,,80,squared,,10
p2674,,,op5,,5,linear3,,45
p2674,,,op6,,40,linear7,,20
p2674,,,op7,,15,linear3,,37.5
p2674,,,op8,,80,squared,,10
p2674,,,op9,op1;op2;op3;op4;op5;op6;op7;op8,2,sqrt,,55
p2675,2345.155,BATCH_PIPELINE,op1,,1,const,,55
p2675,,,op2,op1,15,linear3,,37.5
p2675,,,op3,op1,80,squared,,10
p2675,,,op4,op1,1,const,,55
p2675,,,op5,op1,20,linear7,,30
p2675,,,op6,op1,40,linear7,,20
p2675,,,op7,op1,15,linear3,,37.5
p2675,,,op8,op1,2,sqrt,,55
p2675,,,op9,op1,5,linear3,,45
p2676,2345.155,BATCH_PIPELINE,op1,,1,const,,55
p2676,,,op2,op1,5,linear3,,45
p2676,,,op3,op2,20,linear7,,30
p2676,,,op4,op3,80,squared,,10
p2676,,,op5,op4,15,linear3,,37.5
p2676,,,op6,op5,40,linear7,,20
p2676,,,op7,op6,80,squared,,10
p2676,,,op8,op7,5,linear3,,45
p2677,2345.155,BATCH_PIPELINE,op1,,1,const,,55
p2677,,,op2,op1,15,linear3,,37.5
p2677,,,op3,op2,2,sqrt,,55
p2677,,,op4,op3,20,linear7,,30
p2677,,,op5,op4,1,const,,55
p2677,,,op6,op5,15,linear3,,37.5
p2677,,,op7,op6,1,const,,55
p2678,2345.155,INTERACTIVE,op1,,1,const,,55
p2678,,,op2,op1,40,linear7,,20
p2678,,,op3,op2,5,linear3,,45
p2678,,,op4,op3,15,linear3,,37.5
p2678,,,op5,op4,15,linear3,,37.5
p2678,,,op6,op5,20,linear7,,30
p2678,,,op7,op6,40,linear7,,20
p2679,2345.155,BATCH_PIPELINE,op1,,1,const,,55
p2679,,,op2,op1,2,sqrt,,55
p2679,,,op3,op2,2,sqrt,,55
p2679,,,op4,op3,5,linear3,,45
p2679,,,op5,op4,40,linear7,,20
p2679,,,op6,op5,1,const,,55
p2679,,,op7,op6,20,linear7,,30
p2680,2345.155,QUERY,op1,,15,linear3,,35
p2681,2353.18,BATCH_PIPELINE,op1,,1,const,,55
p2681,,,op2,op1,5,linear3,,45
p2681,,,op3,op1,15,linear3,,37.5
p2681,,,op4,op1,80,squared,,10
p2681,,,op5,op1,15,linear3,,37.5
p2681,,,op6,op1,40,linear7,,20
p2682,2353.18,BATCH_PIPELINE,op1,,1,const,,55
p2682,,,op2,op1,40,linear7,,20
p2682,,,op3,op2,20,linear7,,30
p2682,,,op4,op3,20,linear7,,30
p2682,,,op5,op4,40,linear7,,20
p2682,,,op6,op5,20,linear7,,30
p2682,,,op7,op6,1,const,,55
p2683,2353.18,BATCH_PIPELINE,op1,,1,const,,55
p2683,,,op2,op1,15,linear3,,37.5
p2683,,,op3,op2,15,linear3,,37.5
p2683,,,op4,op3,1,const,,55
p2683,,,op5,op4,1,const,,55
p2683,,,op6,op5,2,sqrt,,55
p2684,2353.18,BATCH_PIPELINE,op1,,1,const,,55
p2684,,,op2,op1,20,linear7,,30
p2684,,,op3,op2,2,sqrt,,55
p2684,,,op4,op3,5,linear3,,45
p2684,,,op5,op4,15,linear3,,37.5
p2685,2353.18,BATCH_PIPELINE,op1,,1,const,,55
p2685,,,op2,op1,15,linear3,,37.5
p2685,,,op3,op2,1,const,,55
p2685,,,op4,op3,15,linear3,,37.5
p2685,,,op5,op4,2,sqrt,,55
p2686,2353.18,BATCH_PIPELINE,op1,,1,const,,55
p2686,,,op2,op1,40,linear7,,20
p2686,,,op3,op2,20,linear7,,30
p2686,,,op4,op3,40,linear7,,20
p2686,,,op5,op4,20,linear7,,30
p2686,,,op6,op5,40,linear7,,20
p2686,,,op7,op6,15,linear3,,37.5
p2686,,,op8,op7,1,const,,55
p2686,,,op9,op8,2,sqrt,,55
p2687,2353.18,BATCH_PIPELINE,op1,,1,const,,55
p2687,,,op2,op1,2,sqrt,,55
p2687,,,op3,op2,80,squared,,10
p2687,,,op4,op3,5,linear3,,45
p2687,,,op5,op4,15,linear3,,37.5
p2687,,,op6,op5,2,sqrt,,55
p2687,,,op7,op6,2,sqrt,,55
p2688,2353.18,BATCH_PIPELINE,op1,,1,const,,55
p2688,,,op2,op1,80,squared,,10
p2688,,,op3,op2,5,linear3,,45
p2688,,,op4,op3,15,linear3,,37.5
p2688,,,op5,op4,20,linear7,,30
p2688,,,op6,op5,5,linear3,,45
p2688,,,op7,op6,20,linear7,,30
p2688,,,op8,op7,1,const,,55
p2689,2353.18,BATCH_PIPELINE,op1,,1,const,,55
p2689,,,op2,op1,2,sqrt,,55
p2689,,,op3,op2,15,linear3,,37.5
p2689,,,op4,op3,15,linear3,,37.5
p2689,,,op5,op4,2,sqrt,,55
p2689,,,op6,op5,5,linear3,,45
p2689,,,op7,op6,15,linear3,,37.5
p2689,,,op8,op7,2,sqrt,,55
p2690,2353.18,BATCH_PIPELINE,op1,,1,const,,55
p2690,,,op2,op1,20,linear7,,30
p2690,,,op3,op2,15,linear3,,37.5
p2690,,,op4,op3,5,linear3,,45
p2690,,,op5,op4,2,sqrt,,55
p2690,,,op6,op5,2,sqrt,,55
p2691,2361.884,BATCH_PIPELINE,op1,,1,const,,55
p2691,,,op2,op1,20,linear7,,30
p2691,,,op3,op1,2,sqrt,,55
p2691,,,op4,op1,15,linear3,,37.5
p2691,,,op5,op1,5,linear3,,45
p2691,,,op6,op1,80,squared,,10
p2691,,,op7,op1,1,const,,55
p2691,,,op8,op1,15,linear3,,37.5
p2691,,,op9,op1,2,sqrt,,55
p2692,2361.884,BATCH_PIPELINE,op1,,1,const,,55
p2692,,,op2,op1,20,linear7,,30
p2692,,,op3,op2,2,sqrt,,55
p2692,,,op4,op3,80,squared,,10
p2692,,,op5,op4,20,linear7,,30
p2692,,,op6,op5,5,linear3,,45
p2692,,,op7,op6,15,linear3,,37.5
p2692,,,op8,op7,20,linear7,,30
p2693,2361.884,QUERY,op1,,15,linear3,,35
p2694,2361.884,BATCH_PIPELINE,op1,,1,const,,55
p2694,,,op2,op1,2,sqrt,,55
p2694,,,op3,op2,80,squared,,10
p2694,,,op4,op3,80,squared,,10
p2694,,,op5,op4,20,linear7,,30
p2694,,,op6,op5,15,linear3,,37.5
p2694,,,op7,op6,15,linear3,,37.5
p2694,,,op8,op7,5,linear3,,45
p2694,,,op9,op8,5,linear3,,45
p2695,2361.884,BATCH_PIPELINE,op1,,1,const,,55
p2695,,,op2,op1,1,const,,55
p2695,,,op3,op1,20,linear7,,30
p2695,,,op4,op1,15,linear3,,37.5
p2695,,,op5,op1,5,linear3,,45
p2695,,,op6,op1,20,linear7,,30
p2695,,,op7,op1,1,const,,55
p2695,,,op8,op1,15,linear3,,37.5
p2695,,,op9,op1,15,linear3,,37.5
p2695,,,op10,op1,15,linear3,,37.5
p2695,,,op11,op1,1,const,,55
p2696,2361.884,BATCH_PIPELINE,op1,,1,const,,55
p2696,,,op2,op1,5,linear3,,45
p2696,,,op3,op2,80,squared,,10
p2696,,,op4,op3,2,sqrt,,55
p2696,,,op5,op4,20,linear7,,30
p2696,,,op6,op5,15,linear3,,37.5
p2696,,,op7,op6,80,squared,,10
p2696,,,op8,op7,15,linear3,,37.5
p2696,,,op9,op8,20,linear7,,30
p2696,,,op10,op9,20,linear7,,30
p2697,2361.884,BATCH_PIPELINE,op1,,1,const,,55
p2697,,,op2,op1,40,linear7,,20
p2697,,,op3,op2,15,linear3,,37.5
p2697,,,op4,op3,5,linear3,,45
p2697,,,op5,op4,40,linear7,,20
p2697,,,op6,op5,1,const,,55
p2698,2361.884,BATCH_PIPELINE,op1,,1,const,,55
p2698,,,op2,op1,15,linear3,,37.5
p2698,,,op3,op1,40,linear7,,20
p2699,2361.884,QUERY,op1,,15,linear3,,35
p2700,2361.884,BATCH_PIPELINE,op1,,1,const,,55
p2700,,,op2,op1,15,linear3,,37.5
p2700,,,op3,op2,15,linear3,,37.5
p2700,,,op4,op3,80,squared,,10
p2700,,,op5,op4,1,const,,55
p2700,,,op6,op5,15,linear3,,37.5
p2700,,,op7,op6,15,linear3,,37.5
p2701,2370.993,BATCH_PIPELINE,op1,,1,const,,55
p2701,,,op2,,15,linear3,,37.5
p2701,,,op3,,80,squared,,10
p2701,,,op4,,20,linear7,,30
p2701,,,op5,,5,linear3,,45
p2701,,,op6,op1;op2;op3;op4;op5,20,linear7,,30
p2702,2370.993,BATCH_PIPELINE,op1,,1,const,,55
p2702,,,op2,op1,1,const,,55
p2702,,,op3,op2,15,linear3,,37.5
p2702,,,op4,op3,20,linear7,,30
p2702,,,op5,op4,15,linear3,,37.5
p2702,,,op6,op5,20,linear7,,30
p2702,,,op7,op6,20,linear7,,30
p2702,,,op8,op7,1,const,,55
p2702,,,op9,op8,15,linear3,,37.5
p2702,,,op10,op9,40,linear7,,20
p2703,2370.993,BATCH_PIPELINE,op1,,1,const,,55
p2703,,,op2,op1,20,linear7,,30
p2703,,,op3,op2,80,squared,,10
p2703,,,op4,op3,1,const,,55
p2703,,,op5,op4,15,linear3,,37.5
p2704,2370.993,BATCH_PIPELINE,op1,,1,const,,55
p2704,,,op2,,5,linear3,,45
p2704,,,op3,,20,linear7,,30
p2704,,,op4,,40,linear7,,20
p2704,,,op5,,5,linear3,,45
p2704,,,op6,,1,const,,55
p2704,,,op7,,80,squared,,10
p2704,,,op8,,20,linear7,,30
p2704,,,op9,op1;op2;op3;op4;op5;op6;op7;op8,20,linear7,,30
p2705,2370.993,BATCH_PIPELINE,op1,,1,const,,55
p2705,,,op2,op1,5,linear3,,45
p2705,,,op3,op1,15,linear3,,37.5
p2705,,,op4,op1,2,sqrt,,55
p2705,,,op5,op1,2,sqrt,,55
p2705,,,op6,op1,2,sqrt,,55
p2705,,,op7,op1,15,linear3,,37.5
p2705,,,op8,op1,5,linear3,,45
p2705,,,op9,op1,15,linear3,,37.5
p2706,2370.993,BATCH_PIPELINE,op1,,1,const,,55
p2706,,,op2,op1,15,linear3,,37.5
p2706,,,op3,op2,1,const,,55
p2706,,,op4,op3,15,linear3,,37.5
p2706,,,op5,op4,5,linear3,,45
p2706,,,op6,op5,15,linear3,,37.5
p2706,,,op7,op6,1,const,,55
p2707,2370.993,BATCH_PIPELINE,op1,,1,const,,55
p2707,,,op2,op1,1,const,,55
p2707,,,op3,op2,1,const,,55
p2707,,,op4,op3,5,linear3,,45
p2707,,,op5,op4,40,linear7,,20
p2707,,,op6,op5,20,linear7,,30
p2707,,,op7,op6,15,linear3,,37.5
p2708,2370.993,BATCH_PIPELINE,op1,,1,const,,55
p2708,,,op2,op1,20,linear7,,30
p2708,,,op3,op1,15,linear3,,37.5
p2708,,,op4,op1,80,squared,,10
p2708,,,op5,op1,2,sqrt,,55
p2709,2370.993,BATCH_PIPELINE,op1,,1,const,,55
p2709,,,op2,op1,80,squared,,10
p2709,,,op3,op2,2,sqrt,,55
p2709,,,op4,op3,20,linear7,,30
p2710,2370.993,BATCH_PIPELINE,op1,,1,const,,55
p2710,,,op2,op1,80,squared,,10
p2710,,,op3,op2,15,linear3,,37.5
p2710,,,op4,op3,20,linear7,,30
p2710,,,op5,op4,1,const,,55
p2710,,,op6,op5,20,linear7,,30
p2711,2381.157,BATCH_PIPELINE,op1,,1,const,,55
p2711,,,op2,op1,5,linear3,,45
p2711,,,op3,op2,40,linear7,,20
p2711,,,op4,op3,15,linear3,,37.5
p2711,,,op5,op4,15,linear3,,37.5
p2711,,,op6,op5,5,linear3,,45
p2712,2381.157,BATCH_PIPELINE,op1,,1,const,,55
p2712,,,op2,,5,linear3,,45
p2712,,,op3,,40,linear7,,20
p2712,,,op4,,20,linear7,,30
p2712,,,op5,,15,linear3,,37.5
p2712,,,op6,,15,linear3,,37.5
p2712,,,op7,,20,linear7,,30
p2712,,,op8,,1,const,,55
p2712,,,op9,op1;op2;op3;op4;op5;op6;op7;op8,15,linear3,,37.5
p2713,2381.157,BATCH_PIPELINE,op1,,1,const,,55
p2713,,,op2,op1,15,linear3,,37.5
p2713,,,op3,op2,5,linear3,,45
p2713,,,op4,op3,20,linear7,,30
p2713,,,op5,op4,5,linear3,,45
p2713,,,op6,op5,40,linear7,,20
p2713,,,op7,op6,2,sqrt,,55
p2713,,,op8,op7,5,linear3,,45
p2713,,,op9,op8,2,sqrt,,55
p2713,,,op10,op9,80,squared,,10
p2713,,,op11,op10,5,linear3,,45
p2714,2381.157,BATCH_PIPELINE,op1,,1,const,,55
p2714,,,op2,op1,20,linear7,,30
p2714,,,op3,op2,20,linear7,,30
p2715,2381.157,BATCH_PIPELINE,op1,,1,const,,55
p2715,,,op2,op1,80,squared,,10
p2715,,,op3,op2,40,linear7,,20
p2715,,,op4,op3,80,squared,,10
p2715,,,op5,op4,80,squared,,10
p2715,,,op6,op5,80,squared,,10
p2716,2381.157,QUERY,op1,,15,linear3,,35
p2717,2381.157,BATCH_PIPELINE,op1,,1,const,,55
p2717,,,op2,op1,2,sqrt,,55
p2717,,,op3,op2,2,sqrt,,55
p2717,,,op4,op3,5,linear3,,45
p2717,,,op5,op4,1,const,,55
p2717,,,op6,op5,1,const,,55
p2717,,,op7,op6,2,sqrt,,55
p2717,,,op8,op7,1,const,,55
p2717,,,op9,op8,40,linear7,,20
p2717,,,op10,op9,15,linear3,,37.5
p2717,,,op11,op10,20,linear7,,30
p2718,2381.157,BATCH_PIPELINE,op1,,1,const,,55
p2718,,,op2,,20,linear7,,30
p2718,,,op3,,5,linear3,,45
p2718,,,op4,,1,const,,55
p2718,,,op5,,20,linear7,,30
p2718,,,op6,,1,const,,55
p2718,,,op7,op1;op2;op3;op4;op5;op6,15,linear3,,37.5
p2719,2381.157,BATCH_PIPELINE,op1,,1,const,,55
p2719,,,op2,op1,15,linear3,,37.5
p2719,,,op3,op2,15,linear3,,37.5
p2719,,,op4,op3,15,linear3,,37.5
p2719,,,op5,op4,2,sqrt,,55
p2720,2381.157,BATCH_PIPELINE,op1,,1,const,,55
p2720,,,op2,op1,20,linear7,,30
p2720,,,op3,op2,40,linear7,,20
p2720,,,op4,op3,20,linear7,,30
p2720,,,op5,op4,5,linear3,,45
p2720,,,op6,op5,1,const,,55
p2721,2393.491,BATCH_PIPELINE,op1,,1,const,,55
p2721,,,op2,op1,15,linear3,,37.5
p2721,,,op3,op1,15,linear3,,37.5
p2721,,,op4,op1,15,linear3,,37.5
p2721,,,op5,op1,15,linear3,,37.5
p2721,,,op6,op1,80,squared,,10
p2721,,,op7,op1,2,sqrt,,55
p2721,,,op8,op1,2,sqrt,,55
p2721,,,op9,op1,5,linear3,,45
p2722,2393.491,BATCH_PIPELINE,op1,,1,const,,55
p2722,,,op2,op1,40,linear7,,20
p2722,,,op3,op1,20,linear7,,30
p2722,,,op4,op1,40,linear7,,20
p2722,,,op5,op1,80,squared,,10
p2722,,,op6,op1,15,linear3,,37.5
p2723,2393.491,BATCH_PIPELINE,op1,,1,const,,55
p2723,,,op2,,80,squared,,10
p2723,,,op3,,5,linear3,,45
p2723,,,op4,,20,linear7,,30
p2723,,,op5,,1,const,,55
p2723,,,op6,,15,linear3,,37.5
p2723,,,op7,,5,linear3,,45
p2723,,,op8,op1;op2;op3;op4;op5;op6;op7,20,linear7,,30
p2724,2393.491,QUERY,op1,,15,linear3,,35
p2725,2393.491,INTERACTIVE,op1,,1,const,,55
p2725,,,op2,op1,2,sqrt,,55
p2725,,,op3,op2,2,sqrt,,55
p2725,,,op4,op3,20,linear7,,30
p2725,,,op5,op4,15,linear3,,37.5
p2725,,,op6,op5,20,linear7,,30
p2725,,,op7,op6,5,linear3,,45
p2725,,,op8,op7,80,squared,,10
p2725,,,op9,op8,1,const,,55
p2725,,,op10,op9,5,linear3,,45
p2726,2393.491,BATCH_PIPELINE,op1,,1,const,,55
p2726,,,op2,op1,5,linear3,,45
p2726,,,op3,op2,15,linear3,,37.5
p2726,,,op4,op3,20,linear7,,30
p2726,,,op5,op4,5,linear3,,45
p2726,,,op6,op5,15,linear3,,37.5
p2726,,,op7,op6,15,linear3,,37.5
p2727,2393.491,INTERACTIVE,op1,,1,const,,55
p2727,,,op2,op1,80,squared,,10
p2727,,,op3,op1,80,squared,,10
p2727,,,op4,op1,80,squared,,10
p2727,,,op5,op1,20,linear7,,30
p2727,,,op6,op1,5,linear3,,45
p2727,,,op7,op1,15,linear3,,37.5
p2728,2393.491,INTERACTIVE,op1,,1,const,,55
p2728,,,op2,op1,20,linear7,,30
p2728,,,op3,op1,2,sqrt,,55
p2728,,,op4,op1,40,linear7,,20
p2728,,,op5,op1,1,const,,55
p2728,,,op6,op1,15,linear3,,37.5
p2728,,,op7,op1,40,linear7,,20
p2729,2393.491,BATCH_PIPELINE,op1,,1,const,,55
p2729,,,op2,op1,5,linear3,,45
p2729,,,op3,op2,1,const,,55
p2729,,,op4,op3,20,linear7,,30
p2729,,,op5,op4,1,const,,55
p2729,,,op6,op5,2,sqrt,,55
p2729,,,op7,op6,20,linear7,,30
p2730,2393.491,BATCH_PIPELINE,op1,,1,const,,55
p2730,,,op2,op1,20,linear7,,30
p2730,,,op3,op2,1,const,,55
p2730,,,op4,op3,40,linear7,,20
p2730,,,op5,op4,5,linear3,,45
p2730,,,op6,op5,80,squared,,10
p2730,,,op7,op6,2,sqrt,,55
p2730,,,op8,op7,80,squared,,10
p2730,,,op9,op8,2,sqrt,,55
p2731,2398.455,BATCH_PIPELINE,op1,,1,const,,55
p2731,,,op2,,40,linear7,,20
p2731,,,op3,,20,linear7,,30
p2731,,,op4,,2,sqrt,,55
p2731,,,op5,,20,linear7,,30
p2731,,,op6,,15,linear3,,37.5
p2731,,,op7,,2,sqrt,,55
p2731,,,op8,,15,linear3,,37.5
p2731,,,op9,,15,linear3,,37.5
p2731,,,op10,op1;op2;op3;op4;op5;op6;op7;op8;op9,80,squared,,10
p2732,2398.455,BATCH_PIPELINE,op1,,1,const,,55
p2732,,,op2,op1,80,squared,,10
p2732,,,op3,op2,2,sqrt,,55
p2732,,,op4,op3,40,linear7,,20
p2732,,,op5,op4,2,sqrt,,55
p2732,,,op6,op5,20,linear7,,30
p2733,2398.455,BATCH_PIPELINE,op1,,1,const,,55
p2733,,,op2,op1,15,linear3,,37.5
p2733,,,op3,op1,5,linear3,,45
p2733,,,op4,op1,80,squared,,10
p2733,,,op5,op1,2,sqrt,,55
p2733,,,op6,op1,1,const,,55
p2733,,,op7,op1,1,const,,55
p2733,,,op8,op1,1,const,,55
p2733,,,op9,op1,20,linear7,,30
p2733,,,op10,op1,80,squared,,10
p2734,2398.455,BATCH_PIPELINE,op1,,1,const,,55
p2734,,,op2,op1,80,squared,,10
p2734,,,op3,op2,2,sqrt,,55
p2734,,,op4,op3,20,linear7,,30
p2734,,,op5,op4,5,linear3,,45
p2734,,,op6,op5,80,squared,,10
p2735,2398.455,BATCH_PIPELINE,op1,,1,const,,55
p2735,,,op2,op1,5,linear3,,45
p2735,,,op3,op2,40,linear7,,20
p2735,,,op4,op3,1,const,,55
p2735,,,op5,op4,1,const,,55
p2735,,,op6,op5,5,linear3,,45
p2735,,,op7,op6,20,linear7,,30
p2735,,,op8,op7,5,linear3,,45
p2736,2398.455,BATCH_PIPELINE,op1,,1,const,,55
p2736,,,op2,op1,20,linear7,,30
p2736,,,op3,op2,15,linear3,,37.5
p2736,,,op4,op3,15,linear3,,37.5
p2736,,,op5,op4,1,const,,55
p2737,2398.455,BATCH_PIPELINE,op1,,1,const,,55
p2737,,,op2,op1,20,linear7,,30
p2737,,,op3,op2,5,linear3,,45
p2737,,,op4,op3,20,linear7,,30
p2737,,,op5,op4,80,squared,,10
p2737,,,op6,op5,15,linear3,,37.5
p2737,,,op7,op6,15,linear3,,37.5
p2738,2398.455,INTERACTIVE,op1,,1,const,,55
p2738,,,op2,op1,80,squared,,10
p2738,,,op3,op2,40,linear7,,20
p2738,,,op4,op3,40,linear7,,20
p2738,,,op5,op4,5,linear3,,45
p2738,,,op6,op5,2,sqrt,,55
p2738,,,op7,op6,20,linear7,,30
p2739,2398.455,BATCH_PIPELINE,op1,,1,const,,55
p2739,,,op2,op1,80,squared,,10
p2739,,,op3,op1,20,linear7,,30
p2739,,,op4,op1,40,linear7,,20
p2739,,,op5,op1,1,const,,55
p2739,,,op6,op1,5,linear3,,45
p2739,,,op7,op1,20,linear7,,30
p2739,,,op8,op1,1,const,,55
p2739,,,op9,op1,1,const,,55
p2739,,,op10,op1,15,linear3,,37.5
p2739,,,op11,op1,15,linear3,,37.5
p2740,2398.455,BATCH_PIPELINE,op1,,1,const,,55
p2740,,,op2,op1,20,linear7,,30
p2740,,,op3,op2,40,linear7,,20
p2740,,,op4,op3,2,sqrt,,55
p2740,,,op5,op4,40,linear7,,20
p2740,,,op6,op5,5,linear3,,45
p2740,,,op7,op6,15,linear3,,37.5
p2741,2408.965,BATCH_PIPELINE,op1,,1,const,,55
p2741,,,op2,op1,1,const,,55
p2741,,,op3,op2,5,linear3,,45
p2741,,,op4,op3,40,linear7,,20
p2741,,,op5,op4,20,linear7,,30
p2741,,,op6,op5,15,linear3,,37.5
p2741,,,op7,op6,15,linear3,,37.5
p2741,,,op8,op7,15,linear3,,37.5
p2742,2408.965,BATCH_PIPELINE,op1,,1,const,,55
p2742,,,op2,op1,5,linear3,,45
p2742,,,op3,op2,20,linear7,,30
p2742,,,op4,op3,1,const,,55
p2742,,,op5,op4,15,linear3,,37.5
p2742,,,op6,op5,5,linear3,,45
p2742,,,op7,op6,40,linear7,,20
p2742,,,op8,op7,5,linear3,,45
p2742,,,op9,op8,20,linear7,,30
p2743,2408.965,INTERACTIVE,op1,,1,const,,55
p2743,,,op2,op1,15,linear3,,37.5
p2743,,,op3,op2,15,linear3,,37.5
p2744,2408.965,INTERACTIVE,op1,,1,const,,55
p2744,,,op2,op1,2,sqrt,,55
p2744,,,op3,op2,1,const,,55
p2744,,,op4,op3,15,linear3,,37.5
p2744,,,op5,op4,5,linear3,,45
p2744,,,op6,op5,40,linear7,,20
p2745,2408.965,BATCH_PIPELINE,op1,,1,const,,55
p2745,,,op2,op1,5,linear3,,45
p2745,,,op3,op1,15,linear3,,37.5
p2745,,,op4,op1,20,linear7,,30
p2745,,,op5,op1,20,linear7,,30
p2745,,,op6,op1,5,linear3,,45
p2745,,,op7,op1,2,sqrt,,55
p2745,,,op8,op1,20,linear7,,30
p2746,2408.965,BATCH_PIPELINE,op1,,1,const,,55
p2746,,,op2,op1,15,linear3,,37.5
p2746,,,op3,op2,5,linear3,,45
p2746,,,op4,op3,80,squared,,10
p2746,,,op5,op4,15,linear3,,37.5
p2746,,,op6,op5,5,linear3,,45
p2746,,,op7,op6,5,linear3,,45
p2746,,,op8,op7,5,linear3,,45
p2746,,,op9,op8,80,squared,,10
p2747,2408.965,BATCH_PIPELINE,op1,,1,const,,55
p2747,,,op2,op1,80,squared,,10
p2747,,,op3,op2,20,linear7,,30
p2747,,,op4,op3,15,linear3,,37.5
p2747,,,op5,op4,40,linear7,,20
p2747,,,op6,op5,15,linear3,,37.5
p2747,,,op7,op6,20,linear7,,30
p2747,,,op8,op7,80,squared,,10
p2747,,,op9,op8,15,linear3,,37.5
p2747,,,op10,op9,5,linear3,,45
p2748,2408.965,BATCH_PIPELINE,op1,,1,const,,55
p2748,,,op2,op1,5,linear3,,45
p2748,,,op3,op2,2,sqrt,,55
p2748,,,op4,op3,20,linear7,,30
p2748,,,op5,op4,2,sqrt,,55
p2748,,,op6,op5,1,const,,55
p2748,,,op7,op6,1,const,,55
p2748,,,op8,op7,5,linear3,,45
p2749,2408.965,BATCH_PIPELINE,op1,,1,const,,55
p2749,,,op2,op1,15,linear3,,37.5
p2749,,,op3,op2,20,linear7,,30
p2749,,,op4,op3,20,linear7,,30
p2749,,,op5,op4,1,const,,55
p2749,,,op6,op5,1,const,,55
p2749,,,op7,op6,20,linear7,,30
p2749,,,op8,op7,15,linear3,,37.5
p2750,2408.965,BATCH_PIPELINE,op1,,1,const,,55
p2750,,,op2,op1,5,linear3,,45
p2750,,,op3,op2,15,linear3,,37.5
p2750,,,op4,op3,15,linear3,,37.5
p2751,2419.021,QUERY,op1,,15,linear3,,35
p2752,2419.021,BATCH_PIPELINE,op1,,1,const,,55
p2752,,,op2,op1,15,linear3,,37.5
p2752,,,op3,op2,20,linear7,,30
p2752,,,op4,op3,20,linear7,,30
p2752,,,op5,op4,5,linear3,,45
p2752,,,op6,op5,15,linear3,,37.5
p2752,,,op7,op6,1,const,,55
p2752,,,op8,op7,15,linear3,,37.5
p2752,,,op9,op8,1,const,,55
p2752,,,op10,op9,20,linear7,,30
p2752,,,op11,op10,1,const,,55
p2753,2419.021,BATCH_PIPELINE,op1,,1,const,,55
p2753,,,op2,op1,2,sqrt,,55
p2753,,,op3,op2,5,linear3,,45
p2753,,,op4,op3,40,linear7,,20
p2753,,,op5,op4,5,linear3,,45
p2753,,,op6,op5,15,linear3,,37.5
p2753,,,op7,op6,5,linear3,,45
p2753,,,op8,op7,40,linear7,,20
p2754,2419.021,BATCH_PIPELINE,op1,,1,const,,55
p2754,,,op2,,5,linear3,,45
p2754,,,op3,,40,linear7,,20
p2754,,,op4,,15,linear3,,37.5
p2754,,,op5,,1,const,,55
p2754,,,op6,op1;op2;op3;op4;op5,20,linear7,,30
p2755,2419.021,BATCH_PIPELINE,op1,,1,const,,55
p2755,,,op2,op1,5,linear3,,45
p2755,,,op3,op2,15,linear3,,37.5
p2755,,,op4,op3,15,linear3,,37.5
p2755,,,op5,op4,15,linear3,,37.5
p2755,,,op6,op5,5,linear3,,45
p2755,,,op7,op6,2,sqrt,,55
p2755,,,op8,op7,40,linear7,,20
p2755,,,op9,op8,1,const,,55
p2755,,,op10,op9,2,sqrt,,55
p2756,2419.021,INTERACTIVE,op1,,1,const,,55
p2756,,,op2,op1,40,linear7,,20
p2756,,,op3,op1,5,linear3,,45
p2756,,,op4,op1,2,sqrt,,55
p2756,,,op5,op1,5,linear3,,45
p2756,,,op6,op1,15,linear3,,37.5
p2756,,,op7,op1,20,linear7,,30
p2756,,,op8,op1,1,const,,55
p2756,,,op9,op1,20,linear7,,30
p2757,2419.021,BATCH_PIPELINE,op1,,1,const,,55
p2757,,,op2,op1,1,const,,55
p2757,,,op3,op1,15,linear3,,37.5
p2757,,,op4,op1,15,linear3,,37.5
p2757,,,op5,op1,2,sqrt,,55
p2757,,,op6,op1,5,linear3,,45
p2758,2419.021,BATCH_PIPELINE,op1,,1,const,,55
p2758,,,op2,op1,80,squared,,10
p2758,,,op3,op2,2,sqrt,,55
p2758,,,op4,op3,1,const,,55
p2758,,,op5,op4,15,linear3,,37.5
p2758,,,op6,op5,20,linear7,,30
p2758,,,op7,op6,1,const,,55
p2758,,,op8,op7,2,sqrt,,55
p2758,,,op9,op8,2,sqrt,,55
p2758,,,op10,op9,15,linear3,,37.5
p2758,,,op11,op10,15,linear3,,37.5
p2759,2419.021,BATCH_PIPELINE,op1,,1,const,,55
p2759,,,op2,op1,5,linear3,,45
p2759,,,op3,op2,1,const,,55
p2759,,,op4,op3,5,linear3,,45
p2759,,,op5,op4,2,sqrt,,55
p2759,,,op6,op5,20,linear7,,30
p2759,,,op7,op6,15,linear3,,37.5
p2759,,,op8,op7,5,linear3,,45
p2760,2419.021,BATCH_PIPELINE,op1,,1,const,,55
p2760,,,op2,op1,5,linear3,,45
p2760,,,op3,op2,1,const,,55
p2760,,,op4,op3,15,linear3,,37.5
p2760,,,op5,op4,15,linear3,,37.5
p2760,,,op6,op5,1,const,,55
p2760,,,op7,op6,1,const,,55
p2760,,,op8,op7,5,linear3,,45
p2761,2425.551,BATCH_PIPELINE,op1,,1,const,,55
p2761,,,op2,,20,linear7,,30
p2761,,,op3,,5,linear3,,45
p2761,,,op4,,15,linear3,,37.5
p2761,,,op5,,2,sqrt,,55
p2761,,,op6,,15,linear3,,37.5
p2761,,,op7,,15,linear3,,37.5
p2761,,,op8,op1;op2;op3;op4;op5;op6;op7,1,const,,55
p2762,2425.551,BATCH_PIPELINE,op1,,1,const,,55
p2762,,,op2,op1,15,linear3,,37.5
p2762,,,op3,op2,2,sqrt,,55
p2762,,,op4,op3,20,linear7,,30
p2762,,,op5,op4,20,linear7,,30
p2762,,,op6,op5,2,sqrt,,55
p2762,,,op7,op6,1,const,,55
p2763,2425.551,BATCH_PIPELINE,op1,,1,const,,55
p2763,,,op2,op1,40,linear7,,20
p2763,,,op3,op2,80,squared,,10
p2763,,,op4,op3,2,sqrt,,55
p2763,,,op5,op4,20,linear7,,30
p2764,2425.551,BATCH_PIPELINE,op1,,1,const,,55
p2764,,,op2,op1,5,linear3,,45
p2764,,,op3,op1,40,linear7,,20
p2765,2425.551,BATCH_PIPELINE,op1,,1,const,,55
p2765,,,op2,op1,1,const,,55
p2765,,,op3,op2,5,linear3,,45
p2765,,,op4,op3,80,squared,,10
p2765,,,op5,op4,5,linear3,,45
p2765,,,op6,op5,40,linear7,,20
p2765,,,op7,op6,20,linear7,,30
p2765,,,op8,op7,5,linear3,,45
p2765,,,op9,op8,1,const,,55
p2766,2425.551,BATCH_PIPELINE,op1,,1,const,,55
p2766,,,op2,op1,1,const,,55
p2766,,,op3,op2,20,linear7,,30
p2766,,,op4,op3,1,const,,55
p2766,,,op5,op4,2,sqrt,,55
p2766,,,op6,op5,15,linear3,,37.5
p2766,,,op7,op6,80,squared,,10
p2766,,,op8,op7,20,linear7,,30
p2766,,,op9,op8,5,linear3,,45
p2766,,,op10,op9,15,linear3,,37.5
p2767,2425.551,BATCH_PIPELINE,op1,,1,const,,55
p2767,,,op2,op1,5,linear3,,45
p2767,,,op3,op1,5,linear3,,45
p2767,,,op4,op1,2,sqrt,,55
p2767,,,op5,op1,20,linear7,,30
p2767,,,op6,op1,40,linear7,,20
p2767,,,op7,op1,1,const,,55
p2768,2425.551,BATCH_PIPELINE,op1,,1,const,,55
p2768,,,op2,op1,1,const,,55
p2768,,,op3,op2,1,const,,55
p2768,,,op4,op3,40,linear7,,20
p2768,,,op5,op4,5,linear3,,45
p2769,2425.551,BATCH_PIPELINE,op1,,1,const,,55
p2769,,,op2,,5,linear3,,45
p2769,,,op3,,5,linear3,,45
p2769,,,op4,,5,linear3,,45
p2769,,,op5,,40,linear7,,20
p2769,,,op6,,15,linear3,,37.5
p2769,,,op7,,5,linear3,,45
p2769,,,op8,op1;op2;op3;op4;op5;op6;op7,15,linear3,,37.5
p2770,2425.551,BATCH_PIPELINE,op1,,1,const,,55
p2770,,,op2,,80,squared,,10
p2770,,,op3,,40,linear7,,20
p2770,,,op4,,40,linear7,,20
p2770,,,op5,,5,linear3,,45
p2770,,,op6,,5,linear3,,45
p2770,,,op7,,1,const,,55
p2770,,,op8,op1;op2;op3;op4;op5;op6;op7,40,linear7,,20
p2771,2434.725,INTERACTIVE,op1,,1,const,,55
p2771,,,op2,op1,5,linear3,,45
p2771,,,op3,op2,5,linear3,,45
p2771,,,op4,op3,15,linear3,,37.5
p2771,,,op5,op4,1,const,,55
p2771,,,op6,op5,20,linear7,,30
p2771,,,op7,op6,20,linear7,,30
p2771,,,op8,op7,15,linear3,,37.5
p2771,,,op9,op8,5,linear3,,45
p2771,,,op10,op9,80,squared,,10
p2772,2434.725,BATCH_PIPELINE,op1,,1,const,,55
p2772,,,op2,op1,2,sqrt,,55
p2772,,,op3,op2,2,sqrt,,55
p2772,,,op4,op3,40,linear7,,20
p2772,,,op5,op4,20,linear7,,30
p2772,,,op6,op5,20,linear7,,30
p2773,2434.725,BATCH_PIPELINE,op1,,1,const,,55
p2773,,,op2,op1,15,linear3,,37.5
p2773,,,op3,op2,20,linear7,,30
p2773,,,op4,op3,20,linear7,,30
p2773,,,op5,op4,2,sqrt,,55
p2773,,,op6,op5,20,linear7,,30
p2774,2434.725,BATCH_PIPELINE,op1,,1,const,,55
p2774,,,op2,op1,2,sqrt,,55
p2774,,,op3,op2,80,squared,,10
p2774,,,op4,op3,1,const,,55
p2774,,,op5,op4,2,sqrt,,55
p2774,,,op6,op5,20,linear7,,30
p2774,,,op7,op6,5,linear3,,45
p2775,2434.725,BATCH_PIPELINE,op1,,1,const,,55
p2775,,,op2,op1,5,linear3,,45
p2775,,,op3,op1,5,linear3,,45
p2775,,,op4,op1,20,linear7,,30
p2775,,,op5,op1,20,linear7,,30
p2775,,,op6,op1,15,linear3,,37.5
p2775,,,op7,op1,15,linear3,,37.5
p2775,,,op8,op1,15,linear3,,37.5
p2775,,,op9,op1,15,linear3,,37.5
p2775,,,op10,op1,2,sqrt,,55
p2776,2434.725,BATCH_PIPELINE,op1,,1,const,,55
p2776,,,op2,op1,2,sqrt,,55
p2776,,,op3,op2,5,linear3,,45
p2776,,,op4,op3,5,linear3,,45
p2776,,,op5,op4,40,linear7,,20
p2776,,,op6,op5,80,squared,,10
p2776,,,op7,op6,1,const,,55
p2776,,,op8,op7,15,linear3,,37.5
p2777,2434.725,BATCH_PIPELINE,op1,,1,const,,55
p2777,,,op2,op1,15,linear3,,37.5
p2777,,,op3,op2,5,linear3,,45
p2777,,,op4,op3,15,linear3,,37.5
p2777,,,op5,op4,20,linear7,,30
p2777,,,op6,op5,20,linear7,,30
p2777,,,op7,op6,15,linear3,,37.5
p2778,2434.725,QUERY,op1,,15,linear3,,35
p2779,2434.725,BATCH_PIPELINE,op1,,1,const,,55
p2779,,,op2,op1,5,linear3,,45
p2779,,,op3,op2,15,linear3,,37.5
p2779,,,op4,op3,15,linear3,,37.5
p2779,,,op5,op4,1,const,,55
p2779,,,op6,op5,2,sqrt,,55
p2779,,,op7,op6,2,sqrt,,55
p2779,,,op8,op7,2,sqrt,,55
p2780,2434.725,BATCH_PIPELINE,op1,,1,const,,55
p2780,,,op2,op1,15,linear3,,37.5
p2780,,,op3,op2,1,const,,55
p2780,,,op4,op3,2,sqrt,,55
p2780,,,op5,op4,5,linear3,,45
p2780,,,op6,op5,1,const,,55
p2780,,,op7,op6,15,linear3,,37.5
p2780,,,op8,op7,40,linear7,,20
p2781,2442.43,BATCH_PIPELINE,op1,,1,const,,55
p2781,,,op2,op1,15,linear3,,37.5
p2781,,,op3,op2,2,sqrt,,55
p2781,,,op4,op3,2,sqrt,,55
p2781,,,op5,op4,1,const,,55
p2781,,,op6,op5,15,linear3,,37.5
p2781,,,op7,op6,40,linear7,,20
p2782,2442.43,BATCH_PIPELINE,op1,,1,const,,55
p2782,,,op2,op1,20,linear7,,30
p2782,,,op3,op1,1,const,,55
p2782,,,op4,op1,20,linear7,,30
p2782,,,op5,op1,80,squared,,10
p2782,,,op6,op1,20,linear7,,30
p2782,,,op7,op1,80,squared,,10
p2782,,,op8,op1,5,linear3,,45
p2782,,,op9,op1,5,linear3,,45
p2782,,,op10,op1,2,sqrt,,55
p2783,2442.43,BATCH_PIPELINE,op1,,1,const,,55
p2783,,,op2,op1,5,linear3,,45
p2783,,,op3,op2,5,linear3,,45
p2783,,,op4,op3,15,linear3,,37.5
p2783,,,op5,op4,5,linear3,,45
p2783,,,op6,op5,1,const,,55
p2783,,,op7,op6,1,const,,55
p2783,,,op8,op7,5,linear3,,45
p2784,2442.43,BATCH_PIPELINE,op1,,1,const,,55
p2784,,,op2,op1,5,linear3,,45
p2784,,,op3,op2,2,sqrt,,55
p2784,,,op4,op3,80,squared,,10
p2784,,,op5,op4,1,const,,55
p2784,,,op6,op5,40,linear7,,20
p2785,2442.43,BATCH_PIPELINE,op1,,1,const,,55
p2785,,,op2,op1,5,linear3,,45
p2785,,,op3,op2,2,sqrt,,55
p2785,,,op4,op3,80,squared,,10
p2785,,,op5,op4,1,const,,55
p2785,,,op6,op5,5,linear3,,45
p2786,2442.43,BATCH_PIPELINE,op1,,1,const,,55
p2786,,,op2,op1,80,squared,,10
p2786,,,op3,op2,20,linear7,,30
p2786,,,op4,op3,1,const,,55
p2786,,,op5,op4,1,const,,55
p2786,,,op6,op5,15,linear3,,37.5
p2786,,,op7,op6,1,const,,55
p2786,,,op8,op7,20,linear7,,30
p2786,,,op9,op8,5,linear3,,45
p2786,,,op10,op9,1,const,,55
p2787,2442.43,BATCH_PIPELINE,op1,,1,const,,55
p2787,,,op2,,40,linear7,,20
p2787,,,op3,,40,linear7,,20
p2787,,,op4,,5,linear3,,45
p2787,,,op5,,1,const,,55
p2787,,,op6,,20,linear7,,30
p2787,,,op7,,5,linear3,,45
p2787,,,op8,,1,const,,55
p2787,,,op9,op1;op2;op3;op4;op5;op6;op7;op8,80,squared,,10
p2788,2442.43,BATCH_PIPELINE,op1,,1,const,,55
p2788,,,op2,op1,15,linear3,,37.5
p2788,,,op3,op2,80,squared,,10
p2788,,,op4,op3,5,linear3,,45
p2788,,,op5,op4,5,linear3,,45
p2789,2442.43,BATCH_PIPELINE,op1,,1,const,,55
p2789,,,op2,op1,15,linear3,,37.5
p2789,,,op3,op2,15,linear3,,37.5
p2789,,,op4,op3,5,linear3,,45
p2789,,,op5,op4,20,linear7,,30
p2789,,,op6,op5,5,linear3,,45
p2789,,,op7,op6,20,linear7,,30
p2789,,,op8,op7,40,linear7,,20
p2790,2442.43,BATCH_PIPELINE,op1,,1,const,,55
p2790,,,op2,op1,2,sqrt,,55
p2790,,,op3,op1,20,linear7,,30
p2790,,,op4,op1,20,linear7,,30
p2790,,,op5,op1,15,linear3,,37.5
p2790,,,op6,op1,20,linear7,,30
p2790,,,op7,op1,15,linear3,,37.5
p2790,,,op8,op1,80,squared,,10
p2790,,,op9,op1,15,linear3,,37.5
p2790,,,op10,op1,2,sqrt,,55
p2790,,,op11,op1,5,linear3,,45
p2790,,,op12,op1,20,linear7,,30
p2791,2452.524,BATCH_PIPELINE,op1,,1,const,,55
p2791,,,op2,,80,squared,,10
p2791,,,op3,,15,linear3,,37.5
p2791,,,op4,,80,squared,,10
p2791,,,op5,,20,linear7,,30
p2791,,,op6,op1;op2;op3;op4;op5,80,squared,,10
p2792,2452.524,BATCH_PIPELINE,op1,,1,const,,55
p2792,,,op2,op1,5,linear3,,45
p2792,,,op3,op2,20,linear7,,30
p2792,,,op4,op3,40,linear7,,20
p2792,,,op5,op4,20,linear7,,30
p2792,,,op6,op5,15,linear3,,37.5
p2792,,,op7,op6,15,linear3,,37.5
p2792,,,op8,op7,20,linear7,,30
p2793,2452.524,BATCH_PIPELINE,op1,,1,const,,55
p2793,,,op2,op1,2,sqrt,,55
p2793,,,op3,op2,2,sqrt,,55
p2793,,,op4,op3,20,linear7,,30
p2793,,,op5,op4,20,linear7,,30
p2793,,,op6,op5,20,linear7,,30
p2793,,,op7,op6,2,sqrt,,55
p2793,,,op8,op7,5,linear3,,45
p2793,,,op9,op8,1,const,,55
p2794,2452.524,BATCH_PIPELINE,op1,,1,const,,55
p2794,,,op2,op1,15,linear3,,37.5
p2794,,,op3,op2,80,squared,,10
p2794,,,op4,op3,5,linear3,,45
p2794,,,op5,op4,15,linear3,,37.5
p2794,,,op6,op5,2,sqrt,,55
p2794,,,op7,op6,5,linear3,,45
p2794,,,op8,op7,1,const,,55
p2795,2452.524,BATCH_PIPELINE,op1,,1,const,,55
p2795,,,op2,op1,2,sqrt,,55
p2795,,,op3,op2,5,linear3,,45
p2795,,,op4,op3,20,linear7,,30
p2795,,,op5,op4,1,const,,55
p2796,2452.524,BATCH_PIPELINE,op1,,1,const,,55
p2796,,,op2,op1,20,linear7,,30
p2796,,,op3,op2,15,linear3,,37.5
p2796,,,op4,op3,2,sqrt,,55
p2796,,,op5,op4,15,linear3,,37.5
p2796,,,op6,op5,80,squared,,10
p2796,,,op7,op6,15,linear3,,37.5
p2796,,,op8,op7,5,linear3,,45
p2796,,,op9,op8,20,linear7,,30
p2797,2452.524,BATCH_PIPELINE,op1,,1,const,,55
p2797,,,op2,op1,5,linear3,,45
p2797,,,op3,op2,40,linear7,,20
p2797,,,op4,op3,1,const,,55
p2797,,,op5,op4,20,linear7,,30
p2797,,,op6,op5,5,linear3,,45
p2797,,,op7,op6,1,const,,55
p2797,,,op8,op7,2,sqrt,,55
p2798,2452.524,BATCH_PIPELINE,op1,,1,const,,55
p2798,,,op2,op1,20,linear7,,30
p2798,,,op3,op2,1,const,,55
p2798,,,op4,op3,15,linear3,,37.5
p2798,,,op5,op4,20,linear7,,30
p2798,,,op6,op5,15,linear3,,37.5
p2798,,,op7,op6,20,linear7,,30
p2798,,,op8,op7,1,const,,55
p2799,2452.524,BATCH_PIPELINE,op1,,1,const,,55
p2799,,,op2,op1,80,squared,,10
p2799,,,op3,op2,1,const,,55
p2799,,,op4,op3,80,squared,,10
p2799,,,op5,op4,2,sqrt,,55
p2799,,,op6,op5,20,linear7,,30
p2799,,,op7,op6,5,linear3,,45
p2799,,,op8,op7,15,linear3,,37.5
p2799,,,op9,op8,20,linear7,,30
p2799,,,op10,op9,2,sqrt,,55
p2800,2452.524,BATCH_PIPELINE,op1,,1,const,,55
p2800,,,op2,op1,1,const,,55
p2800,,,op3,op2,5,linear3,,45
p2800,,,op4,op3,40,linear7,,20
p2800,,,op5,op4,20,linear7,,30
p2800,,,op6,op5,20,linear7,,30
p2800,,,op7,op6,15,linear3,,37.5
p2801,2465.2960000000003,QUERY,op1,,15,linear3,,35
p2802,2465.2960000000003,BATCH_PIPELINE,op1,,1,const,,55
p2802,,,op2,op1,20,linear7,,30
p2802,,,op3,op2,5,linear3,,45
p2802,,,op4,op3,15,linear3,,37.5
p2802,,,op5,op4,40,linear7,,20
p2802,,,op6,op5,20,linear7,,30
p2802,,,op7,op6,1,const,,55
p2802,,,op8,op7,2,sqrt,,55
p2802,,,op9,op8,2,sqrt,,55
p2803,2465.2960000000003,BATCH_PIPELINE,op1,,1,const,,55
p2803,,,op2,op1,2,sqrt,,55
p2803,,,op3,op2,2,sqrt,,55
p2804,2465.2960000000003,BATCH_PIPELINE,op1,,1,const,,55
p2804,,,op2,op1,5,linear3,,45
p2804,,,op3,op2,5,linear3,,45
p2804,,,op4,op3,20,linear7,,30
p2804,,,op5,op4,5,linear3,,45
p2804,,,op6,op5,1,const,,55
p2804,,,op7,op6,1,const,,55
p2804,,,op8,op7,1,const,,55
p2804,,,op9,op8,15,linear3,,37.5
p2805,2465.2960000000003,BATCH_PIPELINE,op1,,1,const,,55
p2805,,,op2,op1,20,linear7,,30
p2805,,,op3,op2,2,sqrt,,55
p2805,,,op4,op3,80,squared,,10
p2805,,,op5,op4,40,linear7,,20
p2805,,,op6,op5,80,squared,,10
p2805,,,op7,op6,20,linear7,,30
p2805,,,op8,op7,15,linear3,,37.5
p2805,,,op9,op8,5,linear3,,45
p2805,,,op10,op9,5,linear3,,45
p2806,2465.2960000000003,BATCH_PIPELINE,op1,,1,const,,55
p2806,,,op2,op1,5,linear3,,45
p2806,,,op3,op2,2,sqrt,,55
p2806,,,op4,op3,1,const,,55
p2806,,,op5,op4,15,linear3,,37.5
p2806,,,op6,op5,40,linear7,,20
p2806,,,op7,op6,40,linear7,,20
p2806,,,op8,op7,40,linear7,,20
p2806,,,op9,op8,20,linear7,,30
p2807,2465.2960000000003,INTERACTIVE,op1,,1,const,,55
p2807,,,op2,op1,5,linear3,,45
p2807,,,op3,op2,80,squared,,10
p2807,,,op4,op3,2,sqrt,,55
p2807,,,op5,op4,15,linear3,,37.5
p2807,,,op6,op5,20,linear7,,30
p2807,,,op7,op6,15,linear3,,37.5
p2807,,,op8,op7,40,linear7,,20
p2807,,,op9,op8,80,squared,,10
p2807,,,op10,op9,20,linear7,,30
p2808,2465.2960000000003,BATCH_PIPELINE,op1,,1,const,,55
p2808,,,op2,op1,80,squared,,10
p2808,,,op3,op2,80,squared,,10
p2808,,,op4,op3,1,const,,55
p2808,,,op5,op4,15,linear3,,37.5
p2808,,,op6,op5,15,linear3,,37.5
p2809,2465.2960000000003,BATCH_PIPELINE,op1,,1,const,,55
p2809,,,op2,op1,15,linear3,,37.5
p2809,,,op3,op2,40,linear7,,20
p2809,,,op4,op3,20,linear7,,30
p2809,,,op5,op4,15,linear3,,37.5
p2809,,,op6,op5,1,const,,55
p2809,,,op7,op6,40,linear7,,20
p2809,,,op8,op7,20,linear7,,30
p2809,,,op9,op8,15,linear3,,37.5
p2809,,,op10,op9,2,sqrt,,55
p2810,2465.2960000000003,BATCH_PIPELINE,op1,,1,const,,55
p2810,,,op2,op1,1,const,,55
p2810,,,op3,op2,20,linear7,,30
p2810,,,op4,op3,20,linear7,,30
p2810,,,op5,op4,5,linear3,,45
p2810,,,op6,op5,20,linear7,,30
p2810,,,op7,op6,20,linear7,,30
p2810,,,op8,op7,15,linear3,,37.5
p2811,2472.718,BATCH_PIPELINE,op1,,1,const,,55
p2811,,,op2,,2,sqrt,,55
p2811,,,op3,,1,const,,55
p2811,,,op4,,15,linear3,,37.5
p2811,,,op5,,40,linear7,,20
p2811,,,op6,,40,linear7,,20
p2811,,,op7,,20,linear7,,30
p2811,,,op8,,5,linear3,,45
p2811,,,op9,op1;op2;op3;op4;op5;op6;op7;op8,2,sqrt,,55
p2812,2472.718,QUERY,op1,,15,linear3,,35
p2813,2472.718,INTERACTIVE,op1,,1,const,,55
p2813,,,op2,op1,5,linear3,,45
p2813,,,op3,op2,80,squared,,10
p2813,,,op4,op3,80,squared,,10
p2813,,,op5,op4,2,sqrt,,55
p2813,,,op6,op5,80,squared,,10
p2813,,,op7,op6,2,sqrt,,55
p2813,,,op8,op7,5,linear3,,45
p2813,,,op9,op8,5,linear3,,45
p2813,,,op10,op9,15,linear3,,37.5
p2814,2472.718,BATCH_PIPELINE,op1,,1,const,,55
p2814,,,op2,op1,5,linear3,,45
p2814,,,op3,op1,15,linear3,,37.5
p2814,,,op4,op1,15,linear3,,37.5
p2814,,,op5,op1,1,const,,55
p2814,,,op6,op1,20,linear7,,30
p2814,,,op7,op1,15,linear3,,37.5
p2814,,,op8,op1,2,sqrt,,55
p2815,2472.718,BATCH_PIPELINE,op1,,1,const,,55
p2815,,,op2,op1,80,squared,,10
p2815,,,op3,op2,80,squared,,10
p2815,,,op4,op3,1,const,,55
p2815,,,op5,op4,20,linear7,,30
p2815,,,op6,op5,40,linear7,,20
p2815,,,op7,op6,5,linear3,,45
p2816,2472.718,BATCH_PIPELINE,op1,,1,const,,55
p2816,,,op2,,15,linear3,,37.5
p2816,,,op3,,80,squared,,10
p2816,,,op4,,1,const,,55
p2816,,,op5,,5,linear3,,45
p2816,,,op6,,5,linear3,,45
p2816,,,op7,,40,linear7,,20
p2816,,,op8,,40,linear7,,20
p2816,,,op9,,15,linear3,,37.5
p2816,,,op10,,15,linear3,,37.5
p2816,,,op11,op1;op2;op3;op4;op5;op6;op7;op8;op9;op10,1,const,,55
p2817,2472.718,INTERACTIVE,op1,,1,const,,55
p2817,,,op2,op1,40,linear7,,20
p2817,,,op3,op1,15,linear3,,37.5
p2817,,,op4,op1,40,linear7,,20
p2817,,,op5,op1,20,linear7,,30
p2817,,,op6,op1,20,linear7,,30
p2817,,,op7,op1,20,linear7,,30
p2818,2472.718,BATCH_PIPELINE,op1,,1,const,,55
p2818,,,op2,,2,sqrt,,55
p2818,,,op3,,2,sqrt,,55
p2818,,,op4,,2,sqrt,,55
p2818,,,op5,,15,linear3,,37.5
p2818,,,op6,,80,squared,,10
p2818,,,op7,op1;op2;op3;op4;op5;op6,20,linear7,,30
p2819,2472.718,BATCH_PIPELINE,op1,,1,const,,55
p2819,,,op2,op1,20,linear7,,30
p2819,,,op3,op2,5,linear3,,45
p2819,,,op4,op3,2,sqrt,,55
p2819,,,op5,op4,15,linear3,,37.5
p2819,,,op6,op5,5,linear3,,45
p2819,,,op7,op6,15,linear3,,37.5
p2819,,,op8,op7,2,sqrt,,55
p2819,,,op9,op8,1,const,,55
p2820,2472.718,BATCH_PIPELINE,op1,,1,const,,55
p2820,,,op2,op1,2,sqrt,,55
p2820,,,op3,op1,2,sqrt,,55
p2820,,,op4,op1,2,sqrt,,55
p2820,,,op5,op1,20,linear7,,30
p2820,,,op6,op1,2,sqrt,,55
p2820,,,op7,op1,20,linear7,,30
p2820,,,op8,op1,20,linear7,,30
p2820,,,op9,op1,40,linear7,,20
p2820,,,op10,op1,40,linear7,,20
p2821,2482.939,BATCH_PIPELINE,op1,,1,const,,55
p2821,,,op2,op1,5,linear3,,45
p2821,,,op3,op2,40,linear7,,20
p2821,,,op4,op3,5,linear3,,45
p2821,,,op5,op4,5,linear3,,45
p2821,,,op6,op5,40,linear7,,20
p2821,,,op7,op6,5,linear3,,45
p2821,,,op8,op7,5,linear3,,45
p2821,,,op9,op8,1,const,,55
p2822,2482.939,BATCH_PIPELINE,op1,,1,const,,55
p2822,,,op2,op1,2,sqrt,,55
p2822,,,op3,op2,1,const,,55
p2822,,,op4,op3,15,linear3,,37.5
p2822,,,op5,op4,2,sqrt,,55
p2822,,,op6,op5,15,linear3,,37.5
p2823,2482.939,BATCH_PIPELINE,op1,,1,const,,55
p2823,,,op2,op1,15,linear3,,37.5
p2823,,,op3,op2,40,linear7,,20
p2823,,,op4,op3,5,linear3,,45
p2823,,,op5,op4,15,linear3,,37.5
p2823,,,op6,op5,2,sqrt,,55
p2823,,,op7,op6,2,sqrt,,55
p2823,,,op8,op7,5,linear3,,45
p2824,2482.939,BATCH_PIPELINE,op1,,1,const,,55
p2824,,,op2,op1,15,linear3,,37.5
p2824,,,op3,op2,1,const,,55
p2824,,,op4,op3,20,linear7,,30
p2824,,,op5,op4,80,squared,,10
p2824,,,op6,op5,80,squared,,10
p2824,,,op7,op6,80,squared,,10
p2824,,,op8,op7,15,linear3,,37.5
p2825,2482.939,BATCH_PIPELINE,op1,,1,const,,55
p2825,,,op2,op1,1,const,,55
p2825,,,op3,op2,20,linear7,,30
p2825,,,op4,op3,5,linear3,,45
p2825,,,op5,op4,1,const,,55
p2825,,,op6,op5,5,linear3,,45
p2825,,,op7,op6,5,linear3,,45
p2825,,,op8,op7,15,linear3,,37.5
p2826,2482.939,BATCH_PIPELINE,op1,,1,const,,55
p2826,,,op2,op1,5,linear3,,45
p2826,,,op3,op1,2,sqrt,,55
p2826,,,op4,op1,40,linear7,,20
p2826,,,op5,op1,5,linear3,,45
p2826,,,op6,op1,5,linear3,,45
p2826,,,op7,op1,40,linear7,,20
p2826,,,op8,op1,40,linear7,,20
p2826,,,op9,op1,80,squared,,10
p2826,,,op10,op1,1,const,,55
p2827,2482.939,BATCH_PIPELINE,op1,,1,const,,55
p2827,,,op2,op1,15,linear3,,37.5
p2827,,,op3,op2,40,linear7,,20
p2827,,,op4,op3,40,linear7,,20
p2827,,,op5,op4,20,linear7,,30
p2827,,,op6,op5,15,linear3,,37.5
p2827,,,op7,op6,80,squared,,10
p2827,,,op8,op7,5,linear3,,45
p2828,2482.939,BATCH_PIPELINE,op1,,1,const,,55
p2828,,,op2,op1,40,linear7,,20
p2828,,,op3,op2,5,linear3,,45
p2828,,,op4,op3,20,linear7,,30
p2828,,,op5,op4,1,const,,55
p2828,,,op6,op5,40,linear7,,20
p2828,,,op7,op6,15,linear3,,37.5
p2829,2482.939,BATCH_PIPELINE,op1,,1,const,,55
p2829,,,op2,op1,2,sqrt,,55
p2829,,,op3,op2,5,linear3,,45
p2829,,,op4,op3,80,squared,,10
p2829,,,op5,op4,80,squared,,10
p2829,,,op6,op5,40,linear7,,20
p2829,,,op7,op6,1,const,,55
p2829,,,op8,op7,40,linear7,,20
p2829,,,op9,op8,2,sqrt,,55
p2829,,,op10,op9,40,linear7,,20
p2829,,,op11,op10,2,sqrt,,55
p2829,,,op12,op11,20,linear7,,30
p2830,2482.939,INTERACTIVE,op1,,1,const,,55
p2830,,,op2,op1,1,const,,55
p2830,,,op3,op2,80,squared,,10
p2830,,,op4,op3,2,sqrt,,55
p2830,,,op5,op4,2,sqrt,,55
p2830,,,op6,op5,20,linear7,,30
p2830,,,op7,op6,80,squared,,10
p2831,2491.2110000000002,BATCH_PIPELINE,op1,,1,const,,55
p2831,,,op2,op1,15,linear3,,37.5
p2831,,,op3,op2,15,linear3,,37.5
p2831,,,op4,op3,20,linear7,,30
p2831,,,op5,op4,15,linear3,,37.5
p2831,,,op6,op5,20,linear7,,30
p2832,2491.2110000000002,BATCH_PIPELINE,op1,,1,const,,55
p2832,,,op2,op1,15,linear3,,37.5
p2832,,,op3,op2,15,linear3,,37.5
p2832,,,op4,op3,2,sqrt,,55
p2832,,,op5,op4,20,linear7,,30
p2832,,,op6,op5,1,const,,55
p2833,2491.2110000000002,INTERACTIVE,op1,,1,const,,55
p2833,,,op2,op1,40,linear7,,20
p2833,,,op3,op2,1,const,,55
p2833,,,op4,op3,1,const,,55
p2833,,,op5,op4,1,const,,55
p2833,,,op6,op5,15,linear3,,37.5
p2833,,,op7,op6,40,linear7,,20
p2833,,,op8,op7,80,squared,,10
p2833,,,op9,op8,80,squared,,10
p2833,,,op10,op9,40,linear7,,20
p2834,2491.2110000000002,BATCH_PIPELINE,op1,,1,const,,55
p2834,,,op2,op1,80,squared,,10
p2834,,,op3,op2,2,sqrt,,55
p2834,,,op4,op3,40,linear7,,20
p2834,,,op5,op4,1,const,,55
p2834,,,op6,op5,15,linear3,,37.5
p2835,2491.2110000000002,BATCH_PIPELINE,op1,,1,const,,55
p2835,,,op2,op1,2,sqrt,,55
p2835,,,op3,op2,20,linear7,,30
p2835,,,op4,op3,15,linear3,,37.5
p2835,,,op5,op4,40,linear7,,20
p2835,,,op6,op5,80,squared,,10
p2835,,,op7,op6,15,linear3,,37.5
p2836,2491.2110000000002,BATCH_PIPELINE,op1,,1,const,,55
p2836,,,op2,op1,80,squared,,10
p2836,,,op3,op2,20,linear7,,30
p2836,,,op4,op3,15,linear3,,37.5
p2836,,,op5,op4,20,linear7,,30
p2837,2491.2110000000002,BATCH_PIPELINE,op1,,1,const,,55
p2837,,,op2,op1,1,const,,55
p2837,,,op3,op2,5,linear3,,45
p2837,,,op4,op3,80,squared,,10
p2837,,,op5,op4,40,linear7,,20
p2837,,,op6,op5,15,linear3,,37.5
p2838,2491.2110000000002,BATCH_PIPELINE,op1,,1,const,,55
p2838,,,op2,,5,linear3,,45
p2838,,,op3,,15,linear3,,37.5
p2838,,,op4,,15,linear3,,37.5
p2838,,,op5,,5,linear3,,45
p2838,,,op6,op1;op2;op3;op4;op5,15,linear3,,37.5
p2839,2491.2110000000002,BATCH_PIPELINE,op1,,1,const,,55
p2839,,,op2,op1,5,linear3,,45
p2839,,,op3,op1,1,const,,55
p2839,,,op4,op1,80,squared,,10
p2839,,,op5,op1,2,sqrt,,55
p2839,,,op6,op1,20,linear7,,30
p2840,2491.2110000000002,BATCH_PIPELINE,op1,,1,const,,55
p2840,,,op2,op1,40,linear7,,20
p2840,,,op3,op1,5,linear3,,45
p2840,,,op4,op1,2,sqrt,,55
p2840,,,op5,op1,15,linear3,,37.5
p2840,,,op6,op1,5,linear3,,45
p2840,,,op7,op1,1,const,,55
p2840,,,op8,op1,2,sqrt,,55
p2840,,,op9,op1,80,squared,,10
p2841,2496.113,BATCH_PIPELINE,op1,,1,const,,55
p2841,,,op2,op1,1,const,,55
p2841,,,op3,op2,15,linear3,,37.5
p2841,,,op4,op3,20,linear7,,30
p2841,,,op5,op4,5,linear3,,45
p2841,,,op6,op5,2,sqrt,,55
p2841,,,op7,op6,15,linear3,,37.5
p2842,2496.113,BATCH_PIPELINE,op1,,1,const,,55
p2842,,,op2,op1,20,linear7,,30
p2842,,,op3,op1,40,linear7,,20
p2842,,,op4,op1,20,linear7,,30
p2842,,,op5,op1,20,linear7,,30
p2842,,,op6,op1,15,linear3,,37.5
p2842,,,op7,op1,40,linear7,,20
p2843,2496.113,BATCH_PIPELINE,op1,,1,const,,55
p2843,,,op2,,1,const,,55
p2843,,,op3,,1,const,,55
p2843,,,op4,,80,squared,,10
p2843,,,op5,,5,linear3,,45
p2843,,,op6,,15,linear3,,37.5
p2843,,,op7,op1;op2;op3;op4;op5;op6,1,const,,55
p2844,2496.113,BATCH_PIPELINE,op1,,1,const,,55
p2844,,,op2,op1,5,linear3,,45
p2844,,,op3,op1,5,linear3,,45
p2844,,,op4,op1,2,sqrt,,55
p2844,,,op5,op1,40,linear7,,20
p2844,,,op6,op1,20,linear7,,30
p2845,2496.113,BATCH_PIPELINE,op1,,1,const,,55
p2845,,,op2,,5,linear3,,45
p2845,,,op3,,15,linear3,,37.5
p2845,,,op4,,20,linear7,,30
p2845,,,op5,,2,sqrt,,55
p2845,,,op6,,20,linear7,,30
p2845,,,op7,,80,squared,,10
p2845,,,op8,,15,linear3,,37.5
p2845,,,op9,op1;op2;op3;op4;op5;op6;op7;op8,15,linear3,,37.5
p2846,2496.113,QUERY,op1,,15,linear3,,35
p2847,2496.113,BATCH_PIPELINE,op1,,1,const,,55
p2847,,,op2,op1,40,linear7,,20
p2847,,,op3,op1,2,sqrt,,55
p2847,,,op4,op1,15,linear3,,37.5
p2848,2496.113,BATCH_PIPELINE,op1,,1,const,,55
p2848,,,op2,,15,linear3,,37.5
p2848,,,op3,,2,sqrt,,55
p2848,,,op4,,5,linear3,,45
p2848,,,op5,,40,linear7,,20
p2848,,,op6,,5,linear3,,45
p2848,,,op7,,1,const,,55
p2848,,,op8,op1;op2;op3;op4;op5;op6;op7,5,linear3,,45
p2849,2496.113,BATCH_PIPELINE,op1,,1,const,,55
p2849,,,op2,op1,15,linear3,,37.5
p2849,,,op3,op2,20,linear7,,30
p2849,,,op4,op3,1,const,,55
p2849,,,op5,op4,2,sqrt,,55
p2849,,,op6,op5,15,linear3,,37.5
p2849,,,op7,op6,80,squared,,10
p2849,,,op8,op7,5,linear3,,45
p2849,,,op9,op8,80,squared,,10
p2850,2496.113,BATCH_PIPELINE,op1,,1,const,,55
p2851,2506.329,BATCH_PIPELINE,op1,,1,const,,55
p2851,,,op2,op1,5,linear3,,45
p2851,,,op3,op2,5,linear3,,45
p2851,,,op4,op3,5,linear3,,45
p2851,,,op5,op4,5,linear3,,45
p2851,,,op6,op5,1,const,,55
p2851,,,op7,op6,1,const,,55
p2851,,,op8,op7,5,linear3,,45
p2851,,,op9,op8,1,const,,55
p2852,2506.329,BATCH_PIPELINE,op1,,1,const,,55
p2852,,,op2,op1,5,linear3,,45
p2852,,,op3,op1,1,const,,55
p2852,,,op4,op1,80,squared,,10
p2852,,,op5,op1,1,const,,55
p2852,,,op6,op1,2,sqrt,,55
p2852,,,op7,op1,1,const,,55
p2853,2506.329,BATCH_PIPELINE,op1,,1,const,,55
p2853,,,op2,,5,linear3,,45
p2853,,,op3,,15,linear3,,37.5
p2853,,,op4,,1,const,,55
p2853,,,op5,,15,linear3,,37.5
p2853,,,op6,,5,linear3,,45
p2853,,,op7,,20,linear7,,30
p2853,,,op8,op1;op2;op3;op4;op5;op6;op7,20,linear7,,30
p2854,2506.329,BATCH_PIPELINE,op1,,1,const,,55
p2854,,,op2,op1,1,const,,55
p2854,,,op3,op2,15,linear3,,37.5
p2855,2506.329,BATCH_PIPELINE,op1,,1,const,,55
p2855,,,op2,op1,40,linear7,,20
p2855,,,op3,op2,5,linear3,,45
p2855,,,op4,op3,80,squared,,10
p2855,,,op5,op4,15,linear3,,37.5
p2855,,,op6,op5,15,linear3,,37.5
p2856,2506.329,BATCH_PIPELINE,op1,,1,const,,55
p2856,,,op2,op1,40,linear7,,20
p2856,,,op3,op2,1,const,,55
p2856,,,op4,op3,20,linear7,,30
p2856,,,op5,op4,20,linear7,,30
p2856,,,op6,op5,15,linear3,,37.5
p2856,,,op7,op6,80,squared,,10
p2856,,,op8,op7,80,squared,,10
p2857,2506.329,BATCH_PIPELINE,op1,,1,const,,55
p2857,,,op2,op1,20,linear7,,30
p2857,,,op3,op2,40,linear7,,20
p2857,,,op4,op3,1,const,,55
p2857,,,op5,op4,40,linear7,,20
p2857,,,op6,op5,5,linear3,,45
p2858,2506.329,BATCH_PIPELINE,op1,,1,const,,55
p2858,,,op2,op1,5,linear3,,45
p2858,,,op3,op2,2,sqrt,,55
p2858,,,op4,op3,80,squared,,10
p2858,,,op5,op4,2,sqrt,,55
p2858,,,op6,op5,40,linear7,,20
p2858,,,op7,op6,1,const,,55
p2858,,,op8,op7,20,linear7,,30
p2859,2506.329,QUERY,op1,,15,linear3,,35
p2860,2506.329,BATCH_PIPELINE,op1,,1,const,,55
p2860,,,op2,,20,linear7,,30
p2860,,,op3,,1,const,,55
p2860,,,op4,,1,const,,55
p2860,,,op5,,5,linear3,,45
p2860,,,op6,,20,linear7,,30
p2860,,,op7,,80,squared,,10
p2860,,,op8,,80,squared,,10
p2860,,,op9,,5,linear3,,45
p2860,,,op10,op1;op2;op3;op4;op5;op6;op7;op8;op9,15,linear3,,37.5
p2861,2517.451,BATCH_PIPELINE,op1,,1,const,,55
p2861,,,op2,op1,5,linear3,,45
p2861,,,op3,op2,5,linear3,,45
p2861,,,op4,op3,5,linear3,,45
p2861,,,op5,op4,5,linear3,,45
p2861,,,op6,op5,5,linear3,,45
p2861,,,op7,op6,1,const,,55
p2862,2517.451,BATCH_PIPELINE,op1,,1,const,,55
p2862,,,op2,op1,15,linear3,,37.5
p2862,,,op3,op2,5,linear3,,45
p2862,,,op4,op3,2,sqrt,,55
p2862,,,op5,op4,15,linear3,,37.5
p2862,,,op6,op5,20,linear7,,30
p2862,,,op7,op6,5,linear3,,45
p2862,,,op8,op7,1,const,,55
p2862,,,op9,op8,2,sqrt,,55
p2863,2517.451,BATCH_PIPELINE,op1,,1,const,,55
p2863,,,op2,op1,15,linear3,,37.5
p2863,,,op3,op2,15,linear3,,37.5
p2863,,,op4,op3,5,linear3,,45
p2863,,,op5,op4,5,linear3,,45
p2863,,,op6,op5,2,sqrt,,55
p2863,,,op7,op6,15,linear3,,37.5
p2863,,,op8,op7,40,linear7,,20
p2863,,,op9,op8,40,linear7,,20
p2864,2517.451,BATCH_PIPELINE,op1,,1,const,,55
p2864,,,op2,op1,15,linear3,,37.5
p2864,,,op3,op1,20,linear7,,30
p2864,,,op4,op1,80,squared,,10
p2864,,,op5,op1,1,const,,55
p2864,,,op6,op1,2,sqrt,,55
p2864,,,op7,op1,15,linear3,,37.5
p2865,2517.451,INTERACTIVE,op1,,1,const,,55
p2865,,,op2,op1,2,sqrt,,55
p2865,,,op3,op2,15,linear3,,37.5
p2865,,,op4,op3,2,sqrt,,55
p2865,,,op5,op4,80,squared,,10
p2865,,,op6,op5,20,linear7,,30
p2865,,,op7,op6,5,linear3,,45
p2865,,,op8,op7,2,sqrt,,55
p2866,2517.451,BATCH_PIPELINE,op1,,1,const,,55
p2866,,,op2,op1,5,linear3,,45
p2866,,,op3,op2,2,sqrt,,55
p2866,,,op4,op3,80,squared,,10
p2866,,,op5,op4,1,const,,55
p2866,,,op6,op5,40,linear7,,20
p2866,,,op7,op6,5,linear3,,45
p2866,,,op8,op7,15,linear3,,37.5
p2866,,,op9,op8,5,linear3,,45
p2866,,,op10,op9,15,linear3,,37.5
p2867,2517.451,BATCH_PIPELINE,op1,,1,const,,55
p2867,,,op2,op1,2,sqrt,,55
p2867,,,op3,op1,20,linear7,,30
p2867,,,op4,op1,5,linear3,,45
p2867,,,op5,op1,15,linear3,,37.5
p2867,,,op6,op1,80,squared,,10
p2867,,,op7,op1,2,sqrt,,55
p2867,,,op8,op1,40,linear7,,20
p2867,,,op9,op1,20,linear7,,30
p2867,,,op10,op1,5,linear3,,45
p2868,2517.451,BATCH_PIPELINE,op1,,1,const,,55
p2868,,,op2,op1,2,sqrt,,55
p2868,,,op3,op2,2,sqrt,,55
p2868,,,op4,op3,5,linear3,,45
p2868,,,op5,op4,40,linear7,,20
p2868,,,op6,op5,20,linear7,,30
p2868,,,op7,op6,1,const,,55
p2868,,,op8,op7,5,linear3,,45
p2869,2517.451,BATCH_PIPELINE,op1,,1,const,,55
p2869,,,op2,,1,const,,55
p2869,,,op3,,15,linear3,,37.5
p2869,,,op4,,20,linear7,,30
p2869,,,op5,,15,linear3,,37.5
p2869,,,op6,,2,sqrt,,55
p2869,,,op7,,80,squared,,10
p2869,,,op8,,15,linear3,,37.5
p2869,,,op9,op1;op2;op3;op4;op5;op6;op7;op8,15,linear3,,37.5
p2870,2517.451,BATCH_PIPELINE,op1,,1,const,,55
p2870,,,op2,op1,15,linear3,,37.5
p2870,,,op3,op2,1,const,,55
p2870,,,op4,op3,40,linear7,,20
p2870,,,op5,op4,20,linear7,,30
p2870,,,op6,op5,40,linear7,,20
p2870,,,op7,op6,15,linear3,,37.5
p2870,,,op8,op7,15,linear3,,37.5
p2870,,,op9,op8,5,linear3,,45
p2870,,,op10,op9,80,squared,,10
p2871,2525.231,INTERACTIVE,op1,,1,const,,55
p2871,,,op2,op1,80,squared,,10
p2871,,,op3,op2,1,const,,55
p2871,,,op4,op3,5,linear3,,45
p2871,,,op5,op4,15,linear3,,37.5
p2871,,,op6,op5,80,squared,,10
p2871,,,op7,op6,40,linear7,,20
p2872,2525.231,BATCH_PIPELINE,op1,,1,const,,55
p2872,,,op2,op1,20,linear7,,30
p2872,,,op3,op2,1,const,,55
p2872,,,op4,op3,1,const,,55
p2872,,,op5,op4,40,linear7,,20
p2872,,,op6,op5,15,linear3,,37.5
p2872,,,op7,op6,40,linear7,,20
p2872,,,op8,op7,2,sqrt,,55
p2873,2525.231,BATCH_PIPELINE,op1,,1,const,,55
p2873,,,op2,op1,15,linear3,,37.5
p2873,,,op3,op2,15,linear3,,37.5
p2873,,,op4,op3,2,sqrt,,55
p2873,,,op5,op4,5,linear3,,45
p2873,,,op6,op5,15,linear3,,37.5
p2873,,,op7,op6,5,linear3,,45
p2873,,,op8,op7,1,const,,55
p2873,,,op9,op8,15,linear3,,37.5
p2874,2525.231,BATCH_PIPELINE,op1,,1,const,,55
p2874,,,op2,op1,20,linear7,,30
p2874,,,op3,op2,40,linear7,,20
p2874,,,op4,op3,15,linear3,,37.5
p2874,,,op5,op4,1,const,,55
p2874,,,op6,op5,40,linear7,,20
p2874,,,op7,op6,2,sqrt,,55
p2874,,,op8,op7,1,const,,55
p2874,,,op9,op8,1,const,,55
p2874,,,op10,op9,80,squared,,10
p2875,2525.231,INTERACTIVE,op1,,1,const,,55
p2875,,,op2,,15,linear3,,37.5
p2875,,,op3,,20,linear7,,30
p2875,,,op4,,20,linear7,,30
p2875,,,op5,op1;op2;op3;op4,2,sqrt,,55
p2876,2525.231,BATCH_PIPELINE,op1,,1,const,,55
p2876,,,op2,op1,15,linear3,,37.5
p2876,,,op3,op2,2,sqrt,,55
p2876,,,op4,op3,20,linear7,,30
p2876,,,op5,op4,15,linear3,,37.5
p2876,,,op6,op5,5,linear3,,45
p2877,2525.231,INTERACTIVE,op1,,1,const,,55
p2877,,,op2,op1,40,linear7,,20
p2877,,,op3,op2,15,linear3,,37.5
p2877,,,op4,op3,1,const,,55
p2877,,,op5,op4,15,linear3,,37.5
p2877,,,op6,op5,20,linear7,,30
p2877,,,op7,op6,15,linear3,,37.5
p2877,,,op8,op7,1,const,,55
p2877,,,op9,op8,20,linear7,,30
p2878,2525.231,BATCH_PIPELINE,op1,,1,const,,55
p2878,,,op2,op1,5,linear3,,45
p2878,,,op3,op2,20,linear7,,30
p2878,,,op4,op3,15,linear3,,37.5
p2878,,,op5,op4,20,linear7,,30
p2878,,,op6,op5,15,linear3,,37.5
p2878,,,op7,op6,5,linear3,,45
p2878,,,op8,op7,2,sqrt,,55
p2878,,,op9,op8,80,squared,,10
p2879,2525.231,BATCH_PIPELINE,op1,,1,const,,55
p2879,,,op2,op1,40,linear7,,20
p2879,,,op3,op2,2,sqrt,,55
p2879,,,op4,op3,15,linear3,,37.5
p2879,,,op5,op4,20,linear7,,30
p2879,,,op6,op5,40,linear7,,20
p2879,,,op7,op6,80,squared,,10
p2879,,,op8,op7,20,linear7,,30
p2879,,,op9,op8,2,sqrt,,55
p2880,2525.231,BATCH_PIPELINE,op1,,1,const,,55
p2880,,,op2,op1,1,const,,55
p2880,,,op3,op2,2,sqrt,,55
p2880,,,op4,op3,20,linear7,,30
p2880,,,op5,op4,15,linear3,,37.5
p2880,,,op6,op5,5,linear3,,45
p2881,2530.582,BATCH_PIPELINE,op1,,1,const,,55
p2881,,,op2,op1,1,const,,55
p2881,,,op3,op2,5,linear3,,45
p2881,,,op4,op3,20,linear7,,30
p2881,,,op5,op4,15,linear3,,37.5
p2881,,,op6,op5,15,linear3,,37.5
p2881,,,op7,op6,20,linear7,,30
p2881,,,op8,op7,15,linear3,,37.5
p2881,,,op9,op8,20,linear7,,30
p2882,2530.582,BATCH_PIPELINE,op1,,1,const,,55
p2882,,,op2,op1,20,linear7,,30
p2882,,,op3,op2,20,linear7,,30
p2882,,,op4,op3,15,linear3,,37.5
p2882,,,op5,op4,5,linear3,,45
p2883,2530.582,BATCH_PIPELINE,op1,,1,const,,55
p2883,,,op2,op1,80,squared,,10
p2883,,,op3,op2,2,sqrt,,55
p2883,,,op4,op3,80,squared,,10
p2883,,,op5,op4,1,const,,55
p2883,,,op6,op5,15,linear3,,37.5
p2883,,,op7,op6,1,const,,55
p2883,,,op8,op7,15,linear3,,37.5
p2884,2530.582,BATCH_PIPELINE,op1,,1,const,,55
p2884,,,op2,,5,linear3,,45
p2884,,,op3,,1,const,,55
p2884,,,op4,,20,linear7,,30
p2884,,,op5,,15,linear3,,37.5
p2884,,,op6,,5,linear3,,45
p2884,,,op7,,5,linear3,,45
p2884,,,op8,op1;op2;op3;op4;op5;op6;op7,20,linear7,,30
p2885,2530.582,BATCH_PIPELINE,op1,,1,const,,55
p2885,,,op2,op1,80,squared,,10
p2885,,,op3,op2,80,squared,,10
p2885,,,op4,op3,15,linear3,,37.5
p2885,,,op5,op4,15,linear3,,37.5
p2885,,,op6,op5,5,linear3,,45
p2885,,,op7,op6,5,linear3,,45
p2885,,,op8,op7,20,linear7,,30
p2886,2530.582,BATCH_PIPELINE,op1,,1,const,,55
p2886,,,op2,op1,40,linear7,,20
p2886,,,op3,op2,5,linear3,,45
p2886,,,op4,op3,40,linear7,,20
p2886,,,op5,op4,2,sqrt,,55
p2886,,,op6,op5,2,sqrt,,55
p2886,,,op7,op6,40,linear7,,20
p2886,,,op8,op7,2,sqrt,,55
p2887,2530.582,INTERACTIVE,op1,,1,const,,55
p2887,,,op2,op1,40,linear7,,20
p2887,,,op3,op2,5,linear3,,45
p2887,,,op4,op3,5,linear3,,45
p2887,,,op5,op4,20,linear7,,30
p2888,2530.582,BATCH_PIPELINE,op1,,1,const,,55
p2888,,,op2,op1,20,linear7,,30
p2888,,,op3,op2,80,squared,,10
p2888,,,op4,op3,1,const,,55
p2888,,,op5,op4,2,sqrt,,55
p2888,,,op6,op5,5,linear3,,45
p2888,,,op7,op6,20,linear7,,30
p2889,2530.582,BATCH_PIPELINE,op1,,1,const,,55
p2889,,,op2,op1,15,linear3,,37.5
p2889,,,op3,op2,15,linear3,,37.5
p2889,,,op4,op3,40,linear7,,20
p2889,,,op5,op4,2,sqrt,,55
p2889,,,op6,op5,5,linear3,,45
p2889,,,op7,op6,1,const,,55
p2889,,,op8,op7,15,linear3,,37.5
p2890,2530.582,BATCH_PIPELINE,op1,,1,const,,55
p2890,,,op2,op1,5,linear3,,45
p2890,,,op3,op2,15,linear3,,37.5
p2890,,,op4,op3,5,linear3,,45
p2890,,,op5,op4,5,linear3,,45
p2890,,,op6,op5,80,squared,,10
p2890,,,op7,op6,1,const,,55
p2890,,,op8,op7,2,sqrt,,55
p2890,,,op9,op8,15,linear3,,37.5
p2890,,,op10,op9,2,sqrt,,55
p2891,2540.687,BATCH_PIPELINE,op1,,1,const,,55
p2891,,,op2,op1,5,linear3,,45
p2891,,,op3,op2,1,const,,55
p2891,,,op4,op3,15,linear3,,37.5
p2891,,,op5,op4,1,const,,55
p2891,,,op6,op5,2,sqrt,,55
p2891,,,op7,op6,20,linear7,,30
p2891,,,op8,op7,40,linear7,,20
p2892,2540.687,BATCH_PIPELINE,op1,,1,const,,55
p2892,,,op2,op1,20,linear7,,30
p2892,,,op3,op2,80,squared,,10
p2892,,,op4,op3,80,squared,,10
p2892,,,op5,op4,2,sqrt,,55
p2892,,,op6,op5,5,linear3,,45
p2892,,,op7,op6,20,linear7,,30
p2893,2540.687,BATCH_PIPELINE,op1,,1,const,,55
p2893,,,op2,op1,20,linear7,,30
p2893,,,op3,op2,40,linear7,,20
p2893,,,op4,op3,2,sqrt,,55
p2893,,,op5,op4,40,linear7,,20
p2893,,,op6,op5,40,linear7,,20
p2893,,,op7,op6,2,sqrt,,55
p2893,,,op8,op7,40,linear7,,20
p2893,,,op9,op8,20,linear7,,30
p2894,2540.687,BATCH_PIPELINE,op1,,1,const,,55
p2894,,,op2,op1,15,linear3,,37.5
p2894,,,op3,op2,1,const,,55
p2894,,,op4,op3,40,linear7,,20
p2894,,,op5,op4,40,linear7,,20
p2894,,,op6,op5,40,linear7,,20
p2894,,,op7,op6,2,sqrt,,55
p2894,,,op8,op7,40,linear7,,20
p2894,,,op9,op8,40,linear7,,20
p2894,,,op10,op9,2,sqrt,,55
p2894,,,op11,op10,40,linear7,,20
p2895,2540.687,BATCH_PIPELINE,op1,,1,const,,55
p2895,,,op2,op1,2,sqrt,,55
p2895,,,op3,op2,1,const,,55
p2895,,,op4,op3,15,linear3,,37.5
p2896,2540.687,BATCH_PIPELINE,op1,,1,const,,55
p2896,,,op2,op1,20,linear7,,30
p2896,,,op3,op2,20,linear7,,30
p2896,,,op4,op3,40,linear7,,20
p2896,,,op5,op4,2,sqrt,,55
p2896,,,op6,op5,15,linear3,,37.5
p2896,,,op7,op6,5,linear3,,45
p2896,,,op8,op7,20,linear7,,30
p2896,,,op9,op8,15,linear3,,37.5
p2896,,,op10,op9,2,sqrt,,55
p2897,2540.687,BATCH_PIPELINE,op1,,1,const,,55
p2897,,,op2,op1,20,linear7,,30
p2897,,,op3,op1,40,linear7,,20
p2897,,,op4,op1,20,linear7,,30
p2897,,,op5,op1,80,squared,,10
p2897,,,op6,op1,40,linear7,,20
p2897,,,op7,op1,15,linear3,,37.5
p2897,,,op8,op1,5,linear3,,45
p2897,,,op9,op1,20,linear7,,30
p2897,,,op10,op1,20,linear7,,30
p2897,,,op11,op1,15,linear3,,37.5
p2898,2540.687,BATCH_PIPELINE,op1,,1,const,,55
p2898,,,op2,,1,const,,55
p2898,,,op3,,5,linear3,,45
p2898,,,op4,,1,const,,55
p2898,,,op5,op1;op2;op3;op4,20,linear7,,30
p2899,2540.687,BATCH_PIPELINE,op1,,1,const,,55
p2899,,,op2,op1,40,linear7,,20
p2899,,,op3,op2,20,linear7,,30
p2899,,,op4,op3,5,linear3,,45
p2899,,,op5,op4,5,linear3,,45
p2899,,,op6,op5,20,linear7,,30
p2899,,,op7,op6,5,linear3,,45
p2899,,,op8,op7,20,linear7,,30
p2900,2540.687,INTERACTIVE,op1,,1,const,,55
p2900,,,op2,op1,15,linear3,,37.5
p2900,,,op3,op1,15,linear3,,37.5
p2900,,,op4,op1,2,sqrt,,55
p2900,,,op5,op1,15,linear3,,37.5
p2900,,,op6,op1,80,squared,,10
p2900,,,op7,op1,2,sqrt,,55
p2901,2550.672,BATCH_PIPELINE,op1,,1,const,,55
p2901,,,op2,op1,5,linear3,,45
p2901,,,op3,op2,15,linear3,,37.5
p2902,2550.672,BATCH_PIPELINE,op1,,1,const,,55
p2902,,,op2,op1,2,sqrt,,55
p2902,,,op3,op2,20,linear7,,30
p2902,,,op4,op3,5,linear3,,45
p2902,,,op5,op4,1,const,,55
p2902,,,op6,op5,20,linear7,,30
p2902,,,op7,op6,40,linear7,,20
p2902,,,op8,op7,80,squared,,10
p2903,2550.672,INTERACTIVE,op1,,1,const,,55
p2903,,,op2,op1,40,linear7,,20
p2903,,,op3,op2,2,sqrt,,55
p2903,,,op4,op3,1,const,,55
p2903,,,op5,op4,5,linear3,,45
p2903,,,op6,op5,80,squared,,10
p2903,,,op7,op6,5,linear3,,45
p2903,,,op8,op7,20,linear7,,30
p2903,,,op9,op8,20,linear7,,30
p2904,2550.672,BATCH_PIPELINE,op1,,1,const,,55
p2904,,,op2,op1,5,linear3,,45
p2904,,,op3,op1,80,squared,,10
p2904,,,op4,op1,40,linear7,,20
p2904,,,op5,op1,5,linear3,,45
p2905,2550.672,BATCH_PIPELINE,op1,,1,const,,55
p2905,,,op2,op1,15,linear3,,37.5
p2905,,,op3,op2,80,squared,,10
p2905,,,op4,op3,2,sqrt,,55
p2905,,,op5,op4,15,linear3,,37.5
p2905,,,op6,op5,1,const,,55
p2905,,,op7,op6,1,const,,55
p2905,,,op8,op7,2,sqrt,,55
p2906,2550.672,BATCH_PIPELINE,op1,,1,const,,55
p2906,,,op2,op1,15,linear3,,37.5
p2906,,,op3,op2,20,linear7,,30
p2906,,,op4,op3,40,linear7,,20
p2906,,,op5,op4,1,const,,55
p2906,,,op6,op5,2,sqrt,,55
p2907,2550.672,BATCH_PIPELINE,op1,,1,const,,55
p2907,,,op2,,80,squared,,10
p2907,,,op3,,1,const,,55
p2907,,,op4,,5,linear3,,45
p2907,,,op5,,5,linear3,,45
p2907,,,op6,op1;op2;op3;op4;op5,5,linear3,,45
p2908,2550.672,BATCH_PIPELINE,op1,,1,const,,55
p2908,,,op2,,15,linear3,,37.5
p2908,,,op3,,40,linear7,,20
p2908,,,op4,,15,linear3,,37.5
p2908,,,op5,,40,linear7,,20
p2908,,,op6,,5,linear3,,45
p2908,,,op7,op1;op2;op3;op4;op5;op6,1,const,,55
p2909,2550.672,BATCH_PIPELINE,op1,,1,const,,55
p2909,,,op2,op1,20,linear7,,30
p2909,,,op3,op2,80,squared,,10
p2909,,,op4,op3,15,linear3,,37.5
p2909,,,op5,op4,20,linear7,,30
p2909,,,op6,op5,40,linear7,,20
p2909,,,op7,op6,2,sqrt,,55
p2909,,,op8,op7,5,linear3,,45
p2909,,,op9,op8,80,squared,,10
p2909,,,op10,op9,20,linear7,,30
p2910,2550.672,BATCH_PIPELINE,op1,,1,const,,55
p2910,,,op2,op1,2,sqrt,,55
p2910,,,op3,op2,2,sqrt,,55
p2910,,,op4,op3,20,linear7,,30
p2910,,,op5,op4,5,linear3,,45
p2910,,,op6,op5,15,linear3,,37.5
p2910,,,op7,op6,5,linear3,,45
p2910,,,op8,op7,1,const,,55
p2910,,,op9,op8,20,linear7,,30
p2911,2555.708,BATCH_PIPELINE,op1,,1,const,,55
p2911,,,op2,op1,15,linear3,,37.5
p2911,,,op3,op2,40,linear7,,20
p2911,,,op4,op3,1,const,,55
p2911,,,op5,op4,5,linear3,,45
p2912,2555.708,BATCH_PIPELINE,op1,,1,const,,55
p2912,,,op2,op1,20,linear7,,30
p2912,,,op3,op2,1,const,,55
p2912,,,op4,op3,20,linear7,,30
p2912,,,op5,op4,2,sqrt,,55
p2912,,,op6,op5,1,const,,55
p2913,2555.708,INTERACTIVE,op1,,1,const,,55
p2913,,,op2,op1,2,sqrt,,55
p2913,,,op3,op2,15,linear3,,37.5
p2913,,,op4,op3,5,linear3,,45
p2913,,,op5,op4,20,linear7,,30
p2913,,,op6,op5,40,linear7,,20
p2913,,,op7,op6,40,linear7,,20
p2913,,,op8,op7,15,linear3,,37.5
p2913,,,op9,op8,40,linear7,,20
p2914,2555.708,BATCH_PIPELINE,op1,,1,const,,55
p2914,,,op2,op1,1,const,,55
p2914,,,op3,op2,40,linear7,,20
p2914,,,op4,op3,2,sqrt,,55
p2914,,,op5,op4,15,linear3,,37.5
p2914,,,op6,op5,2,sqrt,,55
p2914,,,op7,op6,80,squared,,10
p2914,,,op8,op7,80,squared,,10
p2914,,,op9,op8,80,squared,,10
p2914,,,op10,op9,15,linear3,,37.5
p2914,,,op11,op10,40,linear7,,20
p2915,2555.708,BATCH_PIPELINE,op1,,1,const,,55
p2915,,,op2,op1,5,linear3,,45
p2916,2555.708,BATCH_PIPELINE,op1,,1,const,,55
p2916,,,op2,op1,5,linear3,,45
p2916,,,op3,op2,15,linear3,,37.5
p2916,,,op4,op3,5,linear3,,45
p2916,,,op5,op4,20,linear7,,30
p2916,,,op6,op5,5,linear3,,45
p2916,,,op7,op6,20,linear7,,30
p2917,2555.708,BATCH_PIPELINE,op1,,1,const,,55
p2917,,,op2,op1,40,linear7,,20
p2917,,,op3,op1,80,squared,,10
p2917,,,op4,op1,15,linear3,,37.5
p2917,,,op5,op1,1,const,,55
p2917,,,op6,op1,2,sqrt,,55
p2917,,,op7,op1,2,sqrt,,55
p2917,,,op8,op1,2,sqrt,,55
p2918,2555.708,BATCH_PIPELINE,op1,,1,const,,55
p2918,,,op2,,40,linear7,,20
p2918,,,op3,,80,squared,,10
p2918,,,op4,,2,sqrt,,55
p2918,,,op5,,15,linear3,,37.5
p2918,,,op6,,5,linear3,,45
p2918,,,op7,,20,linear7,,30
p2918,,,op8,,1,const,,55
p2918,,,op9,,5,linear3,,45
p2918,,,op10,op1;op2;op3;op4;op5;op6;op7;op8;op9,40,linear7,,20
p2919,2555.708,BATCH_PIPELINE,op1,,1,const,,55
p2919,,,op2,op1,1,const,,55
p2919,,,op3,op2,40,linear7,,20
p2919,,,op4,op3,1,const,,55
p2919,,,op5,op4,15,linear3,,37.5
p2920,2555.708,BATCH_PIPELINE,op1,,1,const,,55
p2920,,,op2,op1,20,linear7,,30
p2920,,,op3,op2,5,linear3,,45
p2920,,,op4,op3,20,linear7,,30
p2920,,,op5,op4,15,linear3,,37.5
p2920,,,op6,op5,15,linear3,,37.5
p2920,,,op7,op6,15,linear3,,37.5
p2920,,,op8,op7,5,linear3,,45
p2921,2565.188,BATCH_PIPELINE,op1,,1,const,,55
p2921,,,op2,,5,linear3,,45
p2921,,,op3,,15,linear3,,37.5
p2921,,,op4,op1;op2;op3,2,sqrt,,55
p2922,2565.188,BATCH_PIPELINE,op1,,1,const,,55
p2922,,,op2,,40,linear7,,20
p2922,,,op3,,15,linear3,,37.5
p2922,,,op4,,5,linear3,,45
p2922,,,op5,op1;op2;op3;op4,1,const,,55
p2923,2565.188,BATCH_PIPELINE,op1,,1,const,,55
p2923,,,op2,op1,15,linear3,,37.5
p2923,,,op3,op2,5,linear3,,45
p2923,,,op4,op3,1,const,,55
p2923,,,op5,op4,1,const,,55
p2923,,,op6,op5,15,linear3,,37.5
p2924,2565.188,INTERACTIVE,op1,,1,const,,55
p2924,,,op2,op1,40,linear7,,20
p2924,,,op3,op2,2,sqrt,,55
p2924,,,op4,op3,20,linear7,,30
p2924,,,op5,op4,20,linear7,,30
p2924,,,op6,op5,5,linear3,,45
p2924,,,op7,op6,40,linear7,,20
p2924,,,op8,op7,1,const,,55
p2924,,,op9,op8,2,sqrt,,55
p2925,2565.188,BATCH_PIPELINE,op1,,1,const,,55
p2925,,,op2,,20,linear7,,30
p2925,,,op3,,5,linear3,,45
p2925,,,op4,,5,linear3,,45
p2925,,,op5,,1,const,,55
p2925,,,op6,op1;op2;op3;op4;op5,1,const,,55
p2926,2565.188,BATCH_PIPELINE,op1,,1,const,,55
p2926,,,op2,op1,40,linear7,,20
p2926,,,op3,op2,2,sqrt,,55
p2926,,,op4,op3,5,linear3,,45
p2926,,,op5,op4,5,linear3,,45
p2926,,,op6,op5,80,squared,,10
p2926,,,op7,op6,15,linear3,,37.5
p2926,,,op8,op7,1,const,,55
p2926,,,op9,op8,40,linear7,,20
p2927,2565.188,BATCH_PIPELINE,op1,,1,const,,55
p2927,,,op2,op1,20,linear7,,30
p2927,,,op3,op2,80,squared,,10
p2927,,,op4,op3,20,linear7,,30
p2927,,,op5,op4,1,const,,55
p2927,,,op6,op5,20,linear7,,30
p2927,,,op7,op6,20,linear7,,30
p2928,2565.188,BATCH_PIPELINE,op1,,1,const,,55
p2928,,,op2,op1,40,linear7,,20
p2928,,,op3,op2,2,sqrt,,55
p2928,,,op4,op3,15,linear3,,37.5
p2928,,,op5,op4,2,sqrt,,55
p2928,,,op6,op5,15,linear3,,37.5
p2928,,,op7,op6,80,squared,,10
p2928,,,op8,op7,1,const,,55
p2928,,,op9,op8,1,const,,55
p2928,,,op10,op9,40,linear7,,20
p2929,2565.188,BATCH_PIPELINE,op1,,1,const,,55
p2929,,,op2,op1,15,linear3,,37.5
p2929,,,op3,op1,20,linear7,,30
p2929,,,op4,op1,15,linear3,,37.5
p2929,,,op5,op1,1,const,,55
p2929,,,op6,op1,80,squared,,10
p2929,,,op7,op1,15,linear3,,37.5
p2929,,,op8,op1,1,const,,55
p2929,,,op9,op1,15,linear3,,37.5
p2929,,,op10,op1,20,linear7,,30
p2930,2565.188,INTERACTIVE,op1,,1,const,,55
p2930,,,op2,op1,1,const,,55
p2930,,,op3,op2,20,linear7,,30
p2930,,,op4,op3,1,const,,55
p2930,,,op5,op4,80,squared,,10
p2930,,,op6,op5,5,linear3,,45
p2930,,,op7,op6,20,linear7,,30
p2930,,,op8,op7,5,linear3,,45
p2930,,,op9,op8,5,linear3,,45
p2931,2572.386,BATCH_PIPELINE,op1,,1,const,,55
p2931,,,op2,op1,5,linear3,,45
p2931,,,op3,op2,5,linear3,,45
p2931,,,op4,op3,15,linear3,,37.5
p2931,,,op5,op4,15,linear3,,37.5
p2931,,,op6,op5,2,sqrt,,55
p2932,2572.386,QUERY,op1,,15,linear3,,35
p2933,2572.386,BATCH_PIPELINE,op1,,1,const,,55
p2933,,,op2,op1,20,linear7,,30
p2933,,,op3,op2,5,linear3,,45
p2933,,,op4,op3,2,sqrt,,55
p2933,,,op5,op4,20,linear7,,30
p2933,,,op6,op5,5,linear3,,45
p2933,,,op7,op6,80,squared,,10
p2933,,,op8,op7,15,linear3,,37.5
p2933,,,op9,op8,1,const,,55
p2934,2572.386,BATCH_PIPELINE,op1,,1,const,,55
p2934,,,op2,op1,20,linear7,,30
p2934,,,op3,op2,15,linear3,,37.5
p2934,,,op4,op3,15,linear3,,37.5
p2934,,,op5,op4,15,linear3,,37.5
p2934,,,op6,op5,20,linear7,,30
p2935,2572.386,INTERACTIVE,op1,,1,const,,55
p2935,,,op2,op1,5,linear3,,45
p2935,,,op3,op2,20,linear7,,30
p2935,,,op4,op3,80,squared,,10
p2935,,,op5,op4,40,linear7,,20
p2935,,,op6,op5,80,squared,,10
p2935,,,op7,op6,15,linear3,,37.5
p2935,,,op8,op7,2,sqrt,,55
p2935,,,op9,op8,2,sqrt,,55
p2936,2572.386,BATCH_PIPELINE,op1,,1,const,,55
p2936,,,op2,,2,sqrt,,55
p2936,,,op3,,80,squared,,10
p2936,,,op4,op1;op2;op3,15,linear3,,37.5
p2937,2572.386,BATCH_PIPELINE,op1,,1,const,,55
p2937,,,op2,op1,5,linear3,,45
p2937,,,op3,op2,2,sqrt,,55
p2937,,,op4,op3,2,sqrt,,55
p2937,,,op5,op4,5,linear3,,45
p2937,,,op6,op5,5,linear3,,45
p2937,,,op7,op6,1,const,,55
p2937,,,op8,op7,5,linear3,,45
p2937,,,op9,op8,20,linear7,,30
p2937,,,op10,op9,2,sqrt,,55
p2937,,,op11,op10,5,linear3,,45
p2937,,,op12,op11,80,squared,,10
p2938,2572.386,BATCH_PIPELINE,op1,,1,const,,55
p2938,,,op2,op1,15,linear3,,37.5
p2938,,,op3,op2,40,linear7,,20
p2938,,,op4,op3,80,squared,,10
p2938,,,op5,op4,20,linear7,,30
p2938,,,op6,op5,2,sqrt,,55
p2938,,,op7,op6,2,sqrt,,55
p2938,,,op8,op7,5,linear3,,45
p2938,,,op9,op8,80,squared,,10
p2938,,,op10,op9,5,linear3,,45
p2938,,,op11,op10,15,linear3,,37.5
p2939,2572.386,BATCH_PIPELINE,op1,,1,const,,55
p2939,,,op2,op1,5,linear3,,45
p2939,,,op3,op2,5,linear3,,45
p2939,,,op4,op3,1,const,,55
p2939,,,op5,op4,15,linear3,,37.5
p2940,2572.386,BATCH_PIPELINE,op1,,1,const,,55
p2940,,,op2,op1,1,const,,55
p2940,,,op3,op1,2,sqrt,,55
p2940,,,op4,op1,1,const,,55
p2940,,,op5,op1,40,linear7,,20
p2940,,,op6,op1,20,linear7,,30
p2941,2579.059,BATCH_PIPELINE,op1,,1,const,,55
p2941,,,op2,op1,5,linear3,,45
p2941,,,op3,op2,1,const,,55
p2941,,,op4,op3,2,sqrt,,55
p2941,,,op5,op4,20,linear7,,30
p2941,,,op6,op5,80,squared,,10
p2941,,,op7,op6,15,linear3,,37.5
p2941,,,op8,op7,2,sqrt,,55
p2941,,,op9,op8,80,squared,,10
p2941,,,op10,op9,20,linear7,,30
p2942,2579.059,BATCH_PIPELINE,op1,,1,const,,55
p2942,,,op2,,15,linear3,,37.5
p2942,,,op3,,20,linear7,,30
p2942,,,op4,,1,const,,55
p2942,,,op5,,1,const,,55
p2942,,,op6,,2,sqrt,,55
p2942,,,op7,op1;op2;op3;op4;op5;op6,5,linear3,,45
p2943,2579.059,BATCH_PIPELINE,op1,,1,const,,55
p2943,,,op2,op1,2,sqrt,,55
p2943,,,op3,op1,5,linear3,,45
p2943,,,op4,op1,2,sqrt,,55
p2943,,,op5,op1,40,linear7,,20
p2943,,,op6,op1,40,linear7,,20
p2943,,,op7,op1,5,linear3,,45
p2943,,,op8,op1,80,squared,,10
p2943,,,op9,op1,2,sqrt,,55
p2944,2579.059,BATCH_PIPELINE,op1,,1,const,,55
p2944,,,op2,op1,20,linear7,,30
p2944,,,op3,op2,1,const,,55
p2944,,,op4,op3,20,linear7,,30
p2944,,,op5,op4,1,const,,55
p2944,,,op6,op5,20,linear7,,30
p2944,,,op7,op6,20,linear7,,30
p2944,,,op8,op7,40,linear7,,20
p2944,,,op9,op8,20,linear7,,30
p2944,,,op10,op9,15,linear3,,37.5
p2945,2579.059,BATCH_PIPELINE,op1,,1,const,,55
p2945,,,op2,op1,5,linear3,,45
p2945,,,op3,op2,5,linear3,,45
p2945,,,op4,op3,2,sqrt,,55
p2945,,,op5,op4,1,const,,55
p2945,,,op6,op5,1,const,,55
p2945,,,op7,op6,1,const,,55
p2946,2579.059,BATCH_PIPELINE,op1,,1,const,,55
p2946,,,op2,op1,15,linear3,,37.5
p2946,,,op3,op2,5,linear3,,45
p2946,,,op4,op3,1,const,,55
p2946,,,op5,op4,5,linear3,,45
p2946,,,op6,op5,40,linear7,,20
p2946,,,op7,op6,2,sqrt,,55
p2946,,,op8,op7,15,linear3,,37.5
p2947,2579.059,BATCH_PIPELINE,op1,,1,const,,55
p2947,,,op2,op1,20,linear7,,30
p2947,,,op3,op2,5,linear3,,45
p2947,,,op4,op3,80,squared,,10
p2947,,,op5,op4,40,linear7,,20
p2947,,,op6,op5,1,const,,55
p2948,2579.059,BATCH_PIPELINE,op1,,1,const,,55
p2948,,,op2,op1,15,linear3,,37.5
p2948,,,op3,op2,40,linear7,,20
p2948,,,op4,op3,20,linear7,,30
p2948,,,op5,op4,20,linear7,,30
p2948,,,op6,op5,20,linear7,,30
p2948,,,op7,op6,15,linear3,,37.5
p2948,,,op8,op7,2,sqrt,,55
p2948,,,op9,op8,20,linear7,,30
p2948,,,op10,op9,5,linear3,,45
p2948,,,op11,op10,5,linear3,,45
p2948,,,op12,op11,80,squared,,10
p2949,2579.059,BATCH_PIPELINE,op1,,1,const,,55
p2949,,,op2,op1,5,linear3,,45
p2949,,,op3,op2,1,const,,55
p2949,,,op4,op3,80,squared,,10
p2949,,,op5,op4,15,linear3,,37.5
p2949,,,op6,op5,1,const,,55
p2949,,,op7,op6,40,linear7,,20
p2949,,,op8,op7,15,linear3,,37.5
p2949,,,op9,op8,2,sqrt,,55
p2949,,,op10,op9,40,linear7,,20
p2949,,,op11,op10,1,const,,55
p2950,2579.059,BATCH_PIPELINE,op1,,1,const,,55
p2950,,,op2,op1,80,squared,,10
p2950,,,op3,op2,5,linear3,,45
p2950,,,op4,op3,20,linear7,,30
p2950,,,op5,op4,80,squared,,10
p2950,,,op6,op5,15,linear3,,37.5
p2950,,,op7,op6,20,linear7,,30
p2951,2585.275,BATCH_PIPELINE,op1,,1,const,,55
p2951,,,op2,op1,15,linear3,,37.5
p2951,,,op3,op2,15,linear3,,37.5
p2951,,,op4,op3,5,linear3,,45
p2951,,,op5,op4,15,linear3,,37.5
p2951,,,op6,op5,80,squared,,10
p2952,2585.275,BATCH_PIPELINE,op1,,1,const,,55
p2952,,,op2,op1,2,sqrt,,55
p2952,,,op3,op1,80,squared,,10
p2952,,,op4,op1,15,linear3,,37.5
p2952,,,op5,op1,40,linear7,,20
p2952,,,op6,op1,20,linear7,,30
p2952,,,op7,op1,80,squared,,10
p2953,2585.275,BATCH_PIPELINE,op1,,1,const,,55
p2953,,,op2,op1,40,linear7,,20
p2953,,,op3,op2,20,linear7,,30
p2953,,,op4,op3,80,squared,,10
p2953,,,op5,op4,20,linear7,,30
p2954,2585.275,BATCH_PIPELINE,op1,,1,const,,55
p2954,,,op2,,20,linear7,,30
p2954,,,op3,,5,linear3,,45
p2954,,,op4,,5,linear3,,45
p2954,,,op5,,5,linear3,,45
p2954,,,op6,,15,linear3,,37.5
p2954,,,op7,,5,linear3,,45
p2954,,,op8,op1;op2;op3;op4;op5;op6;op7,20,linear7,,30
p2955,2585.275,BATCH_PIPELINE,op1,,1,const,,55
p2955,,,op2,op1,5,linear3,,45
p2955,,,op3,op2,5,linear3,,45
p2955,,,op4,op3,1,const,,55
p2955,,,op5,op4,5,linear3,,45
p2955,,,op6,op5,2,sqrt,,55
p2955,,,op7,op6,15,linear3,,37.5
p2955,,,op8,op7,2,sqrt,,55
p2956,2585.275,BATCH_PIPELINE,op1,,1,const,,55
p2956,,,op2,op1,80,squared,,10
p2956,,,op3,op2,5,linear3,,45
p2956,,,op4,op3,80,squared,,10
p2956,,,op5,op4,1,const,,55
p2956,,,op6,op5,15,linear3,,37.5
p2956,,,op7,op6,2,sqrt,,55
p2956,,,op8,op7,80,squared,,10
p2956,,,op9,op8,5,linear3,,45
p2956,,,op10,op9,20,linear7,,30
p2956,,,op11,op10,20,linear7,,30
p2956,,,op12,op11,15,linear3,,37.5
p2957,2585.275,BATCH_PIPELINE,op1,,1,const,,55
p2957,,,op2,,15,linear3,,37.5
p2957,,,op3,,20,linear7,,30
p2957,,,op4,,80,squared,,10
p2957,,,op5,,5,linear3,,45
p2957,,,op6,,1,const,,55
p2957,,,op7,,2,sqrt,,55
p2957,,,op8,,2,sqrt,,55
p2957,,,op9,,2,sqrt,,55
p2957,,,op10,op1;op2;op3;op4;op5;op6;op7;op8;op9,2,sqrt,,55
p2958,2585.275,QUERY,op1,,15,linear3,,35
p2959,2585.275,BATCH_PIPELINE,op1,,1,const,,55
p2959,,,op2,op1,40,linear7,,20
p2959,,,op3,op2,20,linear7,,30
p2959,,,op4,op3,80,squared,,10
p2959,,,op5,op4,20,linear7,,30
p2959,,,op6,op5,5,linear3,,45
p2959,,,op7,op6,40,linear7,,20
p2959,,,op8,op7,15,linear3,,37.5
p2960,2585.275,BATCH_PIPELINE,op1,,1,const,,55
p2960,,,op2,op1,15,linear3,,37.5
p2960,,,op3,op2,5,linear3,,45
p2960,,,op4,op3,2,sqrt,,55
p2960,,,op5,op4,1,const,,55
p2960,,,op6,op5,2,sqrt,,55
p2960,,,op7,op6,15,linear3,,37.5
p2960,,,op8,op7,40,linear7,,20
p2960,,,op9,op8,20,linear7,,30
p2961,2593.646,BATCH_PIPELINE,op1,,1,const,,55
p2961,,,op2,op1,1,const,,55
p2961,,,op3,op2,1,const,,55
p2961,,,op4,op3,40,linear7,,20
p2961,,,op5,op4,80,squared,,10
p2961,,,op6,op5,20,linear7,,30
p2961,,,op7,op6,15,linear3,,37.5
p2962,2593.646,BATCH_PIPELINE,op1,,1,const,,55
p2962,,,op2,op1,20,linear7,,30
p2962,,,op3,op2,20,linear7,,30
p2962,,,op4,op3,40,linear7,,20
p2962,,,op5,op4,80,squared,,10
p2962,,,op6,op5,5,linear3,,45
p2962,,,op7,op6,80,squared,,10
p2963,2593.646,BATCH_PIPELINE,op1,,1,const,,55
p2963,,,op2,op1,20,linear7,,30
p2963,,,op3,op2,5,linear3,,45
p2963,,,op4,op3,5,linear3,,45
p2963,,,op5,op4,80,squared,,10
p2963,,,op6,op5,5,linear3,,45
p2964,2593.646,BATCH_PIPELINE,op1,,1,const,,55
p2964,,,op2,op1,40,linear7,,20
p2964,,,op3,op2,15,linear3,,37.5
p2964,,,op4,op3,1,const,,55
p2964,,,op5,op4,15,linear3,,37.5
p2964,,,op6,op5,1,const,,55
p2964,,,op7,op6,15,linear3,,37.5
p2964,,,op8,op7,20,linear7,,30
p2964,,,op9,op8,40,linear7,,20
p2964,,,op10,op9,15,linear3,,37.5
p2964,,,op11,op10,20,linear7,,30
p2965,2593.646,BATCH_PIPELINE,op1,,1,const,,55
p2965,,,op2,,2,sqrt,,55
p2965,,,op3,,20,linear7,,30
p2965,,,op4,,40,linear7,,20
p2965,,,op5,,15,linear3,,37.5
p2965,,,op6,,2,sqrt,,55
p2965,,,op7,,15,linear3,,37.5
p2965,,,op8,,20,linear7,,30
p2965,,,op9,op1;op2;op3;op4;op5;op6;op7;op8,2,sqrt,,55
p2966,2593.646,BATCH_PIPELINE,op1,,1,const,,55
p2966,,,op2,,80,squared,,10
p2966,,,op3,,20,linear7,,30
p2966,,,op4,,1,const,,55
p2966,,,op5,,80,squared,,10
p2966,,,op6,,40,linear7,,20
p2966,,,op7,,1,const,,55
p2966,,,op8,,2,sqrt,,55
p2966,,,op9,op1;op2;op3;op4;op5;op6;op7;op8,5,linear3,,45
p2967,2593.646,BATCH_PIPELINE,op1,,1,const,,55
p2967,,,op2,op1,20,linear7,,30
p2967,,,op3,op2,1,const,,55
p2968,2593.646,BATCH_PIPELINE,op1,,1,const,,55
p2968,,,op2,op1,1,const,,55
p2968,,,op3,op1,2,sqrt,,55
p2968,,,op4,op1,1,const,,55
p2968,,,op5,op1,5,linear3,,45
p2968,,,op6,op1,15,linear3,,37.5
p2968,,,op7,op1,1,const,,55
p2968,,,op8,op1,40,linear7,,20
p2968,,,op9,op1,15,linear3,,37.5
p2969,2593.646,BATCH_PIPELINE,op1,,1,const,,55
p2969,,,op2,op1,40,linear7,,20
p2969,,,op3,op2,5,linear3,,45
p2969,,,op4,op3,20,linear7,,30
p2969,,,op5,op4,20,linear7,,30
p2969,,,op6,op5,20,linear7,,30
p2969,,,op7,op6,80,squared,,10
p2970,2593.646,BATCH_PIPELINE,op1,,1,const,,55
p2970,,,op2,op1,20,linear7,,30
p2970,,,op3,op2,5,linear3,,45
p2970,,,op4,op3,2,sqrt,,55
p2970,,,op5,op4,80,squared,,10
p2970,,,op6,op5,80,squared,,10
p2970,,,op7,op6,5,linear3,,45
p2971,2599.57,BATCH_PIPELINE,op1,,1,const,,55
p2971,,,op2,op1,15,linear3,,37.5
p2971,,,op3,op2,2,sqrt,,55
p2971,,,op4,op3,5,linear3,,45
p2971,,,op5,op4,20,linear7,,30
p2971,,,op6,op5,5,linear3,,45
p2971,,,op7,op6,20,linear7,,30
p2971,,,op8,op7,15,linear3,,37.5
p2972,2599.57,BATCH_PIPELINE,op1,,1,const,,55
p2972,,,op2,op1,15,linear3,,37.5
p2972,,,op3,op2,20,linear7,,30
p2972,,,op4,op3,1,const,,55
p2972,,,op5,op4,5,linear3,,45
p2972,,,op6,op5,1,const,,55
p2972,,,op7,op6,15,linear3,,37.5
p2972,,,op8,op7,15,linear3,,37.5
p2972,,,op9,op8,15,linear3,,37.5
p2972,,,op10,op9,40,linear7,,20
p2972,,,op11,op10,1,const,,55
p2973,2599.57,BATCH_PIPELINE,op1,,1,const,,55
p2973,,,op2,op1,1,const,,55
p2973,,,op3,op2,40,linear7,,20
p2973,,,op4,op3,80,squared,,10
p2973,,,op5,op4,20,linear7,,30
p2973,,,op6,op5,1,const,,55
p2973,,,op7,op6,15,linear3,,37.5
p2973,,,op8,op7,15,linear3,,37.5
p2974,2599.57,BATCH_PIPELINE,op1,,1,const,,55
p2974,,,op2,op1,80,squared,,10
p2974,,,op3,op2,20,linear7,,30
p2974,,,op4,op3,15,linear3,,37.5
p2974,,,op5,op4,40,linear7,,20
p2974,,,op6,op5,80,squared,,10
p2974,,,op7,op6,20,linear7,,30
p2974,,,op8,op7,15,linear3,,37.5
p2974,,,op9,op8,2,sqrt,,55
p2974,,,op10,op9,1,const,,55
p2975,2599.57,BATCH_PIPELINE,op1,,1,const,,55
p2975,,,op2,op1,5,linear3,,45
p2975,,,op3,op2,40,linear7,,20
p2975,,,op4,op3,5,linear3,,45
p2975,,,op5,op4,80,squared,,10
p2975,,,op6,op5,5,linear3,,45
p2975,,,op7,op6,2,sqrt,,55
p2975,,,op8,op7,1,const,,55
p2976,2599.57,BATCH_PIPELINE,op1,,1,const,,55
p2976,,,op2,op1,2,sqrt,,55
p2976,,,op3,op2,80,squared,,10
p2976,,,op4,op3,1,const,,55
p2976,,,op5,op4,40,linear7,,20
p2976,,,op6,op5,5,linear3,,45
p2976,,,op7,op6,15,linear3,,37.5
p2976,,,op8,op7,40,linear7,,20
p2976,,,op9,op8,20,linear7,,30
p2976,,,op10,op9,5,linear3,,45
p2977,2599.57,BATCH_PIPELINE,op1,,1,const,,55
p2977,,,op2,op1,20,linear7,,30
p2977,,,op3,op2,40,linear7,,20
p2977,,,op4,op3,1,const,,55
p2977,,,op5,op4,1,const,,55
p2977,,,op6,op5,40,linear7,,20
p2977,,,op7,op6,15,linear3,,37.5
p2977,,,op8,op7,20,linear7,,30
p2978,2599.57,BATCH_PIPELINE,op1,,1,const,,55
p2978,,,op2,op1,5,linear3,,45
p2978,,,op3,op2,15,linear3,,37.5
p2978,,,op4,op3,1,const,,55
p2978,,,op5,op4,15,linear3,,37.5
p2978,,,op6,op5,80,squared,,10
p2978,,,op7,op6,1,const,,55
p2978,,,op8,op7,1,const,,55
p2979,2599.57,BATCH_PIPELINE,op1,,1,const,,55
p2979,,,op2,op1,15,linear3,,37.5
p2979,,,op3,op2,5,linear3,,45
p2979,,,op4,op3,80,squared,,10
p2979,,,op5,op4,40,linear7,,20
p2980,2599.57,BATCH_PIPELINE,op1,,1,const,,55
p2980,,,op2,op1,2,sqrt,,55
p2980,,,op3,op2,5,linear3,,45
p2981,2608.587,BATCH_PIPELINE,op1,,1,const,,55
p2981,,,op2,op1,80,squared,,10
p2981,,,op3,op2,20,linear7,,30
p2981,,,op4,op3,20,linear7,,30
p2981,,,op5,op4,80,squared,,10
p2981,,,op6,op5,80,squared,,10
p2981,,,op7,op6,2,sqrt,,55
p2982,2608.587,BATCH_PIPELINE,op1,,1,const,,55
p2982,,,op2,op1,5,linear3,,45
p2982,,,op3,op2,1,const,,55
p2982,,,op4,op3,20,linear7,,30
p2982,,,op5,op4,20,linear7,,30
p2982,,,op6,op5,5,linear3,,45
p2982,,,op7,op6,1,const,,55
p2982,,,op8,op7,40,linear7,,20
p2982,,,op9,op8,15,linear3,,37.5
p2983,2608.587,BATCH_PIPELINE,op1,,1,const,,55
p2983,,,op2,op1,2,sqrt,,55
p2983,,,op3,op1,15,linear3,,37.5
p2984,2608.587,BATCH_PIPELINE,op1,,1,const,,55
p2984,,,op2,op1,15,linear3,,37.5
p2984,,,op3,op2,1,const,,55
p2984,,,op4,op3,2,sqrt,,55
p2984,,,op5,op4,40,linear7,,20
p2984,,,op6,op5,5,linear3,,45
p2984,,,op7,op6,40,linear7,,20
p2984,,,op8,op7,20,linear7,,30
p2985,2608.587,BATCH_PIPELINE,op1,,1,const,,55
p2985,,,op2,op1,5,linear3,,45
p2985,,,op3,op2,20,linear7,,30
p2985,,,op4,op3,1,const,,55
p2985,,,op5,op4,40,linear7,,20
p2985,,,op6,op5,5,linear3,,45
p2985,,,op7,op6,15,linear3,,37.5
p2985,,,op8,op7,15,linear3,,37.5
p2986,2608.587,BATCH_PIPELINE,op1,,1,const,,55
p2986,,,op2,op1,20,linear7,,30
p2986,,,op3,op2,1,const,,55
p2986,,,op4,op3,1,const,,55
p2986,,,op5,op4,20,linear7,,30
p2987,2608.587,INTERACTIVE,op1,,1,const,,55
p2987,,,op2,op1,40,linear7,,20
p2987,,,op3,op2,2,sqrt,,55
p2987,,,op4,op3,15,linear3,,37.5
p2987,,,op5,op4,1,const,,55
p2987,,,op6,op5,15,linear3,,37.5
p2987,,,op7,op6,2,sqrt,,55
p2987,,,op8,op7,40,linear7,,20
p2988,2608.587,INTERACTIVE,op1,,1,const,,55
p2988,,,op2,op1,2,sqrt,,55
p2988,,,op3,op2,15,linear3,,37.5
p2988,,,op4,op3,5,linear3,,45
p2988,,,op5,op4,40,linear7,,20
p2988,,,op6,op5,20,linear7,,30
p2989,2608.587,BATCH_PIPELINE,op1,,1,const,,55
p2989,,,op2,op1,15,linear3,,37.5
p2989,,,op3,op1,1,const,,55
p2989,,,op4,op1,5,linear3,,45
p2989,,,op5,op1,80,squared,,10
p2989,,,op6,op1,5,linear3,,45
p2989,,,op7,op1,1,const,,55
p2990,2608.587,BATCH_PIPELINE,op1,,1,const,,55
p2990,,,op2,op1,5,linear3,,45
p2990,,,op3,op2,2,sqrt,,55
p2990,,,op4,op3,20,linear7,,30
p2990,,,op5,op4,15,linear3,,37.5
p2990,,,op6,op5,1,const,,55
p2990,,,op7,op6,15,linear3,,37.5
p2990,,,op8,op7,2,sqrt,,55
p2990,,,op9,op8,80,squared,,10
p2991,2619.598,BATCH_PIPELINE,op1,,1,const,,55
p2991,,,op2,op1,5,linear3,,45
p2991,,,op3,op1,20,linear7,,30
p2991,,,op4,op1,80,squared,,10
p2991,,,op5,op1,5,linear3,,45
p2991,,,op6,op1,80,squared,,10
p2991,,,op7,op1,40,linear7,,20
p2991,,,op8,op1,15,linear3,,37.5
p2992,2619.598,BATCH_PIPELINE,op1,,1,const,,55
p2992,,,op2,op1,2,sqrt,,55
p2992,,,op3,op2,20,linear7,,30
p2992,,,op4,op3,2,sqrt,,55
p2992,,,op5,op4,5,linear3,,45
p2992,,,op6,op5,5,linear3,,45
p2992,,,op7,op6,1,const,,55
p2992,,,op8,op7,20,linear7,,30
p2993,2619.598,BATCH_PIPELINE,op1,,1,const,,55
p2993,,,op2,op1,5,linear3,,45
p2993,,,op3,op2,2,sqrt,,55
p2993,,,op4,op3,15,linear3,,37.5
p2993,,,op5,op4,15,linear3,,37.5
p2993,,,op6,op5,20,linear7,,30
p2993,,,op7,op6,15,linear3,,37.5
p2993,,,op8,op7,80,squared,,10
p2993,,,op9,op8,20,linear7,,30
p2993,,,op10,op9,2,sqrt,,55
p2994,2619.598,BATCH_PIPELINE,op1,,1,const,,55
p2994,,,op2,,20,linear7,,30
p2994,,,op3,,20,linear7,,30
p2994,,,op4,,40,linear7,,20
p2994,,,op5,,2,sqrt,,55
p2994,,,op6,,40,linear7,,20
p2994,,,op7,,15,linear3,,37.5
p2994,,,op8,,2,sqrt,,55
p2994,,,op9,op1;op2;op3;op4;op5;op6;op7;op8,5,linear3,,45
p2995,2619.598,BATCH_PIPELINE,op1,,1,const,,55
p2995,,,op2,op1,80,squared,,10
p2995,,,op3,op2,40,linear7,,20
p2995,,,op4,op3,15,linear3,,37.5
p2995,,,op5,op4,15,linear3,,37.5
p2995,,,op6,op5,5,linear3,,45
p2996,2619.598,INTERACTIVE,op1,,1,const,,55
p2996,,,op2,op1,20,linear7,,30
p2996,,,op3,op2,15,linear3,,37.5
p2996,,,op4,op3,2,sqrt,,55
p2997,2619.598,BATCH_PIPELINE,op1,,1,const,,55
p2997,,,op2,op1,15,linear3,,37.5
p2997,,,op3,op2,80,squared,,10
p2997,,,op4,op3,80,squared,,10
p2997,,,op5,op4,5,linear3,,45
p2997,,,op6,op5,5,linear3,,45
p2997,,,op7,op6,20,linear7,,30
p2997,,,op8,op7,2,sqrt,,55
p2997,,,op9,op8,20,linear7,,30
p2997,,,op10,op9,15,linear3,,37.5
p2998,2619.598,BATCH_PIPELINE,op1,,1,const,,55
p2998,,,op2,op1,1,const,,55
p2998,,,op3,op2,80,squared,,10
p2998,,,op4,op3,40,linear7,,20
p2998,,,op5,op4,20,linear7,,30
p2998,,,op6,op5,15,linear3,,37.5
p2999,2619.598,BATCH_PIPELINE,op1,,1,const,,55
p2999,,,op2,op1,2,sqrt,,55
p2999,,,op3,op1,1,const,,55
p2999,,,op4,op1,2,sqrt,,55
p2999,,,op5,op1,15,linear3,,37.5
p2999,,,op6,op1,15,linear3,,37.5
p3000,2619.598,BATCH_PIPELINE,op1,,1,const,,55
p3000,,,op2,op1,5,linear3,,45
p3000,,,op3,op2,80,squared,,10
p3000,,,op4,op3,1,const,,55
p3000,,,op5,op4,1,const,,55
p3000,,,op6,op5,2,sqrt,,55
p3000,,,op7,op6,20,linear7,,30
p3000,,,op8,op7,15,linear3,,37.5
p3000,,,op9,op8,1,const,,55
p3000,,,op10,op9,2,sqrt,,55
p3000,,,op11,op10,1,const,,55
p3000,,,op12,op11,1,const,,55
p3001,2632.088,INTERACTIVE,op1,,1,const,,55
p3001,,,op2,op1,20,linear7,,30
p3001,,,op3,op2,20,linear7,,30
p3001,,,op4,op3,40,linear7,,20
p3001,,,op5,op4,20,linear7,,30
p3001,,,op6,op5,40,linear7,,20
p3001,,,op7,op6,20,linear7,,30
p3001,,,op8,op7,2,sqrt,,55
p3001,,,op9,op8,40,linear7,,20
p3001,,,op10,op9,15,linear3,,37.5
p3001,,,op11,op10,5,linear3,,45
p3002,2632.088,BATCH_PIPELINE,op1,,1,const,,55
p3002,,,op2,op1,5,linear3,,45
p3002,,,op3,op2,1,const,,55
p3002,,,op4,op3,1,const,,55
p3002,,,op5,op4,5,linear3,,45
p3002,,,op6,op5,20,linear7,,30
p3002,,,op7,op6,5,linear3,,45
p3002,,,op8,op7,80,squared,,10
p3002,,,op9,op8,5,linear3,,45
p3003,2632.088,BATCH_PIPELINE,op1,,1,const,,55
p3003,,,op2,op1,2,sqrt,,55
p3003,,,op3,op1,5,linear3,,45
p3003,,,op4,op1,5,linear3,,45
p3003,,,op5,op1,5,linear3,,45
p3003,,,op6,op1,15,linear3,,37.5
p3003,,,op7,op1,5,linear3,,45
p3004,2632.088,BATCH_PIPELINE,op1,,1,const,,55
p3004,,,op2,op1,15,linear3,,37.5
p3004,,,op3,op2,80,squared,,10
p3004,,,op4,op3,5,linear3,,45
p3004,,,op5,op4,5,linear3,,45
p3004,,,op6,op5,20,linear7,,30
p3004,,,op7,op6,5,linear3,,45
p3005,2632.088,BATCH_PIPELINE,op1,,1,const,,55
p3005,,,op2,op1,80,squared,,10
p3005,,,op3,op2,5,linear3,,45
p3005,,,op4,op3,40,linear7,,20
p3005,,,op5,op4,20,linear7,,30
p3005,,,op6,op5,20,linear7,,30
p3005,,,op7,op6,5,linear3,,45
p3005,,,op8,op7,5,linear3,,45
p3005,,,op9,op8,2,sqrt,,55
p3005,,,op10,op9,15,linear3,,37.5
p3005,,,op11,op10,5,linear3,,45
p3005,,,op12,op11,15,linear3,,37.5
p3006,2632.088,BATCH_PIPELINE,op1,,1,const,,55
p3006,,,op2,op1,40,linear7,,20
p3006,,,op3,op2,15,linear3,,37.5
p3006,,,op4,op3,80,squared,,10
p3006,,,op5,op4,5,linear3,,45
p3006,,,op6,op5,15,linear3,,37.5
p3006,,,op7,op6,1,const,,55
p3006,,,op8,op7,5,linear3,,45
p3007,2632.088,INTERACTIVE,op1,,1,const,,55
p3007,,,op2,op1,40,linear7,,20
p3007,,,op3,op2,20,linear7,,30
p3007,,,op4,op3,40,linear7,,20
p3007,,,op5,op4,15,linear3,,37.5
p3007,,,op6,op5,2,sqrt,,55
p3007,,,op7,op6,15,linear3,,37.5
p3008,2632.088,BATCH_PIPELINE,op1,,1,const,,55
p3008,,,op2,op1,5,linear3,,45
p3008,,,op3,op2,20,linear7,,30
p3008,,,op4,op3,15,linear3,,37.5
p3008,,,op5,op4,2,sqrt,,55
p3008,,,op6,op5,15,linear3,,37.5
p3008,,,op7,op6,5,linear3,,45
p3009,2632.088,INTERACTIVE,op1,,1,const,,55
p3009,,,op2,,1,const,,55
p3009,,,op3,,2,sqrt,,55
p3009,,,op4,,5,linear3,,45
p3009,,,op5,,5,linear3,,45
p3009,,,op6,,5,linear3,,45
p3009,,,op7,,40,linear7,,20
p3009,,,op8,,20,linear7,,30
p3009,,,op9,op1;op2;op3;op4;op5;op6;op7;op8,5,linear3,,45
p3010,2632.088,BATCH_PIPELINE,op1,,1,const,,55
p3010,,,op2,op1,40,linear7,,20
p3010,,,op3,op1,2,sqrt,,55
p3010,,,op4,op1,15,linear3,,37.5
p3010,,,op5,op1,2,sqrt,,55
p3010,,,op6,op1,2,sqrt,,55
p3010,,,op7,op1,1,const,,55
p3010,,,op8,op1,2,sqrt,,55
p3011,2641.275,BATCH_PIPELINE,op1,,1,const,,55
p3011,,,op2,op1,80,squared,,10
p3011,,,op3,op2,1,const,,55
p3011,,,op4,op3,1,const,,55
p3011,,,op5,op4,2,sqrt,,55
p3011,,,op6,op5,15,linear3,,37.5
p3011,,,op7,op6,20,linear7,,30
p3012,2641.275,BATCH_PIPELINE,op1,,1,const,,55
p3012,,,op2,op1,5,linear3,,45
p3012,,,op3,op2,80,squared,,10
p3012,,,op4,op3,1,const,,55
p3012,,,op5,op4,15,linear3,,37.5
p3012,,,op6,op5,20,linear7,,30
p3012,,,op7,op6,80,squared,,10
p3012,,,op8,op7,1,const,,55
p3012,,,op9,op8,5,linear3,,45
p3013,2641.275,BATCH_PIPELINE,op1,,1,const,,55
p3013,,,op2,op1,20,linear7,,30
p3013,,,op3,op2,40,linear7,,20
p3013,,,op4,op3,5,linear3,,45
p3014,2641.275,BATCH_PIPELINE,op1,,1,const,,55
p3014,,,op2,op1,40,linear7,,20
p3014,,,op3,op1,5,linear3,,45
p3014,,,op4,op1,40,linear7,,20
p3014,,,op5,op1,1,const,,55
p3014,,,op6,op1,20,linear7,,30
p3014,,,op7,op1,40,linear7,,20
p3015,2641.275,BATCH_PIPELINE,op1,,1,const,,55
p3015,,,op2,op1,15,linear3,,37.5
p3015,,,op3,op2,20,linear7,,30
p3015,,,op4,op3,15,linear3,,37.5
p3015,,,op5,op4,80,squared,,10
p3016,2641.275,INTERACTIVE,op1,,1,const,,55
p3016,,,op2,op1,20,linear7,,30
p3016,,,op3,op2,20,linear7,,30
p3016,,,op4,op3,80,squared,,10
p3016,,,op5,op4,40,linear7,,20
p3016,,,op6,op5,20,linear7,,30
p3016,,,op7,op6,20,linear7,,30
p3017,2641.275,BATCH_PIPELINE,op1,,1,const,,55
p3017,,,op2,,1,const,,55
p3017,,,op3,,15,linear3,,37.5
p3017,,,op4,,15,linear3,,37.5
p3017,,,op5,,80,squared,,10
p3017,,,op6,,5,linear3,,45
p3017,,,op7,,2,sqrt,,55
p3017,,,op8,op1;op2;op3;op4;op5;op6;op7,15,linear3,,37.5
p3018,2641.275,BATCH_PIPELINE,op1,,1,const,,55
p3018,,,op2,,5,linear3,,45
p3018,,,op3,,5,linear3,,45
p3018,,,op4,,5,linear3,,45
p3018,,,op5,,20,linear7,,30
p3018,,,op6,,2,sqrt,,55
p3018,,,op7,op1;op2;op3;op4;op5;op6,5,linear3,,45
p3019,2641.275,BATCH_PIPELINE,op1,,1,const,,55
p3019,,,op2,op1,15,linear3,,37.5
p3019,,,op3,op2,1,const,,55
p3019,,,op4,op3,2,sqrt,,55
p3019,,,op5,op4,2,sqrt,,55
p3019,,,op6,op5,2,sqrt,,55
p3019,,,op7,op6,20,linear7,,30
p3020,2641.275,BATCH_PIPELINE,op1,,1,const,,55
p3020,,,op2,op1,5,linear3,,45
p3020,,,op3,op1,20,linear7,,30
p3020,,,op4,op1,1,const,,55
p3020,,,op5,op1,5,linear3,,45
p3020,,,op6,op1,2,sqrt,,55
p3020,,,op7,op1,15,linear3,,37.5
p3021,2647.947,INTERACTIVE,op1,,1,const,,55
p3021,,,op2,op1,40,linear7,,20
p3021,,,op3,op2,20,linear7,,30
p3021,,,op4,op3,15,linear3,,37.5
p3022,2647.947,BATCH_PIPELINE,op1,,1,const,,55
p3022,,,op2,op1,15,linear3,,37.5
p3022,,,op3,op2,5,linear3,,45
p3022,,,op4,op3,1,const,,55
p3022,,,op5,op4,20,linear7,,30
p3022,,,op6,op5,15,linear3,,37.5
p3022,,,op7,op6,1,const,,55
p3022,,,op8,op7,20,linear7,,30
p3022,,,op9,op8,15,linear3,,37.5
p3022,,,op10,op9,2,sqrt,,55
p3022,,,op11,op10,2,sqrt,,55
p3022,,,op12,op11,20,linear7,,30
p3023,2647.947,BATCH_PIPELINE,op1,,1,const,,55
p3023,,,op2,op1,2,sqrt,,55
p3023,,,op3,op2,5,linear3,,45
p3023,,,op4,op3,20,linear7,,30
p3023,,,op5,op4,1,const,,55
p3023,,,op6,op5,15,linear3,,37.5
p3023,,,op7,op6,20,linear7,,30
p3023,,,op8,op7,15,linear3,,37.5
p3024,2647.947,INTERACTIVE,op1,,1,const,,55
p3024,,,op2,op1,2,sqrt,,55
p3024,,,op3,op1,15,linear3,,37.5
p3024,,,op4,op1,80,squared,,10
p3024,,,op5,op1,40,linear7,,20
p3024,,,op6,op1,5,linear3,,45
p3024,,,op7,op1,5,linear3,,45
p3024,,,op8,op1,5,linear3,,45
p3025,2647.947,BATCH_PIPELINE,op1,,1,const,,55
p3025,,,op2,op1,80,squared,,10
p3025,,,op3,op1,2,sqrt,,55
p3025,,,op4,op1,20,linear7,,30
p3025,,,op5,op1,20,linear7,,30
p3025,,,op6,op1,5,linear3,,45
p3025,,,op7,op1,2,sqrt,,55
p3025,,,op8,op1,15,linear3,,37.5
p3026,2647.947,BATCH_PIPELINE,op1,,1,const,,55
p3026,,,op2,op1,15,linear3,,37.5
p3026,,,op3,op2,5,linear3,,45
p3026,,,op4,op3,1,const,,55
p3026,,,op5,op4,15,linear3,,37.5
p3026,,,op6,op5,20,linear7,,30
p3026,,,op7,op6,2,sqrt,,55
p3026,,,op8,op7,1,const,,55
p3027,2647.947,BATCH_PIPELINE,op1,,1,const,,55
p3027,,,op2,op1,2,sqrt,,55
p3027,,,op3,op2,20,linear7,,30
p3027,,,op4,op3,5,linear3,,45
p3027,,,op5,op4,40,linear7,,20
p3027,,,op6,op5,40,linear7,,20
p3028,2647.947,BATCH_PIPELINE,op1,,1,const,,55
p3028,,,op2,op1,5,linear3,,45
p3028,,,op3,op2,1,const,,55
p3028,,,op4,op3,80,squared,,10
p3028,,,op5,op4,20,linear7,,30
p3028,,,op6,op5,5,linear3,,45
p3029,2647.947,INTERACTIVE,op1,,1,const,,55
p3029,,,op2,op1,15,linear3,,37.5
p3029,,,op3,op2,1,const,,55
p3029,,,op4,op3,5,linear3,,45
p3029,,,op5,op4,5,linear3,,45
p3029,,,op6,op5,15,linear3,,37.5
p3029,,,op7,op6,15,linear3,,37.5
p3030,2647.947,BATCH_PIPELINE,op1,,1,const,,55
p3030,,,op2,op1,2,sqrt,,55
p3030,,,op3,op2,1,const,,55
p3030,,,op4,op3,5,linear3,,45
p3030,,,op5,op4,1,const,,55
p3030,,,op6,op5,40,linear7,,20
p3030,,,op7,op6,15,linear3,,37.5
p3030,,,op8,op7,40,linear7,,20
p3030,,,op9,op8,80,squared,,10
p3030,,,op10,op9,2,sqrt,,55
p3030,,,op11,op10,5,linear3,,45
p3031,2659.944,INTERACTIVE,op1,,1,const,,55
p3031,,,op2,op1,40,linear7,,20
p3031,,,op3,op2,20,linear7,,30
p3031,,,op4,op3,80,squared,,10
p3031,,,op5,op4,15,linear3,,37.5
p3031,,,op6,op5,20,linear7,,30
p3031,,,op7,op6,15,linear3,,37.5
p3031,,,op8,op7,40,linear7,,20
p3031,,,op9,op8,5,linear3,,45
p3032,2659.944,BATCH_PIPELINE,op1,,1,const,,55
p3032,,,op2,op1,1,const,,55
p3032,,,op3,op1,40,linear7,,20
p3032,,,op4,op1,40,linear7,,20
p3032,,,op5,op1,5,linear3,,45
p3032,,,op6,op1,1,const,,55
p3032,,,op7,op1,20,linear7,,30
p3032,,,op8,op1,20,linear7,,30
p3032,,,op9,op1,20,linear7,,30
p3033,2659.944,BATCH_PIPELINE,op1,,1,const,,55
p3033,,,op2,op1,1,const,,55
p3033,,,op3,op2,2,sqrt,,55
p3033,,,op4,op3,15,linear3,,37.5
p3033,,,op5,op4,15,linear3,,37.5
p3033,,,op6,op5,20,linear7,,30
p3033,,,op7,op6,1,const,,55
p3034,2659.944,BATCH_PIPELINE,op1,,1,const,,55
p3034,,,op2,op1,15,linear3,,37.5
p3034,,,op3,op2,1,const,,55
p3034,,,op4,op3,40,linear7,,20
p3034,,,op5,op4,2,sqrt,,55
p3034,,,op6,op5,80,squared,,10
p3034,,,op7,op6,20,linear7,,30
p3035,2659.944,BATCH_PIPELINE,op1,,1,const,,55
p3035,,,op2,op1,15,linear3,,37.5
p3035,,,op3,op1,15,linear3,,37.5
p3035,,,op4,op1,20,linear7,,30
p3035,,,op5,op1,20,linear7,,30
p3035,,,op6,op1,2,sqrt,,55
p3035,,,op7,op1,5,linear3,,45
p3035,,,op8,op1,15,linear3,,37.5
p3035,,,op9,op1,20,linear7,,30
p3035,,,op10,op1,20,linear7,,30
p3035,,,op11,op1,15,linear3,,37.5
p3035,,,op12,op1,5,linear3,,45
p3036,2659.944,BATCH_PIPELINE,op1,,1,const,,55
p3036,,,op2,op1,2,sqrt,,55
p3036,,,op3,op2,5,linear3,,45
p3036,,,op4,op3,15,linear3,,37.5
p3036,,,op5,op4,15,linear3,,37.5
p3037,2659.944,BATCH_PIPELINE,op1,,1,const,,55
p3037,,,op2,op1,5,linear3,,45
p3037,,,op3,op1,15,linear3,,37.5
p3037,,,op4,op1,40,linear7,,20
p3037,,,op5,op1,20,linear7,,30
p3037,,,op6,op1,5,linear3,,45
p3038,2659.944,BATCH_PIPELINE,op1,,1,const,,55
p3038,,,op2,op1,15,linear3,,37.5
p3038,,,op3,op2,20,linear7,,30
p3038,,,op4,op3,15,linear3,,37.5
p3038,,,op5,op4,5,linear3,,45
p3038,,,op6,op5,2,sqrt,,55
p3038,,,op7,op6,15,linear3,,37.5
p3038,,,op8,op7,20,linear7,,30
p3038,,,op9,op8,40,linear7,,20
p3038,,,op10,op9,1,const,,55
p3038,,,op11,op10,80,squared,,10
p3039,2659.944,INTERACTIVE,op1,,1,const,,55
p3039,,,op2,op1,1,const,,55
p3039,,,op3,op2,1,const,,55
p3039,,,op4,op3,5,linear3,,45
p3039,,,op5,op4,20,linear7,,30
p3039,,,op6,op5,15,linear3,,37.5
p3039,,,op7,op6,15,linear3,,37.5
p3039,,,op8,op7,40,linear7,,20
p3039,,,op9,op8,15,linear3,,37.5
p3040,2659.944,QUERY,op1,,15,linear3,,35
p3041,2675.944,BATCH_PIPELINE,op1,,1,const,,55
p3041,,,op2,op1,20,linear7,,30
p3041,,,op3,op2,15,linear3,,37.5
p3041,,,op4,op3,15,linear3,,37.5
p3041,,,op5,op4,80,squared,,10
p3041,,,op6,op5,40,linear7,,20
p3042,2675.944,BATCH_PIPELINE,op1,,1,const,,55
p3042,,,op2,op1,2,sqrt,,55
p3042,,,op3,op2,20,linear7,,30
p3042,,,op4,op3,20,linear7,,30
p3042,,,op5,op4,80,squared,,10
p3042,,,op6,op5,80,squared,,10
p3043,2675.944,BATCH_PIPELINE,op1,,1,const,,55
p3043,,,op2,op1,1,const,,55
p3043,,,op3,op2,15,linear3,,37.5
p3043,,,op4,op3,1,const,,55
p3043,,,op5,op4,80,squared,,10
p3043,,,op6,op5,40,linear7,,20
p3044,2675.944,BATCH_PIPELINE,op1,,1,const,,55
p3044,,,op2,op1,80,squared,,10
p3044,,,op3,op2,2,sqrt,,55
p3044,,,op4,op3,2,sqrt,,55
p3044,,,op5,op4,5,linear3,,45
p3044,,,op6,op5,20,linear7,,30
p3044,,,op7,op6,5,linear3,,45
p3045,2675.944,BATCH_PIPELINE,op1,,1,const,,55
p3045,,,op2,,5,linear3,,45
p3045,,,op3,,1,const,,55
p3045,,,op4,,2,sqrt,,55
p3045,,,op5,,5,linear3,,45
p3045,,,op6,,2,sqrt,,55
p3045,,,op7,,20,linear7,,30
p3045,,,op8,,15,linear3,,37.5
p3045,,,op9,,15,linear3,,37.5
p3045,,,op10,,5,linear3,,45
p3045,,,op11,op1;op2;op3;op4;op5;op6;op7;op8;op9;op10,5,linear3,,45
p3046,2675.944,BATCH_PIPELINE,op1,,1,const,,55
p3046,,,op2,op1,1,const,,55
p3046,,,op3,op1,15,linear3,,37.5
p3046,,,op4,op1,2,sqrt,,55
p3046,,,op5,op1,5,linear3,,45
p3046,,,op6,op1,1,const,,55
p3046,,,op7,op1,5,linear3,,45
p3047,2675.944,BATCH_PIPELINE,op1,,1,const,,55
p3047,,,op2,op1,20,linear7,,30
p3047,,,op3,op2,40,linear7,,20
p3047,,,op4,op3,5,linear3,,45
p3047,,,op5,op4,15,linear3,,37.5
p3047,,,op6,op5,1,const,,55
p3047,,,op7,op6,2,sqrt,,55
p3047,,,op8,op7,15,linear3,,37.5
p3048,2675.944,BATCH_PIPELINE,op1,,1,const,,55
p3048,,,op2,op1,15,linear3,,37.5
p3048,,,op3,op2,1,const,,55
p3048,,,op4,op3,40,linear7,,20
p3048,,,op5,op4,1,const,,55
p3048,,,op6,op5,15,linear3,,37.5
p3049,2675.944,BATCH_PIPELINE,op1,,1,const,,55
p3049,,,op2,op1,5,linear3,,45
p3049,,,op3,op2,80,squared,,10
p3049,,,op4,op3,2,sqrt,,55
p3049,,,op5,op4,1,const,,55
p3050,2675.944,BATCH_PIPELINE,op1,,1,const,,55
p3050,,,op2,op1,20,linear7,,30
p3050,,,op3,op2,20,linear7,,30
p3050,,,op4,op3,5,linear3,,45
p3050,,,op5,op4,80,squared,,10
p3050,,,op6,op5,20,linear7,,30
p3050,,,op7,op6,15,linear3,,37.5
p3050,,,op8,op7,40,linear7,,20
p3050,,,op9,op8,1,const,,55
p3050,,,op10,op9,2,sqrt,,55
p3050,,,op11,op10,5,linear3,,45
p3050,,,op12,op11,40,linear7,,20
p3050,,,op13,op12,1,const,,55
p3051,2684.793,BATCH_PIPELINE,op1,,1,const,,55
p3051,,,op2,op1,20,linear7,,30
p3051,,,op3,op2,1,const,,55
p3051,,,op4,op3,80,squared,,10
p3052,2684.793,BATCH_PIPELINE,op1,,1,const,,55
p3052,,,op2,op1,2,sqrt,,55
p3052,,,op3,op2,2,sqrt,,55
p3052,,,op4,op3,15,linear3,,37.5
p3052,,,op5,op4,2,sqrt,,55
p3052,,,op6,op5,15,linear3,,37.5
p3052,,,op7,op6,2,sqrt,,55
p3052,,,op8,op7,20,linear7,,30
p3053,2684.793,BATCH_PIPELINE,op1,,1,const,,55
p3053,,,op2,op1,1,const,,55
p3053,,,op3,op2,1,const,,55
p3053,,,op4,op3,5,linear3,,45
p3054,2684.793,INTERACTIVE,op1,,1,const,,55
p3054,,,op2,,20,linear7,,30
p3054,,,op3,,20,linear7,,30
p3054,,,op4,,40,linear7,,20
p3054,,,op5,,5,linear3,,45
p3054,,,op6,,20,linear7,,30
p3054,,,op7,,40,linear7,,20
p3054,,,op8,,20,linear7,,30
p3054,,,op9,op1;op2;op3;op4;op5;op6;op7;op8,80,squared,,10
p3055,2684.793,BATCH_PIPELINE,op1,,1,const,,55
p3055,,,op2,op1,80,squared,,10
p3055,,,op3,op2,20,linear7,,30
p3055,,,op4,op3,5,linear3,,45
p3055,,,op5,op4,1,const,,55
p3055,,,op6,op5,2,sqrt,,55
p3055,,,op7,op6,2,sqrt,,55
p3055,,,op8,op7,15,linear3,,37.5
p3055,,,op9,op8,1,const,,55
p3055,,,op10,op9,40,linear7,,20
p3055,,,op11,op10,15,linear3,,37.5
p3056,2684.793,BATCH_PIPELINE,op1,,1,const,,55
p3056,,,op2,op1,1,const,,55
p3056,,,op3,op2,80,squared,,10
p3056,,,op4,op3,1,const,,55
p3056,,,op5,op4,1,const,,55
p3057,2684.793,BATCH_PIPELINE,op1,,1,const,,55
p3057,,,op2,op1,15,linear3,,37.5
p3057,,,op3,op2,40,linear7,,20
p3057,,,op4,op3,15,linear3,,37.5
p3057,,,op5,op4,1,const,,55
p3057,,,op6,op5,20,linear7,,30
p3057,,,op7,op6,20,linear7,,30
p3057,,,op8,op7,40,linear7,,20
p3058,2684.793,BATCH_PIPELINE,op1,,1,const,,55
p3058,,,op2,op1,2,sqrt,,55
p3058,,,op3,op2,1,const,,55
p3058,,,op4,op3,15,linear3,,37.5
p3058,,,op5,op4,20,linear7,,30
p3058,,,op6,op5,5,linear3,,45
p3059,2684.793,BATCH_PIPELINE,op1,,1,const,,55
p3059,,,op2,op1,15,linear3,,37.5
p3059,,,op3,op1,40,linear7,,20
p3059,,,op4,op1,2,sqrt,,55
p3059,,,op5,op1,20,linear7,,30
p3059,,,op6,op1,1,const,,55
p3059,,,op7,op1,2,sqrt,,55
p3059,,,op8,op1,40,linear7,,20
p3060,2684.793,BATCH_PIPELINE,op1,,1,const,,55
p3060,,,op2,op1,40,linear7,,20
p3060,,,op3,op2,2,sqrt,,55
p3060,,,op4,op3,5,linear3,,45
p3060,,,op5,op4,5,linear3,,45
p3060,,,op6,op5,40,linear7,,20
p3060,,,op7,op6,2,sqrt,,55
p3061,2691.404,BATCH_PIPELINE,op1,,1,const,,55
p3061,,,op2,op1,15,linear3,,37.5
p3061,,,op3,op2,15,linear3,,37.5
p3061,,,op4,op3,1,const,,55
p3062,2691.404,BATCH_PIPELINE,op1,,1,const,,55
p3062,,,op2,op1,80,squared,,10
p3062,,,op3,op2,15,linear3,,37.5
p3062,,,op4,op3,2,sqrt,,55
p3062,,,op5,op4,80,squared,,10
p3062,,,op6,op5,5,linear3,,45
p3062,,,op7,op6,15,linear3,,37.5
p3062,,,op8,op7,5,linear3,,45
p3062,,,op9,op8,20,linear7,,30
p3063,2691.404,BATCH_PIPELINE,op1,,1,const,,55
p3063,,,op2,op1,5,linear3,,45
p3063,,,op3,op1,40,linear7,,20
p3063,,,op4,op1,1,const,,55
p3063,,,op5,op1,15,linear3,,37.5
p3063,,,op6,op1,15,linear3,,37.5
p3063,,,op7,op1,5,linear3,,45
p3064,2691.404,BATCH_PIPELINE,op1,,1,const,,55
p3064,,,op2,op1,1,const,,55
p3064,,,op3,op2,5,linear3,,45
p3064,,,op4,op3,1,const,,55
p3065,2691.404,BATCH_PIPELINE,op1,,1,const,,55
p3065,,,op2,op1,15,linear3,,37.5
p3065,,,op3,op2,20,linear7,,30
p3065,,,op4,op3,1,const,,55
p3065,,,op5,op4,20,linear7,,30
p3065,,,op6,op5,80,squared,,10
p3066,2691.404,BATCH_PIPELINE,op1,,1,const,,55
p3066,,,op2,op1,15,linear3,,37.5
p3066,,,op3,op2,5,linear3,,45
p3066,,,op4,op3,80,squared,,10
p3066,,,op5,op4,5,linear3,,45
p3067,2691.404,BATCH_PIPELINE,op1,,1,const,,55
p3067,,,op2,op1,40,linear7,,20
p3067,,,op3,op2,15,linear3,,37.5
p3067,,,op4,op3,5,linear3,,45
p3067,,,op5,op4,2,sqrt,,55
p3067,,,op6,op5,40,linear7,,20
p3068,2691.404,INTERACTIVE,op1,,1,const,,55
p3068,,,op2,op1,15,linear3,,37.5
p3068,,,op3,op2,5,linear3,,45
p3068,,,op4,op3,1,const,,55
p3068,,,op5,op4,40,linear7,,20
p3068,,,op6,op5,5,linear3,,45
p3068,,,op7,op6,80,squared,,10
p3069,2691.404,BATCH_PIPELINE,op1,,1,const,,55
p3069,,,op2,op1,80,squared,,10
p3069,,,op3,op1,5,linear3,,45
p3069,,,op4,op1,2,sqrt,,55
p3069,,,op5,op1,1,const,,55
p3069,,,op6,op1,15,linear3,,37.5
p3070,2691.404,BATCH_PIPELINE,op1,,1,const,,55
p3070,,,op2,op1,2,sqrt,,55
p3070,,,op3,op2,5,linear3,,45
p3070,,,op4,op3,1,const,,55
p3070,,,op5,op4,5,linear3,,45
p3070,,,op6,op5,2,sqrt,,55
p3070,,,op7,op6,15,linear3,,37.5
p3070,,,op8,op7,15,linear3,,37.5
p3071,2697.994,BATCH_PIPELINE,op1,,1,const,,55
p3071,,,op2,op1,15,linear3,,37.5
p3071,,,op3,op2,15,linear3,,37.5
p3071,,,op4,op3,5,linear3,,45
p3071,,,op5,op4,20,linear7,,30
p3071,,,op6,op5,15,linear3,,37.5
p3071,,,op7,op6,20,linear7,,30
p3072,2697.994,BATCH_PIPELINE,op1,,1,const,,55
p3072,,,op2,,20,linear7,,30
p3072,,,op3,,20,linear7,,30
p3072,,,op4,,5,linear3,,45
p3072,,,op5,,5,linear3,,45
p3072,,,op6,op1;op2;op3;op4;op5,5,linear3,,45
p3073,2697.994,BATCH_PIPELINE,op1,,1,const,,55
p3073,,,op2,op1,2,sqrt,,55
p3073,,,op3,op1,20,linear7,,30
p3073,,,op4,op1,15,linear3,,37.5
p3073,,,op5,op1,15,linear3,,37.5
p3073,,,op6,op1,5,linear3,,45
p3074,2697.994,BATCH_PIPELINE,op1,,1,const,,55
p3074,,,op2,op1,5,linear3,,45
p3074,,,op3,op1,15,linear3,,37.5
p3074,,,op4,op1,1,const,,55
p3074,,,op5,op1,20,linear7,,30
p3074,,,op6,op1,5,linear3,,45
p3074,,,op7,op1,2,sqrt,,55
p3075,2697.994,BATCH_PIPELINE,op1,,1,const,,55
p3075,,,op2,op1,80,squared,,10
p3075,,,op3,op2,2,sqrt,,55
p3075,,,op4,op3,1,const,,55
p3075,,,op5,op4,15,linear3,,37.5
p3076,2697.994,BATCH_PIPELINE,op1,,1,const,,55
p3076,,,op2,op1,5,linear3,,45
p3076,,,op3,op2,40,linear7,,20
p3076,,,op4,op3,20,linear7,,30
p3076,,,op5,op4,1,const,,55
p3076,,,op6,op5,2,sqrt,,55
p3076,,,op7,op6,1,const,,55
p3076,,,op8,op7,80,squared,,10
p3076,,,op9,op8,2,sqrt,,55
p3077,2697.994,BATCH_PIPELINE,op1,,1,const,,55
p3077,,,op2,op1,15,linear3,,37.5
p3077,,,op3,op2,5,linear3,,45
p3077,,,op4,op3,20,linear7,,30
p3077,,,op5,op4,20,linear7,,30
p3077,,,op6,op5,5,linear3,,45
p3078,2697.994,INTERACTIVE,op1,,1,const,,55
p3078,,,op2,op1,15,linear3,,37.5
p3078,,,op3,op1,15,linear3,,37.5
p3078,,,op4,op1,2,sqrt,,55
p3078,,,op5,op1,2,sqrt,,55
p3079,2697.994,INTERACTIVE,op1,,1,const,,55
p3079,,,op2,,5,linear3,,45
p3079,,,op3,,20,linear7,,30
p3079,,,op4,,5,linear3,,45
p3079,,,op5,,5,linear3,,45
p3079,,,op6,op1;op2;op3;op4;op5,1,const,,55
p3080,2697.994,BATCH_PIPELINE,op1,,1,const,,55
p3080,,,op2,op1,80,squared,,10
p3080,,,op3,op2,15,linear3,,37.5
p3080,,,op4,op3,5,linear3,,45
p3080,,,op5,op4,20,linear7,,30
p3080,,,op6,op5,80,squared,,10
p3080,,,op7,op6,15,linear3,,37.5
p3080,,,op8,op7,1,const,,55
p3081,2707.967,BATCH_PIPELINE,op1,,1,const,,55
p3081,,,op2,op1,80,squared,,10
p3081,,,op3,op2,2,sqrt,,55
p3081,,,op4,op3,2,sqrt,,55
p3082,2707.967,QUERY,op1,,15,linear3,,35
p3083,2707.967,BATCH_PIPELINE,op1,,1,const,,55
p3083,,,op2,op1,5,linear3,,45
p3083,,,op3,op2,1,const,,55
p3083,,,op4,op3,20,linear7,,30
p3083,,,op5,op4,40,linear7,,20
p3083,,,op6,op5,5,linear3,,45
p3083,,,op7,op6,15,linear3,,37.5
p3084,2707.967,BATCH_PIPELINE,op1,,1,const,,55
p3084,,,op2,op1,1,const,,55
p3084,,,op3,op1,20,linear7,,30
p3084,,,op4,op1,5,linear3,,45
p3084,,,op5,op1,1,const,,55
p3084,,,op6,op1,80,squared,,10
p3084,,,op7,op1,80,squared,,10
p3084,,,op8,op1,5,linear3,,45
p3085,2707.967,BATCH_PIPELINE,op1,,1,const,,55
p3085,,,op2,,1,const,,55
p3085,,,op3,,1,const,,55
p3085,,,op4,,80,squared,,10
p3085,,,op5,,15,linear3,,37.5
p3085,,,op6,,15,linear3,,37.5
p3085,,,op7,op1;op2;op3;op4;op5;op6,2,sqrt,,55
p3086,2707.967,BATCH_PIPELINE,op1,,1,const,,55
p3086,,,op2,op1,1,const,,55
p3086,,,op3,op2,40,linear7,,20
p3086,,,op4,op3,1,const,,55
p3087,2707.967,BATCH_PIPELINE,op1,,1,const,,55
p3087,,,op2,,5,linear3,,45
p3087,,,op3,op1;op2,40,linear7,,20
p3088,2707.967,INTERACTIVE,op1,,1,const,,55
p3088,,,op2,op1,5,linear3,,45
p3088,,,op3,op2,80,squared,,10
p3088,,,op4,op3,5,linear3,,45
p3088,,,op5,op4,20,linear7,,30
p3088,,,op6,op5,40,linear7,,20
p3088,,,op7,op6,5,linear3,,45
p3089,2707.967,BATCH_PIPELINE,op1,,1,const,,55
p3089,,,op2,op1,15,linear3,,37.5
p3089,,,op3,op2,5,linear3,,45
p3089,,,op4,op3,1,const,,55
p3089,,,op5,op4,80,squared,,10
p3089,,,op6,op5,20,linear7,,30
p3090,2707.967,BATCH_PIPELINE,op1,,1,const,,55
p3090,,,op2,op1,20,linear7,,30
p3090,,,op3,op2,15,linear3,,37.5
p3090,,,op4,op3,15,linear3,,37.5
p3090,,,op5,op4,2,sqrt,,55
p3090,,,op6,op5,5,linear3,,45
p3090,,,op7,op6,20,linear7,,30
p3091,2719.343,BATCH_PIPELINE,op1,,1,const,,55
p3091,,,op2,op1,15,linear3,,37.5
p3091,,,op3,op2,2,sqrt,,55
p3091,,,op4,op3,1,const,,55
p3092,2719.343,BATCH_PIPELINE,op1,,1,const,,55
p3092,,,op2,op1,15,linear3,,37.5
p3092,,,op3,op2,5,linear3,,45
p3092,,,op4,op3,5,linear3,,45
p3092,,,op5,op4,5,linear3,,45
p3092,,,op6,op5,20,linear7,,30
p3092,,,op7,op6,15,linear3,,37.5
p3092,,,op8,op7,2,sqrt,,55
p3092,,,op9,op8,15,linear3,,37.5
p3092,,,op10,op9,1,const,,55
p3093,2719.343,BATCH_PIPELINE,op1,,1,const,,55
p3093,,,op2,op1,20,linear7,,30
p3093,,,op3,op2,5,linear3,,45
p3093,,,op4,op3,5,linear3,,45
p3093,,,op5,op4,40,linear7,,20
p3093,,,op6,op5,2,sqrt,,55
p3094,2719.343,BATCH_PIPELINE,op1,,1,const,,55
p3094,,,op2,op1,40,linear7,,20
p3094,,,op3,op1,40,linear7,,20
p3094,,,op4,op1,80,squared,,10
p3094,,,op5,op1,2,sqrt,,55
p3094,,,op6,op1,2,sqrt,,55
p3094,,,op7,op1,20,linear7,,30
p3094,,,op8,op1,40,linear7,,20
p3094,,,op9,op1,2,sqrt,,55
p3094,,,op10,op1,20,linear7,,30
p3095,2719.343,INTERACTIVE,op1,,1,const,,55
p3095,,,op2,op1,80,squared,,10
p3095,,,op3,op2,80,squared,,10
p3095,,,op4,op3,20,linear7,,30
p3095,,,op5,op4,80,squared,,10
p3095,,,op6,op5,5,linear3,,45
p3095,,,op7,op6,15,linear3,,37.5
p3095,,,op8,op7,5,linear3,,45
p3096,2719.343,BATCH_PIPELINE,op1,,1,const,,55
p3096,,,op2,op1,20,linear7,,30
p3096,,,op3,op1,2,sqrt,,55
p3096,,,op4,op1,80,squared,,10
p3097,2719.343,BATCH_PIPELINE,op1,,1,const,,55
p3097,,,op2,op1,15,linear3,,37.5
p3097,,,op3,op1,20,linear7,,30
p3097,,,op4,op1,20,linear7,,30
p3097,,,op5,op1,20,linear7,,30
p3097,,,op6,op1,20,linear7,,30
p3097,,,op7,op1,1,const,,55
p3097,,,op8,op1,40,linear7,,20
p3098,2719.343,BATCH_PIPELINE,op1,,1,const,,55
p3098,,,op2,op1,15,linear3,,37.5
p3098,,,op3,op2,5,linear3,,45
p3098,,,op4,op3,5,linear3,,45
p3098,,,op5,op4,80,squared,,10
p3098,,,op6,op5,1,const,,55
p3098,,,op7,op6,15,linear3,,37.5
p3099,2719.343,INTERACTIVE,op1,,1,const,,55
p3099,,,op2,,15,linear3,,37.5
p3099,,,op3,,1,const,,55
p3099,,,op4,,80,squared,,10
p3099,,,op5,,15,linear3,,37.5
p3099,,,op6,,15,linear3,,37.5
p3099,,,op7,,40,linear7,,20
p3099,,,op8,,2,sqrt,,55
p3099,,,op9,op1;op2;op3;op4;op5;op6;op7;op8,5,linear3,,45
p3100,2719.343,BATCH_PIPELINE,op1,,1,const,,55
p3100,,,op2,,2,sqrt,,55
p3100,,,op3,,1,const,,55
p3100,,,op4,op1;op2;op3,5,linear3,,45
p3101,2729.5190000000002,BATCH_PIPELINE,op1,,1,const,,55
p3101,,,op2,op1,15,linear3,,37.5
p3101,,,op3,op2,15,linear3,,37.5
p3101,,,op4,op3,15,linear3,,37.5
p3101,,,op5,op4,15,linear3,,37.5
p3101,,,op6,op5,40,linear7,,20
p3101,,,op7,op6,40,linear7,,20
p3101,,,op8,op7,20,linear7,,30
p3101,,,op9,op8,80,squared,,10
p3101,,,op10,op9,15,linear3,,37.5
p3101,,,op11,op10,2,sqrt,,55
p3102,2729.5190000000002,BATCH_PIPELINE,op1,,1,const,,55
p3102,,,op2,op1,2,sqrt,,55
p3102,,,op3,op2,1,const,,55
p3102,,,op4,op3,15,linear3,,37.5
p3102,,,op5,op4,15,linear3,,37.5
p3102,,,op6,op5,1,const,,55
p3102,,,op7,op6,2,sqrt,,55
p3103,2729.5190000000002,BATCH_PIPELINE,op1,,1,const,,55
p3103,,,op2,op1,2,sqrt,,55
p3103,,,op3,op2,15,linear3,,37.5
p3103,,,op4,op3,15,linear3,,37.5
p3103,,,op5,op4,2,sqrt,,55
p3103,,,op6,op5,5,linear3,,45
p3103,,,op7,op6,5,linear3,,45
p3103,,,op8,op7,1,const,,55
p3103,,,op9,op8,1,const,,55
p3104,2729.5190000000002,BATCH_PIPELINE,op1,,1,const,,55
p3104,,,op2,op1,40,linear7,,20
p3104,,,op3,op2,5,linear3,,45
p3104,,,op4,op3,1,const,,55
p3104,,,op5,op4,20,linear7,,30
p3104,,,op6,op5,80,squared,,10
p3105,2729.5190000000002,BATCH_PIPELINE,op1,,1,const,,55
p3105,,,op2,op1,15,linear3,,37.5
p3105,,,op3,op2,15,linear3,,37.5
p3105,,,op4,op3,2,sqrt,,55
p3105,,,op5,op4,20,linear7,,30
p3105,,,op6,op5,20,linear7,,30
p3105,,,op7,op6,5,linear3,,45
p3105,,,op8,op7,20,linear7,,30
p3105,,,op9,op8,2,sqrt,,55
p3105,,,op10,op9,2,sqrt,,55
p3106,2729.5190000000002,BATCH_PIPELINE,op1,,1,const,,55
p3106,,,op2,op1,5,linear3,,45
p3106,,,op3,op2,15,linear3,,37.5
p3106,,,op4,op3,1,const,,55
p3106,,,op5,op4,2,sqrt,,55
p3106,,,op6,op5,1,const,,55
p3106,,,op7,op6,15,linear3,,37.5
p3106,,,op8,op7,40,linear7,,20
p3107,2729.5190000000002,BATCH_PIPELINE,op1,,1,const,,55
p3107,,,op2,op1,2,sqrt,,55
p3107,,,op3,op2,80,squared,,10
p3107,,,op4,op3,15,linear3,,37.5
p3107,,,op5,op4,15,linear3,,37.5
p3107,,,op6,op5,1,const,,55
p3108,2729.5190000000002,BATCH_PIPELINE,op1,,1,const,,55
p3108,,,op2,op1,15,linear3,,37.5
p3108,,,op3,op2,15,linear3,,37.5
p3108,,,op4,op3,20,linear7,,30
p3108,,,op5,op4,1,const,,55
p3108,,,op6,op5,1,const,,55
p3108,,,op7,op6,15,linear3,,37.5
p3109,2729.5190000000002,BATCH_PIPELINE,op1,,1,const,,55
p3109,,,op2,op1,2,sqrt,,55
p3109,,,op3,op1,15,linear3,,37.5
p3109,,,op4,op1,20,linear7,,30
p3109,,,op5,op1,15,linear3,,37.5
p3109,,,op6,op1,20,linear7,,30
p3109,,,op7,op1,1,const,,55
p3110,2729.5190000000002,QUERY,op1,,15,linear3,,35
p3111,2740.527,BATCH_PIPELINE,op1,,1,const,,55
p3111,,,op2,,15,linear3,,37.5
p3111,,,op3,,5,linear3,,45
p3111,,,op4,,80,squared,,10
p3111,,,op5,op1;op2;op3;op4,15,linear3,,37.5
p3112,2740.527,BATCH_PIPELINE,op1,,1,const,,55
p3112,,,op2,op1,2,sqrt,,55
p3112,,,op3,op2,80,squared,,10
p3112,,,op4,op3,20,linear7,,30
p3112,,,op5,op4,20,linear7,,30
p3113,2740.527,BATCH_PIPELINE,op1,,1,const,,55
p3113,,,op2,op1,1,const,,55
p3113,,,op3,op1,40,linear7,,20
p3113,,,op4,op1,80,squared,,10
p3113,,,op5,op1,1,const,,55
p3113,,,op6,op1,1,const,,55
p3113,,,op7,op1,15,linear3,,37.5
p3113,,,op8,op1,20,linear7,,30
p3113,,,op9,op1,15,linear3,,37.5
p3113,,,op10,op1,15,linear3,,37.5
p3114,2740.527,BATCH_PIPELINE,op1,,1,const,,55
p3114,,,op2,op1,5,linear3,,45
p3114,,,op3,op2,1,const,,55
p3114,,,op4,op3,20,linear7,,30
p3114,,,op5,op4,20,linear7,,30
p3114,,,op6,op5,2,sqrt,,55
p3114,,,op7,op6,5,linear3,,45
p3115,2740.527,BATCH_PIPELINE,op1,,1,const,,55
p3115,,,op2,op1,20,linear7,,30
p3115,,,op3,op2,40,linear7,,20
p3115,,,op4,op3,40,linear7,,20
p3115,,,op5,op4,5,linear3,,45
p3115,,,op6,op5,80,squared,,10
p3115,,,op7,op6,80,squared,,10
p3116,2740.527,BATCH_PIPELINE,op1,,1,const,,55
p3116,,,op2,op1,15,linear3,,37.5
p3116,,,op3,op2,80,squared,,10
p3116,,,op4,op3,80,squared,,10
p3116,,,op5,op4,5,linear3,,45
p3116,,,op6,op5,15,linear3,,37.5
p3116,,,op7,op6,20,linear7,,30
p3116,,,op8,op7,80,squared,,10
p3117,2740.527,BATCH_PIPELINE,op1,,1,const,,55
p3117,,,op2,op1,1,const,,55
p3117,,,op3,op2,5,linear3,,45
p3117,,,op4,op3,2,sqrt,,55
p3117,,,op5,op4,20,linear7,,30
p3117,,,op6,op5,1,const,,55
p3117,,,op7,op6,15,linear3,,37.5
p3117,,,op8,op7,20,linear7,,30
p3117,,,op9,op8,80,squared,,10
p3117,,,op10,op9,20,linear7,,30
p3117,,,op11,op10,80,squared,,10
p3117,,,op12,op11,2,sqrt,,55
p3117,,,op13,op12,15,linear3,,37.5
p3118,2740.527,BATCH_PIPELINE,op1,,1,const,,55
p3118,,,op2,op1,20,linear7,,30
p3118,,,op3,op2,1,const,,55
p3118,,,op4,op3,5,linear3,,45
p3118,,,op5,op4,5,linear3,,45
p3118,,,op6,op5,5,linear3,,45
p3118,,,op7,op6,20,linear7,,30
p3119,2740.527,INTERACTIVE,op1,,1,const,,55
p3119,,,op2,op1,40,linear7,,20
p3119,,,op3,op2,40,linear7,,20
p3119,,,op4,op3,5,linear3,,45
p3119,,,op5,op4,80,squared,,10
p3119,,,op6,op5,5,linear3,,45
p3119,,,op7,op6,40,linear7,,20
p3119,,,op8,op7,2,sqrt,,55
p3120,2740.527,BATCH_PIPELINE,op1,,1,const,,55
p3120,,,op2,,5,linear3,,45
p3120,,,op3,,80,squared,,10
p3120,,,op4,,2,sqrt,,55
p3120,,,op5,,20,linear7,,30
p3120,,,op6,,15,linear3,,37.5
p3120,,,op7,,15,linear3,,37.5
p3120,,,op8,,1,const,,55
p3120,,,op9,op1;op2;op3;op4;op5;op6;op7;op8,20,linear7,,30
p3121,2749.554,BATCH_PIPELINE,op1,,1,const,,55
p3121,,,op2,op1,15,linear3,,37.5
p3121,,,op3,op1,2,sqrt,,55
p3121,,,op4,op1,80,squared,,10
p3121,,,op5,op1,5,linear3,,45
p3121,,,op6,op1,5,linear3,,45
p3121,,,op7,op1,40,linear7,,20
p3121,,,op8,op1,15,linear3,,37.5
p3122,2749.554,INTERACTIVE,op1,,1,const,,55
p3122,,,op2,op1,15,linear3,,37.5
p3122,,,op3,op2,40,linear7,,20
p3122,,,op4,op3,2,sqrt,,55
p3122,,,op5,op4,20,linear7,,30
p3122,,,op6,op5,40,linear7,,20
p3122,,,op7,op6,20,linear7,,30
p3122,,,op8,op7,1,const,,55
p3123,2749.554,INTERACTIVE,op1,,1,const,,55
p3123,,,op2,op1,5,linear3,,45
p3123,,,op3,op2,40,linear7,,20
p3123,,,op4,op3,2,sqrt,,55
p3123,,,op5,op4,20,linear7,,30
p3124,2749.554,QUERY,op1,,15,linear3,,35
p3125,2749.554,BATCH_PIPELINE,op1,,1,const,,55
p3125,,,op2,op1,80,squared,,10
p3125,,,op3,op2,15,linear3,,37.5
p3125,,,op4,op3,15,linear3,,37.5
p3125,,,op5,op4,5,linear3,,45
p3125,,,op6,op5,15,linear3,,37.5
p3125,,,op7,op6,1,const,,55
p3125,,,op8,op7,15,linear3,,37.5
p3125,,,op9,op8,15,linear3,,37.5
p3125,,,op10,op9,5,linear3,,45
p3126,2749.554,BATCH_PIPELINE,op1,,1,const,,55
p3126,,,op2,op1,80,squared,,10
p3126,,,op3,op2,5,linear3,,45
p3126,,,op4,op3,1,const,,55
p3126,,,op5,op4,5,linear3,,45
p3126,,,op6,op5,20,linear7,,30
p3126,,,op7,op6,15,linear3,,37.5
p3127,2749.554,BATCH_PIPELINE,op1,,1,const,,55
p3127,,,op2,op1,5,linear3,,45
p3127,,,op3,op2,1,const,,55
p3127,,,op4,op3,15,linear3,,37.5
p3127,,,op5,op4,1,const,,55
p3127,,,op6,op5,40,linear7,,20
p3128,2749.554,BATCH_PIPELINE,op1,,1,const,,55
p3128,,,op2,op1,5,linear3,,45
p3128,,,op3,op2,15,linear3,,37.5
p3128,,,op4,op3,15,linear3,,37.5
p3128,,,op5,op4,20,linear7,,30
p3129,2749.554,QUERY,op1,,15,linear3,,35
p3130,2749.554,BATCH_PIPELINE,op1,,1,const,,55
p3130,,,op2,op1,1,const,,55
p3130,,,op3,op1,80,squared,,10
p3130,,,op4,op1,20,linear7,,30
p3130,,,op5,op1,15,linear3,,37.5
p3130,,,op6,op1,20,linear7,,30
p3130,,,op7,op1,15,linear3,,37.5
p3130,,,op8,op1,20,linear7,,30
p3131,2757.716,BATCH_PIPELINE,op1,,1,const,,55
p3131,,,op2,,1,const,,55
p3131,,,op3,,5,linear3,,45
p3131,,,op4,,40,linear7,,20
p3131,,,op5,,5,linear3,,45
p3131,,,op6,op1;op2;op3;op4;op5,1,const,,55
p3132,2757.716,BATCH_PIPELINE,op1,,1,const,,55
p3132,,,op2,op1,40,linear7,,20
p3132,,,op3,op2,1,const,,55
p3132,,,op4,op3,5,linear3,,45
p3132,,,op5,op4,2,sqrt,,55
p3132,,,op6,op5,1,const,,55
p3133,2757.716,BATCH_PIPELINE,op1,,1,const,,55
p3133,,,op2,op1,5,linear3,,45
p3133,,,op3,op2,1,const,,55
p3133,,,op4,op3,2,sqrt,,55
p3133,,,op5,op4,20,linear7,,30
p3133,,,op6,op5,1,const,,55
p3133,,,op7,op6,40,linear7,,20
p3133,,,op8,op7,5,linear3,,45
p3133,,,op9,op8,15,linear3,,37.5
p3134,2757.716,BATCH_PIPELINE,op1,,1,const,,55
p3134,,,op2,op1,5,linear3,,45
p3134,,,op3,op2,2,sqrt,,55
p3134,,,op4,op3,1,const,,55
p3134,,,op5,op4,40,linear7,,20
p3135,2757.716,BATCH_PIPELINE,op1,,1,const,,55
p3135,,,op2,op1,40,linear7,,20
p3135,,,op3,op2,5,linear3,,45
p3135,,,op4,op3,1,const,,55
p3135,,,op5,op4,20,linear7,,30
p3135,,,op6,op5,15,linear3,,37.5
p3135,,,op7,op6,5,linear3,,45
p3135,,,op8,op7,20,linear7,,30
p3135,,,op9,op8,15,linear3,,37.5
p3135,,,op10,op9,20,linear7,,30
p3136,2757.716,BATCH_PIPELINE,op1,,1,const,,55
p3136,,,op2,op1,40,linear7,,20
p3136,,,op3,op2,40,linear7,,20
p3136,,,op4,op3,20,linear7,,30
p3136,,,op5,op4,5,linear3,,45
p3136,,,op6,op5,20,linear7,,30
p3136,,,op7,op6,40,linear7,,20
p3136,,,op8,op7,20,linear7,,30
p3136,,,op9,op8,15,linear3,,37.5
p3137,2757.716,BATCH_PIPELINE,op1,,1,const,,55
p3137,,,op2,op1,1,const,,55
p3137,,,op3,op2,15,linear3,,37.5
p3137,,,op4,op3,5,linear3,,45
p3137,,,op5,op4,2,sqrt,,55
p3137,,,op6,op5,15,linear3,,37.5
p3138,2757.716,BATCH_PIPELINE,op1,,1,const,,55
p3138,,,op2,,2,sqrt,,55
p3138,,,op3,,2,sqrt,,55
p3138,,,op4,,15,linear3,,37.5
p3138,,,op5,,40,linear7,,20
p3138,,,op6,,20,linear7,,30
p3138,,,op7,,80,squared,,10
p3138,,,op8,,2,sqrt,,55
p3138,,,op9,,20,linear7,,30
p3138,,,op10,,5,linear3,,45
p3138,,,op11,,15,linear3,,37.5
p3138,,,op12,op1;op2;op3;op4;op5;op6;op7;op8;op9;op10;op11,40,linear7,,20
p3139,2757.716,INTERACTIVE,op1,,1,const,,55
p3139,,,op2,op1,1,const,,55
p3139,,,op3,op2,5,linear3,,45
p3139,,,op4,op3,15,linear3,,37.5
p3139,,,op5,op4,5,linear3,,45
p3139,,,op6,op5,1,const,,55
p3139,,,op7,op6,15,linear3,,37.5
p3139,,,op8,op7,5,linear3,,45
p3139,,,op9,op8,20,linear7,,30
p3139,,,op10,op9,2,sqrt,,55
p3139,,,op11,op10,80,squared,,10
p3140,2757.716,BATCH_PIPELINE,op1,,1,const,,55
p3140,,,op2,,1,const,,55
p3140,,,op3,,5,linear3,,45
p3140,,,op4,,80,squared,,10
p3140,,,op5,,5,linear3,,45
p3140,,,op6,,15,linear3,,37.5
p3140,,,op7,,5,linear3,,45
p3140,,,op8,op1;op2;op3;op4;op5;op6;op7,80,squared,,10
p3141,2766.166,BATCH_PIPELINE,op1,,1,const,,55
p3141,,,op2,,15,linear3,,37.5
p3141,,,op3,,2,sqrt,,55
p3141,,,op4,,2,sqrt,,55
p3141,,,op5,,2,sqrt,,55
p3141,,,op6,,5,linear3,,45
p3141,,,op7,,40,linear7,,20
p3141,,,op8,,1,const,,55
p3141,,,op9,,40,linear7,,20
p3141,,,op10,,40,linear7,,20
p3141,,,op11,,20,linear7,,30
p3141,,,op12,,15,linear3,,37.5
p3141,,,op13,op1;op2;op3;op4;op5;op6;op7;op8;op9;op10;op11;op12,15,linear3,,37.5
p3142,2766.166,BATCH_PIPELINE,op1,,1,const,,55
p3142,,,op2,op1,2,sqrt,,55
p3142,,,op3,op2,20,linear7,,30
p3142,,,op4,op3,2,sqrt,,55
p3143,2766.166,BATCH_PIPELINE,op1,,1,const,,55
p3143,,,op2,op1,5,linear3,,45
p3143,,,op3,op2,80,squared,,10
p3143,,,op4,op3,20,linear7,,30
p3144,2766.166,QUERY,op1,,15,linear3,,35
p3145,2766.166,BATCH_PIPELINE,op1,,1,const,,55
p3145,,,op2,op1,5,linear3,,45
p3145,,,op3,op1,5,linear3,,45
p3145,,,op4,op1,5,linear3,,45
p3145,,,op5,op1,5,linear3,,45
p3145,,,op6,op1,15,linear3,,37.5
p3145,,,op7,op1,5,linear3,,45
p3146,2766.166,BATCH_PIPELINE,op1,,1,const,,55
p3146,,,op2,op1,2,sqrt,,55
p3146,,,op3,op2,20,linear7,,30
p3146,,,op4,op3,5,linear3,,45
p3146,,,op5,op4,15,linear3,,37.5
p3146,,,op6,op5,2,sqrt,,55
p3146,,,op7,op6,40,linear7,,20
p3147,2766.166,BATCH_PIPELINE,op1,,1,const,,55
p3147,,,op2,,80,squared,,10
p3147,,,op3,,2,sqrt,,55
p3147,,,op4,,2,sqrt,,55
p3147,,,op5,op1;op2;op3;op4,20,linear7,,30
p3148,2766.166,BATCH_PIPELINE,op1,,1,const,,55
p3148,,,op2,op1,20,linear7,,30
p3148,,,op3,op2,2,sqrt,,55
p3148,,,op4,op3,5,linear3,,45
p3148,,,op5,op4,2,sqrt,,55
p3148,,,op6,op5,40,linear7,,20
p3149,2766.166,BATCH_PIPELINE,op1,,1,const,,55
p3149,,,op2,,20,linear7,,30
p3149,,,op3,,20,linear7,,30
p3149,,,op4,,40,linear7,,20
p3149,,,op5,op1;op2;op3;op4,1,const,,55
p3150,2766.166,QUERY,op1,,15,linear3,,35
p3151,2780.628,BATCH_PIPELINE,op1,,1,const,,55
p3151,,,op2,op1,20,linear7,,30
p3151,,,op3,op2,20,linear7,,30
p3151,,,op4,op3,2,sqrt,,55
p3151,,,op5,op4,5,linear3,,45
p3151,,,op6,op5,5,linear3,,45
p3152,2780.628,BATCH_PIPELINE,op1,,1,const,,55
p3152,,,op2,op1,5,linear3,,45
p3152,,,op3,op2,5,linear3,,45
p3152,,,op4,op3,5,linear3,,45
p3152,,,op5,op4,15,linear3,,37.5
p3153,2780.628,BATCH_PIPELINE,op1,,1,const,,55
p3153,,,op2,op1,20,linear7,,30
p3153,,,op3,op2,5,linear3,,45
p3153,,,op4,op3,2,sqrt,,55
p3153,,,op5,op4,40,linear7,,20
p3153,,,op6,op5,5,linear3,,45
p3153,,,op7,op6,1,const,,55
p3154,2780.628,BATCH_PIPELINE,op1,,1,const,,55
p3154,,,op2,op1,1,const,,55
p3154,,,op3,op2,5,linear3,,45
p3154,,,op4,op3,40,linear7,,20
p3154,,,op5,op4,15,linear3,,37.5
p3154,,,op6,op5,20,linear7,,30
p3155,2780.628,BATCH_PIPELINE,op1,,1,const,,55
p3155,,,op2,op1,15,linear3,,37.5
p3155,,,op3,op2,80,squared,,10
p3155,,,op4,op3,40,linear7,,20
p3155,,,op5,op4,20,linear7,,30
p3155,,,op6,op5,20,linear7,,30
p3155,,,op7,op6,2,sqrt,,55
p3155,,,op8,op7,5,linear3,,45
p3156,2780.628,BATCH_PIPELINE,op1,,1,const,,55
p3156,,,op2,op1,15,linear3,,37.5
p3156,,,op3,op2,1,const,,55
p3156,,,op4,op3,15,linear3,,37.5
p3156,,,op5,op4,5,linear3,,45
p3157,2780.628,BATCH_PIPELINE,op1,,1,const,,55
p3157,,,op2,op1,40,linear7,,20
p3157,,,op3,op1,1,const,,55
p3157,,,op4,op1,5,linear3,,45
p3157,,,op5,op1,1,const,,55
p3157,,,op6,op1,2,sqrt,,55
p3157,,,op7,op1,80,squared,,10
p3157,,,op8,op1,5,linear3,,45
p3157,,,op9,op1,1,const,,55
p3157,,,op10,op1,20,linear7,,30
p3157,,,op11,op1,5,linear3,,45
p3158,2780.628,BATCH_PIPELINE,op1,,1,const,,55
p3158,,,op2,op1,2,sqrt,,55
p3158,,,op3,op1,20,linear7,,30
p3158,,,op4,op1,5,linear3,,45
p3158,,,op5,op1,2,sqrt,,55
p3158,,,op6,op1,15,linear3,,37.5
p3159,2780.628,QUERY,op1,,15,linear3,,35
p3160,2780.628,BATCH_PIPELINE,op1,,1,const,,55
p3160,,,op2,op1,5,linear3,,45
p3160,,,op3,op2,20,linear7,,30
p3160,,,op4,op3,2,sqrt,,55
p3160,,,op5,op4,20,linear7,,30
p3160,,,op6,op5,15,linear3,,37.5
p3160,,,op7,op6,1,const,,55
p3161,2787.135,BATCH_PIPELINE,op1,,1,const,,55
p3161,,,op2,,5,linear3,,45
p3161,,,op3,,15,linear3,,37.5
p3161,,,op4,,2,sqrt,,55
p3161,,,op5,,15,linear3,,37.5
p3161,,,op6,op1;op2;op3;op4;op5,40,linear7,,20
p3162,2787.135,BATCH_PIPELINE,op1,,1,const,,55
p3162,,,op2,op1,5,linear3,,45
p3162,,,op3,op2,2,sqrt,,55
p3162,,,op4,op3,15,linear3,,37.5
p3162,,,op5,op4,80,squared,,10
p3162,,,op6,op5,1,const,,55
p3163,2787.135,BATCH_PIPELINE,op1,,1,const,,55
p3163,,,op2,op1,5,linear3,,45
p3163,,,op3,op2,15,linear3,,37.5
p3163,,,op4,op3,1,const,,55
p3164,2787.135,BATCH_PIPELINE,op1,,1,const,,55
p3164,,,op2,op1,15,linear3,,37.5
p3164,,,op3,op2,2,sqrt,,55
p3164,,,op4,op3,15,linear3,,37.5
p3164,,,op5,op4,2,sqrt,,55
p3164,,,op6,op5,20,linear7,,30
p3164,,,op7,op6,1,const,,55
p3164,,,op8,op7,5,linear3,,45
p3165,2787.135,QUERY,op1,,15,linear3,,35
p3166,2787.135,BATCH_PIPELINE,op1,,1,const,,55
p3166,,,op2,op1,15,linear3,,37.5
p3166,,,op3,op2,40,linear7,,20
p3166,,,op4,op3,5,linear3,,45
p3166,,,op5,op4,1,const,,55
p3166,,,op6,op5,1,const,,55
p3166,,,op7,op6,20,linear7,,30
p3166,,,op8,op7,15,linear3,,37.5
p3167,2787.135,BATCH_PIPELINE,op1,,1,const,,55
p3167,,,op2,op1,15,linear3,,37.5
p3167,,,op3,op2,20,linear7,,30
p3167,,,op4,op3,1,const,,55
p3167,,,op5,op4,1,const,,55
p3167,,,op6,op5,2,sqrt,,55
p3168,2787.135,INTERACTIVE,op1,,1,const,,55
p3168,,,op2,op1,1,const,,55
p3168,,,op3,op2,20,linear7,,30
p3168,,,op4,op3,40,linear7,,20
p3168,,,op5,op4,40,linear7,,20
p3169,2787.135,BATCH_PIPELINE,op1,,1,const,,55
p3169,,,op2,op1,5,linear3,,45
p3169,,,op3,op1,20,linear7,,30
p3169,,,op4,op1,40,linear7,,20
p3169,,,op5,op1,2,sqrt,,55
p3169,,,op6,op1,5,linear3,,45
p3169,,,op7,op1,2,sqrt,,55
p3169,,,op8,op1,20,linear7,,30
p3169,,,op9,op1,1,const,,55
p3169,,,op10,op1,80,squared,,10
p3170,2787.135,INTERACTIVE,op1,,1,const,,55
p3170,,,op2,op1,2,sqrt,,55
p3170,,,op3,op1,80,squared,,10
p3170,,,op4,op1,15,linear3,,37.5
p3170,,,op5,op1,1,const,,55
p3170,,,op6,op1,20,linear7,,30
p3170,,,op7,op1,20,linear7,,30
p3170,,,op8,op1,20,linear7,,30
p3170,,,op9,op1,15,linear3,,37.5
p3171,2798.6910000000003,BATCH_PIPELINE,op1,,1,const,,55
p3171,,,op2,op1,5,linear3,,45
p3171,,,op3,op2,5,linear3,,45
p3171,,,op4,op3,5,linear3,,45
p3171,,,op5,op4,15,linear3,,37.5
p3171,,,op6,op5,5,linear3,,45
p3171,,,op7,op6,20,linear7,,30
p3171,,,op8,op7,5,linear3,,45
p3171,,,op9,op8,80,squared,,10
p3172,2798.6910000000003,QUERY,op1,,15,linear3,,35
p3173,2798.6910000000003,BATCH_PIPELINE,op1,,1,const,,55
p3173,,,op2,op1,15,linear3,,37.5
p3173,,,op3,op2,2,sqrt,,55
p3173,,,op4,op3,5,linear3,,45
p3173,,,op5,op4,15,linear3,,37.5
p3173,,,op6,op5,15,linear3,,37.5
p3173,,,op7,op6,40,linear7,,20
p3173,,,op8,op7,5,linear3,,45
p3173,,,op9,op8,5,linear3,,45
p3174,2798.6910000000003,BATCH_PIPELINE,op1,,1,const,,55
p3174,,,op2,op1,40,linear7,,20
p3174,,,op3,op1,40,linear7,,20
p3174,,,op4,op1,20,linear7,,30
p3174,,,op5,op1,20,linear7,,30
p3174,,,op6,op1,20,linear7,,30
p3174,,,op7,op1,20,linear7,,30
p3174,,,op8,op1,1,const,,55
p3174,,,op9,op1,2,sqrt,,55
p3175,2798.6910000000003,INTERACTIVE,op1,,1,const,,55
p3175,,,op2,op1,5,linear3,,45
p3175,,,op3,op2,15,linear3,,37.5
p3175,,,op4,op3,2,sqrt,,55
p3175,,,op5,op4,20,linear7,,30
p3175,,,op6,op5,1,const,,55
p3175,,,op7,op6,2,sqrt,,55
p3175,,,op8,op7,15,linear3,,37.5
p3175,,,op9,op8,2,sqrt,,55
p3175,,,op10,op9,80,squared,,10
p3176,2798.6910000000003,BATCH_PIPELINE,op1,,1,const,,55
p3176,,,op2,op1,15,linear3,,37.5
p3176,,,op3,op2,2,sqrt,,55
p3176,,,op4,op3,40,linear7,,20
p3176,,,op5,op4,20,linear7,,30
p3176,,,op6,op5,80,squared,,10
p3176,,,op7,op6,20,linear7,,30
p3176,,,op8,op7,5,linear3,,45
p3176,,,op9,op8,15,linear3,,37.5
p3176,,,op10,op9,20,linear7,,30
p3177,2798.6910000000003,BATCH_PIPELINE,op1,,1,const,,55
p3177,,,op2,op1,1,const,,55
p3177,,,op3,op2,1,const,,55
p3177,,,op4,op3,1,const,,55
p3177,,,op5,op4,5,linear3,,45
p3177,,,op6,op5,80,squared,,10
p3177,,,op7,op6,80,squared,,10
p3177,,,op8,op7,40,linear7,,20
p3177,,,op9,op8,40,linear7,,20
p3177,,,op10,op9,2,sqrt,,55
p3178,2798.6910000000003,BATCH_PIPELINE,op1,,1,const,,55
p3178,,,op2,op1,1,const,,55
p3178,,,op3,op1,5,linear3,,45
p3178,,,op4,op1,15,linear3,,37.5
p3178,,,op5,op1,15,linear3,,37.5
p3179,2798.6910000000003,BATCH_PIPELINE,op1,,1,const,,55
p3179,,,op2,op1,15,linear3,,37.5
p3179,,,op3,op1,1,const,,55
p3179,,,op4,op1,40,linear7,,20
p3179,,,op5,op1,15,linear3,,37.5
p3179,,,op6,op1,20,linear7,,30
p3179,,,op7,op1,1,const,,55
p3179,,,op8,op1,15,linear3,,37.5
p3179,,,op9,op1,20,linear7,,30
p3180,2798.6910000000003,BATCH_PIPELINE,op1,,1,const,,55
p3180,,,op2,op1,15,linear3,,37.5
p3180,,,op3,op1,80,squared,,10
p3180,,,op4,op1,40,linear7,,20
p3180,,,op5,op1,1,const,,55
p3180,,,op6,op1,5,linear3,,45
p3180,,,op7,op1,40,linear7,,20
p3180,,,op8,op1,2,sqrt,,55
p3180,,,op9,op1,5,linear3,,45
p3180,,,op10,op1,5,linear3,,45
p3181,2808.974,BATCH_PIPELINE,op1,,1,const,,55
p3181,,,op2,op1,15,linear3,,37.5
p3181,,,op3,op2,5,linear3,,45
p3181,,,op4,op3,20,linear7,,30
p3181,,,op5,op4,15,linear3,,37.5
p3181,,,op6,op5,80,squared,,10
p3181,,,op7,op6,40,linear7,,20
p3181,,,op8,op7,2,sqrt,,55
p3181,,,op9,op8,40,linear7,,20
p3182,2808.974,BATCH_PIPELINE,op1,,1,const,,55
p3182,,,op2,op1,2,sqrt,,55
p3182,,,op3,op2,1,const,,55
p3182,,,op4,op3,15,linear3,,37.5
p3182,,,op5,op4,2,sqrt,,55
p3182,,,op6,op5,80,squared,,10
p3182,,,op7,op6,2,sqrt,,55
p3182,,,op8,op7,15,linear3,,37.5
p3183,2808.974,BATCH_PIPELINE,op1,,1,const,,55
p3183,,,op2,op1,1,const,,55
p3183,,,op3,op2,40,linear7,,20
p3183,,,op4,op3,15,linear3,,37.5
p3183,,,op5,op4,20,linear7,,30
p3183,,,op6,op5,20,linear7,,30
p3183,,,op7,op6,40,linear7,,20
p3183,,,op8,op7,5,linear3,,45
p3183,,,op9,op8,2,sqrt,,55
p3183,,,op10,op9,1,const,,55
p3184,2808.974,BATCH_PIPELINE,op1,,1,const,,55
p3184,,,op2,op1,1,const,,55
p3184,,,op3,op2,15,linear3,,37.5
p3184,,,op4,op3,40,linear7,,20
p3184,,,op5,op4,15,linear3,,37.5
p3184,,,op6,op5,1,const,,55
p3184,,,op7,op6,40,linear7,,20
p3184,,,op8,op7,2,sqrt,,55
p3185,2808.974,INTERACTIVE,op1,,1,const,,55
p3185,,,op2,op1,80,squared,,10
p3185,,,op3,op2,1,const,,55
p3185,,,op4,op3,2,sqrt,,55
p3185,,,op5,op4,5,linear3,,45
p3185,,,op6,op5,15,linear3,,37.5
p3185,,,op7,op6,80,squared,,10
p3186,2808.974,BATCH_PIPELINE,op1,,1,const,,55
p3186,,,op2,,15,linear3,,37.5
p3186,,,op3,,20,linear7,,30
p3186,,,op4,,2,sqrt,,55
p3186,,,op5,op1;op2;op3;op4,15,linear3,,37.5
p3187,2808.974,BATCH_PIPELINE,op1,,1,const,,55
p3187,,,op2,op1,80,squared,,10
p3187,,,op3,op1,2,sqrt,,55
p3187,,,op4,op1,2,sqrt,,55
p3187,,,op5,op1,5,linear3,,45
p3187,,,op6,op1,5,linear3,,45
p3187,,,op7,op1,1,const,,55
p3187,,,op8,op1,15,linear3,,37.5
p3188,2808.974,BATCH_PIPELINE,op1,,1,const,,55
p3188,,,op2,op1,15,linear3,,37.5
p3188,,,op3,op2,1,const,,55
p3188,,,op4,op3,15,linear3,,37.5
p3188,,,op5,op4,20,linear7,,30
p3188,,,op6,op5,1,const,,55
p3188,,,op7,op6,80,squared,,10
p3189,2808.974,BATCH_PIPELINE,op1,,1,const,,55
p3189,,,op2,op1,20,linear7,,30
p3189,,,op3,op2,20,linear7,,30
p3189,,,op4,op3,20,linear7,,30
p3189,,,op5,op4,5,linear3,,45
p3190,2808.974,QUERY,op1,,15,linear3,,35
p3191,2817.262,QUERY,op1,,15,linear3,,35
p3192,2817.262,QUERY,op1,,15,linear3,,35
p3193,2817.262,QUERY,op1,,15,linear3,,35
p3194,2817.262,BATCH_PIPELINE,op1,,1,const,,55
p3194,,,op2,,15,linear3,,37.5
p3194,,,op3,,1,const,,55
p3194,,,op4,op1;op2;op3,20,linear7,,30
p3195,2817.262,BATCH_PIPELINE,op1,,1,const,,55
p3195,,,op2,op1,2,sqrt,,55
p3195,,,op3,op2,2,sqrt,,55
p3195,,,op4,op3,2,sqrt,,55
p3195,,,op5,op4,80,squared,,10
p3195,,,op6,op5,15,linear3,,37.5
p3196,2817.262,BATCH_PIPELINE,op1,,1,const,,55
p3196,,,op2,op1,2,sqrt,,55
p3196,,,op3,op1,5,linear3,,45
p3196,,,op4,op1,15,linear3,,37.5
p3196,,,op5,op1,20,linear7,,30
p3196,,,op6,op1,15,linear3,,37.5
p3196,,,op7,op1,15,linear3,,37.5
p3196,,,op8,op1,15,linear3,,37.5
p3197,2817.262,BATCH_PIPELINE,op1,,1,const,,55
p3197,,,op2,op1,40,linear7,,20
p3197,,,op3,op1,5,linear3,,45
p3197,,,op4,op1,15,linear3,,37.5
p3197,,,op5,op1,5,linear3,,45
p3197,,,op6,op1,40,linear7,,20
p3197,,,op7,op1,1,const,,55
p3198,2817.262,BATCH_PIPELINE,op1,,1,const,,55
p3198,,,op2,op1,5,linear3,,45
p3198,,,op3,op2,1,const,,55
p3198,,,op4,op3,15,linear3,,37.5
p3198,,,op5,op4,15,linear3,,37.5
p3199,2817.262,BATCH_PIPELINE,op1,,1,const,,55
p3199,,,op2,op1,40,linear7,,20
p3199,,,op3,op2,5,linear3,,45
p3199,,,op4,op3,40,linear7,,20
p3199,,,op5,op4,15,linear3,,37.5
p3199,,,op6,op5,40,linear7,,20
p3199,,,op7,op6,5,linear3,,45
p3200,2817.262,BATCH_PIPELINE,op1,,1,const,,55
p3200,,,op2,op1,2,sqrt,,55
p3200,,,op3,op2,80,squared,,10
p3200,,,op4,op3,2,sqrt,,55
p3200,,,op5,op4,2,sqrt,,55
p3201,2827.57,BATCH_PIPELINE,op1,,1,const,,55
p3201,,,op2,op1,15,linear3,,37.5
p3201,,,op3,op2,15,linear3,,37.5
p3201,,,op4,op3,80,squared,,10
p3201,,,op5,op4,80,squared,,10
p3201,,,op6,op5,20,linear7,,30
p3201,,,op7,op6,40,linear7,,20
p3201,,,op8,op7,20,linear7,,30
p3201,,,op9,op8,1,const,,55
p3202,2827.57,BATCH_PIPELINE,op1,,1,const,,55
p3202,,,op2,op1,15,linear3,,37.5
p3202,,,op3,op2,80,squared,,10
p3202,,,op4,op3,15,linear3,,37.5
p3202,,,op5,op4,20,linear7,,30
p3202,,,op6,op5,15,linear3,,37.5
p3202,,,op7,op6,20,linear7,,30
p3202,,,op8,op7,20,linear7,,30
p3202,,,op9,op8,40,linear7,,20
p3202,,,op10,op9,80,squared,,10
p3203,2827.57,BATCH_PIPELINE,op1,,1,const,,55
p3203,,,op2,op1,5,linear3,,45
p3203,,,op3,op2,1,const,,55
p3203,,,op4,op3,2,sqrt,,55
p3203,,,op5,op4,2,sqrt,,55
p3203,,,op6,op5,5,linear3,,45
p3203,,,op7,op6,2,sqrt,,55
p3203,,,op8,op7,40,linear7,,20
p3204,2827.57,BATCH_PIPELINE,op1,,1,const,,55
p3204,,,op2,op1,5,linear3,,45
p3204,,,op3,op2,15,linear3,,37.5
p3204,,,op4,op3,20,linear7,,30
p3204,,,op5,op4,40,linear7,,20
p3204,,,op6,op5,5,linear3,,45
p3204,,,op7,op6,40,linear7,,20
p3204,,,op8,op7,1,const,,55
p3204,,,op9,op8,20,linear7,,30
p3204,,,op10,op9,1,const,,55
p3205,2827.57,BATCH_PIPELINE,op1,,1,const,,55
p3205,,,op2,op1,1,const,,55
p3205,,,op3,op2,5,linear3,,45
p3205,,,op4,op3,20,linear7,,30
p3205,,,op5,op4,20,linear7,,30
p3205,,,op6,op5,15,linear3,,37.5
p3205,,,op7,op6,1,const,,55
p3205,,,op8,op7,40,linear7,,20
p3205,,,op9,op8,40,linear7,,20
p3205,,,op10,op9,15,linear3,,37.5
p3206,2827.57,BATCH_PIPELINE,op1,,1,const,,55
p3206,,,op2,op1,15,linear3,,37.5
p3206,,,op3,op1,5,linear3,,45
p3206,,,op4,op1,15,linear3,,37.5
p3206,,,op5,op1,15,linear3,,37.5
p3206,,,op6,op1,15,linear3,,37.5
p3206,,,op7,op1,1,const,,55
p3206,,,op8,op1,20,linear7,,30
p3206,,,op9,op1,40,linear7,,20
p3207,2827.57,BATCH_PIPELINE,op1,,1,const,,55
p3207,,,op2,op1,15,linear3,,37.5
p3207,,,op3,op2,40,linear7,,20
p3207,,,op4,op3,20,linear7,,30
p3207,,,op5,op4,80,squared,,10
p3207,,,op6,op5,2,sqrt,,55
p3207,,,op7,op6,2,sqrt,,55
p3207,,,op8,op7,5,linear3,,45
p3207,,,op9,op8,2,sqrt,,55
p3208,2827.57,BATCH_PIPELINE,op1,,1,const,,55
p3208,,,op2,op1,15,linear3,,37.5
p3208,,,op3,op2,15,linear3,,37.5
p3208,,,op4,op3,1,const,,55
p3208,,,op5,op4,5,linear3,,45
p3208,,,op6,op5,5,linear3,,45
p3208,,,op7,op6,15,linear3,,37.5
p3208,,,op8,op7,1,const,,55
p3209,2827.57,BATCH_PIPELINE,op1,,1,const,,55
p3209,,,op2,,15,linear3,,37.5
p3209,,,op3,,40,linear7,,20
p3209,,,op4,,5,linear3,,45
p3209,,,op5,,15,linear3,,37.5
p3209,,,op6,,20,linear7,,30
p3209,,,op7,op1;op2;op3;op4;op5;op6,5,linear3,,45
p3210,2827.57,BATCH_PIPELINE,op1,,1,const,,55
p3210,,,op2,op1,20,linear7,,30
p3210,,,op3,op2,40,linear7,,20
p3210,,,op4,op3,2,sqrt,,55
p3210,,,op5,op4,1,const,,55
p3211,2838.655,QUERY,op1,,15,linear3,,35
p3212,2838.655,BATCH_PIPELINE,op1,,1,const,,55
p3213,2838.655,BATCH_PIPELINE,op1,,1,const,,55
p3213,,,op2,op1,2,sqrt,,55
p3213,,,op3,op2,15,linear3,,37.5
p3213,,,op4,op3,80,squared,,10
p3213,,,op5,op4,15,linear3,,37.5
p3214,2838.655,BATCH_PIPELINE,op1,,1,const,,55
p3214,,,op2,op1,20,linear7,,30
p3214,,,op3,op2,2,sqrt,,55
p3214,,,op4,op3,5,linear3,,45
p3214,,,op5,op4,2,sqrt,,55
p3214,,,op6,op5,5,linear3,,45
p3214,,,op7,op6,80,squared,,10
p3215,2838.655,BATCH_PIPELINE,op1,,1,const,,55
p3215,,,op2,op1,15,linear3,,37.5
p3215,,,op3,op2,1,const,,55
p3215,,,op4,op3,80,squared,,10
p3215,,,op5,op4,5,linear3,,45
p3215,,,op6,op5,1,const,,55
p3215,,,op7,op6,1,const,,55
p3216,2838.655,BATCH_PIPELINE,op1,,1,const,,55
p3216,,,op2,,15,linear3,,37.5
p3216,,,op3,,20,linear7,,30
p3216,,,op4,op1;op2;op3,5,linear3,,45
p3217,2838.655,BATCH_PIPELINE,op1,,1,const,,55
p3217,,,op2,op1,2,sqrt,,55
p3217,,,op3,op2,15,linear3,,37.5
p3217,,,op4,op3,1,const,,55
p3217,,,op5,op4,40,linear7,,20
p3217,,,op6,op5,15,linear3,,37.5
p3217,,,op7,op6,20,linear7,,30
p3217,,,op8,op7,1,const,,55
p3218,2838.655,INTERACTIVE,op1,,1,const,,55
p3218,,,op2,op1,2,sqrt,,55
p3218,,,op3,op2,80,squared,,10
p3218,,,op4,op3,15,linear3,,37.5
p3218,,,op5,op4,2,sqrt,,55
p3218,,,op6,op5,15,linear3,,37.5
p3219,2838.655,BATCH_PIPELINE,op1,,1,const,,55
p3219,,,op2,op1,20,linear7,,30
p3219,,,op3,op2,20,linear7,,30
p3219,,,op4,op3,40,linear7,,20
p3219,,,op5,op4,20,linear7,,30
p3220,2838.655,BATCH_PIPELINE,op1,,1,const,,55
p3220,,,op2,op1,5,linear3,,45
p3220,,,op3,op2,15,linear3,,37.5
p3220,,,op4,op3,5,linear3,,45
p3220,,,op5,op4,1,const,,55
p3220,,,op6,op5,2,sqrt,,55
p3220,,,op7,op6,15,linear3,,37.5
p3220,,,op8,op7,2,sqrt,,55
p3220,,,op9,op8,40,linear7,,20
p3221,2850.5750000000003,BATCH_PIPELINE,op1,,1,const,,55
p3221,,,op2,op1,5,linear3,,45
p3221,,,op3,op2,5,linear3,,45
p3221,,,op4,op3,20,linear7,,30
p3221,,,op5,op4,5,linear3,,45
p3221,,,op6,op5,40,linear7,,20
p3221,,,op7,op6,5,linear3,,45
p3221,,,op8,op7,5,linear3,,45
p3222,2850.5750000000003,BATCH_PIPELINE,op1,,1,const,,55
p3222,,,op2,op1,1,const,,55
p3222,,,op3,op2,5,linear3,,45
p3222,,,op4,op3,20,linear7,,30
p3222,,,op5,op4,2,sqrt,,55
p3222,,,op6,op5,20,linear7,,30
p3222,,,op7,op6,15,linear3,,37.5
p3222,,,op8,op7,5,linear3,,45
p3223,2850.5750000000003,BATCH_PIPELINE,op1,,1,const,,55
p3223,,,op2,op1,5,linear3,,45
p3223,,,op3,op2,15,linear3,,37.5
p3223,,,op4,op3,20,linear7,,30
p3223,,,op5,op4,1,const,,55
p3223,,,op6,op5,20,linear7,,30
p3223,,,op7,op6,15,linear3,,37.5
p3224,2850.5750000000003,BATCH_PIPELINE,op1,,1,const,,55
p3224,,,op2,op1,1,const,,55
p3224,,,op3,op2,15,linear3,,37.5
p3224,,,op4,op3,15,linear3,,37.5
p3224,,,op5,op4,20,linear7,,30
p3224,,,op6,op5,5,linear3,,45
p3224,,,op7,op6,2,sqrt,,55
p3224,,,op8,op7,1,const,,55
p3224,,,op9,op8,1,const,,55
p3224,,,op10,op9,5,linear3,,45
p3224,,,op11,op10,5,linear3,,45
p3224,,,op12,op11,80,squared,,10
p3225,2850.5750000000003,BATCH_PIPELINE,op1,,1,const,,55
p3225,,,op2,op1,15,linear3,,37.5
p3225,,,op3,op2,5,linear3,,45
p3225,,,op4,op3,40,linear7,,20
p3225,,,op5,op4,40,linear7,,20
p3225,,,op6,op5,5,linear3,,45
p3225,,,op7,op6,80,squared,,10
p3225,,,op8,op7,20,linear7,,30
p3226,2850.5750000000003,BATCH_PIPELINE,op1,,1,const,,55
p3226,,,op2,op1,2,sqrt,,55
p3226,,,op3,op1,2,sqrt,,55
p3226,,,op4,op1,80,squared,,10
p3226,,,op5,op1,2,sqrt,,55
p3226,,,op6,op1,5,linear3,,45
p3226,,,op7,op1,1,const,,55
p3227,2850.5750000000003,BATCH_PIPELINE,op1,,1,const,,55
p3227,,,op2,op1,15,linear3,,37.5
p3227,,,op3,op2,20,linear7,,30
p3227,,,op4,op3,2,sqrt,,55
p3227,,,op5,op4,2,sqrt,,55
p3227,,,op6,op5,40,linear7,,20
p3228,2850.5750000000003,BATCH_PIPELINE,op1,,1,const,,55
p3228,,,op2,,40,linear7,,20
p3228,,,op3,,80,squared,,10
p3228,,,op4,,1,const,,55
p3228,,,op5,,40,linear7,,20
p3228,,,op6,,15,linear3,,37.5
p3228,,,op7,,5,linear3,,45
p3228,,,op8,,15,linear3,,37.5
p3228,,,op9,,20,linear7,,30
p3228,,,op10,op1;op2;op3;op4;op5;op6;op7;op8;op9,40,linear7,,20
p3229,2850.5750000000003,BATCH_PIPELINE,op1,,1,const,,55
p3229,,,op2,op1,15,linear3,,37.5
p3229,,,op3,op2,80,squared,,10
p3229,,,op4,op3,1,const,,55
p3230,2850.5750000000003,BATCH_PIPELINE,op1,,1,const,,55
p3230,,,op2,,40,linear7,,20
p3230,,,op3,,5,linear3,,45
p3230,,,op4,op1;op2;op3,1,const,,55
p3231,2859.219,BATCH_PIPELINE,op1,,1,const,,55
p3231,,,op2,,80,squared,,10
p3231,,,op3,,15,linear3,,37.5
p3231,,,op4,op1;op2;op3,80,squared,,10
p3232,2859.219,BATCH_PIPELINE,op1,,1,const,,55
p3232,,,op2,op1,15,linear3,,37.5
p3232,,,op3,op1,1,const,,55
p3232,,,op4,op1,2,sqrt,,55
p3232,,,op5,op1,1,const,,55
p3232,,,op6,op1,20,linear7,,30
p3232,,,op7,op1,20,linear7,,30
p3232,,,op8,op1,15,linear3,,37.5
p3232,,,op9,op1,5,linear3,,45
p3232,,,op10,op1,40,linear7,,20
p3233,2859.219,BATCH_PIPELINE,op1,,1,const,,55
p3233,,,op2,op1,80,squared,,10
p3233,,,op3,op2,20,linear7,,30
p3233,,,op4,op3,5,linear3,,45
p3233,,,op5,op4,15,linear3,,37.5
p3233,,,op6,op5,20,linear7,,30
p3234,2859.219,BATCH_PIPELINE,op1,,1,const,,55
p3234,,,op2,op1,80,squared,,10
p3234,,,op3,op2,20,linear7,,30
p3234,,,op4,op3,5,linear3,,45
p3234,,,op5,op4,20,linear7,,30
p3234,,,op6,op5,15,linear3,,37.5
p3235,2859.219,QUERY,op1,,15,linear3,,35
p3236,2859.219,INTERACTIVE,op1,,1,const,,55
p3236,,,op2,op1,20,linear7,,30
p3236,,,op3,op2,2,sqrt,,55
p3237,2859.219,BATCH_PIPELINE,op1,,1,const,,55
p3237,,,op2,op1,15,linear3,,37.5
p3237,,,op3,op2,20,linear7,,30
p3237,,,op4,op3,20,linear7,,30
p3237,,,op5,op4,2,sqrt,,55
p3237,,,op6,op5,20,linear7,,30
p3238,2859.219,INTERACTIVE,op1,,1,const,,55
p3238,,,op2,op1,40,linear7,,20
p3238,,,op3,op2,5,linear3,,45
p3238,,,op4,op3,40,linear7,,20
p3238,,,op5,op4,20,linear7,,30
p3238,,,op6,op5,15,linear3,,37.5
p3238,,,op7,op6,80,squared,,10
p3239,2859.219,BATCH_PIPELINE,op1,,1,const,,55
p3239,,,op2,op1,15,linear3,,37.5
p3239,,,op3,op2,40,linear7,,20
p3239,,,op4,op3,2,sqrt,,55
p3239,,,op5,op4,80,squared,,10
p3239,,,op6,op5,2,sqrt,,55
p3239,,,op7,op6,15,linear3,,37.5
p3240,2859.219,BATCH_PIPELINE,op1,,1,const,,55
p3240,,,op2,op1,40,linear7,,20
p3240,,,op3,op2,2,sqrt,,55
p3240,,,op4,op3,1,const,,55
p3240,,,op5,op4,1,const,,55
p3240,,,op6,op5,80,squared,,10
p3240,,,op7,op6,40,linear7,,20
p3240,,,op8,op7,1,const,,55
p3241,2870.05,BATCH_PIPELINE,op1,,1,const,,55
p3241,,,op2,op1,20,linear7,,30
p3241,,,op3,op2,20,linear7,,30
p3241,,,op4,op3,40,linear7,,20
p3241,,,op5,op4,5,linear3,,45
p3241,,,op6,op5,5,linear3,,45
p3241,,,op7,op6,1,const,,55
p3242,2870.05,BATCH_PIPELINE,op1,,1,const,,55
p3242,,,op2,op1,15,linear3,,37.5
p3242,,,op3,op2,40,linear7,,20
p3242,,,op4,op3,1,const,,55
p3242,,,op5,op4,20,linear7,,30
p3242,,,op6,op5,1,const,,55
p3242,,,op7,op6,80,squared,,10
p3242,,,op8,op7,20,linear7,,30
p3242,,,op9,op8,40,linear7,,20
p3243,2870.05,BATCH_PIPELINE,op1,,1,const,,55
p3243,,,op2,op1,20,linear7,,30
p3243,,,op3,op2,40,linear7,,20
p3243,,,op4,op3,5,linear3,,45
p3243,,,op5,op4,1,const,,55
p3243,,,op6,op5,20,linear7,,30
p3243,,,op7,op6,2,sqrt,,55
p3243,,,op8,op7,40,linear7,,20
p3243,,,op9,op8,40,linear7,,20
p3243,,,op10,op9,15,linear3,,37.5
p3243,,,op11,op10,15,linear3,,37.5
p3243,,,op12,op11,40,linear7,,20
p3244,2870.05,BATCH_PIPELINE,op1,,1,const,,55
p3244,,,op2,op1,40,linear7,,20
p3244,,,op3,op2,15,linear3,,37.5
p3244,,,op4,op3,80,squared,,10
p3244,,,op5,op4,15,linear3,,37.5
p3244,,,op6,op5,15,linear3,,37.5
p3244,,,op7,op6,15,linear3,,37.5
p3245,2870.05,BATCH_PIPELINE,op1,,1,const,,55
p3245,,,op2,op1,15,linear3,,37.5
p3245,,,op3,op1,20,linear7,,30
p3245,,,op4,op1,5,linear3,,45
p3245,,,op5,op1,20,linear7,,30
p3245,,,op6,op1,15,linear3,,37.5
p3245,,,op7,op1,20,linear7,,30
p3245,,,op8,op1,40,linear7,,20
p3245,,,op9,op1,5,linear3,,45
p3245,,,op10,op1,1,const,,55
p3246,2870.05,BATCH_PIPELINE,op1,,1,const,,55
p3246,,,op2,op1,5,linear3,,45
p3246,,,op3,op2,15,linear3,,37.5
p3246,,,op4,op3,40,linear7,,20
p3246,,,op5,op4,1,const,,55
p3246,,,op6,op5,15,linear3,,37.5
p3247,2870.05,BATCH_PIPELINE,op1,,1,const,,55
p3247,,,op2,op1,80,squared,,10
p3247,,,op3,op2,1,const,,55
p3247,,,op4,op3,15,linear3,,37.5
p3247,,,op5,op4,40,linear7,,20
p3247,,,op6,op5,5,linear3,,45
p3248,2870.05,BATCH_PIPELINE,op1,,1,const,,55
p3248,,,op2,op1,20,linear7,,30
p3248,,,op3,op1,80,squared,,10
p3248,,,op4,op1,15,linear3,,37.5
p3248,,,op5,op1,1,const,,55
p3248,,,op6,op1,2,sqrt,,55
p3248,,,op7,op1,40,linear7,,20
p3248,,,op8,op1,40,linear7,,20
p3248,,,op9,op1,5,linear3,,45
p3249,2870.05,BATCH_PIPELINE,op1,,1,const,,55
p3249,,,op2,,20,linear7,,30
p3249,,,op3,,1,const,,55
p3249,,,op4,,5,linear3,,45
p3249,,,op5,,80,squared,,10
p3249,,,op6,,2,sqrt,,55
p3249,,,op7,op1;op2;op3;op4;op5;op6,20,linear7,,30
p3250,2870.05,BATCH_PIPELINE,op1,,1,const,,55
p3250,,,op2,,40,linear7,,20
p3250,,,op3,,2,sqrt,,55
p3250,,,op4,,40,linear7,,20
p3250,,,op5,,5,linear3,,45
p3250,,,op6,op1;op2;op3;op4;op5,15,linear3,,37.5
p3251,2879.976,BATCH_PIPELINE,op1,,1,const,,55
p3251,,,op2,op1,40,linear7,,20
p3251,,,op3,op2,2,sqrt,,55
p3251,,,op4,op3,2,sqrt,,55
p3251,,,op5,op4,20,linear7,,30
p3251,,,op6,op5,80,squared,,10
p3251,,,op7,op6,5,linear3,,45
p3251,,,op8,op7,1,const,,55
p3252,2879.976,BATCH_PIPELINE,op1,,1,const,,55
p3252,,,op2,op1,2,sqrt,,55
p3252,,,op3,op1,40,linear7,,20
p3252,,,op4,op1,15,linear3,,37.5
p3252,,,op5,op1,40,linear7,,20
p3253,2879.976,INTERACTIVE,op1,,1,const,,55
p3253,,,op2,op1,5,linear3,,45
p3253,,,op3,op1,1,const,,55
p3253,,,op4,op1,15,linear3,,37.5
p3254,2879.976,QUERY,op1,,15,linear3,,35
p3255,2879.976,BATCH_PIPELINE,op1,,1,const,,55
p3255,,,op2,op1,15,linear3,,37.5
p3255,,,op3,op1,40,linear7,,20
p3255,,,op4,op1,15,linear3,,37.5
p3255,,,op5,op1,15,linear3,,37.5
p3255,,,op6,op1,20,linear7,,30
p3255,,,op7,op1,20,linear7,,30
p3255,,,op8,op1,2,sqrt,,55
p3256,2879.976,INTERACTIVE,op1,,1,const,,55
p3256,,,op2,op1,5,linear3,,45
p3256,,,op3,op2,1,const,,55
p3256,,,op4,op3,1,const,,55
p3256,,,op5,op4,5,linear3,,45
p3256,,,op6,op5,15,linear3,,37.5
p3256,,,op7,op6,2,sqrt,,55
p3256,,,op8,op7,80,squared,,10
p3257,2879.976,BATCH_PIPELINE,op1,,1,const,,55
p3257,,,op2,op1,80,squared,,10
p3257,,,op3,op2,20,linear7,,30
p3257,,,op4,op3,1,const,,55
p3257,,,op5,op4,40,linear7,,20
p3257,,,op6,op5,80,squared,,10
p3257,,,op7,op6,1,const,,55
p3257,,,op8,op7,20,linear7,,30
p3257,,,op9,op8,20,linear7,,30
p3258,2879.976,BATCH_PIPELINE,op1,,1,const,,55
p3258,,,op2,op1,5,linear3,,45
p3258,,,op3,op2,80,squared,,10
p3259,2879.976,BATCH_PIPELINE,op1,,1,const,,55
p3259,,,op2,op1,15,linear3,,37.5
p3259,,,op3,op2,15,linear3,,37.5
p3259,,,op4,op3,2,sqrt,,55
p3259,,,op5,op4,15,linear3,,37.5
p3259,,,op6,op5,5,linear3,,45
p3259,,,op7,op6,1,const,,55
p3260,2879.976,BATCH_PIPELINE,op1,,1,const,,55
p3260,,,op2,op1,5,linear3,,45
p3260,,,op3,op2,15,linear3,,37.5
p3260,,,op4,op3,20,linear7,,30
p3260,,,op5,op4,2,sqrt,,55
p3260,,,op6,op5,20,linear7,,30
p3260,,,op7,op6,1,const,,55
p3260,,,op8,op7,15,linear3,,37.5
p3260,,,op9,op8,15,linear3,,37.5
p3261,2891.233,BATCH_PIPELINE,op1,,1,const,,55
p3261,,,op2,,5,linear3,,45
p3261,,,op3,,15,linear3,,37.5
p3261,,,op4,,1,const,,55
p3261,,,op5,,5,linear3,,45
p3261,,,op6,op1;op2;op3;op4;op5,20,linear7,,30
p3262,2891.233,BATCH_PIPELINE,op1,,1,const,,55
p3262,,,op2,op1,5,linear3,,45
p3262,,,op3,op2,15,linear3,,37.5
p3262,,,op4,op3,5,linear3,,45
p3262,,,op5,op4,15,linear3,,37.5
p3262,,,op6,op5,5,linear3,,45
p3262,,,op7,op6,5,linear3,,45
p3262,,,op8,op7,2,sqrt,,55
p3263,2891.233,BATCH_PIPELINE,op1,,1,const,,55
p3263,,,op2,op1,80,squared,,10
p3263,,,op3,op2,40,linear7,,20
p3263,,,op4,op3,20,linear7,,30
p3263,,,op5,op4,15,linear3,,37.5
p3264,2891.233,BATCH_PIPELINE,op1,,1,const,,55
p3264,,,op2,op1,20,linear7,,30
p3264,,,op3,op2,15,linear3,,37.5
p3264,,,op4,op3,20,linear7,,30
p3264,,,op5,op4,40,linear7,,20
p3264,,,op6,op5,5,linear3,,45
p3265,2891.233,BATCH_PIPELINE,op1,,1,const,,55
p3265,,,op2,op1,5,linear3,,45
p3265,,,op3,op1,20,linear7,,30
p3265,,,op4,op1,5,linear3,,45
p3266,2891.233,BATCH_PIPELINE,op1,,1,const,,55
p3266,,,op2,op1,1,const,,55
p3266,,,op3,op2,40,linear7,,20
p3266,,,op4,op3,20,linear7,,30
p3266,,,op5,op4,2,sqrt,,55
p3266,,,op6,op5,20,linear7,,30
p3266,,,op7,op6,20,linear7,,30
p3267,2891.233,BATCH_PIPELINE,op1,,1,const,,55
p3267,,,op2,op1,1,const,,55
p3267,,,op3,op2,20,linear7,,30
p3267,,,op4,op3,15,linear3,,37.5
p3267,,,op5,op4,80,squared,,10
p3267,,,op6,op5,20,linear7,,30
p3267,,,op7,op6,5,linear3,,45
p3267,,,op8,op7,5,linear3,,45
p3268,2891.233,BATCH_PIPELINE,op1,,1,const,,55
p3268,,,op2,op1,5,linear3,,45
p3268,,,op3,op2,40,linear7,,20
p3268,,,op4,op3,40,linear7,,20
p3268,,,op5,op4,15,linear3,,37.5
p3268,,,op6,op5,5,linear3,,45
p3268,,,op7,op6,5,linear3,,45
p3269,2891.233,BATCH_PIPELINE,op1,,1,const,,55
p3269,,,op2,op1,2,sqrt,,55
p3269,,,op3,op2,1,const,,55
p3269,,,op4,op3,15,linear3,,37.5
p3269,,,op5,op4,15,linear3,,37.5
p3269,,,op6,op5,15,linear3,,37.5
p3269,,,op7,op6,2,sqrt,,55
p3269,,,op8,op7,15,linear3,,37.5
p3270,2891.233,BATCH_PIPELINE,op1,,1,const,,55
p3270,,,op2,op1,40,linear7,,20
p3270,,,op3,op1,80,squared,,10
p3270,,,op4,op1,15,linear3,,37.5
p3270,,,op5,op1,20,linear7,,30
p3270,,,op6,op1,20,linear7,,30
p3270,,,op7,op1,2,sqrt,,55
p3270,,,op8,op1,5,linear3,,45
p3270,,,op9,op1,15,linear3,,37.5
p3271,2904.794,INTERACTIVE,op1,,1,const,,55
p3271,,,op2,op1,15,linear3,,37.5
p3271,,,op3,op2,80,squared,,10
p3271,,,op4,op3,80,squared,,10
p3271,,,op5,op4,20,linear7,,30
p3271,,,op6,op5,40,linear7,,20
p3271,,,op7,op6,2,sqrt,,55
p3271,,,op8,op7,5,linear3,,45
p3271,,,op9,op8,1,const,,55
p3271,,,op10,op9,5,linear3,,45
p3271,,,op11,op10,20,linear7,,30
p3272,2904.794,BATCH_PIPELINE,op1,,1,const,,55
p3272,,,op2,,5,linear3,,45
p3272,,,op3,,2,sqrt,,55
p3272,,,op4,,40,linear7,,20
p3272,,,op5,,40,linear7,,20
p3272,,,op6,,20,linear7,,30
p3272,,,op7,,20,linear7,,30
p3272,,,op8,,20,linear7,,30
p3272,,,op9,,2,sqrt,,55
p3272,,,op10,,1,const,,55
p3272,,,op11,op1;op2;op3;op4;op5;op6;op7;op8;op9;op10,15,linear3,,37.5
p3273,2904.794,BATCH_PIPELINE,op1,,1,const,,55
p3273,,,op2,op1,1,const,,55
p3273,,,op3,op2,1,const,,55
p3273,,,op4,op3,20,linear7,,30
p3273,,,op5,op4,2,sqrt,,55
p3273,,,op6,op5,5,linear3,,45
p3273,,,op7,op6,5,linear3,,45
p3273,,,op8,op7,2,sqrt,,55
p3274,2904.794,BATCH_PIPELINE,op1,,1,const,,55
p3274,,,op2,op1,20,linear7,,30
p3274,,,op3,op2,20,linear7,,30
p3274,,,op4,op3,15,linear3,,37.5
p3274,,,op5,op4,20,linear7,,30
p3274,,,op6,op5,15,linear3,,37.5
p3274,,,op7,op6,40,linear7,,20
p3274,,,op8,op7,20,linear7,,30
p3274,,,op9,op8,40,linear7,,20
p3274,,,op10,op9,2,sqrt,,55
p3275,2904.794,BATCH_PIPELINE,op1,,1,const,,55
p3275,,,op2,op1,2,sqrt,,55
p3275,,,op3,op1,5,linear3,,45
p3275,,,op4,op1,1,const,,55
p3276,2904.794,BATCH_PIPELINE,op1,,1,const,,55
p3276,,,op2,op1,20,linear7,,30
p3276,,,op3,op1,5,linear3,,45
p3276,,,op4,op1,1,const,,55
p3276,,,op5,op1,1,const,,55
p3276,,,op6,op1,2,sqrt,,55
p3276,,,op7,op1,1,const,,55
p3277,2904.794,BATCH_PIPELINE,op1,,1,const,,55
p3277,,,op2,op1,2,sqrt,,55
p3277,,,op3,op1,15,linear3,,37.5
p3277,,,op4,op1,1,const,,55
p3277,,,op5,op1,15,linear3,,37.5
p3277,,,op6,op1,20,linear7,,30
p3277,,,op7,op1,5,linear3,,45
p3278,2904.794,BATCH_PIPELINE,op1,,1,const,,55
p3278,,,op2,op1,15,linear3,,37.5
p3278,,,op3,op2,40,linear7,,20
p3278,,,op4,op3,5,linear3,,45
p3279,2904.794,INTERACTIVE,op1,,1,const,,55
p3279,,,op2,op1,15,linear3,,37.5
p3279,,,op3,op1,20,linear7,,30
p3279,,,op4,op1,5,linear3,,45
p3279,,,op5,op1,2,sqrt,,55
p3280,2904.794,BATCH_PIPELINE,op1,,1,const,,55
p3280,,,op2,,20,linear7,,30
p3280,,,op3,,5,linear3,,45
p3280,,,op4,,5,linear3,,45
p3280,,,op5,,5,linear3,,45
p3280,,,op6,,2,sqrt,,55
p3280,,,op7,,2,sqrt,,55
p3280,,,op8,op1;op2;op3;op4;op5;op6;op7,5,linear3,,45
p3281,2913.867,BATCH_PIPELINE,op1,,1,const,,55
p3281,,,op2,op1,2,sqrt,,55
p3281,,,op3,op2,80,squared,,10
p3281,,,op4,op3,15,linear3,,37.5
p3281,,,op5,op4,1,const,,55
p3281,,,op6,op5,80,squared,,10
p3281,,,op7,op6,40,linear7,,20
p3281,,,op8,op7,2,sqrt,,55
p3281,,,op9,op8,5,linear3,,45
p3282,2913.867,BATCH_PIPELINE,op1,,1,const,,55
p3282,,,op2,op1,20,linear7,,30
p3282,,,op3,op2,20,linear7,,30
p3282,,,op4,op3,15,linear3,,37.5
p3283,2913.867,BATCH_PIPELINE,op1,,1,const,,55
p3283,,,op2,op1,2,sqrt,,55
p3283,,,op3,op2,2,sqrt,,55
p3283,,,op4,op3,5,linear3,,45
p3283,,,op5,op4,2,sqrt,,55
p3284,2913.867,BATCH_PIPELINE,op1,,1,const,,55
p3284,,,op2,op1,2,sqrt,,55
p3284,,,op3,op1,15,linear3,,37.5
p3284,,,op4,op1,2,sqrt,,55
p3284,,,op5,op1,20,linear7,,30
p3284,,,op6,op1,20,linear7,,30
p3284,,,op7,op1,15,linear3,,37.5
p3285,2913.867,BATCH_PIPELINE,op1,,1,const,,55
p3285,,,op2,op1,15,linear3,,37.5
p3285,,,op3,op1,5,linear3,,45
p3285,,,op4,op1,80,squared,,10
p3285,,,op5,op1,1,const,,55
p3285,,,op6,op1,1,const,,55
p3285,,,op7,op1,2,sqrt,,55
p3285,,,op8,op1,1,const,,55
p3286,2913.867,BATCH_PIPELINE,op1,,1,const,,55
p3286,,,op2,op1,2,sqrt,,55
p3286,,,op3,op2,40,linear7,,20
p3286,,,op4,op3,15,linear3,,37.5
p3286,,,op5,op4,40,linear7,,20
p3287,2913.867,BATCH_PIPELINE,op1,,1,const,,55
p3287,,,op2,op1,80,squared,,10
p3287,,,op3,op2,20,linear7,,30
p3287,,,op4,op3,2,sqrt,,55
p3287,,,op5,op4,20,linear7,,30
p3287,,,op6,op5,15,linear3,,37.5
p3287,,,op7,op6,5,linear3,,45
p3287,,,op8,op7,15,linear3,,37.5
p3287,,,op9,op8,20,linear7,,30
p3288,2913.867,BATCH_PIPELINE,op1,,1,const,,55
p3288,,,op2,op1,15,linear3,,37.5
p3288,,,op3,op2,1,const,,55
p3288,,,op4,op3,1,const,,55
p3288,,,op5,op4,80,squared,,10
p3288,,,op6,op5,5,linear3,,45
p3288,,,op7,op6,80,squared,,10
p3289,2913.867,BATCH_PIPELINE,op1,,1,const,,55
p3289,,,op2,op1,5,linear3,,45
p3289,,,op3,op2,15,linear3,,37.5
p3289,,,op4,op3,20,linear7,,30
p3289,,,op5,op4,1,const,,55
p3289,,,op6,op5,15,linear3,,37.5
p3290,2913.867,BATCH_PIPELINE,op1,,1,const,,55
p3290,,,op2,,20,linear7,,30
p3290,,,op3,,15,linear3,,37.5
p3290,,,op4,,20,linear7,,30
p3290,,,op5,,2,sqrt,,55
p3290,,,op6,,1,const,,55
p3290,,,op7,,5,linear3,,45
p3290,,,op8,,5,linear3,,45
p3290,,,op9,op1;op2;op3;op4;op5;op6;op7;op8,1,const,,55
p3291,2919.474,BATCH_PIPELINE,op1,,1,const,,55
p3291,,,op2,op1,1,const,,55
p3291,,,op3,op2,1,const,,55
p3291,,,op4,op3,40,linear7,,20
p3291,,,op5,op4,5,linear3,,45
p3291,,,op6,op5,15,linear3,,37.5
p3291,,,op7,op6,1,const,,55
p3292,2919.474,BATCH_PIPELINE,op1,,1,const,,55
p3292,,,op2,op1,1,const,,55
p3292,,,op3,op2,2,sqrt,,55
p3292,,,op4,op3,80,squared,,10
p3292,,,op5,op4,5,linear3,,45
p3292,,,op6,op5,20,linear7,,30
p3292,,,op7,op6,5,linear3,,45
p3293,2919.474,BATCH_PIPELINE,op1,,1,const,,55
p3293,,,op2,op1,15,linear3,,37.5
p3293,,,op3,op2,2,sqrt,,55
p3293,,,op4,op3,5,linear3,,45
p3293,,,op5,op4,40,linear7,,20
p3293,,,op6,op5,1,const,,55
p3294,2919.474,BATCH_PIPELINE,op1,,1,const,,55
p3294,,,op2,op1,15,linear3,,37.5
p3294,,,op3,op2,20,linear7,,30
p3294,,,op4,op3,1,const,,55
p3294,,,op5,op4,20,linear7,,30
p3294,,,op6,op5,15,linear3,,37.5
p3294,,,op7,op6,5,linear3,,45
p3294,,,op8,op7,15,linear3,,37.5
p3294,,,op9,op8,20,linear7,,30
p3295,2919.474,BATCH_PIPELINE,op1,,1,const,,55
p3295,,,op2,op1,15,linear3,,37.5
p3295,,,op3,op2,80,squared,,10
p3295,,,op4,op3,1,const,,55
p3295,,,op5,op4,1,const,,55
p3295,,,op6,op5,15,linear3,,37.5
p3295,,,op7,op6,20,linear7,,30
p3295,,,op8,op7,1,const,,55
p3295,,,op9,op8,15,linear3,,37.5
p3296,2919.474,BATCH_PIPELINE,op1,,1,const,,55
p3296,,,op2,,1,const,,55
p3296,,,op3,,2,sqrt,,55
p3296,,,op4,,2,sqrt,,55
p3296,,,op5,,20,linear7,,30
p3296,,,op6,,15,linear3,,37.5
p3296,,,op7,,2,sqrt,,55
p3296,,,op8,,15,linear3,,37.5
p3296,,,op9,op1;op2;op3;op4;op5;op6;op7;op8,2,sqrt,,55
p3297,2919.474,BATCH_PIPELINE,op1,,1,const,,55
p3297,,,op2,op1,40,linear7,,20
p3297,,,op3,op2,40,linear7,,20
p3297,,,op4,op3,15,linear3,,37.5
p3297,,,op5,op4,5,linear3,,45
p3297,,,op6,op5,40,linear7,,20
p3297,,,op7,op6,15,linear3,,37.5
p3297,,,op8,op7,2,sqrt,,55
p3297,,,op9,op8,80,squared,,10
p3298,2919.474,BATCH_PIPELINE,op1,,1,const,,55
p3298,,,op2,op1,2,sqrt,,55
p3298,,,op3,op2,20,linear7,,30
p3298,,,op4,op3,80,squared,,10
p3299,2919.474,BATCH_PIPELINE,op1,,1,const,,55
p3299,,,op2,op1,20,linear7,,30
p3299,,,op3,op2,5,linear3,,45
p3299,,,op4,op3,80,squared,,10
p3299,,,op5,op4,15,linear3,,37.5
p3299,,,op6,op5,15,linear3,,37.5
p3299,,,op7,op6,80,squared,,10
p3300,2919.474,BATCH_PIPELINE,op1,,1,const,,55
p3300,,,op2,op1,40,linear7,,20
p3300,,,op3,op2,15,linear3,,37.5
p3300,,,op4,op3,2,sqrt,,55
p3300,,,op5,op4,15,linear3,,37.5
p3300,,,op6,op5,15,linear3,,37.5
p3300,,,op7,op6,80,squared,,10
p3300,,,op8,op7,15,linear3,,37.5
p3300,,,op9,op8,2,sqrt,,55
p3300,,,op10,op9,2,sqrt,,55
p3301,2928.368,BATCH_PIPELINE,op1,,1,const,,55
p3301,,,op2,op1,5,linear3,,45
p3301,,,op3,op2,20,linear7,,30
p3301,,,op4,op3,2,sqrt,,55
p3301,,,op5,op4,1,const,,55
p3301,,,op6,op5,1,const,,55
p3302,2928.368,BATCH_PIPELINE,op1,,1,const,,55
p3302,,,op2,op1,80,squared,,10
p3302,,,op3,op1,20,linear7,,30
p3302,,,op4,op1,15,linear3,,37.5
p3302,,,op5,op1,15,linear3,,37.5
p3302,,,op6,op1,5,linear3,,45
p3303,2928.368,BATCH_PIPELINE,op1,,1,const,,55
p3303,,,op2,,1,const,,55
p3303,,,op3,,15,linear3,,37.5
p3303,,,op4,,15,linear3,,37.5
p3303,,,op5,,5,linear3,,45
p3303,,,op6,,80,squared,,10
p3303,,,op7,,80,squared,,10
p3303,,,op8,,5,linear3,,45
p3303,,,op9,,5,linear3,,45
p3303,,,op10,op1;op2;op3;op4;op5;op6;op7;op8;op9,5,linear3,,45
p3304,2928.368,BATCH_PIPELINE,op1,,1,const,,55
p3304,,,op2,op1,80,squared,,10
p3304,,,op3,op2,80,squared,,10
p3304,,,op4,op3,20,linear7,,30
p3304,,,op5,op4,1,const,,55
p3304,,,op6,op5,1,const,,55
p3305,2928.368,BATCH_PIPELINE,op1,,1,const,,55
p3305,,,op2,op1,5,linear3,,45
p3305,,,op3,op2,40,linear7,,20
p3305,,,op4,op3,20,linear7,,30
p3305,,,op5,op4,40,linear7,,20
p3305,,,op6,op5,1,const,,55
p3305,,,op7,op6,15,linear3,,37.5
p3305,,,op8,op7,80,squared,,10
p3305,,,op9,op8,20,linear7,,30
p3305,,,op10,op9,40,linear7,,20
p3305,,,op11,op10,15,linear3,,37.5
p3306,2928.368,BATCH_PIPELINE,op1,,1,const,,55
p3306,,,op2,op1,2,sqrt,,55
p3306,,,op3,op2,5,linear3,,45
p3306,,,op4,op3,15,linear3,,37.5
p3306,,,op5,op4,1,const,,55
p3306,,,op6,op5,20,linear7,,30
p3306,,,op7,op6,5,linear3,,45
p3306,,,op8,op7,20,linear7,,30
p3306,,,op9,op8,1,const,,55
p3306,,,op10,op9,20,linear7,,30
p3307,2928.368,INTERACTIVE,op1,,1,const,,55
p3307,,,op2,op1,40,linear7,,20
p3307,,,op3,op2,80,squared,,10
p3307,,,op4,op3,20,linear7,,30
p3307,,,op5,op4,20,linear7,,30
p3307,,,op6,op5,80,squared,,10
p3307,,,op7,op6,40,linear7,,20
p3307,,,op8,op7,2,sqrt,,55
p3308,2928.368,BATCH_PIPELINE,op1,,1,const,,55
p3308,,,op2,op1,5,linear3,,45
p3308,,,op3,op2,15,linear3,,37.5
p3308,,,op4,op3,15,linear3,,37.5
p3308,,,op5,op4,40,linear7,,20
p3308,,,op6,op5,80,squared,,10
p3308,,,op7,op6,15,linear3,,37.5
p3308,,,op8,op7,80,squared,,10
p3308,,,op9,op8,15,linear3,,37.5
p3309,2928.368,BATCH_PIPELINE,op1,,1,const,,55
p3309,,,op2,op1,80,squared,,10
p3309,,,op3,op2,5,linear3,,45
p3309,,,op4,op3,2,sqrt,,55
p3309,,,op5,op4,1,const,,55
p3309,,,op6,op5,40,linear7,,20
p3309,,,op7,op6,80,squared,,10
p3309,,,op8,op7,15,linear3,,37.5
p3310,2928.368,INTERACTIVE,op1,,1,const,,55
p3310,,,op2,op1,2,sqrt,,55
p3310,,,op3,op2,5,linear3,,45
p3310,,,op4,op3,20,linear7,,30
p3310,,,op5,op4,5,linear3,,45
p3310,,,op6,op5,20,linear7,,30
p3310,,,op7,op6,1,const,,55
p3311,2941.147,BATCH_PIPELINE,op1,,1,const,,55
p3311,,,op2,op1,20,linear7,,30
p3311,,,op3,op2,1,const,,55
p3311,,,op4,op3,2,sqrt,,55
p3311,,,op5,op4,2,sqrt,,55
p3311,,,op6,op5,15,linear3,,37.5
p3311,,,op7,op6,40,linear7,,20
p3311,,,op8,op7,20,linear7,,30
p3311,,,op9,op8,2,sqrt,,55
p3312,2941.147,QUERY,op1,,15,linear3,,35
p3313,2941.147,BATCH_PIPELINE,op1,,1,const,,55
p3313,,,op2,op1,20,linear7,,30
p3313,,,op3,op1,2,sqrt,,55
p3313,,,op4,op1,5,linear3,,45
p3313,,,op5,op1,40,linear7,,20
p3313,,,op6,op1,20,linear7,,30
p3313,,,op7,op1,40,linear7,,20
p3314,2941.147,BATCH_PIPELINE,op1,,1,const,,55
p3314,,,op2,,5,linear3,,45
p3314,,,op3,,1,const,,55
p3314,,,op4,,2,sqrt,,55
p3314,,,op5,op1;op2;op3;op4,5,linear3,,45
p3315,2941.147,BATCH_PIPELINE,op1,,1,const,,55
p3315,,,op2,op1,80,squared,,10
p3315,,,op3,op2,1,const,,55
p3315,,,op4,op3,40,linear7,,20
p3315,,,op5,op4,15,linear3,,37.5
p3315,,,op6,op5,5,linear3,,45
p3316,2941.147,BATCH_PIPELINE,op1,,1,const,,55
p3316,,,op2,op1,20,linear7,,30
p3316,,,op3,op1,80,squared,,10
p3316,,,op4,op1,1,const,,55
p3316,,,op5,op1,40,linear7,,20
p3316,,,op6,op1,15,linear3,,37.5
p3316,,,op7,op1,1,const,,55
p3316,,,op8,op1,1,const,,55
p3316,,,op9,op1,15,linear3,,37.5
p3317,2941.147,BATCH_PIPELINE,op1,,1,const,,55
p3317,,,op2,op1,20,linear7,,30
p3317,,,op3,op2,40,linear7,,20
p3317,,,op4,op3,5,linear3,,45
p3318,2941.147,BATCH_PIPELINE,op1,,1,const,,55
p3318,,,op2,op1,20,linear7,,30
p3318,,,op3,op2,15,linear3,,37.5
p3318,,,op4,op3,15,linear3,,37.5
p3318,,,op5,op4,15,linear3,,37.5
p3318,,,op6,op5,2,sqrt,,55
p3318,,,op7,op6,40,linear7,,20
p3318,,,op8,op7,1,const,,55
p3318,,,op9,op8,5,linear3,,45
p3318,,,op10,op9,15,linear3,,37.5
p3319,2941.147,BATCH_PIPELINE,op1,,1,const,,55
p3319,,,op2,op1,15,linear3,,37.5
p3319,,,op3,op2,2,sqrt,,55
p3319,,,op4,op3,5,linear3,,45
p3319,,,op5,op4,5,linear3,,45
p3319,,,op6,op5,20,linear7,,30
p3319,,,op7,op6,2,sqrt,,55
p3319,,,op8,op7,5,linear3,,45
p3319,,,op9,op8,80,squared,,10
p3320,2941.147,QUERY,op1,,15,linear3,,35
p3321,2947.7780000000002,BATCH_PIPELINE,op1,,1,const,,55
p3321,,,op2,op1,80,squared,,10
p3321,,,op3,op2,1,const,,55
p3322,2947.7780000000002,BATCH_PIPELINE,op1,,1,const,,55
p3322,,,op2,op1,80,squared,,10
p3322,,,op3,op2,20,linear7,,30
p3322,,,op4,op3,1,const,,55
p3322,,,op5,op4,15,linear3,,37.5
p3322,,,op6,op5,80,squared,,10
p3323,2947.7780000000002,BATCH_PIPELINE,op1,,1,const,,55
p3323,,,op2,op1,1,const,,55
p3323,,,op3,op2,40,linear7,,20
p3323,,,op4,op3,20,linear7,,30
p3323,,,op5,op4,1,const,,55
p3323,,,op6,op5,1,const,,55
p3323,,,op7,op6,2,sqrt,,55
p3323,,,op8,op7,20,linear7,,30
p3324,2947.7780000000002,BATCH_PIPELINE,op1,,1,const,,55
p3324,,,op2,op1,15,linear3,,37.5
p3324,,,op3,op2,20,linear7,,30
p3324,,,op4,op3,15,linear3,,37.5
p3324,,,op5,op4,15,linear3,,37.5
p3324,,,op6,op5,15,linear3,,37.5
p3324,,,op7,op6,15,linear3,,37.5
p3324,,,op8,op7,5,linear3,,45
p3325,2947.7780000000002,BATCH_PIPELINE,op1,,1,const,,55
p3325,,,op2,op1,40,linear7,,20
p3325,,,op3,op2,2,sqrt,,55
p3325,,,op4,op3,20,linear7,,30
p3325,,,op5,op4,80,squared,,10
p3325,,,op6,op5,5,linear3,,45
p3325,,,op7,op6,2,sqrt,,55
p3325,,,op8,op7,5,linear3,,45
p3325,,,op9,op8,15,linear3,,37.5
p3325,,,op10,op9,15,linear3,,37.5
p3325,,,op11,op10,15,linear3,,37.5
p3326,2947.7780000000002,BATCH_PIPELINE,op1,,1,const,,55
p3326,,,op2,op1,2,sqrt,,55
p3326,,,op3,op2,20,linear7,,30
p3326,,,op4,op3,20,linear7,,30
p3326,,,op5,op4,80,squared,,10
p3326,,,op6,op5,80,squared,,10
p3326,,,op7,op6,15,linear3,,37.5
p3326,,,op8,op7,5,linear3,,45
p3326,,,op9,op8,1,const,,55
p3326,,,op10,op9,2,sqrt,,55
p3326,,,op11,op10,15,linear3,,37.5
p3327,2947.7780000000002,INTERACTIVE,op1,,1,const,,55
p3327,,,op2,op1,40,linear7,,20
p3327,,,op3,op2,15,linear3,,37.5
p3327,,,op4,op3,40,linear7,,20
p3328,2947.7780000000002,BATCH_PIPELINE,op1,,1,const,,55
p3328,,,op2,,80,squared,,10
p3328,,,op3,,20,linear7,,30
p3328,,,op4,,5,linear3,,45
p3328,,,op5,,15,linear3,,37.5
p3328,,,op6,,80,squared,,10
p3328,,,op7,,2,sqrt,,55
p3328,,,op8,,80,squared,,10
p3328,,,op9,,5,linear3,,45
p3328,,,op10,op1;op2;op3;op4;op5;op6;op7;op8;op9,15,linear3,,37.5
p3329,2947.7780000000002,INTERACTIVE,op1,,1,const,,55
p3329,,,op2,op1,80,squared,,10
p3329,,,op3,op2,5,linear3,,45
p3329,,,op4,op3,80,squared,,10
p3329,,,op5,op4,5,linear3,,45
p3330,2947.7780000000002,BATCH_PIPELINE,op1,,1,const,,55
p3330,,,op2,op1,15,linear3,,37.5
p3330,,,op3,op1,15,linear3,,37.5
p3330,,,op4,op1,80,squared,,10
p3330,,,op5,op1,15,linear3,,37.5
p3330,,,op6,op1,5,linear3,,45
p3330,,,op7,op1,1,const,,55
p3330,,,op8,op1,40,linear7,,20
p3331,2955.821,BATCH_PIPELINE,op1,,1,const,,55
p3331,,,op2,op1,15,linear3,,37.5
p3331,,,op3,op2,5,linear3,,45
p3331,,,op4,op3,15,linear3,,37.5
p3331,,,op5,op4,5,linear3,,45
p3331,,,op6,op5,5,linear3,,45
p3331,,,op7,op6,5,linear3,,45
p3331,,,op8,op7,40,linear7,,20
p3331,,,op9,op8,15,linear3,,37.5
p3331,,,op10,op9,40,linear7,,20
p3332,2955.821,BATCH_PIPELINE,op1,,1,const,,55
p3332,,,op2,op1,15,linear3,,37.5
p3332,,,op3,op1,5,linear3,,45
p3332,,,op4,op1,15,linear3,,37.5
p3332,,,op5,op1,80,squared,,10
p3332,,,op6,op1,15,linear3,,37.5
p3332,,,op7,op1,40,linear7,,20
p3333,2955.821,QUERY,op1,,15,linear3,,35
p3334,2955.821,BATCH_PIPELINE,op1,,1,const,,55
p3334,,,op2,op1,40,linear7,,20
p3334,,,op3,op2,2,sqrt,,55
p3334,,,op4,op3,15,linear3,,37.5
p3334,,,op5,op4,40,linear7,,20
p3334,,,op6,op5,40,linear7,,20
p3334,,,op7,op6,40,linear7,,20
p3334,,,op8,op7,15,linear3,,37.5
p3335,2955.821,BATCH_PIPELINE,op1,,1,const,,55
p3335,,,op2,op1,5,linear3,,45
p3335,,,op3,op2,40,linear7,,20
p3335,,,op4,op3,2,sqrt,,55
p3335,,,op5,op4,1,const,,55
p3335,,,op6,op5,1,const,,55
p3336,2955.821,BATCH_PIPELINE,op1,,1,const,,55
p3336,,,op2,op1,5,linear3,,45
p3336,,,op3,op2,2,sqrt,,55
p3336,,,op4,op3,2,sqrt,,55
p3336,,,op5,op4,15,linear3,,37.5
p3337,2955.821,BATCH_PIPELINE,op1,,1,const,,55
p3337,,,op2,op1,20,linear7,,30
p3337,,,op3,op1,40,linear7,,20
p3337,,,op4,op1,15,linear3,,37.5
p3337,,,op5,op1,2,sqrt,,55
p3337,,,op6,op1,20,linear7,,30
p3337,,,op7,op1,20,linear7,,30
p3338,2955.821,QUERY,op1,,15,linear3,,35
p3339,2955.821,BATCH_PIPELINE,op1,,1,const,,55
p3339,,,op2,op1,20,linear7,,30
p3339,,,op3,op2,40,linear7,,20
p3339,,,op4,op3,5,linear3,,45
p3339,,,op5,op4,5,linear3,,45
p3339,,,op6,op5,5,linear3,,45
p3339,,,op7,op6,15,linear3,,37.5
p3339,,,op8,op7,20,linear7,,30
p3339,,,op9,op8,5,linear3,,45
p3339,,,op10,op9,80,squared,,10
p3339,,,op11,op10,5,linear3,,45
p3339,,,op12,op11,40,linear7,,20
p3340,2955.821,BATCH_PIPELINE,op1,,1,const,,55
p3340,,,op2,op1,1,const,,55
p3340,,,op3,op1,20,linear7,,30
p3340,,,op4,op1,2,sqrt,,55
p3340,,,op5,op1,5,linear3,,45
p3340,,,op6,op1,5,linear3,,45
p3340,,,op7,op1,2,sqrt,,55
p3340,,,op8,op1,1,const,,55
p3341,2965.696,QUERY,op1,,15,linear3,,35
p3342,2965.696,BATCH_PIPELINE,op1,,1,const,,55
p3342,,,op2,op1,5,linear3,,45
p3342,,,op3,op2,80,squared,,10
p3342,,,op4,op3,40,linear7,,20
p3342,,,op5,op4,80,squared,,10
p3342,,,op6,op5,5,linear3,,45
p3342,,,op7,op6,15,linear3,,37.5
p3342,,,op8,op7,1,const,,55
p3342,,,op9,op8,5,linear3,,45
p3343,2965.696,BATCH_PIPELINE,op1,,1,const,,55
p3343,,,op2,op1,5,linear3,,45
p3343,,,op3,op2,1,const,,55
p3343,,,op4,op3,20,linear7,,30
p3343,,,op5,op4,2,sqrt,,55
p3343,,,op6,op5,40,linear7,,20
p3343,,,op7,op6,1,const,,55
p3343,,,op8,op7,5,linear3,,45
p3343,,,op9,op8,1,const,,55
p3343,,,op10,op9,5,linear3,,45
p3343,,,op11,op10,5,linear3,,45
p3343,,,op12,op11,5,linear3,,45
p3343,,,op13,op12,5,linear3,,45
p3344,2965.696,BATCH_PIPELINE,op1,,1,const,,55
p3344,,,op2,op1,2,sqrt,,55
p3344,,,op3,op2,15,linear3,,37.5
p3344,,,op4,op3,5,linear3,,45
p3344,,,op5,op4,20,linear7,,30
p3344,,,op6,op5,15,linear3,,37.5
p3344,,,op7,op6,1,const,,55
p3344,,,op8,op7,40,linear7,,20
p3344,,,op9,op8,40,linear7,,20
p3344,,,op10,op9,80,squared,,10
p3344,,,op11,op10,5,linear3,,45
p3344,,,op12,op11,15,linear3,,37.5
p3345,2965.696,INTERACTIVE,op1,,1,const,,55
p3345,,,op2,op1,5,linear3,,45
p3345,,,op3,op2,20,linear7,,30
p3345,,,op4,op3,15,linear3,,37.5
p3345,,,op5,op4,5,linear3,,45
p3345,,,op6,op5,80,squared,,10
p3345,,,op7,op6,15,linear3,,37.5
p3346,2965.696,BATCH_PIPELINE,op1,,1,const,,55
p3346,,,op2,,5,linear3,,45
p3346,,,op3,,40,linear7,,20
p3346,,,op4,,1,const,,55
p3346,,,op5,op1;op2;op3;op4,20,linear7,,30
p3347,2965.696,BATCH_PIPELINE,op1,,1,const,,55
p3347,,,op2,op1,15,linear3,,37.5
p3347,,,op3,op2,2,sqrt,,55
p3347,,,op4,op3,2,sqrt,,55
p3347,,,op5,op4,5,linear3,,45
p3347,,,op6,op5,15,linear3,,37.5
p3347,,,op7,op6,20,linear7,,30
p3347,,,op8,op7,15,linear3,,37.5
p3347,,,op9,op8,2,sqrt,,55
p3348,2965.696,INTERACTIVE,op1,,1,const,,55
p3348,,,op2,op1,20,linear7,,30
p3348,,,op3,op2,20,linear7,,30
p3348,,,op4,op3,15,linear3,,37.5
p3348,,,op5,op4,15,linear3,,37.5
p3348,,,op6,op5,40,linear7,,20
p3348,,,op7,op6,80,squared,,10
p3348,,,op8,op7,1,const,,55
p3349,2965.696,BATCH_PIPELINE,op1,,1,const,,55
p3349,,,op2,op1,40,linear7,,20
p3349,,,op3,op2,1,const,,55
p3349,,,op4,op3,20,linear7,,30
p3349,,,op5,op4,40,linear7,,20
p3349,,,op6,op5,2,sqrt,,55
p3349,,,op7,op6,1,const,,55
p3349,,,op8,op7,80,squared,,10
p3350,2965.696,INTERACTIVE,op1,,1,const,,55
p3350,,,op2,,20,linear7,,30
p3350,,,op3,,20,linear7,,30
p3350,,,op4,,15,linear3,,37.5
p3350,,,op5,,20,linear7,,30
p3350,,,op6,,5,linear3,,45
p3350,,,op7,,5,linear3,,45
p3350,,,op8,op1;op2;op3;op4;op5;op6;op7,15,linear3,,37.5
p3351,2971.232,BATCH_PIPELINE,op1,,1,const,,55
p3351,,,op2,op1,20,linear7,,30
p3351,,,op3,op2,2,sqrt,,55
p3352,2971.232,INTERACTIVE,op1,,1,const,,55
p3352,,,op2,op1,20,linear7,,30
p3352,,,op3,op2,2,sqrt,,55
p3352,,,op4,op3,15,linear3,,37.5
p3352,,,op5,op4,20,linear7,,30
p3352,,,op6,op5,20,linear7,,30
p3352,,,op7,op6,2,sqrt,,55
p3353,2971.232,BATCH_PIPELINE,op1,,1,const,,55
p3353,,,op2,op1,20,linear7,,30
p3353,,,op3,op2,80,squared,,10
p3353,,,op4,op3,15,linear3,,37.5
p3353,,,op5,op4,2,sqrt,,55
p3353,,,op6,op5,2,sqrt,,55
p3353,,,op7,op6,15,linear3,,37.5
p3353,,,op8,op7,1,const,,55
p3353,,,op9,op8,5,linear3,,45
p3354,2971.232,BATCH_PIPELINE,op1,,1,const,,55
p3354,,,op2,op1,15,linear3,,37.5
p3354,,,op3,op2,15,linear3,,37.5
p3354,,,op4,op3,15,linear3,,37.5
p3354,,,op5,op4,15,linear3,,37.5
p3354,,,op6,op5,15,linear3,,37.5
p3354,,,op7,op6,40,linear7,,20
p3354,,,op8,op7,40,linear7,,20
p3354,,,op9,op8,80,squared,,10
p3354,,,op10,op9,15,linear3,,37.5
p3355,2971.232,BATCH_PIPELINE,op1,,1,const,,55
p3355,,,op2,,20,linear7,,30
p3355,,,op3,,20,linear7,,30
p3355,,,op4,,20,linear7,,30
p3355,,,op5,,2,sqrt,,55
p3355,,,op6,op1;op2;op3;op4;op5,2,sqrt,,55
p3356,2971.232,BATCH_PIPELINE,op1,,1,const,,55
p3356,,,op2,op1,20,linear7,,30
p3356,,,op3,op2,2,sqrt,,55
p3356,,,op4,op3,1,const,,55
p3356,,,op5,op4,2,sqrt,,55
p3356,,,op6,op5,20,linear7,,30
p3357,2971.232,BATCH_PIPELINE,op1,,1,const,,55
p3357,,,op2,op1,20,linear7,,30
p3357,,,op3,op2,20,linear7,,30
p3357,,,op4,op3,80,squared,,10
p3357,,,op5,op4,5,linear3,,45
p3357,,,op6,op5,15,linear3,,37.5
p3357,,,op7,op6,1,const,,55
p3357,,,op8,op7,15,linear3,,37.5
p3357,,,op9,op8,40,linear7,,20
p3357,,,op10,op9,15,linear3,,37.5
p3357,,,op11,op10,80,squared,,10
p3358,2971.232,INTERACTIVE,op1,,1,const,,55
p3358,,,op2,op1,1,const,,55
p3358,,,op3,op2,5,linear3,,45
p3358,,,op4,op3,2,sqrt,,55
p3358,,,op5,op4,15,linear3,,37.5
p3358,,,op6,op5,15,linear3,,37.5
p3359,2971.232,BATCH_PIPELINE,op1,,1,const,,55
p3359,,,op2,op1,80,squared,,10
p3359,,,op3,op1,1,const,,55
p3359,,,op4,op1,15,linear3,,37.5
p3359,,,op5,op1,15,linear3,,37.5
p3359,,,op6,op1,15,linear3,,37.5
p3359,,,op7,op1,20,linear7,,30
p3360,2971.232,BATCH_PIPELINE,op1,,1,const,,55
p3360,,,op2,op1,1,const,,55
p3360,,,op3,op2,15,linear3,,37.5
p3360,,,op4,op3,2,sqrt,,55
p3360,,,op5,op4,2,sqrt,,55
p3360,,,op6,op5,40,linear7,,20
p3360,,,op7,op6,80,squared,,10
p3360,,,op8,op7,40,linear7,,20
p3361,2982.387,BATCH_PIPELINE,op1,,1,const,,55
p3361,,,op2,op1,80,squared,,10
p3361,,,op3,op2,2,sqrt,,55
p3361,,,op4,op3,20,linear7,,30
p3361,,,op5,op4,1,const,,55
p3361,,,op6,op5,20,linear7,,30
p3361,,,op7,op6,1,const,,55
p3361,,,op8,op7,1,const,,55
p3361,,,op9,op8,1,const,,55
p3361,,,op10,op9,15,linear3,,37.5
p3362,2982.387,BATCH_PIPELINE,op1,,1,const,,55
p3362,,,op2,op1,20,linear7,,30
p3362,,,op3,op2,15,linear3,,37.5
p3362,,,op4,op3,20,linear7,,30
p3362,,,op5,op4,15,linear3,,37.5
p3362,,,op6,op5,40,linear7,,20
p3362,,,op7,op6,2,sqrt,,55
p3362,,,op8,op7,1,const,,55
p3362,,,op9,op8,20,linear7,,30
p3362,,,op10,op9,1,const,,55
p3362,,,op11,op10,40,linear7,,20
p3362,,,op12,op11,5,linear3,,45
p3363,2982.387,BATCH_PIPELINE,op1,,1,const,,55
p3363,,,op2,,5,linear3,,45
p3363,,,op3,,20,linear7,,30
p3363,,,op4,,20,linear7,,30
p3363,,,op5,,40,linear7,,20
p3363,,,op6,,1,const,,55
p3363,,,op7,,20,linear7,,30
p3363,,,op8,,5,linear3,,45
p3363,,,op9,,2,sqrt,,55
p3363,,,op10,,15,linear3,,37.5
p3363,,,op11,,1,const,,55
p3363,,,op12,,40,linear7,,20
p3363,,,op13,op1;op2;op3;op4;op5;op6;op7;op8;op9;op10;op11;op12,5,linear3,,45
p3364,2982.387,BATCH_PIPELINE,op1,,1,const,,55
p3364,,,op2,,40,linear7,,20
p3364,,,op3,,2,sqrt,,55
p3364,,,op4,,5,linear3,,45
p3364,,,op5,,5,linear3,,45
p3364,,,op6,,2,sqrt,,55
p3364,,,op7,op1;op2;op3;op4;op5;op6,15,linear3,,37.5
p3365,2982.387,BATCH_PIPELINE,op1,,1,const,,55
p3365,,,op2,op1,80,squared,,10
p3365,,,op3,op1,15,linear3,,37.5
p3365,,,op4,op1,5,linear3,,45
p3365,,,op5,op1,5,linear3,,45
p3366,2982.387,BATCH_PIPELINE,op1,,1,const,,55
p3366,,,op2,op1,1,const,,55
p3366,,,op3,op2,40,linear7,,20
p3366,,,op4,op3,40,linear7,,20
p3366,,,op5,op4,20,linear7,,30
p3366,,,op6,op5,1,const,,55
p3366,,,op7,op6,15,linear3,,37.5
p3366,,,op8,op7,20,linear7,,30
p3366,,,op9,op8,15,linear3,,37.5
p3366,,,op10,op9,15,linear3,,37.5
p3367,2982.387,BATCH_PIPELINE,op1,,1,const,,55
p3367,,,op2,op1,15,linear3,,37.5
p3367,,,op3,op2,15,linear3,,37.5
p3367,,,op4,op3,20,linear7,,30
p3367,,,op5,op4,5,linear3,,45
p3367,,,op6,op5,2,sqrt,,55
p3367,,,op7,op6,15,linear3,,37.5
p3367,,,op8,op7,20,linear7,,30
p3368,2982.387,BATCH_PIPELINE,op1,,1,const,,55
p3368,,,op2,op1,5,linear3,,45
p3368,,,op3,op2,5,linear3,,45
p3368,,,op4,op3,15,linear3,,37.5
p3368,,,op5,op4,1,const,,55
p3368,,,op6,op5,15,linear3,,37.5
p3368,,,op7,op6,80,squared,,10
p3368,,,op8,op7,1,const,,55
p3368,,,op9,op8,15,linear3,,37.5
p3369,2982.387,BATCH_PIPELINE,op1,,1,const,,55
p3369,,,op2,op1,2,sqrt,,55
p3369,,,op3,op2,20,linear7,,30
p3369,,,op4,op3,5,linear3,,45
p3370,2982.387,BATCH_PIPELINE,op1,,1,const,,55
p3370,,,op2,op1,2,sqrt,,55
p3370,,,op3,op2,5,linear3,,45
p3370,,,op4,op3,5,linear3,,45
p3370,,,op5,op4,1,const,,55
p3370,,,op6,op5,20,linear7,,30
p3370,,,op7,op6,20,linear7,,30
p3370,,,op8,op7,5,linear3,,45
p3370,,,op9,op8,15,linear3,,37.5
p3371,2991.646,BATCH_PIPELINE,op1,,1,const,,55
p3371,,,op2,,1,const,,55
p3371,,,op3,,20,linear7,,30
p3371,,,op4,,2,sqrt,,55
p3371,,,op5,op1;op2;op3;op4,1,const,,55
p3372,2991.646,BATCH_PIPELINE,op1,,1,const,,55
p3372,,,op2,op1,2,sqrt,,55
p3372,,,op3,op2,15,linear3,,37.5
p3372,,,op4,op3,15,linear3,,37.5
p3372,,,op5,op4,40,linear7,,20
p3372,,,op6,op5,15,linear3,,37.5
p3372,,,op7,op6,5,linear3,,45
p3373,2991.646,BATCH_PIPELINE,op1,,1,const,,55
p3373,,,op2,op1,20,linear7,,30
p3373,,,op3,op2,2,sqrt,,55
p3373,,,op4,op3,15,linear3,,37.5
p3374,2991.646,BATCH_PIPELINE,op1,,1,const,,55
p3374,,,op2,op1,1,const,,55
p3374,,,op3,op2,40,linear7,,20
p3374,,,op4,op3,15,linear3,,37.5
p3374,,,op5,op4,5,linear3,,45
p3374,,,op6,op5,5,linear3,,45
p3374,,,op7,op6,15,linear3,,37.5
p3374,,,op8,op7,5,linear3,,45
p3374,,,op9,op8,2,sqrt,,55
p3375,2991.646,BATCH_PIPELINE,op1,,1,const,,55
p3375,,,op2,,15,linear3,,37.5
p3375,,,op3,,80,squared,,10
p3375,,,op4,,15,linear3,,37.5
p3375,,,op5,op1;op2;op3;op4,20,linear7,,30
p3376,2991.646,BATCH_PIPELINE,op1,,1,const,,55
p3376,,,op2,op1,2,sqrt,,55
p3376,,,op3,op2,5,linear3,,45
p3376,,,op4,op3,20,linear7,,30
p3376,,,op5,op4,20,linear7,,30
p3376,,,op6,op5,1,const,,55
p3376,,,op7,op6,15,linear3,,37.5
p3377,2991.646,BATCH_PIPELINE,op1,,1,const,,55
p3377,,,op2,op1,20,linear7,,30
p3377,,,op3,op2,1,const,,55
p3377,,,op4,op3,15,linear3,,37.5
p3377,,,op5,op4,80,squared,,10
p3377,,,op6,op5,1,const,,55
p3378,2991.646,BATCH_PIPELINE,op1,,1,const,,55
p3378,,,op2,op1,20,linear7,,30
p3378,,,op3,op2,40,linear7,,20
p3378,,,op4,op3,1,const,,55
p3378,,,op5,op4,2,sqrt,,55
p3378,,,op6,op5,15,linear3,,37.5
p3378,,,op7,op6,40,linear7,,20
p3378,,,op8,op7,5,linear3,,45
p3378,,,op9,op8,15,linear3,,37.5
p3379,2991.646,BATCH_PIPELINE,op1,,1,const,,55
p3379,,,op2,,15,linear3,,37.5
p3379,,,op3,,5,linear3,,45
p3379,,,op4,,15,linear3,,37.5
p3379,,,op5,,2,sqrt,,55
p3379,,,op6,,2,sqrt,,55
p3379,,,op7,,40,linear7,,20
p3379,,,op8,op1;op2;op3;op4;op5;op6;op7,80,squared,,10
p3380,2991.646,BATCH_PIPELINE,op1,,1,const,,55
p3380,,,op2,op1,1,const,,55
p3380,,,op3,op2,5,linear3,,45
p3380,,,op4,op3,5,linear3,,45
p3380,,,op5,op4,80,squared,,10
p3380,,,op6,op5,80,squared,,10
p3380,,,op7,op6,2,sqrt,,55
p3380,,,op8,op7,1,const,,55
p3380,,,op9,op8,20,linear7,,30
p3381,3001.87,BATCH_PIPELINE,op1,,1,const,,55
p3381,,,op2,op1,2,sqrt,,55
p3381,,,op3,op2,20,linear7,,30
p3381,,,op4,op3,15,linear3,,37.5
p3381,,,op5,op4,80,squared,,10
p3382,3001.87,BATCH_PIPELINE,op1,,1,const,,55
p3382,,,op2,op1,5,linear3,,45
p3382,,,op3,op2,1,const,,55
p3382,,,op4,op3,80,squared,,10
p3382,,,op5,op4,80,squared,,10
p3382,,,op6,op5,5,linear3,,45
p3382,,,op7,op6,20,linear7,,30
p3383,3001.87,BATCH_PIPELINE,op1,,1,const,,55
p3383,,,op2,op1,15,linear3,,37.5
p3383,,,op3,op2,1,const,,55
p3383,,,op4,op3,20,linear7,,30
p3383,,,op5,op4,40,linear7,,20
p3383,,,op6,op5,40,linear7,,20
p3383,,,op7,op6,20,linear7,,30
p3383,,,op8,op7,15,linear3,,37.5
p3383,,,op9,op8,2,sqrt,,55
p3383,,,op10,op9,15,linear3,,37.5
p3384,3001.87,BATCH_PIPELINE,op1,,1,const,,55
p3384,,,op2,op1,20,linear7,,30
p3384,,,op3,op1,40,linear7,,20
p3384,,,op4,op1,15,linear3,,37.5
p3384,,,op5,op1,15,linear3,,37.5
p3384,,,op6,op1,40,linear7,,20
p3384,,,op7,op1,80,squared,,10
p3384,,,op8,op1,5,linear3,,45
p3384,,,op9,op1,20,linear7,,30
p3385,3001.87,BATCH_PIPELINE,op1,,1,const,,55
p3385,,,op2,op1,2,sqrt,,55
p3385,,,op3,op1,20,linear7,,30
p3385,,,op4,op1,5,linear3,,45
p3385,,,op5,op1,80,squared,,10
p3385,,,op6,op1,80,squared,,10
p3385,,,op7,op1,5,linear3,,45
p3385,,,op8,op1,2,sqrt,,55
p3385,,,op9,op1,5,linear3,,45
p3386,3001.87,BATCH_PIPELINE,op1,,1,const,,55
p3386,,,op2,op1,20,linear7,,30
p3386,,,op3,op2,40,linear7,,20
p3386,,,op4,op3,20,linear7,,30
p3386,,,op5,op4,20,linear7,,30
p3386,,,op6,op5,5,linear3,,45
p3386,,,op7,op6,80,squared,,10
p3386,,,op8,op7,5,linear3,,45
p3386,,,op9,op8,40,linear7,,20
p3386,,,op10,op9,5,linear3,,45
p3386,,,op11,op10,1,const,,55
p3387,3001.87,BATCH_PIPELINE,op1,,1,const,,55
p3387,,,op2,op1,2,sqrt,,55
p3387,,,op3,op2,20,linear7,,30
p3387,,,op4,op3,20,linear7,,30
p3387,,,op5,op4,5,linear3,,45
p3387,,,op6,op5,5,linear3,,45
p3387,,,op7,op6,2,sqrt,,55
p3388,3001.87,BATCH_PIPELINE,op1,,1,const,,55
p3388,,,op2,op1,5,linear3,,45
p3388,,,op3,op2,80,squared,,10
p3388,,,op4,op3,5,linear3,,45
p3388,,,op5,op4,2,sqrt,,55
p3388,,,op6,op5,1,const,,55
p3388,,,op7,op6,2,sqrt,,55
p3388,,,op8,op7,15,linear3,,37.5
p3388,,,op9,op8,5,linear3,,45
p3388,,,op10,op9,2,sqrt,,55
p3389,3001.87,BATCH_PIPELINE,op1,,1,const,,55
p3389,,,op2,,40,linear7,,20
p3389,,,op3,,80,squared,,10
p3389,,,op4,,80,squared,,10
p3389,,,op5,op1;op2;op3;op4,20,linear7,,30
p3390,3001.87,BATCH_PIPELINE,op1,,1,const,,55
p3390,,,op2,op1,5,linear3,,45
p3390,,,op3,op2,20,linear7,,30
p3390,,,op4,op3,80,squared,,10
p3390,,,op5,op4,15,linear3,,37.5
p3390,,,op6,op5,80,squared,,10
p3391,3008.335,BATCH_PIPELINE,op1,,1,const,,55
p3391,,,op2,op1,20,linear7,,30
p3391,,,op3,op1,80,squared,,10
p3391,,,op4,op1,80,squared,,10
p3391,,,op5,op1,20,linear7,,30
p3391,,,op6,op1,1,const,,55
p3391,,,op7,op1,20,linear7,,30
p3391,,,op8,op1,20,linear7,,30
p3392,3008.335,BATCH_PIPELINE,op1,,1,const,,55
p3392,,,op2,op1,5,linear3,,45
p3392,,,op3,op1,40,linear7,,20
p3392,,,op4,op1,40,linear7,,20
p3392,,,op5,op1,1,const,,55
p3392,,,op6,op1,5,linear3,,45
p3392,,,op7,op1,1,const,,55
p3392,,,op8,op1,80,squared,,10
p3393,3008.335,BATCH_PIPELINE,op1,,1,const,,55
p3393,,,op2,op1,5,linear3,,45
p3393,,,op3,op2,2,sqrt,,55
p3394,3008.335,INTERACTIVE,op1,,1,const,,55
p3394,,,op2,op1,5,linear3,,45
p3394,,,op3,op2,5,linear3,,45
p3394,,,op4,op3,15,linear3,,37.5
p3394,,,op5,op4,5,linear3,,45
p3394,,,op6,op5,15,linear3,,37.5
p3394,,,op7,op6,20,linear7,,30
p3394,,,op8,op7,1,const,,55
p3394,,,op9,op8,5,linear3,,45
p3394,,,op10,op9,15,linear3,,37.5
p3395,3008.335,BATCH_PIPELINE,op1,,1,const,,55
p3395,,,op2,op1,20,linear7,,30
p3395,,,op3,op2,5,linear3,,45
p3395,,,op4,op3,40,linear7,,20
p3395,,,op5,op4,20,linear7,,30
p3395,,,op6,op5,40,linear7,,20
p3395,,,op7,op6,1,const,,55
p3395,,,op8,op7,2,sqrt,,55
p3395,,,op9,op8,15,linear3,,37.5
p3396,3008.335,BATCH_PIPELINE,op1,,1,const,,55
p3396,,,op2,op1,15,linear3,,37.5
p3396,,,op3,op2,15,linear3,,37.5
p3396,,,op4,op3,15,linear3,,37.5
p3396,,,op5,op4,80,squared,,10
p3396,,,op6,op5,20,linear7,,30
p3396,,,op7,op6,1,const,,55
p3396,,,op8,op7,80,squared,,10
p3396,,,op9,op8,80,squared,,10
p3396,,,op10,op9,15,linear3,,37.5
p3396,,,op11,op10,1,const,,55
p3396,,,op12,op11,5,linear3,,45
p3397,3008.335,BATCH_PIPELINE,op1,,1,const,,55
p3397,,,op2,op1,2,sqrt,,55
p3397,,,op3,op2,40,linear7,,20
p3397,,,op4,op3,80,squared,,10
p3397,,,op5,op4,20,linear7,,30
p3397,,,op6,op5,40,linear7,,20
p3397,,,op7,op6,20,linear7,,30
p3397,,,op8,op7,40,linear7,,20
p3397,,,op9,op8,15,linear3,,37.5
p3398,3008.335,BATCH_PIPELINE,op1,,1,const,,55
p3398,,,op2,op1,1,const,,55
p3398,,,op3,op2,20,linear7,,30
p3398,,,op4,op3,5,linear3,,45
p3398,,,op5,op4,15,linear3,,37.5
p3399,3008.335,INTERACTIVE,op1,,1,const,,55
p3399,,,op2,op1,40,linear7,,20
p3399,,,op3,op2,40,linear7,,20
p3399,,,op4,op3,2,sqrt,,55
p3399,,,op5,op4,1,const,,55
p3399,,,op6,op5,2,sqrt,,55
p3400,3008.335,BATCH_PIPELINE,op1,,1,const,,55
p3400,,,op2,op1,2,sqrt,,55
p3400,,,op3,op2,80,squared,,10
p3400,,,op4,op3,40,linear7,,20
p3400,,,op5,op4,1,const,,55
p3400,,,op6,op5,2,sqrt,,55
p3400,,,op7,op6,1,const,,55
p3400,,,op8,op7,15,linear3,,37.5
p3400,,,op9,op8,15,linear3,,37.5
p3400,,,op10,op9,15,linear3,,37.5
p3400,,,op11,op10,1,const,,55
p3401,3014.1240000000003,QUERY,op1,,15,linear3,,35
p3402,3014.1240000000003,BATCH_PIPELINE,op1,,1,const,,55
p3402,,,op2,op1,40,linear7,,20
p3402,,,op3,op2,1,const,,55
p3403,3014.1240000000003,BATCH_PIPELINE,op1,,1,const,,55
p3403,,,op2,,1,const,,55
p3403,,,op3,,5,linear3,,45
p3403,,,op4,,40,linear7,,20
p3403,,,op5,op1;op2;op3;op4,20,linear7,,30
p3404,3014.1240000000003,QUERY,op1,,15,linear3,,35
p3405,3014.1240000000003,BATCH_PIPELINE,op1,,1,const,,55
p3405,,,op2,op1,5,linear3,,45
p3405,,,op3,op2,15,linear3,,37.5
p3405,,,op4,op3,5,linear3,,45
p3405,,,op5,op4,40,linear7,,20
p3405,,,op6,op5,2,sqrt,,55
p3405,,,op7,op6,1,const,,55
p3406,3014.1240000000003,BATCH_PIPELINE,op1,,1,const,,55
p3406,,,op2,,5,linear3,,45
p3406,,,op3,,1,const,,55
p3406,,,op4,,2,sqrt,,55
p3406,,,op5,,5,linear3,,45
p3406,,,op6,,5,linear3,,45
p3406,,,op7,,40,linear7,,20
p3406,,,op8,op1;op2;op3;op4;op5;op6;op7,15,linear3,,37.5
p3407,3014.1240000000003,QUERY,op1,,15,linear3,,35
p3408,3014.1240000000003,BATCH_PIPELINE,op1,,1,const,,55
p3408,,,op2,op1,1,const,,55
p3408,,,op3,op2,1,const,,55
p3408,,,op4,op3,20,linear7,,30
p3408,,,op5,op4,20,linear7,,30
p3408,,,op6,op5,1,const,,55
p3408,,,op7,op6,20,linear7,,30
p3408,,,op8,op7,20,linear7,,30
p3409,3014.1240000000003,BATCH_PIPELINE,op1,,1,const,,55
p3409,,,op2,,20,linear7,,30
p3409,,,op3,,20,linear7,,30
p3409,,,op4,,5,linear3,,45
p3409,,,op5,,20,linear7,,30
p3409,,,op6,,1,const,,55
p3409,,,op7,,5,linear3,,45
p3409,,,op8,,20,linear7,,30
p3409,,,op9,op1;op2;op3;op4;op5;op6;op7;op8,80,squared,,10
p3410,3014.1240000000003,BATCH_PIPELINE,op1,,1,const,,55
p3410,,,op2,op1,40,linear7,,20
p3410,,,op3,op2,2,sqrt,,55
p3410,,,op4,op3,20,linear7,,30
p3410,,,op5,op4,15,linear3,,37.5
p3410,,,op6,op5,1,const,,55
p3410,,,op7,op6,5,linear3,,45
p3410,,,op8,op7,40,linear7,,20
p3410,,,op9,op8,2,sqrt,,55
p3411,3019.785,BATCH_PIPELINE,op1,,1,const,,55
p3411,,,op2,,80,squared,,10
p3411,,,op3,,40,linear7,,20
p3411,,,op4,op1;op2;op3,15,linear3,,37.5
p3412,3019.785,BATCH_PIPELINE,op1,,1,const,,55
p3412,,,op2,op1,80,squared,,10
p3412,,,op3,op2,2,sqrt,,55
p3412,,,op4,op3,5,linear3,,45
p3412,,,op5,op4,1,const,,55
p3412,,,op6,op5,15,linear3,,37.5
p3412,,,op7,op6,5,linear3,,45
p3412,,,op8,op7,5,linear3,,45
p3412,,,op9,op8,5,linear3,,45
p3412,,,op10,op9,5,linear3,,45
p3413,3019.785,QUERY,op1,,15,linear3,,35
p3414,3019.785,BATCH_PIPELINE,op1,,1,const,,55
p3414,,,op2,op1,15,linear3,,37.5
p3414,,,op3,op1,15,linear3,,37.5
p3414,,,op4,op1,15,linear3,,37.5
p3414,,,op5,op1,2,sqrt,,55
p3415,3019.785,BATCH_PIPELINE,op1,,1,const,,55
p3415,,,op2,op1,1,const,,55
p3415,,,op3,op2,15,linear3,,37.5
p3415,,,op4,op3,20,linear7,,30
p3415,,,op5,op4,40,linear7,,20
p3415,,,op6,op5,40,linear7,,20
p3415,,,op7,op6,15,linear3,,37.5
p3415,,,op8,op7,5,linear3,,45
p3415,,,op9,op8,15,linear3,,37.5
p3416,3019.785,BATCH_PIPELINE,op1,,1,const,,55
p3416,,,op2,op1,5,linear3,,45
p3416,,,op3,op2,15,linear3,,37.5
p3416,,,op4,op3,1,const,,55
p3416,,,op5,op4,1,const,,55
p3416,,,op6,op5,20,linear7,,30
p3417,3019.785,BATCH_PIPELINE,op1,,1,const,,55
p3417,,,op2,op1,2,sqrt,,55
p3417,,,op3,op1,40,linear7,,20
p3417,,,op4,op1,1,const,,55
p3417,,,op5,op1,15,linear3,,37.5
p3417,,,op6,op1,2,sqrt,,55
p3418,3019.785,BATCH_PIPELINE,op1,,1,const,,55
p3418,,,op2,op1,40,linear7,,20
p3418,,,op3,op2,2,sqrt,,55
p3418,,,op4,op3,2,sqrt,,55
p3418,,,op5,op4,5,linear3,,45
p3418,,,op6,op5,80,squared,,10
p3418,,,op7,op6,15,linear3,,37.5
p3419,3019.785,BATCH_PIPELINE,op1,,1,const,,55
p3419,,,op2,op1,20,linear7,,30
p3419,,,op3,op2,20,linear7,,30
p3419,,,op4,op3,1,const,,55
p3419,,,op5,op4,1,const,,55
p3419,,,op6,op5,40,linear7,,20
p3419,,,op7,op6,40,linear7,,20
p3420,3019.785,BATCH_PIPELINE,op1,,1,const,,55
p3420,,,op2,op1,2,sqrt,,55
p3420,,,op3,op2,2,sqrt,,55
p3420,,,op4,op3,5,linear3,,45
p3420,,,op5,op4,15,linear3,,37.5
p3421,3027.291,BATCH_PIPELINE,op1,,1,const,,55
p3421,,,op2,op1,20,linear7,,30
p3421,,,op3,op2,20,linear7,,30
p3421,,,op4,op3,5,linear3,,45
p3421,,,op5,op4,5,linear3,,45
p3421,,,op6,op5,20,linear7,,30
p3421,,,op7,op6,2,sqrt,,55
p3421,,,op8,op7,15,linear3,,37.5
p3421,,,op9,op8,2,sqrt,,55
p3422,3027.291,BATCH_PIPELINE,op1,,1,const,,55
p3422,,,op2,op1,2,sqrt,,55
p3422,,,op3,op2,2,sqrt,,55
p3422,,,op4,op3,15,linear3,,37.5
p3422,,,op5,op4,1,const,,55
p3423,3027.291,BATCH_PIPELINE,op1,,1,const,,55
p3423,,,op2,,2,sqrt,,55
p3423,,,op3,,40,linear7,,20
p3423,,,op4,,2,sqrt,,55
p3423,,,op5,,5,linear3,,45
p3423,,,op6,,2,sqrt,,55
p3423,,,op7,,80,squared,,10
p3423,,,op8,,15,linear3,,37.5
p3423,,,op9,op1;op2;op3;op4;op5;op6;op7;op8,15,linear3,,37.5
p3424,3027.291,QUERY,op1,,15,linear3,,35
p3425,3027.291,BATCH_PIPELINE,op1,,1,const,,55
p3425,,,op2,op1,15,linear3,,37.5
p3425,,,op3,op2,80,squared,,10
p3425,,,op4,op3,5,linear3,,45
p3425,,,op5,op4,40,linear7,,20
p3425,,,op6,op5,20,linear7,,30
p3426,3027.291,BATCH_PIPELINE,op1,,1,const,,55
p3426,,,op2,op1,1,const,,55
p3426,,,op3,op2,15,linear3,,37.5
p3426,,,op4,op3,20,linear7,,30
p3426,,,op5,op4,20,linear7,,30
p3426,,,op6,op5,15,linear3,,37.5
p3426,,,op7,op6,40,linear7,,20
p3426,,,op8,op7,2,sqrt,,55
p3427,3027.291,BATCH_PIPELINE,op1,,1,const,,55
p3427,,,op2,op1,20,linear7,,30
p3427,,,op3,op2,5,linear3,,45
p3427,,,op4,op3,20,linear7,,30
p3427,,,op5,op4,5,linear3,,45
p3427,,,op6,op5,15,linear3,,37.5
p3428,3027.291,BATCH_PIPELINE,op1,,1,const,,55
p3428,,,op2,op1,2,sqrt,,55
p3428,,,op3,op2,1,const,,55
p3428,,,op4,op3,2,sqrt,,55
p3428,,,op5,op4,15,linear3,,37.5
p3428,,,op6,op5,5,linear3,,45
p3429,3027.291,INTERACTIVE,op1,,1,const,,55
p3429,,,op2,op1,1,const,,55
p3429,,,op3,op2,2,sqrt,,55
p3429,,,op4,op3,15,linear3,,37.5
p3429,,,op5,op4,1,const,,55
p3429,,,op6,op5,5,linear3,,45
p3429,,,op7,op6,80,squared,,10
p3429,,,op8,op7,20,linear7,,30
p3429,,,op9,op8,15,linear3,,37.5
p3430,3027.291,BATCH_PIPELINE,op1,,1,const,,55
p3430,,,op2,op1,15,linear3,,37.5
p3430,,,op3,op2,20,linear7,,30
p3430,,,op4,op3,20,linear7,,30
p3430,,,op5,op4,15,linear3,,37.5
p3430,,,op6,op5,20,linear7,,30
p3430,,,op7,op6,5,linear3,,45
p3430,,,op8,op7,40,linear7,,20
p3431,3034.295,BATCH_PIPELINE,op1,,1,const,,55
p3431,,,op2,op1,1,const,,55
p3431,,,op3,op2,5,linear3,,45
p3431,,,op4,op3,40,linear7,,20
p3431,,,op5,op4,1,const,,55
p3431,,,op6,op5,15,linear3,,37.5
p3431,,,op7,op6,2,sqrt,,55
p3431,,,op8,op7,5,linear3,,45
p3431,,,op9,op8,5,linear3,,45
p3431,,,op10,op9,40,linear7,,20
p3432,3034.295,BATCH_PIPELINE,op1,,1,const,,55
p3432,,,op2,op1,15,linear3,,37.5
p3432,,,op3,op2,5,linear3,,45
p3432,,,op4,op3,15,linear3,,37.5
p3432,,,op5,op4,20,linear7,,30
p3432,,,op6,op5,1,const,,55
p3432,,,op7,op6,15,linear3,,37.5
p3432,,,op8,op7,5,linear3,,45
p3432,,,op9,op8,5,linear3,,45
p3432,,,op10,op9,2,sqrt,,55
p3433,3034.295,BATCH_PIPELINE,op1,,1,const,,55
p3433,,,op2,op1,40,linear7,,20
p3433,,,op3,op2,15,linear3,,37.5
p3433,,,op4,op3,1,const,,55
p3433,,,op5,op4,15,linear3,,37.5
p3433,,,op6,op5,1,const,,55
p3433,,,op7,op6,20,linear7,,30
p3433,,,op8,op7,5,linear3,,45
p3433,,,op9,op8,20,linear7,,30
p3433,,,op10,op9,80,squared,,10
p3434,3034.295,BATCH_PIPELINE,op1,,1,const,,55
p3434,,,op2,op1,80,squared,,10
p3434,,,op3,op2,5,linear3,,45
p3434,,,op4,op3,1,const,,55
p3434,,,op5,op4,80,squared,,10
p3434,,,op6,op5,2,sqrt,,55
p3434,,,op7,op6,1,const,,55
p3435,3034.295,BATCH_PIPELINE,op1,,1,const,,55
p3435,,,op2,op1,2,sqrt,,55
p3435,,,op3,op2,5,linear3,,45
p3435,,,op4,op3,15,linear3,,37.5
p3435,,,op5,op4,40,linear7,,20
p3435,,,op6,op5,15,linear3,,37.5
p3435,,,op7,op6,5,linear3,,45
p3435,,,op8,op7,5,linear3,,45
p3436,3034.295,BATCH_PIPELINE,op1,,1,const,,55
p3436,,,op2,op1,40,linear7,,20
p3436,,,op3,op2,5,linear3,,45
p3436,,,op4,op3,1,const,,55
p3436,,,op5,op4,1,const,,55
p3436,,,op6,op5,40,linear7,,20
p3436,,,op7,op6,80,squared,,10
p3436,,,op8,op7,5,linear3,,45
p3436,,,op9,op8,5,linear3,,45
p3436,,,op10,op9,1,const,,55
p3436,,,op11,op10,20,linear7,,30
p3437,3034.295,BATCH_PIPELINE,op1,,1,const,,55
p3437,,,op2,op1,1,const,,55
p3437,,,op3,op2,20,linear7,,30
p3437,,,op4,op3,2,sqrt,,55
p3438,3034.295,INTERACTIVE,op1,,1,const,,55
p3438,,,op2,op1,40,linear7,,20
p3438,,,op3,op1,40,linear7,,20
p3438,,,op4,op1,5,linear3,,45
p3438,,,op5,op1,20,linear7,,30
p3438,,,op6,op1,20,linear7,,30
p3439,3034.295,BATCH_PIPELINE,op1,,1,const,,55
p3439,,,op2,op1,5,linear3,,45
p3439,,,op3,op2,20,linear7,,30
p3439,,,op4,op3,5,linear3,,45
p3439,,,op5,op4,2,sqrt,,55
p3439,,,op6,op5,40,linear7,,20
p3439,,,op7,op6,20,linear7,,30
p3439,,,op8,op7,1,const,,55
p3439,,,op9,op8,2,sqrt,,55
p3439,,,op10,op9,20,linear7,,30
p3439,,,op11,op10,1,const,,55
p3440,3034.295,BATCH_PIPELINE,op1,,1,const,,55
p3440,,,op2,op1,40,linear7,,20
p3440,,,op3,op2,80,squared,,10
p3440,,,op4,op3,2,sqrt,,55
p3440,,,op5,op4,15,linear3,,37.5
p3440,,,op6,op5,80,squared,,10
p3440,,,op7,op6,20,linear7,,30
p3440,,,op8,op7,80,squared,,10
p3440,,,op9,op8,2,sqrt,,55
p3440,,,op10,op9,80,squared,,10
p3440,,,op11,op10,15,linear3,,37.5
p3440,,,op12,op11,5,linear3,,45
p3440,,,op13,op12,20,linear7,,30
p3441,3043.045,BATCH_PIPELINE,op1,,1,const,,55
p3441,,,op2,op1,2,sqrt,,55
p3441,,,op3,op2,20,linear7,,30
p3441,,,op4,op3,40,linear7,,20
p3441,,,op5,op4,15,linear3,,37.5
p3441,,,op6,op5,15,linear3,,37.5
p3441,,,op7,op6,20,linear7,,30
p3441,,,op8,op7,40,linear7,,20
p3442,3043.045,BATCH_PIPELINE,op1,,1,const,,55
p3442,,,op2,op1,15,linear3,,37.5
p3442,,,op3,op2,1,const,,55
p3442,,,op4,op3,1,const,,55
p3442,,,op5,op4,15,linear3,,37.5
p3442,,,op6,op5,40,linear7,,20
p3443,3043.045,BATCH_PIPELINE,op1,,1,const,,55
p3443,,,op2,op1,5,linear3,,45
p3443,,,op3,op2,20,linear7,,30
p3443,,,op4,op3,5,linear3,,45
p3443,,,op5,op4,1,const,,55
p3443,,,op6,op5,80,squared,,10
p3444,3043.045,BATCH_PIPELINE,op1,,1,const,,55
p3444,,,op2,,5,linear3,,45
p3444,,,op3,,20,linear7,,30
p3444,,,op4,,2,sqrt,,55
p3444,,,op5,,20,linear7,,30
p3444,,,op6,op1;op2;op3;op4;op5,40,linear7,,20
p3445,3043.045,BATCH_PIPELINE,op1,,1,const,,55
p3445,,,op2,op1,2,sqrt,,55
p3445,,,op3,op2,2,sqrt,,55
p3445,,,op4,op3,20,linear7,,30
p3445,,,op5,op4,5,linear3,,45
p3445,,,op6,op5,1,const,,55
p3445,,,op7,op6,5,linear3,,45
p3445,,,op8,op7,80,squared,,10
p3446,3043.045,BATCH_PIPELINE,op1,,1,const,,55
p3446,,,op2,op1,5,linear3,,45
p3446,,,op3,op1,80,squared,,10
p3446,,,op4,op1,20,linear7,,30
p3446,,,op5,op1,80,squared,,10
p3446,,,op6,op1,40,linear7,,20
p3447,3043.045,BATCH_PIPELINE,op1,,1,const,,55
p3447,,,op2,op1,5,linear3,,45
p3447,,,op3,op2,2,sqrt,,55
p3447,,,op4,op3,5,linear3,,45
p3447,,,op5,op4,20,linear7,,30
p3447,,,op6,op5,15,linear3,,37.5
p3448,3043.045,BATCH_PIPELINE,op1,,1,const,,55
p3448,,,op2,op1,15,linear3,,37.5
p3448,,,op3,op2,1,const,,55
p3448,,,op4,op3,1,const,,55
p3448,,,op5,op4,20,linear7,,30
p3448,,,op6,op5,40,linear7,,20
p3448,,,op7,op6,15,linear3,,37.5
p3448,,,op8,op7,5,linear3,,45
p3449,3043.045,BATCH_PIPELINE,op1,,1,const,,55
p3449,,,op2,op1,15,linear3,,37.5
p3449,,,op3,op2,15,linear3,,37.5
p3449,,,op4,op3,5,linear3,,45
p3449,,,op5,op4,1,const,,55
p3449,,,op6,op5,15,linear3,,37.5
p3449,,,op7,op6,5,linear3,,45
p3449,,,op8,op7,5,linear3,,45
p3449,,,op9,op8,80,squared,,10
p3449,,,op10,op9,15,linear3,,37.5
p3450,3043.045,BATCH_PIPELINE,op1,,1,const,,55
p3450,,,op2,op1,2,sqrt,,55
p3450,,,op3,op2,5,linear3,,45
p3450,,,op4,op3,1,const,,55
p3450,,,op5,op4,20,linear7,,30
p3450,,,op6,op5,5,linear3,,45
p3450,,,op7,op6,5,linear3,,45
p3451,3052.382,INTERACTIVE,op1,,1,const,,55
p3451,,,op2,op1,15,linear3,,37.5
p3451,,,op3,op2,20,linear7,,30
p3451,,,op4,op3,20,linear7,,30
p3451,,,op5,op4,40,linear7,,20
p3451,,,op6,op5,5,linear3,,45
p3451,,,op7,op6,20,linear7,,30
p3452,3052.382,BATCH_PIPELINE,op1,,1,const,,55
p3452,,,op2,op1,1,const,,55
p3452,,,op3,op2,2,sqrt,,55
p3452,,,op4,op3,5,linear3,,45
p3452,,,op5,op4,20,linear7,,30
p3452,,,op6,op5,20,linear7,,30
p3452,,,op7,op6,15,linear3,,37.5
p3453,3052.382,BATCH_PIPELINE,op1,,1,const,,55
p3453,,,op2,op1,15,linear3,,37.5
p3453,,,op3,op2,15,linear3,,37.5
p3453,,,op4,op3,5,linear3,,45
p3453,,,op5,op4,2,sqrt,,55
p3453,,,op6,op5,1,const,,55
p3454,3052.382,BATCH_PIPELINE,op1,,1,const,,55
p3454,,,op2,op1,15,linear3,,37.5
p3454,,,op3,op1,2,sqrt,,55
p3454,,,op4,op1,20,linear7,,30
p3454,,,op5,op1,15,linear3,,37.5
p3454,,,op6,op1,5,linear3,,45
p3454,,,op7,op1,20,linear7,,30
p3454,,,op8,op1,20,linear7,,30
p3455,3052.382,BATCH_PIPELINE,op1,,1,const,,55
p3455,,,op2,op1,15,linear3,,37.5
p3455,,,op3,op1,1,const,,55
p3455,,,op4,op1,15,linear3,,37.5
p3455,,,op5,op1,20,linear7,,30
p3455,,,op6,op1,5,linear3,,45
p3455,,,op7,op1,1,const,,55
p3455,,,op8,op1,80,squared,,10
p3456,3052.382,INTERACTIVE,op1,,1,const,,55
p3456,,,op2,op1,1,const,,55
p3456,,,op3,op2,20,linear7,,30
p3456,,,op4,op3,1,const,,55
p3456,,,op5,op4,20,linear7,,30
p3456,,,op6,op5,40,linear7,,20
p3457,3052.382,BATCH_PIPELINE,op1,,1,const,,55
p3457,,,op2,op1,15,linear3,,37.5
p3457,,,op3,op2,15,linear3,,37.5
p3457,,,op4,op3,2,sqrt,,55
p3457,,,op5,op4,15,linear3,,37.5
p3458,3052.382,BATCH_PIPELINE,op1,,1,const,,55
p3458,,,op2,op1,80,squared,,10
p3458,,,op3,op2,40,linear7,,20
p3458,,,op4,op3,20,linear7,,30
p3458,,,op5,op4,80,squared,,10
p3459,3052.382,INTERACTIVE,op1,,1,const,,55
p3459,,,op2,op1,20,linear7,,30
p3459,,,op3,op1,15,linear3,,37.5
p3459,,,op4,op1,2,sqrt,,55
p3459,,,op5,op1,15,linear3,,37.5
p3460,3052.382,BATCH_PIPELINE,op1,,1,const,,55
p3460,,,op2,op1,40,linear7,,20
p3460,,,op3,op2,15,linear3,,37.5
p3460,,,op4,op3,20,linear7,,30
p3460,,,op5,op4,15,linear3,,37.5
p3460,,,op6,op5,1,const,,55
p3460,,,op7,op6,15,linear3,,37.5
p3460,,,op8,op7,80,squared,,10
p3460,,,op9,op8,15,linear3,,37.5
p3460,,,op10,op9,40,linear7,,20
p3461,3060.246,BATCH_PIPELINE,op1,,1,const,,55
p3461,,,op2,op1,5,linear3,,45
p3461,,,op3,op2,20,linear7,,30
p3461,,,op4,op3,2,sqrt,,55
p3461,,,op5,op4,1,const,,55
p3461,,,op6,op5,20,linear7,,30
p3462,3060.246,BATCH_PIPELINE,op1,,1,const,,55
p3462,,,op2,op1,5,linear3,,45
p3462,,,op3,op2,15,linear3,,37.5
p3462,,,op4,op3,5,linear3,,45
p3462,,,op5,op4,5,linear3,,45
p3462,,,op6,op5,15,linear3,,37.5
p3462,,,op7,op6,80,squared,,10
p3462,,,op8,op7,20,linear7,,30
p3463,3060.246,BATCH_PIPELINE,op1,,1,const,,55
p3463,,,op2,,15,linear3,,37.5
p3463,,,op3,,40,linear7,,20
p3463,,,op4,,15,linear3,,37.5
p3463,,,op5,,15,linear3,,37.5
p3463,,,op6,,2,sqrt,,55
p3463,,,op7,,5,linear3,,45
p3463,,,op8,,2,sqrt,,55
p3463,,,op9,op1;op2;op3;op4;op5;op6;op7;op8,40,linear7,,20
p3464,3060.246,BATCH_PIPELINE,op1,,1,const,,55
p3464,,,op2,,2,sqrt,,55
p3464,,,op3,,2,sqrt,,55
p3464,,,op4,,2,sqrt,,55
p3464,,,op5,,2,sqrt,,55
p3464,,,op6,,5,linear3,,45
p3464,,,op7,,20,linear7,,30
p3464,,,op8,,2,sqrt,,55
p3464,,,op9,,40,linear7,,20
p3464,,,op10,,40,linear7,,20
p3464,,,op11,op1;op2;op3;op4;op5;op6;op7;op8;op9;op10,15,linear3,,37.5
p3465,3060.246,BATCH_PIPELINE,op1,,1,const,,55
p3465,,,op2,op1,15,linear3,,37.5
p3465,,,op3,op2,15,linear3,,37.5
p3465,,,op4,op3,80,squared,,10
p3465,,,op5,op4,2,sqrt,,55
p3466,3060.246,BATCH_PIPELINE,op1,,1,const,,55
p3466,,,op2,op1,2,sqrt,,55
p3466,,,op3,op2,5,linear3,,45
p3466,,,op4,op3,5,linear3,,45
p3466,,,op5,op4,80,squared,,10
p3466,,,op6,op5,2,sqrt,,55
p3466,,,op7,op6,20,linear7,,30
p3467,3060.246,INTERACTIVE,op1,,1,const,,55
p3467,,,op2,op1,20,linear7,,30
p3467,,,op3,op2,20,linear7,,30
p3467,,,op4,op3,15,linear3,,37.5
p3467,,,op5,op4,5,linear3,,45
p3467,,,op6,op5,20,linear7,,30
p3468,3060.246,BATCH_PIPELINE,op1,,1,const,,55
p3468,,,op2,,15,linear3,,37.5
p3468,,,op3,,20,linear7,,30
p3468,,,op4,,80,squared,,10
p3468,,,op5,,2,sqrt,,55
p3468,,,op6,,15,linear3,,37.5
p3468,,,op7,,1,const,,55
p3468,,,op8,op1;op2;op3;op4;op5;op6;op7,80,squared,,10
p3469,3060.246,BATCH_PIPELINE,op1,,1,const,,55
p3469,,,op2,op1,15,linear3,,37.5
p3469,,,op3,op1,2,sqrt,,55
p3469,,,op4,op1,40,linear7,,20
p3469,,,op5,op1,20,linear7,,30
p3469,,,op6,op1,20,linear7,,30
p3469,,,op7,op1,2,sqrt,,55
p3470,3060.246,BATCH_PIPELINE,op1,,1,const,,55
p3470,,,op2,op1,20,linear7,,30
p3470,,,op3,op2,2,sqrt,,55
p3470,,,op4,op3,20,linear7,,30
p3470,,,op5,op4,2,sqrt,,55
p3470,,,op6,op5,2,sqrt,,55
p3470,,,op7,op6,15,linear3,,37.5
p3471,3066.611,BATCH_PIPELINE,op1,,1,const,,55
p3471,,,op2,,80,squared,,10
p3471,,,op3,,20,linear7,,30
p3471,,,op4,,20,linear7,,30
p3471,,,op5,,5,linear3,,45
p3471,,,op6,,5,linear3,,45
p3471,,,op7,,20,linear7,,30
p3471,,,op8,,40,linear7,,20
p3471,,,op9,,20,linear7,,30
p3471,,,op10,,2,sqrt,,55
p3471,,,op11,op1;op2;op3;op4;op5;op6;op7;op8;op9;op10,15,linear3,,37.5
p3472,3066.611,INTERACTIVE,op1,,1,const,,55
p3472,,,op2,op1,2,sqrt,,55
p3472,,,op3,op2,80,squared,,10
p3472,,,op4,op3,20,linear7,,30
p3472,,,op5,op4,5,linear3,,45
p3472,,,op6,op5,15,linear3,,37.5
p3472,,,op7,op6,5,linear3,,45
p3473,3066.611,INTERACTIVE,op1,,1,const,,55
p3473,,,op2,op1,2,sqrt,,55
p3473,,,op3,op2,15,linear3,,37.5
p3473,,,op4,op3,1,const,,55
p3473,,,op5,op4,2,sqrt,,55
p3473,,,op6,op5,2,sqrt,,55
p3473,,,op7,op6,80,squared,,10
p3473,,,op8,op7,20,linear7,,30
p3474,3066.611,BATCH_PIPELINE,op1,,1,const,,55
p3474,,,op2,op1,40,linear7,,20
p3474,,,op3,op2,20,linear7,,30
p3474,,,op4,op3,80,squared,,10
p3474,,,op5,op4,15,linear3,,37.5
p3474,,,op6,op5,20,linear7,,30
p3474,,,op7,op6,20,linear7,,30
p3474,,,op8,op7,2,sqrt,,55
p3475,3066.611,INTERACTIVE,op1,,1,const,,55
p3475,,,op2,op1,15,linear3,,37.5
p3475,,,op3,op2,5,linear3,,45
p3475,,,op4,op3,5,linear3,,45
p3476,3066.611,BATCH_PIPELINE,op1,,1,const,,55
p3476,,,op2,op1,20,linear7,,30
p3476,,,op3,op2,2,sqrt,,55
p3476,,,op4,op3,20,linear7,,30
p3476,,,op5,op4,40,linear7,,20
p3476,,,op6,op5,15,linear3,,37.5
p3477,3066.611,BATCH_PIPELINE,op1,,1,const,,55
p3477,,,op2,op1,1,const,,55
p3477,,,op3,op2,15,linear3,,37.5
p3477,,,op4,op3,5,linear3,,45
p3477,,,op5,op4,15,linear3,,37.5
p3477,,,op6,op5,1,const,,55
p3477,,,op7,op6,15,linear3,,37.5
p3477,,,op8,op7,2,sqrt,,55
p3477,,,op9,op8,5,linear3,,45
p3477,,,op10,op9,15,linear3,,37.5
p3477,,,op11,op10,5,linear3,,45
p3477,,,op12,op11,5,linear3,,45
p3478,3066.611,BATCH_PIPELINE,op1,,1,const,,55
p3478,,,op2,op1,1,const,,55
p3478,,,op3,op1,2,sqrt,,55
p3478,,,op4,op1,15,linear3,,37.5
p3478,,,op5,op1,20,linear7,,30
p3478,,,op6,op1,2,sqrt,,55
p3479,3066.611,BATCH_PIPELINE,op1,,1,const,,55
p3479,,,op2,op1,15,linear3,,37.5
p3479,,,op3,op1,40,linear7,,20
p3479,,,op4,op1,1,const,,55
p3479,,,op5,op1,80,squared,,10
p3479,,,op6,op1,2,sqrt,,55
p3479,,,op7,op1,1,const,,55
p3479,,,op8,op1,15,linear3,,37.5
p3480,3066.611,BATCH_PIPELINE,op1,,1,const,,55
p3480,,,op2,op1,80,squared,,10
p3480,,,op3,op2,15,linear3,,37.5
p3480,,,op4,op3,80,squared,,10
p3480,,,op5,op4,40,linear7,,20
p3480,,,op6,op5,15,linear3,,37.5
p3480,,,op7,op6,15,linear3,,37.5
p3481,3074.893,BATCH_PIPELINE,op1,,1,const,,55
p3481,,,op2,op1,1,const,,55
p3481,,,op3,op2,40,linear7,,20
p3481,,,op4,op3,40,linear7,,20
p3481,,,op5,op4,1,const,,55
p3481,,,op6,op5,15,linear3,,37.5
p3481,,,op7,op6,40,linear7,,20
p3481,,,op8,op7,40,linear7,,20
p3481,,,op9,op8,2,sqrt,,55
p3482,3074.893,INTERACTIVE,op1,,1,const,,55
p3482,,,op2,op1,2,sqrt,,55
p3482,,,op3,op2,1,const,,55
p3482,,,op4,op3,5,linear3,,45
p3482,,,op5,op4,20,linear7,,30
p3482,,,op6,op5,15,linear3,,37.5
p3482,,,op7,op6,20,linear7,,30
p3482,,,op8,op7,40,linear7,,20
p3483,3074.893,BATCH_PIPELINE,op1,,1,const,,55
p3483,,,op2,op1,1,const,,55
p3483,,,op3,op2,1,const,,55
p3483,,,op4,op3,20,linear7,,30
p3483,,,op5,op4,5,linear3,,45
p3483,,,op6,op5,5,linear3,,45
p3483,,,op7,op6,2,sqrt,,55
p3484,3074.893,BATCH_PIPELINE,op1,,1,const,,55
p3484,,,op2,,40,linear7,,20
p3484,,,op3,,1,const,,55
p3484,,,op4,,20,linear7,,30
p3484,,,op5,,5,linear3,,45
p3484,,,op6,,5,linear3,,45
p3484,,,op7,,40,linear7,,20
p3484,,,op8,,5,linear3,,45
p3484,,,op9,op1;op2;op3;op4;op5;op6;op7;op8,20,linear7,,30
p3485,3074.893,BATCH_PIPELINE,op1,,1,const,,55
p3485,,,op2,op1,15,linear3,,37.5
p3485,,,op3,op2,15,linear3,,37.5
p3485,,,op4,op3,40,linear7,,20
p3485,,,op5,op4,2,sqrt,,55
p3485,,,op6,op5,5,linear3,,45
p3485,,,op7,op6,2,sqrt,,55
p3485,,,op8,op7,5,linear3,,45
p3486,3074.893,INTERACTIVE,op1,,1,const,,55
p3486,,,op2,op1,15,linear3,,37.5
p3486,,,op3,op2,15,linear3,,37.5
p3487,3074.893,INTERACTIVE,op1,,1,const,,55
p3487,,,op2,op1,1,const,,55
p3487,,,op3,op2,20,linear7,,30
p3487,,,op4,op3,15,linear3,,37.5
p3487,,,op5,op4,15,linear3,,37.5
p3487,,,op6,op5,80,squared,,10
p3487,,,op7,op6,20,linear7,,30
p3487,,,op8,op7,15,linear3,,37.5
p3487,,,op9,op8,15,linear3,,37.5
p3488,3074.893,INTERACTIVE,op1,,1,const,,55
p3488,,,op2,op1,15,linear3,,37.5
p3488,,,op3,op2,2,sqrt,,55
p3488,,,op4,op3,15,linear3,,37.5
p3488,,,op5,op4,15,linear3,,37.5
p3488,,,op6,op5,15,linear3,,37.5
p3489,3074.893,BATCH_PIPELINE,op1,,1,const,,55
p3489,,,op2,,15,linear3,,37.5
p3489,,,op3,,15,linear3,,37.5
p3489,,,op4,,40,linear7,,20
p3489,,,op5,,5,linear3,,45
p3489,,,op6,,2,sqrt,,55
p3489,,,op7,,15,linear3,,37.5
p3489,,,op8,,20,linear7,,30
p3489,,,op9,,20,linear7,,30
p3489,,,op10,,20,linear7,,30
p3489,,,op11,op1;op2;op3;op4;op5;op6;op7;op8;op9;op10,2,sqrt,,55
p3490,3074.893,INTERACTIVE,op1,,1,const,,55
p3490,,,op2,,2,sqrt,,55
p3490,,,op3,,1,const,,55
p3490,,,op4,,15,linear3,,37.5
p3490,,,op5,,5,linear3,,45
p3490,,,op6,op1;op2;op3;op4;op5,1,const,,55
p3491,3084.061,BATCH_PIPELINE,op1,,1,const,,55
p3491,,,op2,op1,20,linear7,,30
p3491,,,op3,op2,15,linear3,,37.5
p3491,,,op4,op3,5,linear3,,45
p3491,,,op5,op4,5,linear3,,45
p3491,,,op6,op5,40,linear7,,20
p3491,,,op7,op6,20,linear7,,30
p3491,,,op8,op7,1,const,,55
p3491,,,op9,op8,1,const,,55
p3491,,,op10,op9,1,const,,55
p3491,,,op11,op10,40,linear7,,20
p3492,3084.061,BATCH_PIPELINE,op1,,1,const,,55
p3492,,,op2,,15,linear3,,37.5
p3492,,,op3,,5,linear3,,45
p3492,,,op4,,40,linear7,,20
p3492,,,op5,,15,linear3,,37.5
p3492,,,op6,,1,const,,55
p3492,,,op7,,1,const,,55
p3492,,,op8,,1,const,,55
p3492,,,op9,op1;op2;op3;op4;op5;op6;op7;op8,40,linear7,,20
p3493,3084.061,BATCH_PIPELINE,op1,,1,const,,55
p3493,,,op2,,1,const,,55
p3493,,,op3,,2,sqrt,,55
p3493,,,op4,,2,sqrt,,55
p3493,,,op5,,15,linear3,,37.5
p3493,,,op6,,40,linear7,,20
p3493,,,op7,,40,linear7,,20
p3493,,,op8,,5,linear3,,45
p3493,,,op9,,1,const,,55
p3493,,,op10,op1;op2;op3;op4;op5;op6;op7;op8;op9,1,const,,55
p3494,3084.061,BATCH_PIPELINE,op1,,1,const,,55
p3494,,,op2,op1,5,linear3,,45
p3494,,,op3,op2,2,sqrt,,55
p3494,,,op4,op3,1,const,,55
p3494,,,op5,op4,80,squared,,10
p3494,,,op6,op5,80,squared,,10
p3494,,,op7,op6,2,sqrt,,55
p3494,,,op8,op7,1,const,,55
p3495,3084.061,BATCH_PIPELINE,op1,,1,const,,55
p3495,,,op2,op1,20,linear7,,30
p3495,,,op3,op2,1,const,,55
p3495,,,op4,op3,40,linear7,,20
p3495,,,op5,op4,5,linear3,,45
p3495,,,op6,op5,20,linear7,,30
p3495,,,op7,op6,5,linear3,,45
p3496,3084.061,BATCH_PIPELINE,op1,,1,const,,55
p3496,,,op2,op1,2,sqrt,,55
p3496,,,op3,op2,15,linear3,,37.5
p3497,3084.061,BATCH_PIPELINE,op1,,1,const,,55
p3497,,,op2,op1,5,linear3,,45
p3497,,,op3,op1,5,linear3,,45
p3497,,,op4,op1,2,sqrt,,55
p3497,,,op5,op1,15,linear3,,37.5
p3497,,,op6,op1,15,linear3,,37.5
p3498,3084.061,BATCH_PIPELINE,op1,,1,const,,55
p3498,,,op2,op1,5,linear3,,45
p3498,,,op3,op1,5,linear3,,45
p3498,,,op4,op1,5,linear3,,45
p3498,,,op5,op1,2,sqrt,,55
p3498,,,op6,op1,15,linear3,,37.5
p3499,3084.061,BATCH_PIPELINE,op1,,1,const,,55
p3499,,,op2,op1,15,linear3,,37.5
p3499,,,op3,op1,40,linear7,,20
p3499,,,op4,op1,1,const,,55
p3499,,,op5,op1,1,const,,55
p3499,,,op6,op1,5,linear3,,45
p3499,,,op7,op1,1,const,,55
p3500,3084.061,BATCH_PIPELINE,op1,,1,const,,55
p3500,,,op2,op1,20,linear7,,30
p3500,,,op3,op1,5,linear3,,45
p3500,,,op4,op1,20,linear7,,30
p3500,,,op5,op1,5,linear3,,45
p3500,,,op6,op1,20,linear7,,30
p3500,,,op7,op1,15,linear3,,37.5
p3500,,,op8,op1,15,linear3,,37.5
p3500,,,op9,op1,15,linear3,,37.5
p3500,,,op10,op1,80,squared,,10
p3500,,,op11,op1,15,linear3,,37.5
p3501,3090.745,BATCH_PIPELINE,op1,,1,const,,55
p3501,,,op2,op1,15,linear3,,37.5
p3501,,,op3,op2,2,sqrt,,55
p3501,,,op4,op3,15,linear3,,37.5
p3501,,,op5,op4,1,const,,55
p3501,,,op6,op5,5,linear3,,45
p3501,,,op7,op6,2,sqrt,,55
p3501,,,op8,op7,40,linear7,,20
p3502,3090.745,BATCH_PIPELINE,op1,,1,const,,55
p3502,,,op2,op1,5,linear3,,45
p3502,,,op3,op2,20,linear7,,30
p3502,,,op4,op3,15,linear3,,37.5
p3502,,,op5,op4,5,linear3,,45
p3503,3090.745,BATCH_PIPELINE,op1,,1,const,,55
p3503,,,op2,,2,sqrt,,55
p3503,,,op3,,15,linear3,,37.5
p3503,,,op4,,20,linear7,,30
p3503,,,op5,,20,linear7,,30
p3503,,,op6,,5,linear3,,45
p3503,,,op7,op1;op2;op3;op4;op5;op6,40,linear7,,20
p3504,3090.745,BATCH_PIPELINE,op1,,1,const,,55
p3504,,,op2,op1,2,sqrt,,55
p3504,,,op3,op2,2,sqrt,,55
p3504,,,op4,op3,5,linear3,,45
p3504,,,op5,op4,2,sqrt,,55
p3505,3090.745,BATCH_PIPELINE,op1,,1,const,,55
p3505,,,op2,op1,40,linear7,,20
p3505,,,op3,op2,1,const,,55
p3505,,,op4,op3,15,linear3,,37.5
p3505,,,op5,op4,40,linear7,,20
p3505,,,op6,op5,40,linear7,,20
p3505,,,op7,op6,80,squared,,10
p3505,,,op8,op7,5,linear3,,45
p3505,,,op9,op8,40,linear7,,20
p3506,3090.745,BATCH_PIPELINE,op1,,1,const,,55
p3506,,,op2,op1,2,sqrt,,55
p3506,,,op3,op1,1,const,,55
p3506,,,op4,op1,80,squared,,10
p3506,,,op5,op1,20,linear7,,30
p3506,,,op6,op1,5,linear3,,45
p3506,,,op7,op1,5,linear3,,45
p3506,,,op8,op1,1,const,,55
p3506,,,op9,op1,15,linear3,,37.5
p3507,3090.745,BATCH_PIPELINE,op1,,1,const,,55
p3507,,,op2,op1,1,const,,55
p3507,,,op3,op2,20,linear7,,30
p3507,,,op4,op3,15,linear3,,37.5
p3507,,,op5,op4,15,linear3,,37.5
p3507,,,op6,op5,5,linear3,,45
p3507,,,op7,op6,15,linear3,,37.5
p3507,,,op8,op7,15,linear3,,37.5
p3508,3090.745,INTERACTIVE,op1,,1,const,,55
p3508,,,op2,op1,80,squared,,10
p3508,,,op3,op1,5,linear3,,45
p3508,,,op4,op1,5,linear3,,45
p3508,,,op5,op1,80,squared,,10
p3508,,,op6,op1,15,linear3,,37.5
p3508,,,op7,op1,40,linear7,,20
p3508,,,op8,op1,15,linear3,,37.5
p3509,3090.745,BATCH_PIPELINE,op1,,1,const,,55
p3509,,,op2,op1,1,const,,55
p3509,,,op3,op2,15,linear3,,37.5
p3509,,,op4,op3,2,sqrt,,55
p3509,,,op5,op4,40,linear7,,20
p3509,,,op6,op5,80,squared,,10
p3509,,,op7,op6,80,squared,,10
p3509,,,op8,op7,15,linear3,,37.5
p3509,,,op9,op8,5,linear3,,45
p3510,3090.745,BATCH_PIPELINE,op1,,1,const,,55
p3510,,,op2,,40,linear7,,20
p3510,,,op3,,15,linear3,,37.5
p3510,,,op4,,40,linear7,,20
p3510,,,op5,,5,linear3,,45
p3510,,,op6,op1;op2;op3;op4;op5,1,const,,55
p3511,3094.766,BATCH_PIPELINE,op1,,1,const,,55
p3511,,,op2,op1,15,linear3,,37.5
p3511,,,op3,op2,20,linear7,,30
p3511,,,op4,op3,20,linear7,,30
p3511,,,op5,op4,1,const,,55
p3511,,,op6,op5,20,linear7,,30
p3511,,,op7,op6,5,linear3,,45
p3512,3094.766,BATCH_PIPELINE,op1,,1,const,,55
p3512,,,op2,op1,15,linear3,,37.5
p3512,,,op3,op2,15,linear3,,37.5
p3512,,,op4,op3,20,linear7,,30
p3512,,,op5,op4,1,const,,55
p3512,,,op6,op5,2,sqrt,,55
p3512,,,op7,op6,5,linear3,,45
p3512,,,op8,op7,1,const,,55
p3512,,,op9,op8,5,linear3,,45
p3512,,,op10,op9,5,linear3,,45
p3513,3094.766,BATCH_PIPELINE,op1,,1,const,,55
p3513,,,op2,,20,linear7,,30
p3513,,,op3,,15,linear3,,37.5
p3513,,,op4,,5,linear3,,45
p3513,,,op5,,15,linear3,,37.5
p3513,,,op6,,15,linear3,,37.5
p3513,,,op7,op1;op2;op3;op4;op5;op6,80,squared,,10
p3514,3094.766,BATCH_PIPELINE,op1,,1,const,,55
p3514,,,op2,,15,linear3,,37.5
p3514,,,op3,,15,linear3,,37.5
p3514,,,op4,,5,linear3,,45
p3514,,,op5,,20,linear7,,30
p3514,,,op6,op1;op2;op3;op4;op5,15,linear3,,37.5
p3515,3094.766,BATCH_PIPELINE,op1,,1,const,,55
p3515,,,op2,op1,20,linear7,,30
p3515,,,op3,op2,1,const,,55
p3515,,,op4,op3,15,linear3,,37.5
p3515,,,op5,op4,15,linear3,,37.5
p3515,,,op6,op5,15,linear3,,37.5
p3515,,,op7,op6,1,const,,55
p3515,,,op8,op7,40,linear7,,20
p3515,,,op9,op8,1,const,,55
p3515,,,op10,op9,20,linear7,,30
p3516,3094.766,BATCH_PIPELINE,op1,,1,const,,55
p3516,,,op2,op1,80,squared,,10
p3516,,,op3,op2,1,const,,55
p3516,,,op4,op3,2,sqrt,,55
p3516,,,op5,op4,5,linear3,,45
p3516,,,op6,op5,80,squared,,10
p3516,,,op7,op6,15,linear3,,37.5
p3517,3094.766,BATCH_PIPELINE,op1,,1,const,,55
p3517,,,op2,op1,1,const,,55
p3517,,,op3,op2,2,sqrt,,55
p3517,,,op4,op3,80,squared,,10
p3517,,,op5,op4,15,linear3,,37.5
p3517,,,op6,op5,40,linear7,,20
p3517,,,op7,op6,1,const,,55
p3517,,,op8,op7,5,linear3,,45
p3518,3094.766,BATCH_PIPELINE,op1,,1,const,,55
p3518,,,op2,op1,2,sqrt,,55
p3518,,,op3,op2,20,linear7,,30
p3518,,,op4,op3,15,linear3,,37.5
p3518,,,op5,op4,20,linear7,,30
p3519,3094.766,BATCH_PIPELINE,op1,,1,const,,55
p3519,,,op2,,5,linear3,,45
p3519,,,op3,,20,linear7,,30
p3519,,,op4,,1,const,,55
p3519,,,op5,,2,sqrt,,55
p3519,,,op6,,80,squared,,10
p3519,,,op7,op1;op2;op3;op4;op5;op6,20,linear7,,30
p3520,3094.766,BATCH_PIPELINE,op1,,1,const,,55
p3520,,,op2,op1,5,linear3,,45
p3520,,,op3,op2,15,linear3,,37.5
p3520,,,op4,op3,80,squared,,10
p3520,,,op5,op4,40,linear7,,20
p3520,,,op6,op5,15,linear3,,37.5
p3521,3103.914,BATCH_PIPELINE,op1,,1,const,,55
p3521,,,op2,op1,20,linear7,,30
p3521,,,op3,op2,15,linear3,,37.5
p3521,,,op4,op3,1,const,,55
p3521,,,op5,op4,1,const,,55
p3522,3103.914,BATCH_PIPELINE,op1,,1,const,,55
p3522,,,op2,,5,linear3,,45
p3522,,,op3,,15,linear3,,37.5
p3522,,,op4,,5,linear3,,45
p3522,,,op5,,15,linear3,,37.5
p3522,,,op6,op1;op2;op3;op4;op5,20,linear7,,30
p3523,3103.914,BATCH_PIPELINE,op1,,1,const,,55
p3523,,,op2,op1,20,linear7,,30
p3523,,,op3,op2,1,const,,55
p3523,,,op4,op3,15,linear3,,37.5
p3523,,,op5,op4,5,linear3,,45
p3523,,,op6,op5,15,linear3,,37.5
p3523,,,op7,op6,80,squared,,10
p3524,3103.914,QUERY,op1,,15,linear3,,35
p3525,3103.914,BATCH_PIPELINE,op1,,1,const,,55
p3525,,,op2,,15,linear3,,37.5
p3525,,,op3,,15,linear3,,37.5
p3525,,,op4,,15,linear3,,37.5
p3525,,,op5,,2,sqrt,,55
p3525,,,op6,,5,linear3,,45
p3525,,,op7,,2,sqrt,,55
p3525,,,op8,op1;op2;op3;op4;op5;op6;op7,40,linear7,,20
p3526,3103.914,BATCH_PIPELINE,op1,,1,const,,55
p3526,,,op2,op1,20,linear7,,30
p3526,,,op3,op2,5,linear3,,45
p3526,,,op4,op3,1,const,,55
p3526,,,op5,op4,40,linear7,,20
p3526,,,op6,op5,1,const,,55
p3526,,,op7,op6,15,linear3,,37.5
p3526,,,op8,op7,20,linear7,,30
p3527,3103.914,BATCH_PIPELINE,op1,,1,const,,55
p3527,,,op2,op1,40,linear7,,20
p3527,,,op3,op2,40,linear7,,20
p3527,,,op4,op3,40,linear7,,20
p3528,3103.914,BATCH_PIPELINE,op1,,1,const,,55
p3528,,,op2,op1,15,linear3,,37.5
p3528,,,op3,op2,5,linear3,,45
p3528,,,op4,op3,1,const,,55
p3528,,,op5,op4,15,linear3,,37.5
p3528,,,op6,op5,1,const,,55
p3528,,,op7,op6,5,linear3,,45
p3528,,,op8,op7,1,const,,55
p3528,,,op9,op8,20,linear7,,30
p3528,,,op10,op9,2,sqrt,,55
p3529,3103.914,BATCH_PIPELINE,op1,,1,const,,55
p3529,,,op2,op1,5,linear3,,45
p3529,,,op3,op2,2,sqrt,,55
p3529,,,op4,op3,40,linear7,,20
p3529,,,op5,op4,15,linear3,,37.5
p3529,,,op6,op5,2,sqrt,,55
p3529,,,op7,op6,1,const,,55
p3529,,,op8,op7,80,squared,,10
p3529,,,op9,op8,80,squared,,10
p3530,3103.914,BATCH_PIPELINE,op1,,1,const,,55
p3530,,,op2,op1,20,linear7,,30
p3530,,,op3,op2,2,sqrt,,55
p3530,,,op4,op3,2,sqrt,,55
p3530,,,op5,op4,80,squared,,10
p3530,,,op6,op5,15,linear3,,37.5
p3531,3110.395,BATCH_PIPELINE,op1,,1,const,,55
p3531,,,op2,op1,1,const,,55
p3531,,,op3,op2,5,linear3,,45
p3531,,,op4,op3,15,linear3,,37.5
p3531,,,op5,op4,15,linear3,,37.5
p3531,,,op6,op5,40,linear7,,20
p3532,3110.395,QUERY,op1,,15,linear3,,35
p3533,3110.395,BATCH_PIPELINE,op1,,1,const,,55
p3533,,,op2,op1,5,linear3,,45
p3533,,,op3,op2,15,linear3,,37.5
p3533,,,op4,op3,5,linear3,,45
p3533,,,op5,op4,1,const,,55
p3533,,,op6,op5,80,squared,,10
p3533,,,op7,op6,5,linear3,,45
p3533,,,op8,op7,15,linear3,,37.5
p3533,,,op9,op8,1,const,,55
p3533,,,op10,op9,20,linear7,,30
p3534,3110.395,BATCH_PIPELINE,op1,,1,const,,55
p3534,,,op2,op1,20,linear7,,30
p3534,,,op3,op2,15,linear3,,37.5
p3534,,,op4,op3,5,linear3,,45
p3534,,,op5,op4,15,linear3,,37.5
p3534,,,op6,op5,20,linear7,,30
p3534,,,op7,op6,15,linear3,,37.5
p3534,,,op8,op7,40,linear7,,20
p3534,,,op9,op8,2,sqrt,,55
p3534,,,op10,op9,80,squared,,10
p3534,,,op11,op10,5,linear3,,45
p3535,3110.395,BATCH_PIPELINE,op1,,1,const,,55
p3535,,,op2,op1,1,const,,55
p3535,,,op3,op2,5,linear3,,45
p3535,,,op4,op3,1,const,,55
p3535,,,op5,op4,2,sqrt,,55
p3535,,,op6,op5,2,sqrt,,55
p3535,,,op7,op6,15,linear3,,37.5
p3535,,,op8,op7,2,sqrt,,55
p3536,3110.395,BATCH_PIPELINE,op1,,1,const,,55
p3536,,,op2,op1,2,sqrt,,55
p3536,,,op3,op2,40,linear7,,20
p3536,,,op4,op3,15,linear3,,37.5
p3536,,,op5,op4,1,const,,55
p3536,,,op6,op5,2,sqrt,,55
p3536,,,op7,op6,1,const,,55
p3536,,,op8,op7,15,linear3,,37.5
p3536,,,op9,op8,2,sqrt,,55
p3536,,,op10,op9,15,linear3,,37.5
p3537,3110.395,BATCH_PIPELINE,op1,,1,const,,55
p3537,,,op2,op1,2,sqrt,,55
p3537,,,op3,op2,40,linear7,,20
p3537,,,op4,op3,2,sqrt,,55
p3537,,,op5,op4,40,linear7,,20
p3537,,,op6,op5,80,squared,,10
p3537,,,op7,op6,20,linear7,,30
p3537,,,op8,op7,40,linear7,,20
p3537,,,op9,op8,40,linear7,,20
p3537,,,op10,op9,5,linear3,,45
p3537,,,op11,op10,15,linear3,,37.5
p3538,3110.395,BATCH_PIPELINE,op1,,1,const,,55
p3538,,,op2,op1,20,linear7,,30
p3538,,,op3,op1,40,linear7,,20
p3538,,,op4,op1,5,linear3,,45
p3538,,,op5,op1,2,sqrt,,55
p3538,,,op6,op1,5,linear3,,45
p3538,,,op7,op1,2,sqrt,,55
p3538,,,op8,op1,15,linear3,,37.5
p3538,,,op9,op1,2,sqrt,,55
p3538,,,op10,op1,2,sqrt,,55
p3539,3110.395,BATCH_PIPELINE,op1,,1,const,,55
p3539,,,op2,op1,1,const,,55
p3539,,,op3,op1,40,linear7,,20
p3539,,,op4,op1,5,linear3,,45
p3539,,,op5,op1,80,squared,,10
p3539,,,op6,op1,5,linear3,,45
p3539,,,op7,op1,15,linear3,,37.5
p3539,,,op8,op1,5,linear3,,45
p3539,,,op9,op1,15,linear3,,37.5
p3540,3110.395,BATCH_PIPELINE,op1,,1,const,,55
p3540,,,op2,,15,linear3,,37.5
p3540,,,op3,,40,linear7,,20
p3540,,,op4,,1,const,,55
p3540,,,op5,,80,squared,,10
p3540,,,op6,,15,linear3,,37.5
p3540,,,op7,op1;op2;op3;op4;op5;op6,5,linear3,,45
p3541,3121.428,BATCH_PIPELINE,op1,,1,const,,55
p3541,,,op2,,80,squared,,10
p3541,,,op3,,5,linear3,,45
p3541,,,op4,,2,sqrt,,55
p3541,,,op5,op1;op2;op3;op4,5,linear3,,45
p3542,3121.428,BATCH_PIPELINE,op1,,1,const,,55
p3542,,,op2,op1,5,linear3,,45
p3542,,,op3,op2,1,const,,55
p3542,,,op4,op3,40,linear7,,20
p3542,,,op5,op4,40,linear7,,20
p3542,,,op6,op5,2,sqrt,,55
p3542,,,op7,op6,15,linear3,,37.5
p3543,3121.428,BATCH_PIPELINE,op1,,1,const,,55
p3543,,,op2,,5,linear3,,45
p3543,,,op3,,5,linear3,,45
p3543,,,op4,,5,linear3,,45
p3543,,,op5,,2,sqrt,,55
p3543,,,op6,,1,const,,55
p3543,,,op7,,15,linear3,,37.5
p3543,,,op8,op1;op2;op3;op4;op5;op6;op7,20,linear7,,30
p3544,3121.428,QUERY,op1,,15,linear3,,35
p3545,3121.428,INTERACTIVE,op1,,1,const,,55
p3545,,,op2,op1,15,linear3,,37.5
p3545,,,op3,op2,20,linear7,,30
p3545,,,op4,op3,20,linear7,,30
p3545,,,op5,op4,20,linear7,,30
p3545,,,op6,op5,80,squared,,10
p3546,3121.428,BATCH_PIPELINE,op1,,1,const,,55
p3546,,,op2,op1,40,linear7,,20
p3546,,,op3,op2,5,linear3,,45
p3546,,,op4,op3,15,linear3,,37.5
p3546,,,op5,op4,1,const,,55
p3546,,,op6,op5,80,squared,,10
p3546,,,op7,op6,1,const,,55
p3546,,,op8,op7,80,squared,,10
p3547,3121.428,QUERY,op1,,15,linear3,,35
p3548,3121.428,INTERACTIVE,op1,,1,const,,55
p3548,,,op2,op1,1,const,,55
p3548,,,op3,op2,5,linear3,,45
p3548,,,op4,op3,20,linear7,,30
p3548,,,op5,op4,80,squared,,10
p3548,,,op6,op5,5,linear3,,45
p3548,,,op7,op6,1,const,,55
p3548,,,op8,op7,80,squared,,10
p3548,,,op9,op8,20,linear7,,30
p3548,,,op10,op9,1,const,,55
p3548,,,op11,op10,20,linear7,,30
p3548,,,op12,op11,20,linear7,,30
p3549,3121.428,BATCH_PIPELINE,op1,,1,const,,55
p3549,,,op2,,5,linear3,,45
p3549,,,op3,,15,linear3,,37.5
p3549,,,op4,,20,linear7,,30
p3549,,,op5,,1,const,,55
p3549,,,op6,op1;op2;op3;op4;op5,15,linear3,,37.5
p3550,3121.428,INTERACTIVE,op1,,1,const,,55
p3550,,,op2,op1,80,squared,,10
p3550,,,op3,op2,80,squared,,10
p3550,,,op4,op3,5,linear3,,45
p3550,,,op5,op4,15,linear3,,37.5
p3550,,,op6,op5,40,linear7,,20
p3550,,,op7,op6,80,squared,,10
p3550,,,op8,op7,2,sqrt,,55
p3551,3128.0750000000003,BATCH_PIPELINE,op1,,1,const,,55
p3551,,,op2,op1,2,sqrt,,55
p3551,,,op3,op2,20,linear7,,30
p3551,,,op4,op3,80,squared,,10
p3551,,,op5,op4,2,sqrt,,55
p3552,3128.0750000000003,BATCH_PIPELINE,op1,,1,const,,55
p3552,,,op2,op1,2,sqrt,,55
p3552,,,op3,op2,15,linear3,,37.5
p3552,,,op4,op3,1,const,,55
p3552,,,op5,op4,2,sqrt,,55
p3552,,,op6,op5,5,linear3,,45
p3552,,,op7,op6,15,linear3,,37.5
p3552,,,op8,op7,1,const,,55
p3553,3128.0750000000003,BATCH_PIPELINE,op1,,1,const,,55
p3553,,,op2,op1,20,linear7,,30
p3553,,,op3,op2,15,linear3,,37.5
p3553,,,op4,op3,80,squared,,10
p3553,,,op5,op4,15,linear3,,37.5
p3554,3128.0750000000003,BATCH_PIPELINE,op1,,1,const,,55
p3554,,,op2,op1,1,const,,55
p3554,,,op3,op2,5,linear3,,45
p3554,,,op4,op3,5,linear3,,45
p3554,,,op5,op4,5,linear3,,45
p3554,,,op6,op5,15,linear3,,37.5
p3554,,,op7,op6,1,const,,55
p3554,,,op8,op7,2,sqrt,,55
p3554,,,op9,op8,2,sqrt,,55
p3555,3128.0750000000003,INTERACTIVE,op1,,1,const,,55
p3555,,,op2,op1,15,linear3,,37.5
p3555,,,op3,op2,5,linear3,,45
p3555,,,op4,op3,15,linear3,,37.5
p3555,,,op5,op4,2,sqrt,,55
p3555,,,op6,op5,2,sqrt,,55
p3556,3128.0750000000003,BATCH_PIPELINE,op1,,1,const,,55
p3556,,,op2,op1,15,linear3,,37.5
p3556,,,op3,op1,2,sqrt,,55
p3556,,,op4,op1,15,linear3,,37.5
p3556,,,op5,op1,15,linear3,,37.5
p3556,,,op6,op1,20,linear7,,30
p3557,3128.0750000000003,BATCH_PIPELINE,op1,,1,const,,55
p3557,,,op2,,1,const,,55
p3557,,,op3,,1,const,,55
p3557,,,op4,,2,sqrt,,55
p3557,,,op5,,1,const,,55
p3557,,,op6,,5,linear3,,45
p3557,,,op7,op1;op2;op3;op4;op5;op6,5,linear3,,45
p3558,3128.0750000000003,BATCH_PIPELINE,op1,,1,const,,55
p3558,,,op2,op1,5,linear3,,45
p3558,,,op3,op2,2,sqrt,,55
p3558,,,op4,op3,20,linear7,,30
p3558,,,op5,op4,40,linear7,,20
p3558,,,op6,op5,1,const,,55
p3558,,,op7,op6,80,squared,,10
p3559,3128.0750000000003,BATCH_PIPELINE,op1,,1,const,,55
p3559,,,op2,op1,20,linear7,,30
p3559,,,op3,op2,15,linear3,,37.5
p3559,,,op4,op3,5,linear3,,45
p3559,,,op5,op4,40,linear7,,20
p3559,,,op6,op5,2,sqrt,,55
p3560,3128.0750000000003,QUERY,op1,,15,linear3,,35
p3561,3140.887,BATCH_PIPELINE,op1,,1,const,,55
p3561,,,op2,op1,20,linear7,,30
p3561,,,op3,op2,20,linear7,,30
p3561,,,op4,op3,1,const,,55
p3561,,,op5,op4,15,linear3,,37.5
p3561,,,op6,op5,5,linear3,,45
p3561,,,op7,op6,80,squared,,10
p3562,3140.887,BATCH_PIPELINE,op1,,1,const,,55
p3562,,,op2,op1,15,linear3,,37.5
p3562,,,op3,op2,20,linear7,,30
p3562,,,op4,op3,2,sqrt,,55
p3562,,,op5,op4,40,linear7,,20
p3562,,,op6,op5,1,const,,55
p3562,,,op7,op6,15,linear3,,37.5
p3563,3140.887,BATCH_PIPELINE,op1,,1,const,,55
p3563,,,op2,op1,1,const,,55
p3563,,,op3,op2,5,linear3,,45
p3563,,,op4,op3,1,const,,55
p3563,,,op5,op4,5,linear3,,45
p3563,,,op6,op5,1,const,,55
p3563,,,op7,op6,15,linear3,,37.5
p3563,,,op8,op7,5,linear3,,45
p3564,3140.887,BATCH_PIPELINE,op1,,1,const,,55
p3564,,,op2,op1,80,squared,,10
p3564,,,op3,op2,20,linear7,,30
p3564,,,op4,op3,40,linear7,,20
p3564,,,op5,op4,2,sqrt,,55
p3564,,,op6,op5,80,squared,,10
p3564,,,op7,op6,15,linear3,,37.5
p3564,,,op8,op7,2,sqrt,,55
p3564,,,op9,op8,15,linear3,,37.5
p3564,,,op10,op9,15,linear3,,37.5
p3565,3140.887,BATCH_PIPELINE,op1,,1,const,,55
p3565,,,op2,op1,15,linear3,,37.5
p3565,,,op3,op2,80,squared,,10
p3565,,,op4,op3,5,linear3,,45
p3565,,,op5,op4,2,sqrt,,55
p3566,3140.887,INTERACTIVE,op1,,1,const,,55
p3566,,,op2,op1,5,linear3,,45
p3566,,,op3,op2,5,linear3,,45
p3566,,,op4,op3,40,linear7,,20
p3566,,,op5,op4,15,linear3,,37.5
p3566,,,op6,op5,15,linear3,,37.5
p3566,,,op7,op6,5,linear3,,45
p3566,,,op8,op7,5,linear3,,45
p3566,,,op9,op8,20,linear7,,30
p3567,3140.887,BATCH_PIPELINE,op1,,1,const,,55
p3567,,,op2,op1,15,linear3,,37.5
p3567,,,op3,op2,40,linear7,,20
p3567,,,op4,op3,40,linear7,,20
p3567,,,op5,op4,40,linear7,,20
p3567,,,op6,op5,5,linear3,,45
p3567,,,op7,op6,15,linear3,,37.5
p3567,,,op8,op7,15,linear3,,37.5
p3568,3140.887,INTERACTIVE,op1,,1,const,,55
p3568,,,op2,op1,80,squared,,10
p3568,,,op3,op2,15,linear3,,37.5
p3568,,,op4,op3,40,linear7,,20
p3568,,,op5,op4,2,sqrt,,55
p3568,,,op6,op5,80,squared,,10
p3569,3140.887,BATCH_PIPELINE,op1,,1,const,,55
p3569,,,op2,op1,40,linear7,,20
p3569,,,op3,op2,40,linear7,,20
p3569,,,op4,op3,1,const,,55
p3569,,,op5,op4,40,linear7,,20
p3569,,,op6,op5,1,const,,55
p3569,,,op7,op6,20,linear7,,30
p3569,,,op8,op7,5,linear3,,45
p3570,3140.887,BATCH_PIPELINE,op1,,1,const,,55
p3570,,,op2,op1,40,linear7,,20
p3570,,,op3,op2,5,linear3,,45
p3570,,,op4,op3,15,linear3,,37.5
p3570,,,op5,op4,1,const,,55
p3570,,,op6,op5,5,linear3,,45
p3570,,,op7,op6,80,squared,,10
p3570,,,op8,op7,20,linear7,,30
p3571,3147.5370000000003,BATCH_PIPELINE,op1,,1,const,,55
p3571,,,op2,op1,20,linear7,,30
p3571,,,op3,op2,20,linear7,,30
p3571,,,op4,op3,1,const,,55
p3571,,,op5,op4,40,linear7,,20
p3571,,,op6,op5,1,const,,55
p3571,,,op7,op6,40,linear7,,20
p3571,,,op8,op7,15,linear3,,37.5
p3572,3147.5370000000003,BATCH_PIPELINE,op1,,1,const,,55
p3572,,,op2,op1,15,linear3,,37.5
p3572,,,op3,op1,15,linear3,,37.5
p3572,,,op4,op1,20,linear7,,30
p3572,,,op5,op1,80,squared,,10
p3572,,,op6,op1,20,linear7,,30
p3572,,,op7,op1,1,const,,55
p3572,,,op8,op1,5,linear3,,45
p3573,3147.5370000000003,INTERACTIVE,op1,,1,const,,55
p3573,,,op2,op1,80,squared,,10
p3573,,,op3,op1,15,linear3,,37.5
p3573,,,op4,op1,20,linear7,,30
p3573,,,op5,op1,2,sqrt,,55
p3573,,,op6,op1,40,linear7,,20
p3573,,,op7,op1,5,linear3,,45
p3573,,,op8,op1,5,linear3,,45
p3573,,,op9,op1,5,linear3,,45
p3573,,,op10,op1,80,squared,,10
p3574,3147.5370000000003,BATCH_PIPELINE,op1,,1,const,,55
p3574,,,op2,op1,80,squared,,10
p3574,,,op3,op2,5,linear3,,45
p3574,,,op4,op3,20,linear7,,30
p3574,,,op5,op4,20,linear7,,30
p3574,,,op6,op5,1,const,,55
p3575,3147.5370000000003,BATCH_PIPELINE,op1,,1,const,,55
p3575,,,op2,op1,80,squared,,10
p3575,,,op3,op2,80,squared,,10
p3575,,,op4,op3,20,linear7,,30
p3575,,,op5,op4,20,linear7,,30
p3575,,,op6,op5,40,linear7,,20
p3576,3147.5370000000003,BATCH_PIPELINE,op1,,1,const,,55
p3576,,,op2,,2,sqrt,,55
p3576,,,op3,,5,linear3,,45
p3576,,,op4,,15,linear3,,37.5
p3576,,,op5,,15,linear3,,37.5
p3576,,,op6,,2,sqrt,,55
p3576,,,op7,,20,linear7,,30
p3576,,,op8,,1,const,,55
p3576,,,op9,,15,linear3,,37.5
p3576,,,op10,,15,linear3,,37.5
p3576,,,op11,op1;op2;op3;op4;op5;op6;op7;op8;op9;op10,15,linear3,,37.5
p3577,3147.5370000000003,BATCH_PIPELINE,op1,,1,const,,55
p3577,,,op2,op1,5,linear3,,45
p3577,,,op3,op2,15,linear3,,37.5
p3577,,,op4,op3,15,linear3,,37.5
p3577,,,op5,op4,15,linear3,,37.5
p3577,,,op6,op5,1,const,,55
p3577,,,op7,op6,1,const,,55
p3577,,,op8,op7,15,linear3,,37.5
p3577,,,op9,op8,1,const,,55
p3578,3147.5370000000003,BATCH_PIPELINE,op1,,1,const,,55
p3578,,,op2,,40,linear7,,20
p3578,,,op3,,2,sqrt,,55
p3578,,,op4,,20,linear7,,30
p3578,,,op5,,5,linear3,,45
p3578,,,op6,op1;op2;op3;op4;op5,5,linear3,,45
p3579,3147.5370000000003,BATCH_PIPELINE,op1,,1,const,,55
p3579,,,op2,op1,5,linear3,,45
p3579,,,op3,op2,1,const,,55
p3579,,,op4,op3,15,linear3,,37.5
p3579,,,op5,op4,1,const,,55
p3579,,,op6,op5,20,linear7,,30
p3579,,,op7,op6,20,linear7,,30
p3580,3147.5370000000003,BATCH_PIPELINE,op1,,1,const,,55
p3580,,,op2,op1,2,sqrt,,55
p3580,,,op3,op2,80,squared,,10
p3580,,,op4,op3,1,const,,55
p3580,,,op5,op4,1,const,,55
p3580,,,op6,op5,80,squared,,10
p3580,,,op7,op6,20,linear7,,30
p3580,,,op8,op7,1,const,,55
p3580,,,op9,op8,1,const,,55
p3580,,,op10,op9,20,linear7,,30
p3580,,,op11,op10,2,sqrt,,55
p3580,,,op12,op11,2,sqrt,,55
p3581,3160.962,BATCH_PIPELINE,op1,,1,const,,55
p3581,,,op2,op1,40,linear7,,20
p3581,,,op3,op2,5,linear3,,45
p3581,,,op4,op3,1,const,,55
p3581,,,op5,op4,1,const,,55
p3581,,,op6,op5,15,linear3,,37.5
p3581,,,op7,op6,20,linear7,,30
p3581,,,op8,op7,15,linear3,,37.5
p3582,3160.962,BATCH_PIPELINE,op1,,1,const,,55
p3582,,,op2,,15,linear3,,37.5
p3582,,,op3,,15,linear3,,37.5
p3582,,,op4,,15,linear3,,37.5
p3582,,,op5,,5,linear3,,45
p3582,,,op6,,1,const,,55
p3582,,,op7,,40,linear7,,20
p3582,,,op8,,5,linear3,,45
p3582,,,op9,op1;op2;op3;op4;op5;op6;op7;op8,5,linear3,,45
p3583,3160.962,BATCH_PIPELINE,op1,,1,const,,55
p3583,,,op2,op1,20,linear7,,30
p3583,,,op3,op1,2,sqrt,,55
p3583,,,op4,op1,40,linear7,,20
p3583,,,op5,op1,5,linear3,,45
p3584,3160.962,BATCH_PIPELINE,op1,,1,const,,55
p3584,,,op2,op1,20,linear7,,30
p3584,,,op3,op2,20,linear7,,30
p3584,,,op4,op3,2,sqrt,,55
p3584,,,op5,op4,5,linear3,,45
p3584,,,op6,op5,40,linear7,,20
p3584,,,op7,op6,80,squared,,10
p3584,,,op8,op7,15,linear3,,37.5
p3584,,,op9,op8,2,sqrt,,55
p3584,,,op10,op9,80,squared,,10
p3585,3160.962,BATCH_PIPELINE,op1,,1,const,,55
p3585,,,op2,op1,15,linear3,,37.5
p3585,,,op3,op2,2,sqrt,,55
p3585,,,op4,op3,5,linear3,,45
p3585,,,op5,op4,2,sqrt,,55
p3585,,,op6,op5,20,linear7,,30
p3585,,,op7,op6,15,linear3,,37.5
p3585,,,op8,op7,20,linear7,,30
p3586,3160.962,BATCH_PIPELINE,op1,,1,const,,55
p3586,,,op2,op1,20,linear7,,30
p3586,,,op3,op2,1,const,,55
p3586,,,op4,op3,15,linear3,,37.5
p3586,,,op5,op4,2,sqrt,,55
p3586,,,op6,op5,40,linear7,,20
p3586,,,op7,op6,80,squared,,10
p3587,3160.962,BATCH_PIPELINE,op1,,1,const,,55
p3587,,,op2,op1,15,linear3,,37.5
p3587,,,op3,op2,40,linear7,,20
p3587,,,op4,op3,15,linear3,,37.5
p3587,,,op5,op4,5,linear3,,45
p3587,,,op6,op5,2,sqrt,,55
p3588,3160.962,BATCH_PIPELINE,op1,,1,const,,55
p3588,,,op2,op1,15,linear3,,37.5
p3588,,,op3,op2,5,linear3,,45
p3588,,,op4,op3,2,sqrt,,55
p3588,,,op5,op4,2,sqrt,,55
p3588,,,op6,op5,2,sqrt,,55
p3589,3160.962,BATCH_PIPELINE,op1,,1,const,,55
p3589,,,op2,op1,40,linear7,,20
p3589,,,op3,op2,1,const,,55
p3589,,,op4,op3,40,linear7,,20
p3589,,,op5,op4,20,linear7,,30
p3589,,,op6,op5,15,linear3,,37.5
p3590,3160.962,INTERACTIVE,op1,,1,const,,55
p3590,,,op2,op1,15,linear3,,37.5
p3590,,,op3,op2,15,linear3,,37.5
p3590,,,op4,op3,20,linear7,,30
p3590,,,op5,op4,15,linear3,,37.5
p3590,,,op6,op5,20,linear7,,30
p3590,,,op7,op6,5,linear3,,45
p3591,3168.526,BATCH_PIPELINE,op1,,1,const,,55
p3591,,,op2,op1,5,linear3,,45
p3591,,,op3,op2,20,linear7,,30
p3591,,,op4,op3,15,linear3,,37.5
p3591,,,op5,op4,5,linear3,,45
p3591,,,op6,op5,40,linear7,,20
p3591,,,op7,op6,20,linear7,,30
p3592,3168.526,BATCH_PIPELINE,op1,,1,const,,55
p3592,,,op2,op1,1,const,,55
p3592,,,op3,op2,2,sqrt,,55
p3592,,,op4,op3,20,linear7,,30
p3592,,,op5,op4,1,const,,55
p3592,,,op6,op5,2,sqrt,,55
p3592,,,op7,op6,5,linear3,,45
p3593,3168.526,BATCH_PIPELINE,op1,,1,const,,55
p3593,,,op2,op1,2,sqrt,,55
p3593,,,op3,op2,15,linear3,,37.5
p3593,,,op4,op3,1,const,,55
p3593,,,op5,op4,5,linear3,,45
p3593,,,op6,op5,20,linear7,,30
p3593,,,op7,op6,1,const,,55
p3593,,,op8,op7,15,linear3,,37.5
p3593,,,op9,op8,20,linear7,,30
p3594,3168.526,BATCH_PIPELINE,op1,,1,const,,55
p3594,,,op2,op1,5,linear3,,45
p3594,,,op3,op2,5,linear3,,45
p3594,,,op4,op3,20,linear7,,30
p3594,,,op5,op4,5,linear3,,45
p3594,,,op6,op5,80,squared,,10
p3595,3168.526,BATCH_PIPELINE,op1,,1,const,,55
p3595,,,op2,op1,5,linear3,,45
p3595,,,op3,op2,15,linear3,,37.5
p3595,,,op4,op3,20,linear7,,30
p3595,,,op5,op4,5,linear3,,45
p3595,,,op6,op5,5,linear3,,45
p3595,,,op7,op6,15,linear3,,37.5
p3595,,,op8,op7,15,linear3,,37.5
p3596,3168.526,BATCH_PIPELINE,op1,,1,const,,55
p3596,,,op2,op1,2,sqrt,,55
p3596,,,op3,op2,15,linear3,,37.5
p3596,,,op4,op3,5,linear3,,45
p3596,,,op5,op4,2,sqrt,,55
p3596,,,op6,op5,40,linear7,,20
p3596,,,op7,op6,5,linear3,,45
p3596,,,op8,op7,80,squared,,10
p3597,3168.526,BATCH_PIPELINE,op1,,1,const,,55
p3597,,,op2,op1,2,sqrt,,55
p3597,,,op3,op2,80,squared,,10
p3597,,,op4,op3,15,linear3,,37.5
p3597,,,op5,op4,20,linear7,,30
p3597,,,op6,op5,15,linear3,,37.5
p3598,3168.526,BATCH_PIPELINE,op1,,1,const,,55
p3598,,,op2,,15,linear3,,37.5
p3598,,,op3,,40,linear7,,20
p3598,,,op4,,1,const,,55
p3598,,,op5,,80,squared,,10
p3598,,,op6,,20,linear7,,30
p3598,,,op7,op1;op2;op3;op4;op5;op6,5,linear3,,45
p3599,3168.526,BATCH_PIPELINE,op1,,1,const,,55
p3599,,,op2,op1,40,linear7,,20
p3599,,,op3,op2,5,linear3,,45
p3599,,,op4,op3,20,linear7,,30
p3599,,,op5,op4,15,linear3,,37.5
p3599,,,op6,op5,5,linear3,,45
p3599,,,op7,op6,15,linear3,,37.5
p3599,,,op8,op7,40,linear7,,20
p3599,,,op9,op8,80,squared,,10
p3599,,,op10,op9,5,linear3,,45
p3599,,,op11,op10,1,const,,55
p3600,3168.526,BATCH_PIPELINE,op1,,1,const,,55
p3600,,,op2,,80,squared,,10
p3600,,,op3,,15,linear3,,37.5
p3600,,,op4,,2,sqrt,,55
p3600,,,op5,,1,const,,55
p3600,,,op6,,1,const,,55
p3600,,,op7,,15,linear3,,37.5
p3600,,,op8,,5,linear3,,45
p3600,,,op9,,5,linear3,,45
p3600,,,op10,,5,linear3,,45
p3600,,,op11,op1;op2;op3;op4;op5;op6;op7;op8;op9;op10,20,linear7,,30
p3601,3176.2960000000003,BATCH_PIPELINE,op1,,1,const,,55
p3601,,,op2,op1,15,linear3,,37.5
p3601,,,op3,op2,15,linear3,,37.5
p3601,,,op4,op3,80,squared,,10
p3601,,,op5,op4,80,squared,,10
p3601,,,op6,op5,20,linear7,,30
p3601,,,op7,op6,20,linear7,,30
p3602,3176.2960000000003,BATCH_PIPELINE,op1,,1,const,,55
p3602,,,op2,op1,20,linear7,,30
p3602,,,op3,op1,5,linear3,,45
p3602,,,op4,op1,15,linear3,,37.5
p3602,,,op5,op1,20,linear7,,30
p3602,,,op6,op1,80,squared,,10
p3602,,,op7,op1,80,squared,,10
p3602,,,op8,op1,40,linear7,,20
p3603,3176.2960000000003,BATCH_PIPELINE,op1,,1,const,,55
p3603,,,op2,op1,2,sqrt,,55
p3603,,,op3,op1,5,linear3,,45
p3603,,,op4,op1,80,squared,,10
p3603,,,op5,op1,20,linear7,,30
p3603,,,op6,op1,15,linear3,,37.5
p3603,,,op7,op1,15,linear3,,37.5
p3604,3176.2960000000003,BATCH_PIPELINE,op1,,1,const,,55
p3604,,,op2,op1,20,linear7,,30
p3604,,,op3,op1,2,sqrt,,55
p3605,3176.2960000000003,BATCH_PIPELINE,op1,,1,const,,55
p3605,,,op2,op1,15,linear3,,37.5
p3605,,,op3,op1,40,linear7,,20
p3605,,,op4,op1,40,linear7,,20
p3605,,,op5,op1,2,sqrt,,55
p3606,3176.2960000000003,BATCH_PIPELINE,op1,,1,const,,55
p3606,,,op2,op1,40,linear7,,20
p3606,,,op3,op2,15,linear3,,37.5
p3606,,,op4,op3,40,linear7,,20
p3606,,,op5,op4,20,linear7,,30
p3607,3176.2960000000003,BATCH_PIPELINE,op1,,1,const,,55
p3607,,,op2,op1,1,const,,55
p3607,,,op3,op2,1,const,,55
p3607,,,op4,op3,40,linear7,,20
p3607,,,op5,op4,80,squared,,10
p3607,,,op6,op5,2,sqrt,,55
p3607,,,op7,op6,15,linear3,,37.5
p3608,3176.2960000000003,BATCH_PIPELINE,op1,,1,const,,55
p3608,,,op2,op1,5,linear3,,45
p3608,,,op3,op2,1,const,,55
p3608,,,op4,op3,80,squared,,10
p3608,,,op5,op4,15,linear3,,37.5
p3608,,,op6,op5,1,const,,55
p3609,3176.2960000000003,INTERACTIVE,op1,,1,const,,55
p3609,,,op2,op1,5,linear3,,45
p3609,,,op3,op2,20,linear7,,30
p3609,,,op4,op3,40,linear7,,20
p3609,,,op5,op4,1,const,,55
p3609,,,op6,op5,5,linear3,,45
p3609,,,op7,op6,40,linear7,,20
p3610,3176.2960000000003,QUERY,op1,,15,linear3,,35
p3611,3185.1130000000003,BATCH_PIPELINE,op1,,1,const,,55
p3611,,,op2,op1,1,const,,55
p3611,,,op3,op1,20,linear7,,30
p3611,,,op4,op1,40,linear7,,20
p3611,,,op5,op1,5,linear3,,45
p3611,,,op6,op1,40,linear7,,20
p3611,,,op7,op1,5,linear3,,45
p3612,3185.1130000000003,BATCH_PIPELINE,op1,,1,const,,55
p3612,,,op2,op1,5,linear3,,45
p3612,,,op3,op2,20,linear7,,30
p3612,,,op4,op3,1,const,,55
p3612,,,op5,op4,5,linear3,,45
p3612,,,op6,op5,40,linear7,,20
p3612,,,op7,op6,40,linear7,,20
p3612,,,op8,op7,20,linear7,,30
p3613,3185.1130000000003,BATCH_PIPELINE,op1,,1,const,,55
p3613,,,op2,,5,linear3,,45
p3613,,,op3,,20,linear7,,30
p3613,,,op4,,20,linear7,,30
p3613,,,op5,,5,linear3,,45
p3613,,,op6,,2,sqrt,,55
p3613,,,op7,op1;op2;op3;op4;op5;op6,2,sqrt,,55
p3614,3185.1130000000003,BATCH_PIPELINE,op1,,1,const,,55
p3614,,,op2,op1,15,linear3,,37.5
p3614,,,op3,op2,15,linear3,,37.5
p3614,,,op4,op3,5,linear3,,45
p3615,3185.1130000000003,BATCH_PIPELINE,op1,,1,const,,55
p3615,,,op2,op1,20,linear7,,30
p3615,,,op3,op1,15,linear3,,37.5
p3615,,,op4,op1,80,squared,,10
p3615,,,op5,op1,5,linear3,,45
p3615,,,op6,op1,20,linear7,,30
p3616,3185.1130000000003,BATCH_PIPELINE,op1,,1,const,,55
p3616,,,op2,op1,40,linear7,,20
p3616,,,op3,op2,1,const,,55
p3616,,,op4,op3,2,sqrt,,55
p3616,,,op5,op4,5,linear3,,45
p3616,,,op6,op5,5,linear3,,45
p3616,,,op7,op6,1,const,,55
p3617,3185.1130000000003,BATCH_PIPELINE,op1,,1,const,,55
p3617,,,op2,op1,20,linear7,,30
p3617,,,op3,op2,20,linear7,,30
p3617,,,op4,op3,5,linear3,,45
p3618,3185.1130000000003,BATCH_PIPELINE,op1,,1,const,,55
p3618,,,op2,op1,2,sqrt,,55
p3618,,,op3,op2,80,squared,,10
p3618,,,op4,op3,15,linear3,,37.5
p3618,,,op5,op4,80,squared,,10
p3618,,,op6,op5,40,linear7,,20
p3618,,,op7,op6,15,linear3,,37.5
p3618,,,op8,op7,20,linear7,,30
p3619,3185.1130000000003,INTERACTIVE,op1,,1,const,,55
p3619,,,op2,op1,20,linear7,,30
p3619,,,op3,op2,1,const,,55
p3619,,,op4,op3,15,linear3,,37.5
p3619,,,op5,op4,40,linear7,,20
p3619,,,op6,op5,80,squared,,10
p3620,3185.1130000000003,INTERACTIVE,op1,,1,const,,55
p3620,,,op2,op1,5,linear3,,45
p3620,,,op3,op1,80,squared,,10
p3620,,,op4,op1,5,linear3,,45
p3621,3196.495,QUERY,op1,,15,linear3,,35
p3622,3196.495,BATCH_PIPELINE,op1,,1,const,,55
p3622,,,op2,op1,1,const,,55
p3622,,,op3,op2,80,squared,,10
p3622,,,op4,op3,2,sqrt,,55
p3622,,,op5,op4,1,const,,55
p3622,,,op6,op5,1,const,,55
p3623,3196.495,BATCH_PIPELINE,op1,,1,const,,55
p3623,,,op2,op1,5,linear3,,45
p3623,,,op3,op2,40,linear7,,20
p3623,,,op4,op3,5,linear3,,45
p3623,,,op5,op4,40,linear7,,20
p3623,,,op6,op5,2,sqrt,,55
p3623,,,op7,op6,1,const,,55
p3624,3196.495,BATCH_PIPELINE,op1,,1,const,,55
p3624,,,op2,op1,20,linear7,,30
p3624,,,op3,op1,5,linear3,,45
p3624,,,op4,op1,15,linear3,,37.5
p3624,,,op5,op1,20,linear7,,30
p3625,3196.495,INTERACTIVE,op1,,1,const,,55
p3625,,,op2,op1,5,linear3,,45
p3625,,,op3,op2,1,const,,55
p3625,,,op4,op3,20,linear7,,30
p3625,,,op5,op4,1,const,,55
p3625,,,op6,op5,2,sqrt,,55
p3625,,,op7,op6,2,sqrt,,55
p3625,,,op8,op7,15,linear3,,37.5
p3625,,,op9,op8,15,linear3,,37.5
p3626,3196.495,BATCH_PIPELINE,op1,,1,const,,55
p3626,,,op2,op1,15,linear3,,37.5
p3626,,,op3,op2,2,sqrt,,55
p3626,,,op4,op3,2,sqrt,,55
p3626,,,op5,op4,80,squared,,10
p3626,,,op6,op5,40,linear7,,20
p3626,,,op7,op6,20,linear7,,30
p3627,3196.495,BATCH_PIPELINE,op1,,1,const,,55
p3627,,,op2,op1,15,linear3,,37.5
p3627,,,op3,op2,80,squared,,10
p3627,,,op4,op3,5,linear3,,45
p3627,,,op5,op4,15,linear3,,37.5
p3627,,,op6,op5,1,const,,55
p3627,,,op7,op6,1,const,,55
p3627,,,op8,op7,80,squared,,10
p3628,3196.495,BATCH_PIPELINE,op1,,1,const,,55
p3628,,,op2,op1,1,const,,55
p3628,,,op3,op2,5,linear3,,45
p3628,,,op4,op3,1,const,,55
p3628,,,op5,op4,5,linear3,,45
p3628,,,op6,op5,20,linear7,,30
p3628,,,op7,op6,20,linear7,,30
p3629,3196.495,BATCH_PIPELINE,op1,,1,const,,55
p3629,,,op2,op1,80,squared,,10
p3629,,,op3,op1,2,sqrt,,55
p3629,,,op4,op1,15,linear3,,37.5
p3629,,,op5,op1,15,linear3,,37.5
p3629,,,op6,op1,15,linear3,,37.5
p3629,,,op7,op1,15,linear3,,37.5
p3629,,,op8,op1,15,linear3,,37.5
p3630,3196.495,BATCH_PIPELINE,op1,,1,const,,55
p3630,,,op2,op1,15,linear3,,37.5
p3630,,,op3,op1,80,squared,,10
p3630,,,op4,op1,2,sqrt,,55
p3630,,,op5,op1,20,linear7,,30
p3630,,,op6,op1,5,linear3,,45
p3630,,,op7,op1,20,linear7,,30
p3630,,,op8,op1,20,linear7,,30
p3630,,,op9,op1,1,const,,55
p3630,,,op10,op1,1,const,,55
p3630,,,op11,op1,80,squared,,10
p3630,,,op12,op1,5,linear3,,45
p3630,,,op13,op1,80,squared,,10
p3631,3208.443,BATCH_PIPELINE,op1,,1,const,,55
p3631,,,op2,op1,80,squared,,10
p3631,,,op3,op2,80,squared,,10
p3631,,,op4,op3,5,linear3,,45
p3631,,,op5,op4,80,squared,,10
p3631,,,op6,op5,40,linear7,,20
p3631,,,op7,op6,40,linear7,,20
p3632,3208.443,QUERY,op1,,15,linear3,,35
p3633,3208.443,BATCH_PIPELINE,op1,,1,const,,55
p3633,,,op2,op1,80,squared,,10
p3633,,,op3,op2,15,linear3,,37.5
p3633,,,op4,op3,1,const,,55
p3633,,,op5,op4,40,linear7,,20
p3634,3208.443,BATCH_PIPELINE,op1,,1,const,,55
p3634,,,op2,op1,1,const,,55
p3634,,,op3,op1,15,linear3,,37.5
p3634,,,op4,op1,5,linear3,,45
p3634,,,op5,op1,2,sqrt,,55
p3634,,,op6,op1,1,const,,55
p3635,3208.443,QUERY,op1,,15,linear3,,35
p3636,3208.443,BATCH_PIPELINE,op1,,1,const,,55
p3636,,,op2,op1,15,linear3,,37.5
p3636,,,op3,op2,5,linear3,,45
p3636,,,op4,op3,2,sqrt,,55
p3636,,,op5,op4,80,squared,,10
p3636,,,op6,op5,20,linear7,,30
p3637,3208.443,BATCH_PIPELINE,op1,,1,const,,55
p3637,,,op2,op1,40,linear7,,20
p3637,,,op3,op2,40,linear7,,20
p3637,,,op4,op3,40,linear7,,20
p3637,,,op5,op4,5,linear3,,45
p3638,3208.443,BATCH_PIPELINE,op1,,1,const,,55
p3638,,,op2,op1,5,linear3,,45
p3638,,,op3,op1,2,sqrt,,55
p3638,,,op4,op1,20,linear7,,30
p3638,,,op5,op1,20,linear7,,30
p3638,,,op6,op1,5,linear3,,45
p3638,,,op7,op1,5,linear3,,45
p3638,,,op8,op1,5,linear3,,45
p3638,,,op9,op1,20,linear7,,30
p3638,,,op10,op1,1,const,,55
p3639,3208.443,BATCH_PIPELINE,op1,,1,const,,55
p3639,,,op2,op1,15,linear3,,37.5
p3639,,,op3,op2,2,sqrt,,55
p3639,,,op4,op3,40,linear7,,20
p3639,,,op5,op4,80,squared,,10
p3640,3208.443,BATCH_PIPELINE,op1,,1,const,,55
p3640,,,op2,op1,2,sqrt,,55
p3640,,,op3,op2,20,linear7,,30
p3640,,,op4,op3,15,linear3,,37.5
p3640,,,op5,op4,2,sqrt,,55
p3640,,,op6,op5,80,squared,,10
p3640,,,op7,op6,15,linear3,,37.5
p3640,,,op8,op7,20,linear7,,30
p3640,,,op9,op8,2,sqrt,,55
p3640,,,op10,op9,80,squared,,10
p3641,3217.093,BATCH_PIPELINE,op1,,1,const,,55
p3641,,,op2,op1,20,linear7,,30
p3641,,,op3,op2,80,squared,,10
p3641,,,op4,op3,5,linear3,,45
p3641,,,op5,op4,15,linear3,,37.5
p3641,,,op6,op5,20,linear7,,30
p3642,3217.093,BATCH_PIPELINE,op1,,1,const,,55
p3642,,,op2,op1,40,linear7,,20
p3642,,,op3,op2,80,squared,,10
p3643,3217.093,BATCH_PIPELINE,op1,,1,const,,55
p3643,,,op2,op1,5,linear3,,45
p3643,,,op3,op2,5,linear3,,45
p3643,,,op4,op3,80,squared,,10
p3643,,,op5,op4,40,linear7,,20
p3644,3217.093,BATCH_PIPELINE,op1,,1,const,,55
p3644,,,op2,,40,linear7,,20
p3644,,,op3,,15,linear3,,37.5
p3644,,,op4,op1;op2;op3,2,sqrt,,55
p3645,3217.093,BATCH_PIPELINE,op1,,1,const,,55
p3645,,,op2,op1,15,linear3,,37.5
p3645,,,op3,op2,2,sqrt,,55
p3645,,,op4,op3,5,linear3,,45
p3645,,,op5,op4,40,linear7,,20
p3645,,,op6,op5,40,linear7,,20
p3645,,,op7,op6,15,linear3,,37.5
p3645,,,op8,op7,5,linear3,,45
p3645,,,op9,op8,40,linear7,,20
p3645,,,op10,op9,80,squared,,10
p3646,3217.093,BATCH_PIPELINE,op1,,1,const,,55
p3646,,,op2,op1,15,linear3,,37.5
p3646,,,op3,op1,5,linear3,,45
p3646,,,op4,op1,15,linear3,,37.5
p3646,,,op5,op1,15,linear3,,37.5
p3646,,,op6,op1,1,const,,55
p3646,,,op7,op1,15,linear3,,37.5
p3647,3217.093,BATCH_PIPELINE,op1,,1,const,,55
p3647,,,op2,,5,linear3,,45
p3647,,,op3,,2,sqrt,,55
p3647,,,op4,,20,linear7,,30
p3647,,,op5,,2,sqrt,,55
p3647,,,op6,,15,linear3,,37.5
p3647,,,op7,op1;op2;op3;op4;op5;op6,5,linear3,,45
p3648,3217.093,BATCH_PIPELINE,op1,,1,const,,55
p3648,,,op2,op1,2,sqrt,,55
p3648,,,op3,op2,2,sqrt,,55
p3648,,,op4,op3,15,linear3,,37.5
p3648,,,op5,op4,20,linear7,,30
p3648,,,op6,op5,40,linear7,,20
p3648,,,op7,op6,5,linear3,,45
p3648,,,op8,op7,5,linear3,,45
p3648,,,op9,op8,15,linear3,,37.5
p3648,,,op10,op9,15,linear3,,37.5
p3649,3217.093,BATCH_PIPELINE,op1,,1,const,,55
p3649,,,op2,op1,20,linear7,,30
p3649,,,op3,op2,20,linear7,,30
p3649,,,op4,op3,20,linear7,,30
p3649,,,op5,op4,2,sqrt,,55
p3649,,,op6,op5,15,linear3,,37.5
p3649,,,op7,op6,80,squared,,10
p3649,,,op8,op7,80,squared,,10
p3649,,,op9,op8,15,linear3,,37.5
p3649,,,op10,op9,5,linear3,,45
p3650,3217.093,BATCH_PIPELINE,op1,,1,const,,55
p3650,,,op2,op1,5,linear3,,45
p3650,,,op3,op2,5,linear3,,45
p3650,,,op4,op3,20,linear7,,30
p3650,,,op5,op4,2,sqrt,,55
p3650,,,op6,op5,15,linear3,,37.5
p3650,,,op7,op6,5,linear3,,45
p3651,3224.108,BATCH_PIPELINE,op1,,1,const,,55
p3651,,,op2,op1,20,linear7,,30
p3651,,,op3,op2,1,const,,55
p3651,,,op4,op3,2,sqrt,,55
p3651,,,op5,op4,40,linear7,,20
p3651,,,op6,op5,15,linear3,,37.5
p3651,,,op7,op6,15,linear3,,37.5
p3651,,,op8,op7,40,linear7,,20
p3651,,,op9,op8,20,linear7,,30
p3652,3224.108,BATCH_PIPELINE,op1,,1,const,,55
p3652,,,op2,op1,2,sqrt,,55
p3652,,,op3,op1,15,linear3,,37.5
p3652,,,op4,op1,20,linear7,,30
p3652,,,op5,op1,5,linear3,,45
p3652,,,op6,op1,1,const,,55
p3652,,,op7,op1,1,const,,55
p3652,,,op8,op1,15,linear3,,37.5
p3652,,,op9,op1,5,linear3,,45
p3653,3224.108,BATCH_PIPELINE,op1,,1,const,,55
p3653,,,op2,op1,40,linear7,,20
p3653,,,op3,op2,15,linear3,,37.5
p3653,,,op4,op3,40,linear7,,20
p3653,,,op5,op4,5,linear3,,45
p3654,3224.108,BATCH_PIPELINE,op1,,1,const,,55
p3654,,,op2,op1,15,linear3,,37.5
p3654,,,op3,op2,5,linear3,,45
p3654,,,op4,op3,20,linear7,,30
p3654,,,op5,op4,40,linear7,,20
p3654,,,op6,op5,15,linear3,,37.5
p3654,,,op7,op6,5,linear3,,45
p3654,,,op8,op7,1,const,,55
p3654,,,op9,op8,15,linear3,,37.5
p3654,,,op10,op9,5,linear3,,45
p3655,3224.108,BATCH_PIPELINE,op1,,1,const,,55
p3655,,,op2,op1,2,sqrt,,55
p3655,,,op3,op2,1,const,,55
p3655,,,op4,op3,1,const,,55
p3655,,,op5,op4,2,sqrt,,55
p3655,,,op6,op5,40,linear7,,20
p3655,,,op7,op6,1,const,,55
p3655,,,op8,op7,1,const,,55
p3656,3224.108,BATCH_PIPELINE,op1,,1,const,,55
p3656,,,op2,op1,1,const,,55
p3656,,,op3,op2,2,sqrt,,55
p3656,,,op4,op3,20,linear7,,30
p3656,,,op5,op4,15,linear3,,37.5
p3656,,,op6,op5,2,sqrt,,55
p3656,,,op7,op6,20,linear7,,30
p3656,,,op8,op7,15,linear3,,37.5
p3656,,,op9,op8,5,linear3,,45
p3657,3224.108,BATCH_PIPELINE,op1,,1,const,,55
p3657,,,op2,op1,5,linear3,,45
p3657,,,op3,op2,2,sqrt,,55
p3657,,,op4,op3,5,linear3,,45
p3657,,,op5,op4,15,linear3,,37.5
p3657,,,op6,op5,20,linear7,,30
p3658,3224.108,BATCH_PIPELINE,op1,,1,const,,55
p3658,,,op2,op1,20,linear7,,30
p3658,,,op3,op2,5,linear3,,45
p3658,,,op4,op3,5,linear3,,45
p3658,,,op5,op4,20,linear7,,30
p3658,,,op6,op5,40,linear7,,20
p3659,3224.108,BATCH_PIPELINE,op1,,1,const,,55
p3659,,,op2,op1,5,linear3,,45
p3659,,,op3,op2,5,linear3,,45
p3659,,,op4,op3,40,linear7,,20
p3659,,,op5,op4,20,linear7,,30
p3659,,,op6,op5,80,squared,,10
p3659,,,op7,op6,5,linear3,,45
p3659,,,op8,op7,15,linear3,,37.5
p3660,3224.108,BATCH_PIPELINE,op1,,1,const,,55
p3660,,,op2,op1,15,linear3,,37.5
p3660,,,op3,op1,2,sqrt,,55
p3660,,,op4,op1,2,sqrt,,55
p3660,,,op5,op1,15,linear3,,37.5
p3660,,,op6,op1,40,linear7,,20
p3660,,,op7,op1,1,const,,55
p3660,,,op8,op1,1,const,,55
p3660,,,op9,op1,20,linear7,,30
p3661,3230.198,BATCH_PIPELINE,op1,,1,const,,55
p3661,,,op2,op1,5,linear3,,45
p3661,,,op3,op2,40,linear7,,20
p3661,,,op4,op3,2,sqrt,,55
p3661,,,op5,op4,1,const,,55
p3661,,,op6,op5,80,squared,,10
p3661,,,op7,op6,15,linear3,,37.5
p3661,,,op8,op7,20,linear7,,30
p3661,,,op9,op8,5,linear3,,45
p3661,,,op10,op9,5,linear3,,45
p3662,3230.198,BATCH_PIPELINE,op1,,1,const,,55
p3662,,,op2,op1,15,linear3,,37.5
p3662,,,op3,op2,40,linear7,,20
p3662,,,op4,op3,20,linear7,,30
p3662,,,op5,op4,2,sqrt,,55
p3662,,,op6,op5,5,linear3,,45
p3662,,,op7,op6,5,linear3,,45
p3662,,,op8,op7,20,linear7,,30
p3663,3230.198,BATCH_PIPELINE,op1,,1,const,,55
p3663,,,op2,op1,1,const,,55
p3663,,,op3,op1,2,sqrt,,55
p3663,,,op4,op1,5,linear3,,45
p3663,,,op5,op1,15,linear3,,37.5
p3663,,,op6,op1,20,linear7,,30
p3663,,,op7,op1,15,linear3,,37.5
p3663,,,op8,op1,1,const,,55
p3664,3230.198,BATCH_PIPELINE,op1,,1,const,,55
p3664,,,op2,op1,5,linear3,,45
p3664,,,op3,op2,15,linear3,,37.5
p3664,,,op4,op3,80,squared,,10
p3664,,,op5,op4,2,sqrt,,55
p3664,,,op6,op5,20,linear7,,30
p3664,,,op7,op6,2,sqrt,,55
p3664,,,op8,op7,1,const,,55
p3665,3230.198,INTERACTIVE,op1,,1,const,,55
p3665,,,op2,op1,5,linear3,,45
p3665,,,op3,op2,20,linear7,,30
p3665,,,op4,op3,15,linear3,,37.5
p3665,,,op5,op4,15,linear3,,37.5
p3665,,,op6,op5,5,linear3,,45
p3665,,,op7,op6,2,sqrt,,55
p3665,,,op8,op7,80,squared,,10
p3665,,,op9,op8,80,squared,,10
p3666,3230.198,BATCH_PIPELINE,op1,,1,const,,55
p3666,,,op2,op1,5,linear3,,45
p3666,,,op3,op2,40,linear7,,20
p3666,,,op4,op3,15,linear3,,37.5
p3666,,,op5,op4,5,linear3,,45
p3666,,,op6,op5,15,linear3,,37.5
p3667,3230.198,BATCH_PIPELINE,op1,,1,const,,55
p3667,,,op2,op1,5,linear3,,45
p3667,,,op3,op2,15,linear3,,37.5
p3667,,,op4,op3,1,const,,55
p3667,,,op5,op4,2,sqrt,,55
p3668,3230.198,QUERY,op1,,15,linear3,,35
p3669,3230.198,INTERACTIVE,op1,,1,const,,55
p3669,,,op2,op1,20,linear7,,30
p3669,,,op3,op2,40,linear7,,20
p3669,,,op4,op3,2,sqrt,,55
p3669,,,op5,op4,15,linear3,,37.5
p3670,3230.198,BATCH_PIPELINE,op1,,1,const,,55
p3670,,,op2,op1,5,linear3,,45
p3670,,,op3,op2,5,linear3,,45
p3670,,,op4,op3,15,linear3,,37.5
p3671,3235.689,BATCH_PIPELINE,op1,,1,const,,55
p3671,,,op2,op1,20,linear7,,30
p3671,,,op3,op2,5,linear3,,45
p3671,,,op4,op3,20,linear7,,30
p3671,,,op5,op4,2,sqrt,,55
p3671,,,op6,op5,15,linear3,,37.5
p3671,,,op7,op6,15,linear3,,37.5
p3671,,,op8,op7,15,linear3,,37.5
p3671,,,op9,op8,40,linear7,,20
p3671,,,op10,op9,80,squared,,10
p3672,3235.689,BATCH_PIPELINE,op1,,1,const,,55
p3672,,,op2,op1,40,linear7,,20
p3672,,,op3,op2,5,linear3,,45
p3672,,,op4,op3,80,squared,,10
p3672,,,op5,op4,1,const,,55
p3672,,,op6,op5,80,squared,,10
p3672,,,op7,op6,40,linear7,,20
p3672,,,op8,op7,1,const,,55
p3673,3235.689,BATCH_PIPELINE,op1,,1,const,,55
p3673,,,op2,op1,1,const,,55
p3673,,,op3,op2,5,linear3,,45
p3673,,,op4,op3,15,linear3,,37.5
p3673,,,op5,op4,20,linear7,,30
p3673,,,op6,op5,80,squared,,10
p3674,3235.689,BATCH_PIPELINE,op1,,1,const,,55
p3674,,,op2,op1,5,linear3,,45
p3675,3235.689,BATCH_PIPELINE,op1,,1,const,,55
p3675,,,op2,op1,2,sqrt,,55
p3675,,,op3,op2,20,linear7,,30
p3675,,,op4,op3,5,linear3,,45
p3675,,,op5,op4,80,squared,,10
p3675,,,op6,op5,5,linear3,,45
p3675,,,op7,op6,80,squared,,10
p3676,3235.689,BATCH_PIPELINE,op1,,1,const,,55
p3676,,,op2,,5,linear3,,45
p3676,,,op3,,5,linear3,,45
p3676,,,op4,op1;op2;op3,2,sqrt,,55
p3677,3235.689,BATCH_PIPELINE,op1,,1,const,,55
p3677,,,op2,op1,2,sqrt,,55
p3677,,,op3,op2,20,linear7,,30
p3677,,,op4,op3,40,linear7,,20
p3677,,,op5,op4,5,linear3,,45
p3677,,,op6,op5,40,linear7,,20
p3677,,,op7,op6,2,sqrt,,55
p3677,,,op8,op7,20,linear7,,30
p3677,,,op9,op8,15,linear3,,37.5
p3678,3235.689,BATCH_PIPELINE,op1,,1,const,,55
p3678,,,op2,op1,5,linear3,,45
p3678,,,op3,op1,15,linear3,,37.5
p3678,,,op4,op1,2,sqrt,,55
p3678,,,op5,op1,1,const,,55
p3678,,,op6,op1,5,linear3,,45
p3678,,,op7,op1,5,linear3,,45
p3678,,,op8,op1,2,sqrt,,55
p3678,,,op9,op1,40,linear7,,20
p3678,,,op10,op1,2,sqrt,,55
p3678,,,op11,op1,2,sqrt,,55
p3678,,,op12,op1,1,const,,55
p3679,3235.689,BATCH_PIPELINE,op1,,1,const,,55
p3679,,,op2,op1,20,linear7,,30
p3679,,,op3,op2,40,linear7,,20
p3679,,,op4,op3,5,linear3,,45
p3679,,,op5,op4,80,squared,,10
p3679,,,op6,op5,2,sqrt,,55
p3679,,,op7,op6,2,sqrt,,55
p3679,,,op8,op7,15,linear3,,37.5
p3679,,,op9,op8,15,linear3,,37.5
p3679,,,op10,op9,15,linear3,,37.5
p3680,3235.689,BATCH_PIPELINE,op1,,1,const,,55
p3680,,,op2,op1,40,linear7,,20
p3680,,,op3,op2,15,linear3,,37.5
p3680,,,op4,op3,20,linear7,,30
p3680,,,op5,op4,1,const,,55
p3680,,,op6,op5,80,squared,,10
p3680,,,op7,op6,1,const,,55
p3680,,,op8,op7,5,linear3,,45
p3681,3243.408,BATCH_PIPELINE,op1,,1,const,,55
p3681,,,op2,op1,5,linear3,,45
p3681,,,op3,op2,2,sqrt,,55
p3681,,,op4,op3,20,linear7,,30
p3681,,,op5,op4,2,sqrt,,55
p3681,,,op6,op5,15,linear3,,37.5
p3682,3243.408,BATCH_PIPELINE,op1,,1,const,,55
p3682,,,op2,op1,5,linear3,,45
p3682,,,op3,op2,5,linear3,,45
p3682,,,op4,op3,15,linear3,,37.5
p3682,,,op5,op4,80,squared,,10
p3682,,,op6,op5,5,linear3,,45
p3682,,,op7,op6,1,const,,55
p3682,,,op8,op7,5,linear3,,45
p3682,,,op9,op8,5,linear3,,45
p3682,,,op10,op9,5,linear3,,45
p3682,,,op11,op10,2,sqrt,,55
p3683,3243.408,BATCH_PIPELINE,op1,,1,const,,55
p3683,,,op2,,5,linear3,,45
p3683,,,op3,,80,squared,,10
p3683,,,op4,,2,sqrt,,55
p3683,,,op5,,20,linear7,,30
p3683,,,op6,,1,const,,55
p3683,,,op7,,20,linear7,,30
p3683,,,op8,,1,const,,55
p3683,,,op9,,20,linear7,,30
p3683,,,op10,,80,squared,,10
p3683,,,op11,,15,linear3,,37.5
p3683,,,op12,op1;op2;op3;op4;op5;op6;op7;op8;op9;op10;op11,1,const,,55
p3684,3243.408,BATCH_PIPELINE,op1,,1,const,,55
p3684,,,op2,op1,80,squared,,10
p3684,,,op3,op2,80,squared,,10
p3684,,,op4,op3,5,linear3,,45
p3684,,,op5,op4,2,sqrt,,55
p3684,,,op6,op5,1,const,,55
p3684,,,op7,op6,5,linear3,,45
p3684,,,op8,op7,20,linear7,,30
p3685,3243.408,BATCH_PIPELINE,op1,,1,const,,55
p3685,,,op2,op1,2,sqrt,,55
p3685,,,op3,op2,15,linear3,,37.5
p3685,,,op4,op3,2,sqrt,,55
p3685,,,op5,op4,15,linear3,,37.5
p3685,,,op6,op5,2,sqrt,,55
p3686,3243.408,BATCH_PIPELINE,op1,,1,const,,55
p3686,,,op2,op1,5,linear3,,45
p3686,,,op3,op2,2,sqrt,,55
p3686,,,op4,op3,20,linear7,,30
p3686,,,op5,op4,15,linear3,,37.5
p3686,,,op6,op5,20,linear7,,30
p3686,,,op7,op6,5,linear3,,45
p3686,,,op8,op7,15,linear3,,37.5
p3686,,,op9,op8,20,linear7,,30
p3687,3243.408,BATCH_PIPELINE,op1,,1,const,,55
p3687,,,op2,,15,linear3,,37.5
p3687,,,op3,,5,linear3,,45
p3687,,,op4,,1,const,,55
p3687,,,op5,,1,const,,55
p3687,,,op6,,15,linear3,,37.5
p3687,,,op7,,15,linear3,,37.5
p3687,,,op8,op1;op2;op3;op4;op5;op6;op7,5,linear3,,45
p3688,3243.408,BATCH_PIPELINE,op1,,1,const,,55
p3688,,,op2,op1,2,sqrt,,55
p3688,,,op3,op2,2,sqrt,,55
p3688,,,op4,op3,15,linear3,,37.5
p3688,,,op5,op4,2,sqrt,,55
p3688,,,op6,op5,1,const,,55
p3689,3243.408,BATCH_PIPELINE,op1,,1,const,,55
p3689,,,op2,,1,const,,55
p3689,,,op3,,20,linear7,,30
p3689,,,op4,,80,squared,,10
p3689,,,op5,,15,linear3,,37.5
p3689,,,op6,,15,linear3,,37.5
p3689,,,op7,,15,linear3,,37.5
p3689,,,op8,op1;op2;op3;op4;op5;op6;op7,1,const,,55
p3690,3243.408,BATCH_PIPELINE,op1,,1,const,,55
p3690,,,op2,op1,5,linear3,,45
p3690,,,op3,op2,1,const,,55
p3690,,,op4,op3,40,linear7,,20
p3690,,,op5,op4,20,linear7,,30
p3690,,,op6,op5,20,linear7,,30
p3690,,,op7,op6,2,sqrt,,55
p3690,,,op8,op7,15,linear3,,37.5
p3690,,,op9,op8,2,sqrt,,55
p3690,,,op10,op9,15,linear3,,37.5
p3691,3251.626,BATCH_PIPELINE,op1,,1,const,,55
p3691,,,op2,op1,15,linear3,,37.5
p3691,,,op3,op2,15,linear3,,37.5
p3691,,,op4,op3,5,linear3,,45
p3691,,,op5,op4,1,const,,55
p3691,,,op6,op5,20,linear7,,30
p3691,,,op7,op6,2,sqrt,,55
p3691,,,op8,op7,20,linear7,,30
p3691,,,op9,op8,2,sqrt,,55
p3692,3251.626,BATCH_PIPELINE,op1,,1,const,,55
p3692,,,op2,op1,15,linear3,,37.5
p3692,,,op3,op2,15,linear3,,37.5
p3692,,,op4,op3,15,linear3,,37.5
p3692,,,op5,op4,2,sqrt,,55
p3692,,,op6,op5,1,const,,55
p3692,,,op7,op6,20,linear7,,30
p3692,,,op8,op7,80,squared,,10
p3692,,,op9,op8,20,linear7,,30
p3693,3251.626,BATCH_PIPELINE,op1,,1,const,,55
p3693,,,op2,op1,20,linear7,,30
p3693,,,op3,op2,20,linear7,,30
p3693,,,op4,op3,40,linear7,,20
p3693,,,op5,op4,80,squared,,10
p3694,3251.626,BATCH_PIPELINE,op1,,1,const,,55
p3694,,,op2,op1,2,sqrt,,55
p3694,,,op3,op2,2,sqrt,,55
p3694,,,op4,op3,40,linear7,,20
p3694,,,op5,op4,2,sqrt,,55
p3695,3251.626,BATCH_PIPELINE,op1,,1,const,,55
p3695,,,op2,op1,40,linear7,,20
p3695,,,op3,op2,40,linear7,,20
p3695,,,op4,op3,40,linear7,,20
p3696,3251.626,INTERACTIVE,op1,,1,const,,55
p3696,,,op2,,5,linear3,,45
p3696,,,op3,,20,linear7,,30
p3696,,,op4,,40,linear7,,20
p3696,,,op5,,1,const,,55
p3696,,,op6,,2,sqrt,,55
p3696,,,op7,,15,linear3,,37.5
p3696,,,op8,,2,sqrt,,55
p3696,,,op9,,2,sqrt,,55
p3696,,,op10,op1;op2;op3;op4;op5;op6;op7;op8;op9,5,linear3,,45
p3697,3251.626,BATCH_PIPELINE,op1,,1,const,,55
p3697,,,op2,op1,15,linear3,,37.5
p3697,,,op3,op1,80,squared,,10
p3697,,,op4,op1,5,linear3,,45
p3697,,,op5,op1,15,linear3,,37.5
p3697,,,op6,op1,5,linear3,,45
p3697,,,op7,op1,1,const,,55
p3697,,,op8,op1,40,linear7,,20
p3697,,,op9,op1,5,linear3,,45
p3698,3251.626,BATCH_PIPELINE,op1,,1,const,,55
p3698,,,op2,op1,2,sqrt,,55
p3698,,,op3,op1,40,linear7,,20
p3698,,,op4,op1,20,linear7,,30
p3698,,,op5,op1,1,const,,55
p3698,,,op6,op1,5,linear3,,45
p3698,,,op7,op1,40,linear7,,20
p3699,3251.626,BATCH_PIPELINE,op1,,1,const,,55
p3699,,,op2,op1,2,sqrt,,55
p3699,,,op3,op2,20,linear7,,30
p3699,,,op4,op3,5,linear3,,45
p3699,,,op5,op4,5,linear3,,45
p3699,,,op6,op5,5,linear3,,45
p3699,,,op7,op6,20,linear7,,30
p3699,,,op8,op7,80,squared,,10
p3699,,,op9,op8,40,linear7,,20
p3700,3251.626,BATCH_PIPELINE,op1,,1,const,,55
p3700,,,op2,,80,squared,,10
p3700,,,op3,,40,linear7,,20
p3700,,,op4,,15,linear3,,37.5
p3700,,,op5,,5,linear3,,45
p3700,,,op6,op1;op2;op3;op4;op5,15,linear3,,37.5
p3701,3263.224,BATCH_PIPELINE,op1,,1,const,,55
p3701,,,op2,op1,80,squared,,10
p3701,,,op3,op2,2,sqrt,,55
p3701,,,op4,op3,2,sqrt,,55
p3701,,,op5,op4,15,linear3,,37.5
p3701,,,op6,op5,5,linear3,,45
p3701,,,op7,op6,40,linear7,,20
p3702,3263.224,BATCH_PIPELINE,op1,,1,const,,55
p3702,,,op2,,2,sqrt,,55
p3702,,,op3,,20,linear7,,30
p3702,,,op4,,20,linear7,,30
p3702,,,op5,op1;op2;op3;op4,5,linear3,,45
p3703,3263.224,BATCH_PIPELINE,op1,,1,const,,55
p3703,,,op2,op1,1,const,,55
p3703,,,op3,op2,15,linear3,,37.5
p3703,,,op4,op3,15,linear3,,37.5
p3703,,,op5,op4,2,sqrt,,55
p3704,3263.224,INTERACTIVE,op1,,1,const,,55
p3704,,,op2,op1,5,linear3,,45
p3704,,,op3,op2,20,linear7,,30
p3704,,,op4,op3,15,linear3,,37.5
p3704,,,op5,op4,1,const,,55
p3704,,,op6,op5,5,linear3,,45
p3704,,,op7,op6,5,linear3,,45
p3704,,,op8,op7,15,linear3,,37.5
p3704,,,op9,op8,15,linear3,,37.5
p3704,,,op10,op9,80,squared,,10
p3705,3263.224,BATCH_PIPELINE,op1,,1,const,,55
p3705,,,op2,op1,80,squared,,10
p3705,,,op3,op2,5,linear3,,45
p3705,,,op4,op3,5,linear3,,45
p3706,3263.224,BATCH_PIPELINE,op1,,1,const,,55
p3706,,,op2,op1,1,const,,55
p3706,,,op3,op1,2,sqrt,,55
p3706,,,op4,op1,15,linear3,,37.5
p3706,,,op5,op1,20,linear7,,30
p3706,,,op6,op1,5,linear3,,45
p3706,,,op7,op1,5,linear3,,45
p3706,,,op8,op1,15,linear3,,37.5
p3706,,,op9,op1,2,sqrt,,55
p3707,3263.224,QUERY,op1,,15,linear3,,35
p3708,3263.224,INTERACTIVE,op1,,1,const,,55
p3708,,,op2,op1,2,sqrt,,55
p3708,,,op3,op2,2,sqrt,,55
p3708,,,op4,op3,5,linear3,,45
p3708,,,op5,op4,80,squared,,10
p3709,3263.224,BATCH_PIPELINE,op1,,1,const,,55
p3709,,,op2,op1,40,linear7,,20
p3709,,,op3,op2,80,squared,,10
p3709,,,op4,op3,5,linear3,,45
p3709,,,op5,op4,20,linear7,,30
p3709,,,op6,op5,15,linear3,,37.5
p3709,,,op7,op6,5,linear3,,45
p3710,3263.224,BATCH_PIPELINE,op1,,1,const,,55
p3710,,,op2,op1,20,linear7,,30
p3710,,,op3,op2,2,sqrt,,55
p3710,,,op4,op3,20,linear7,,30
p3711,3268.335,BATCH_PIPELINE,op1,,1,const,,55
p3711,,,op2,op1,2,sqrt,,55
p3711,,,op3,op2,1,const,,55
p3711,,,op4,op3,15,linear3,,37.5
p3711,,,op5,op4,40,linear7,,20
p3711,,,op6,op5,15,linear3,,37.5
p3711,,,op7,op6,5,linear3,,45
p3711,,,op8,op7,1,const,,55
p3711,,,op9,op8,15,linear3,,37.5
p3711,,,op10,op9,2,sqrt,,55
p3712,3268.335,BATCH_PIPELINE,op1,,1,const,,55
p3712,,,op2,op1,1,const,,55
p3712,,,op3,op2,15,linear3,,37.5
p3712,,,op4,op3,5,linear3,,45
p3712,,,op5,op4,5,linear3,,45
p3712,,,op6,op5,15,linear3,,37.5
p3712,,,op7,op6,15,linear3,,37.5
p3712,,,op8,op7,2,sqrt,,55
p3712,,,op9,op8,5,linear3,,45
p3712,,,op10,op9,15,linear3,,37.5
p3712,,,op11,op10,15,linear3,,37.5
p3713,3268.335,BATCH_PIPELINE,op1,,1,const,,55
p3713,,,op2,op1,40,linear7,,20
p3713,,,op3,op2,15,linear3,,37.5
p3713,,,op4,op3,5,linear3,,45
p3713,,,op5,op4,5,linear3,,45
p3713,,,op6,op5,2,sqrt,,55
p3714,3268.335,BATCH_PIPELINE,op1,,1,const,,55
p3714,,,op2,op1,2,sqrt,,55
p3714,,,op3,op2,15,linear3,,37.5
p3714,,,op4,op3,5,linear3,,45
p3714,,,op5,op4,80,squared,,10
p3714,,,op6,op5,20,linear7,,30
p3714,,,op7,op6,20,linear7,,30
p3715,3268.335,BATCH_PIPELINE,op1,,1,const,,55
p3715,,,op2,op1,15,linear3,,37.5
p3715,,,op3,op2,15,linear3,,37.5
p3715,,,op4,op3,1,const,,55
p3715,,,op5,op4,5,linear3,,45
p3715,,,op6,op5,1,const,,55
p3716,3268.335,BATCH_PIPELINE,op1,,1,const,,55
p3716,,,op2,op1,1,const,,55
p3716,,,op3,op1,20,linear7,,30
p3716,,,op4,op1,20,linear7,,30
p3716,,,op5,op1,80,squared,,10
p3716,,,op6,op1,80,squared,,10
p3717,3268.335,QUERY,op1,,15,linear3,,35
p3718,3268.335,BATCH_PIPELINE,op1,,1,const,,55
p3718,,,op2,op1,5,linear3,,45
p3718,,,op3,op1,20,linear7,,30
p3718,,,op4,op1,80,squared,,10
p3718,,,op5,op1,40,linear7,,20
p3718,,,op6,op1,15,linear3,,37.5
p3718,,,op7,op1,20,linear7,,30
p3718,,,op8,op1,20,linear7,,30
p3719,3268.335,BATCH_PIPELINE,op1,,1,const,,55
p3719,,,op2,op1,2,sqrt,,55
p3719,,,op3,op2,20,linear7,,30
p3719,,,op4,op3,20,linear7,,30
p3719,,,op5,op4,5,linear3,,45
p3719,,,op6,op5,15,linear3,,37.5
p3719,,,op7,op6,40,linear7,,20
p3719,,,op8,op7,15,linear3,,37.5
p3719,,,op9,op8,5,linear3,,45
p3720,3268.335,BATCH_PIPELINE,op1,,1,const,,55
p3720,,,op2,op1,5,linear3,,45
p3720,,,op3,op2,15,linear3,,37.5
p3720,,,op4,op3,5,linear3,,45
p3720,,,op5,op4,5,linear3,,45
p3720,,,op6,op5,2,sqrt,,55
p3720,,,op7,op6,15,linear3,,37.5
p3721,3276.172,BATCH_PIPELINE,op1,,1,const,,55
p3721,,,op2,op1,5,linear3,,45
p3721,,,op3,op2,15,linear3,,37.5
p3721,,,op4,op3,80,squared,,10
p3721,,,op5,op4,2,sqrt,,55
p3721,,,op6,op5,15,linear3,,37.5
p3721,,,op7,op6,1,const,,55
p3722,3276.172,BATCH_PIPELINE,op1,,1,const,,55
p3722,,,op2,op1,1,const,,55
p3722,,,op3,op2,20,linear7,,30
p3722,,,op4,op3,1,const,,55
p3722,,,op5,op4,15,linear3,,37.5
p3722,,,op6,op5,5,linear3,,45
p3722,,,op7,op6,5,linear3,,45
p3723,3276.172,BATCH_PIPELINE,op1,,1,const,,55
p3723,,,op2,op1,20,linear7,,30
p3723,,,op3,op2,5,linear3,,45
p3723,,,op4,op3,20,linear7,,30
p3723,,,op5,op4,5,linear3,,45
p3723,,,op6,op5,20,linear7,,30
p3724,3276.172,BATCH_PIPELINE,op1,,1,const,,55
p3724,,,op2,op1,40,linear7,,20
p3724,,,op3,op1,2,sqrt,,55
p3724,,,op4,op1,20,linear7,,30
p3724,,,op5,op1,15,linear3,,37.5
p3724,,,op6,op1,5,linear3,,45
p3725,3276.172,BATCH_PIPELINE,op1,,1,const,,55
p3725,,,op2,op1,15,linear3,,37.5
p3725,,,op3,op2,80,squared,,10
p3725,,,op4,op3,1,const,,55
p3725,,,op5,op4,1,const,,55
p3725,,,op6,op5,5,linear3,,45
p3725,,,op7,op6,80,squared,,10
p3725,,,op8,op7,40,linear7,,20
p3725,,,op9,op8,1,const,,55
p3725,,,op10,op9,5,linear3,,45
p3726,3276.172,BATCH_PIPELINE,op1,,1,const,,55
p3726,,,op2,,40,linear7,,20
p3726,,,op3,,15,linear3,,37.5
p3726,,,op4,,5,linear3,,45
p3726,,,op5,,15,linear3,,37.5
p3726,,,op6,,20,linear7,,30
p3726,,,op7,op1;op2;op3;op4;op5;op6,80,squared,,10
p3727,3276.172,INTERACTIVE,op1,,1,const,,55
p3727,,,op2,op1,40,linear7,,20
p3727,,,op3,op1,15,linear3,,37.5
p3727,,,op4,op1,80,squared,,10
p3727,,,op5,op1,20,linear7,,30
p3727,,,op6,op1,5,linear3,,45
p3727,,,op7,op1,20,linear7,,30
p3727,,,op8,op1,40,linear7,,20
p3727,,,op9,op1,15,linear3,,37.5
p3727,,,op10,op1,1,const,,55
p3727,,,op11,op1,15,linear3,,37.5
p3728,3276.172,INTERACTIVE,op1,,1,const,,55
p3728,,,op2,op1,80,squared,,10
p3728,,,op3,op1,1,const,,55
p3728,,,op4,op1,15,linear3,,37.5
p3728,,,op5,op1,15,linear3,,37.5
p3728,,,op6,op1,80,squared,,10
p3728,,,op7,op1,15,linear3,,37.5
p3729,3276.172,BATCH_PIPELINE,op1,,1,const,,55
p3729,,,op2,op1,80,squared,,10
p3729,,,op3,op2,1,const,,55
p3729,,,op4,op3,2,sqrt,,55
p3729,,,op5,op4,20,linear7,,30
p3729,,,op6,op5,15,linear3,,37.5
p3729,,,op7,op6,5,linear3,,45
p3729,,,op8,op7,15,linear3,,37.5
p3730,3276.172,INTERACTIVE,op1,,1,const,,55
p3730,,,op2,op1,20,linear7,,30
p3730,,,op3,op1,15,linear3,,37.5
p3730,,,op4,op1,20,linear7,,30
p3730,,,op5,op1,5,linear3,,45
p3730,,,op6,op1,2,sqrt,,55
p3730,,,op7,op1,20,linear7,,30
p3730,,,op8,op1,20,linear7,,30
p3731,3288.357,BATCH_PIPELINE,op1,,1,const,,55
p3731,,,op2,op1,5,linear3,,45
p3731,,,op3,op2,1,const,,55
p3731,,,op4,op3,2,sqrt,,55
p3731,,,op5,op4,15,linear3,,37.5
p3731,,,op6,op5,5,linear3,,45
p3731,,,op7,op6,2,sqrt,,55
p3732,3288.357,BATCH_PIPELINE,op1,,1,const,,55
p3732,,,op2,,1,const,,55
p3732,,,op3,,15,linear3,,37.5
p3732,,,op4,,1,const,,55
p3732,,,op5,,1,const,,55
p3732,,,op6,,20,linear7,,30
p3732,,,op7,,1,const,,55
p3732,,,op8,,5,linear3,,45
p3732,,,op9,,1,const,,55
p3732,,,op10,,15,linear3,,37.5
p3732,,,op11,,40,linear7,,20
p3732,,,op12,op1;op2;op3;op4;op5;op6;op7;op8;op9;op10;op11,2,sqrt,,55
p3733,3288.357,BATCH_PIPELINE,op1,,1,const,,55
p3733,,,op2,op1,2,sqrt,,55
p3733,,,op3,op1,20,linear7,,30
p3733,,,op4,op1,1,const,,55
p3733,,,op5,op1,5,linear3,,45
p3733,,,op6,op1,20,linear7,,30
p3734,3288.357,BATCH_PIPELINE,op1,,1,const,,55
p3734,,,op2,op1,5,linear3,,45
p3734,,,op3,op2,40,linear7,,20
p3734,,,op4,op3,2,sqrt,,55
p3734,,,op5,op4,2,sqrt,,55
p3734,,,op6,op5,40,linear7,,20
p3734,,,op7,op6,15,linear3,,37.5
p3734,,,op8,op7,15,linear3,,37.5
p3735,3288.357,BATCH_PIPELINE,op1,,1,const,,55
p3735,,,op2,op1,15,linear3,,37.5
p3735,,,op3,op2,15,linear3,,37.5
p3735,,,op4,op3,2,sqrt,,55
p3735,,,op5,op4,2,sqrt,,55
p3735,,,op6,op5,15,linear3,,37.5
p3735,,,op7,op6,1,const,,55
p3736,3288.357,BATCH_PIPELINE,op1,,1,const,,55
p3736,,,op2,op1,20,linear7,,30
p3736,,,op3,op2,20,linear7,,30
p3736,,,op4,op3,2,sqrt,,55
p3736,,,op5,op4,20,linear7,,30
p3736,,,op6,op5,5,linear3,,45
p3736,,,op7,op6,80,squared,,10
p3737,3288.357,BATCH_PIPELINE,op1,,1,const,,55
p3737,,,op2,op1,20,linear7,,30
p3737,,,op3,op2,40,linear7,,20
p3737,,,op4,op3,15,linear3,,37.5
p3738,3288.357,BATCH_PIPELINE,op1,,1,const,,55
p3738,,,op2,op1,5,linear3,,45
p3738,,,op3,op2,20,linear7,,30
p3738,,,op4,op3,20,linear7,,30
p3738,,,op5,op4,20,linear7,,30
p3738,,,op6,op5,20,linear7,,30
p3738,,,op7,op6,1,const,,55
p3739,3288.357,BATCH_PIPELINE,op1,,1,const,,55
p3739,,,op2,op1,5,linear3,,45
p3739,,,op3,op2,40,linear7,,20
p3739,,,op4,op3,15,linear3,,37.5
p3739,,,op5,op4,5,linear3,,45
p3739,,,op6,op5,1,const,,55
p3740,3288.357,BATCH_PIPELINE,op1,,1,const,,55
p3740,,,op2,op1,80,squared,,10
p3740,,,op3,op2,2,sqrt,,55
p3740,,,op4,op3,5,linear3,,45
p3740,,,op5,op4,15,linear3,,37.5
p3740,,,op6,op5,1,const,,55
p3741,3293.483,BATCH_PIPELINE,op1,,1,const,,55
p3741,,,op2,op1,2,sqrt,,55
p3741,,,op3,op2,20,linear7,,30
p3741,,,op4,op3,1,const,,55
p3741,,,op5,op4,15,linear3,,37.5
p3741,,,op6,op5,15,linear3,,37.5
p3741,,,op7,op6,15,linear3,,37.5
p3742,3293.483,BATCH_PIPELINE,op1,,1,const,,55
p3742,,,op2,op1,40,linear7,,20
p3742,,,op3,op2,5,linear3,,45
p3742,,,op4,op3,40,linear7,,20
p3742,,,op5,op4,40,linear7,,20
p3742,,,op6,op5,1,const,,55
p3743,3293.483,BATCH_PIPELINE,op1,,1,const,,55
p3743,,,op2,op1,20,linear7,,30
p3743,,,op3,op2,20,linear7,,30
p3743,,,op4,op3,15,linear3,,37.5
p3743,,,op5,op4,2,sqrt,,55
p3743,,,op6,op5,15,linear3,,37.5
p3744,3293.483,BATCH_PIPELINE,op1,,1,const,,55
p3744,,,op2,,40,linear7,,20
p3744,,,op3,,5,linear3,,45
p3744,,,op4,,15,linear3,,37.5
p3744,,,op5,,15,linear3,,37.5
p3744,,,op6,,15,linear3,,37.5
p3744,,,op7,,15,linear3,,37.5
p3744,,,op8,op1;op2;op3;op4;op5;op6;op7,15,linear3,,37.5
p3745,3293.483,BATCH_PIPELINE,op1,,1,const,,55
p3745,,,op2,op1,15,linear3,,37.5
p3745,,,op3,op2,5,linear3,,45
p3745,,,op4,op3,15,linear3,,37.5
p3745,,,op5,op4,5,linear3,,45
p3745,,,op6,op5,5,linear3,,45
p3745,,,op7,op6,1,const,,55
p3745,,,op8,op7,40,linear7,,20
p3746,3293.483,BATCH_PIPELINE,op1,,1,const,,55
p3746,,,op2,op1,80,squared,,10
p3746,,,op3,op2,2,sqrt,,55
p3746,,,op4,op3,1,const,,55
p3746,,,op5,op4,80,squared,,10
p3746,,,op6,op5,15,linear3,,37.5
p3747,3293.483,INTERACTIVE,op1,,1,const,,55
p3747,,,op2,op1,80,squared,,10
p3747,,,op3,op2,5,linear3,,45
p3747,,,op4,op3,20,linear7,,30
p3747,,,op5,op4,80,squared,,10
p3747,,,op6,op5,80,squared,,10
p3747,,,op7,op6,40,linear7,,20
p3747,,,op8,op7,5,linear3,,45
p3748,3293.483,BATCH_PIPELINE,op1,,1,const,,55
p3748,,,op2,,15,linear3,,37.5
p3748,,,op3,op1;op2,20,linear7,,30
p3749,3293.483,BATCH_PIPELINE,op1,,1,const,,55
p3749,,,op2,op1,15,linear3,,37.5
p3749,,,op3,op2,40,linear7,,20
p3749,,,op4,op3,15,linear3,,37.5
p3749,,,op5,op4,40,linear7,,20
p3749,,,op6,op5,20,linear7,,30
p3749,,,op7,op6,15,linear3,,37.5
p3749,,,op8,op7,1,const,,55
p3749,,,op9,op8,40,linear7,,20
p3750,3293.483,QUERY,op1,,15,linear3,,35
p3751,3304.064,BATCH_PIPELINE,op1,,1,const,,55
p3751,,,op2,op1,5,linear3,,45
p3751,,,op3,op2,20,linear7,,30
p3751,,,op4,op3,2,sqrt,,55
p3751,,,op5,op4,20,linear7,,30
p3751,,,op6,op5,15,linear3,,37.5
p3751,,,op7,op6,2,sqrt,,55
p3751,,,op8,op7,15,linear3,,37.5
p3752,3304.064,BATCH_PIPELINE,op1,,1,const,,55
p3752,,,op2,op1,15,linear3,,37.5
p3752,,,op3,op2,1,const,,55
p3752,,,op4,op3,15,linear3,,37.5
p3752,,,op5,op4,5,linear3,,45
p3752,,,op6,op5,5,linear3,,45
p3752,,,op7,op6,1,const,,55
p3753,3304.064,BATCH_PIPELINE,op1,,1,const,,55
p3753,,,op2,op1,1,const,,55
p3753,,,op3,op2,2,sqrt,,55
p3753,,,op4,op3,2,sqrt,,55
p3753,,,op5,op4,15,linear3,,37.5
p3753,,,op6,op5,40,linear7,,20
p3754,3304.064,BATCH_PIPELINE,op1,,1,const,,55
p3754,,,op2,op1,2,sqrt,,55
p3754,,,op3,op2,20,linear7,,30
p3754,,,op4,op3,5,linear3,,45
p3754,,,op5,op4,1,const,,55
p3755,3304.064,BATCH_PIPELINE,op1,,1,const,,55
p3755,,,op2,op1,15,linear3,,37.5
p3755,,,op3,op2,1,const,,55
p3755,,,op4,op3,1,const,,55
p3755,,,op5,op4,1,const,,55
p3755,,,op6,op5,15,linear3,,37.5
p3755,,,op7,op6,5,linear3,,45
p3755,,,op8,op7,20,linear7,,30
p3755,,,op9,op8,5,linear3,,45
p3755,,,op10,op9,40,linear7,,20
p3756,3304.064,BATCH_PIPELINE,op1,,1,const,,55
p3756,,,op2,op1,1,const,,55
p3756,,,op3,op2,80,squared,,10
p3756,,,op4,op3,2,sqrt,,55
p3756,,,op5,op4,1,const,,55
p3756,,,op6,op5,15,linear3,,37.5
p3756,,,op7,op6,1,const,,55
p3757,3304.064,BATCH_PIPELINE,op1,,1,const,,55
p3757,,,op2,op1,20,linear7,,30
p3757,,,op3,op2,40,linear7,,20
p3757,,,op4,op3,15,linear3,,37.5
p3757,,,op5,op4,2,sqrt,,55
p3757,,,op6,op5,2,sqrt,,55
p3757,,,op7,op6,5,linear3,,45
p3758,3304.064,BATCH_PIPELINE,op1,,1,const,,55
p3758,,,op2,op1,80,squared,,10
p3758,,,op3,op2,15,linear3,,37.5
p3758,,,op4,op3,2,sqrt,,55
p3758,,,op5,op4,20,linear7,,30
p3758,,,op6,op5,5,linear3,,45
p3758,,,op7,op6,15,linear3,,37.5
p3759,3304.064,BATCH_PIPELINE,op1,,1,const,,55
p3759,,,op2,op1,80,squared,,10
p3759,,,op3,op2,2,sqrt,,55
p3759,,,op4,op3,40,linear7,,20
p3759,,,op5,op4,5,linear3,,45
p3759,,,op6,op5,80,squared,,10
p3759,,,op7,op6,2,sqrt,,55
p3760,3304.064,BATCH_PIPELINE,op1,,1,const,,55
p3760,,,op2,op1,20,linear7,,30
p3760,,,op3,op2,2,sqrt,,55
p3760,,,op4,op3,15,linear3,,37.5
p3760,,,op5,op4,15,linear3,,37.5
p3760,,,op6,op5,2,sqrt,,55
p3760,,,op7,op6,20,linear7,,30
p3760,,,op8,op7,2,sqrt,,55
p3760,,,op9,op8,1,const,,55
p3760,,,op10,op9,1,const,,55
p3760,,,op11,op10,80,squared,,10
p3761,3311.916,INTERACTIVE,op1,,1,const,,55
p3761,,,op2,op1,1,const,,55
p3761,,,op3,op2,2,sqrt,,55
p3761,,,op4,op3,5,linear3,,45
p3761,,,op5,op4,15,linear3,,37.5
p3762,3311.916,BATCH_PIPELINE,op1,,1,const,,55
p3762,,,op2,op1,2,sqrt,,55
p3762,,,op3,op2,2,sqrt,,55
p3762,,,op4,op3,1,const,,55
p3762,,,op5,op4,2,sqrt,,55
p3762,,,op6,op5,1,const,,55
p3763,3311.916,BATCH_PIPELINE,op1,,1,const,,55
p3763,,,op2,,2,sqrt,,55
p3763,,,op3,,1,const,,55
p3763,,,op4,,40,linear7,,20
p3763,,,op5,op1;op2;op3;op4,80,squared,,10
p3764,3311.916,BATCH_PIPELINE,op1,,1,const,,55
p3764,,,op2,op1,80,squared,,10
p3764,,,op3,op1,5,linear3,,45
p3764,,,op4,op1,1,const,,55
p3764,,,op5,op1,40,linear7,,20
p3765,3311.916,INTERACTIVE,op1,,1,const,,55
p3765,,,op2,op1,5,linear3,,45
p3765,,,op3,op1,40,linear7,,20
p3765,,,op4,op1,5,linear3,,45
p3765,,,op5,op1,80,squared,,10
p3765,,,op6,op1,1,const,,55
p3765,,,op7,op1,15,linear3,,37.5
p3765,,,op8,op1,80,squared,,10
p3765,,,op9,op1,2,sqrt,,55
p3766,3311.916,BATCH_PIPELINE,op1,,1,const,,55
p3766,,,op2,op1,5,linear3,,45
p3766,,,op3,op2,2,sqrt,,55
p3766,,,op4,op3,15,linear3,,37.5
p3766,,,op5,op4,5,linear3,,45
p3766,,,op6,op5,1,const,,55
p3766,,,op7,op6,40,linear7,,20
p3766,,,op8,op7,2,sqrt,,55
p3766,,,op9,op8,1,const,,55
p3767,3311.916,INTERACTIVE,op1,,1,const,,55
p3767,,,op2,op1,2,sqrt,,55
p3767,,,op3,op2,20,linear7,,30
p3767,,,op4,op3,80,squared,,10
p3767,,,op5,op4,15,linear3,,37.5
p3767,,,op6,op5,1,const,,55
p3768,3311.916,BATCH_PIPELINE,op1,,1,const,,55
p3768,,,op2,op1,1,const,,55
p3768,,,op3,op1,1,const,,55
p3768,,,op4,op1,15,linear3,,37.5
p3768,,,op5,op1,80,squared,,10
p3768,,,op6,op1,1,const,,55
p3768,,,op7,op1,20,linear7,,30
p3768,,,op8,op1,5,linear3,,45
p3769,3311.916,BATCH_PIPELINE,op1,,1,const,,55
p3769,,,op2,op1,20,linear7,,30
p3769,,,op3,op2,15,linear3,,37.5
p3769,,,op4,op3,15,linear3,,37.5
p3769,,,op5,op4,5,linear3,,45
p3769,,,op6,op5,15,linear3,,37.5
p3769,,,op7,op6,20,linear7,,30
p3769,,,op8,op7,80,squared,,10
p3769,,,op9,op8,5,linear3,,45
p3769,,,op10,op9,15,linear3,,37.5
p3769,,,op11,op10,15,linear3,,37.5
p3770,3311.916,BATCH_PIPELINE,op1,,1,const,,55
p3770,,,op2,op1,20,linear7,,30
p3770,,,op3,op1,40,linear7,,20
p3770,,,op4,op1,40,linear7,,20
p3770,,,op5,op1,80,squared,,10
p3770,,,op6,op1,1,const,,55
p3770,,,op7,op1,20,linear7,,30
p3770,,,op8,op1,1,const,,55
p3770,,,op9,op1,40,linear7,,20
p3770,,,op10,op1,20,linear7,,30
p3770,,,op11,op1,5,linear3,,45
p3770,,,op12,op1,1,const,,55
p3771,3320.884,BATCH_PIPELINE,op1,,1,const,,55
p3771,,,op2,op1,2,sqrt,,55
p3771,,,op3,op2,15,linear3,,37.5
p3771,,,op4,op3,2,sqrt,,55
p3771,,,op5,op4,20,linear7,,30
p3771,,,op6,op5,15,linear3,,37.5
p3771,,,op7,op6,1,const,,55
p3772,3320.884,BATCH_PIPELINE,op1,,1,const,,55
p3772,,,op2,,40,linear7,,20
p3772,,,op3,,2,sqrt,,55
p3772,,,op4,,80,squared,,10
p3772,,,op5,,1,const,,55
p3772,,,op6,,15,linear3,,37.5
p3772,,,op7,,20,linear7,,30
p3772,,,op8,op1;op2;op3;op4;op5;op6;op7,80,squared,,10
p3773,3320.884,BATCH_PIPELINE,op1,,1,const,,55
p3773,,,op2,op1,20,linear7,,30
p3773,,,op3,op2,15,linear3,,37.5
p3773,,,op4,op3,2,sqrt,,55
p3773,,,op5,op4,5,linear3,,45
p3773,,,op6,op5,80,squared,,10
p3773,,,op7,op6,20,linear7,,30
p3773,,,op8,op7,80,squared,,10
p3773,,,op9,op8,2,sqrt,,55
p3773,,,op10,op9,5,linear3,,45
p3774,3320.884,BATCH_PIPELINE,op1,,1,const,,55
p3774,,,op2,op1,20,linear7,,30
p3774,,,op3,op2,20,linear7,,30
p3774,,,op4,op3,1,const,,55
p3774,,,op5,op4,20,linear7,,30
p3774,,,op6,op5,40,linear7,,20
p3774,,,op7,op6,15,linear3,,37.5
p3774,,,op8,op7,1,const,,55
p3774,,,op9,op8,5,linear3,,45
p3775,3320.884,BATCH_PIPELINE,op1,,1,const,,55
p3775,,,op2,op1,20,linear7,,30
p3775,,,op3,op2,15,linear3,,37.5
p3775,,,op4,op3,15,linear3,,37.5
p3775,,,op5,op4,15,linear3,,37.5
p3775,,,op6,op5,15,linear3,,37.5
p3776,3320.884,BATCH_PIPELINE,op1,,1,const,,55
p3776,,,op2,op1,80,squared,,10
p3776,,,op3,op2,20,linear7,,30
p3776,,,op4,op3,80,squared,,10
p3776,,,op5,op4,1,const,,55
p3776,,,op6,op5,5,linear3,,45
p3776,,,op7,op6,80,squared,,10
p3777,3320.884,INTERACTIVE,op1,,1,const,,55
p3777,,,op2,,80,squared,,10
p3777,,,op3,,5,linear3,,45
p3777,,,op4,,20,linear7,,30
p3777,,,op5,,20,linear7,,30
p3777,,,op6,op1;op2;op3;op4;op5,1,const,,55
p3778,3320.884,BATCH_PIPELINE,op1,,1,const,,55
p3778,,,op2,op1,80,squared,,10
p3778,,,op3,op2,5,linear3,,45
p3778,,,op4,op3,5,linear3,,45
p3778,,,op5,op4,80,squared,,10
p3778,,,op6,op5,2,sqrt,,55
p3779,3320.884,BATCH_PIPELINE,op1,,1,const,,55
p3779,,,op2,op1,15,linear3,,37.5
p3779,,,op3,op2,80,squared,,10
p3779,,,op4,op3,1,const,,55
p3779,,,op5,op4,5,linear3,,45
p3779,,,op6,op5,1,const,,55
p3779,,,op7,op6,15,linear3,,37.5
p3779,,,op8,op7,5,linear3,,45
p3779,,,op9,op8,1,const,,55
p3779,,,op10,op9,20,linear7,,30
p3780,3320.884,QUERY,op1,,15,linear3,,35
p3781,3327.068,BATCH_PIPELINE,op1,,1,const,,55
p3781,,,op2,op1,15,linear3,,37.5
p3781,,,op3,op2,40,linear7,,20
p3781,,,op4,op3,20,linear7,,30
p3781,,,op5,op4,2,sqrt,,55
p3781,,,op6,op5,15,linear3,,37.5
p3781,,,op7,op6,1,const,,55
p3781,,,op8,op7,15,linear3,,37.5
p3782,3327.068,BATCH_PIPELINE,op1,,1,const,,55
p3782,,,op2,op1,1,const,,55
p3782,,,op3,op2,1,const,,55
p3782,,,op4,op3,2,sqrt,,55
p3782,,,op5,op4,5,linear3,,45
p3783,3327.068,BATCH_PIPELINE,op1,,1,const,,55
p3783,,,op2,op1,15,linear3,,37.5
p3783,,,op3,op2,15,linear3,,37.5
p3783,,,op4,op3,40,linear7,,20
p3783,,,op5,op4,1,const,,55
p3783,,,op6,op5,20,linear7,,30
p3783,,,op7,op6,5,linear3,,45
p3783,,,op8,op7,20,linear7,,30
p3783,,,op9,op8,20,linear7,,30
p3784,3327.068,INTERACTIVE,op1,,1,const,,55
p3784,,,op2,op1,40,linear7,,20
p3784,,,op3,op2,15,linear3,,37.5
p3784,,,op4,op3,5,linear3,,45
p3784,,,op5,op4,80,squared,,10
p3784,,,op6,op5,40,linear7,,20
p3784,,,op7,op6,5,linear3,,45
p3784,,,op8,op7,40,linear7,,20
p3784,,,op9,op8,15,linear3,,37.5
p3784,,,op10,op9,5,linear3,,45
p3784,,,op11,op10,5,linear3,,45
p3785,3327.068,BATCH_PIPELINE,op1,,1,const,,55
p3785,,,op2,op1,20,linear7,,30
p3785,,,op3,op2,15,linear3,,37.5
p3785,,,op4,op3,80,squared,,10
p3785,,,op5,op4,15,linear3,,37.5
p3785,,,op6,op5,40,linear7,,20
p3786,3327.068,BATCH_PIPELINE,op1,,1,const,,55
p3786,,,op2,,1,const,,55
p3786,,,op3,,15,linear3,,37.5
p3786,,,op4,,5,linear3,,45
p3786,,,op5,,15,linear3,,37.5
p3786,,,op6,,5,linear3,,45
p3786,,,op7,,5,linear3,,45
p3786,,,op8,,2,sqrt,,55
p3786,,,op9,,15,linear3,,37.5
p3786,,,op10,,40,linear7,,20
p3786,,,op11,op1;op2;op3;op4;op5;op6;op7;op8;op9;op10,5,linear3,,45
p3787,3327.068,BATCH_PIPELINE,op1,,1,const,,55
p3787,,,op2,op1,5,linear3,,45
p3787,,,op3,op2,15,linear3,,37.5
p3787,,,op4,op3,40,linear7,,20
p3787,,,op5,op4,1,const,,55
p3787,,,op6,op5,15,linear3,,37.5
p3788,3327.068,BATCH_PIPELINE,op1,,1,const,,55
p3788,,,op2,op1,5,linear3,,45
p3788,,,op3,op1,20,linear7,,30
p3788,,,op4,op1,5,linear3,,45
p3788,,,op5,op1,20,linear7,,30
p3789,3327.068,BATCH_PIPELINE,op1,,1,const,,55
p3789,,,op2,op1,15,linear3,,37.5
p3789,,,op3,op2,2,sqrt,,55
p3789,,,op4,op3,5,linear3,,45
p3789,,,op5,op4,5,linear3,,45
p3789,,,op6,op5,1,const,,55
p3789,,,op7,op6,20,linear7,,30
p3790,3327.068,BATCH_PIPELINE,op1,,1,const,,55
p3790,,,op2,op1,40,linear7,,20
p3790,,,op3,op1,2,sqrt,,55
p3790,,,op4,op1,5,linear3,,45
p3790,,,op5,op1,20,linear7,,30
p3790,,,op6,op1,15,linear3,,37.5
p3790,,,op7,op1,15,linear3,,37.5
p3790,,,op8,op1,2,sqrt,,55
p3790,,,op9,op1,5,linear3,,45
p3791,3337.38,INTERACTIVE,op1,,1,const,,55
p3791,,,op2,op1,5,linear3,,45
p3791,,,op3,op2,20,linear7,,30
p3792,3337.38,BATCH_PIPELINE,op1,,1,const,,55
p3792,,,op2,op1,5,linear3,,45
p3792,,,op3,op2,2,sqrt,,55
p3792,,,op4,op3,15,linear3,,37.5
p3792,,,op5,op4,20,linear7,,30
p3793,3337.38,BATCH_PIPELINE,op1,,1,const,,55
p3793,,,op2,op1,20,linear7,,30
p3793,,,op3,op2,5,linear3,,45
p3793,,,op4,op3,20,linear7,,30
p3793,,,op5,op4,1,const,,55
p3793,,,op6,op5,40,linear7,,20
p3793,,,op7,op6,15,linear3,,37.5
p3793,,,op8,op7,1,const,,55
p3794,3337.38,QUERY,op1,,15,linear3,,35
p3795,3337.38,BATCH_PIPELINE,op1,,1,const,,55
p3795,,,op2,op1,20,linear7,,30
p3795,,,op3,op2,15,linear3,,37.5
p3795,,,op4,op3,2,sqrt,,55
p3795,,,op5,op4,15,linear3,,37.5
p3795,,,op6,op5,1,const,,55
p3796,3337.38,BATCH_PIPELINE,op1,,1,const,,55
p3796,,,op2,op1,1,const,,55
p3796,,,op3,op2,15,linear3,,37.5
p3796,,,op4,op3,40,linear7,,20
p3796,,,op5,op4,40,linear7,,20
p3797,3337.38,BATCH_PIPELINE,op1,,1,const,,55
p3797,,,op2,op1,20,linear7,,30
p3797,,,op3,op2,2,sqrt,,55
p3797,,,op4,op3,5,linear3,,45
p3797,,,op5,op4,15,linear3,,37.5
p3797,,,op6,op5,1,const,,55
p3798,3337.38,INTERACTIVE,op1,,1,const,,55
p3798,,,op2,op1,1,const,,55
p3798,,,op3,op2,80,squared,,10
p3798,,,op4,op3,20,linear7,,30
p3798,,,op5,op4,40,linear7,,20
p3798,,,op6,op5,1,const,,55
p3798,,,op7,op6,1,const,,55
p3798,,,op8,op7,20,linear7,,30
p3798,,,op9,op8,40,linear7,,20
p3798,,,op10,op9,2,sqrt,,55
p3799,3337.38,BATCH_PIPELINE,op1,,1,const,,55
p3799,,,op2,,5,linear3,,45
p3799,,,op3,,20,linear7,,30
p3799,,,op4,op1;op2;op3,1,const,,55
p3800,3337.38,BATCH_PIPELINE,op1,,1,const,,55
p3800,,,op2,op1,20,linear7,,30
p3800,,,op3,op2,20,linear7,,30
p3800,,,op4,op3,80,squared,,10
p3800,,,op5,op4,2,sqrt,,55
p3800,,,op6,op5,15,linear3,,37.5
p3800,,,op7,op6,2,sqrt,,55
p3801,3346.1510000000003,BATCH_PIPELINE,op1,,1,const,,55
p3801,,,op2,op1,1,const,,55
p3801,,,op3,op2,15,linear3,,37.5
p3801,,,op4,op3,2,sqrt,,55
p3801,,,op5,op4,5,linear3,,45
p3801,,,op6,op5,20,linear7,,30
p3801,,,op7,op6,20,linear7,,30
p3801,,,op8,op7,20,linear7,,30
p3801,,,op9,op8,5,linear3,,45
p3801,,,op10,op9,40,linear7,,20
p3802,3346.1510000000003,BATCH_PIPELINE,op1,,1,const,,55
p3802,,,op2,op1,1,const,,55
p3802,,,op3,op2,1,const,,55
p3802,,,op4,op3,15,linear3,,37.5
p3802,,,op5,op4,2,sqrt,,55
p3802,,,op6,op5,1,const,,55
p3802,,,op7,op6,5,linear3,,45
p3803,3346.1510000000003,BATCH_PIPELINE,op1,,1,const,,55
p3803,,,op2,,15,linear3,,37.5
p3803,,,op3,,5,linear3,,45
p3803,,,op4,,20,linear7,,30
p3803,,,op5,,5,linear3,,45
p3803,,,op6,,15,linear3,,37.5
p3803,,,op7,,40,linear7,,20
p3803,,,op8,op1;op2;op3;op4;op5;op6;op7,20,linear7,,30
p3804,3346.1510000000003,BATCH_PIPELINE,op1,,1,const,,55
p3804,,,op2,op1,1,const,,55
p3804,,,op3,op1,40,linear7,,20
p3804,,,op4,op1,2,sqrt,,55
p3804,,,op5,op1,20,linear7,,30
p3804,,,op6,op1,15,linear3,,37.5
p3804,,,op7,op1,40,linear7,,20
p3805,3346.1510000000003,BATCH_PIPELINE,op1,,1,const,,55
p3805,,,op2,op1,1,const,,55
p3805,,,op3,op2,15,linear3,,37.5
p3805,,,op4,op3,1,const,,55
p3805,,,op5,op4,5,linear3,,45
p3805,,,op6,op5,1,const,,55
p3805,,,op7,op6,2,sqrt,,55
p3805,,,op8,op7,20,linear7,,30
p3805,,,op9,op8,20,linear7,,30
p3806,3346.1510000000003,BATCH_PIPELINE,op1,,1,const,,55
p3806,,,op2,op1,80,squared,,10
p3806,,,op3,op2,15,linear3,,37.5
p3806,,,op4,op3,5,linear3,,45
p3806,,,op5,op4,20,linear7,,30
p3806,,,op6,op5,40,linear7,,20
p3806,,,op7,op6,2,sqrt,,55
p3806,,,op8,op7,1,const,,55
p3807,3346.1510000000003,BATCH_PIPELINE,op1,,1,const,,55
p3807,,,op2,op1,15,linear3,,37.5
p3807,,,op3,op2,1,const,,55
p3807,,,op4,op3,5,linear3,,45
p3807,,,op5,op4,5,linear3,,45
p3807,,,op6,op5,15,linear3,,37.5
p3807,,,op7,op6,20,linear7,,30
p3807,,,op8,op7,20,linear7,,30
p3807,,,op9,op8,80,squared,,10
p3807,,,op10,op9,40,linear7,,20
p3808,3346.1510000000003,BATCH_PIPELINE,op1,,1,const,,55
p3808,,,op2,op1,1,const,,55
p3808,,,op3,op2,15,linear3,,37.5
p3808,,,op4,op3,15,linear3,,37.5
p3808,,,op5,op4,20,linear7,,30
p3808,,,op6,op5,15,linear3,,37.5
p3809,3346.1510000000003,INTERACTIVE,op1,,1,const,,55
p3809,,,op2,op1,5,linear3,,45
p3809,,,op3,op1,15,linear3,,37.5
p3809,,,op4,op1,5,linear3,,45
p3809,,,op5,op1,15,linear3,,37.5
p3809,,,op6,op1,20,linear7,,30
p3809,,,op7,op1,15,linear3,,37.5
p3809,,,op8,op1,15,linear3,,37.5
p3809,,,op9,op1,2,sqrt,,55
p3809,,,op10,op1,20,linear7,,30
p3810,3346.1510000000003,BATCH_PIPELINE,op1,,1,const,,55
p3810,,,op2,op1,40,linear7,,20
p3810,,,op3,op1,80,squared,,10
p3810,,,op4,op1,15,linear3,,37.5
p3810,,,op5,op1,5,linear3,,45
p3810,,,op6,op1,40,linear7,,20
p3811,3356.21,BATCH_PIPELINE,op1,,1,const,,55
p3811,,,op2,op1,2,sqrt,,55
p3811,,,op3,op2,15,linear3,,37.5
p3811,,,op4,op3,15,linear3,,37.5
p3811,,,op5,op4,20,linear7,,30
p3811,,,op6,op5,40,linear7,,20
p3811,,,op7,op6,1,const,,55
p3811,,,op8,op7,15,linear3,,37.5
p3811,,,op9,op8,80,squared,,10
p3812,3356.21,INTERACTIVE,op1,,1,const,,55
p3812,,,op2,,15,linear3,,37.5
p3812,,,op3,,20,linear7,,30
p3812,,,op4,,20,linear7,,30
p3812,,,op5,,2,sqrt,,55
p3812,,,op6,op1;op2;op3;op4;op5,15,linear3,,37.5
p3813,3356.21,QUERY,op1,,15,linear3,,35
p3814,3356.21,BATCH_PIPELINE,op1,,1,const,,55
p3814,,,op2,op1,2,sqrt,,55
p3814,,,op3,op2,1,const,,55
p3814,,,op4,op3,20,linear7,,30
p3814,,,op5,op4,15,linear3,,37.5
p3815,3356.21,BATCH_PIPELINE,op1,,1,const,,55
p3815,,,op2,,40,linear7,,20
p3815,,,op3,,80,squared,,10
p3815,,,op4,,20,linear7,,30
p3815,,,op5,,15,linear3,,37.5
p3815,,,op6,op1;op2;op3;op4;op5,1,const,,55
p3816,3356.21,INTERACTIVE,op1,,1,const,,55
p3816,,,op2,op1,80,squared,,10
p3816,,,op3,op2,2,sqrt,,55
p3816,,,op4,op3,1,const,,55
p3816,,,op5,op4,40,linear7,,20
p3817,3356.21,BATCH_PIPELINE,op1,,1,const,,55
p3817,,,op2,op1,5,linear3,,45
p3817,,,op3,op2,40,linear7,,20
p3817,,,op4,op3,1,const,,55
p3817,,,op5,op4,5,linear3,,45
p3817,,,op6,op5,15,linear3,,37.5
p3817,,,op7,op6,2,sqrt,,55
p3817,,,op8,op7,15,linear3,,37.5
p3817,,,op9,op8,15,linear3,,37.5
p3818,3356.21,BATCH_PIPELINE,op1,,1,const,,55
p3818,,,op2,op1,20,linear7,,30
p3818,,,op3,op2,5,linear3,,45
p3818,,,op4,op3,20,linear7,,30
p3818,,,op5,op4,5,linear3,,45
p3818,,,op6,op5,1,const,,55
p3818,,,op7,op6,15,linear3,,37.5
p3818,,,op8,op7,40,linear7,,20
p3818,,,op9,op8,1,const,,55
p3818,,,op10,op9,2,sqrt,,55
p3818,,,op11,op10,5,linear3,,45
p3819,3356.21,BATCH_PIPELINE,op1,,1,const,,55
p3819,,,op2,op1,15,linear3,,37.5
p3819,,,op3,op2,15,linear3,,37.5
p3819,,,op4,op3,5,linear3,,45
p3819,,,op5,op4,15,linear3,,37.5
p3819,,,op6,op5,5,linear3,,45
p3819,,,op7,op6,80,squared,,10
p3819,,,op8,op7,20,linear7,,30
p3819,,,op9,op8,5,linear3,,45
p3819,,,op10,op9,40,linear7,,20
p3819,,,op11,op10,15,linear3,,37.5
p3819,,,op12,op11,15,linear3,,37.5
p3820,3356.21,BATCH_PIPELINE,op1,,1,const,,55
p3820,,,op2,op1,1,const,,55
p3820,,,op3,op2,15,linear3,,37.5
p3820,,,op4,op3,5,linear3,,45
p3820,,,op5,op4,20,linear7,,30
p3820,,,op6,op5,2,sqrt,,55
p3820,,,op7,op6,2,sqrt,,55
p3821,3366.957,QUERY,op1,,15,linear3,,35
p3822,3366.957,BATCH_PIPELINE,op1,,1,const,,55
p3822,,,op2,op1,20,linear7,,30
p3822,,,op3,op2,20,linear7,,30
p3822,,,op4,op3,20,linear7,,30
p3822,,,op5,op4,5,linear3,,45
p3822,,,op6,op5,1,const,,55
p3822,,,op7,op6,15,linear3,,37.5
p3822,,,op8,op7,80,squared,,10
p3823,3366.957,BATCH_PIPELINE,op1,,1,const,,55
p3823,,,op2,op1,15,linear3,,37.5
p3823,,,op3,op1,15,linear3,,37.5
p3823,,,op4,op1,20,linear7,,30
p3823,,,op5,op1,15,linear3,,37.5
p3823,,,op6,op1,40,linear7,,20
p3823,,,op7,op1,40,linear7,,20
p3823,,,op8,op1,5,linear3,,45
p3824,3366.957,BATCH_PIPELINE,op1,,1,const,,55
p3824,,,op2,,1,const,,55
p3824,,,op3,,40,linear7,,20
p3824,,,op4,,5,linear3,,45
p3824,,,op5,,1,const,,55
p3824,,,op6,,20,linear7,,30
p3824,,,op7,op1;op2;op3;op4;op5;op6,5,linear3,,45
p3825,3366.957,BATCH_PIPELINE,op1,,1,const,,55
p3825,,,op2,op1,80,squared,,10
p3825,,,op3,op2,80,squared,,10
p3825,,,op4,op3,20,linear7,,30
p3825,,,op5,op4,15,linear3,,37.5
p3825,,,op6,op5,40,linear7,,20
p3825,,,op7,op6,15,linear3,,37.5
p3826,3366.957,BATCH_PIPELINE,op1,,1,const,,55
p3826,,,op2,op1,40,linear7,,20
p3826,,,op3,op2,5,linear3,,45
p3826,,,op4,op3,15,linear3,,37.5
p3826,,,op5,op4,2,sqrt,,55
p3826,,,op6,op5,2,sqrt,,55
p3826,,,op7,op6,1,const,,55
p3826,,,op8,op7,20,linear7,,30
p3826,,,op9,op8,20,linear7,,30
p3827,3366.957,BATCH_PIPELINE,op1,,1,const,,55
p3827,,,op2,op1,15,linear3,,37.5
p3827,,,op3,op1,20,linear7,,30
p3827,,,op4,op1,2,sqrt,,55
p3827,,,op5,op1,5,linear3,,45
p3828,3366.957,BATCH_PIPELINE,op1,,1,const,,55
p3828,,,op2,op1,15,linear3,,37.5
p3828,,,op3,op2,1,const,,55
p3828,,,op4,op3,5,linear3,,45
p3828,,,op5,op4,15,linear3,,37.5
p3828,,,op6,op5,80,squared,,10
p3829,3366.957,BATCH_PIPELINE,op1,,1,const,,55
p3829,,,op2,op1,5,linear3,,45
p3829,,,op3,op1,2,sqrt,,55
p3829,,,op4,op1,2,sqrt,,55
p3829,,,op5,op1,5,linear3,,45
p3829,,,op6,op1,40,linear7,,20
p3829,,,op7,op1,2,sqrt,,55
p3829,,,op8,op1,2,sqrt,,55
p3830,3366.957,INTERACTIVE,op1,,1,const,,55
p3830,,,op2,op1,20,linear7,,30
p3830,,,op3,op2,2,sqrt,,55
p3830,,,op4,op3,2,sqrt,,55
p3830,,,op5,op4,40,linear7,,20
p3830,,,op6,op5,15,linear3,,37.5
p3830,,,op7,op6,20,linear7,,30
p3830,,,op8,op7,80,squared,,10
p3831,3377.86,BATCH_PIPELINE,op1,,1,const,,55
p3831,,,op2,op1,20,linear7,,30
p3831,,,op3,op2,15,linear3,,37.5
p3831,,,op4,op3,1,const,,55
p3831,,,op5,op4,2,sqrt,,55
p3831,,,op6,op5,15,linear3,,37.5
p3831,,,op7,op6,1,const,,55
p3832,3377.86,BATCH_PIPELINE,op1,,1,const,,55
p3832,,,op2,op1,5,linear3,,45
p3832,,,op3,op2,5,linear3,,45
p3832,,,op4,op3,5,linear3,,45
p3832,,,op5,op4,80,squared,,10
p3832,,,op6,op5,20,linear7,,30
p3832,,,op7,op6,1,const,,55
p3833,3377.86,BATCH_PIPELINE,op1,,1,const,,55
p3833,,,op2,op1,40,linear7,,20
p3833,,,op3,op2,80,squared,,10
p3833,,,op4,op3,80,squared,,10
p3833,,,op5,op4,5,linear3,,45
p3833,,,op6,op5,40,linear7,,20
p3833,,,op7,op6,20,linear7,,30
p3834,3377.86,BATCH_PIPELINE,op1,,1,const,,55
p3834,,,op2,op1,1,const,,55
p3834,,,op3,op1,2,sqrt,,55
p3834,,,op4,op1,2,sqrt,,55
p3835,3377.86,BATCH_PIPELINE,op1,,1,const,,55
p3835,,,op2,op1,5,linear3,,45
p3835,,,op3,op2,1,const,,55
p3835,,,op4,op3,20,linear7,,30
p3835,,,op5,op4,15,linear3,,37.5
p3835,,,op6,op5,5,linear3,,45
p3835,,,op7,op6,40,linear7,,20
p3835,,,op8,op7,1,const,,55
p3835,,,op9,op8,2,sqrt,,55
p3835,,,op10,op9,5,linear3,,45
p3836,3377.86,BATCH_PIPELINE,op1,,1,const,,55
p3836,,,op2,op1,40,linear7,,20
p3836,,,op3,op2,20,linear7,,30
p3836,,,op4,op3,5,linear3,,45
p3836,,,op5,op4,5,linear3,,45
p3836,,,op6,op5,20,linear7,,30
p3836,,,op7,op6,5,linear3,,45
p3836,,,op8,op7,15,linear3,,37.5
p3836,,,op9,op8,20,linear7,,30
p3837,3377.86,BATCH_PIPELINE,op1,,1,const,,55
p3837,,,op2,op1,40,linear7,,20
p3837,,,op3,op2,1,const,,55
p3837,,,op4,op3,20,linear7,,30
p3837,,,op5,op4,5,linear3,,45
p3837,,,op6,op5,40,linear7,,20
p3837,,,op7,op6,20,linear7,,30
p3837,,,op8,op7,15,linear3,,37.5
p3838,3377.86,INTERACTIVE,op1,,1,const,,55
p3838,,,op2,op1,5,linear3,,45
p3838,,,op3,op2,20,linear7,,30
p3838,,,op4,op3,2,sqrt,,55
p3838,,,op5,op4,15,linear3,,37.5
p3838,,,op6,op5,15,linear3,,37.5
p3838,,,op7,op6,40,linear7,,20
p3839,3377.86,BATCH_PIPELINE,op1,,1,const,,55
p3839,,,op2,op1,15,linear3,,37.5
p3839,,,op3,op2,15,linear3,,37.5
p3839,,,op4,op3,20,linear7,,30
p3839,,,op5,op4,5,linear3,,45
p3839,,,op6,op5,15,linear3,,37.5
p3839,,,op7,op6,5,linear3,,45
p3839,,,op8,op7,80,squared,,10
p3839,,,op9,op8,2,sqrt,,55
p3839,,,op10,op9,5,linear3,,45
p3839,,,op11,op10,2,sqrt,,55
p3839,,,op12,op11,2,sqrt,,55
p3839,,,op13,op12,1,const,,55
p3839,,,op14,op13,20,linear7,,30
p3840,3377.86,BATCH_PIPELINE,op1,,1,const,,55
p3840,,,op2,op1,15,linear3,,37.5
p3840,,,op3,op2,15,linear3,,37.5
p3840,,,op4,op3,15,linear3,,37.5
p3840,,,op5,op4,2,sqrt,,55
p3840,,,op6,op5,20,linear7,,30
p3841,3385.37,INTERACTIVE,op1,,1,const,,55
p3841,,,op2,op1,80,squared,,10
p3841,,,op3,op2,20,linear7,,30
p3841,,,op4,op3,15,linear3,,37.5
p3841,,,op5,op4,20,linear7,,30
p3841,,,op6,op5,80,squared,,10
p3841,,,op7,op6,40,linear7,,20
p3842,3385.37,BATCH_PIPELINE,op1,,1,const,,55
p3842,,,op2,op1,1,const,,55
p3842,,,op3,op2,5,linear3,,45
p3842,,,op4,op3,20,linear7,,30
p3842,,,op5,op4,20,linear7,,30
p3842,,,op6,op5,20,linear7,,30
p3843,3385.37,BATCH_PIPELINE,op1,,1,const,,55
p3843,,,op2,op1,1,const,,55
p3843,,,op3,op2,15,linear3,,37.5
p3843,,,op4,op3,80,squared,,10
p3843,,,op5,op4,5,linear3,,45
p3843,,,op6,op5,1,const,,55
p3843,,,op7,op6,2,sqrt,,55
p3843,,,op8,op7,1,const,,55
p3843,,,op9,op8,2,sqrt,,55
p3844,3385.37,BATCH_PIPELINE,op1,,1,const,,55
p3844,,,op2,op1,15,linear3,,37.5
p3844,,,op3,op2,40,linear7,,20
p3844,,,op4,op3,5,linear3,,45
p3844,,,op5,op4,15,linear3,,37.5
p3844,,,op6,op5,80,squared,,10
p3844,,,op7,op6,20,linear7,,30
p3844,,,op8,op7,20,linear7,,30
p3844,,,op9,op8,2,sqrt,,55
p3845,3385.37,BATCH_PIPELINE,op1,,1,const,,55
p3845,,,op2,,1,const,,55
p3845,,,op3,,40,linear7,,20
p3845,,,op4,,20,linear7,,30
p3845,,,op5,op1;op2;op3;op4,1,const,,55
p3846,3385.37,BATCH_PIPELINE,op1,,1,const,,55
p3846,,,op2,op1,15,linear3,,37.5
p3846,,,op3,op1,2,sqrt,,55
p3846,,,op4,op1,5,linear3,,45
p3846,,,op5,op1,5,linear3,,45
p3846,,,op6,op1,2,sqrt,,55
p3846,,,op7,op1,1,const,,55
p3847,3385.37,BATCH_PIPELINE,op1,,1,const,,55
p3847,,,op2,op1,5,linear3,,45
p3847,,,op3,op2,15,linear3,,37.5
p3847,,,op4,op3,2,sqrt,,55
p3847,,,op5,op4,2,sqrt,,55
p3847,,,op6,op5,80,squared,,10
p3847,,,op7,op6,20,linear7,,30
p3847,,,op8,op7,5,linear3,,45
p3848,3385.37,BATCH_PIPELINE,op1,,1,const,,55
p3848,,,op2,op1,15,linear3,,37.5
p3848,,,op3,op2,15,linear3,,37.5
p3848,,,op4,op3,15,linear3,,37.5
p3849,3385.37,BATCH_PIPELINE,op1,,1,const,,55
p3849,,,op2,op1,5,linear3,,45
p3849,,,op3,op2,15,linear3,,37.5
p3849,,,op4,op3,2,sqrt,,55
p3849,,,op5,op4,15,linear3,,37.5
p3850,3385.37,BATCH_PIPELINE,op1,,1,const,,55
p3850,,,op2,op1,2,sqrt,,55
p3850,,,op3,op2,5,linear3,,45
p3850,,,op4,op3,5,linear3,,45
p3850,,,op5,op4,2,sqrt,,55
p3850,,,op6,op5,15,linear3,,37.5
p3851,3397.8830000000003,BATCH_PIPELINE,op1,,1,const,,55
p3851,,,op2,op1,20,linear7,,30
p3851,,,op3,op1,40,linear7,,20
p3851,,,op4,op1,15,linear3,,37.5
p3851,,,op5,op1,15,linear3,,37.5
p3851,,,op6,op1,2,sqrt,,55
p3851,,,op7,op1,20,linear7,,30
p3852,3397.8830000000003,INTERACTIVE,op1,,1,const,,55
p3852,,,op2,op1,80,squared,,10
p3852,,,op3,op2,40,linear7,,20
p3852,,,op4,op3,15,linear3,,37.5
p3852,,,op5,op4,2,sqrt,,55
p3852,,,op6,op5,80,squared,,10
p3853,3397.8830000000003,BATCH_PIPELINE,op1,,1,const,,55
p3853,,,op2,op1,5,linear3,,45
p3853,,,op3,op2,2,sqrt,,55
p3853,,,op4,op3,2,sqrt,,55
p3853,,,op5,op4,2,sqrt,,55
p3853,,,op6,op5,1,const,,55
p3853,,,op7,op6,1,const,,55
p3854,3397.8830000000003,BATCH_PIPELINE,op1,,1,const,,55
p3854,,,op2,op1,20,linear7,,30
p3854,,,op3,op2,15,linear3,,37.5
p3854,,,op4,op3,5,linear3,,45
p3854,,,op5,op4,1,const,,55
p3854,,,op6,op5,15,linear3,,37.5
p3854,,,op7,op6,80,squared,,10
p3854,,,op8,op7,15,linear3,,37.5
p3854,,,op9,op8,40,linear7,,20
p3855,3397.8830000000003,BATCH_PIPELINE,op1,,1,const,,55
p3855,,,op2,,1,const,,55
p3855,,,op3,,2,sqrt,,55
p3855,,,op4,,15,linear3,,37.5
p3855,,,op5,,40,linear7,,20
p3855,,,op6,,5,linear3,,45
p3855,,,op7,,15,linear3,,37.5
p3855,,,op8,,5,linear3,,45
p3855,,,op9,op1;op2;op3;op4;op5;op6;op7;op8,80,squared,,10
p3856,3397.8830000000003,BATCH_PIPELINE,op1,,1,const,,55
p3856,,,op2,op1,1,const,,55
p3856,,,op3,op2,20,linear7,,30
p3856,,,op4,op3,15,linear3,,37.5
p3856,,,op5,op4,2,sqrt,,55
p3856,,,op6,op5,15,linear3,,37.5
p3857,3397.8830000000003,BATCH_PIPELINE,op1,,1,const,,55
p3857,,,op2,op1,2,sqrt,,55
p3857,,,op3,op2,5,linear3,,45
p3857,,,op4,op3,5,linear3,,45
p3857,,,op5,op4,15,linear3,,37.5
p3857,,,op6,op5,40,linear7,,20
p3857,,,op7,op6,40,linear7,,20
p3857,,,op8,op7,15,linear3,,37.5
p3857,,,op9,op8,5,linear3,,45
p3858,3397.8830000000003,BATCH_PIPELINE,op1,,1,const,,55
p3858,,,op2,op1,2,sqrt,,55
p3858,,,op3,op2,40,linear7,,20
p3858,,,op4,op3,5,linear3,,45
p3859,3397.8830000000003,BATCH_PIPELINE,op1,,1,const,,55
p3859,,,op2,op1,20,linear7,,30
p3859,,,op3,op2,15,linear3,,37.5
p3859,,,op4,op3,15,linear3,,37.5
p3859,,,op5,op4,15,linear3,,37.5
p3859,,,op6,op5,20,linear7,,30
p3859,,,op7,op6,20,linear7,,30
p3860,3397.8830000000003,BATCH_PIPELINE,op1,,1,const,,55
p3860,,,op2,op1,2,sqrt,,55
p3860,,,op3,op2,1,const,,55
p3860,,,op4,op3,5,linear3,,45
p3860,,,op5,op4,20,linear7,,30
p3860,,,op6,op5,5,linear3,,45
p3860,,,op7,op6,40,linear7,,20
p3861,3411.032,BATCH_PIPELINE,op1,,1,const,,55
p3861,,,op2,,20,linear7,,30
p3861,,,op3,,2,sqrt,,55
p3861,,,op4,,5,linear3,,45
p3861,,,op5,,40,linear7,,20
p3861,,,op6,,1,const,,55
p3861,,,op7,op1;op2;op3;op4;op5;op6,1,const,,55
p3862,3411.032,BATCH_PIPELINE,op1,,1,const,,55
p3862,,,op2,,5,linear3,,45
p3862,,,op3,,1,const,,55
p3862,,,op4,,20,linear7,,30
p3862,,,op5,,80,squared,,10
p3862,,,op6,,5,linear3,,45
p3862,,,op7,,1,const,,55
p3862,,,op8,,40,linear7,,20
p3862,,,op9,,1,const,,55
p3862,,,op10,op1;op2;op3;op4;op5;op6;op7;op8;op9,5,linear3,,45
p3863,3411.032,BATCH_PIPELINE,op1,,1,const,,55
p3863,,,op2,op1,40,linear7,,20
p3863,,,op3,op2,2,sqrt,,55
p3863,,,op4,op3,20,linear7,,30
p3863,,,op5,op4,5,linear3,,45
p3863,,,op6,op5,15,linear3,,37.5
p3863,,,op7,op6,20,linear7,,30
p3864,3411.032,BATCH_PIPELINE,op1,,1,const,,55
p3864,,,op2,op1,20,linear7,,30
p3864,,,op3,op2,1,const,,55
p3864,,,op4,op3,80,squared,,10
p3864,,,op5,op4,15,linear3,,37.5
p3864,,,op6,op5,5,linear3,,45
p3865,3411.032,BATCH_PIPELINE,op1,,1,const,,55
p3865,,,op2,op1,1,const,,55
p3865,,,op3,op2,15,linear3,,37.5
p3865,,,op4,op3,15,linear3,,37.5
p3865,,,op5,op4,15,linear3,,37.5
p3865,,,op6,op5,80,squared,,10
p3866,3411.032,BATCH_PIPELINE,op1,,1,const,,55
p3866,,,op2,op1,20,linear7,,30
p3866,,,op3,op2,15,linear3,,37.5
p3866,,,op4,op3,15,linear3,,37.5
p3866,,,op5,op4,5,linear3,,45
p3866,,,op6,op5,5,linear3,,45
p3866,,,op7,op6,80,squared,,10
p3867,3411.032,QUERY,op1,,15,linear3,,35
p3868,3411.032,BATCH_PIPELINE,op1,,1,const,,55
p3868,,,op2,op1,5,linear3,,45
p3868,,,op3,op2,20,linear7,,30
p3868,,,op4,op3,40,linear7,,20
p3868,,,op5,op4,5,linear3,,45
p3869,3411.032,BATCH_PIPELINE,op1,,1,const,,55
p3869,,,op2,,2,sqrt,,55
p3869,,,op3,op1;op2,1,const,,55
p3870,3411.032,BATCH_PIPELINE,op1,,1,const,,55
p3870,,,op2,op1,15,linear3,,37.5
p3870,,,op3,op2,2,sqrt,,55
p3870,,,op4,op3,15,linear3,,37.5
p3870,,,op5,op4,2,sqrt,,55
p3870,,,op6,op5,5,linear3,,45
p3870,,,op7,op6,40,linear7,,20
p3870,,,op8,op7,20,linear7,,30
p3870,,,op9,op8,80,squared,,10
p3871,3419.544,BATCH_PIPELINE,op1,,1,const,,55
p3871,,,op2,op1,20,linear7,,30
p3871,,,op3,op2,2,sqrt,,55
p3871,,,op4,op3,2,sqrt,,55
p3871,,,op5,op4,20,linear7,,30
p3871,,,op6,op5,2,sqrt,,55
p3871,,,op7,op6,5,linear3,,45
p3871,,,op8,op7,80,squared,,10
p3871,,,op9,op8,80,squared,,10
p3872,3419.544,BATCH_PIPELINE,op1,,1,const,,55
p3872,,,op2,op1,20,linear7,,30
p3872,,,op3,op2,80,squared,,10
p3872,,,op4,op3,5,linear3,,45
p3872,,,op5,op4,5,linear3,,45
p3872,,,op6,op5,15,linear3,,37.5
p3873,3419.544,BATCH_PIPELINE,op1,,1,const,,55
p3873,,,op2,op1,20,linear7,,30
p3873,,,op3,op2,15,linear3,,37.5
p3873,,,op4,op3,40,linear7,,20
p3873,,,op5,op4,1,const,,55
p3874,3419.544,BATCH_PIPELINE,op1,,1,const,,55
p3874,,,op2,op1,2,sqrt,,55
p3874,,,op3,op2,40,linear7,,20
p3874,,,op4,op3,5,linear3,,45
p3874,,,op5,op4,5,linear3,,45
p3874,,,op6,op5,5,linear3,,45
p3874,,,op7,op6,5,linear3,,45
p3874,,,op8,op7,20,linear7,,30
p3875,3419.544,BATCH_PIPELINE,op1,,1,const,,55
p3875,,,op2,op1,80,squared,,10
p3875,,,op3,op2,1,const,,55
p3875,,,op4,op3,15,linear3,,37.5
p3875,,,op5,op4,5,linear3,,45
p3875,,,op6,op5,15,linear3,,37.5
p3875,,,op7,op6,2,sqrt,,55
p3876,3419.544,BATCH_PIPELINE,op1,,1,const,,55
p3876,,,op2,op1,1,const,,55
p3876,,,op3,op2,1,const,,55
p3876,,,op4,op3,80,squared,,10
p3876,,,op5,op4,15,linear3,,37.5
p3876,,,op6,op5,5,linear3,,45
p3876,,,op7,op6,15,linear3,,37.5
p3876,,,op8,op7,1,const,,55
p3876,,,op9,op8,15,linear3,,37.5
p3877,3419.544,BATCH_PIPELINE,op1,,1,const,,55
p3877,,,op2,op1,40,linear7,,20
p3877,,,op3,op1,15,linear3,,37.5
p3877,,,op4,op1,80,squared,,10
p3877,,,op5,op1,20,linear7,,30
p3877,,,op6,op1,5,linear3,,45
p3877,,,op7,op1,2,sqrt,,55
p3877,,,op8,op1,2,sqrt,,55
p3877,,,op9,op1,20,linear7,,30
p3877,,,op10,op1,1,const,,55
p3878,3419.544,BATCH_PIPELINE,op1,,1,const,,55
p3878,,,op2,op1,2,sqrt,,55
p3878,,,op3,op1,15,linear3,,37.5
p3878,,,op4,op1,20,linear7,,30
p3878,,,op5,op1,2,sqrt,,55
p3878,,,op6,op1,1,const,,55
p3879,3419.544,BATCH_PIPELINE,op1,,1,const,,55
p3879,,,op2,op1,80,squared,,10
p3879,,,op3,op2,15,linear3,,37.5
p3879,,,op4,op3,5,linear3,,45
p3879,,,op5,op4,40,linear7,,20
p3879,,,op6,op5,40,linear7,,20
p3879,,,op7,op6,20,linear7,,30
p3879,,,op8,op7,20,linear7,,30
p3879,,,op9,op8,1,const,,55
p3879,,,op10,op9,5,linear3,,45
p3880,3419.544,BATCH_PIPELINE,op1,,1,const,,55
p3880,,,op2,op1,5,linear3,,45
p3880,,,op3,op2,80,squared,,10
p3880,,,op4,op3,20,linear7,,30
p3880,,,op5,op4,15,linear3,,37.5
p3880,,,op6,op5,15,linear3,,37.5
p3880,,,op7,op6,15,linear3,,37.5
p3880,,,op8,op7,5,linear3,,45
p3880,,,op9,op8,2,sqrt,,55
p3881,3430.818,BATCH_PIPELINE,op1,,1,const,,55
p3881,,,op2,op1,20,linear7,,30
p3881,,,op3,op2,20,linear7,,30
p3881,,,op4,op3,80,squared,,10
p3881,,,op5,op4,20,linear7,,30
p3881,,,op6,op5,20,linear7,,30
p3881,,,op7,op6,15,linear3,,37.5
p3881,,,op8,op7,2,sqrt,,55
p3881,,,op9,op8,5,linear3,,45
p3882,3430.818,BATCH_PIPELINE,op1,,1,const,,55
p3882,,,op2,op1,5,linear3,,45
p3882,,,op3,op2,15,linear3,,37.5
p3882,,,op4,op3,5,linear3,,45
p3882,,,op5,op4,80,squared,,10
p3882,,,op6,op5,15,linear3,,37.5
p3882,,,op7,op6,15,linear3,,37.5
p3882,,,op8,op7,15,linear3,,37.5
p3882,,,op9,op8,5,linear3,,45
p3883,3430.818,BATCH_PIPELINE,op1,,1,const,,55
p3883,,,op2,op1,15,linear3,,37.5
p3883,,,op3,op2,15,linear3,,37.5
p3883,,,op4,op3,40,linear7,,20
p3883,,,op5,op4,15,linear3,,37.5
p3884,3430.818,BATCH_PIPELINE,op1,,1,const,,55
p3884,,,op2,op1,5,linear3,,45
p3884,,,op3,op2,40,linear7,,20
p3884,,,op4,op3,15,linear3,,37.5
p3884,,,op5,op4,15,linear3,,37.5
p3884,,,op6,op5,2,sqrt,,55
p3884,,,op7,op6,40,linear7,,20
p3885,3430.818,BATCH_PIPELINE,op1,,1,const,,55
p3885,,,op2,op1,5,linear3,,45
p3885,,,op3,op2,15,linear3,,37.5
p3885,,,op4,op3,20,linear7,,30
p3885,,,op5,op4,1,const,,55
p3886,3430.818,BATCH_PIPELINE,op1,,1,const,,55
p3886,,,op2,op1,2,sqrt,,55
p3886,,,op3,op2,15,linear3,,37.5
p3886,,,op4,op3,5,linear3,,45
p3886,,,op5,op4,1,const,,55
p3886,,,op6,op5,2,sqrt,,55
p3886,,,op7,op6,2,sqrt,,55
p3886,,,op8,op7,15,linear3,,37.5
p3886,,,op9,op8,1,const,,55
p3886,,,op10,op9,2,sqrt,,55
p3887,3430.818,BATCH_PIPELINE,op1,,1,const,,55
p3887,,,op2,op1,15,linear3,,37.5
p3887,,,op3,op2,2,sqrt,,55
p3887,,,op4,op3,2,sqrt,,55
p3887,,,op5,op4,20,linear7,,30
p3887,,,op6,op5,1,const,,55
p3887,,,op7,op6,40,linear7,,20
p3887,,,op8,op7,15,linear3,,37.5
p3887,,,op9,op8,5,linear3,,45
p3888,3430.818,BATCH_PIPELINE,op1,,1,const,,55
p3888,,,op2,,15,linear3,,37.5
p3888,,,op3,,5,linear3,,45
p3888,,,op4,,1,const,,55
p3888,,,op5,,5,linear3,,45
p3888,,,op6,,1,const,,55
p3888,,,op7,,2,sqrt,,55
p3888,,,op8,,20,linear7,,30
p3888,,,op9,op1;op2;op3;op4;op5;op6;op7;op8,20,linear7,,30
p3889,3430.818,INTERACTIVE,op1,,1,const,,55
p3889,,,op2,op1,5,linear3,,45
p3889,,,op3,op1,1,const,,55
p3889,,,op4,op1,15,linear3,,37.5
p3889,,,op5,op1,1,const,,55
p3889,,,op6,op1,15,linear3,,37.5
p3890,3430.818,BATCH_PIPELINE,op1,,1,const,,55
p3890,,,op2,op1,15,linear3,,37.5
p3890,,,op3,op2,1,const,,55
p3890,,,op4,op3,5,linear3,,45
p3890,,,op5,op4,15,linear3,,37.5
p3891,3438.425,BATCH_PIPELINE,op1,,1,const,,55
p3891,,,op2,op1,2,sqrt,,55
p3891,,,op3,op2,15,linear3,,37.5
p3891,,,op4,op3,5,linear3,,45
p3891,,,op5,op4,80,squared,,10
p3891,,,op6,op5,5,linear3,,45
p3891,,,op7,op6,15,linear3,,37.5
p3891,,,op8,op7,15,linear3,,37.5
p3892,3438.425,BATCH_PIPELINE,op1,,1,const,,55
p3892,,,op2,op1,20,linear7,,30
p3892,,,op3,op2,80,squared,,10
p3892,,,op4,op3,20,linear7,,30
p3892,,,op5,op4,20,linear7,,30
p3892,,,op6,op5,20,linear7,,30
p3893,3438.425,BATCH_PIPELINE,op1,,1,const,,55
p3893,,,op2,op1,20,linear7,,30
p3893,,,op3,op2,80,squared,,10
p3893,,,op4,op3,20,linear7,,30
p3893,,,op5,op4,5,linear3,,45
p3894,3438.425,BATCH_PIPELINE,op1,,1,const,,55
p3894,,,op2,op1,15,linear3,,37.5
p3894,,,op3,op2,40,linear7,,20
p3894,,,op4,op3,2,sqrt,,55
p3894,,,op5,op4,1,const,,55
p3894,,,op6,op5,15,linear3,,37.5
p3894,,,op7,op6,20,linear7,,30
p3895,3438.425,INTERACTIVE,op1,,1,const,,55
p3895,,,op2,op1,40,linear7,,20
p3895,,,op3,op2,1,const,,55
p3895,,,op4,op3,1,const,,55
p3895,,,op5,op4,20,linear7,,30
p3895,,,op6,op5,80,squared,,10
p3895,,,op7,op6,15,linear3,,37.5
p3895,,,op8,op7,80,squared,,10
p3895,,,op9,op8,2,sqrt,,55
p3896,3438.425,BATCH_PIPELINE,op1,,1,const,,55
p3896,,,op2,op1,15,linear3,,37.5
p3896,,,op3,op2,2,sqrt,,55
p3896,,,op4,op3,20,linear7,,30
p3896,,,op5,op4,20,linear7,,30
p3896,,,op6,op5,80,squared,,10
p3896,,,op7,op6,5,linear3,,45
p3897,3438.425,BATCH_PIPELINE,op1,,1,const,,55
p3897,,,op2,,5,linear3,,45
p3897,,,op3,,1,const,,55
p3897,,,op4,,15,linear3,,37.5
p3897,,,op5,,20,linear7,,30
p3897,,,op6,,15,linear3,,37.5
p3897,,,op7,,2,sqrt,,55
p3897,,,op8,,1,const,,55
p3897,,,op9,op1;op2;op3;op4;op5;op6;op7;op8,20,linear7,,30
p3898,3438.425,BATCH_PIPELINE,op1,,1,const,,55
p3898,,,op2,op1,5,linear3,,45
p3898,,,op3,op2,1,const,,55
p3898,,,op4,op3,40,linear7,,20
p3898,,,op5,op4,40,linear7,,20
p3898,,,op6,op5,80,squared,,10
p3898,,,op7,op6,20,linear7,,30
p3898,,,op8,op7,20,linear7,,30
p3898,,,op9,op8,20,linear7,,30
p3898,,,op10,op9,20,linear7,,30
p3899,3438.425,BATCH_PIPELINE,op1,,1,const,,55
p3899,,,op2,op1,15,linear3,,37.5
p3899,,,op3,op1,15,linear3,,37.5
p3899,,,op4,op1,15,linear3,,37.5
p3899,,,op5,op1,5,linear3,,45
p3899,,,op6,op1,15,linear3,,37.5
p3899,,,op7,op1,5,linear3,,45
p3899,,,op8,op1,40,linear7,,20
p3899,,,op9,op1,40,linear7,,20
p3900,3438.425,BATCH_PIPELINE,op1,,1,const,,55
p3900,,,op2,op1,15,linear3,,37.5
p3900,,,op3,op2,15,linear3,,37.5
p3900,,,op4,op3,40,linear7,,20
p3900,,,op5,op4,1,const,,55
p3900,,,op6,op5,20,linear7,,30
p3900,,,op7,op6,80,squared,,10
p3901,3450.492,BATCH_PIPELINE,op1,,1,const,,55
p3901,,,op2,op1,2,sqrt,,55
p3901,,,op3,op2,2,sqrt,,55
p3901,,,op4,op3,1,const,,55
p3901,,,op5,op4,40,linear7,,20
p3901,,,op6,op5,80,squared,,10
p3901,,,op7,op6,20,linear7,,30
p3901,,,op8,op7,20,linear7,,30
p3901,,,op9,op8,15,linear3,,37.5
p3902,3450.492,BATCH_PIPELINE,op1,,1,const,,55
p3902,,,op2,op1,5,linear3,,45
p3902,,,op3,op2,15,linear3,,37.5
p3903,3450.492,BATCH_PIPELINE,op1,,1,const,,55
p3903,,,op2,,2,sqrt,,55
p3903,,,op3,,1,const,,55
p3903,,,op4,,1,const,,55
p3903,,,op5,,2,sqrt,,55
p3903,,,op6,op1;op2;op3;op4;op5,1,const,,55
p3904,3450.492,BATCH_PIPELINE,op1,,1,const,,55
p3904,,,op2,op1,5,linear3,,45
p3904,,,op3,op1,1,const,,55
p3904,,,op4,op1,80,squared,,10
p3904,,,op5,op1,15,linear3,,37.5
p3904,,,op6,op1,1,const,,55
p3905,3450.492,BATCH_PIPELINE,op1,,1,const,,55
p3905,,,op2,op1,80,squared,,10
p3905,,,op3,op2,2,sqrt,,55
p3905,,,op4,op3,40,linear7,,20
p3905,,,op5,op4,5,linear3,,45
p3905,,,op6,op5,15,linear3,,37.5
p3905,,,op7,op6,2,sqrt,,55
p3905,,,op8,op7,2,sqrt,,55
p3906,3450.492,BATCH_PIPELINE,op1,,1,const,,55
p3906,,,op2,op1,15,linear3,,37.5
p3906,,,op3,op2,1,const,,55
p3906,,,op4,op3,20,linear7,,30
p3907,3450.492,BATCH_PIPELINE,op1,,1,const,,55
p3907,,,op2,op1,40,linear7,,20
p3907,,,op3,op2,20,linear7,,30
p3907,,,op4,op3,5,linear3,,45
p3907,,,op5,op4,20,linear7,,30
p3907,,,op6,op5,15,linear3,,37.5
p3908,3450.492,BATCH_PIPELINE,op1,,1,const,,55
p3908,,,op2,op1,40,linear7,,20
p3908,,,op3,op2,1,const,,55
p3908,,,op4,op3,40,linear7,,20
p3908,,,op5,op4,5,linear3,,45
p3908,,,op6,op5,20,linear7,,30
p3908,,,op7,op6,80,squared,,10
p3909,3450.492,BATCH_PIPELINE,op1,,1,const,,55
p3909,,,op2,op1,1,const,,55
p3909,,,op3,op1,80,squared,,10
p3909,,,op4,op1,15,linear3,,37.5
p3909,,,op5,op1,80,squared,,10
p3909,,,op6,op1,5,linear3,,45
p3909,,,op7,op1,15,linear3,,37.5
p3910,3450.492,BATCH_PIPELINE,op1,,1,const,,55
p3910,,,op2,op1,40,linear7,,20
p3910,,,op3,op2,5,linear3,,45
p3910,,,op4,op3,5,linear3,,45
p3910,,,op5,op4,40,linear7,,20
p3911,3462.645,BATCH_PIPELINE,op1,,1,const,,55
p3911,,,op2,op1,5,linear3,,45
p3911,,,op3,op2,20,linear7,,30
p3911,,,op4,op3,1,const,,55
p3911,,,op5,op4,1,const,,55
p3911,,,op6,op5,2,sqrt,,55
p3912,3462.645,BATCH_PIPELINE,op1,,1,const,,55
p3912,,,op2,,5,linear3,,45
p3912,,,op3,,5,linear3,,45
p3912,,,op4,,1,const,,55
p3912,,,op5,,5,linear3,,45
p3912,,,op6,,40,linear7,,20
p3912,,,op7,,5,linear3,,45
p3912,,,op8,,2,sqrt,,55
p3912,,,op9,op1;op2;op3;op4;op5;op6;op7;op8,40,linear7,,20
p3913,3462.645,BATCH_PIPELINE,op1,,1,const,,55
p3913,,,op2,op1,40,linear7,,20
p3913,,,op3,op2,1,const,,55
p3913,,,op4,op3,1,const,,55
p3913,,,op5,op4,2,sqrt,,55
p3913,,,op6,op5,20,linear7,,30
p3913,,,op7,op6,15,linear3,,37.5
p3913,,,op8,op7,5,linear3,,45
p3913,,,op9,op8,1,const,,55
p3913,,,op10,op9,5,linear3,,45
p3913,,,op11,op10,2,sqrt,,55
p3913,,,op12,op11,2,sqrt,,55
p3913,,,op13,op12,2,sqrt,,55
p3914,3462.645,INTERACTIVE,op1,,1,const,,55
p3914,,,op2,op1,1,const,,55
p3914,,,op3,op2,20,linear7,,30
p3914,,,op4,op3,20,linear7,,30
p3914,,,op5,op4,15,linear3,,37.5
p3914,,,op6,op5,15,linear3,,37.5
p3915,3462.645,INTERACTIVE,op1,,1,const,,55
p3915,,,op2,op1,1,const,,55
p3915,,,op3,op2,15,linear3,,37.5
p3915,,,op4,op3,15,linear3,,37.5
p3915,,,op5,op4,15,linear3,,37.5
p3916,3462.645,BATCH_PIPELINE,op1,,1,const,,55
p3916,,,op2,op1,5,linear3,,45
p3916,,,op3,op1,20,linear7,,30
p3916,,,op4,op1,20,linear7,,30
p3916,,,op5,op1,5,linear3,,45
p3916,,,op6,op1,15,linear3,,37.5
p3916,,,op7,op1,5,linear3,,45
p3916,,,op8,op1,40,linear7,,20
p3916,,,op9,op1,20,linear7,,30
p3917,3462.645,BATCH_PIPELINE,op1,,1,const,,55
p3917,,,op2,op1,40,linear7,,20
p3917,,,op3,op1,15,linear3,,37.5
p3917,,,op4,op1,20,linear7,,30
p3917,,,op5,op1,40,linear7,,20
p3917,,,op6,op1,5,linear3,,45
p3917,,,op7,op1,15,linear3,,37.5
p3918,3462.645,BATCH_PIPELINE,op1,,1,const,,55
p3918,,,op2,,5,linear3,,45
p3918,,,op3,,15,linear3,,37.5
p3918,,,op4,,80,squared,,10
p3918,,,op5,,1,const,,55
p3918,,,op6,,15,linear3,,37.5
p3918,,,op7,op1;op2;op3;op4;op5;op6,2,sqrt,,55
p3919,3462.645,INTERACTIVE,op1,,1,const,,55
p3919,,,op2,op1,15,linear3,,37.5
p3919,,,op3,op2,20,linear7,,30
p3919,,,op4,op3,40,linear7,,20
p3919,,,op5,op4,1,const,,55
p3920,3462.645,BATCH_PIPELINE,op1,,1,const,,55
p3920,,,op2,op1,15,linear3,,37.5
p3920,,,op3,op2,2,sqrt,,55
p3920,,,op4,op3,1,const,,55
p3920,,,op5,op4,15,linear3,,37.5
p3920,,,op6,op5,2,sqrt,,55
p3920,,,op7,op6,20,linear7,,30
p3921,3469.5370000000003,BATCH_PIPELINE,op1,,1,const,,55
p3921,,,op2,op1,5,linear3,,45
p3921,,,op3,op2,5,linear3,,45
p3921,,,op4,op3,5,linear3,,45
p3921,,,op5,op4,40,linear7,,20
p3921,,,op6,op5,1,const,,55
p3921,,,op7,op6,2,sqrt,,55
p3922,3469.5370000000003,BATCH_PIPELINE,op1,,1,const,,55
p3922,,,op2,op1,15,linear3,,37.5
p3922,,,op3,op2,1,const,,55
p3922,,,op4,op3,1,const,,55
p3922,,,op5,op4,5,linear3,,45
p3922,,,op6,op5,20,linear7,,30
p3922,,,op7,op6,5,linear3,,45
p3922,,,op8,op7,5,linear3,,45
p3922,,,op9,op8,15,linear3,,37.5
p3923,3469.5370000000003,BATCH_PIPELINE,op1,,1,const,,55
p3923,,,op2,,40,linear7,,20
p3923,,,op3,,40,linear7,,20
p3923,,,op4,,2,sqrt,,55
p3923,,,op5,,5,linear3,,45
p3923,,,op6,,20,linear7,,30
p3923,,,op7,op1;op2;op3;op4;op5;op6,1,const,,55
p3924,3469.5370000000003,QUERY,op1,,15,linear3,,35
p3925,3469.5370000000003,BATCH_PIPELINE,op1,,1,const,,55
p3925,,,op2,op1,5,linear3,,45
p3925,,,op3,op2,20,linear7,,30
p3925,,,op4,op3,1,const,,55
p3925,,,op5,op4,80,squared,,10
p3926,3469.5370000000003,BATCH_PIPELINE,op1,,1,const,,55
p3926,,,op2,op1,40,linear7,,20
p3926,,,op3,op2,5,linear3,,45
p3926,,,op4,op3,20,linear7,,30
p3927,3469.5370000000003,BATCH_PIPELINE,op1,,1,const,,55
p3927,,,op2,op1,5,linear3,,45
p3927,,,op3,op2,5,linear3,,45
p3927,,,op4,op3,1,const,,55
p3927,,,op5,op4,20,linear7,,30
p3927,,,op6,op5,1,const,,55
p3928,3469.5370000000003,BATCH_PIPELINE,op1,,1,const,,55
p3928,,,op2,op1,20,linear7,,30
p3928,,,op3,op2,2,sqrt,,55
p3928,,,op4,op3,5,linear3,,45
p3928,,,op5,op4,5,linear3,,45
p3928,,,op6,op5,5,linear3,,45
p3929,3469.5370000000003,BATCH_PIPELINE,op1,,1,const,,55
p3929,,,op2,op1,5,linear3,,45
p3929,,,op3,op2,40,linear7,,20
p3929,,,op4,op3,20,linear7,,30
p3929,,,op5,op4,2,sqrt,,55
p3929,,,op6,op5,40,linear7,,20
p3929,,,op7,op6,20,linear7,,30
p3929,,,op8,op7,2,sqrt,,55
p3929,,,op9,op8,5,linear3,,45
p3930,3469.5370000000003,BATCH_PIPELINE,op1,,1,const,,55
p3930,,,op2,op1,2,sqrt,,55
p3930,,,op3,op1,20,linear7,,30
p3930,,,op4,op1,1,const,,55
p3930,,,op5,op1,20,linear7,,30
p3930,,,op6,op1,80,squared,,10
p3930,,,op7,op1,15,linear3,,37.5
p3930,,,op8,op1,2,sqrt,,55
p3930,,,op9,op1,15,linear3,,37.5
p3931,3480.8650000000002,BATCH_PIPELINE,op1,,1,const,,55
p3931,,,op2,op1,2,sqrt,,55
p3931,,,op3,op2,40,linear7,,20
p3931,,,op4,op3,2,sqrt,,55
p3931,,,op5,op4,1,const,,55
p3931,,,op6,op5,5,linear3,,45
p3931,,,op7,op6,15,linear3,,37.5
p3931,,,op8,op7,40,linear7,,20
p3932,3480.8650000000002,BATCH_PIPELINE,op1,,1,const,,55
p3932,,,op2,,20,linear7,,30
p3932,,,op3,,15,linear3,,37.5
p3932,,,op4,,15,linear3,,37.5
p3932,,,op5,,5,linear3,,45
p3932,,,op6,,15,linear3,,37.5
p3932,,,op7,op1;op2;op3;op4;op5;op6,2,sqrt,,55
p3933,3480.8650000000002,INTERACTIVE,op1,,1,const,,55
p3933,,,op2,op1,20,linear7,,30
p3933,,,op3,op2,20,linear7,,30
p3934,3480.8650000000002,BATCH_PIPELINE,op1,,1,const,,55
p3934,,,op2,op1,40,linear7,,20
p3934,,,op3,op2,15,linear3,,37.5
p3934,,,op4,op3,20,linear7,,30
p3935,3480.8650000000002,BATCH_PIPELINE,op1,,1,const,,55
p3935,,,op2,op1,5,linear3,,45
p3935,,,op3,op2,40,linear7,,20
p3935,,,op4,op3,1,const,,55
p3935,,,op5,op4,2,sqrt,,55
p3935,,,op6,op5,20,linear7,,30
p3935,,,op7,op6,80,squared,,10
p3935,,,op8,op7,15,linear3,,37.5
p3936,3480.8650000000002,BATCH_PIPELINE,op1,,1,const,,55
p3936,,,op2,op1,20,linear7,,30
p3936,,,op3,op2,5,linear3,,45
p3936,,,op4,op3,15,linear3,,37.5
p3936,,,op5,op4,5,linear3,,45
p3936,,,op6,op5,80,squared,,10
p3936,,,op7,op6,40,linear7,,20
p3936,,,op8,op7,80,squared,,10
p3936,,,op9,op8,2,sqrt,,55
p3936,,,op10,op9,1,const,,55
p3936,,,op11,op10,5,linear3,,45
p3937,3480.8650000000002,BATCH_PIPELINE,op1,,1,const,,55
p3937,,,op2,op1,2,sqrt,,55
p3937,,,op3,op2,2,sqrt,,55
p3937,,,op4,op3,15,linear3,,37.5
p3937,,,op5,op4,80,squared,,10
p3937,,,op6,op5,40,linear7,,20
p3937,,,op7,op6,1,const,,55
p3938,3480.8650000000002,BATCH_PIPELINE,op1,,1,const,,55
p3938,,,op2,op1,20,linear7,,30
p3938,,,op3,op2,40,linear7,,20
p3938,,,op4,op3,40,linear7,,20
p3938,,,op5,op4,15,linear3,,37.5
p3939,3480.8650000000002,BATCH_PIPELINE,op1,,1,const,,55
p3939,,,op2,op1,80,squared,,10
p3939,,,op3,op1,2,sqrt,,55
p3939,,,op4,op1,15,linear3,,37.5
p3939,,,op5,op1,5,linear3,,45
p3939,,,op6,op1,1,const,,55
p3939,,,op7,op1,20,linear7,,30
p3939,,,op8,op1,15,linear3,,37.5
p3939,,,op9,op1,5,linear3,,45
p3939,,,op10,op1,5,linear3,,45
p3940,3480.8650000000002,BATCH_PIPELINE,op1,,1,const,,55
p3940,,,op2,op1,15,linear3,,37.5
p3940,,,op3,op2,1,const,,55
p3940,,,op4,op3,20,linear7,,30
p3940,,,op5,op4,20,linear7,,30
p3940,,,op6,op5,20,linear7,,30
p3940,,,op7,op6,1,const,,55
p3940,,,op8,op7,20,linear7,,30
p3940,,,op9,op8,80,squared,,10
p3940,,,op10,op9,2,sqrt,,55
p3940,,,op11,op10,20,linear7,,30
p3940,,,op12,op11,2,sqrt,,55
p3941,3489.631,INTERACTIVE,op1,,1,const,,55
p3941,,,op2,,20,linear7,,30
p3941,,,op3,,40,linear7,,20
p3941,,,op4,,80,squared,,10
p3941,,,op5,,5,linear3,,45
p3941,,,op6,,20,linear7,,30
p3941,,,op7,op1;op2;op3;op4;op5;op6,2,sqrt,,55
p3942,3489.631,BATCH_PIPELINE,op1,,1,const,,55
p3942,,,op2,op1,20,linear7,,30
p3942,,,op3,op2,5,linear3,,45
p3942,,,op4,op3,15,linear3,,37.5
p3942,,,op5,op4,40,linear7,,20
p3942,,,op6,op5,5,linear3,,45
p3942,,,op7,op6,20,linear7,,30
p3942,,,op8,op7,80,squared,,10
p3943,3489.631,BATCH_PIPELINE,op1,,1,const,,55
p3943,,,op2,op1,2,sqrt,,55
p3943,,,op3,op2,1,const,,55
p3943,,,op4,op3,20,linear7,,30
p3943,,,op5,op4,20,linear7,,30
p3943,,,op6,op5,15,linear3,,37.5
p3943,,,op7,op6,1,const,,55
p3944,3489.631,BATCH_PIPELINE,op1,,1,const,,55
p3944,,,op2,op1,20,linear7,,30
p3944,,,op3,op2,80,squared,,10
p3944,,,op4,op3,15,linear3,,37.5
p3944,,,op5,op4,1,const,,55
p3944,,,op6,op5,1,const,,55
p3944,,,op7,op6,15,linear3,,37.5
p3944,,,op8,op7,15,linear3,,37.5
p3944,,,op9,op8,5,linear3,,45
p3944,,,op10,op9,5,linear3,,45
p3945,3489.631,BATCH_PIPELINE,op1,,1,const,,55
p3945,,,op2,op1,80,squared,,10
p3945,,,op3,op2,80,squared,,10
p3945,,,op4,op3,2,sqrt,,55
p3945,,,op5,op4,15,linear3,,37.5
p3945,,,op6,op5,5,linear3,,45
p3945,,,op7,op6,20,linear7,,30
p3945,,,op8,op7,15,linear3,,37.5
p3946,3489.631,BATCH_PIPELINE,op1,,1,const,,55
p3946,,,op2,op1,15,linear3,,37.5
p3946,,,op3,op2,20,linear7,,30
p3946,,,op4,op3,20,linear7,,30
p3946,,,op5,op4,20,linear7,,30
p3946,,,op6,op5,80,squared,,10
p3946,,,op7,op6,1,const,,55
p3946,,,op8,op7,15,linear3,,37.5
p3946,,,op9,op8,5,linear3,,45
p3946,,,op10,op9,5,linear3,,45
p3947,3489.631,BATCH_PIPELINE,op1,,1,const,,55
p3947,,,op2,op1,80,squared,,10
p3947,,,op3,op1,1,const,,55
p3947,,,op4,op1,20,linear7,,30
p3947,,,op5,op1,2,sqrt,,55
p3947,,,op6,op1,2,sqrt,,55
p3947,,,op7,op1,15,linear3,,37.5
p3947,,,op8,op1,5,linear3,,45
p3947,,,op9,op1,1,const,,55
p3947,,,op10,op1,20,linear7,,30
p3948,3489.631,BATCH_PIPELINE,op1,,1,const,,55
p3948,,,op2,op1,5,linear3,,45
p3948,,,op3,op2,1,const,,55
p3948,,,op4,op3,1,const,,55
p3948,,,op5,op4,20,linear7,,30
p3948,,,op6,op5,40,linear7,,20
p3948,,,op7,op6,20,linear7,,30
p3949,3489.631,BATCH_PIPELINE,op1,,1,const,,55
p3949,,,op2,op1,2,sqrt,,55
p3949,,,op3,op1,15,linear3,,37.5
p3949,,,op4,op1,5,linear3,,45
p3949,,,op5,op1,5,linear3,,45
p3949,,,op6,op1,40,linear7,,20
p3949,,,op7,op1,80,squared,,10
p3949,,,op8,op1,1,const,,55
p3949,,,op9,op1,5,linear3,,45
p3950,3489.631,BATCH_PIPELINE,op1,,1,const,,55
p3950,,,op2,op1,1,const,,55
p3950,,,op3,op2,20,linear7,,30
p3950,,,op4,op3,40,linear7,,20
p3950,,,op5,op4,1,const,,55
p3950,,,op6,op5,5,linear3,,45
p3950,,,op7,op6,80,squared,,10
p3950,,,op8,op7,2,sqrt,,55
p3950,,,op9,op8,15,linear3,,37.5
p3950,,,op10,op9,20,linear7,,30
p3951,3495.419,BATCH_PIPELINE,op1,,1,const,,55
p3951,,,op2,op1,2,sqrt,,55
p3951,,,op3,op2,15,linear3,,37.5
p3951,,,op4,op3,20,linear7,,30
p3952,3495.419,BATCH_PIPELINE,op1,,1,const,,55
p3952,,,op2,op1,5,linear3,,45
p3952,,,op3,op2,5,linear3,,45
p3952,,,op4,op3,2,sqrt,,55
p3952,,,op5,op4,20,linear7,,30
p3952,,,op6,op5,5,linear3,,45
p3952,,,op7,op6,20,linear7,,30
p3952,,,op8,op7,2,sqrt,,55
p3952,,,op9,op8,5,linear3,,45
p3952,,,op10,op9,20,linear7,,30
p3952,,,op11,op10,5,linear3,,45
p3952,,,op12,op11,1,const,,55
p3953,3495.419,INTERACTIVE,op1,,1,const,,55
p3953,,,op2,op1,40,linear7,,20
p3953,,,op3,op2,1,const,,55
p3953,,,op4,op3,40,linear7,,20
p3953,,,op5,op4,20,linear7,,30
p3953,,,op6,op5,1,const,,55
p3954,3495.419,INTERACTIVE,op1,,1,const,,55
p3954,,,op2,op1,5,linear3,,45
p3954,,,op3,op1,1,const,,55
p3954,,,op4,op1,80,squared,,10
p3954,,,op5,op1,1,const,,55
p3955,3495.419,BATCH_PIPELINE,op1,,1,const,,55
p3955,,,op2,op1,20,linear7,,30
p3955,,,op3,op2,15,linear3,,37.5
p3955,,,op4,op3,40,linear7,,20
p3955,,,op5,op4,15,linear3,,37.5
p3955,,,op6,op5,1,const,,55
p3956,3495.419,BATCH_PIPELINE,op1,,1,const,,55
p3956,,,op2,,80,squared,,10
p3956,,,op3,,20,linear7,,30
p3956,,,op4,,40,linear7,,20
p3956,,,op5,,40,linear7,,20
p3956,,,op6,,5,linear3,,45
p3956,,,op7,,20,linear7,,30
p3956,,,op8,op1;op2;op3;op4;op5;op6;op7,15,linear3,,37.5
p3957,3495.419,QUERY,op1,,15,linear3,,35
p3958,3495.419,BATCH_PIPELINE,op1,,1,const,,55
p3958,,,op2,,15,linear3,,37.5
p3958,,,op3,,5,linear3,,45
p3958,,,op4,,15,linear3,,37.5
p3958,,,op5,,5,linear3,,45
p3958,,,op6,,80,squared,,10
p3958,,,op7,,15,linear3,,37.5
p3958,,,op8,op1;op2;op3;op4;op5;op6;op7,5,linear3,,45
p3959,3495.419,BATCH_PIPELINE,op1,,1,const,,55
p3959,,,op2,op1,2,sqrt,,55
p3959,,,op3,op2,40,linear7,,20
p3959,,,op4,op3,15,linear3,,37.5
p3959,,,op5,op4,1,const,,55
p3959,,,op6,op5,20,linear7,,30
p3959,,,op7,op6,1,const,,55
p3960,3495.419,BATCH_PIPELINE,op1,,1,const,,55
p3960,,,op2,op1,15,linear3,,37.5
p3960,,,op3,op2,5,linear3,,45
p3960,,,op4,op3,15,linear3,,37.5
p3960,,,op5,op4,15,linear3,,37.5
p3960,,,op6,op5,80,squared,,10
p3960,,,op7,op6,15,linear3,,37.5
p3961,3504.976,BATCH_PIPELINE,op1,,1,const,,55
p3961,,,op2,op1,40,linear7,,20
p3961,,,op3,op1,1,const,,55
p3961,,,op4,op1,2,sqrt,,55
p3961,,,op5,op1,1,const,,55
p3961,,,op6,op1,20,linear7,,30
p3961,,,op7,op1,5,linear3,,45
p3961,,,op8,op1,20,linear7,,30
p3962,3504.976,INTERACTIVE,op1,,1,const,,55
p3962,,,op2,op1,20,linear7,,30
p3962,,,op3,op2,15,linear3,,37.5
p3962,,,op4,op3,15,linear3,,37.5
p3962,,,op5,op4,2,sqrt,,55
p3962,,,op6,op5,2,sqrt,,55
p3962,,,op7,op6,20,linear7,,30
p3962,,,op8,op7,5,linear3,,45
p3962,,,op9,op8,20,linear7,,30
p3963,3504.976,BATCH_PIPELINE,op1,,1,const,,55
p3963,,,op2,op1,5,linear3,,45
p3963,,,op3,op2,15,linear3,,37.5
p3963,,,op4,op3,20,linear7,,30
p3963,,,op5,op4,15,linear3,,37.5
p3963,,,op6,op5,80,squared,,10
p3963,,,op7,op6,20,linear7,,30
p3964,3504.976,BATCH_PIPELINE,op1,,1,const,,55
p3964,,,op2,op1,5,linear3,,45
p3964,,,op3,op1,2,sqrt,,55
p3964,,,op4,op1,40,linear7,,20
p3964,,,op5,op1,15,linear3,,37.5
p3964,,,op6,op1,15,linear3,,37.5
p3964,,,op7,op1,40,linear7,,20
p3965,3504.976,BATCH_PIPELINE,op1,,1,const,,55
p3965,,,op2,op1,40,linear7,,20
p3965,,,op3,op2,5,linear3,,45
p3965,,,op4,op3,15,linear3,,37.5
p3965,,,op5,op4,15,linear3,,37.5
p3965,,,op6,op5,15,linear3,,37.5
p3965,,,op7,op6,40,linear7,,20
p3966,3504.976,QUERY,op1,,15,linear3,,35
p3967,3504.976,BATCH_PIPELINE,op1,,1,const,,55
p3967,,,op2,op1,5,linear3,,45
p3967,,,op3,op2,80,squared,,10
p3967,,,op4,op3,5,linear3,,45
p3967,,,op5,op4,5,linear3,,45
p3967,,,op6,op5,15,linear3,,37.5
p3967,,,op7,op6,5,linear3,,45
p3968,3504.976,BATCH_PIPELINE,op1,,1,const,,55
p3968,,,op2,op1,15,linear3,,37.5
p3968,,,op3,op2,5,linear3,,45
p3968,,,op4,op3,5,linear3,,45
p3968,,,op5,op4,15,linear3,,37.5
p3968,,,op6,op5,15,linear3,,37.5
p3968,,,op7,op6,40,linear7,,20
p3968,,,op8,op7,2,sqrt,,55
p3968,,,op9,op8,80,squared,,10
p3968,,,op10,op9,5,linear3,,45
p3969,3504.976,BATCH_PIPELINE,op1,,1,const,,55
p3969,,,op2,op1,2,sqrt,,55
p3969,,,op3,op2,15,linear3,,37.5
p3969,,,op4,op3,15,linear3,,37.5
p3969,,,op5,op4,5,linear3,,45
p3970,3504.976,INTERACTIVE,op1,,1,const,,55
p3970,,,op2,,20,linear7,,30
p3970,,,op3,,5,linear3,,45
p3970,,,op4,,40,linear7,,20
p3970,,,op5,,5,linear3,,45
p3970,,,op6,,5,linear3,,45
p3970,,,op7,,20,linear7,,30
p3970,,,op8,,2,sqrt,,55
p3970,,,op9,,5,linear3,,45
p3970,,,op10,,20,linear7,,30
p3970,,,op11,,80,squared,,10
p3970,,,op12,op1;op2;op3;op4;op5;op6;op7;op8;op9;op10;op11,2,sqrt,,55
p3971,3512.6,BATCH_PIPELINE,op1,,1,const,,55
p3971,,,op2,op1,2,sqrt,,55
p3971,,,op3,op2,5,linear3,,45
p3971,,,op4,op3,15,linear3,,37.5
p3972,3512.6,BATCH_PIPELINE,op1,,1,const,,55
p3972,,,op2,op1,1,const,,55
p3972,,,op3,op1,1,const,,55
p3972,,,op4,op1,2,sqrt,,55
p3972,,,op5,op1,2,sqrt,,55
p3972,,,op6,op1,40,linear7,,20
p3973,3512.6,BATCH_PIPELINE,op1,,1,const,,55
p3973,,,op2,op1,1,const,,55
p3973,,,op3,op2,1,const,,55
p3973,,,op4,op3,5,linear3,,45
p3973,,,op5,op4,2,sqrt,,55
p3973,,,op6,op5,15,linear3,,37.5
p3973,,,op7,op6,5,linear3,,45
p3973,,,op8,op7,40,linear7,,20
p3973,,,op9,op8,5,linear3,,45
p3973,,,op10,op9,5,linear3,,45
p3973,,,op11,op10,40,linear7,,20
p3974,3512.6,BATCH_PIPELINE,op1,,1,const,,55
p3974,,,op2,op1,5,linear3,,45
p3974,,,op3,op2,15,linear3,,37.5
p3974,,,op4,op3,20,linear7,,30
p3974,,,op5,op4,1,const,,55
p3974,,,op6,op5,5,linear3,,45
p3974,,,op7,op6,5,linear3,,45
p3974,,,op8,op7,15,linear3,,37.5
p3974,,,op9,op8,2,sqrt,,55
p3975,3512.6,BATCH_PIPELINE,op1,,1,const,,55
p3975,,,op2,op1,2,sqrt,,55
p3975,,,op3,op2,40,linear7,,20
p3975,,,op4,op3,1,const,,55
p3975,,,op5,op4,80,squared,,10
p3975,,,op6,op5,80,squared,,10
p3976,3512.6,BATCH_PIPELINE,op1,,1,const,,55
p3976,,,op2,op1,80,squared,,10
p3976,,,op3,op2,40,linear7,,20
p3976,,,op4,op3,80,squared,,10
p3976,,,op5,op4,1,const,,55
p3976,,,op6,op5,15,linear3,,37.5
p3976,,,op7,op6,1,const,,55
p3976,,,op8,op7,5,linear3,,45
p3976,,,op9,op8,80,squared,,10
p3976,,,op10,op9,20,linear7,,30
p3977,3512.6,BATCH_PIPELINE,op1,,1,const,,55
p3977,,,op2,op1,5,linear3,,45
p3977,,,op3,op2,2,sqrt,,55
p3977,,,op4,op3,5,linear3,,45
p3977,,,op5,op4,1,const,,55
p3977,,,op6,op5,15,linear3,,37.5
p3977,,,op7,op6,15,linear3,,37.5
p3977,,,op8,op7,2,sqrt,,55
p3977,,,op9,op8,5,linear3,,45
p3978,3512.6,BATCH_PIPELINE,op1,,1,const,,55
p3978,,,op2,op1,2,sqrt,,55
p3978,,,op3,op2,20,linear7,,30
p3978,,,op4,op3,20,linear7,,30
p3978,,,op5,op4,40,linear7,,20
p3978,,,op6,op5,40,linear7,,20
p3978,,,op7,op6,80,squared,,10
p3978,,,op8,op7,5,linear3,,45
p3978,,,op9,op8,80,squared,,10
p3979,3512.6,INTERACTIVE,op1,,1,const,,55
p3979,,,op2,op1,20,linear7,,30
p3979,,,op3,op2,40,linear7,,20
p3979,,,op4,op3,1,const,,55
p3979,,,op5,op4,2,sqrt,,55
p3979,,,op6,op5,15,linear3,,37.5
p3979,,,op7,op6,20,linear7,,30
p3979,,,op8,op7,80,squared,,10
p3979,,,op9,op8,2,sqrt,,55
p3979,,,op10,op9,80,squared,,10
p3979,,,op11,op10,15,linear3,,37.5
p3979,,,op12,op11,15,linear3,,37.5
p3980,3512.6,BATCH_PIPELINE,op1,,1,const,,55
p3980,,,op2,op1,20,linear7,,30
p3980,,,op3,op2,5,linear3,,45
p3980,,,op4,op3,1,const,,55
p3981,3520.998,BATCH_PIPELINE,op1,,1,const,,55
p3981,,,op2,,40,linear7,,20
p3981,,,op3,,80,squared,,10
p3981,,,op4,,15,linear3,,37.5
p3981,,,op5,op1;op2;op3;op4,1,const,,55
p3982,3520.998,BATCH_PIPELINE,op1,,1,const,,55
p3982,,,op2,op1,15,linear3,,37.5
p3982,,,op3,op2,20,linear7,,30
p3982,,,op4,op3,80,squared,,10
p3982,,,op5,op4,5,linear3,,45
p3982,,,op6,op5,20,linear7,,30
p3982,,,op7,op6,15,linear3,,37.5
p3982,,,op8,op7,15,linear3,,37.5
p3982,,,op9,op8,40,linear7,,20
p3983,3520.998,BATCH_PIPELINE,op1,,1,const,,55
p3983,,,op2,op1,1,const,,55
p3983,,,op3,op2,40,linear7,,20
p3983,,,op4,op3,20,linear7,,30
p3983,,,op5,op4,15,linear3,,37.5
p3983,,,op6,op5,5,linear3,,45
p3983,,,op7,op6,15,linear3,,37.5
p3983,,,op8,op7,20,linear7,,30
p3984,3520.998,BATCH_PIPELINE,op1,,1,const,,55
p3984,,,op2,op1,15,linear3,,37.5
p3984,,,op3,op2,2,sqrt,,55
p3984,,,op4,op3,15,linear3,,37.5
p3984,,,op5,op4,2,sqrt,,55
p3984,,,op6,op5,2,sqrt,,55
p3985,3520.998,BATCH_PIPELINE,op1,,1,const,,55
p3985,,,op2,op1,20,linear7,,30
p3985,,,op3,op2,40,linear7,,20
p3985,,,op4,op3,15,linear3,,37.5
p3985,,,op5,op4,15,linear3,,37.5
p3985,,,op6,op5,5,linear3,,45
p3985,,,op7,op6,40,linear7,,20
p3985,,,op8,op7,40,linear7,,20
p3985,,,op9,op8,80,squared,,10
p3985,,,op10,op9,15,linear3,,37.5
p3985,,,op11,op10,80,squared,,10
p3986,3520.998,BATCH_PIPELINE,op1,,1,const,,55
p3986,,,op2,op1,1,const,,55
p3986,,,op3,op1,80,squared,,10
p3986,,,op4,op1,20,linear7,,30
p3986,,,op5,op1,20,linear7,,30
p3986,,,op6,op1,5,linear3,,45
p3986,,,op7,op1,2,sqrt,,55
p3986,,,op8,op1,2,sqrt,,55
p3986,,,op9,op1,15,linear3,,37.5
p3986,,,op10,op1,5,linear3,,45
p3986,,,op11,op1,1,const,,55
p3986,,,op12,op1,80,squared,,10
p3987,3520.998,QUERY,op1,,15,linear3,,35
p3988,3520.998,BATCH_PIPELINE,op1,,1,const,,55
p3988,,,op2,op1,40,linear7,,20
p3988,,,op3,op2,20,linear7,,30
p3988,,,op4,op3,5,linear3,,45
p3988,,,op5,op4,20,linear7,,30
p3988,,,op6,op5,20,linear7,,30
p3989,3520.998,BATCH_PIPELINE,op1,,1,const,,55
p3989,,,op2,op1,5,linear3,,45
p3989,,,op3,op2,15,linear3,,37.5
p3989,,,op4,op3,80,squared,,10
p3989,,,op5,op4,40,linear7,,20
p3990,3520.998,BATCH_PIPELINE,op1,,1,const,,55
p3990,,,op2,op1,20,linear7,,30
p3990,,,op3,op2,2,sqrt,,55
p3990,,,op4,op3,5,linear3,,45
p3990,,,op5,op4,40,linear7,,20
p3990,,,op6,op5,2,sqrt,,55
p3990,,,op7,op6,15,linear3,,37.5
p3990,,,op8,op7,20,linear7,,30
p3990,,,op9,op8,2,sqrt,,55
p3990,,,op10,op9,1,const,,55
p3990,,,op11,op10,40,linear7,,20
p3991,3536.4410000000003,INTERACTIVE,op1,,1,const,,55
p3991,,,op2,,80,squared,,10
p3991,,,op3,,5,linear3,,45
p3991,,,op4,,40,linear7,,20
p3991,,,op5,,20,linear7,,30
p3991,,,op6,,20,linear7,,30
p3991,,,op7,,20,linear7,,30
p3991,,,op8,,20,linear7,,30
p3991,,,op9,op1;op2;op3;op4;op5;op6;op7;op8,20,linear7,,30
p3992,3536.4410000000003,BATCH_PIPELINE,op1,,1,const,,55
p3992,,,op2,op1,80,squared,,10
p3992,,,op3,op2,15,linear3,,37.5
p3992,,,op4,op3,5,linear3,,45
p3992,,,op5,op4,40,linear7,,20
p3992,,,op6,op5,20,linear7,,30
p3993,3536.4410000000003,BATCH_PIPELINE,op1,,1,const,,55
p3993,,,op2,op1,20,linear7,,30
p3993,,,op3,op2,15,linear3,,37.5
p3993,,,op4,op3,20,linear7,,30
p3993,,,op5,op4,1,const,,55
p3993,,,op6,op5,2,sqrt,,55
p3993,,,op7,op6,20,linear7,,30
p3993,,,op8,op7,80,squared,,10
p3993,,,op9,op8,15,linear3,,37.5
p3994,3536.4410000000003,BATCH_PIPELINE,op1,,1,const,,55
p3994,,,op2,op1,40,linear7,,20
p3994,,,op3,op1,15,linear3,,37.5
p3994,,,op4,op1,40,linear7,,20
p3994,,,op5,op1,5,linear3,,45
p3994,,,op6,op1,40,linear7,,20
p3994,,,op7,op1,1,const,,55
p3994,,,op8,op1,15,linear3,,37.5
p3995,3536.4410000000003,BATCH_PIPELINE,op1,,1,const,,55
p3995,,,op2,op1,15,linear3,,37.5
p3995,,,op3,op2,40,linear7,,20
p3995,,,op4,op3,20,linear7,,30
p3995,,,op5,op4,15,linear3,,37.5
p3995,,,op6,op5,20,linear7,,30
p3995,,,op7,op6,1,const,,55
p3996,3536.4410000000003,BATCH_PIPELINE,op1,,1,const,,55
p3996,,,op2,op1,20,linear7,,30
p3996,,,op3,op2,40,linear7,,20
p3996,,,op4,op3,15,linear3,,37.5
p3996,,,op5,op4,2,sqrt,,55
p3997,3536.4410000000003,BATCH_PIPELINE,op1,,1,const,,55
p3997,,,op2,op1,1,const,,55
p3997,,,op3,op2,15,linear3,,37.5
p3997,,,op4,op3,5,linear3,,45
p3998,3536.4410000000003,BATCH_PIPELINE,op1,,1,const,,55
p3998,,,op2,op1,20,linear7,,30
p3998,,,op3,op2,1,const,,55
p3998,,,op4,op3,20,linear7,,30
p3998,,,op5,op4,2,sqrt,,55
p3998,,,op6,op5,1,const,,55
p3999,3536.4410000000003,BATCH_PIPELINE,op1,,1,const,,55
p3999,,,op2,op1,5,linear3,,45
p3999,,,op3,op1,5,linear3,,45
p3999,,,op4,op1,2,sqrt,,55
p3999,,,op5,op1,2,sqrt,,55
p3999,,,op6,op1,20,linear7,,30
p3999,,,op7,op1,80,squared,,10
p3999,,,op8,op1,5,linear3,,45
p3999,,,op9,op1,40,linear7,,20
p3999,,,op10,op1,15,linear3,,37.5
p4000,3536.4410000000003,BATCH_PIPELINE,op1,,1,const,,55
p4000,,,op2,op1,80,squared,,10
p4000,,,op3,op2,80,squared,,10
p4000,,,op4,op3,15,linear3,,37.5
p4000,,,op5,op4,40,linear7,,20
p4000,,,op6,op5,5,linear3,,45
p4000,,,op7,op6,40,linear7,,20
p4001,3545.667,BATCH_PIPELINE,op1,,1,const,,55
p4001,,,op2,op1,2,sqrt,,55
p4001,,,op3,op2,5,linear3,,45
p4001,,,op4,op3,20,linear7,,30
p4001,,,op5,op4,20,linear7,,30
p4001,,,op6,op5,15,linear3,,37.5
p4001,,,op7,op6,5,linear3,,45
p4001,,,op8,op7,15,linear3,,37.5
p4001,,,op9,op8,5,linear3,,45
p4001,,,op10,op9,5,linear3,,45
p4002,3545.667,BATCH_PIPELINE,op1,,1,const,,55
p4002,,,op2,op1,15,linear3,,37.5
p4002,,,op3,op2,1,const,,55
p4002,,,op4,op3,1,const,,55
p4002,,,op5,op4,15,linear3,,37.5
p4002,,,op6,op5,1,const,,55
p4002,,,op7,op6,80,squared,,10
p4003,3545.667,BATCH_PIPELINE,op1,,1,const,,55
p4003,,,op2,op1,5,linear3,,45
p4003,,,op3,op2,20,linear7,,30
p4003,,,op4,op3,5,linear3,,45
p4003,,,op5,op4,15,linear3,,37.5
p4003,,,op6,op5,40,linear7,,20
p4003,,,op7,op6,2,sqrt,,55
p4004,3545.667,BATCH_PIPELINE,op1,,1,const,,55
p4004,,,op2,op1,5,linear3,,45
p4004,,,op3,op2,15,linear3,,37.5
p4005,3545.667,BATCH_PIPELINE,op1,,1,const,,55
p4005,,,op2,op1,20,linear7,,30
p4005,,,op3,op2,20,linear7,,30
p4005,,,op4,op3,2,sqrt,,55
p4005,,,op5,op4,20,linear7,,30
p4005,,,op6,op5,20,linear7,,30
p4006,3545.667,BATCH_PIPELINE,op1,,1,const,,55
p4006,,,op2,op1,15,linear3,,37.5
p4006,,,op3,op1,15,linear3,,37.5
p4006,,,op4,op1,5,linear3,,45
p4006,,,op5,op1,20,linear7,,30
p4007,3545.667,BATCH_PIPELINE,op1,,1,const,,55
p4007,,,op2,op1,80,squared,,10
p4007,,,op3,op2,15,linear3,,37.5
p4007,,,op4,op3,1,const,,55
p4007,,,op5,op4,5,linear3,,45
p4007,,,op6,op5,2,sqrt,,55
p4008,3545.667,BATCH_PIPELINE,op1,,1,const,,55
p4008,,,op2,,80,squared,,10
p4008,,,op3,,15,linear3,,37.5
p4008,,,op4,,5,linear3,,45
p4008,,,op5,,1,const,,55
p4008,,,op6,,2,sqrt,,55
p4008,,,op7,,1,const,,55
p4008,,,op8,op1;op2;op3;op4;op5;op6;op7,5,linear3,,45
p4009,3545.667,BATCH_PIPELINE,op1,,1,const,,55
p4009,,,op2,op1,20,linear7,,30
p4009,,,op3,op1,20,linear7,,30
p4009,,,op4,op1,20,linear7,,30
p4009,,,op5,op1,20,linear7,,30
p4009,,,op6,op1,80,squared,,10
p4009,,,op7,op1,2,sqrt,,55
p4009,,,op8,op1,20,linear7,,30
p4009,,,op9,op1,15,linear3,,37.5
p4010,3545.667,BATCH_PIPELINE,op1,,1,const,,55
p4010,,,op2,,1,const,,55
p4010,,,op3,,2,sqrt,,55
p4010,,,op4,,5,linear3,,45
p4010,,,op5,,15,linear3,,37.5
p4010,,,op6,,15,linear3,,37.5
p4010,,,op7,,2,sqrt,,55
p4010,,,op8,op1;op2;op3;op4;op5;op6;op7,2,sqrt,,55
p4011,3553.193,BATCH_PIPELINE,op1,,1,const,,55
p4011,,,op2,op1,20,linear7,,30
p4011,,,op3,op2,15,linear3,,37.5
p4011,,,op4,op3,80,squared,,10
p4011,,,op5,op4,20,linear7,,30
p4011,,,op6,op5,20,linear7,,30
p4011,,,op7,op6,15,linear3,,37.5
p4012,3553.193,BATCH_PIPELINE,op1,,1,const,,55
p4012,,,op2,op1,80,squared,,10
p4012,,,op3,op2,15,linear3,,37.5
p4012,,,op4,op3,1,const,,55
p4012,,,op5,op4,20,linear7,,30
p4012,,,op6,op5,20,linear7,,30
p4012,,,op7,op6,15,linear3,,37.5
p4013,3553.193,BATCH_PIPELINE,op1,,1,const,,55
p4013,,,op2,op1,5,linear3,,45
p4013,,,op3,op2,40,linear7,,20
p4013,,,op4,op3,1,const,,55
p4013,,,op5,op4,15,linear3,,37.5
p4013,,,op6,op5,5,linear3,,45
p4013,,,op7,op6,80,squared,,10
p4013,,,op8,op7,15,linear3,,37.5
p4013,,,op9,op8,2,sqrt,,55
p4013,,,op10,op9,40,linear7,,20
p4014,3553.193,INTERACTIVE,op1,,1,const,,55
p4014,,,op2,op1,5,linear3,,45
p4014,,,op3,op2,15,linear3,,37.5
p4014,,,op4,op3,40,linear7,,20
p4014,,,op5,op4,80,squared,,10
p4014,,,op6,op5,1,const,,55
p4014,,,op7,op6,20,linear7,,30
p4014,,,op8,op7,80,squared,,10
p4014,,,op9,op8,5,linear3,,45
p4015,3553.193,BATCH_PIPELINE,op1,,1,const,,55
p4015,,,op2,op1,20,linear7,,30
p4015,,,op3,op2,5,linear3,,45
p4015,,,op4,op3,2,sqrt,,55
p4015,,,op5,op4,40,linear7,,20
p4015,,,op6,op5,2,sqrt,,55
p4015,,,op7,op6,1,const,,55
p4015,,,op8,op7,1,const,,55
p4016,3553.193,BATCH_PIPELINE,op1,,1,const,,55
p4016,,,op2,op1,80,squared,,10
p4016,,,op3,op2,40,linear7,,20
p4016,,,op4,op3,15,linear3,,37.5
p4016,,,op5,op4,1,const,,55
p4016,,,op6,op5,1,const,,55
p4016,,,op7,op6,2,sqrt,,55
p4016,,,op8,op7,80,squared,,10
p4016,,,op9,op8,5,linear3,,45
p4016,,,op10,op9,2,sqrt,,55
p4017,3553.193,BATCH_PIPELINE,op1,,1,const,,55
p4017,,,op2,op1,2,sqrt,,55
p4017,,,op3,op2,80,squared,,10
p4017,,,op4,op3,2,sqrt,,55
p4017,,,op5,op4,80,squared,,10
p4018,3553.193,BATCH_PIPELINE,op1,,1,const,,55
p4018,,,op2,,15,linear3,,37.5
p4018,,,op3,,15,linear3,,37.5
p4018,,,op4,,20,linear7,,30
p4018,,,op5,,20,linear7,,30
p4018,,,op6,,5,linear3,,45
p4018,,,op7,,2,sqrt,,55
p4018,,,op8,op1;op2;op3;op4;op5;op6;op7,5,linear3,,45
p4019,3553.193,BATCH_PIPELINE,op1,,1,const,,55
p4019,,,op2,op1,1,const,,55
p4019,,,op3,op2,2,sqrt,,55
p4019,,,op4,op3,20,linear7,,30
p4019,,,op5,op4,1,const,,55
p4019,,,op6,op5,40,linear7,,20
p4019,,,op7,op6,5,linear3,,45
p4020,3553.193,BATCH_PIPELINE,op1,,1,const,,55
p4020,,,op2,op1,5,linear3,,45
p4020,,,op3,op2,80,squared,,10
p4020,,,op4,op3,40,linear7,,20
p4020,,,op5,op4,40,linear7,,20
p4020,,,op6,op5,40,linear7,,20
p4020,,,op7,op6,2,sqrt,,55
p4020,,,op8,op7,15,linear3,,37.5
p4020,,,op9,op8,2,sqrt,,55
p4020,,,op10,op9,1,const,,55
p4021,3562.562,BATCH_PIPELINE,op1,,1,const,,55
p4021,,,op2,op1,1,const,,55
p4021,,,op3,op2,80,squared,,10
p4021,,,op4,op3,15,linear3,,37.5
p4021,,,op5,op4,1,const,,55
p4021,,,op6,op5,15,linear3,,37.5
p4021,,,op7,op6,80,squared,,10
p4022,3562.562,BATCH_PIPELINE,op1,,1,const,,55
p4022,,,op2,op1,2,sqrt,,55
p4022,,,op3,op2,2,sqrt,,55
p4022,,,op4,op3,2,sqrt,,55
p4022,,,op5,op4,1,const,,55
p4022,,,op6,op5,5,linear3,,45
p4023,3562.562,BATCH_PIPELINE,op1,,1,const,,55
p4023,,,op2,op1,80,squared,,10
p4023,,,op3,op1,80,squared,,10
p4023,,,op4,op1,15,linear3,,37.5
p4023,,,op5,op1,20,linear7,,30
p4023,,,op6,op1,5,linear3,,45
p4023,,,op7,op1,5,linear3,,45
p4024,3562.562,INTERACTIVE,op1,,1,const,,55
p4024,,,op2,op1,2,sqrt,,55
p4024,,,op3,op2,15,linear3,,37.5
p4024,,,op4,op3,5,linear3,,45
p4024,,,op5,op4,20,linear7,,30
p4024,,,op6,op5,20,linear7,,30
p4024,,,op7,op6,20,linear7,,30
p4024,,,op8,op7,80,squared,,10
p4025,3562.562,BATCH_PIPELINE,op1,,1,const,,55
p4025,,,op2,,80,squared,,10
p4025,,,op3,,1,const,,55
p4025,,,op4,,15,linear3,,37.5
p4025,,,op5,,5,linear3,,45
p4025,,,op6,op1;op2;op3;op4;op5,20,linear7,,30
p4026,3562.562,BATCH_PIPELINE,op1,,1,const,,55
p4026,,,op2,op1,2,sqrt,,55
p4026,,,op3,op2,20,linear7,,30
p4026,,,op4,op3,40,linear7,,20
p4026,,,op5,op4,15,linear3,,37.5
p4026,,,op6,op5,5,linear3,,45
p4026,,,op7,op6,5,linear3,,45
p4026,,,op8,op7,20,linear7,,30
p4027,3562.562,QUERY,op1,,15,linear3,,35
p4028,3562.562,BATCH_PIPELINE,op1,,1,const,,55
p4028,,,op2,op1,20,linear7,,30
p4028,,,op3,op2,1,const,,55
p4028,,,op4,op3,15,linear3,,37.5
p4028,,,op5,op4,15,linear3,,37.5
p4028,,,op6,op5,1,const,,55
p4028,,,op7,op6,15,linear3,,37.5
p4028,,,op8,op7,1,const,,55
p4028,,,op9,op8,15,linear3,,37.5
p4029,3562.562,BATCH_PIPELINE,op1,,1,const,,55
p4029,,,op2,op1,2,sqrt,,55
p4029,,,op3,op2,40,linear7,,20
p4029,,,op4,op3,20,linear7,,30
p4029,,,op5,op4,80,squared,,10
p4030,3562.562,BATCH_PIPELINE,op1,,1,const,,55
p4030,,,op2,op1,5,linear3,,45
p4030,,,op3,op1,5,linear3,,45
p4030,,,op4,op1,15,linear3,,37.5
p4030,,,op5,op1,20,linear7,,30
p4030,,,op6,op1,1,const,,55
p4031,3570.275,INTERACTIVE,op1,,1,const,,55
p4031,,,op2,op1,40,linear7,,20
p4031,,,op3,op2,5,linear3,,45
p4031,,,op4,op3,15,linear3,,37.5
p4031,,,op5,op4,1,const,,55
p4031,,,op6,op5,2,sqrt,,55
p4031,,,op7,op6,20,linear7,,30
p4032,3570.275,BATCH_PIPELINE,op1,,1,const,,55
p4032,,,op2,op1,2,sqrt,,55
p4032,,,op3,op2,1,const,,55
p4032,,,op4,op3,2,sqrt,,55
p4032,,,op5,op4,2,sqrt,,55
p4032,,,op6,op5,1,const,,55
p4032,,,op7,op6,1,const,,55
p4032,,,op8,op7,5,linear3,,45
p4032,,,op9,op8,20,linear7,,30
p4032,,,op10,op9,2,sqrt,,55
p4033,3570.275,BATCH_PIPELINE,op1,,1,const,,55
p4033,,,op2,op1,2,sqrt,,55
p4033,,,op3,op2,15,linear3,,37.5
p4033,,,op4,op3,15,linear3,,37.5
p4033,,,op5,op4,40,linear7,,20
p4033,,,op6,op5,20,linear7,,30
p4033,,,op7,op6,15,linear3,,37.5
p4034,3570.275,BATCH_PIPELINE,op1,,1,const,,55
p4034,,,op2,op1,2,sqrt,,55
p4034,,,op3,op2,15,linear3,,37.5
p4034,,,op4,op3,15,linear3,,37.5
p4034,,,op5,op4,15,linear3,,37.5
p4034,,,op6,op5,40,linear7,,20
p4035,3570.275,BATCH_PIPELINE,op1,,1,const,,55
p4035,,,op2,op1,20,linear7,,30
p4035,,,op3,op2,40,linear7,,20
p4035,,,op4,op3,5,linear3,,45
p4035,,,op5,op4,5,linear3,,45
p4036,3570.275,BATCH_PIPELINE,op1,,1,const,,55
p4036,,,op2,op1,1,const,,55
p4036,,,op3,op2,80,squared,,10
p4036,,,op4,op3,1,const,,55
p4036,,,op5,op4,5,linear3,,45
p4036,,,op6,op5,20,linear7,,30
p4036,,,op7,op6,1,const,,55
p4036,,,op8,op7,2,sqrt,,55
p4037,3570.275,BATCH_PIPELINE,op1,,1,const,,55
p4037,,,op2,op1,2,sqrt,,55
p4037,,,op3,op2,20,linear7,,30
p4037,,,op4,op3,15,linear3,,37.5
p4037,,,op5,op4,5,linear3,,45
p4037,,,op6,op5,1,const,,55
p4037,,,op7,op6,80,squared,,10
p4037,,,op8,op7,1,const,,55
p4037,,,op9,op8,15,linear3,,37.5
p4037,,,op10,op9,2,sqrt,,55
p4037,,,op11,op10,40,linear7,,20
p4038,3570.275,BATCH_PIPELINE,op1,,1,const,,55
p4038,,,op2,op1,5,linear3,,45
p4038,,,op3,op1,1,const,,55
p4038,,,op4,op1,15,linear3,,37.5
p4038,,,op5,op1,20,linear7,,30
p4038,,,op6,op1,5,linear3,,45
p4039,3570.275,BATCH_PIPELINE,op1,,1,const,,55
p4039,,,op2,op1,40,linear7,,20
p4039,,,op3,op1,1,const,,55
p4039,,,op4,op1,20,linear7,,30
p4039,,,op5,op1,15,linear3,,37.5
p4039,,,op6,op1,1,const,,55
p4039,,,op7,op1,2,sqrt,,55
p4039,,,op8,op1,5,linear3,,45
p4039,,,op9,op1,1,const,,55
p4039,,,op10,op1,2,sqrt,,55
p4039,,,op11,op1,5,linear3,,45
p4040,3570.275,BATCH_PIPELINE,op1,,1,const,,55
p4040,,,op2,op1,40,linear7,,20
p4040,,,op3,op1,1,const,,55
p4040,,,op4,op1,15,linear3,,37.5
p4040,,,op5,op1,15,linear3,,37.5
p4040,,,op6,op1,20,linear7,,30
p4041,3578.147,BATCH_PIPELINE,op1,,1,const,,55
p4041,,,op2,op1,1,const,,55
p4041,,,op3,op2,15,linear3,,37.5
p4041,,,op4,op3,2,sqrt,,55
p4041,,,op5,op4,40,linear7,,20
p4041,,,op6,op5,5,linear3,,45
p4041,,,op7,op6,40,linear7,,20
p4041,,,op8,op7,20,linear7,,30
p4041,,,op9,op8,5,linear3,,45
p4041,,,op10,op9,40,linear7,,20
p4041,,,op11,op10,2,sqrt,,55
p4042,3578.147,BATCH_PIPELINE,op1,,1,const,,55
p4042,,,op2,op1,2,sqrt,,55
p4042,,,op3,op2,1,const,,55
p4042,,,op4,op3,15,linear3,,37.5
p4042,,,op5,op4,2,sqrt,,55
p4042,,,op6,op5,15,linear3,,37.5
p4042,,,op7,op6,5,linear3,,45
p4042,,,op8,op7,2,sqrt,,55
p4042,,,op9,op8,5,linear3,,45
p4043,3578.147,BATCH_PIPELINE,op1,,1,const,,55
p4043,,,op2,,80,squared,,10
p4043,,,op3,,15,linear3,,37.5
p4043,,,op4,,2,sqrt,,55
p4043,,,op5,,5,linear3,,45
p4043,,,op6,,20,linear7,,30
p4043,,,op7,,40,linear7,,20
p4043,,,op8,,40,linear7,,20
p4043,,,op9,op1;op2;op3;op4;op5;op6;op7;op8,2,sqrt,,55
p4044,3578.147,BATCH_PIPELINE,op1,,1,const,,55
p4044,,,op2,op1,5,linear3,,45
p4044,,,op3,op2,40,linear7,,20
p4044,,,op4,op3,20,linear7,,30
p4044,,,op5,op4,1,const,,55
p4044,,,op6,op5,1,const,,55
p4044,,,op7,op6,1,const,,55
p4045,3578.147,BATCH_PIPELINE,op1,,1,const,,55
p4045,,,op2,op1,5,linear3,,45
p4045,,,op3,op2,80,squared,,10
p4045,,,op4,op3,80,squared,,10
p4045,,,op5,op4,80,squared,,10
p4045,,,op6,op5,1,const,,55
p4045,,,op7,op6,80,squared,,10
p4045,,,op8,op7,15,linear3,,37.5
p4046,3578.147,BATCH_PIPELINE,op1,,1,const,,55
p4046,,,op2,op1,1,const,,55
p4046,,,op3,op2,2,sqrt,,55
p4046,,,op4,op3,5,linear3,,45
p4046,,,op5,op4,1,const,,55
p4046,,,op6,op5,40,linear7,,20
p4046,,,op7,op6,80,squared,,10
p4046,,,op8,op7,15,linear3,,37.5
p4046,,,op9,op8,15,linear3,,37.5
p4046,,,op10,op9,15,linear3,,37.5
p4047,3578.147,BATCH_PIPELINE,op1,,1,const,,55
p4047,,,op2,,20,linear7,,30
p4047,,,op3,,15,linear3,,37.5
p4047,,,op4,,2,sqrt,,55
p4047,,,op5,,5,linear3,,45
p4047,,,op6,,80,squared,,10
p4047,,,op7,,1,const,,55
p4047,,,op8,,5,linear3,,45
p4047,,,op9,,80,squared,,10
p4047,,,op10,op1;op2;op3;op4;op5;op6;op7;op8;op9,1,const,,55
p4048,3578.147,BATCH_PIPELINE,op1,,1,const,,55
p4048,,,op2,,15,linear3,,37.5
p4048,,,op3,,2,sqrt,,55
p4048,,,op4,,20,linear7,,30
p4048,,,op5,,5,linear3,,45
p4048,,,op6,,20,linear7,,30
p4048,,,op7,,40,linear7,,20
p4048,,,op8,op1;op2;op3;op4;op5;op6;op7,1,const,,55
p4049,3578.147,BATCH_PIPELINE,op1,,1,const,,55
p4049,,,op2,op1,20,linear7,,30
p4049,,,op3,op2,80,squared,,10
p4049,,,op4,op3,15,linear3,,37.5
p4049,,,op5,op4,5,linear3,,45
p4049,,,op6,op5,5,linear3,,45
p4049,,,op7,op6,2,sqrt,,55
p4050,3578.147,BATCH_PIPELINE,op1,,1,const,,55
p4050,,,op2,,5,linear3,,45
p4050,,,op3,,1,const,,55
p4050,,,op4,,80,squared,,10
p4050,,,op5,op1;op2;op3;op4,1,const,,55
p4051,3586.964,BATCH_PIPELINE,op1,,1,const,,55
p4051,,,op2,op1,2,sqrt,,55
p4051,,,op3,op2,5,linear3,,45
p4052,3586.964,INTERACTIVE,op1,,1,const,,55
p4052,,,op2,op1,15,linear3,,37.5
p4052,,,op3,op2,80,squared,,10
p4052,,,op4,op3,20,linear7,,30
p4052,,,op5,op4,2,sqrt,,55
p4052,,,op6,op5,5,linear3,,45
p4052,,,op7,op6,2,sqrt,,55
p4052,,,op8,op7,5,linear3,,45
p4053,3586.964,INTERACTIVE,op1,,1,const,,55
p4053,,,op2,,20,linear7,,30
p4053,,,op3,,5,linear3,,45
p4053,,,op4,,20,linear7,,30
p4053,,,op5,,15,linear3,,37.5
p4053,,,op6,,80,squared,,10
p4053,,,op7,op1;op2;op3;op4;op5;op6,2,sqrt,,55
p4054,3586.964,BATCH_PIPELINE,op1,,1,const,,55
p4054,,,op2,op1,5,linear3,,45
p4054,,,op3,op2,20,linear7,,30
p4054,,,op4,op3,1,const,,55
p4054,,,op5,op4,15,linear3,,37.5
p4054,,,op6,op5,1,const,,55
p4054,,,op7,op6,1,const,,55
p4054,,,op8,op7,2,sqrt,,55
p4054,,,op9,op8,5,linear3,,45
p4055,3586.964,BATCH_PIPELINE,op1,,1,const,,55
p4055,,,op2,,5,linear3,,45
p4055,,,op3,,1,const,,55
p4055,,,op4,,15,linear3,,37.5
p4055,,,op5,,80,squared,,10
p4055,,,op6,,2,sqrt,,55
p4055,,,op7,,5,linear3,,45
p4055,,,op8,,2,sqrt,,55
p4055,,,op9,,40,linear7,,20
p4055,,,op10,op1;op2;op3;op4;op5;op6;op7;op8;op9,40,linear7,,20
p4056,3586.964,BATCH_PIPELINE,op1,,1,const,,55
p4056,,,op2,,5,linear3,,45
p4056,,,op3,,40,linear7,,20
p4056,,,op4,,15,linear3,,37.5
p4056,,,op5,,40,linear7,,20
p4056,,,op6,op1;op2;op3;op4;op5,2,sqrt,,55
p4057,3586.964,BATCH_PIPELINE,op1,,1,const,,55
p4057,,,op2,op1,20,linear7,,30
p4057,,,op3,op2,2,sqrt,,55
p4057,,,op4,op3,1,const,,55
p4057,,,op5,op4,15,linear3,,37.5
p4057,,,op6,op5,1,const,,55
p4057,,,op7,op6,5,linear3,,45
p4057,,,op8,op7,40,linear7,,20
p4057,,,op9,op8,20,linear7,,30
p4057,,,op10,op9,15,linear3,,37.5
p4057,,,op11,op10,80,squared,,10
p4057,,,op12,op11,15,linear3,,37.5
p4057,,,op13,op12,1,const,,55
p4058,3586.964,BATCH_PIPELINE,op1,,1,const,,55
p4058,,,op2,,5,linear3,,45
p4058,,,op3,,80,squared,,10
p4058,,,op4,,40,linear7,,20
p4058,,,op5,op1;op2;op3;op4,5,linear3,,45
p4059,3586.964,BATCH_PIPELINE,op1,,1,const,,55
p4059,,,op2,op1,1,const,,55
p4059,,,op3,op2,15,linear3,,37.5
p4059,,,op4,op3,1,const,,55
p4059,,,op5,op4,5,linear3,,45
p4059,,,op6,op5,1,const,,55
p4059,,,op7,op6,20,linear7,,30
p4059,,,op8,op7,2,sqrt,,55
p4060,3586.964,BATCH_PIPELINE,op1,,1,const,,55
p4060,,,op2,op1,1,const,,55
p4060,,,op3,op2,15,linear3,,37.5
p4060,,,op4,op3,20,linear7,,30
p4060,,,op5,op4,40,linear7,,20
p4060,,,op6,op5,20,linear7,,30
p4061,3596.867,BATCH_PIPELINE,op1,,1,const,,55
p4061,,,op2,,1,const,,55
p4061,,,op3,,5,linear3,,45
p4061,,,op4,,1,const,,55
p4061,,,op5,,15,linear3,,37.5
p4061,,,op6,,80,squared,,10
p4061,,,op7,,20,linear7,,30
p4061,,,op8,,2,sqrt,,55
p4061,,,op9,op1;op2;op3;op4;op5;op6;op7;op8,20,linear7,,30
p4062,3596.867,BATCH_PIPELINE,op1,,1,const,,55
p4062,,,op2,op1,40,linear7,,20
p4062,,,op3,op2,1,const,,55
p4062,,,op4,op3,5,linear3,,45
p4062,,,op5,op4,40,linear7,,20
p4062,,,op6,op5,5,linear3,,45
p4062,,,op7,op6,15,linear3,,37.5
p4062,,,op8,op7,15,linear3,,37.5
p4063,3596.867,BATCH_PIPELINE,op1,,1,const,,55
p4063,,,op2,op1,15,linear3,,37.5
p4063,,,op3,op1,2,sqrt,,55
p4063,,,op4,op1,1,const,,55
p4063,,,op5,op1,40,linear7,,20
p4063,,,op6,op1,40,linear7,,20
p4063,,,op7,op1,15,linear3,,37.5
p4063,,,op8,op1,15,linear3,,37.5
p4064,3596.867,BATCH_PIPELINE,op1,,1,const,,55
p4064,,,op2,op1,1,const,,55
p4064,,,op3,op2,15,linear3,,37.5
p4065,3596.867,INTERACTIVE,op1,,1,const,,55
p4065,,,op2,op1,2,sqrt,,55
p4065,,,op3,op1,15,linear3,,37.5
p4065,,,op4,op1,15,linear3,,37.5
p4065,,,op5,op1,2,sqrt,,55
p4065,,,op6,op1,40,linear7,,20
p4066,3596.867,BATCH_PIPELINE,op1,,1,const,,55
p4066,,,op2,op1,5,linear3,,45
p4066,,,op3,op2,5,linear3,,45
p4066,,,op4,op3,5,linear3,,45
p4066,,,op5,op4,40,linear7,,20
p4066,,,op6,op5,40,linear7,,20
p4066,,,op7,op6,1,const,,55
p4066,,,op8,op7,15,linear3,,37.5
p4066,,,op9,op8,40,linear7,,20
p4066,,,op10,op9,5,linear3,,45
p4067,3596.867,BATCH_PIPELINE,op1,,1,const,,55
p4067,,,op2,op1,20,linear7,,30
p4067,,,op3,op1,15,linear3,,37.5
p4067,,,op4,op1,15,linear3,,37.5
p4067,,,op5,op1,5,linear3,,45
p4067,,,op6,op1,1,const,,55
p4067,,,op7,op1,1,const,,55
p4067,,,op8,op1,20,linear7,,30
p4067,,,op9,op1,15,linear3,,37.5
p4068,3596.867,BATCH_PIPELINE,op1,,1,const,,55
p4068,,,op2,,15,linear3,,37.5
p4068,,,op3,,40,linear7,,20
p4068,,,op4,,20,linear7,,30
p4068,,,op5,,2,sqrt,,55
p4068,,,op6,op1;op2;op3;op4;op5,20,linear7,,30
p4069,3596.867,BATCH_PIPELINE,op1,,1,const,,55
p4069,,,op2,op1,5,linear3,,45
p4070,3596.867,BATCH_PIPELINE,op1,,1,const,,55
p4070,,,op2,op1,5,linear3,,45
p4070,,,op3,op2,15,linear3,,37.5
p4070,,,op4,op3,15,linear3,,37.5
p4070,,,op5,op4,20,linear7,,30
p4070,,,op6,op5,5,linear3,,45
